date,assets_total,factor_count,factor_coverage,valid_pairs,ic,rank_ic,factor_mean,factor_std,factor_min,factor_max
2023-01-03,1000,904,0.904,904,0.18416103190129582,0.14240926983919183,-8.645984616549892e-17,0.9999999999999993,-4.174731597302333,2.4142915369695896
2023-01-04,1000,905,0.905,905,0.1704576208417316,0.14828287258345477,-6.673605805481604e-17,1.0,-4.044925252116549,2.456272233509021
2023-01-05,1000,906,0.906,906,0.1786356673645642,0.15168284723024067,7.842635052539737e-18,0.9999999999999996,-3.989464768391394,2.427749572308907
2023-01-06,1000,906,0.906,905,0.23378622151885875,0.2151373466779332,-3.921317526269869e-17,0.9999999999999999,-3.7564400888463116,2.3530345195830713
2023-01-09,1000,905,0.905,905,0.21321422147751792,0.20753815189995267,-7.851300947625416e-17,1.0000000000000009,-3.5412784348032846,2.2923533959937634
2023-01-10,1000,905,0.905,905,0.262330442991049,0.2482734957638645,1.1776951421438125e-17,1.0,-3.4360309306974566,2.2679047979394302
2023-01-11,1000,903,0.903,902,0.2448999821651236,0.23020174096088358,-2.7540416114732565e-17,0.9999999999999999,-3.351809114417856,2.184823176610358
2023-01-12,1000,902,0.902,902,0.28366240594663583,0.27747252907849523,-1.1816120882928495e-17,0.9999999999999994,-3.6416531763253315,2.107311911147772
2023-01-13,1000,902,0.902,902,0.2801853576963367,0.27660990001042346,-1.575482784390466e-17,0.9999999999999994,-3.5839674672014654,2.118657935970041
2023-01-16,1000,905,0.905,905,0.24916748133671146,0.24726489901353968,-1.962825236906354e-17,1.0000000000000007,-3.3436556414336747,2.208731887960529
2023-01-17,1000,906,0.906,906,0.25472769266295614,0.2649596905364012,-2.352790515761921e-17,1.0000000000000007,-3.31163177355142,2.2824936309352033
2023-01-18,1000,909,0.909,909,0.23056198315407864,0.2473969453862662,-5.471726237976569e-17,1.0,-3.4403800900630404,2.314785158759524
2023-01-19,1000,907,0.907,907,0.19861475567161196,0.22517147433117773,-7.833988266373762e-18,0.9999999999999996,-3.5248241730375196,2.309002563380381
2023-01-20,1000,912,0.912,912,0.23905643245570268,0.25563231574588763,7.791038769299344e-18,1.0000000000000009,-3.643968551243738,2.279038616677232
2023-01-30,1000,913,0.913,913,0.24126660914712975,0.24462172258199763,1.556501064096605e-17,0.9999999999999994,-3.4240420333850587,2.288630579365269
2023-01-31,1000,914,0.914,914,0.2474693176738367,0.24684704662567813,-7.773990544421227e-18,0.9999999999999993,-3.404799376436919,2.3710895222243686
2023-02-01,1000,916,0.916,916,0.25226931900565897,0.24699771662854392,1.9392541914849895e-17,1.0000000000000004,-3.5556787182359515,2.3753564170959836
2023-02-02,1000,917,0.917,917,0.27056437679051615,0.2672631574164298,0.0,1.0,-3.575744994625046,2.309625715598278
2023-02-03,1000,919,0.919,918,0.30412500685217997,0.30696401361075126,7.731694621981504e-18,0.9999999999999988,-3.7988985060708433,2.279487624746211
2023-02-06,1000,918,0.918,917,0.2816020160747202,0.3017858506504201,7.74011694727778e-18,1.0000000000000002,-3.676292162686398,2.2487513791827993
2023-02-07,1000,919,0.919,918,0.26707522758720625,0.2827212614086191,1.5463389243963008e-17,0.9999999999999989,-3.693712639910531,2.244025130917811
2023-02-08,1000,919,0.919,918,0.25546500044009,0.282851905208478,7.731694621981504e-18,1.0,-3.5834037833041634,2.2104988880046683
2023-02-09,1000,921,0.921,920,0.26564453502915775,0.3057132908521578,-2.7002166939851798e-17,1.0,-3.5227590644937052,2.145009221802843
2023-02-10,1000,921,0.921,921,0.22784015156357124,0.27044103072681874,1.5429809679915314e-17,0.9999999999999996,-3.9748847434149632,2.177063653529735
2023-02-13,1000,920,0.92,920,0.199224667887351,0.2583918122177583,7.723290606088046e-18,1.0000000000000002,-3.980317294393844,2.2046128630065316
2023-02-14,1000,921,0.921,921,0.18981202116228793,0.2569725303240004,0.0,1.0000000000000002,-3.7038487923212187,2.1891936347003873
2023-02-15,1000,922,0.922,922,0.22723055690051602,0.296236781870378,0.0,1.0000000000000002,-3.823631463469765,2.171306564168929
2023-02-16,1000,922,0.922,922,0.21263104984670173,0.2838295436311248,-3.082614905683732e-17,1.0000000000000004,-3.7291129654122166,2.211034948076856
2023-02-17,1000,922,0.922,922,0.1794864986152209,0.25565883411540113,2.3119611792627988e-17,0.9999999999999999,-3.88096737728853,2.251495020644132
2023-02-20,1000,926,0.926,926,0.22839248319798958,0.30594915104395104,3.0692990745576684e-17,0.9999999999999997,-3.9309088264851284,2.1621671841244585
2023-02-21,1000,931,0.931,931,0.17576913378083636,0.24478158437937744,-2.289611393426746e-17,0.9999999999999993,-4.005045905644138,2.1673942228742114
2023-02-22,1000,930,0.93,930,0.17457633553382707,0.2525564639024473,-7.640244470538712e-18,1.0000000000000004,-3.907007512308737,2.173188718285856
2023-02-23,1000,929,0.929,929,0.1304341803406008,0.22475945886978022,2.2945405891068898e-17,0.9999999999999989,-4.048524577901661,2.104556798679208
2023-02-24,1000,929,0.929,929,0.10826462001501218,0.22073247239061813,-7.648468630356298e-18,0.9999999999999993,-4.116169382258102,2.0647427344401676
2023-02-27,1000,924,0.924,924,0.09654243562019445,0.20745824723366849,-1.5379712895240264e-17,0.9999999999999992,-4.199599433739815,2.0694549423032416
2023-02-28,1000,927,0.927,927,0.07910159174593888,0.19173105041047583,7.664970180799354e-18,1.0000000000000002,-4.239176028293525,2.0189783443838345
2023-03-01,1000,930,0.93,930,0.06317469150136598,0.18344010197275337,-3.820122235269356e-18,1.0000000000000004,-4.201444101590642,2.2616115428161954
2023-03-02,1000,930,0.93,930,0.033740329573126365,0.13058502755753473,3.2471038999789525e-17,0.9999999999999994,-4.147125858636517,2.1838990117418122
2023-03-03,1000,931,0.931,930,0.009557866253780006,0.10419102108778949,1.9080094945222883e-18,0.9999999999999996,-4.016831085318588,2.1473354009326435
2023-03-06,1000,929,0.929,929,-0.02203883580864639,0.08775239919999919,1.7209054418301673e-17,0.9999999999999993,-3.783925220142942,2.184906777200992
2023-03-07,1000,927,0.927,927,-0.02731191750960646,0.07862256555385755,-1.7246182906798547e-17,0.9999999999999998,-3.771121991287933,2.2595617210388146
2023-03-08,1000,928,0.928,928,-0.035218363496271055,0.05558580747985031,1.914177628664063e-18,0.9999999999999993,-3.7205439933938584,2.270208951262659
2023-03-09,1000,928,0.928,928,-0.04750764422093745,0.01334691739445404,7.656710514656252e-18,1.0,-3.5576070468969276,2.244700585485767
2023-03-10,1000,923,0.923,923,-0.03621342371584577,0.021230261989466415,2.3094563459158186e-17,0.9999999999999997,-3.8226920606578214,2.207802452616028
2023-03-13,1000,922,0.922,922,-0.0028462084956657465,0.07085132178380127,0.0,0.9999999999999997,-3.9535690524596827,2.294347368721682
2023-03-14,1000,922,0.922,922,-0.007014344341585419,0.05719106396338281,2.3119611792627988e-17,1.0000000000000004,-4.209080276628458,2.365469723916839
2023-03-15,1000,925,0.925,925,-0.030268777347085517,0.016829733706119156,-1.920385772324595e-18,0.9999999999999994,-4.432983239502703,2.252625042598561
2023-03-16,1000,921,0.921,920,-0.04805300782841138,-0.010941857605875682,3.8574524199788285e-18,1.0000000000000009,-4.171252296170428,2.288271547473483
2023-03-17,1000,922,0.922,922,-0.08909860235183026,-0.0669142291831384,-1.1559805896313994e-17,1.0,-3.9409863490731856,2.211691563870442
2023-03-20,1000,921,0.921,921,-0.11337259767961445,-0.08917118977139087,7.714904839957657e-18,1.0000000000000009,-3.8334506570770785,2.284333875751974
2023-03-21,1000,922,0.922,922,-0.09984909254405598,-0.04715700319592247,1.9266343160523324e-17,1.0,-3.6747250484862644,1.9607538160201061
2023-03-22,1000,923,0.923,923,-0.11314494029604107,-0.06009893747121191,1.539637563943879e-17,1.0000000000000007,-3.3412937639477445,1.9335924614870337
2023-03-23,1000,921,0.921,921,-0.10433215460528057,-0.060308865252414315,1.928726209989414e-17,1.0000000000000002,-3.3003088717388236,2.002598676545772
2023-03-24,1000,924,0.924,924,-0.12219676647756873,-0.0754346557680864,2.6914497566670462e-17,1.0000000000000002,-3.5009288607820914,1.9989623571794384
2023-03-27,1000,918,0.918,918,-0.11974970966987748,-0.06871255975329336,3.87005847363889e-18,0.9999999999999994,-3.598376431643077,2.0521184312192413
2023-03-28,1000,917,0.917,914,-0.057807214094020475,-0.037398169866845854,-1.1622836462815161e-17,0.9999999999999994,-3.622953283575067,2.124610548041548
2023-03-29,1000,912,0.912,910,-0.06055496732852149,-0.0369130617990599,-1.5582077538598687e-17,0.9999999999999999,-3.9020687341370386,2.1074876256077912
2023-03-30,1000,910,0.91,908,-0.07846089809945173,-0.025839267740743275,-2.3424485794289017e-17,1.0000000000000002,-3.9979973070876778,2.033155237305603
2023-03-31,1000,908,0.908,907,-0.05869461942335186,0.00479458503310422,2.347608157797688e-17,1.0000000000000002,-4.214951161846608,2.1738835550493456
2023-04-03,1000,910,0.91,909,-0.029472116398577202,0.0348613953741632,7.808161931429672e-18,1.000000000000001,-4.175280662061617,2.316294963230292
2023-04-04,1000,911,0.911,910,0.011704481254722355,0.051159460058811904,7.799590952361144e-18,0.9999999999999991,-4.048406014521539,2.3459732977311014
2023-04-06,1000,911,0.911,909,0.03759825078796101,0.09081199945971218,7.799590952361144e-18,1.0000000000000002,-4.106701242115635,2.2914186799332645
2023-04-07,1000,911,0.911,909,0.058321476919577085,0.10232788540024551,-7.799590952361144e-18,1.0,-3.977863926414848,2.1836029144495597
2023-04-10,1000,909,0.909,907,0.034845862339492904,0.090944249230417,1.954187942134489e-17,1.0000000000000007,-4.031886134996393,2.183533320251131
2023-04-11,1000,911,0.911,909,0.05485734636763142,0.10069430592326412,1.5599181904722288e-17,1.0000000000000004,-4.196852935056177,2.3795519795710205
2023-04-12,1000,916,0.916,915,0.07092906597293126,0.10361743647769979,0.0,1.000000000000001,-4.040552179029295,2.4422712098558548
2023-04-13,1000,917,0.917,916,0.10114586940760784,0.12322698513162723,7.748557641876774e-18,0.9999999999999989,-3.8769348516129187,2.4549489970985796
2023-04-14,1000,917,0.917,915,0.0843814192003885,0.12444912846423586,-1.9371394104691935e-17,1.0000000000000002,-4.082677637038196,2.530831086120204
2023-04-17,1000,917,0.917,916,0.06168448188168302,0.11405364717077197,0.0,1.0000000000000002,-4.124190148851056,2.5545105486788215
2023-04-18,1000,917,0.917,916,0.07788071951119346,0.11850970508616558,0.0,0.9999999999999998,-4.550538863528191,2.7861620494541217
2023-04-19,1000,915,0.915,914,0.11486899268720285,0.1367008149416186,-3.882747189945903e-18,0.9999999999999996,-4.619386497575595,2.794925019156302
2023-04-20,1000,915,0.915,915,0.1603824959302588,0.1704323382544895,3.882747189945903e-18,0.9999999999999993,-4.706189312741856,2.8324622923146876
2023-04-21,1000,911,0.911,911,0.11280159141393746,0.17454228855089676,7.799590952361144e-18,0.9999999999999997,-4.701125068820103,2.933021823412942
2023-04-24,1000,911,0.911,911,0.12015337713886036,0.1771103149278183,-1.5599181904722288e-17,0.9999999999999999,-4.741749456847105,2.9693627223163075
2023-04-25,1000,911,0.911,911,0.09250402477006617,0.16128271895647248,-3.1198363809444576e-17,0.9999999999999996,-4.5371904031977275,3.028171423579545
2023-04-26,1000,912,0.912,910,0.06715410227535205,0.11336781267694561,-3.895519384649672e-18,1.0000000000000004,-4.13288819568214,3.11887622928343
2023-04-27,1000,910,0.91,909,-0.01497351277235277,0.05409718368813916,0.0,0.9999999999999996,-4.215828558367613,3.2754038207370124
2023-04-28,1000,913,0.913,912,0.033950849060983265,0.09185539556219104,0.0,1.000000000000001,-4.346951481598396,3.2857223437505962
2023-05-04,1000,913,0.913,913,0.012332337397731444,0.10687105904070872,-1.1673757980724537e-17,0.9999999999999998,-4.509863646086419,3.299802997272347
2023-05-05,1000,913,0.913,913,0.004648153207836234,0.09885215661569562,-2.3347515961449075e-17,0.9999999999999994,-4.66561500329349,3.191576561400553
2023-05-08,1000,917,0.917,917,-0.025073942162508366,0.05445654684687042,3.09942305675071e-17,1.0,-4.7994364408440156,3.3096711413306164
2023-05-09,1000,916,0.916,915,-0.04656435930903603,0.03008953300645422,7.757016765939958e-18,1.0000000000000002,-4.7706901804096224,3.4735672767752783
2023-05-10,1000,915,0.915,914,-0.07107256999039327,0.027451336268060577,-1.9413735949729513e-17,1.0,-4.840551024606578,3.4314716077678735
2023-05-11,1000,916,0.916,915,-0.08532555763907179,0.01607971286341157,3.878508382969979e-17,1.0,-4.839636632874666,2.731413052431677
2023-05-12,1000,914,0.914,913,-0.13772247769028492,-0.043579613160414976,1.166098581663184e-17,0.9999999999999992,-4.675416277748953,2.841400402849647
2023-05-15,1000,915,0.915,914,-0.13350695087543435,-0.045530500733959,1.1648241569837708e-17,0.9999999999999993,-4.355300863516808,2.8353806222669222
2023-05-16,1000,913,0.913,912,-0.14979098139105984,-0.0446512547360564,2.7238768621690587e-17,1.0,-4.522547503338581,2.878296606901393
2023-05-17,1000,912,0.912,910,-0.1399969238250991,-0.03625818269936908,2.7268635692547703e-17,1.0000000000000007,-4.3934456261109025,2.846931579476158
2023-05-18,1000,911,0.911,909,-0.1044221967416585,-0.021185923936410438,0.0,1.0000000000000007,-4.51533304069897,2.910434832493402
2023-05-19,1000,908,0.908,907,-0.14839844103109245,-0.04922035964309645,-1.9563401314980733e-17,0.9999999999999993,-4.704341106846431,2.9186690844068237
2023-05-22,1000,907,0.907,906,-0.16820505641207495,-0.05944711363815971,2.7418958932308165e-17,1.0,-4.815972089773929,3.012537855449204
2023-05-23,1000,904,0.904,904,-0.1790070474739218,-0.06098648039263863,-7.859986015045356e-18,1.0000000000000002,-4.802178358814487,2.925427854087778
2023-05-24,1000,904,0.904,904,-0.1297072979680602,-0.04338812456774837,-3.929993007522678e-18,1.0000000000000004,-4.783323089831378,3.062226791276995
2023-05-25,1000,904,0.904,904,-0.11895996465441326,-0.025001652764225835,-1.1789979022568034e-17,0.9999999999999993,-4.747218625122202,3.222213119585217
2023-05-26,1000,905,0.905,905,-0.10294401869602239,-0.03147186680882224,-7.851300947625417e-18,0.9999999999999993,-4.576316394827166,3.25276452034843
2023-05-29,1000,903,0.903,903,-0.10708403132818382,-0.03415478705835564,-2.3606070955485057e-17,1.0000000000000004,-4.446129753080934,3.0821209841770414
2023-05-30,1000,902,0.902,902,-0.07185953122418436,0.014695076181991467,0.0,0.9999999999999996,-4.58196182265088,3.0049597313022507
2023-05-31,1000,900,0.9,900,-0.09498467084520476,-0.02300699136665601,7.894919286223335e-18,1.0000000000000002,-4.645248228447723,2.893812087146351
2023-06-01,1000,901,0.901,900,-0.033300252185213125,-0.011618080665041188,3.943078444839624e-18,1.0,-4.638544008426621,2.9269098502538635
2023-06-02,1000,901,0.901,900,-0.043944171158227144,0.020267053911042086,0.0,1.0,-4.492271811625246,2.9476578965514113
2023-06-05,1000,899,0.899,898,-0.0034625008633096714,0.040572048242712294,-1.9759252941048393e-17,0.9999999999999999,-4.5929302335460145,2.9337894703386795
2023-06-06,1000,897,0.897,897,-0.030255231190534353,0.07434477363104046,7.921323698551841e-18,0.9999999999999996,-4.605943686443031,2.890013398860251
2023-06-07,1000,896,0.896,895,-0.0006206510056521571,0.08397876530578709,-1.1895246692412391e-17,0.9999999999999996,-4.745935455379021,2.919063744273647
2023-06-08,1000,897,0.897,897,0.026222077112646732,0.10739735703193903,-7.921323698551841e-18,1.0000000000000004,-4.674510192123819,2.7542704775144298
2023-06-09,1000,895,0.895,895,0.06628986833971297,0.13410318039584077,3.969512490279889e-18,0.9999999999999992,-4.704800374798939,2.695066127542865
2023-06-12,1000,896,0.896,896,0.1366865054680724,0.14032657287822942,3.96508223080413e-18,0.999999999999999,-4.616886092867477,2.6558040356874337
2023-06-13,1000,898,0.898,898,0.11227347064158429,0.1125375559937931,-7.91250262539087e-18,1.0000000000000002,-4.394277367295845,2.510116288423377
2023-06-14,1000,895,0.895,895,0.1252416718529269,0.13670728625214779,7.939024980559778e-18,1.0000000000000002,-4.5568456630259,2.5807493552972876
2023-06-15,1000,896,0.896,896,0.13164664339988225,0.1795379216969574,3.96508223080413e-18,1.0000000000000002,-4.514877090400349,2.5221949199257563
2023-06-16,1000,898,0.898,898,0.1897340658224567,0.2137896999615889,7.91250262539087e-18,0.9999999999999987,-4.526298621543312,2.5856595656920285
2023-06-19,1000,898,0.898,898,0.24226746007043268,0.22091390467146413,-3.165001050156348e-17,0.9999999999999991,-4.4518146507245335,2.6069730690653308
2023-06-20,1000,898,0.898,898,0.29859987476559535,0.2416495733130562,7.91250262539087e-18,0.9999999999999996,-4.197253521565884,2.6343355078832755
2023-06-21,1000,900,0.9,900,0.26453460113435484,0.2116921625829168,1.578983857244667e-17,0.9999999999999997,-4.181988030129834,2.7411670330244835
2023-06-26,1000,901,0.901,901,0.24395138146723963,0.21287606471736806,-3.943078444839624e-18,0.9999999999999999,-3.9882284607492164,2.7784482471705174
2023-06-27,1000,904,0.904,904,0.25625569986900076,0.2023978254852981,-3.1439944060181424e-17,0.9999999999999993,-4.059705267241429,2.4159817754948527
2023-06-28,1000,902,0.902,902,0.28350785057817635,0.22907362650306518,-1.575482784390466e-17,0.9999999999999997,-4.258674514836223,2.412032677881453
2023-06-29,1000,902,0.902,902,0.281012804219669,0.2204609526716697,1.575482784390466e-17,0.9999999999999989,-4.399288497393015,2.3300767929046615
2023-06-30,1000,906,0.906,906,0.30048583475936386,0.24015326599526426,-1.1763952578809606e-17,1.0,-4.296745790353704,2.5488219805002377
2023-07-03,1000,907,0.907,906,0.29774521159771206,0.2507626653395956,-2.3501964799121286e-17,1.0000000000000007,-4.186574785451172,2.621349389048285
2023-07-04,1000,906,0.906,906,0.31314128349394843,0.2538711318598644,7.842635052539737e-18,0.9999999999999996,-4.419403490347647,2.5712249585035605
2023-07-05,1000,900,0.9,900,0.2855058464762291,0.25570641779710274,-1.1842378929335004e-17,1.0000000000000004,-4.542385139992311,2.5174109197382903
2023-07-06,1000,899,0.899,899,0.2995781344104618,0.2515701455925221,-3.9518505882096784e-18,1.0,-4.583781298759297,2.4784158939121737
2023-07-07,1000,901,0.901,901,0.2987601149532259,0.2569011162127717,-1.5772313779358495e-17,0.9999999999999991,-4.505662247916161,2.3946347216457595
2023-07-10,1000,900,0.9,900,0.25025738898328226,0.2291479711675673,7.894919286223335e-18,1.0000000000000002,-4.390471500126448,2.325012096872136
2023-07-11,1000,900,0.9,900,0.2607887959948238,0.22462835601501477,3.947459643111668e-18,1.0000000000000009,-4.382121394517969,2.2928694571236146
2023-07-12,1000,897,0.897,897,0.2774340267689971,0.24643782045691098,-3.960661849275921e-18,1.000000000000001,-4.525481230761019,2.3088102741098475
2023-07-13,1000,899,0.899,899,0.2855912011161808,0.2538257776790446,2.3711103529258072e-17,0.9999999999999999,-4.520536959816481,2.3658608759853066
2023-07-14,1000,897,0.897,897,0.3156944836548336,0.2515537221986583,3.960661849275921e-18,1.0000000000000002,-4.5125424486674435,2.3696238845811006
2023-07-17,1000,897,0.897,897,0.25457376762153244,0.2110736390464451,1.9803309246379605e-17,1.0,-4.5432247811852395,2.3609720472394113
2023-07-18,1000,897,0.897,897,0.24366994115346258,0.20339394588336684,-2.3763971095655524e-17,1.0000000000000002,-4.492208387791572,2.3313216299844126
2023-07-19,1000,896,0.896,896,0.2460572667613648,0.20891486723314176,-7.93016446160826e-18,0.9999999999999994,-4.458149065185435,2.3184825765371264
2023-07-20,1000,895,0.895,895,0.1680978782673211,0.17662204964163275,-3.175609992223911e-17,0.9999999999999999,-4.509276496810703,2.208723144756548
2023-07-21,1000,897,0.897,897,0.17408135250997828,0.18463925688767244,1.1881985547827762e-17,0.9999999999999993,-4.175693212162601,2.2116880448259395
2023-07-24,1000,896,0.896,896,0.21152387073114717,0.2244851907323235,3.568574007723718e-17,1.0000000000000007,-4.076049385495953,2.123304796108074
2023-07-25,1000,900,0.9,900,0.11736214692346308,0.17812734844716946,-7.894919286223335e-18,0.9999999999999996,-4.2010438149620795,2.2069703762223463
2023-07-26,1000,908,0.908,908,0.07688207146543202,0.15235028413588894,1.5650721051984587e-17,0.9999999999999994,-4.177713298782866,2.165186284987196
2023-07-27,1000,909,0.909,909,0.10067077898379694,0.153005143067578,1.1725127652806934e-17,0.9999999999999991,-4.283747418741356,2.1730214313751586
2023-07-28,1000,911,0.911,911,0.06845739803856948,0.12870316007863572,1.5599181904722288e-17,1.0000000000000002,-4.262733736559673,2.1716416167572423
2023-07-31,1000,913,0.913,912,0.11149968057043835,0.15418643603958693,1.556501064096605e-17,1.000000000000001,-4.131338638371933,2.17649494366729
2023-08-01,1000,913,0.913,912,-0.01316691960369016,0.05817650585236011,1.556501064096605e-17,1.0000000000000007,-3.895770244357087,2.201746752755481
2023-08-02,1000,916,0.916,915,-0.01955084645714236,0.04410778045271204,-1.9392541914849895e-17,0.9999999999999993,-3.7850082949635544,2.18973262019157
2023-08-03,1000,915,0.915,914,-0.03455181704049447,0.04832660179885976,-3.882747189945903e-18,1.0000000000000002,-3.703048881133648,2.2159583227697155
2023-08-04,1000,918,0.918,917,-0.019082334970596183,0.03772851084296736,-7.74011694727778e-18,1.0000000000000002,-3.6450526282431683,2.2012801700600804
2023-08-07,1000,919,0.919,918,0.0050170788397494925,0.02801088758232788,3.865847310990752e-18,1.0,-3.6635493533659123,2.3205347429422827
2023-08-08,1000,919,0.919,918,0.02540419685088138,0.03887112464699622,7.731694621981504e-18,1.0,-3.6502295620654004,2.3531391550348326
2023-08-09,1000,921,0.921,920,-0.00748185620237814,0.04624870731913851,3.8574524199788285e-18,0.9999999999999998,-3.7420492930215907,2.3358892249646233
2023-08-10,1000,920,0.92,919,0.009232517639701298,0.05924134750084142,-3.089316242435218e-17,1.0000000000000002,-3.795104517290665,2.2680623561087163
2023-08-11,1000,915,0.915,914,-0.0332895837829778,0.03268782174423807,-1.553098875978361e-17,0.9999999999999999,-3.924795062574259,2.181144414542762
2023-08-14,1000,916,0.916,916,0.024099846266093544,0.04593892986391066,1.5514033531879916e-17,1.0000000000000007,-3.996527699822173,2.213731891127579
2023-08-15,1000,912,0.912,912,0.029510921893908207,0.038801398547549715,0.0,1.0000000000000007,-4.117013912829479,2.209160013017046
2023-08-16,1000,913,0.913,913,0.0354294862512558,0.027808030930131466,-1.556501064096605e-17,1.0000000000000002,-4.2375923412880105,2.0969020854826335
2023-08-17,1000,915,0.915,915,0.07610260252903242,0.05978037136506335,-1.1648241569837708e-17,0.9999999999999996,-4.416865625246194,2.1415743183255587
2023-08-18,1000,913,0.913,913,0.035883563820903325,0.042830975110871555,1.1673757980724537e-17,1.0000000000000002,-4.1756610014626245,2.195349819682117
2023-08-21,1000,913,0.913,913,0.04337269816254591,0.03711186799012464,7.782505320483025e-18,1.0000000000000013,-4.277726852308076,2.2086939369924226
2023-08-22,1000,912,0.912,912,0.09763805718391577,0.07700454090898162,-1.1686558153949016e-17,1.0000000000000004,-4.203790003431336,2.214559199046422
2023-08-23,1000,912,0.912,912,0.10016113884936417,0.0780030869553313,-1.1686558153949016e-17,1.0,-4.259191567355167,2.2047602904491757
2023-08-24,1000,913,0.913,913,0.07731207800143541,0.08277853849896966,-3.11300212819321e-17,0.9999999999999992,-4.298145042151406,2.209567622551062
2023-08-25,1000,910,0.91,910,0.06713795459133207,0.10849549191509979,-3.5136728691433524e-17,1.0,-4.398787270559389,2.219252357690652
2023-08-28,1000,913,0.913,912,-0.010395006505890333,0.047952391591299555,-2.3347515961449075e-17,0.9999999999999992,-4.396137429859196,2.1567684843251302
2023-08-29,1000,915,0.915,915,0.07997540469906289,0.11659394258856295,-4.659296627935083e-17,0.9999999999999996,-4.470781034244278,2.223839384918631
2023-08-30,1000,914,0.914,914,0.05675498998778581,0.08040008996807534,3.109596217768491e-17,0.9999999999999997,-4.5103942091663,2.272047088588844
2023-08-31,1000,911,0.911,911,0.10906698892693006,0.11844984437778379,-3.899795476180572e-17,0.9999999999999996,-4.67011853905009,2.260736695323701
2023-09-01,1000,909,0.909,909,0.05864446200322081,0.10483427211756156,3.908375884268978e-18,1.0000000000000009,-4.531693247378832,2.2663833982831894
2023-09-04,1000,912,0.912,912,0.08408977795016655,0.13050849124054506,-1.5582077538598687e-17,1.0000000000000004,-4.510900740275785,2.2138540103161746
2023-09-05,1000,913,0.913,913,0.01948828041581907,0.08644901918109413,-1.556501064096605e-17,0.9999999999999993,-4.561833191366193,2.189441826347831
2023-09-06,1000,915,0.915,915,0.04242208058177128,0.09874020034203622,-3.494472470951313e-17,1.0000000000000009,-4.678821981911278,2.0437327531296825
2023-09-07,1000,913,0.913,913,0.016812238176263636,0.0872662009736303,2.3347515961449075e-17,1.0000000000000002,-4.313020171242814,2.1698711295444375
2023-09-08,1000,911,0.911,911,0.031799887391826445,0.10753935799405388,-7.799590952361144e-18,1.0,-4.3075835941543055,2.202693616090696
2023-09-11,1000,912,0.912,912,0.027894136769038076,0.10684752090150092,7.791038769299344e-18,0.9999999999999989,-4.299174665407686,2.129667535696525
2023-09-12,1000,912,0.912,912,0.0016413023489831255,0.08412780346003582,-7.791038769299344e-17,1.0000000000000007,-4.1845185072390345,2.058357924040846
2023-09-13,1000,911,0.911,911,0.0166804550940491,0.07948946553758268,1.5599181904722288e-17,1.0000000000000002,-4.17976063175968,2.0698893477238647
2023-09-14,1000,912,0.912,912,0.020531241063380203,0.09524152320874124,-3.895519384649672e-17,0.9999999999999996,-4.022268258156113,2.034265135367141
2023-09-15,1000,913,0.913,913,-0.027561237367422463,0.04120690631412987,1.556501064096605e-17,1.0000000000000007,-4.014292216805335,2.044342368309613
2023-09-18,1000,912,0.912,912,-0.030362314017552426,0.04471356048269449,-3.1164155077197375e-17,0.9999999999999997,-3.961989912133002,1.9981027321597635
2023-09-19,1000,912,0.912,912,-0.043219054302896735,0.05968749154389498,7.791038769299344e-18,0.9999999999999998,-4.184219555215654,2.1144108637855568
2023-09-20,1000,912,0.912,912,-0.04727977877905729,0.05907569555374619,-1.5582077538598687e-17,1.0000000000000004,-4.2027230889945635,2.1150944176358393
2023-09-21,1000,912,0.912,912,-0.035837939855298005,0.04916040053683733,2.337311630789803e-17,1.0,-4.087939123459266,2.1478552173802643
2023-09-22,1000,911,0.911,911,-0.04253348404147536,0.03546308528618208,3.1198363809444576e-17,1.0000000000000007,-4.0790781747143185,2.130648940823474
2023-09-25,1000,910,0.91,910,-0.03302236332217615,0.029372881670705366,7.808161931429672e-18,0.9999999999999993,-4.265260702287669,2.0557952018172228
2023-09-26,1000,910,0.91,910,-0.020633966783349805,0.04662840710356455,3.123264772571869e-17,0.9999999999999992,-4.392175686403725,2.0584495010694837
2023-09-27,1000,908,0.908,908,-0.027267017445925197,0.052591577357159004,-7.825360525992294e-18,1.000000000000001,-4.24540165267696,2.066534312197488
2023-09-28,1000,908,0.908,908,-0.048338791533041846,0.03161264674341884,1.5650721051984587e-17,1.0000000000000002,-4.324959425882488,2.03286470821274
2023-10-09,1000,908,0.908,908,-0.03093613406756125,0.0314793930323898,-3.9126802629961466e-17,0.9999999999999999,-4.230979337778644,2.029065854561541
2023-10-10,1000,907,0.907,907,-0.03998479876749637,0.04107592280715723,7.050589439736386e-17,1.0,-4.19277015134679,1.999226999905914
2023-10-11,1000,907,0.907,907,-0.02348073554030366,0.04901522354924813,1.5667976532747524e-17,1.0000000000000007,-4.300526395456883,2.0217719405862975
2023-10-12,1000,907,0.907,907,-0.033725027229524224,0.026740732166855748,1.5667976532747524e-17,1.0000000000000007,-4.507010632170831,2.021247595017902
2023-10-13,1000,908,0.908,908,0.0042537213270633124,0.028640370767330794,2.347608157797688e-17,0.9999999999999992,-4.777497013011317,2.1090171993433793
2023-10-16,1000,907,0.907,907,0.0034690249010142678,0.01642668128780354,1.5667976532747524e-17,0.9999999999999997,-4.630576994825904,2.098942113346919
2023-10-17,1000,909,0.909,909,-0.03311034684845249,-0.018793253726731535,-7.816751768537955e-18,1.0000000000000009,-4.761841418739953,2.1294898302775005
2023-10-18,1000,910,0.91,909,-0.015995921080877315,-0.007262379701645739,-7.808161931429672e-18,1.0,-4.891529832905156,2.1549157835468296
2023-10-19,1000,908,0.908,907,-0.0802954152962448,-0.031045133578626264,7.825360525992294e-18,1.0000000000000002,-5.220488997887055,2.1480612533706536
2023-10-20,1000,908,0.908,907,-0.09652244909447685,-0.03257472278541932,1.5650721051984587e-17,0.9999999999999997,-4.9781318718145755,2.199787291744225
2023-10-23,1000,904,0.904,904,-0.05331629449398098,0.019274089786900175,0.0,1.0,-4.706916293036552,2.3837130273387412
2023-10-24,1000,906,0.906,906,-0.035213603432197496,0.03783478648888999,1.9606587631349344e-17,1.0000000000000007,-4.949041665846029,2.244337402103871
2023-10-25,1000,910,0.91,910,-0.0060619419197440755,0.058079817744344404,2.3424485794289017e-17,1.0000000000000009,-4.710838237390839,2.168607910040139
2023-10-26,1000,909,0.909,909,-0.015148849746872516,0.022302830058318717,4.2992134726958756e-17,0.9999999999999997,-4.6054832288244025,2.179137114983963
2023-10-27,1000,913,0.913,913,0.017729476697402515,0.08144085055171782,8.560755852531328e-17,1.0000000000000002,-4.670971491007777,2.0945848800344122
2023-10-30,1000,912,0.912,912,0.046091252486677295,0.10566649691891165,1.947759692324836e-17,0.9999999999999998,-4.73935488558811,2.0066152041706995
2023-10-31,1000,913,0.913,913,0.01807839129376637,0.12556193225363924,1.1673757980724537e-17,1.0,-4.817436245141466,2.0075916592806773
2023-11-01,1000,913,0.913,912,0.0030046832746999045,0.12217611983918968,-2.7238768621690587e-17,0.9999999999999996,-4.825854312207038,2.036818338150366
2023-11-02,1000,914,0.914,913,-0.01054802334094626,0.09189736440729529,-3.4982957449895525e-17,0.9999999999999994,-4.926896798544295,2.0615989169957065
2023-11-03,1000,912,0.912,910,0.0050942790391539485,0.11092341248899361,-7.791038769299344e-18,0.9999999999999993,-4.8345092832180665,2.090943218868202
2023-11-06,1000,912,0.912,910,0.04863486883933484,0.1397063671628427,7.791038769299344e-18,1.000000000000001,-4.8252430303172815,2.0612996555926304
2023-11-07,1000,913,0.913,911,0.09106932660559043,0.18912596923547972,0.0,0.9999999999999998,-4.725968408879555,2.030881795156947
2023-11-08,1000,913,0.913,911,0.1614268715922911,0.21099823433055745,1.1673757980724537e-17,1.0000000000000009,-4.830589244066407,1.9879151058649294
2023-11-09,1000,912,0.912,911,0.09990178979851384,0.17760320099668842,4.285071323114639e-17,1.0000000000000004,-4.807025968190688,2.0223082107924437
2023-11-10,1000,911,0.911,910,0.10128032120755213,0.17916732591194254,-1.5599181904722288e-17,0.9999999999999997,-4.755630484271891,2.0069318260654962
2023-11-13,1000,912,0.912,911,0.05411597351892564,0.15022622659043752,1.5582077538598687e-17,0.9999999999999998,-4.639859531288647,1.991055531821625
2023-11-14,1000,913,0.913,913,0.08326878712545623,0.17697590357952028,-1.1673757980724537e-17,0.9999999999999997,-4.689744348231821,1.9894553985948868
2023-11-15,1000,915,0.915,914,0.08058817521930473,0.17784855392513274,-7.765494379891805e-18,1.0,-4.77855076020461,1.9781340691823002
2023-11-16,1000,914,0.914,914,0.1107495222933961,0.20767222304131383,-1.9434976361053068e-17,1.0000000000000004,-4.6140885958423565,2.0099037248965392
2023-11-17,1000,914,0.914,913,0.07401929854100507,0.21296803243726797,4.275694799431675e-17,0.9999999999999999,-4.4672120950867935,1.9969095860108408
2023-11-20,1000,912,0.912,911,0.07096634071961368,0.19173240548384607,6.232831015439475e-17,1.0000000000000007,-4.078809519924381,1.9907806682009108
2023-11-21,1000,914,0.914,913,0.05139088465633047,0.15946841711293758,-1.9434976361053068e-17,1.0000000000000004,-3.73585863483711,2.056500167082043
2023-11-22,1000,914,0.914,914,0.0900882530168891,0.18838406819128317,5.83049290831592e-17,1.0000000000000002,-3.7831434727972044,2.029503872603648
2023-11-23,1000,914,0.914,914,0.05388316937239516,0.1576207954674934,-5.441793381094859e-17,1.0000000000000004,-3.898574020074784,2.0731478596642328
2023-11-24,1000,914,0.914,914,0.020946867610156447,0.14051836817564067,2.7208966905474295e-17,1.0000000000000002,-4.052086442533057,2.0931524547672864
2023-11-27,1000,913,0.913,913,-0.01060921333406199,0.1148443977523119,-6.22600425638642e-17,1.0000000000000004,-4.093947372291388,2.1024110518643204
2023-11-28,1000,914,0.914,914,-0.0034354758949056968,0.12785147051664641,-4.275694799431675e-17,1.0000000000000002,-4.334714132692296,2.0502553576920004
2023-11-29,1000,914,0.914,913,0.010829156981892693,0.11015272644300016,-3.109596217768491e-17,1.0000000000000007,-4.493988735689555,2.041851999332317
2023-11-30,1000,912,0.912,912,0.061713956980661115,0.14422654336466317,-2.337311630789803e-17,0.9999999999999999,-4.467903527231296,2.0120441087313203
2023-12-01,1000,913,0.913,912,0.051285365357104484,0.1168231166389887,-3.8912526602415124e-18,1.0000000000000007,-4.416509971258098,2.091838040184064
2023-12-04,1000,913,0.913,913,0.1190576480768282,0.14748836126226053,3.8912526602415124e-18,1.0000000000000013,-4.4172258098175305,1.9949460428620496
2023-12-05,1000,913,0.913,912,0.1560323813230748,0.16298228194083797,3.11300212819321e-17,1.0000000000000002,-4.325596433967403,2.001240083366404
2023-12-06,1000,912,0.912,912,0.12210721818306944,0.15192725172479915,5.4537271385095406e-17,0.9999999999999999,-4.550672082918466,2.056000034350683
2023-12-07,1000,912,0.912,912,0.18590730740515862,0.18781478659897896,-3.5059674461847047e-17,0.9999999999999998,-4.506545757497348,2.1235908741107785
2023-12-08,1000,909,0.909,909,0.16107551441114876,0.18433722780538006,2.7358631189882845e-17,1.0000000000000007,-4.426445080241874,2.243350319972617
2023-12-11,1000,909,0.909,909,0.18005718780182692,0.19069458097298048,0.0,1.0000000000000004,-4.3079223458709786,2.3651103737756642
2023-12-12,1000,910,0.91,910,0.19276804101569248,0.2071022978666972,-4.6848971588578034e-17,1.0000000000000002,-4.219990662061866,2.46324310370132
2023-12-13,1000,910,0.91,909,0.16586786501426548,0.18590054709997195,-5.075305255429287e-17,0.9999999999999997,-4.3449357677207034,2.4565801599180137
2023-12-14,1000,910,0.91,910,0.16443588970022285,0.15370018773635621,-4.6848971588578034e-17,0.9999999999999997,-4.469295932783255,2.4924722407121074
2023-12-15,1000,911,0.911,910,0.1834244187946396,0.1566569697847555,-3.1198363809444576e-17,0.9999999999999989,-4.61251259308961,2.6033068032996654
2023-12-18,1000,906,0.906,906,0.18171839318752858,0.1755319953807999,3.529185773642882e-17,1.0000000000000002,-4.551446327398038,2.720030876095562
2023-12-19,1000,906,0.906,906,0.17660839504701176,0.19368103583498802,-8.62689855779371e-17,0.9999999999999997,-4.70066018968886,2.8396062756625775
2023-12-20,1000,903,0.903,903,0.1273816571475173,0.11050221616285916,-4.7212141910970113e-17,1.0000000000000004,-4.762723389087909,2.927989157401594
2023-12-21,1000,904,0.904,904,0.1949772526895112,0.12946159897532517,-7.466986714293089e-17,0.9999999999999994,-4.698392812127518,2.9672401741227374
2023-12-22,1000,905,0.905,905,0.17392746182369315,0.11063415343882482,1.1776951421438125e-17,0.9999999999999996,-4.891936881536498,2.9171589729597542
2023-12-25,1000,904,0.904,904,0.18635668308014577,0.11331031583678809,-5.894989511284018e-17,1.0000000000000002,-4.9572823502161985,2.9240926591641045
2023-12-26,1000,900,0.9,900,0.20762501379352843,0.15449743417171885,3.157967714489334e-17,1.0000000000000004,-5.244788273470221,2.8809318245668516
2023-12-27,1000,902,0.902,902,0.20024981257091198,0.16467475963581782,-4.332577657073782e-17,1.0000000000000004,-5.353736887346572,2.8482061129502014
2023-12-28,1000,907,0.907,907,0.20863706112529126,0.19325274620056537,2.7418958932308165e-17,0.9999999999999988,-5.257720382191881,2.8965976038408074
2023-12-29,1000,906,0.906,905,0.2563157692897436,0.21954152445269257,8.62689855779371e-17,0.9999999999999997,-5.222317333175082,2.810874049793331
2024-01-02,1000,907,0.907,906,0.24156610267363485,0.19319937530257106,7.833988266373762e-18,1.0,-5.1861017232978215,2.8929139288894428
2024-01-03,1000,907,0.907,906,0.2133124647593113,0.15576942759800577,5.0920923731429453e-17,1.0,-5.072431190860638,2.866244676489692
2024-01-04,1000,905,0.905,903,0.18595525145199354,0.118086316149106,3.9256504738127085e-18,0.9999999999999994,-4.924027419688476,2.815915147159509
2024-01-05,1000,904,0.904,902,0.15775914643352115,0.09362238184179511,7.859986015045356e-18,0.9999999999999999,-4.918385134469006,2.7105952437543817
2024-01-08,1000,903,0.903,903,0.16695992325151462,0.0729262059977834,-4.3277796751722605e-17,1.0,-4.8744092857076575,2.6980506203629395
2024-01-09,1000,901,0.901,901,0.20350203635972605,0.0819167532140613,4.731694133807548e-17,1.0,-4.743219769325792,2.657300390625842
2024-01-10,1000,901,0.901,901,0.21945609465565888,0.09624596344968579,4.337386289323586e-17,1.0,-4.796485066488286,2.5480966462919845
2024-01-11,1000,905,0.905,904,0.25461536705791626,0.11922274679552058,0.0,0.9999999999999999,-4.801205036813119,2.500938864949705
2024-01-12,1000,903,0.903,903,0.2124738537572817,0.10133480414178737,-2.3606070955485057e-17,0.9999999999999997,-4.733753460712166,2.4196945372354084
2024-01-15,1000,903,0.903,903,0.20164823813225138,0.09919339810265415,-3.9343451592475096e-17,1.0000000000000002,-4.448748799558526,2.375810809498003
2024-01-16,1000,901,0.901,901,0.20959943051725533,0.09828103534695402,1.5772313779358495e-17,0.9999999999999993,-4.486692057917344,2.342364582665498
2024-01-17,1000,898,0.898,898,0.16533438943426323,0.049294199892140865,2.3737507876172613e-17,1.0,-4.426190276501611,2.2160075351788233
2024-01-18,1000,899,0.899,899,0.2145060951916016,0.11062455030249357,-3.161480470567743e-17,1.0000000000000002,-4.966364664996155,2.187005315283447
2024-01-19,1000,897,0.897,897,0.19788680282319748,0.09479532110240894,-6.337058958841473e-17,1.0000000000000004,-4.982006348329485,1.9604417144198225
2024-01-22,1000,892,0.892,892,0.16387045787260723,0.09577914098179068,-3.1862902948883416e-17,1.0000000000000002,-4.820986606776483,1.9319608841399738
2024-01-23,1000,893,0.893,893,0.2109830997198226,0.1273120523117957,1.5913611103249724e-17,1.0,-4.479662985285078,1.9881431573972053
2024-01-24,1000,901,0.901,901,0.1448216522489389,0.048828632734356774,8.674772578647172e-17,1.0000000000000007,-4.410055501244999,2.0948262133956455
2024-01-25,1000,908,0.908,908,0.08706870379654018,0.027939965742297377,8.607896578591522e-17,1.0000000000000013,-4.3722027971135855,2.345944496441278
2024-01-26,1000,908,0.908,908,0.03664847539081667,-0.024989741819576222,-1.173804078898844e-16,1.0000000000000018,-4.179528208564543,2.4353829968370686
2024-01-29,1000,904,0.904,903,-0.016624695296471904,-0.0575422197696253,4.7159916090272136e-17,0.9999999999999997,-3.9180725204067537,2.4895655722166876
2024-01-30,1000,899,0.899,899,-0.05621959074163661,-0.07271003971838742,-1.8178512705764522e-16,0.9999999999999996,-3.6769130997373285,2.635357804790764
2024-01-31,1000,887,0.887,887,-0.03147212859985732,-0.020087483906767345,4.806377017542955e-17,1.0000000000000007,-3.7354071052230022,2.7729152310938945
2024-02-01,1000,887,0.887,886,-0.04195269974997179,-0.042969706380509815,0.0,0.9999999999999996,-3.6969279595472027,2.748904619358738
2024-02-02,1000,883,0.883,883,-0.12476665900008116,-0.11908858080289857,-3.4199395549042195e-16,0.9999999999999999,-3.74386494763743,2.9656826391838416
2024-02-05,1000,874,0.874,874,-0.20242774840630462,-0.22403354070534265,-6.097334689016878e-17,0.999999999999999,-3.7638159158199302,3.0805996885298033
2024-02-06,1000,880,0.88,880,-0.18615085090617883,-0.23540157997574826,0.0,1.0000000000000009,-3.9804991385034794,3.2179005421479
2024-02-07,1000,878,0.878,878,-0.15866438212395131,-0.20830733642195293,-2.0231854662873013e-17,1.0000000000000007,-3.7167670241214923,3.2796757093711433
2024-02-08,1000,888,0.888,887,-0.17300742558314575,-0.19735896146224352,3.600723323108616e-17,0.999999999999999,-3.6328366765341644,3.5178856388161583
2024-02-19,1000,890,0.89,889,-0.18682347793137122,-0.23114806086703968,-1.476970855231669e-16,0.9999999999999991,-3.7366125719161714,3.6247396161890366
2024-02-20,1000,893,0.893,891,-0.19190645733242961,-0.23752438048381638,-4.774083330974917e-16,0.9999999999999999,-3.7162481848826374,3.6632839575120153
2024-02-21,1000,893,0.893,891,-0.1532645957712916,-0.20736238433871906,1.670929165841221e-16,1.0,-3.511337546378713,3.732319521411203
2024-02-22,1000,895,0.895,893,-0.15320913076181938,-0.18989720892798412,3.5725612412519e-17,0.9999999999999994,-3.614650602769129,3.7767843988608307
2024-02-23,1000,895,0.895,893,-0.1357622563161868,-0.1358122629888948,3.9695124902798894e-17,1.0,-3.5872503370337165,3.7097576364975224
2024-02-26,1000,896,0.896,895,-0.09921993190875159,-0.0929883775418689,-1.030921380009074e-16,0.9999999999999996,-3.565036705449858,3.6834788165660735
2024-02-27,1000,897,0.897,897,-0.03967091302329002,-0.013141885397814806,-1.742691213681405e-16,0.9999999999999997,-3.6177099004371556,3.5753410917468487
2024-02-28,1000,895,0.895,895,-0.07845202218497722,-0.06463407420835283,-1.0320732474727712e-16,0.9999999999999991,-3.7384810007886795,3.550834310194568
2024-02-29,1000,896,0.896,896,-0.037423180493280264,-0.019967087767933215,-2.616954272330726e-16,1.0,-3.7347023977246465,3.4835965265322093
2024-03-01,1000,896,0.896,896,-0.01780693344891205,0.00418250442487432,1.8239378261699e-16,0.9999999999999999,-3.807990123094919,3.4079803538136746
2024-03-04,1000,895,0.895,895,-0.05177268978986041,-0.02027059437802635,1.3496342466951624e-16,1.0000000000000002,-3.5585879796913664,3.3829651420515288
2024-03-05,1000,896,0.896,896,-0.04253819940714592,0.00024126879308733273,2.3790493384824782e-17,0.9999999999999994,-3.739232877459701,3.365013886503363
2024-03-06,1000,895,0.895,895,0.02928803365847768,0.06213152729247085,1.111463497278369e-16,0.9999999999999994,-3.743287411186328,3.2931720334293373
2024-03-07,1000,894,0.894,894,0.04200009401499105,0.05723762202309756,3.1791621286805377e-17,0.9999999999999994,-3.8727343171175894,3.19962419854445
2024-03-08,1000,893,0.893,893,0.05375850258528113,0.06289488837652203,2.2279055544549615e-16,1.0,-3.743377288103902,3.1298737959041656
2024-03-11,1000,896,0.896,896,0.16256258093596251,0.14985715573772088,1.6653345369377348e-16,0.9999999999999999,-4.025637024862855,3.005823359824727
2024-03-12,1000,899,0.899,899,0.1513212998733556,0.14634745829002982,-1.8968882823406458e-16,1.0000000000000002,-3.9605699020019993,2.8882392621580055
2024-03-13,1000,898,0.898,898,0.15819537671234032,0.16020318986778603,0.0,0.9999999999999994,-4.180679092856892,2.688255644779894
2024-03-14,1000,897,0.897,896,0.22926240334580206,0.21703868527070747,-6.337058958841473e-17,1.0000000000000004,-4.164053513157382,2.563525394589312
2024-03-15,1000,901,0.901,901,0.29941419753126636,0.2753221204353322,2.365847066903774e-17,1.0,-4.097666358979432,2.5459685068284195
2024-03-18,1000,902,0.902,902,0.2942528196622038,0.28555904760516054,-1.0240638098538029e-16,0.9999999999999997,-4.201645084355469,2.371177232613363
2024-03-19,1000,900,0.9,899,0.2812771962692469,0.2866235624885818,-9.473903143468003e-17,0.9999999999999991,-4.195597946596938,2.361897908871669
2024-03-20,1000,900,0.9,900,0.2930153705449944,0.28827672159607665,-7.105427357601002e-17,1.0000000000000007,-4.216906946706891,2.377582383744192
2024-03-21,1000,902,0.902,902,0.3208446909352048,0.2984692664002481,4.726448353171398e-17,0.9999999999999993,-4.110110079023597,2.353433361205331
2024-03-22,1000,899,0.899,899,0.31448760799848136,0.2885760485694875,6.322960941135485e-17,0.9999999999999997,-4.115968919894098,2.295730323176864
2024-03-25,1000,898,0.898,897,0.2977048037671267,0.2794142895710127,-9.495003150469045e-17,0.9999999999999999,-4.152377025568179,2.3198937115886333
2024-03-26,1000,899,0.899,898,0.2873097574704467,0.2634029605354667,-3.9518505882096786e-17,0.9999999999999999,-4.345328734656037,2.3090322327923998
2024-03-27,1000,891,0.891,891,0.20606573388700122,0.17599306485859698,-1.515186529679226e-16,1.0000000000000009,-4.414694430359275,2.2054273158938527
2024-03-28,1000,896,0.896,889,0.2117369001508894,0.19458440830264767,-3.172065784643304e-17,1.0000000000000002,-4.49178048674994,2.1935233798016363
2024-03-29,1000,896,0.896,895,0.24696151287592322,0.20066148459018388,-7.930164461608261e-17,0.9999999999999999,-4.563560543021452,2.1495022628341887
2024-04-01,1000,900,0.9,899,0.2230343222719195,0.1744261004295259,-7.105427357601002e-17,0.9999999999999997,-3.945682114537133,2.122028946833728
2024-04-02,1000,902,0.902,901,0.17145416733720412,0.12330986660327882,7.87741392195233e-18,0.9999999999999999,-3.8350318789485334,2.1411156694471716
2024-04-03,1000,904,0.904,903,0.11965280801736536,0.05690920790746795,-7.859986015045356e-18,1.0000000000000002,-3.930049251457905,2.2133172868784396
2024-04-08,1000,897,0.897,896,0.12851959138374366,0.06524647439029278,1.0297720808117394e-16,1.0000000000000002,-3.797966123071089,2.2062047876903814
2024-04-09,1000,901,0.901,899,0.16392326087020487,0.08188588203152689,9.463388267615096e-17,1.0,-4.106215726319581,2.189293840616991
2024-04-10,1000,900,0.9,899,0.1534712500739466,0.08965035753929994,6.315935428978668e-17,1.0000000000000002,-4.216435648586627,2.151260501150559
2024-04-11,1000,902,0.902,901,0.15752119035874013,0.09608436654078226,3.150965568780932e-17,1.0,-4.197903925128196,2.142768685114699
2024-04-12,1000,898,0.898,897,0.14203394054331517,0.09093412193591985,1.4242504725703568e-16,0.9999999999999997,-4.377791615111969,2.1763119257398085
2024-04-15,1000,896,0.896,896,0.017481264253835078,0.02452236920258341,-7.93016446160826e-18,0.9999999999999994,-4.544067530502447,2.1602061102623042
2024-04-16,1000,886,0.886,884,-0.08068055469848148,-0.07238266099326084,1.1227537585374044e-16,1.0000000000000007,-4.558805696114309,2.2754201991312764
2024-04-17,1000,896,0.896,895,-0.038158617491558466,-0.03458756941786795,7.93016446160826e-18,0.9999999999999994,-4.532218004816726,2.243243059099109
2024-04-18,1000,896,0.896,896,-0.044216871243971397,-0.038036625138001386,1.1102230246251565e-16,0.9999999999999998,-4.430285444925614,2.2914501263778604
2024-04-19,1000,892,0.892,892,-0.06465096389985307,-0.07027652250240755,1.2745161179553366e-16,1.0000000000000004,-4.41878055623223,2.2709661941207266
2024-04-22,1000,889,0.889,889,-0.10259077114042832,-0.10282268972535964,-8.791867371609789e-17,1.0000000000000004,-4.388791355021003,2.2417335868736563
2024-04-23,1000,890,0.89,890,-0.04013798973754216,-0.04082029944172922,1.1177076742293711e-16,0.9999999999999998,-4.463017267824244,2.2784356083155677
2024-04-24,1000,891,0.891,890,-0.010086205067284052,0.0038753925023473114,6.37973275654411e-17,1.0000000000000002,-4.531841423633599,2.236663557228921
2024-04-25,1000,891,0.891,890,-0.017421430156676267,0.010304944352516747,-5.582266161976096e-17,0.9999999999999996,-4.587454882880386,2.21094828739874
2024-04-26,1000,901,0.901,901,0.017954306832276737,0.03945479891880827,1.1040619645550947e-16,0.9999999999999997,-4.450243439296245,2.0517496698054054
2024-04-29,1000,904,0.904,899,0.018913495380363004,0.033057394322021476,7.859986015045356e-18,1.0000000000000002,-4.343040375779308,2.292412314766538
2024-04-30,1000,897,0.897,897,0.023375437438933996,0.03183220814560595,-7.921323698551842e-17,1.0000000000000007,-4.310609904751616,2.3694626220284682
2024-05-06,1000,904,0.904,904,0.055785828051239,0.04456679792567462,-3.1439944060181424e-17,1.0000000000000004,-4.110690341470457,2.4360952712035906
2024-05-07,1000,903,0.903,903,0.07225961865517025,0.05865725487027351,-8.655559350344521e-17,0.9999999999999989,-4.137192115258835,2.488372724652074
2024-05-08,1000,902,0.902,902,0.10669927028769877,0.09635773043696164,7.87741392195233e-18,0.9999999999999998,-3.9277875007110348,2.5556199159362007
2024-05-09,1000,902,0.902,902,0.09488530106355275,0.06992928567868875,-8.665155314147564e-17,1.0000000000000009,-3.9074908844876286,2.585844789138668
2024-05-10,1000,903,0.903,902,0.08368688487089554,0.08161941237813404,-1.1803035477742528e-17,1.0,-3.5160271231953377,2.745527498372095
2024-05-13,1000,900,0.9,900,0.09621715674570447,0.07926366229475725,3.947459643111668e-17,0.9999999999999997,-3.6660312986118977,2.674444960919409
2024-05-14,1000,901,0.901,901,0.03838095803794203,0.04218414812163882,0.0,1.0,-3.546392276667031,2.6743018025417538
2024-05-15,1000,901,0.901,901,0.05747667990858082,0.067930951599032,-1.4589390245906608e-16,1.0000000000000002,-3.508991986427723,2.708787917502432
2024-05-16,1000,901,0.901,901,0.0680991483652338,0.08005558445799969,-1.340646671245472e-16,1.0000000000000002,-3.452763922663232,2.6822262751541297
2024-05-17,1000,906,0.906,904,0.06591743233667946,0.0767788497377378,0.0,1.0000000000000004,-3.532263353446389,2.696380201975564
2024-05-20,1000,901,0.901,901,0.07717964485287652,0.0844088327940527,0.0,1.0,-3.6891914975546447,2.6801286927965107
2024-05-21,1000,901,0.901,901,0.09151387860772947,0.10813069697597519,2.7601549113877367e-17,0.9999999999999997,-3.92824402832145,2.6857714033581304
2024-05-22,1000,902,0.902,902,0.05654887634108628,0.061580168364992215,-3.9387069609761654e-17,1.0000000000000007,-4.027603255850787,2.8056036186717526
2024-05-23,1000,896,0.896,896,0.08480733249351897,0.09672684427243697,4.7580986769649563e-17,0.9999999999999994,-4.284581243545443,2.737877716386421
2024-05-24,1000,896,0.896,896,0.06555524935618184,0.05837093890679434,-4.7580986769649563e-17,1.0,-4.172769850224703,2.713332551886422
2024-05-27,1000,897,0.897,897,0.09851596396611523,0.0868942640133156,-3.960661849275921e-17,1.0,-4.214986261305785,2.824128850443946
2024-05-28,1000,895,0.895,895,0.10968034101085962,0.10056609146674694,1.1908537470839668e-17,1.0,-4.290660070558208,2.953393570877202
2024-05-29,1000,894,0.894,894,0.12172939703115876,0.12106199137708984,-6.358324257361075e-17,0.9999999999999994,-4.307864048549428,2.966651983881929
2024-05-30,1000,892,0.892,892,0.06568602154859951,0.06513656639111072,7.965725737220854e-18,0.9999999999999993,-4.258200520737656,2.7318972623668447
2024-05-31,1000,889,0.889,889,0.006241415780191593,0.0098790870934177,-1.798336507829275e-17,0.9999999999999997,-4.185433659657229,2.7520863745389716
2024-06-03,1000,887,0.887,887,0.05483605318913179,0.08285310491068971,7.209565526314432e-17,1.0000000000000007,-4.257188739717869,2.743721910370663
2024-06-04,1000,883,0.883,883,0.08390098670522086,0.12248379726909316,-1.609383319954927e-17,0.9999999999999999,-4.130799391370708,2.7022003150494913
2024-06-05,1000,881,0.881,881,0.08144231943973773,0.11464303138160939,8.46844350224864e-17,0.9999999999999999,-4.126249278461148,2.762980111176529
2024-06-06,1000,880,0.88,879,0.05295885583284151,0.08592067201641419,-4.844609562000683e-17,1.0000000000000009,-4.072094709923351,2.7481817251797978
2024-06-07,1000,882,0.882,881,0.003845725961881989,0.049118396413103664,1.2889664140772793e-16,1.0000000000000002,-3.8289135031512664,2.782392334503344
2024-06-11,1000,878,0.878,878,0.025826881562201528,0.0687085924996115,-2.832459652802222e-17,0.9999999999999996,-3.6635591485610175,2.828019210541348
2024-06-12,1000,879,0.879,879,0.05265003961691884,0.10108816269438765,1.616707021069625e-16,0.9999999999999997,-3.713137726504623,2.8826203745921464
2024-06-13,1000,875,0.875,875,0.05724664234002534,0.10455125797151704,-3.248195363474744e-17,0.9999999999999999,-3.9308351939360273,2.7279785299216495
2024-06-14,1000,877,0.877,877,0.06851620769190525,0.1131710821066401,-5.266280253638143e-17,1.0,-4.095730020625133,2.7847252989138953
2024-06-17,1000,875,0.875,875,0.06283640960735129,0.10630654001680513,-2.4361465226060577e-17,1.0,-3.711447897013415,2.6750046756080774
2024-06-18,1000,876,0.876,876,0.048269207409085066,0.08968269826500098,-2.6361459945437505e-17,1.0000000000000002,-3.6996554810369866,2.6296162585686713
2024-06-19,1000,874,0.874,874,0.11088502308356019,0.1409934973740649,3.8616453030440226e-17,1.0000000000000007,-3.909606462561525,2.7130418094604747
2024-06-20,1000,874,0.874,874,0.10563162816672225,0.12614989179312852,3.251911834142335e-17,1.0,-3.9178203113649945,2.776703309607572
2024-06-21,1000,875,0.875,875,0.10392820466115638,0.1013075531646174,-8.12048840868686e-18,1.0,-3.844228542974392,2.7044902342003247
2024-06-24,1000,869,0.869,869,0.06533622119540737,0.08817189143225693,-2.0441390556964908e-17,0.9999999999999999,-4.062415763351228,2.772701725636468
2024-06-25,1000,869,0.869,869,0.07745235354570103,0.09889656589213147,1.6353112445571926e-17,0.9999999999999997,-4.013233749158314,2.862747819155759
2024-06-26,1000,872,0.872,872,0.08199000353767343,0.09651907521193184,-6.926161988487215e-17,0.9999999999999996,-4.153415032586301,2.8373487974577616
2024-06-27,1000,871,0.871,871,0.08554034041714839,0.11427205993859632,3.263112448955684e-17,0.9999999999999996,-4.168985666030191,2.8807003487902443
2024-06-28,1000,869,0.869,869,0.10893155166227209,0.12732830267189915,1.4308973389875436e-16,1.0,-4.256600524523658,2.910287734347363
2024-07-01,1000,870,0.87,870,0.09694943202452846,0.13785770567992883,-3.675221047035001e-17,0.9999999999999997,-4.009870026014715,3.015209284183933
2024-07-02,1000,870,0.87,869,0.09856570677016684,0.15488927232323338,5.717010517610001e-17,0.9999999999999997,-3.8599566196022024,3.107753088145694
2024-07-03,1000,869,0.869,867,0.026560853569999775,0.10350388316180126,6.950072789368069e-17,0.9999999999999999,-3.821558452431102,3.171161225631828
2024-07-04,1000,864,0.864,862,0.03610366061897716,0.11070449374018675,6.167905692361981e-17,0.999999999999999,-3.7699424571741726,3.2339431880077356
2024-07-05,1000,862,0.862,860,0.0824911249211115,0.14216464964416411,-9.479398446915489e-17,0.9999999999999996,-3.972333508702524,3.1385336507265245
2024-07-08,1000,854,0.854,853,0.0905704622091211,0.16500073541500565,4.992103529930446e-17,1.0000000000000002,-4.1802719864368685,3.1499181025302927
2024-07-09,1000,852,0.852,851,0.1366775621641684,0.16407652114334562,5.837792429953875e-17,1.0,-4.252552125772054,3.106676025426159
2024-07-10,1000,848,0.848,847,0.15061256121721925,0.16203979991811068,-3.35161667811368e-17,0.9999999999999997,-4.076171749478809,3.172109386808533
2024-07-11,1000,856,0.856,855,0.14878733600803995,0.17285344231732042,2.0751832235984234e-17,1.0,-4.057439054883821,3.1254520030996304
2024-07-12,1000,858,0.858,857,0.15337520904782365,0.1695460054515332,-1.0765799026668185e-16,0.9999999999999997,-4.174619871453076,3.201490158750471
2024-07-15,1000,855,0.855,854,0.16299183871611944,0.15811935001649333,-2.9086544738717554e-17,1.0000000000000007,-4.228673745540761,3.1469402754518847
2024-07-16,1000,853,0.853,852,0.1595171821853594,0.16801815898724085,4.1649632811260266e-18,1.0,-4.240666930712915,3.1373314949594455
2024-07-17,1000,854,0.854,854,0.12044153525780651,0.16467625994372,8.320172549884077e-18,0.9999999999999996,-4.131621440876908,3.2067645225811003
2024-07-18,1000,853,0.853,853,0.1055688433961283,0.17269007325804878,-1.4993867812053696e-16,1.0000000000000004,-4.270572121562524,3.095752741176737
2024-07-19,1000,851,0.851,851,0.1054367927759357,0.18165144880663908,-8.349503357933022e-17,0.9999999999999996,-4.237914144092395,3.1654455737021228
2024-07-22,1000,847,0.847,847,0.14928535608193186,0.21540930132615313,-2.0972335766236723e-17,1.0000000000000002,-4.1023798503687825,3.062197008423621
2024-07-23,1000,844,0.844,844,0.1321502265802225,0.20403385679478048,-8.418752793366115e-17,1.0000000000000007,-4.134251012440314,2.9264235682057396
2024-07-24,1000,838,0.838,837,0.053545520747678925,0.14179987678710534,-5.08741815580024e-17,0.999999999999999,-4.003757766454126,2.9403903447858704
2024-07-25,1000,841,0.841,840,0.06581389796335253,0.11048169909004543,1.056098002021552e-16,0.999999999999999,-3.9226051174403587,2.8839968247755254
2024-07-26,1000,845,0.845,844,0.07066594954080535,0.12254882081773129,4.204394886154439e-17,1.0000000000000002,-3.751701160107103,2.844345129261748
2024-07-29,1000,843,0.843,842,0.1301750806144265,0.15404595138708205,-2.5286218354451963e-17,1.0000000000000002,-4.644535009776564,2.6931387552248043
2024-07-30,1000,841,0.841,839,0.12654888822947002,0.14342315177507442,-3.379513606468966e-17,1.0000000000000004,-4.795248998646654,2.797652537537904
2024-07-31,1000,847,0.847,844,0.2078998942696316,0.23850757867490893,1.6777868612989378e-17,0.9999999999999996,-4.554663785076264,2.8178672193982077
2024-08-01,1000,844,0.844,843,0.17150039849784474,0.1701316604511391,-8.418752793366117e-18,1.0000000000000004,-4.4928844719555405,2.761992946341318
2024-08-02,1000,847,0.847,846,0.07831908751701736,0.08696317515679466,2.0972335766236723e-17,1.0000000000000004,-4.381481883101919,2.7696008965767334
2024-08-05,1000,849,0.849,846,0.09943254005396941,0.12137180042892734,-8.369172388222616e-18,0.999999999999999,-4.394383519368822,2.768122544745127
2024-08-06,1000,846,0.846,843,0.05080311269194666,0.08520092235803015,3.359540121797164e-17,0.9999999999999998,-4.110515410999008,2.798397165418941
2024-08-07,1000,848,0.848,846,0.04985255010154889,0.08550925427802623,8.3790416952842e-18,0.9999999999999999,-4.191923912858986,2.7331359666106056
2024-08-08,1000,846,0.846,842,0.026220263227849833,0.0667243766656981,1.679770060898582e-17,1.0000000000000009,-4.266918912014114,2.7637876487542137
2024-08-09,1000,845,0.845,841,0.03934511007848892,0.08619706072711822,0.0,1.0000000000000002,-4.29228727410204,2.770195959103085
2024-08-12,1000,847,0.847,843,-0.005961223275779655,0.05234881571318387,8.388934306494689e-18,1.0,-4.3821898394453145,2.8342223245818388
2024-08-13,1000,847,0.847,843,0.01653135497682765,0.050040140298799815,6.711147445195751e-17,1.0000000000000002,-4.526474082145225,2.7839945419990073
2024-08-14,1000,850,0.85,846,0.008898715434784975,0.03223812182956946,-1.6718652606120003e-17,0.9999999999999999,-4.236207084828067,2.707260513047869
2024-08-15,1000,850,0.85,846,0.06829297667819731,0.08553438413527537,3.3437305212240006e-17,1.0000000000000002,-4.337727756772158,2.639922201415585
2024-08-16,1000,852,0.852,848,0.06470909077838997,0.08160078094939018,-1.2509555207044018e-17,1.0,-4.109398396204956,2.7064505335086397
2024-08-19,1000,853,0.853,851,0.04178485896185155,0.05116461386050561,-5.414452265463835e-17,1.0000000000000004,-4.011577634689259,2.83233221025363
2024-08-20,1000,849,0.849,847,0.058250749867094734,0.05971050620582208,-4.6030448135224394e-17,0.9999999999999991,-4.12327102532974,2.764328702813807
2024-08-21,1000,848,0.848,845,0.08115187274112484,0.09566202957840679,-4.1895208476421e-18,0.9999999999999997,-4.301698104393543,2.631136906596296
2024-08-22,1000,845,0.845,843,0.035348908716650675,0.05637533461955024,-2.1021974430772194e-17,0.9999999999999994,-4.36469043394301,2.599492481873167
2024-08-23,1000,844,0.844,842,0.02626627282443483,0.03411210284654492,-6.735002234692893e-17,0.9999999999999994,-4.4290343408242085,2.569012520664047
2024-08-26,1000,849,0.849,847,0.04651762632708761,0.04211347152427356,2.0922930970556543e-17,0.9999999999999989,-4.489798717544049,2.5822358648479375
2024-08-27,1000,849,0.849,847,-0.009738741008978894,-0.025875185426859723,3.3476689552890466e-17,1.0000000000000002,-4.507424729093107,2.5411315312477427
2024-08-28,1000,847,0.847,845,-0.04175645408743288,-0.04777822641711438,2.0972335766236723e-17,1.0000000000000004,-4.586382374929698,2.4935148609442486
2024-08-29,1000,845,0.845,843,-0.032478381121426515,-0.03711318816553808,-4.204394886154439e-17,0.9999999999999999,-4.569227838588456,2.4462183256327545
2024-08-30,1000,850,0.85,848,-0.0020471122558910117,0.011605240599352244,8.359326303060001e-18,1.0,-4.6507891547782165,2.4939345860965325
2024-09-02,1000,847,0.847,845,-0.015849524205476764,0.009616055962875058,-1.132506131376783e-16,0.9999999999999997,-4.649247553714601,2.5153666459835513
2024-09-03,1000,843,0.843,843,0.004338787390011556,0.006075453586077517,3.3714957805935954e-17,1.0,-4.6394157299793966,2.46342072372618
2024-09-04,1000,840,0.84,840,-0.016992558072573247,0.00652417311149905,5.075305255429287e-17,1.0000000000000002,-4.427716203226057,2.598818818712075
2024-09-05,1000,842,0.842,840,-0.09301471982701841,-0.039105518042651485,-2.531624949264015e-17,1.0,-4.422184257772045,2.5004800059225256
2024-09-06,1000,840,0.84,840,-0.11108676422817379,-0.0461794874495666,-8.458842092382146e-18,1.0000000000000002,-4.651537348073997,2.3909069210383183
2024-09-09,1000,838,0.838,838,-0.12206518165903993,-0.0594879757189081,4.2395151298335335e-18,0.9999999999999998,-4.641436659443905,2.241052694176813
2024-09-10,1000,833,0.833,832,-0.14124743624659877,-0.07929158624667151,-8.529924799040819e-17,0.9999999999999999,-4.165665813236369,2.28880325363433
2024-09-11,1000,831,0.831,829,-0.13716354630646432,-0.07184888961546552,0.0,0.9999999999999993,-4.121686682785283,2.2703746873720334
2024-09-12,1000,832,0.832,830,-0.163484829255242,-0.11386975369063101,-7.686159401251084e-17,0.9999999999999999,-5.017398445224715,2.150359510734281
2024-09-13,1000,833,0.833,831,-0.19216659663161814,-0.18501162131697238,-6.823939839232654e-17,1.0000000000000002,-5.166663909748282,2.241285070441488
2024-09-18,1000,834,0.834,832,-0.16070164452307203,-0.16137116899681545,-3.407878828585612e-17,1.0000000000000007,-5.219887653110237,2.24866443095475
2024-09-19,1000,835,0.835,833,-0.1823567411081523,-0.16324781588365742,3.40379753657533e-17,1.0000000000000007,-4.114604783622361,2.3301319752239427
2024-09-20,1000,835,0.835,833,-0.16795922400400365,-0.15096757938407354,3.8292722286472466e-17,0.9999999999999999,-4.113447585535706,2.424929849091473
2024-09-23,1000,835,0.835,833,-0.15343431908936656,-0.1327852578439918,-4.254746920719163e-18,1.0000000000000004,-4.048103570397895,2.473476236082219
2024-09-24,1000,846,0.846,843,-0.169064913865586,-0.11043592328222801,5.039310182695746e-17,1.0000000000000002,-4.223448615984223,2.405587840873345
2024-09-25,1000,856,0.856,854,-0.16530337185965618,-0.12098100324023695,-8.300732894393693e-18,1.0000000000000002,-4.548324949418012,2.3270020213793186
2024-09-26,1000,865,0.865,864,-0.14979832309129132,-0.05310284469521392,-3.285746754960001e-17,0.999999999999999,-4.29653766591554,2.2536432343550747
2024-09-27,1000,880,0.88,879,-0.1274814196735834,0.004611219151712527,0.0,1.0000000000000007,-3.917689983556922,2.1845786934338447
2024-09-30,1000,900,0.9,899,-0.15360812685442576,-0.015009079935577187,3.947459643111668e-18,1.0000000000000002,-3.620667962323869,2.1713186812515053
2024-10-08,1000,913,0.913,912,-0.16594832436002915,-0.06732404901433257,-7.782505320483025e-18,0.999999999999999,-3.8044853335302413,2.228470241848001
2024-10-09,1000,902,0.902,900,-0.16268382482179797,-0.06837880131183868,4.726448353171398e-17,0.9999999999999992,-3.8485348092393865,2.189472060173169
2024-10-10,1000,901,0.901,900,-0.21637060283057624,-0.1031738808861652,8.280464734163209e-17,1.0000000000000002,-3.60324966274336,2.2391844682785242
2024-10-11,1000,898,0.898,897,-0.18015488538033794,-0.07825700752236102,-1.582500525078174e-17,1.0000000000000002,-3.6921840532442887,2.3088027032376552
2024-10-14,1000,901,0.901,900,-0.1747551282796852,-0.07474469340803586,-1.5772313779358495e-17,0.9999999999999996,-3.357349166222439,2.259664961594882
2024-10-15,1000,902,0.902,901,-0.14196764072981227,-0.06913310606320276,-3.938706960976165e-18,0.9999999999999999,-3.469621808940165,2.2996072456977292
2024-10-16,1000,902,0.902,901,-0.1024240047613173,-0.0256463102182982,-7.87741392195233e-18,1.0000000000000002,-3.6509159335682,2.397666661206572
2024-10-17,1000,899,0.899,897,-0.0767849924657244,-0.01357645685590321,-7.903701176419357e-18,0.9999999999999998,-3.509056768006913,2.4510468942663333
2024-10-18,1000,902,0.902,900,0.002467887344486234,0.039984700392319425,3.938706960976165e-18,1.0000000000000007,-3.541794118976264,2.532686177645052
2024-10-21,1000,902,0.902,901,0.10502309884193424,0.128138347592442,-7.87741392195233e-18,1.000000000000001,-3.955598450843313,2.3789948592316805
2024-10-22,1000,904,0.904,904,0.08337627571322871,0.13104643870125238,3.929993007522678e-18,0.9999999999999999,-3.952365173272156,2.4073753965897686
2024-10-23,1000,904,0.904,904,0.06102939107596458,0.0957305018029851,1.1789979022568034e-17,1.0000000000000007,-3.685987381531741,2.369121376817952
2024-10-24,1000,906,0.906,906,0.11271827930227764,0.11076701300584509,1.9606587631349344e-17,1.0000000000000013,-3.6840036979095476,2.3032275127947566
2024-10-25,1000,909,0.909,908,0.13908385603484105,0.14718476821898618,-1.563350353707591e-17,0.9999999999999996,-3.6375558619762014,2.3641056236696576
2024-10-28,1000,914,0.914,913,0.16678615221949677,0.19868021547299258,-3.8869952722106136e-18,1.0000000000000002,-3.5357273275821255,2.379432310996867
2024-10-29,1000,911,0.911,909,0.18048721949429794,0.20866474391284132,3.1198363809444576e-17,0.9999999999999994,-3.4473876282621005,2.4460859278861427
2024-10-30,1000,911,0.911,909,0.1870041673135374,0.2077483856696115,-1.949897738090286e-17,1.0,-3.3752383364082807,2.4504637543674
2024-10-31,1000,914,0.914,913,0.21048782835580043,0.24879332345650007,-1.3604483452737147e-17,0.9999999999999996,-3.726762916821168,2.431288710474267
2024-11-01,1000,911,0.911,909,0.13714616185673642,0.17895841449470726,1.1699386428541715e-17,1.0000000000000002,-3.780942939937822,2.254495155224868
2024-11-04,1000,913,0.913,911,0.11916765621858784,0.1415559639523901,-2.3347515961449075e-17,1.0,-3.665217844681949,2.3538227776713745
2024-11-05,1000,921,0.921,918,0.1432694440308211,0.15967026368125928,3.8574524199788285e-18,1.0000000000000004,-3.6764058444968692,2.566247461668764
2024-11-06,1000,918,0.918,915,0.14690440711586655,0.20105165446819137,-2.5155380078652783e-17,1.0000000000000002,-3.6210515662764498,2.521532463379235
2024-11-07,1000,926,0.926,924,0.11256735799331119,0.1803026775337848,1.3428183451189799e-17,1.0,-3.506680646343334,2.5594694498867008
2024-11-08,1000,923,0.923,922,0.1482308224499889,0.21174055358632027,1.539637563943879e-17,1.0000000000000002,-3.583539605626942,2.5294491825518453
2024-11-11,1000,924,0.924,923,0.1508847321536651,0.25185040416885573,0.0,1.0000000000000004,-3.4861701846321114,2.4732270751771983
2024-11-12,1000,921,0.921,920,0.16820162717279957,0.26416280167844497,7.714904839957657e-18,1.0000000000000007,-3.7280438832094136,2.4934894144069637
2024-11-13,1000,920,0.92,919,0.09415196947960056,0.15821142855566211,1.9308226515220114e-18,0.9999999999999999,-3.804210992224533,2.4835470903625665
2024-11-14,1000,917,0.917,916,0.051552249094133897,0.11977814636067653,-3.1962800272741694e-17,0.9999999999999996,-3.7150557095702177,2.4154460814213325
2024-11-15,1000,916,0.916,916,0.004663199910774398,0.07094552168288806,-1.7453287723364907e-17,0.9999999999999994,-3.8352707806899082,2.388226199365382
2024-11-18,1000,916,0.916,915,-0.06524046952677087,-0.007435024074820199,-4.0724338021184784e-17,0.9999999999999999,-3.9717192984978285,2.277670379910341
2024-11-19,1000,917,0.917,916,-0.025480028176684575,0.05933727342842456,-1.0266838875486725e-16,0.9999999999999994,-3.9800871861185905,2.2564159171362723
2024-11-20,1000,917,0.917,916,-0.01797686336870259,0.1031961921570615,1.9371394104691935e-17,0.9999999999999991,-3.8316645475204676,2.3429341966812802
2024-11-21,1000,917,0.917,916,0.0036969805435716433,0.104494606345606,-5.036562467219903e-17,0.9999999999999998,-3.782377854607316,2.3620977764260593
2024-11-22,1000,915,0.915,912,-0.023131466560754984,0.05323982096630714,1.9413735949729513e-17,1.0,-3.7390673649925925,2.3770355321967407
2024-11-25,1000,914,0.914,912,0.060656519513208655,0.11792305776214491,2.1378473997158376e-17,1.0000000000000007,-3.6988966022594334,2.2593109499955877
2024-11-26,1000,914,0.914,912,0.0035200896053550765,0.08903628860873056,2.332197163326368e-17,0.9999999999999998,-3.8771475590359556,2.3053743080766447
2024-11-27,1000,917,0.917,914,0.13214059116390048,0.20090151266938358,7.748557641876774e-17,0.9999999999999991,-3.694641659876537,2.324935557955508
2024-11-28,1000,917,0.917,915,0.11689050208602847,0.18119596797549245,-6.19884611350142e-17,0.9999999999999998,-3.6079765519365297,2.417205340046913
2024-11-29,1000,917,0.917,912,0.1688492121388428,0.2188479271423663,-1.1622836462815161e-17,1.0000000000000007,-3.764906825150692,2.4261268643036558
2024-12-02,1000,920,0.92,917,0.21923254684611948,0.26960481224589283,-4.633974363652827e-17,1.0,-3.6438282446541645,2.4472132209180177
2024-12-03,1000,920,0.92,915,0.24243881075714985,0.2822354575401255,-3.089316242435218e-17,1.0000000000000002,-3.658289999350414,2.4891114850921987
2024-12-04,1000,922,0.922,918,0.223076786152464,0.3013022258734907,-5.779902948156997e-18,0.9999999999999993,-3.5550532940967536,2.438535630171289
2024-12-05,1000,924,0.924,920,0.3325512607501412,0.3516201877579667,9.996813381906172e-17,1.0000000000000004,-3.7200577109590136,2.466161593779046
2024-12-06,1000,925,0.925,922,0.3454482658851964,0.3719894917851143,1.190639178841249e-16,0.9999999999999993,-3.9008076922338684,2.246067542684113
2024-12-09,1000,925,0.925,922,0.3339963312905623,0.37436930986002503,2.688540081254433e-17,0.9999999999999998,-3.986856658876197,2.233798409704868
2024-12-10,1000,924,0.924,921,0.27909985893344563,0.35246642813866275,2.3069569342860397e-17,0.9999999999999989,-4.04923551580773,2.1883056490014132
2024-12-11,1000,926,0.926,923,0.25416584541784587,0.3218888148067172,-2.301974305918251e-17,0.9999999999999994,-4.012983723300988,2.2285058178473505
2024-12-12,1000,928,0.928,925,0.2870767806631001,0.3315095377769228,-1.1485065771984378e-17,1.0000000000000004,-4.170995988785433,2.3928701196308535
2024-12-13,1000,923,0.923,922,0.29387458336738204,0.30030858285981826,-3.8490939098596974e-18,1.0,-4.043538806986633,2.460839753174908
2024-12-16,1000,924,0.924,922,0.19354172194065633,0.20237686739715668,5.3828995133340925e-17,1.0,-4.074785795025713,2.4880938260990146
2024-12-17,1000,919,0.919,918,0.13207639788114614,0.18411282439518914,8.89144881527873e-17,0.9999999999999996,-4.083062999331381,2.5401979741221967
2024-12-18,1000,921,0.921,920,0.1533297700858739,0.1979543959993059,-6.557669113964009e-17,1.0,-4.066612447553617,2.6783244514796376
2024-12-19,1000,921,0.921,920,0.14045272710944198,0.18894024208148463,7.329159597959773e-17,1.0000000000000009,-4.053822430566527,2.652802647556341
2024-12-20,1000,920,0.92,918,0.15579442621939663,0.1752574890119365,-1.5832745742480493e-16,0.9999999999999997,-4.429793199950563,2.7778704691685303
2024-12-23,1000,914,0.914,913,0.0918610038166824,0.15559924086690044,8.940089126084412e-17,0.9999999999999991,-4.224103335067493,2.9219891149314714
2024-12-24,1000,916,0.916,916,0.056902934567378216,0.13915175328213722,-2.3271050297819874e-17,0.9999999999999999,-4.153352918271606,2.9102149536271336
2024-12-25,1000,914,0.914,914,0.028061225509715654,0.10883247663550026,-4.858744090263267e-17,0.9999999999999993,-4.344159869940015,2.9600224218336515
2024-12-26,1000,913,0.913,913,-0.022152936998362703,0.08099505538266821,4.085815293253588e-17,0.9999999999999998,-4.399793381887086,2.9599402060985684
2024-12-27,1000,915,0.915,913,0.005689315621529484,0.09628291581880948,8.736181177378281e-17,0.9999999999999989,-4.45417804015361,2.992654709893449
2024-12-30,1000,912,0.912,910,-0.08001038943294307,0.015577083276661435,4.0902953538821554e-17,0.9999999999999999,-4.405154541240318,2.9841457579100124
2024-12-31,1000,911,0.911,907,-0.14421966519125096,-0.021610910563195813,3.899795476180572e-18,0.9999999999999997,-4.310310892914821,3.0415675800612036
2025-01-02,1000,905,0.905,904,-0.09135516046948021,-0.014878442644094596,-2.747955331668896e-17,1.0000000000000009,-4.377815110195692,3.1177164351118782
2025-01-03,1000,899,0.899,898,-0.1863117200262641,-0.1327054456464732,1.264592188227097e-16,0.9999999999999997,-4.410223480995621,3.099797332658064
2025-01-06,1000,901,0.901,900,-0.21771076363361583,-0.15489374370737383,-1.163208141227689e-16,1.0000000000000007,-4.186008371975054,3.203090479094816
2025-01-07,1000,902,0.902,901,-0.17806649751817338,-0.12042131160750676,3.9387069609761654e-17,0.9999999999999998,-4.168373088800566,3.207807671920144
2025-01-08,1000,901,0.901,900,-0.11755799919357587,-0.08064662173291921,7.886156889679247e-17,0.9999999999999997,-4.0774173959416995,3.2007824866450894
2025-01-09,1000,902,0.902,900,-0.043333219629399844,-0.01643227928528316,-7.87741392195233e-18,1.0000000000000002,-4.287171737873112,3.167400094957316
2025-01-10,1000,897,0.897,895,-0.1539914562907182,-0.1332065604013128,-5.544926588986289e-17,1.0,-4.12725525794091,3.216288917512466
2025-01-13,1000,896,0.896,894,-0.10364510431136777,-0.07968887542486756,1.1102230246251565e-16,1.0,-4.213049610807536,3.2376931098090997
2025-01-14,1000,901,0.901,899,-0.09672353759484317,-0.06709047918829265,2.0504007913166043e-16,0.9999999999999994,-4.040166966188471,3.141534621301002
2025-01-15,1000,901,0.901,898,-0.09360636186684616,-0.05580478181644494,1.340646671245472e-16,0.9999999999999998,-4.006683852917586,3.1133497922818867
2025-01-16,1000,901,0.901,899,-0.08673486576821247,-0.04824241126892014,-1.9321084379714157e-16,1.0000000000000009,-4.049425578535951,3.0988311974733187
2025-01-17,1000,901,0.901,898,-0.07945116231479822,-0.03182687952903741,1.3800774556938682e-16,0.9999999999999998,-4.033296845249785,3.0889051988572365
2025-01-20,1000,902,0.902,899,-0.09232134628414009,-0.041317472632831795,-8.271284618049947e-17,1.000000000000001,-4.189764862073799,3.0124809480967154
2025-01-21,1000,901,0.901,898,-0.07692291712200068,-0.027462878985486695,7.097541200711323e-17,0.9999999999999992,-4.186216471134896,2.955899246322244
2025-01-22,1000,895,0.895,893,-0.0355908855573232,0.016752287860135776,3.9695124902798894e-17,0.9999999999999993,-4.1234923325281585,3.048601979570779
2025-01-23,1000,895,0.895,893,-0.03360520565537567,0.022409237191135786,-2.3817074941679335e-17,1.0000000000000009,-4.375003343010351,2.9668252353283746
2025-01-24,1000,895,0.895,893,0.03791342168789891,0.06078672576600523,5.954268735419834e-17,0.9999999999999994,-4.382512045824936,2.9373834754478256
2025-01-27,1000,899,0.899,897,-0.03892858041326557,0.0015513748850325324,6.322960941135485e-17,1.0000000000000002,-4.484826520653407,2.8865611064435077
2025-02-05,1000,900,0.9,897,-0.04896179877672002,-0.0023199899046367077,8.68441121484567e-17,0.9999999999999992,-4.456291139746561,2.8069705115088652
2025-02-06,1000,900,0.9,899,-0.025575777894644585,0.004129824549553552,-7.105427357601002e-17,1.0,-4.5173036601536065,2.6519441295571746
2025-02-07,1000,904,0.904,903,-0.018437715616293412,0.027249530280123564,2.7509951052658746e-17,1.0000000000000004,-4.23275350397716,2.5142022270313515
2025-02-10,1000,905,0.905,905,0.02987183885302439,0.05533900527313112,-6.673605805481604e-17,0.9999999999999997,-4.164031680345013,2.544552384244736
2025-02-11,1000,904,0.904,904,0.014939866767667084,0.035969066244862895,3.3404940563942766e-17,0.9999999999999991,-4.101540438780441,2.4295161660649875
2025-02-12,1000,905,0.905,905,0.06503594436876207,0.09408073944239202,2.355390284287625e-17,1.0000000000000004,-3.9737897971908036,2.4215534430600547
2025-02-13,1000,905,0.905,905,0.07594035667641826,0.11986102735411172,5.888475710719062e-18,1.0,-3.863819903160407,2.2552820461084417
2025-02-14,1000,905,0.905,902,0.023720555038505557,0.06453243561097027,-1.5702601895250834e-17,1.0,-3.6921022264021355,2.23185437090391
2025-02-17,1000,906,0.906,904,0.04740371059036022,0.08192394492135385,-7.842635052539737e-18,0.9999999999999989,-3.71800569580056,2.2102765381021965
2025-02-18,1000,904,0.904,901,0.015888565037160723,0.055236006918880386,-3.929993007522678e-18,1.0,-3.703499466712051,2.206955340358341
2025-02-19,1000,904,0.904,901,0.09566399555449417,0.12080930963950305,3.53699370677041e-17,1.0000000000000002,-3.5917890757746003,2.2356086590509494
2025-02-20,1000,905,0.905,902,0.12361692872384034,0.1510746463611511,3.140520379050167e-17,1.0,-3.6069007487778455,2.1891373777054426
2025-02-21,1000,907,0.907,904,0.19986761075214798,0.19777613056334106,-1.9584970665934403e-17,1.0000000000000002,-3.8079072444035744,2.226117213035709
2025-02-24,1000,906,0.906,902,0.19503409273975517,0.19302015212394102,2.1567246394484276e-17,1.0000000000000002,-3.9760488209346274,2.3102631335072594
2025-02-25,1000,904,0.904,901,0.32810157347042734,0.27442398223417613,1.6702470281971383e-17,0.9999999999999989,-4.1825245095138275,2.32655027976275
2025-02-26,1000,907,0.907,905,0.31312703594434826,0.2607149587823568,-3.721144426527537e-17,0.9999999999999999,-4.340326440008736,2.3046889372691926
2025-02-27,1000,908,0.908,905,0.299644915685179,0.26501668060800165,7.825360525992294e-18,0.9999999999999994,-4.479386607799477,2.345888535498363
2025-02-28,1000,905,0.905,904,0.2599662786694574,0.26297914388011967,-3.140520379050167e-17,0.9999999999999989,-4.462731618002969,2.4085709106122235
2025-03-03,1000,906,0.906,904,0.18085153178474736,0.21959036710288493,3.725251649956375e-17,1.0,-4.578044504468638,2.416690834724898
2025-03-04,1000,906,0.906,904,0.2716684289220041,0.25835901889458435,-1.1763952578809606e-17,0.9999999999999997,-4.56430758124696,2.4243267985892616
2025-03-05,1000,906,0.906,903,0.3406392082638253,0.30557018915970213,2.352790515761921e-17,0.9999999999999998,-4.688651119147959,2.5220558759750586
2025-03-06,1000,907,0.907,904,0.369605867965846,0.3129282573053256,-3.133595306549505e-17,0.9999999999999998,-4.7069977438574515,2.511712307581599
2025-03-07,1000,905,0.905,902,0.35768843427531716,0.3165750523355706,-3.9256504738127085e-18,1.0000000000000002,-4.61848003370987,2.465085905321381
2025-03-10,1000,906,0.906,904,0.31705594774392715,0.294470990328779,4.313449278896855e-17,0.9999999999999997,-4.629853157514702,2.486100594885214
2025-03-11,1000,906,0.906,904,0.31403759223708044,0.2833097287854697,-7.842635052539738e-17,0.9999999999999994,-4.564171527951603,2.519595114006576
2025-03-12,1000,906,0.906,904,0.2765206998220783,0.2631870778981772,1.9606587631349344e-17,1.0,-4.474460970362514,2.5403584023779224
2025-03-13,1000,905,0.905,903,0.23500788454313007,0.23470078894081361,-4.71078056857525e-17,1.0,-4.395183470217992,2.6190433926675674
2025-03-14,1000,906,0.906,902,0.2232896915999023,0.21306672662388768,1.1763952578809606e-17,0.9999999999999998,-4.494607880341304,2.6635212277548828
2025-03-17,1000,906,0.906,905,0.24515009762809598,0.23770196309955305,-7.842635052539737e-18,0.9999999999999992,-4.522765134390794,2.687517734774376
2025-03-18,1000,906,0.906,904,0.261535258888688,0.2314202221554755,4.313449278896855e-17,1.0000000000000007,-4.5233184641293125,2.6782509954633276
2025-03-19,1000,905,0.905,904,0.2518468999543275,0.21261349947206368,-1.5702601895250834e-17,1.0000000000000007,-4.426384454163886,2.7374359499066543
2025-03-20,1000,905,0.905,903,0.2567272543697957,0.19759358507303476,3.533085426431437e-17,0.9999999999999997,-4.604350936942771,2.807003086853543
2025-03-21,1000,904,0.904,901,0.1563661437369522,0.13272256469867416,-2.7509951052658746e-17,1.0000000000000013,-4.566948289135723,2.8455380395968084
2025-03-24,1000,903,0.903,900,0.17522668379667294,0.13348318318218103,1.5737380636990037e-17,1.0,-4.679496320206758,2.917448482693586
2025-03-25,1000,904,0.904,901,0.07969935661634966,0.05704998082035582,1.1003980421063498e-16,0.9999999999999998,-4.513257077136589,2.894039922734153
2025-03-26,1000,904,0.904,902,0.0957003765051102,0.07941928004430032,-2.7509951052658746e-17,0.9999999999999999,-4.577261865531882,3.0043247625870872
2025-03-27,1000,904,0.904,903,0.09073085559686905,0.06562534872640843,2.7509951052658746e-17,0.9999999999999996,-4.605182880542107,2.9447247688364273
2025-03-28,1000,903,0.903,902,0.04832248148438468,0.02179754101164237,6.294952254796015e-17,1.0,-4.5232234508760865,2.857736712907186
2025-03-31,1000,900,0.9,897,0.020613098861191285,0.011460800696303711,1.578983857244667e-17,0.9999999999999996,-4.400113039466174,2.8673365832123365
2025-04-01,1000,900,0.9,898,-0.08876503293188143,-0.07642798364370511,-2.3684757858670008e-17,0.9999999999999994,-4.158790543241326,2.8402080536665726
2025-04-02,1000,901,0.901,899,-0.14559229150460978,-0.11863423809584946,7.886156889679247e-18,0.9999999999999997,-4.14331393101624,2.8261943762280035
2025-04-03,1000,901,0.901,899,-0.24056208811380675,-0.19508995444137228,-7.886156889679247e-18,0.9999999999999999,-4.695854746867569,2.758397568233073
2025-04-07,1000,894,0.894,892,-0.20200641934755684,-0.1363035218154857,5.960928991276008e-17,0.9999999999999999,-4.633969369275321,2.7113279257961964
2025-04-08,1000,892,0.892,890,-0.2228009100727444,-0.14222205941580277,4.3811491554714695e-17,0.9999999999999999,-4.640965860637489,2.8217781469259102
2025-04-09,1000,894,0.894,891,-0.1818750659721016,-0.13300801125736608,-2.7817668625954706e-17,0.9999999999999999,-4.524586041444673,2.902287676951793
2025-04-10,1000,897,0.897,894,-0.12616481280846106,-0.09508727387493834,6.733125143769065e-17,0.999999999999999,-4.519223485196226,2.9200977587446055
2025-04-11,1000,897,0.897,894,-0.08036470858942782,-0.06434255855085713,2.7724632944931446e-17,1.0000000000000002,-4.567425269220966,2.8840055618407736
2025-04-14,1000,900,0.9,897,-0.013027942344949351,0.016512406778066042,-8.881784197001253e-17,0.9999999999999991,-4.558773575347348,2.8255997252395773
2025-04-15,1000,900,0.9,897,-0.06716340296660123,-0.02876021505496156,1.7763568394002505e-17,0.9999999999999997,-4.600447450888813,2.783462348112914
2025-04-16,1000,899,0.899,896,-0.09140341817533211,-0.05448415918921422,6.718145999956453e-17,0.9999999999999996,-4.517835618912925,2.8053684843763196
2025-04-17,1000,902,0.902,899,-0.07507240070450963,-0.0420407153873083,2.7570948726833157e-17,0.9999999999999993,-4.5204199443489435,2.6887385179361196
2025-04-18,1000,903,0.903,899,-0.09037328573501992,-0.037735149778539,0.0,0.9999999999999999,-4.491827160388237,2.7412838624503615
2025-04-21,1000,901,0.901,897,0.001808887440977321,0.03859476277215998,1.340646671245472e-16,0.9999999999999998,-4.69629551890295,2.773877446252852
2025-04-22,1000,900,0.9,897,-0.0200916908406738,0.05770635008792395,-8.289665250534503e-17,1.0,-4.579526289409415,2.7825554856999566
2025-04-23,1000,899,0.899,896,-0.03717389627907708,0.025614207015668727,-9.879626470524196e-17,0.9999999999999982,-4.562193770993502,2.81950010915967
2025-04-24,1000,900,0.9,897,-0.01823131445769535,0.03698792146009714,-7.894919286223335e-18,1.0000000000000009,-4.596524965324507,2.8060676372190616
2025-04-25,1000,901,0.901,898,-0.028076962294944205,0.052734387048071305,5.126001978291511e-17,0.999999999999999,-4.6112338976088765,2.8228628064828367
2025-04-28,1000,899,0.899,897,-0.03345113338873831,0.039459038052711934,2.3711103529258072e-17,1.0000000000000002,-4.508008693559662,2.895568139987624
2025-04-29,1000,902,0.902,898,-0.009282749501965896,0.07887635801414461,1.1816120882928495e-17,1.0,-4.400305723744297,2.792346471023838
2025-04-30,1000,899,0.899,897,0.004766713106146062,0.10183619424819645,-3.161480470567743e-17,0.9999999999999989,-4.376509466957921,2.714670409315846
2025-05-06,1000,898,0.898,896,0.01144823530480645,0.12131736232465595,-1.2264379069355849e-16,1.0,-4.458387952104277,2.731082995901002
2025-05-07,1000,901,0.901,898,-0.02350351844204744,0.08415520019640824,8.280464734163209e-17,0.9999999999999992,-4.205494073496754,2.720097815324514
2025-05-08,1000,903,0.903,900,-0.01504111401949138,0.07928832315228616,0.0,0.9999999999999994,-4.209646321437958,2.6059373009749427
2025-05-09,1000,901,0.901,900,-0.07180954527401513,0.03940551950722077,-3.943078444839624e-18,1.0000000000000002,-4.231968678339408,2.672204875807237
2025-05-12,1000,901,0.901,900,-0.05427127283853876,0.043554338832830934,2.365847066903774e-17,1.000000000000001,-3.911228397976607,2.4963434621452394
2025-05-13,1000,900,0.9,900,-0.038680763331694824,0.05473115389395958,4.342205607422835e-17,0.9999999999999997,-3.795238673618094,2.3820451883362987
2025-05-14,1000,901,0.901,901,-0.05559092477629838,0.04660204542508357,1.182923533451887e-17,0.9999999999999998,-3.699511486888016,2.330065881238204
2025-05-15,1000,900,0.9,900,-0.06725926398735192,0.04372810714700586,-9.473903143468003e-17,1.0000000000000004,-3.8845924161645082,2.3282577474237414
2025-05-16,1000,900,0.9,899,-0.06532670018139804,0.018453792392711697,-9.079157179156836e-17,1.0000000000000002,-4.2674313898500955,2.270297059256848
2025-05-19,1000,901,0.901,901,-0.015961549280623002,0.04761165019012581,4.337386289323586e-17,0.9999999999999998,-4.611596339046516,2.2219117784153504
2025-05-20,1000,900,0.9,900,-0.03659995216805174,0.03245354562105345,-3.947459643111668e-17,0.9999999999999996,-4.706474947189551,2.2546392996957394
2025-05-21,1000,900,0.9,900,0.0013533064233952452,0.0710428628315768,-7.105427357601002e-17,1.0000000000000007,-4.621428177192561,2.278417303680534
2025-05-22,1000,900,0.9,900,0.04554236615372662,0.13182757331955197,7.894919286223336e-17,0.9999999999999999,-4.738182138306172,2.28659963135145
2025-05-23,1000,900,0.9,899,-0.007255610516659511,0.04763969585952824,-7.894919286223335e-18,1.0,-4.807142923053725,2.412197120773077
2025-05-26,1000,899,0.899,899,-0.020425480033876165,0.06498142935609419,-4.7422207058516144e-17,1.0000000000000002,-4.59596919627149,2.428697401376459
2025-05-27,1000,899,0.899,899,-0.015530770036278736,0.037813516614789586,3.9518505882096784e-18,1.0000000000000002,-4.266607179933079,2.4838968058594326
2025-05-28,1000,899,0.899,899,-0.011379703947384754,0.021711297253305818,7.903701176419357e-18,1.0,-4.1133738869518215,2.526326270098246
2025-05-29,1000,901,0.901,901,-0.02336852477778887,0.034659963025642025,-1.9715392224198118e-17,1.0000000000000004,-4.086122930490405,2.5964377301636308
2025-05-30,1000,900,0.9,900,-0.07663768945561589,-0.040845342943594924,5.5264435003563346e-17,1.0000000000000007,-4.088159472386052,2.5633810388840867
2025-06-03,1000,901,0.901,901,-0.04876101346563479,-0.027447231693155386,7.886156889679247e-18,1.0,-4.057319620619762,2.524174535664337
2025-06-04,1000,902,0.902,901,-0.006228947610237245,0.03961183065075577,5.5141897453666315e-17,1.0,-4.063624654203881,2.5266038139300577
2025-06-05,1000,900,0.9,899,-0.02302955290089907,0.04682131252137976,7.894919286223335e-18,0.9999999999999994,-3.9523036927543944,2.482235111686538
2025-06-06,1000,900,0.9,899,-0.02848806036362641,0.032682724624065684,-1.1842378929335004e-17,1.0000000000000002,-4.278041763905506,2.4609308204964084
2025-06-09,1000,903,0.903,903,0.007032897899378846,0.06804514724087853,5.508083222946513e-17,1.0,-4.25806379306146,2.3827694889818787
2025-06-10,1000,901,0.901,901,-0.005594688874868139,0.03766842847316998,-9.069080423131134e-17,0.9999999999999997,-4.360000907505881,2.3733612821218495
2025-06-11,1000,902,0.902,902,-0.042404601559546104,0.04416067276282748,1.1816120882928495e-17,0.9999999999999992,-4.012891701029524,2.3916849808578484
2025-06-12,1000,902,0.902,902,-0.0035750892330636413,0.07559768018827315,1.2209991579026113e-16,0.9999999999999991,-4.046227523127829,2.3984182793099214
2025-06-13,1000,898,0.898,898,-0.027019810670534987,0.0576646492374865,-1.582500525078174e-17,1.0000000000000007,-4.371192595898878,2.3746747908929025
2025-06-16,1000,900,0.9,900,0.05547630944792671,0.11542075393090481,-3.157967714489334e-17,0.9999999999999996,-4.475725023129181,2.3313649158802945
2025-06-17,1000,901,0.901,901,-0.024635385504718728,0.06538208810758916,-7.097541200711323e-17,0.9999999999999998,-4.53406825052984,2.3398312003132005
2025-06-18,1000,901,0.901,901,-0.036064133525115546,0.053042866527953404,1.182923533451887e-17,0.9999999999999992,-4.520154778068791,2.3257201306363107
2025-06-19,1000,901,0.901,900,-0.14816621200145083,-0.040578346560009526,1.1829235334518872e-16,1.0000000000000007,-4.325373494699071,2.388681984111592
2025-06-20,1000,901,0.901,901,-0.1536039013162302,-0.05617143094212129,5.5203098227754734e-17,1.0,-3.985544069650484,2.4141609680288294
2025-06-23,1000,901,0.901,900,-0.057202315939727105,0.039035645703176705,-5.5203098227754734e-17,1.0,-3.8704314181212394,2.4155766725280436
2025-06-24,1000,902,0.902,901,0.013112126484378268,0.10483349175207092,-1.575482784390466e-17,0.9999999999999993,-4.132950036662787,2.3952815434714787
2025-06-25,1000,902,0.902,901,0.007844746438126807,0.09854192638500481,7.483543225854714e-17,0.9999999999999997,-4.10810576201424,2.372361077769973
2025-06-26,1000,903,0.903,902,0.0062783283731932945,0.0748083683164753,3.9343451592475096e-17,1.0000000000000002,-4.39366594083803,2.3183094325005746
2025-06-27,1000,904,0.904,903,0.010615037757575833,0.09984825198507417,3.929993007522678e-17,1.0000000000000004,-4.201948075052144,2.2749378469567643
2025-06-30,1000,906,0.906,906,0.006966058153796981,0.1080208000926532,-1.0979689073555633e-16,0.9999999999999994,-4.276075422580734,2.234626951280291
2025-07-01,1000,906,0.906,906,-0.039100674934171305,0.0752664821183992,4.705581031523842e-17,1.0,-4.316450337441557,2.17002185679458
2025-07-02,1000,908,0.908,908,-0.05619067163032988,0.05391438072103217,6.651556447093449e-17,1.0000000000000009,-4.288519454612354,2.156190979289689
2025-07-03,1000,907,0.907,907,-0.04813023227798599,0.04976773071975679,-6.658890026417697e-17,0.9999999999999996,-4.22695965372855,2.1524294637681014
2025-07-04,1000,907,0.907,904,-0.03708264052278339,0.08173001490911168,-8.617387093011138e-17,0.9999999999999996,-4.233133985872205,2.124381460266118
2025-07-07,1000,905,0.905,903,-0.0401576765062185,0.07040944707282927,6.673605805481604e-17,0.9999999999999992,-4.267556556164481,2.1177450141248837
2025-07-08,1000,910,0.91,907,-0.007539305207813621,0.09326184116884664,3.5136728691433524e-17,1.0000000000000016,-4.131293120773805,2.0828706522134857
2025-07-09,1000,911,0.911,908,-0.012336605446321898,0.06621517611342737,2.7298568333264003e-17,1.000000000000001,-4.0036506651818,2.035969336479771
2025-07-10,1000,914,0.914,911,-0.016594326990977327,0.07373117018481411,3.109596217768491e-17,0.9999999999999996,-3.9984631958776364,1.9745865276807992
2025-07-11,1000,917,0.917,915,-0.022053062863046154,0.06957551957389904,-5.8114182314075805e-18,0.9999999999999988,-3.93473420002571,1.971913432437781
2025-07-14,1000,915,0.915,913,-0.07411610278457649,0.02372283249485027,-3.494472470951313e-17,1.0000000000000009,-4.164709722001672,1.948245232498353
2025-07-15,1000,916,0.916,913,-0.07653842694857407,0.013625495202127112,-2.7149558680789853e-17,0.9999999999999998,-4.3790874369828785,1.8396198934461192
2025-07-16,1000,915,0.915,912,-0.11318601180687793,-0.014340201674067767,1.9413735949729513e-17,1.0000000000000016,-4.2388107352458135,1.836056659768209
2025-07-17,1000,916,0.916,912,-0.08924415135114518,0.016759068606293198,3.102806706375983e-17,1.0000000000000002,-4.016904094277627,1.770082674579959
2025-07-18,1000,916,0.916,914,-0.17874161971917485,-0.04828523151461855,0.0,1.0000000000000007,-4.016852331111523,1.7073927240957398
2025-07-21,1000,916,0.916,914,-0.20891522268309534,-0.0816044355399984,-1.0471972634018944e-16,0.999999999999999,-4.1130321401791345,1.6328881824759338
2025-07-22,1000,916,0.916,915,-0.23808813560222203,-0.10896412190077122,-2.3271050297819874e-17,1.0,-4.0091346312874405,1.6363582419371376
2025-07-23,1000,915,0.915,914,-0.22504442323073265,-0.10195774396812494,-7.765494379891805e-18,1.0000000000000002,-4.020371073557988,1.6061126738026223
2025-07-24,1000,917,0.917,916,-0.1907779440378604,-0.06884726945426618,-3.4868509388445484e-17,1.000000000000001,-3.8761157344739066,1.6258695281029965
2025-07-25,1000,917,0.917,915,-0.19426781316720987,-0.08365093906526845,7.748557641876774e-18,0.9999999999999998,-3.7859128560669753,1.6161025695092393
2025-07-28,1000,916,0.916,915,-0.16631702472485976,-0.06729961413220722,-7.757016765939958e-18,0.9999999999999988,-3.924654141945602,1.626779564549399
2025-07-29,1000,917,0.917,915,-0.07613796015900128,0.0011069368599314617,3.874278820938387e-18,1.0,-4.05177020895098,1.6779103185566118
2025-07-30,1000,916,0.916,915,-0.10264067091919353,-0.00829923142872139,-3.878508382969979e-18,0.9999999999999991,-3.9863547032354543,1.7013439579047378
2025-07-31,1000,913,0.913,912,-0.11083780036954852,-0.02020711493320206,3.11300212819321e-17,1.0000000000000002,-3.9707049378295043,1.6819175847574699
2025-08-01,1000,914,0.914,911,-0.16642244525631483,-0.0806099287254052,3.8869952722106136e-18,1.0,-3.93354088614218,1.6784813439551571
2025-08-04,1000,910,0.91,909,-0.17619724635522696,-0.10670194975309222,-3.904080965714836e-18,1.0000000000000002,-3.916653043638384,1.7188110850117195
2025-08-05,1000,913,0.913,912,-0.14627779574690558,-0.07189487008829214,-1.1673757980724537e-17,1.0000000000000002,-3.7556857764269282,1.7461180021155367
2025-08-06,1000,912,0.912,911,-0.13441016045329052,-0.040878766428265434,-3.895519384649672e-17,0.9999999999999998,-3.596196961069593,1.7874623032618786
2025-08-07,1000,911,0.911,910,-0.08521659290275718,-0.023583340938797236,7.799590952361144e-18,0.9999999999999998,-3.5621157682449964,1.828441729702749
2025-08-08,1000,911,0.911,910,-0.07355253079391486,0.005955021383611444,-7.799590952361144e-18,0.999999999999999,-3.52815738946305,1.8665862063212668
2025-08-11,1000,911,0.911,910,-0.03516240239149357,0.023565107273702073,-1.1699386428541715e-17,0.9999999999999993,-3.553738315399779,1.885576824993116
2025-08-12,1000,911,0.911,909,-0.03170443782472757,0.03810471249688937,3.899795476180572e-18,1.0000000000000004,-3.546923649110962,1.8737975004274956
2025-08-13,1000,910,0.91,910,-0.010433519899166438,0.05913388059952674,3.904080965714836e-18,0.9999999999999999,-3.5194574544917976,1.8832596132814945
2025-08-14,1000,907,0.907,907,-0.05129335355676856,0.014896931715931724,-7.833988266373762e-18,0.9999999999999994,-3.6455451228252453,1.9516593346671816
2025-08-15,1000,908,0.908,907,-0.0237301051102043,0.05491797802318987,-2.7388761840973025e-17,0.9999999999999991,-3.545946537348675,1.9269652829058623
2025-08-18,1000,913,0.913,912,-0.012243687161503763,0.04083007026726938,5.836878990362269e-18,0.9999999999999999,-3.4964903544929644,1.8675856496636218
2025-08-19,1000,913,0.913,912,-0.04063463266717866,0.02910724093835493,-1.9456263301207562e-17,0.9999999999999994,-3.4885733261010663,1.863638646023324
2025-08-20,1000,913,0.913,912,-0.06964651310282709,0.01994549643038959,-3.8912526602415124e-18,1.0000000000000007,-3.7982357557596593,1.866510732105132
2025-08-21,1000,913,0.913,912,-0.14552466678301026,-0.015504995363533237,-2.3347515961449075e-17,1.0000000000000002,-3.7803974986396343,1.8186975698668753
2025-08-22,1000,913,0.913,909,-0.09541532946547839,0.009548096451700084,3.8912526602415124e-18,1.000000000000001,-3.9454496722791994,1.8205967434167394
2025-08-25,1000,914,0.914,913,-0.10373110900939791,0.026381392297522833,5.83049290831592e-18,0.9999999999999999,-4.016520156953583,1.8334051103549964
2025-08-26,1000,913,0.913,912,-0.10222454733936498,0.008363936113215294,-1.9456263301207562e-18,0.9999999999999998,-3.69979812183369,1.8483609019166487
2025-08-27,1000,913,0.913,911,-0.09700364283991504,-0.019362991012991815,-3.8912526602415124e-18,0.9999999999999996,-3.6127737206821156,1.869730293955288
2025-08-28,1000,912,0.912,910,-0.04879763380474457,0.028407943348865074,2.7268635692547703e-17,1.0000000000000004,-3.7307691724491003,1.8837663165581942
2025-08-29,1000,912,0.912,909,0.009845159920133576,0.08927361534461739,-3.895519384649672e-18,1.0000000000000007,-3.587460692866126,1.932361248614039
2025-09-01,1000,912,0.912,909,-0.009789609855770714,0.07811048337803655,-1.1686558153949016e-17,1.0000000000000002,-3.6686860968112014,1.988190181689015
2025-09-02,1000,909,0.909,905,-0.05879813611974161,0.002634330870103577,7.816751768537955e-18,1.0,-3.8058304582526357,2.0015552977544577
2025-09-03,1000,908,0.908,904,-0.04737811827942154,-0.03342301808031571,-7.825360525992294e-18,0.9999999999999999,-3.8485311562489004,2.024973004278282
2025-09-04,1000,908,0.908,905,-0.035915322604305515,-0.0016553539293232933,-7.825360525992294e-18,0.9999999999999991,-3.947840774263197,2.1120297893436484
2025-09-05,1000,909,0.909,907,-0.06665969089685975,-0.039313918364378066,-7.816751768537955e-18,0.9999999999999997,-3.888375495484972,2.230435343114274
2025-09-08,1000,911,0.911,909,-0.022131456878495753,0.025239393059277353,3.899795476180572e-18,1.0,-3.904218618117111,2.171199260911845
2025-09-09,1000,911,0.911,909,-0.05149063266852759,-0.008696940565301415,-3.899795476180572e-18,1.0000000000000002,-3.7997696624813813,2.23622886309533
2025-09-10,1000,912,0.912,912,-0.014994639502301248,0.027146061020320085,0.0,0.9999999999999994,-3.776980942699186,2.2770657055505445
2025-09-11,1000,913,0.913,913,0.07120371742342034,0.1295586877198953,3.8912526602415124e-18,0.9999999999999992,-3.7026197441051805,2.2968220638819243
2025-09-12,1000,913,0.913,912,0.08598807550316662,0.1466556278631541,3.8912526602415124e-18,1.0,-3.6456894634094597,2.2764892927308216
2025-09-15,1000,914,0.914,914,0.1077039283622308,0.15504388007394634,1.5547981088842454e-17,0.9999999999999996,-3.5487676741980057,2.2904608069201484
2025-09-16,1000,918,0.918,918,0.16128871253811564,0.21258669816906975,-1.548023389455556e-17,0.9999999999999996,-3.6475949858848784,2.3033310516299323
2025-09-17,1000,918,0.918,918,0.1872894165021294,0.22823697009848964,0.0,0.9999999999999998,-3.9339456431163127,2.3087941108438503
2025-09-18,1000,918,0.918,917,0.1308148450375002,0.17173415718069965,2.709040931547223e-17,0.9999999999999996,-3.9104695671689544,2.353590956253097
2025-09-19,1000,915,0.915,912,0.12279317962085644,0.15935937572059822,-1.9413735949729513e-17,0.999999999999999,-4.039440318690503,2.319453058102958
2025-09-22,1000,912,0.912,911,0.12777273480179085,0.18359300396251235,7.791038769299344e-18,1.0,-4.050765122759471,2.345134586530241
2025-09-23,1000,911,0.911,910,0.047344177841515775,0.09039324710445809,0.0,0.9999999999999993,-4.315702745204914,2.334889624896819
2025-09-24,1000,912,0.912,910,0.08597636398607202,0.14448715018410038,-1.947759692324836e-17,0.9999999999999998,-4.269407112588777,2.4039260931905897
2025-09-25,1000,909,0.909,908,0.06984237968915324,0.1360415883375778,-1.563350353707591e-17,1.0,-4.027508932700008,2.401018671108615
2025-09-26,1000,909,0.909,906,0.039588623287834177,0.10165054248292409,-1.563350353707591e-17,0.9999999999999993,-4.050527690661761,2.402816150345234
2025-09-29,1000,907,0.907,906,0.1742012754833837,0.21630651812465573,0.0,1.0000000000000002,-3.8204236466722463,2.4218806534545787
2025-09-30,1000,906,0.906,904,0.13917569624812307,0.2114509166416489,-3.9213175262698686e-18,1.0000000000000009,-3.7415255311450704,2.4053464143528642
2025-10-09,1000,907,0.907,906,0.10489342506612573,0.185822038695435,1.1750982399560643e-17,0.9999999999999989,-3.6436577520729374,2.4908556662067034
2025-10-10,1000,909,0.909,909,-0.0310355891476139,0.05740821692880969,0.0,1.0000000000000002,-3.6124130252577484,2.4498152575971788
2025-10-13,1000,909,0.909,909,0.11904278361859767,0.18857865632196835,-3.908375884268978e-18,1.0000000000000007,-3.7901562864758467,2.4008456868501646
2025-10-14,1000,909,0.909,909,0.06527405605548935,0.13768973283239214,-2.3450255305613868e-17,0.9999999999999991,-3.576854735803963,2.511770290203153
2025-10-15,1000,909,0.909,909,0.0956170592370544,0.1805941892705632,1.954187942134489e-17,0.9999999999999997,-3.786954646607693,2.4482225630027235
2025-10-16,1000,908,0.908,908,0.05364255810789577,0.16138744834803362,-2.347608157797688e-17,0.9999999999999998,-3.811220009907758,2.4276545256680984
2025-10-17,1000,908,0.908,908,0.035948466215856546,0.14553889819134982,-3.521412236696532e-17,1.0000000000000002,-3.7935020682480323,2.514689365152883
2025-10-20,1000,908,0.908,908,0.02791508836755394,0.15428135721850253,3.912680262996147e-18,1.0000000000000009,-3.8221386568282107,2.543610982323279
2025-10-21,1000,908,0.908,908,0.03965776151483092,0.159042751810031,1.5650721051984587e-17,1.0,-3.951708836176569,2.5351526293092013
2025-10-22,1000,909,0.909,908,0.01800981460980082,0.13550632557726067,1.563350353707591e-17,1.0,-3.9806831878877396,2.524829847554341
2025-10-23,1000,909,0.909,908,0.0570465238326186,0.18267764833927275,3.908375884268978e-18,1.0,-4.166213937116541,2.5930584905261154
2025-10-24,1000,909,0.909,906,0.11653609983089806,0.22935215754223331,-2.7358631189882845e-17,0.9999999999999996,-4.091483463726596,2.556364104163675
2025-10-27,1000,908,0.908,906,0.1408707876267913,0.22697006742650055,0.0,1.0000000000000002,-4.15972432467231,2.596173939479775
2025-10-28,1000,908,0.908,906,0.12864244181468268,0.21943153925455747,1.5650721051984587e-17,0.9999999999999997,-4.282832334954772,2.545666272486065
2025-10-29,1000,909,0.909,907,0.11949313694240593,0.2100434181182572,3.908375884268978e-18,1.0000000000000002,-4.351670382042702,2.6158786665222316
2025-10-30,1000,909,0.909,907,0.08765664820564689,0.18185563997366158,3.908375884268978e-18,0.9999999999999992,-4.178932907142629,2.615690001633326
2025-10-31,1000,907,0.907,903,0.01006400492832928,0.10835727476836007,2.3501964799121286e-17,0.9999999999999991,-3.902102666607038,2.622305802829425
2025-11-03,1000,907,0.907,903,0.04454992012394025,0.14225557697030625,-3.916994133186881e-18,0.9999999999999998,-3.8830067953674323,2.674758435583525
2025-11-04,1000,907,0.907,903,-0.03305911599363762,0.050348677360146525,-1.9584970665934403e-17,1.0000000000000004,-3.8518892097978887,2.6643046847245833
2025-11-05,1000,909,0.909,905,0.051889551229225325,0.10739991677897939,-1.1725127652806934e-17,1.0000000000000007,-3.742085971607972,2.6766112897288217
2025-11-06,1000,909,0.909,905,0.06500362545842005,0.13922943100485244,-1.954187942134489e-17,1.0000000000000002,-3.9004442459282798,2.629281109486855
2025-11-07,1000,908,0.908,905,0.043714943355758394,0.10633639668209649,1.173804078898844e-17,0.9999999999999997,-3.8902444293273017,2.625013847126908
2025-11-10,1000,910,0.91,908,-0.032491569362368265,0.04100010919003123,-4.29448906228632e-17,1.0000000000000007,-3.901621838664988,2.628038987752308
2025-11-11,1000,912,0.912,908,-0.07917434143075534,-0.02956819294167079,1.1686558153949016e-17,1.0,-3.9047871355537764,2.592629295090869
2025-11-12,1000,912,0.912,908,-0.10505649992871016,-0.028789440149324594,1.1686558153949016e-17,1.0000000000000004,-3.906200276144488,2.58514519800034
2025-11-13,1000,914,0.914,910,-0.04978438518442028,0.03933639467038394,7.773990544421227e-18,0.9999999999999994,-4.123733387713828,2.6318398135805228
2025-11-14,1000,916,0.916,912,-0.03804911234257587,0.04158866319835294,-3.878508382969979e-18,0.9999999999999996,-3.8208370211286815,2.6211957216054835
2025-11-17,1000,916,0.916,913,0.004766813292916898,0.0642283306344482,0.0,1.0000000000000009,-3.964678214551871,2.6047090634057906
2025-11-18,1000,914,0.914,912,0.013245476125492551,0.07921854432335032,-2.332197163326368e-17,0.9999999999999999,-3.8739538303950107,2.6423545968566207
2025-11-19,1000,912,0.912,908,-0.0032340679735371612,0.054549357475622,-1.5582077538598687e-17,1.0000000000000002,-3.7215523496092326,2.5617559536810393
2025-11-20,1000,911,0.911,907,-0.06030727531942251,-0.007181408266491225,3.899795476180572e-18,1.0000000000000009,-3.7460632995454857,2.549845834429648
2025-11-21,1000,911,0.911,905,-0.1045139370066835,-0.0751159264452063,7.799590952361144e-18,1.0000000000000004,-3.5410217878131407,2.4814029296590623
2025-11-24,1000,911,0.911,907,-0.18338033165982656,-0.12664574709231913,1.5599181904722288e-17,0.9999999999999993,-3.6028446978252693,2.337836999306641
2025-11-25,1000,910,0.91,907,-0.13096011030127758,-0.08026120229745777,3.904080965714836e-18,1.0000000000000002,-3.6404182929462947,2.317892918019625
2025-11-26,1000,911,0.911,910,-0.14790568841608648,-0.08044073886537155,3.899795476180572e-18,0.9999999999999998,-3.7673129875751843,2.273487076075973
2025-11-27,1000,912,0.912,911,-0.15555208514829,-0.10021829901280754,1.1686558153949016e-17,0.9999999999999996,-3.86724551260803,2.2591535928451365
2025-11-28,1000,914,0.914,911,-0.1202445306113102,-0.05922568035765605,-1.5547981088842454e-17,1.0000000000000007,-3.9817964911920374,2.263437693448719
2025-12-01,1000,912,0.912,909,-0.10398715707895483,-0.03846444363011548,5.0641752000445734e-17,1.0000000000000007,-4.006540133577291,2.2551769142827607
2025-12-02,1000,911,0.911,909,-0.10427551723918854,-0.047462635388904134,-1.949897738090286e-17,0.9999999999999999,-4.045430674150371,2.2139930748954755
2025-12-03,1000,912,0.912,910,-0.11980771424958471,-0.05796805259077055,1.1686558153949016e-17,1.0000000000000013,-4.052494807783506,2.1716047526897495
2025-12-04,1000,910,0.91,908,-0.11803398243413694,-0.09515538525504227,-1.1712242897144509e-17,1.0000000000000004,-4.168755453218441,2.174682931416375
2025-12-05,1000,911,0.911,909,-0.1112306281240314,-0.07390117556462446,-3.899795476180572e-17,0.9999999999999994,-4.072771747790649,2.0208781138554577
2025-12-08,1000,911,0.911,909,-0.09999058255785068,-0.027892707887447743,-1.1699386428541715e-17,1.000000000000001,-3.9942569269414165,1.9809569352364942
2025-12-09,1000,909,0.909,906,-0.09749989133561085,-0.006190377299548327,3.51753829584208e-17,0.9999999999999999,-4.150413844297579,2.0112186158335588
2025-12-10,1000,911,0.911,909,-0.0950117138105637,-0.018513459192329166,0.0,0.9999999999999997,-4.275619050218788,2.027402124850729
2025-12-11,1000,909,0.909,905,-0.12170264470080212,-0.052356310575213644,2.3450255305613868e-17,0.9999999999999994,-4.3232288287654175,2.0161000422646915
2025-12-12,1000,909,0.909,903,-0.11552254327476015,-0.07219981394308987,-4.6900510611227736e-17,0.9999999999999994,-4.431777475299989,1.996854987564622
2025-12-15,1000,908,0.908,904,-0.09367133921011227,-0.05981390016775674,2.7388761840973025e-17,1.0000000000000004,-4.357973234291666,2.045243620878964
2025-12-16,1000,908,0.908,904,-0.08775651596517793,-0.07535487937053663,1.5650721051984587e-17,0.9999999999999996,-4.4816598467212705,2.0618095338920486
2025-12-17,1000,908,0.908,903,-0.09977887492116437,-0.05488748120541925,3.912680262996147e-18,1.000000000000001,-4.4341529890514355,2.043745706461359
2025-12-18,1000,906,0.906,903,-0.1272461858208942,-0.07479902451689939,-2.7449222683889082e-17,0.9999999999999992,-4.45429281720757,1.952455752447949
2025-12-19,1000,905,0.905,902,-0.015518871863558773,0.033930689021498865,-1.5702601895250834e-17,1.0000000000000002,-4.575725935888762,1.9924364056987496
2025-12-22,1000,904,0.904,902,-0.004085293912300306,0.008435043053872408,0.0,1.0,-4.42546557433025,2.0560345497610353
2025-12-23,1000,904,0.904,903,-0.05569656267704336,-0.0009737293651747794,7.859986015045356e-18,0.9999999999999996,-4.413934498673892,2.0595412996532216
2025-12-24,1000,904,0.904,903,-0.026756952757212193,0.017929903363947244,1.5719972030090712e-17,0.9999999999999996,-4.69367744553286,2.0658108803592214
2025-12-25,1000,903,0.903,903,0.0218426636564399,0.05410917409343685,-3.934345159247509e-18,0.9999999999999996,-4.651725898768066,2.1312306229002718
2025-12-26,1000,903,0.903,902,0.040593006929907034,0.075788297207132,0.0,0.9999999999999998,-4.856365846119616,2.1792826155034146
2025-12-29,1000,903,0.903,902,0.04371842838369679,0.10349374647882073,-1.1803035477742528e-17,1.000000000000001,-4.673787876051036,2.2065734476371865
2025-12-30,1000,902,0.902,902,0.09945974031140968,0.12864818285578475,4.332577657073782e-17,0.9999999999999996,-4.459531599720155,2.259241794354736
2025-12-31,1000,902,0.902,901,0.09676017179203265,0.13137235459833466,0.0,0.999999999999999,-4.58756871334615,2.306067504293637
2026-01-05,1000,902,0.902,901,0.06623503513838228,0.12697096973519054,-1.575482784390466e-17,0.9999999999999999,-4.45468215440692,2.3919662682866503
2026-01-06,1000,903,0.903,902,0.04370590948568017,0.10522724876092347,-3.934345159247509e-18,0.9999999999999994,-4.371819769039618,2.4074269511784308
2026-01-07,1000,904,0.904,903,0.11482513936593841,0.14273893309370975,2.3579958045136068e-17,1.0000000000000007,-4.335147877347139,2.4329709613915576
2026-01-08,1000,906,0.906,904,0.15405768120390823,0.17178668002739136,5.881976289404803e-18,1.0,-4.221470909380355,2.37485157205709
2026-01-09,1000,906,0.906,903,0.13696640522787384,0.14810466606032707,1.9606587631349343e-18,0.9999999999999989,-4.043815929916497,2.31757619736686
2026-01-12,1000,906,0.906,902,0.12116986875981878,0.1345331612929635,0.0,0.9999999999999993,-4.254661500737034,2.3232281005246254
2026-01-13,1000,905,0.905,903,0.11320569281983557,0.1545778739571754,1.1776951421438125e-17,0.9999999999999989,-4.269843611139277,2.3526763785187734
2026-01-14,1000,904,0.904,903,0.10473816602495091,0.16947840683907034,-5.894989511284017e-18,0.9999999999999997,-4.058732247877735,2.431813632074289
2026-01-15,1000,903,0.903,902,0.05836930618171723,0.1643755009411595,-7.868690318495018e-18,1.0000000000000004,-3.879550734516172,2.4547814585217576
2026-01-16,1000,901,0.901,900,0.03660547016205448,0.11508337847606372,3.943078444839624e-18,1.0,-3.8463994736336873,2.4524364803226804
2026-01-19,1000,902,0.902,900,0.06459560314864755,0.16047217839957703,-1.575482784390466e-17,0.9999999999999993,-4.07893764756575,2.4068097275565066
2026-01-20,1000,904,0.904,902,-0.03864140582886771,0.04688660010701695,-3.929993007522678e-18,1.0000000000000004,-4.095380756346243,2.511958507251183
2026-01-21,1000,903,0.903,901,-0.000753137995532071,0.09944660929685409,3.934345159247509e-18,1.0,-4.089165567123329,2.475496573012401
2026-01-22,1000,904,0.904,900,0.013112344851083584,0.10579038749085515,-1.3754975526329373e-17,1.0000000000000004,-3.9859583062387975,2.4738413640269736
2026-01-23,1000,908,0.908,904,0.027358823758057586,0.1307111131002036,7.825360525992294e-18,1.0,-4.064075438876545,2.5270462778933878
2026-01-26,1000,905,0.905,902,0.06486110637222098,0.1497728397071975,1.9628252369063543e-18,0.9999999999999992,-4.110564884014377,2.5309981481975155
2026-01-27,1000,905,0.905,902,0.045272937609156565,0.11867552709852157,0.0,0.9999999999999994,-4.074606867036903,2.5517731975773765
2026-01-28,1000,906,0.906,903,0.015130199200355767,0.09765609582716,-2.5488563920754146e-17,0.9999999999999997,-4.071143940024765,2.4763049206873022
2026-01-29,1000,906,0.906,904,0.02731703735018232,0.10469727001499705,-3.725251649956375e-17,1.0000000000000002,-3.869233030645592,2.481553480423977
2026-01-30,1000,906,0.906,903,-0.02028841025037557,0.07939486922556838,0.0,1.0000000000000002,-3.8671123372585012,2.46758597003728
2026-02-02,1000,905,0.905,904,-0.026400639489851163,0.05186790116203717,-1.373977665834448e-17,1.0,-4.0005431230211,2.4146919432918894
2026-02-03,1000,905,0.905,904,0.03345305032548437,0.08857635392486572,-1.1776951421438125e-17,0.9999999999999998,-3.989378528172725,2.4486347181694503
2026-02-04,1000,907,0.907,906,0.02252719344187244,0.08918008093439052,4.896242666483601e-17,0.9999999999999996,-3.881561788013608,2.4423563193241296
2026-02-05,1000,907,0.907,906,0.015186471791679885,0.06486632997454761,1.5667976532747524e-17,0.9999999999999997,-3.8503580062551,2.577554538457853
2026-02-06,1000,905,0.905,904,0.0774108598267011,0.12978995273581276,2.1591077605969895e-17,1.0,-3.8451138412196415,2.7469048243125886
2026-02-09,1000,905,0.905,905,0.14547982087220057,0.17738510626569082,-9.81412618453177e-18,0.999999999999999,-3.9238102888773483,2.8090569996402435
2026-02-10,1000,907,0.907,906,0.1014524289486266,0.12990545556443492,-5.875491199780321e-18,1.0000000000000009,-3.9437398207982564,2.7240919080355495
2026-02-11,1000,907,0.907,906,0.09552846887965184,0.1596249272264199,-7.833988266373762e-18,0.9999999999999996,-4.009212826369935,2.704986304855031
2026-02-12,1000,907,0.907,907,0.17163040736838173,0.20504800712555238,-9.792485332967202e-18,1.0000000000000002,-3.897430195897603,2.758527238114132
2026-02-13,1000,906,0.906,905,0.1188514420845312,0.17272873714991213,0.0,0.9999999999999996,-3.9744771491106703,2.7737926336330716
2026-02-24,1000,906,0.906,905,0.09111330491579088,0.1473790586404165,-1.5685270105079474e-17,1.0,-3.9296179830747384,2.7984864157231213
2026-02-25,1000,907,0.907,907,0.09666489252015609,0.1555694238768598,7.833988266373762e-18,1.0,-4.089262775565238,2.723152293575011
2026-02-26,1000,906,0.906,906,0.14671940354143143,0.1859682062001725,-1.764592886821441e-17,0.9999999999999994,-3.9389263684652343,2.7659230535422794
2026-02-27,1000,906,0.906,904,0.1295115885996224,0.16433646740341426,5.881976289404803e-18,1.0000000000000009,-4.0639886010113555,2.7871483364809118
2026-03-02,1000,906,0.906,906,0.15694404839685827,0.17795789265130038,-1.5685270105079474e-17,1.0,-3.8492668567512403,2.7908651396989432
2026-03-03,1000,906,0.906,906,0.056960818360003176,0.11612734812296435,9.803293815674672e-18,1.0000000000000002,-3.898450325265091,2.7919691161844065
2026-03-04,1000,905,0.905,905,0.13358686990679708,0.18857486758882483,-9.81412618453177e-18,0.9999999999999984,-3.9383682408989458,2.8118608870299484
2026-03-05,1000,906,0.906,906,0.0795502573693584,0.14112375316750653,3.9213175262698686e-18,0.9999999999999988,-4.0792634184236025,2.8037150093442644
2026-03-06,1000,907,0.907,907,0.02575410724407703,0.11384698094411383,-2.839820746560489e-17,1.0000000000000013,-4.097128329932558,2.798951038424635
2026-03-09,1000,907,0.907,907,-0.004174910576858536,0.08856294437703903,-1.3709479466154082e-17,1.0000000000000004,-4.160738462825885,2.8087793158708703
2026-03-10,1000,909,0.909,909,0.015183788093268771,0.08419605889188786,-1.954187942134489e-18,0.9999999999999994,-4.106117088464259,2.865812168957013
2026-03-11,1000,910,0.91,910,-0.05803149895588726,0.039252513482531594,-9.76020241428709e-19,0.999999999999999,-4.097124343387483,2.8699912175008193
2026-03-12,1000,910,0.91,910,-0.06728139821178675,0.004468927387241156,1.5616323862859345e-17,1.0000000000000002,-4.26161417368237,2.9594869055414317
2026-03-13,1000,910,0.91,910,-0.1493889668917344,-0.07067322679049459,-5.856121448572254e-18,1.0,-4.232589300537822,2.9348693495887166
2026-03-16,1000,911,0.911,911,-0.14217422310419559,-0.08233490645125426,-1.1699386428541715e-17,0.9999999999999997,-4.341174175953773,2.9043390166296303
2026-03-17,1000,912,0.912,912,-0.15621880875354927,-0.09674209404678714,1.947759692324836e-17,1.0000000000000004,-4.368621046976791,2.8626982528734155
2026-03-18,1000,912,0.912,911,-0.14722882352627756,-0.09855122839538095,-1.947759692324836e-18,1.0000000000000007,-4.350335701173276,2.844783070380133
2026-03-19,1000,910,0.91,909,-0.18667608319424273,-0.132849691802704,3.123264772571869e-17,1.0,-4.291037067858756,2.827170651266588
2026-03-20,1000,909,0.909,907,-0.2370974834400049,-0.19527813458666737,-2.3450255305613868e-17,0.9999999999999999,-4.3258971919855655,2.7145794513845454
2026-03-23,1000,904,0.904,902,-0.18433281760387535,-0.15421761040717347,-3.929993007522678e-18,0.9999999999999998,-4.307963884235732,2.69646623395333
2026-03-24,1000,908,0.908,905,-0.19668406799397398,-0.15161779933926756,3.912680262996147e-18,0.9999999999999999,-4.324134018513084,2.6755647563198948
2026-03-25,1000,910,0.91,907,-0.19235696467100574,-0.12110505697976491,-2.3424485794289017e-17,1.0000000000000002,-4.31798409928723,2.7011437745750984
2026-03-26,1000,909,0.909,905,-0.2577339814297156,-0.17243315419108893,-7.816751768537955e-18,0.9999999999999993,-4.286122505293268,2.675404250074035
2026-03-27,1000,910,0.91,908,-0.19624567560887934,-0.0889991505399928,-7.808161931429672e-18,0.9999999999999997,-4.408377239106353,2.6697248862009264
2026-03-30,1000,910,0.91,906,-0.16442864376119504,-0.06689452249059925,4.6848971588578034e-17,1.0000000000000002,-4.257626329638988,2.6677262982910177
2026-03-31,1000,911,0.911,905,-0.22195138012622131,-0.14235478453001152,7.799590952361144e-18,1.0000000000000002,-4.262990500018792,2.571789347258358
2026-04-01,1000,909,0.909,907,-0.20895957427840683,-0.12253160350206775,1.954187942134489e-17,0.9999999999999999,-4.218617813002035,2.5552893423750733
2026-04-02,1000,910,0.91,909,-0.22001063587985106,-0.13645435053016305,7.808161931429672e-18,1.0000000000000002,-4.182165899166896,2.5821774888334095
2026-04-03,1000,909,0.909,909,-0.22030339740969831,-0.16547967207081807,0.0,0.9999999999999996,-4.208115120223276,2.5890456616396325
2026-04-07,1000,910,0.91,910,-0.21816331736009378,-0.14556885659708946,2.3424485794289017e-17,0.9999999999999996,-4.180977236681428,2.5549929381917007
2026-04-08,1000,911,0.911,911,-0.20092010710692762,-0.1283805084461797,5.0697341190347436e-17,1.0000000000000007,-4.160480450586477,2.511323726034147
2026-04-09,1000,910,0.91,910,-0.17423277007615282,-0.10433276394104006,-3.5136728691433524e-17,1.0000000000000007,-4.200383448067026,2.5147539278299895
2026-04-10,1000,910,0.91,910,-0.20925913584251468,-0.11944829454061229,5.075305255429287e-17,0.9999999999999993,-4.26736312974098,2.441693884335434
2026-04-13,1000,910,0.91,910,-0.18124766281690685,-0.10670445850931767,-3.123264772571869e-17,1.000000000000001,-4.261807090223496,2.481533136157047
2026-04-14,1000,913,0.913,913,-0.16149274742328523,-0.07591914552030747,-2.3347515961449075e-17,1.0,-4.2815142259152426,2.460071077055799
2026-04-15,1000,913,0.913,913,-0.16343134771555723,-0.10364698445637481,-1.1673757980724537e-17,0.9999999999999999,-4.176934637648395,2.449543793797794
2026-04-16,1000,912,0.912,912,-0.12417253196005847,-0.05091559540930264,7.791038769299344e-18,1.0000000000000007,-4.11986855595253,2.4107376613177856
2026-04-17,1000,913,0.913,912,-0.13768143249221843,-0.06854322382597264,-3.8912526602415124e-18,1.0000000000000004,-3.9814581023955737,2.377773356631279
2026-04-20,1000,912,0.912,911,-0.10529356389132716,-0.03757052790815045,7.791038769299344e-18,0.9999999999999994,-3.865492431700233,2.495005222242931
2026-04-21,1000,911,0.911,911,-0.11887783412427634,-0.03594434783952969,1.1699386428541715e-17,0.9999999999999999,-3.8724275370348713,2.5087121480539962
2026-04-22,1000,913,0.913,912,-0.06876259820709014,0.005088315825164095,7.782505320483025e-18,0.9999999999999996,-3.8632344603809616,2.503732424343593
2026-04-23,1000,909,0.909,909,-0.07479231407333514,0.005725442344900075,-9.770939710672445e-18,1.0000000000000004,-3.6782077241021756,2.5521721084856486
2026-04-24,1000,910,0.91,908,-0.048965129114950164,0.03842275917628034,-9.760202414287091e-18,0.9999999999999998,-3.6377657431371815,2.5854606130302864
2026-04-27,1000,909,0.909,909,-0.08008210130080183,0.014740997564738434,-3.908375884268978e-18,1.0000000000000002,-3.69087479021848,2.585234547801504
2026-04-28,1000,909,0.909,906,-0.08127328349580976,0.035113888429795924,3.908375884268978e-18,1.0000000000000009,-3.645794041124976,2.625859292713161
2026-04-29,1000,908,0.908,903,-0.022475472549430362,0.08406249327349964,-2.347608157797688e-17,0.9999999999999996,-3.5294266831032197,2.656983840903288
2026-04-30,1000,905,0.905,904,-0.005973408125091156,0.13247001918181106,0.0,1.000000000000001,-3.495217514423367,2.6915327382058623
2026-05-06,1000,906,0.906,905,0.019820083160941426,0.14530351991508036,2.352790515761921e-17,0.9999999999999991,-3.604626904594436,2.676032960919194
2026-05-07,1000,909,0.909,909,0.007606937645530627,0.11242054931155121,-1.1725127652806934e-17,1.0,-3.3583098588317744,2.641453342430496
2026-05-08,1000,909,0.909,909,0.0978579402299688,0.17780514073094877,-3.908375884268978e-18,1.0000000000000004,-3.4436739544738173,2.6320648734494068
2026-05-11,1000,910,0.91,910,0.05983972624906217,0.1584248467186377,3.904080965714836e-18,0.9999999999999996,-3.4272009262936836,2.4654320813631445
2026-05-12,1000,908,0.908,908,0.028273789226003477,0.13957497612973688,3.912680262996147e-18,1.0,-3.4184712837604776,2.429072349067035
2026-05-13,1000,909,0.909,909,0.06040170337981451,0.15407198608227965,-1.563350353707591e-17,0.9999999999999989,-3.3720448999999144,2.3071319247201414
2026-05-14,1000,906,0.906,906,0.01412459871405161,0.12776982024079264,-7.842635052539737e-18,1.0000000000000002,-3.622370033952156,2.2857622994946376
2026-05-15,1000,904,0.904,904,-0.0008017212505457682,0.11162022385655924,7.859986015045356e-18,1.0000000000000002,-3.7706826424608835,2.295386040082592
2026-05-18,1000,904,0.904,904,-0.049584960621228184,0.07715911545828803,0.0,0.9999999999999996,-3.752654243816626,2.1751124078758135
2026-05-19,1000,904,0.904,904,-0.10832936734500852,0.018623184938482185,0.0,1.0000000000000013,-3.931659680983261,2.0746946303094753
2026-05-20,1000,902,0.902,902,-0.10120656866324863,0.032213407044926576,-3.938706960976165e-18,0.9999999999999993,-3.9099865666821185,2.066351058033196
2026-05-21,1000,900,0.9,900,-0.16737110474096129,-0.014629985200105123,-1.1842378929335004e-17,0.9999999999999994,-3.962192703605969,2.1143693840575115
2026-05-22,1000,900,0.9,900,-0.1591861907088974,-0.021282248846928604,7.894919286223335e-18,1.0000000000000009,-3.88266755649947,2.1835689669768965
2026-05-25,1000,900,0.9,900,-0.14466722502045323,-0.02122144271048249,-7.894919286223335e-18,1.0000000000000007,-3.8622688993280962,2.2772099976075855
2026-05-26,1000,900,0.9,900,-0.21852739898736684,-0.08118157192635013,1.578983857244667e-17,1.0000000000000007,-3.937563578836526,2.2948087642017128
2026-05-27,1000,897,0.897,897,-0.23988837358155715,-0.10440034298760209,5.940992773913881e-18,1.0,-3.797406586152555,2.3402890274475308
2026-05-28,1000,896,0.896,895,-0.18806893395884827,-0.05275382705667471,-1.1895246692412391e-17,0.9999999999999992,-3.8308111673850145,2.382856103775901
2026-05-29,1000,895,0.895,893,-0.20647699237916856,-0.10002323467301578,3.969512490279889e-18,1.0000000000000002,-3.8160710885552773,2.385158238914275
2026-06-01,1000,898,0.898,897,-0.2517238323682554,-0.15460381313999255,-1.780313090712946e-17,0.9999999999999991,-3.990574827439587,2.378930858843628
2026-06-02,1000,896,0.896,895,-0.22533452348565292,-0.14340365003186983,6.938893903907228e-18,0.9999999999999998,-4.059951533307364,2.350003175484929
2026-06-03,1000,895,0.895,894,-0.2020666342782544,-0.12253113852201704,2.183231869653939e-17,1.0,-3.9920684820496217,2.3211699671310284
2026-06-04,1000,895,0.895,895,-0.1808926879619867,-0.08799149695090629,-9.923781225699724e-18,0.9999999999999994,-3.847188733353127,2.3693150010295594
2026-06-05,1000,895,0.895,895,-0.19312552783005796,-0.10631909591477098,3.9695124902798894e-17,1.0,-3.9040179305273286,2.370625570008461
2026-06-08,1000,892,0.892,892,-0.13849104312747992,-0.043295766106349894,-7.965725737220854e-18,1.0000000000000002,-3.8176124677725647,2.3531217484617053
2026-06-09,1000,894,0.894,894,-0.05511862270349349,0.02713280022230655,2.1856739634678697e-17,1.0,-3.823470587393008,2.4036711111327307
2026-06-10,1000,891,0.891,891,-0.11073678420275598,-0.02702349754673546,-1.993666486420034e-17,1.0000000000000002,-3.821582143085892,2.5076844193480237
2026-06-11,1000,891,0.891,891,0.008470322559047285,0.07531783251839251,-2.791133080988048e-17,1.0,-3.917062907919046,2.540438003381356
2026-06-12,1000,892,0.892,892,0.03450904441454291,0.109233973253315,-3.1862902948883416e-17,0.9999999999999994,-4.062241163579616,2.5593707775695234
2026-06-15,1000,892,0.892,892,0.06003789275497631,0.1373662951386455,-1.792288290874692e-17,1.0000000000000007,-4.032472573990075,2.7241602713372397
2026-06-16,1000,892,0.892,892,0.21353876815845,0.24570661051268924,-1.792288290874692e-17,0.9999999999999997,-3.979014357845539,2.880272508337296
2026-06-17,1000,892,0.892,892,0.2834755975501063,0.29077612162345967,-9.957157171526067e-18,1.0,-3.9120900207391984,2.9565277748022574
2026-06-18,1000,890,0.89,890,0.38181489879685726,0.34224195758301756,1.1975439366743262e-17,0.9999999999999999,-3.8995092401852998,2.9846641484994447
2026-06-22,1000,892,0.892,892,0.4359502017704966,0.3865101229924037,-2.3897177211662563e-17,1.0000000000000004,-3.8117453853772,3.045591227689258
2026-06-23,1000,892,0.892,892,0.4266653815764816,0.4298699881464993,-3.982862868610427e-18,1.0000000000000007,-3.8298310187917455,3.0114454906505617
2026-06-24,1000,890,0.89,889,0.45206235862638444,0.42929687531690613,-1.995906561123877e-17,0.9999999999999997,-3.828755621183988,2.9541893795319774
2026-06-25,1000,889,0.889,888,0.4836260232310467,0.4405930546033098,1.1988910052195166e-17,1.0000000000000007,-3.8198059323347517,2.9579405109114716
2026-06-26,1000,886,0.886,884,0.511572923546808,0.45985860346121,-4.009834851919301e-18,0.9999999999999997,-3.7892360372792906,2.9424892588019205
2026-06-29,1000,884,0.884,883,0.48818458094040107,0.4487436339146845,-2.813234813529808e-17,1.0000000000000002,-3.732946100360067,2.8517908701202686
2026-06-30,1000,881,0.881,880,0.5216336172748375,0.45668970605867565,2.4195552863567543e-17,0.9999999999999999,-3.7899132436443166,2.8975194884880855
2026-07-01,1000,889,0.889,889,0.5452571678272976,0.4984092210562594,-3.197042680585378e-17,0.9999999999999996,-3.8241178415121166,2.903452683243582
2026-07-02,1000,886,0.886,886,0.5824826294461835,0.531307914527899,-2.4059009111515807e-17,0.9999999999999996,-3.8472447486438877,2.8648215458590895
2026-07-03,1000,886,0.886,886,0.5415303212544005,0.48709652727174896,4.009834851919301e-18,0.9999999999999991,-3.861715893887608,2.81999861584906
2026-07-06,1000,898,0.898,898,0.5616896925388906,0.5109801923574712,-1.1868753938086306e-17,1.0000000000000004,-3.985079092644929,2.7794048207786264
2026-07-07,1000,895,0.895,895,0.5201063535179532,0.4771279466193886,0.0,1.0000000000000007,-3.8741179886689525,2.7755845973038875
2026-07-08,1000,894,0.894,894,0.430043096781342,0.3901590539476471,-7.947905321701344e-18,0.9999999999999999,-3.855082777842351,2.8729509378611704
2026-07-09,1000,894,0.894,894,0.41491053630687597,0.38739379425616766,3.973952660850672e-18,0.9999999999999992,-3.8636388027264204,2.927384655444717
2026-07-10,1000,896,0.896,896,0.32727588489883286,0.3298185633591902,-1.1895246692412391e-17,0.9999999999999994,-3.819812953426227,2.964548220406566
2026-07-13,1000,895,0.895,894,0.28280527898531616,0.2558915375420215,-3.969512490279889e-18,1.0000000000000002,-3.770949869740604,3.092208168889287
2026-07-14,1000,895,0.895,894,0.2998929890185955,0.25000132152377974,7.939024980559778e-18,1.0000000000000002,-3.7931240548014196,3.102656883202353
2026-07-15,1000,899,0.899,898,0.1303408158650126,0.08220065365509707,7.903701176419357e-18,0.9999999999999998,-3.9287894934854934,3.048585870401932
2026-07-16,1000,901,0.901,900,0.0430575912935014,-0.004746582675330075,7.886156889679247e-18,0.9999999999999992,-3.8911462685597105,2.947058048790074
2026-07-17,1000,897,0.897,896,-0.13026864434044663,-0.18373770775130122,3.1685294794207366e-17,1.0000000000000007,-3.9301258741349154,2.959463716431067
2026-07-20,1000,898,0.898,897,-0.36475354591527265,-0.38957375884554407,-3.956251312695435e-18,1.0,-3.950661887316637,2.986693709228322
2026-07-21,1000,895,0.895,894,-0.27140368329794473,-0.30671673216660417,1.1908537470839668e-17,1.0000000000000002,-3.9231775194282585,2.9972936786616438
2026-07-22,1000,895,0.895,892,-0.18630737727211757,-0.2204930375906798,-7.939024980559778e-18,0.9999999999999999,-3.9499712045043527,2.9740314364667717
2026-07-23,1000,896,0.896,894,-0.19619595105162152,-0.21546213507447765,-9.912705577010326e-18,1.0000000000000002,-3.996839026603337,3.0384840959749417
2026-07-24,1000,892,0.892,890,-0.22278657511177596,-0.26720042132971494,3.982862868610427e-18,1.0000000000000002,-3.9821111152424358,3.020865109203408
2026-07-27,1000,897,0.897,896,-0.06155594674385722,-0.09765915462248118,1.9803309246379605e-17,0.9999999999999998,-3.9499249301277084,2.986641587199445
2026-07-28,1000,898,0.898,896,-0.2167150827707305,-0.23962992855152462,0.0,1.0,-3.89990392938921,2.919552152054507
2026-07-29,1000,903,0.903,902,-0.2883911352056613,-0.3048442707100964,2.3606070955485057e-17,1.0000000000000009,-3.986806111087522,2.8974222897063746
2026-07-30,1000,904,0.904,903,-0.3727157139179188,-0.4066079180928747,-2.7509951052658746e-17,1.000000000000001,-3.989569905846094,2.865638446116454
2026-07-31,1000,907,0.907,906,-0.34033478598499073,-0.3335677269470483,-3.916994133186881e-18,1.0000000000000007,-4.039662816575621,2.875101970663346
2026-08-03,1000,908,0.908,907,-0.41962219254087957,-0.3784730848264425,-2.347608157797688e-17,1.0000000000000004,-4.116082894705242,2.8158347664366143
2026-08-04,1000,904,0.904,904,-0.267216668294823,-0.2328580600282399,2.7509951052658746e-17,1.0000000000000002,-4.139981990806369,2.8443575297560058
2026-08-05,1000,904,0.904,904,-0.1800406336798119,-0.14728676000575192,-1.1789979022568034e-17,1.0000000000000009,-4.040896036824411,2.8842136068532103
2026-08-06,1000,905,0.905,905,-0.09291164179207595,-0.05557945409940761,7.851300947625417e-18,1.000000000000001,-4.14695818622854,2.899611699760904
2026-08-07,1000,905,0.905,905,0.10939402407422384,0.13186345262916294,-1.962825236906354e-17,0.9999999999999994,-4.058680050654738,2.923548312652683
2026-08-10,1000,907,0.907,906,-0.03750578136357057,0.028135420988522723,3.916994133186881e-18,1.0,-3.9336973260202748,2.8780215831506153
2026-08-11,1000,905,0.905,905,0.02134895116668135,0.07797939897980448,-1.1776951421438125e-17,0.9999999999999993,-3.9189256141197104,2.834179680974503
2026-08-12,1000,905,0.905,905,0.11363577930320601,0.1662926586286125,2.355390284287625e-17,0.9999999999999997,-3.850768015654749,2.8630113889313837
2026-08-13,1000,907,0.907,907,0.1305129673726351,0.18752476615592284,-2.3501964799121286e-17,1.0000000000000007,-3.917518220708316,2.822062278051
2026-08-14,1000,899,0.899,898,0.182954807365457,0.23134387000312978,-3.9518505882096784e-18,0.9999999999999998,-3.9321223758423773,2.806457241210597
2026-08-17,1000,902,0.902,900,0.22662546163708897,0.2506086784227479,7.87741392195233e-18,0.9999999999999999,-3.820646413029496,2.8310730612383495
2026-08-18,1000,901,0.901,899,0.14171487524823365,0.2084001791019154,-7.886156889679247e-18,0.9999999999999991,-3.7845556971085896,2.754381010494446
