date,group,formed_count,valid_count,mean_forward_return
2023-01-03,1,181,181,0.04195478620819593
2023-01-03,2,181,181,0.06968962118726191
2023-01-03,3,181,181,0.07767307260523659
2023-01-03,4,181,181,0.07989533587615742
2023-01-03,5,180,180,0.08349797121503746
2023-01-04,1,181,181,0.028692467594317442
2023-01-04,2,181,181,0.05701329390551554
2023-01-04,3,181,181,0.06084375271581489
2023-01-04,4,181,181,0.06239857203602578
2023-01-04,5,181,181,0.06676239879409947
2023-01-05,1,182,182,0.04240126291876003
2023-01-05,2,181,181,0.05543134172809088
2023-01-05,3,181,181,0.07430547381731885
2023-01-05,4,181,181,0.06927143361381753
2023-01-05,5,181,181,0.07952812933900164
2023-01-06,1,182,182,0.03146297518248709
2023-01-06,2,181,181,0.05241715311784043
2023-01-06,3,181,181,0.06867986689138905
2023-01-06,4,181,180,0.06528324378282421
2023-01-06,5,181,181,0.08058368254251252
2023-01-09,1,181,181,0.04310745554029929
2023-01-09,2,181,181,0.060561326932854015
2023-01-09,3,181,181,0.07418314944937399
2023-01-09,4,181,181,0.07038846400263878
2023-01-09,5,181,181,0.09035433314802462
2023-01-10,1,181,181,0.03682862944470372
2023-01-10,2,181,181,0.05695664100641947
2023-01-10,3,181,181,0.07145747720835094
2023-01-10,4,181,181,0.07656681712054321
2023-01-10,5,181,181,0.09794513769123475
2023-01-11,1,181,181,0.04451147912697619
2023-01-11,2,181,181,0.060570127899546404
2023-01-11,3,180,179,0.07241355174601984
2023-01-11,4,181,181,0.08424409488939807
2023-01-11,5,180,180,0.10727003483926253
2023-01-12,1,181,181,0.017535166019373268
2023-01-12,2,180,180,0.04162376128963619
2023-01-12,3,181,181,0.06294719848890329
2023-01-12,4,180,180,0.06930703452596661
2023-01-12,5,180,180,0.08966521982938389
2023-01-13,1,181,181,0.007764040830467005
2023-01-13,2,180,180,0.03247148364574823
2023-01-13,3,181,181,0.04404260448153296
2023-01-13,4,180,180,0.058756465984641515
2023-01-13,5,180,180,0.07612649224344231
2023-01-16,1,181,181,0.022220118588188564
2023-01-16,2,181,181,0.042317402323588604
2023-01-16,3,181,181,0.05206383399458405
2023-01-16,4,181,181,0.06128416956584371
2023-01-16,5,181,181,0.08068713806047469
2023-01-17,1,182,182,0.02390245576937545
2023-01-17,2,181,181,0.03809163301427272
2023-01-17,3,181,181,0.048158523045831285
2023-01-17,4,181,181,0.06081705447139554
2023-01-17,5,181,181,0.08373639861163479
2023-01-18,1,182,182,0.028376706334348994
2023-01-18,2,182,182,0.04332500693293433
2023-01-18,3,182,182,0.048785108779496655
2023-01-18,4,182,182,0.06938534313937976
2023-01-18,5,181,181,0.08717943686943981
2023-01-19,1,182,182,0.01468863694367958
2023-01-19,2,181,181,0.033441133974847374
2023-01-19,3,182,182,0.043612072457225586
2023-01-19,4,181,181,0.04532941695221484
2023-01-19,5,181,181,0.06983071149664635
2023-01-20,1,183,183,-0.0177921905852939
2023-01-20,2,182,182,0.012060506100267836
2023-01-20,3,183,183,0.015486339580194394
2023-01-20,4,182,182,0.02530737816018751
2023-01-20,5,182,182,0.04719410782987909
2023-01-30,1,183,183,-0.008133313499452082
2023-01-30,2,183,183,0.009754930319598551
2023-01-30,3,182,182,0.025630018270137014
2023-01-30,4,183,183,0.03293380553044883
2023-01-30,5,182,182,0.04970387126824711
2023-01-31,1,183,183,-0.006246661525537919
2023-01-31,2,183,183,0.014510267599255855
2023-01-31,3,183,183,0.023763848476312317
2023-01-31,4,183,183,0.034513546818127024
2023-01-31,5,182,182,0.05175718106579485
2023-02-01,1,184,184,-0.01297390975334482
2023-02-01,2,183,183,0.009603638510253377
2023-02-01,3,183,183,0.015577570151883264
2023-02-01,4,183,183,0.0243090668487472
2023-02-01,5,183,183,0.04871224439171837
2023-02-02,1,184,184,-0.01554093060444586
2023-02-02,2,183,183,0.012220216909811243
2023-02-02,3,184,184,0.02052477478878934
2023-02-02,4,183,183,0.03477186209101605
2023-02-02,5,183,183,0.04728847400724527
2023-02-03,1,184,184,-0.015240631767163716
2023-02-03,2,184,184,0.020261573275996706
2023-02-03,3,184,184,0.028330504186579276
2023-02-03,4,184,184,0.04402626583363068
2023-02-03,5,183,182,0.057125449490643236
2023-02-06,1,184,184,-0.014197374524142038
2023-02-06,2,184,184,0.01824504760134356
2023-02-06,3,183,183,0.023308123517166
2023-02-06,4,184,184,0.04217132519008928
2023-02-06,5,183,182,0.051153551892297325
2023-02-07,1,184,184,-0.04068988003832678
2023-02-07,2,184,184,-0.0043100163977139875
2023-02-07,3,184,184,-0.0007763222485081521
2023-02-07,4,184,184,0.016859195871793183
2023-02-07,5,183,182,0.021530506374867458
2023-02-08,1,184,184,-0.024155206397503584
2023-02-08,2,184,184,0.011812561477257419
2023-02-08,3,184,184,0.021805729374657006
2023-02-08,4,184,184,0.03329800731357645
2023-02-08,5,183,182,0.03846267557753077
2023-02-09,1,185,185,-0.045756778702100105
2023-02-09,2,184,184,-0.012584040450846249
2023-02-09,3,184,184,-0.003923432986524266
2023-02-09,4,184,184,0.010002053175011518
2023-02-09,5,184,183,0.015938215253559464
2023-02-10,1,185,185,-0.04876578661398914
2023-02-10,2,184,184,-0.022036179324276088
2023-02-10,3,184,184,-0.0190884391186683
2023-02-10,4,184,184,-0.00063877959564076
2023-02-10,5,184,184,0.004641641505367204
2023-02-13,1,184,184,-0.04589915678255448
2023-02-13,2,184,184,-0.027902579984274672
2023-02-13,3,184,184,-0.02063003553652247
2023-02-13,4,184,184,-0.006238360314826444
2023-02-13,5,184,184,0.0005762909111112449
2023-02-14,1,185,185,-0.04824404435676264
2023-02-14,2,184,184,-0.03950715923444739
2023-02-14,3,184,184,-0.02157383976267735
2023-02-14,4,184,184,-0.01448674397222294
2023-02-14,5,184,184,-0.0033765361827617696
2023-02-15,1,185,185,-0.05742481664193087
2023-02-15,2,184,184,-0.04324398772019832
2023-02-15,3,185,185,-0.02359105042787433
2023-02-15,4,184,184,-0.011388621891169915
2023-02-15,5,184,184,-0.002469230989292532
2023-02-16,1,185,185,-0.039303950785221045
2023-02-16,2,184,184,-0.033742150410817545
2023-02-16,3,185,185,-0.013566807876622016
2023-02-16,4,184,184,0.003592996077729421
2023-02-16,5,184,184,0.010159561297477988
2023-02-17,1,185,185,-0.02914168362208886
2023-02-17,2,184,184,-0.025828886646136265
2023-02-17,3,185,185,-0.010232933368702356
2023-02-17,4,184,184,0.01855386480376475
2023-02-17,5,184,184,0.02014660087869008
2023-02-20,1,186,186,-0.050657448246282634
2023-02-20,2,185,185,-0.05850209434097274
2023-02-20,3,185,185,-0.02273242496655069
2023-02-20,4,185,185,-0.0038709790899805465
2023-02-20,5,185,185,0.0016447808672037248
2023-02-21,1,187,187,-0.03299898185493151
2023-02-21,2,186,186,-0.03252369957672639
2023-02-21,3,186,186,-0.01415205375607858
2023-02-21,4,186,186,0.0024858941606059944
2023-02-21,5,186,186,0.007619126768409259
2023-02-22,1,186,186,-0.031806114195315864
2023-02-22,2,186,186,-0.03847600696428268
2023-02-22,3,186,186,-0.015528437927757172
2023-02-22,4,186,186,-0.00037604383045224853
2023-02-22,5,186,186,0.010234956823002853
2023-02-23,1,186,186,-0.015441912874420758
2023-02-23,2,186,186,-0.0256615257578067
2023-02-23,3,186,186,-0.005526371462797305
2023-02-23,4,186,186,0.007743626264353841
2023-02-23,5,185,185,0.023712689846881057
2023-02-24,1,186,186,-0.006064391212790103
2023-02-24,2,186,186,-0.01867384692720167
2023-02-24,3,186,186,-0.005766218071293979
2023-02-24,4,186,186,0.019639642408571845
2023-02-24,5,185,185,0.024828535659432452
2023-02-27,1,185,185,-0.0006139098912203601
2023-02-27,2,185,185,-0.020589511677953132
2023-02-27,3,185,185,-0.009277260088918604
2023-02-27,4,185,185,0.018874134283909452
2023-02-27,5,184,184,0.028493484402217762
2023-02-28,1,186,186,-0.008818885387441616
2023-02-28,2,185,185,-0.032852980263499525
2023-02-28,3,186,186,-0.015527525720136555
2023-02-28,4,185,185,0.005467598066131064
2023-02-28,5,185,185,0.010037811996361744
2023-03-01,1,186,186,-0.020525443892381624
2023-03-01,2,186,186,-0.043527620892326695
2023-03-01,3,186,186,-0.027985533114768417
2023-03-01,4,186,186,-0.01195710019604305
2023-03-01,5,186,186,-0.006861755746824666
2023-03-02,1,186,186,-0.019923230826269143
2023-03-02,2,186,186,-0.035688388062136256
2023-03-02,3,186,186,-0.01969822009762879
2023-03-02,4,186,186,-0.013007879557142606
2023-03-02,5,186,186,-0.01536214388590811
2023-03-03,1,187,187,-0.0063059472515513484
2023-03-03,2,186,186,-0.024156840379023152
2023-03-03,3,186,186,-0.01901503682669208
2023-03-03,4,186,186,-0.009683569418722752
2023-03-03,5,186,185,-0.004614935887503185
2023-03-06,1,186,186,0.011705564769682089
2023-03-06,2,186,186,-0.008003317101991658
2023-03-06,3,186,186,-0.004489807613904394
2023-03-06,4,186,186,0.005444211072934836
2023-03-06,5,185,185,0.0033427952567263554
2023-03-07,1,186,186,0.02976804636823581
2023-03-07,2,185,185,0.015923612420080346
2023-03-07,3,186,186,0.01750587674913017
2023-03-07,4,185,185,0.014687166634096518
2023-03-07,5,185,185,0.0224789602221055
2023-03-08,1,186,186,0.020214827122825227
2023-03-08,2,186,186,0.02404490119532373
2023-03-08,3,185,185,0.013703548717395373
2023-03-08,4,186,186,0.004506784901508137
2023-03-08,5,185,185,0.017583332677625352
2023-03-09,1,186,186,0.04284046824997161
2023-03-09,2,186,186,0.04208816178955872
2023-03-09,3,185,185,0.03153350736592051
2023-03-09,4,186,186,0.021402658819901686
2023-03-09,5,185,185,0.026904710822277734
2023-03-10,1,185,185,0.03631813527813549
2023-03-10,2,185,185,0.03776395133362262
2023-03-10,3,184,184,0.040643646206515845
2023-03-10,4,185,185,0.013951141916714531
2023-03-10,5,184,184,0.02679399641679798
2023-03-13,1,185,185,0.030879956477461574
2023-03-13,2,184,184,0.029558529412960798
2023-03-13,3,185,185,0.0339210904144915
2023-03-13,4,184,184,0.014005022749903619
2023-03-13,5,184,184,0.028914567906818865
2023-03-14,1,185,185,0.04248626945555826
2023-03-14,2,184,184,0.04243638420932194
2023-03-14,3,185,185,0.0370145629188359
2023-03-14,4,184,184,0.022329359902317884
2023-03-14,5,184,184,0.03906942112195331
2023-03-15,1,185,185,0.04923473410398976
2023-03-15,2,185,185,0.03514767357617947
2023-03-15,3,185,185,0.03500446459952657
2023-03-15,4,185,185,0.019775862147177498
2023-03-15,5,185,185,0.03350180944441576
2023-03-16,1,185,184,0.05233447433867897
2023-03-16,2,184,184,0.0396602257725607
2023-03-16,3,184,184,0.03559009328172329
2023-03-16,4,184,184,0.023470284091856364
2023-03-16,5,184,184,0.033723118738186966
2023-03-17,1,185,185,0.051703080085110625
2023-03-17,2,184,184,0.04265514921931986
2023-03-17,3,185,185,0.03842034491310492
2023-03-17,4,184,184,0.030161343804284566
2023-03-17,5,184,184,0.021783505313366976
2023-03-20,1,185,185,0.062388924346036365
2023-03-20,2,184,184,0.04055496851816429
2023-03-20,3,184,184,0.038975627368360154
2023-03-20,4,184,184,0.03154658233434803
2023-03-20,5,184,184,0.021846396547130338
2023-03-21,1,185,185,0.04423887085532035
2023-03-21,2,184,184,0.01600925856475888
2023-03-21,3,185,185,0.027911143479390693
2023-03-21,4,184,184,0.00995972321667349
2023-03-21,5,184,184,0.006321600827644411
2023-03-22,1,185,185,0.04552761146084778
2023-03-22,2,185,185,0.015986773808452318
2023-03-22,3,184,184,0.01859382439399658
2023-03-22,4,185,185,0.012083090053431224
2023-03-22,5,184,184,-0.0007988072441018381
2023-03-23,1,185,185,0.008554516534379478
2023-03-23,2,184,184,-0.016940380251076203
2023-03-23,3,184,184,-0.011149464556955258
2023-03-23,4,184,184,-0.02276251113874091
2023-03-23,5,184,184,-0.0316667043438133
2023-03-24,1,185,185,0.009569791995207414
2023-03-24,2,185,185,-0.013842179002124257
2023-03-24,3,185,185,-0.03270596116319857
2023-03-24,4,185,185,-0.02381208892845505
2023-03-24,5,184,184,-0.035527320973317164
2023-03-27,1,184,184,-0.005865344258386671
2023-03-27,2,184,184,-0.029356407459462625
2023-03-27,3,183,183,-0.04866959638444329
2023-03-27,4,184,184,-0.04354842668130314
2023-03-27,5,183,183,-0.050250885600199385
2023-03-28,1,184,184,-0.016426827498975675
2023-03-28,2,183,182,-0.02434130365504614
2023-03-28,3,184,183,-0.030121611627748592
2023-03-28,4,183,183,-0.037295688767024236
2023-03-28,5,183,182,-0.035382356487137674
2023-03-29,1,183,182,-0.00575854230928603
2023-03-29,2,182,181,-0.017058529163058733
2023-03-29,3,183,183,-0.020522044699738656
2023-03-29,4,182,182,-0.03271666492102434
2023-03-29,5,182,182,-0.025852303879644285
2023-03-30,1,182,181,0.014458083222070693
2023-03-30,2,182,181,-0.0030208918137713385
2023-03-30,3,182,182,-0.026081765555361
2023-03-30,4,182,182,-0.01176442462806792
2023-03-30,5,182,182,-0.013538604602053356
2023-03-31,1,182,182,0.005943611162104585
2023-03-31,2,182,181,-0.0013797279898005493
2023-03-31,3,181,181,-0.026475649076376125
2023-03-31,4,182,182,-0.008913024669474882
2023-03-31,5,181,181,-0.014631554696039927
2023-04-03,1,182,182,-0.01678754223905949
2023-04-03,2,182,181,-0.018994920517868257
2023-04-03,3,182,182,-0.04564256997853254
2023-04-03,4,182,182,-0.023082165978375778
2023-04-03,5,182,182,-0.02867473877529291
2023-04-04,1,183,183,-0.008433926252291968
2023-04-04,2,182,181,-0.025516946513287293
2023-04-04,3,182,182,-0.025546143356692887
2023-04-04,4,182,182,-0.012250119936158325
2023-04-04,5,182,182,-0.014935726337307631
2023-04-06,1,183,183,-0.03838812190044348
2023-04-06,2,182,181,-0.02899085704410933
2023-04-06,3,182,182,-0.0464643640359734
2023-04-06,4,182,181,-0.02921056117562519
2023-04-06,5,182,182,-0.01880797667718285
2023-04-07,1,183,183,-0.04982522112033195
2023-04-07,2,182,181,-0.03476395574915175
2023-04-07,3,182,182,-0.04978421978325364
2023-04-07,4,182,181,-0.034237615909216146
2023-04-07,5,182,182,-0.023610063080239448
2023-04-10,1,182,182,-0.039462071044865515
2023-04-10,2,182,181,-0.022112819195472255
2023-04-10,3,182,182,-0.042645703706777574
2023-04-10,4,182,181,-0.026839918231713018
2023-04-10,5,181,181,-0.017248855271070018
2023-04-11,1,183,183,-0.058224109569648394
2023-04-11,2,182,181,-0.041390768581414314
2023-04-11,3,182,182,-0.056553248774870425
2023-04-11,4,182,181,-0.039741301437124836
2023-04-11,5,182,182,-0.033085400234454256
2023-04-12,1,184,184,-0.06210534176938312
2023-04-12,2,183,183,-0.0350099644679413
2023-04-12,3,183,182,-0.03400660027276596
2023-04-12,4,183,183,-0.036851272453813484
2023-04-12,5,183,183,-0.03421926657088962
2023-04-13,1,184,184,-0.07298122695604607
2023-04-13,2,183,183,-0.04769093252722264
2023-04-13,3,184,183,-0.043222459301711376
2023-04-13,4,183,183,-0.04021255511590801
2023-04-13,5,183,183,-0.04438638433477134
2023-04-14,1,184,183,-0.06428249075825115
2023-04-14,2,183,183,-0.043216920748209334
2023-04-14,3,184,183,-0.03662032371475151
2023-04-14,4,183,183,-0.03324409845161679
2023-04-14,5,183,183,-0.0390508996957908
2023-04-17,1,184,184,-0.06610002984675152
2023-04-17,2,183,182,-0.049481476945715086
2023-04-17,3,184,184,-0.04435625774011442
2023-04-17,4,183,183,-0.042880830019348115
2023-04-17,5,183,183,-0.04110247223509001
2023-04-18,1,184,184,-0.05874431279281576
2023-04-18,2,183,182,-0.051957812601129444
2023-04-18,3,184,184,-0.042456250132043134
2023-04-18,4,183,183,-0.043456367420018335
2023-04-18,5,183,183,-0.03745530991694439
2023-04-19,1,183,183,-0.061017525591082644
2023-04-19,2,183,182,-0.041642223649669796
2023-04-19,3,183,183,-0.03349687130380766
2023-04-19,4,183,183,-0.029943880944424427
2023-04-19,5,183,183,-0.03250907983865012
2023-04-20,1,183,183,-0.08693562829735954
2023-04-20,2,183,183,-0.04078037890799418
2023-04-20,3,183,183,-0.03585641184703874
2023-04-20,4,183,183,-0.041575191163622086
2023-04-20,5,183,183,-0.039670128910547435
2023-04-21,1,183,183,-0.05935102822222093
2023-04-21,2,182,182,-0.024292032068987446
2023-04-21,3,182,182,-0.025939046796582474
2023-04-21,4,182,182,-0.02494221467046663
2023-04-21,5,182,182,-0.02254515305285905
2023-04-24,1,183,183,-0.06049379290522939
2023-04-24,2,182,182,-0.013186461402145307
2023-04-24,3,182,182,-0.025737062777230372
2023-04-24,4,182,182,-0.0193214633630521
2023-04-24,5,182,182,-0.019647638877491623
2023-04-25,1,183,183,-0.020445227208556932
2023-04-25,2,182,182,0.003684382583417032
2023-04-25,3,182,182,0.005763797993922738
2023-04-25,4,182,182,0.007934302298641286
2023-04-25,5,182,182,0.006371303272863847
2023-04-26,1,183,182,-0.020904961042537983
2023-04-26,2,182,181,-0.013008742119385203
2023-04-26,3,183,183,-0.005116292026801267
2023-04-26,4,182,182,-0.0045188338427447905
2023-04-26,5,182,182,-0.0021968234506031716
2023-04-27,1,182,181,-0.008665938660777625
2023-04-27,2,182,182,-0.014437564561345881
2023-04-27,3,182,182,-0.012717883289088494
2023-04-27,4,182,182,-0.0033990324247034544
2023-04-27,5,182,182,-0.006758138606084418
2023-04-28,1,183,183,-0.03440250858356454
2023-04-28,2,183,183,-0.028530088694175258
2023-04-28,3,182,181,-0.023541269983430094
2023-04-28,4,183,183,-0.01707000565535014
2023-04-28,5,182,182,-0.02274778984664698
2023-05-04,1,183,183,-0.029887282213027767
2023-05-04,2,183,183,-0.03200971157648921
2023-05-04,3,182,182,-0.028831219663896655
2023-05-04,4,183,183,-0.02174420952145761
2023-05-04,5,182,182,-0.019929017832210193
2023-05-05,1,183,183,-0.016821739088840788
2023-05-05,2,183,183,-0.011594020126701032
2023-05-05,3,182,182,-0.012851169269777784
2023-05-05,4,183,183,-0.011621617066321562
2023-05-05,5,182,182,-0.00651722568592122
2023-05-08,1,184,184,-0.017952024260126133
2023-05-08,2,183,183,-0.01655976378699146
2023-05-08,3,184,184,-0.027930090992091764
2023-05-08,4,183,183,-0.019279850576018866
2023-05-08,5,183,183,-0.013590381053725677
2023-05-09,1,184,183,-0.017788647047128372
2023-05-09,2,183,183,-0.021638146623774647
2023-05-09,3,183,183,-0.03292327665037699
2023-05-09,4,183,183,-0.024457529357734806
2023-05-09,5,183,183,-0.02185950993100017
2023-05-10,1,183,183,-0.01574178682732272
2023-05-10,2,183,183,-0.02414471091331134
2023-05-10,3,183,183,-0.03276003218406148
2023-05-10,4,183,183,-0.02562335542629276
2023-05-10,5,183,182,-0.023351164070020053
2023-05-11,1,184,184,-0.011210939229019532
2023-05-11,2,183,183,-0.022551318735734818
2023-05-11,3,183,183,-0.030124472199716062
2023-05-11,4,183,183,-0.021403345642385826
2023-05-11,5,183,182,-0.022364634839496494
2023-05-12,1,183,183,0.01437282131848004
2023-05-12,2,183,183,-0.009218387262572111
2023-05-12,3,183,183,-0.018883862337014126
2023-05-12,4,183,183,-0.01240269815156404
2023-05-12,5,182,181,-0.011121528478564652
2023-05-15,1,183,183,0.013215892096120768
2023-05-15,2,183,183,-0.007603670996256988
2023-05-15,3,183,183,-0.020116215489415067
2023-05-15,4,183,183,-0.019041974498631774
2023-05-15,5,183,182,-0.009782204200460986
2023-05-16,1,183,183,0.03507163521269632
2023-05-16,2,183,183,0.010043188318380148
2023-05-16,3,182,182,-0.0043268649486759144
2023-05-16,4,183,183,-0.0030043309976005798
2023-05-16,5,182,181,0.008081249920164702
2023-05-17,1,183,183,0.02561049496659369
2023-05-17,2,182,182,0.005389337681731972
2023-05-17,3,183,182,-0.003045891287949021
2023-05-17,4,182,182,-0.007308228380320747
2023-05-17,5,182,181,-0.002676494096696806
2023-05-18,1,183,183,0.022744613157368573
2023-05-18,2,182,182,0.015773359000513354
2023-05-18,3,182,181,0.008107631521445436
2023-05-18,4,182,181,0.0004676596292458825
2023-05-18,5,182,182,0.004356045130062231
2023-05-19,1,182,182,0.04649826112640868
2023-05-19,2,182,182,0.015919358434804246
2023-05-19,3,181,180,0.01261206482719898
2023-05-19,4,182,182,0.000592967173239211
2023-05-19,5,181,181,0.011815938406729981
2023-05-22,1,182,182,0.05532967229214332
2023-05-22,2,181,181,0.007808189810590355
2023-05-22,3,182,181,-0.0031669251667131447
2023-05-22,4,181,181,-0.004249532298849737
2023-05-22,5,181,181,0.010600736938282158
2023-05-23,1,181,181,0.07324052404937825
2023-05-23,2,181,181,0.021538758650972094
2023-05-23,3,181,181,0.005343155727496009
2023-05-23,4,181,181,0.005376755417158312
2023-05-23,5,180,180,0.017432089235397845
2023-05-24,1,181,181,0.038154669702534644
2023-05-24,2,181,181,0.005286073519700269
2023-05-24,3,181,181,-0.0030634166299361837
2023-05-24,4,181,181,-0.007057133246338336
2023-05-24,5,180,180,0.0006582072262004832
2023-05-25,1,181,181,0.020585260030924226
2023-05-25,2,181,181,-0.004751350115860494
2023-05-25,3,181,181,-0.009875317915338647
2023-05-25,4,181,181,-0.011490204303309019
2023-05-25,5,180,180,-0.00881350234088022
2023-05-26,1,181,181,0.013834557302385158
2023-05-26,2,181,181,0.013744031656583278
2023-05-26,3,181,181,-0.00492216198265143
2023-05-26,4,181,181,-0.0078043268178156705
2023-05-26,5,181,181,-0.007229101259667097
2023-05-29,1,181,181,0.019591795291677542
2023-05-29,2,181,181,0.012370586656062499
2023-05-29,3,180,180,-0.001003760884947498
2023-05-29,4,181,181,-0.01006871559729328
2023-05-29,5,180,180,-0.0014601027326038006
2023-05-30,1,181,181,0.012431904966556748
2023-05-30,2,180,180,0.007306176823359789
2023-05-30,3,181,181,0.0054228372276476184
2023-05-30,4,180,180,-0.0040055003689820805
2023-05-30,5,180,180,0.0010260134356619927
2023-05-31,1,180,180,0.026957229206225886
2023-05-31,2,180,180,0.02925967642015139
2023-05-31,3,180,180,0.02715822214857411
2023-05-31,4,180,180,0.014340158778956487
2023-05-31,5,180,180,0.011053539801094197
2023-06-01,1,181,180,0.013664966042952302
2023-06-01,2,180,180,0.028710861632843716
2023-06-01,3,180,180,0.035145388202519535
2023-06-01,4,180,180,0.01472248841420974
2023-06-01,5,180,180,0.011228979169646422
2023-06-02,1,181,180,0.010590296058602173
2023-06-02,2,180,180,0.02073736198957349
2023-06-02,3,180,180,0.019608850881370744
2023-06-02,4,180,180,0.006311682474049706
2023-06-02,5,180,180,0.008994839102294164
2023-06-05,1,180,179,-0.0032931932748140494
2023-06-05,2,180,180,0.010307999937410677
2023-06-05,3,180,180,0.017654173733801373
2023-06-05,4,180,180,0.005677156189466311
2023-06-05,5,179,179,0.002565212119737808
2023-06-06,1,180,180,0.01591387007360568
2023-06-06,2,179,179,0.02083947677735747
2023-06-06,3,180,180,0.025699619584341547
2023-06-06,4,179,179,0.01908070855488714
2023-06-06,5,179,179,0.017734070485255812
2023-06-07,1,180,180,0.0071470979880925815
2023-06-07,2,179,178,0.027737494786389705
2023-06-07,3,179,179,0.027725682179374784
2023-06-07,4,179,179,0.024415930437367877
2023-06-07,5,179,179,0.01611915892156841
2023-06-08,1,180,180,0.003711855266997654
2023-06-08,2,179,179,0.02325188535242519
2023-06-08,3,180,180,0.025256495165662873
2023-06-08,4,179,179,0.02435025322567625
2023-06-08,5,179,179,0.017059984371246513
2023-06-09,1,179,179,0.004024082118543651
2023-06-09,2,179,179,0.022222819967400644
2023-06-09,3,179,179,0.029131142433129455
2023-06-09,4,179,179,0.03444473505506942
2023-06-09,5,179,179,0.02199187488674467
2023-06-12,1,180,180,-0.027224655323225485
2023-06-12,2,179,179,0.015239620521316418
2023-06-12,3,179,179,0.016470077634141076
2023-06-12,4,179,179,0.02119172207174246
2023-06-12,5,179,179,0.009077926396751071
2023-06-13,1,180,180,-0.021035477288971878
2023-06-13,2,180,180,0.021522894676292245
2023-06-13,3,179,179,0.027660750587765178
2023-06-13,4,180,180,0.02261756245977456
2023-06-13,5,179,179,0.012862161048359952
2023-06-14,1,179,179,-0.025845893453441557
2023-06-14,2,179,179,0.015868275087632392
2023-06-14,3,179,179,0.012912724982751938
2023-06-14,4,179,179,0.017028956369046125
2023-06-14,5,179,179,0.014725267528677134
2023-06-15,1,180,180,-0.03036752331882345
2023-06-15,2,179,179,0.0028043738948348176
2023-06-15,3,179,179,0.006899864057493728
2023-06-15,4,179,179,0.009248355936138675
2023-06-15,5,179,179,0.00979430577901757
2023-06-16,1,180,180,-0.046529794296552754
2023-06-16,2,180,180,-0.0071356580125386
2023-06-16,3,179,179,-0.0020457923199364314
2023-06-16,4,180,180,0.004921816550978255
2023-06-16,5,179,179,0.004925997651120593
2023-06-19,1,180,180,-0.048794317966813695
2023-06-19,2,180,180,0.0013141186769616256
2023-06-19,3,179,179,0.004439138889524031
2023-06-19,4,180,180,0.010991300298285538
2023-06-19,5,179,179,0.012963644924827988
2023-06-20,1,180,180,-0.06145547248344718
2023-06-20,2,180,180,-0.010686162665171346
2023-06-20,3,179,179,-0.002639002657094062
2023-06-20,4,180,180,0.007287511837958707
2023-06-20,5,179,179,0.005634819163278687
2023-06-21,1,180,180,-0.034170309331293794
2023-06-21,2,180,180,0.013948917272732375
2023-06-21,3,180,180,0.016209665037155804
2023-06-21,4,180,180,0.021315223937555954
2023-06-21,5,180,180,0.027267017323991696
2023-06-26,1,181,181,-0.00581911475317597
2023-06-26,2,180,180,0.03700708598211286
2023-06-26,3,180,180,0.03678804540621192
2023-06-26,4,180,180,0.04026269842417785
2023-06-26,5,180,180,0.0490919136946577
2023-06-27,1,181,181,-0.008905178928960632
2023-06-27,2,181,181,0.026037325437886498
2023-06-27,3,181,181,0.034046885725065985
2023-06-27,4,181,181,0.032376750492286104
2023-06-27,5,180,180,0.041743030624065564
2023-06-28,1,181,181,-0.018342736428285315
2023-06-28,2,180,180,0.028731688523439942
2023-06-28,3,181,181,0.03278578757835341
2023-06-28,4,180,180,0.03831874233871712
2023-06-28,5,180,180,0.04153236245202103
2023-06-29,1,181,181,-0.028647305138850204
2023-06-29,2,180,180,0.01286067400950463
2023-06-29,3,181,181,0.020353689210795105
2023-06-29,4,180,180,0.027961204797775176
2023-06-29,5,180,180,0.029101767300223277
2023-06-30,1,182,182,-0.0355107225221932
2023-06-30,2,181,181,0.02619836446061962
2023-06-30,3,181,181,0.030954622308612942
2023-06-30,4,181,181,0.04137007676775866
2023-06-30,5,181,181,0.03335189197791981
2023-07-03,1,182,181,-0.030044281572046822
2023-07-03,2,181,181,0.01971479574095838
2023-07-03,3,182,182,0.024901920415367235
2023-07-03,4,181,181,0.04093316407138151
2023-07-03,5,181,181,0.03313237761727576
2023-07-04,1,182,182,-0.03737430023166196
2023-07-04,2,181,181,0.011826278273425337
2023-07-04,3,181,181,0.026855658894923983
2023-07-04,4,181,181,0.041105082330809506
2023-07-04,5,181,181,0.025066987234498076
2023-07-05,1,180,180,-0.027004837230611745
2023-07-05,2,180,180,0.0143817399881293
2023-07-05,3,180,180,0.024306551770044916
2023-07-05,4,180,180,0.04321242386240936
2023-07-05,5,180,180,0.030498014560919776
2023-07-06,1,180,180,-0.020383181373187842
2023-07-06,2,180,180,0.033438440241504185
2023-07-06,3,180,180,0.047422388510918
2023-07-06,4,180,180,0.057548798438371504
2023-07-06,5,179,179,0.03956572184994087
2023-07-07,1,181,181,-0.015280206045473038
2023-07-07,2,180,180,0.024049083333887975
2023-07-07,3,180,180,0.036569612278801414
2023-07-07,4,180,180,0.05045843702718953
2023-07-07,5,180,180,0.03849048440865602
2023-07-10,1,180,180,-0.010425211511722281
2023-07-10,2,180,180,0.013506682911165618
2023-07-10,3,180,180,0.03103455360060334
2023-07-10,4,180,180,0.04185190299240672
2023-07-10,5,180,180,0.03230888934199156
2023-07-11,1,180,180,-0.023619769142886795
2023-07-11,2,180,180,0.00805588569752528
2023-07-11,3,180,180,0.024189137803840473
2023-07-11,4,180,180,0.02961071409799034
2023-07-11,5,180,180,0.021686606586943085
2023-07-12,1,180,180,-0.030562620403983835
2023-07-12,2,179,179,0.017439234603330047
2023-07-12,3,180,180,0.02507401817885708
2023-07-12,4,179,179,0.03117886228369552
2023-07-12,5,179,179,0.024012483772315824
2023-07-13,1,180,180,-0.036678546938313995
2023-07-13,2,180,180,0.007163790678132235
2023-07-13,3,180,180,0.01758760629927686
2023-07-13,4,180,180,0.028344578057672237
2023-07-13,5,179,179,0.016848090965695627
2023-07-14,1,180,180,-0.06621369890253083
2023-07-14,2,179,179,-0.018840172018425333
2023-07-14,3,180,180,0.0006115261185847178
2023-07-14,4,179,179,0.006297416752928921
2023-07-14,5,179,179,-0.01148699568844761
2023-07-17,1,180,180,-0.04592780926243028
2023-07-17,2,179,179,-0.009184062434980052
2023-07-17,3,180,180,0.01018552394110338
2023-07-17,4,179,179,0.009512344358252099
2023-07-17,5,179,179,-0.007578116718430602
2023-07-18,1,180,180,-0.05507579016186871
2023-07-18,2,179,179,-0.014923800009165019
2023-07-18,3,180,180,0.005839451455084428
2023-07-18,4,179,179,0.005752245339235406
2023-07-18,5,179,179,-0.016570682197793243
2023-07-19,1,180,180,-0.06666043055373125
2023-07-19,2,179,179,-0.022246241080961297
2023-07-19,3,179,179,-0.0034538252636695825
2023-07-19,4,179,179,-0.006592652180579426
2023-07-19,5,179,179,-0.02761631542910564
2023-07-20,1,179,179,-0.027451649968668494
2023-07-20,2,179,179,-0.0090631487165223
2023-07-20,3,179,179,0.017507926783347023
2023-07-20,4,179,179,0.012845583811263944
2023-07-20,5,179,179,-0.005343283049818092
2023-07-21,1,180,180,-0.04585133999416373
2023-07-21,2,179,179,-0.030665560725288192
2023-07-21,3,180,180,-0.0022642018549918824
2023-07-21,4,179,179,-0.0057818193721052655
2023-07-21,5,179,179,-0.022870936793757297
2023-07-24,1,180,180,-0.06098971437172949
2023-07-24,2,179,179,-0.05398719345283278
2023-07-24,3,179,179,-0.02135006083432101
2023-07-24,4,179,179,-0.019012488189962304
2023-07-24,5,179,179,-0.03397291541696067
2023-07-25,1,180,180,-0.056026446462777636
2023-07-25,2,180,180,-0.060606226461911286
2023-07-25,3,180,180,-0.03176736233823556
2023-07-25,4,180,180,-0.031249951652936925
2023-07-25,5,180,180,-0.04211765986947183
2023-07-26,1,182,182,-0.061367050697366844
2023-07-26,2,182,182,-0.06726380482311782
2023-07-26,3,181,181,-0.047536762337038005
2023-07-26,4,182,182,-0.03459313351385353
2023-07-26,5,181,181,-0.05106570653258206
2023-07-27,1,182,182,-0.059608148092190866
2023-07-27,2,182,182,-0.062233032684631706
2023-07-27,3,182,182,-0.04257304031742294
2023-07-27,4,182,182,-0.03450769640787213
2023-07-27,5,181,181,-0.04738412670469858
2023-07-28,1,183,183,-0.03878220810078199
2023-07-28,2,182,182,-0.037786988243543644
2023-07-28,3,182,182,-0.024414835224649045
2023-07-28,4,182,182,-0.015035371474139123
2023-07-28,5,182,182,-0.03116738955315176
2023-07-31,1,183,183,-0.08423248639542555
2023-07-31,2,183,183,-0.08000344593689888
2023-07-31,3,182,182,-0.06506841720677958
2023-07-31,4,183,183,-0.06088372067631035
2023-07-31,5,182,181,-0.07224419784861026
2023-08-01,1,183,183,-0.04828968797107856
2023-08-01,2,183,183,-0.047680138030185684
2023-08-01,3,182,182,-0.04677789992961461
2023-08-01,4,183,183,-0.04576934593067875
2023-08-01,5,182,181,-0.048201963557598995
2023-08-02,1,184,184,-0.044232948743548585
2023-08-02,2,183,183,-0.04936588212641391
2023-08-02,3,183,183,-0.04664288482947284
2023-08-02,4,183,183,-0.0446632048898317
2023-08-02,5,183,182,-0.044073418405012714
2023-08-03,1,183,183,-0.05368621531000002
2023-08-03,2,183,183,-0.06360048093818996
2023-08-03,3,183,183,-0.06210635014630783
2023-08-03,4,183,183,-0.05450960709683036
2023-08-03,5,183,182,-0.05515229926487808
2023-08-04,1,184,184,-0.05048099862095925
2023-08-04,2,184,184,-0.04741764726172631
2023-08-04,3,183,183,-0.05117918446163967
2023-08-04,4,184,184,-0.048540998380472364
2023-08-04,5,183,182,-0.05001947972572946
2023-08-07,1,184,184,-0.0403676131407654
2023-08-07,2,184,184,-0.02854723526315974
2023-08-07,3,184,184,-0.03268686076620693
2023-08-07,4,184,184,-0.03293967365838054
2023-08-07,5,183,182,-0.035075596620883866
2023-08-08,1,184,184,-0.045262526415057805
2023-08-08,2,184,184,-0.03359719545104845
2023-08-08,3,184,184,-0.0342569654127257
2023-08-08,4,184,184,-0.04062607824475891
2023-08-08,5,183,182,-0.03614275869037606
2023-08-09,1,185,185,-0.03256524810138796
2023-08-09,2,184,184,-0.03141799278166761
2023-08-09,3,184,184,-0.02239898076118962
2023-08-09,4,184,184,-0.030223909191482358
2023-08-09,5,184,183,-0.02940524888896651
2023-08-10,1,184,184,-0.05349167967757356
2023-08-10,2,184,184,-0.047235814836349956
2023-08-10,3,184,184,-0.04606857835325551
2023-08-10,4,184,184,-0.04415892089570053
2023-08-10,5,184,183,-0.04781606046283972
2023-08-11,1,183,183,-0.014497444552704944
2023-08-11,2,183,183,-0.01342803551942062
2023-08-11,3,183,183,-0.01601784108878622
2023-08-11,4,183,183,-0.012009104137635753
2023-08-11,5,183,182,-0.020177472555385153
2023-08-14,1,184,184,-0.015789846086130974
2023-08-14,2,183,183,-0.02034138257245908
2023-08-14,3,183,183,-0.014660852523435162
2023-08-14,4,183,183,-0.010447618083059806
2023-08-14,5,183,183,-0.016959089105108124
2023-08-15,1,183,183,-0.010735490668991652
2023-08-15,2,182,182,-0.01307399712652719
2023-08-15,3,183,183,-0.006410110193003146
2023-08-15,4,182,182,-0.0007213531015574989
2023-08-15,5,182,182,-0.01193902410826725
2023-08-16,1,183,183,-0.015393176757743246
2023-08-16,2,183,183,-0.010954235444884974
2023-08-16,3,182,182,-0.002676456878890065
2023-08-16,4,183,183,-0.002271375444140225
2023-08-16,5,182,182,-0.014374541089946867
2023-08-17,1,183,183,-0.029123860186490724
2023-08-17,2,183,183,-0.020898558045399678
2023-08-17,3,183,183,-0.01713236967478665
2023-08-17,4,183,183,-0.012530387362458144
2023-08-17,5,183,183,-0.02096501135921889
2023-08-18,1,183,183,-0.008095700275044899
2023-08-18,2,183,183,-0.009533109437955281
2023-08-18,3,182,182,-0.00169734226062655
2023-08-18,4,183,183,-3.300827273501199e-05
2023-08-18,5,182,182,-0.008674659425094614
2023-08-21,1,183,183,-0.002272284326575929
2023-08-21,2,183,183,0.005809882113520587
2023-08-21,3,182,182,0.010676546571480225
2023-08-21,4,183,183,0.008750927826779267
2023-08-21,5,182,182,0.003130027148163034
2023-08-22,1,183,183,-0.01594443770769596
2023-08-22,2,182,182,-0.0020313400285652474
2023-08-22,3,183,183,0.0052236117434242575
2023-08-22,4,182,182,-0.000940387600803663
2023-08-22,5,182,182,0.0005410429217580485
2023-08-23,1,183,183,-0.008793830555277498
2023-08-23,2,182,182,0.0039971314868358435
2023-08-23,3,183,183,0.01136142705080492
2023-08-23,4,182,182,0.009672823747702553
2023-08-23,5,182,182,0.007098605560181577
2023-08-24,1,183,183,-0.0076661744494218795
2023-08-24,2,183,183,-7.528302663592122e-05
2023-08-24,3,182,182,0.007453496981271381
2023-08-24,4,183,183,0.010571037275189094
2023-08-24,5,182,182,0.004848594658755581
2023-08-25,1,182,182,-0.02805819584108655
2023-08-25,2,182,182,-0.025497463004188807
2023-08-25,3,182,182,-0.01991721706103586
2023-08-25,4,182,182,-0.015598113071405436
2023-08-25,5,182,182,-0.01472207325033735
2023-08-28,1,183,183,0.015866525509943257
2023-08-28,2,183,183,0.009604896694644541
2023-08-28,3,182,182,0.015519605081105328
2023-08-28,4,183,183,0.014357160894527871
2023-08-28,5,182,181,0.017022372390821577
2023-08-29,1,183,183,-0.023880818987928168
2023-08-29,2,183,183,-0.021855936909723938
2023-08-29,3,183,183,-0.014640160674843682
2023-08-29,4,183,183,-0.01129003983426533
2023-08-29,5,183,183,-0.0065127711131395755
2023-08-30,1,183,183,-0.017533291121050017
2023-08-30,2,183,183,-0.008325070157800403
2023-08-30,3,183,183,-0.004582202869433345
2023-08-30,4,183,183,-0.0066502392748483755
2023-08-30,5,182,182,-0.0037773773264257403
2023-08-31,1,183,183,-0.011224896276469639
2023-08-31,2,182,182,-0.011935077750905201
2023-08-31,3,182,182,0.005809550434045756
2023-08-31,4,182,182,-0.002128783021958405
2023-08-31,5,182,182,0.0024766692765451712
2023-09-01,1,182,182,-0.014603191872792002
2023-09-01,2,182,182,-0.019124495261058475
2023-09-01,3,182,182,0.0029409877563471576
2023-09-01,4,182,182,-0.01416571061556862
2023-09-01,5,181,181,-0.0032502027078237577
2023-09-04,1,183,183,-0.03542126736199041
2023-09-04,2,182,182,-0.027001305592022448
2023-09-04,3,183,183,-0.02221170388912316
2023-09-04,4,182,182,-0.017601819251962997
2023-09-04,5,182,182,-0.014504774607449138
2023-09-05,1,183,183,-0.012919312302954363
2023-09-05,2,183,183,-0.017103973678055502
2023-09-05,3,182,182,-0.009864194543025668
2023-09-05,4,183,183,-0.009680706522754068
2023-09-05,5,182,182,-0.00478741684335886
2023-09-06,1,183,183,-0.022150697484501585
2023-09-06,2,183,183,-0.017123815254978643
2023-09-06,3,183,183,-0.008987130680364133
2023-09-06,4,183,183,-0.010806305407922134
2023-09-06,5,183,183,-0.00872582364344111
2023-09-07,1,183,183,-0.0012165751367998576
2023-09-07,2,183,183,-0.005359372793625175
2023-09-07,3,182,182,0.014940536231824585
2023-09-07,4,183,183,0.0022704034878253065
2023-09-07,5,182,182,0.0069357345649329015
2023-09-08,1,183,183,-0.014109250253407913
2023-09-08,2,182,182,-0.016188810524834226
2023-09-08,3,182,182,0.0017780778463944093
2023-09-08,4,182,182,-0.0017778683437458466
2023-09-08,5,182,182,-0.009353461093990103
2023-09-11,1,183,183,-0.02631454740903775
2023-09-11,2,182,182,-0.024941350307049297
2023-09-11,3,183,183,-0.01847748210791212
2023-09-11,4,182,182,-0.01489659381343802
2023-09-11,5,182,182,-0.020830499497173943
2023-09-12,1,183,183,-0.03639300797654961
2023-09-12,2,182,182,-0.04232705847564725
2023-09-12,3,183,183,-0.033796887012812776
2023-09-12,4,182,182,-0.024844537293939848
2023-09-12,5,182,182,-0.03526812865539357
2023-09-13,1,183,183,-0.043075416300826654
2023-09-13,2,182,182,-0.04943691497232534
2023-09-13,3,182,182,-0.0363475815327474
2023-09-13,4,182,182,-0.031126976541546197
2023-09-13,5,182,182,-0.03742961995003088
2023-09-14,1,183,183,-0.05145550633328359
2023-09-14,2,182,182,-0.055148040723195915
2023-09-14,3,183,183,-0.03579303361437923
2023-09-14,4,182,182,-0.04514807269151485
2023-09-14,5,182,182,-0.0468528890828135
2023-09-15,1,183,183,-0.04660825870156124
2023-09-15,2,183,183,-0.06412409387656219
2023-09-15,3,182,182,-0.041476746305201116
2023-09-15,4,183,183,-0.058827396235297646
2023-09-15,5,182,182,-0.05972435578206113
2023-09-18,1,183,183,-0.034087417492783975
2023-09-18,2,182,182,-0.06062725775326609
2023-09-18,3,183,183,-0.026003724011524402
2023-09-18,4,182,182,-0.047528110669576074
2023-09-18,5,182,182,-0.04482929509314381
2023-09-19,1,183,183,-0.026749867461269797
2023-09-19,2,182,182,-0.03804674391672455
2023-09-19,3,183,183,-0.04172006267961031
2023-09-19,4,182,182,-0.0400909933040302
2023-09-19,5,182,182,-0.0389318283606746
2023-09-20,1,183,183,-0.014615516855128453
2023-09-20,2,182,182,-0.03160557876814015
2023-09-20,3,183,183,-0.026550637895176078
2023-09-20,4,182,182,-0.030048893242726884
2023-09-20,5,182,182,-0.024452446339084766
2023-09-21,1,183,183,-0.0007640505885320958
2023-09-21,2,182,182,-0.0032091591193093346
2023-09-21,3,183,183,-0.0068585750914391275
2023-09-21,4,182,182,-0.007266152381926653
2023-09-21,5,182,182,-0.005657777185995658
2023-09-22,1,183,183,0.009492760678642227
2023-09-22,2,182,182,-0.019633228694838096
2023-09-22,3,182,182,-0.015902591835095316
2023-09-22,4,182,182,-0.012768983123698077
2023-09-22,5,182,182,-0.0065926844860432635
2023-09-25,1,182,182,0.009730234273196981
2023-09-25,2,182,182,-0.011307337835065025
2023-09-25,3,182,182,-0.017499445069147586
2023-09-25,4,182,182,0.0009711616378894805
2023-09-25,5,182,182,-0.005095291220571809
2023-09-26,1,182,182,0.009771238275659492
2023-09-26,2,182,182,-0.011651262605364102
2023-09-26,3,182,182,-0.007584234131765563
2023-09-26,4,182,182,-0.0019682293723178174
2023-09-26,5,182,182,0.0019260878610798087
2023-09-27,1,182,182,-0.004863800027765737
2023-09-27,2,182,182,-0.026123323431378305
2023-09-27,3,181,181,-0.025146924367817493
2023-09-27,4,182,182,-0.011067140140626385
2023-09-27,5,181,181,-0.005678040632830764
2023-09-28,1,182,182,0.0074424123341192295
2023-09-28,2,182,182,-0.007399423057894643
2023-09-28,3,181,181,-0.015478257626314308
2023-09-28,4,182,182,-0.004021028088257512
2023-09-28,5,181,181,0.0039583848910476945
2023-10-09,1,182,182,0.011335038329004305
2023-10-09,2,182,182,0.008351211106436615
2023-10-09,3,181,181,-0.0036742718905103558
2023-10-09,4,182,182,0.011605395224896705
2023-10-09,5,181,181,0.009597776961725004
2023-10-10,1,182,182,0.017032559673078505
2023-10-10,2,181,181,0.00839914087592375
2023-10-10,3,182,182,0.012582505375794832
2023-10-10,4,181,181,0.012305116659909021
2023-10-10,5,181,181,0.013637235902091335
2023-10-11,1,182,182,0.014247809144946756
2023-10-11,2,181,181,-9.188887574577063e-05
2023-10-11,3,182,182,0.010919267318235185
2023-10-11,4,181,181,0.010322206453193475
2023-10-11,5,181,181,0.00901502604540667
2023-10-12,1,182,182,0.006260430156794672
2023-10-12,2,181,181,-0.0023167226208206833
2023-10-12,3,182,182,-0.006861121826312017
2023-10-12,4,181,181,0.004605588853955385
2023-10-12,5,181,181,-0.0002572873795863343
2023-10-13,1,182,182,0.00425552294418531
2023-10-13,2,182,182,-0.0066489388900369375
2023-10-13,3,181,181,0.002119813257973635
2023-10-13,4,182,182,0.009998097031223672
2023-10-13,5,181,181,0.0008628400439192004
2023-10-16,1,182,182,0.014619340214029582
2023-10-16,2,181,181,0.007690000321046456
2023-10-16,3,182,182,0.007456835446065436
2023-10-16,4,181,181,0.017579340130827393
2023-10-16,5,181,181,0.012998431326272111
2023-10-17,1,182,182,0.03701849225129575
2023-10-17,2,182,182,0.023821604967615154
2023-10-17,3,182,182,0.022415265197109263
2023-10-17,4,182,182,0.030089438795869363
2023-10-17,5,181,181,0.02501751312599005
2023-10-18,1,182,182,0.0495095267479285
2023-10-18,2,182,182,0.03373356697110182
2023-10-18,3,182,182,0.03653038867378019
2023-10-18,4,182,181,0.04221052130178308
2023-10-18,5,182,182,0.03761195520898573
2023-10-19,1,182,182,0.06397751723248611
2023-10-19,2,182,182,0.04145877050365908
2023-10-19,3,181,181,0.039212254499905994
2023-10-19,4,182,181,0.05152723431337835
2023-10-19,5,181,181,0.04301549645418162
2023-10-20,1,182,182,0.09135173024154103
2023-10-20,2,182,182,0.05210741355563645
2023-10-20,3,181,181,0.05230158980578237
2023-10-20,4,182,182,0.06980965884563722
2023-10-20,5,181,180,0.06481573056902258
2023-10-23,1,181,181,0.10745577806440507
2023-10-23,2,181,181,0.0792574007953825
2023-10-23,3,181,181,0.0773288460650536
2023-10-23,4,181,181,0.08941638657725548
2023-10-23,5,180,180,0.09507161508850447
2023-10-24,1,182,182,0.07254053878971116
2023-10-24,2,181,181,0.05567607021870146
2023-10-24,3,181,181,0.05751871184181273
2023-10-24,4,181,181,0.0606218357502979
2023-10-24,5,181,181,0.06786261058593747
2023-10-25,1,182,182,0.06343193829521
2023-10-25,2,182,182,0.04707316192259754
2023-10-25,3,182,182,0.056619885376400864
2023-10-25,4,182,182,0.0601024889495054
2023-10-25,5,182,182,0.05960039964598765
2023-10-26,1,182,182,0.0701566464502843
2023-10-26,2,182,182,0.04728400213227191
2023-10-26,3,182,182,0.06002379023657119
2023-10-26,4,182,182,0.06186602407903466
2023-10-26,5,181,181,0.06198656623144951
2023-10-27,1,183,183,0.03622916956245435
2023-10-27,2,183,183,0.021488613225121137
2023-10-27,3,182,182,0.03549058943413614
2023-10-27,4,183,183,0.03398282253259192
2023-10-27,5,182,182,0.03944765353717821
2023-10-30,1,183,183,0.0127981389318492
2023-10-30,2,182,182,0.0051721152284312805
2023-10-30,3,183,183,0.027052830563775013
2023-10-30,4,182,182,0.01522529306824724
2023-10-30,5,182,182,0.0209984515518308
2023-10-31,1,183,183,0.02514706870097792
2023-10-31,2,183,183,0.008743955510187881
2023-10-31,3,182,182,0.028494852124077236
2023-10-31,4,183,183,0.02472373523011405
2023-10-31,5,182,182,0.03193485813561104
2023-11-01,1,183,183,0.021994076358748203
2023-11-01,2,183,183,0.0049759616464141836
2023-11-01,3,182,181,0.021982816052739388
2023-11-01,4,183,183,0.017260141186881045
2023-11-01,5,182,182,0.0247880999189105
2023-11-02,1,183,183,0.029059382479195355
2023-11-02,2,183,183,0.011733540967899407
2023-11-02,3,183,182,0.02724660787957953
2023-11-02,4,183,183,0.025884000024119336
2023-11-02,5,182,182,0.026112132775068034
2023-11-03,1,183,182,0.01810735335005858
2023-11-03,2,182,182,0.002089581943595733
2023-11-03,3,183,182,0.01466727275939314
2023-11-03,4,182,182,0.020036934131842755
2023-11-03,5,182,182,0.017201555269163397
2023-11-06,1,183,182,-0.005347373310473861
2023-11-06,2,182,182,-0.007596915015288787
2023-11-06,3,183,182,0.004868270231784849
2023-11-06,4,182,182,0.009846777342913459
2023-11-06,5,182,182,0.0012494039168995594
2023-11-07,1,183,183,-0.032677960315537574
2023-11-07,2,183,183,-0.02686375477638626
2023-11-07,3,182,181,-0.009566887745969834
2023-11-07,4,183,183,-0.007537923287414504
2023-11-07,5,182,181,-0.01616822630418682
2023-11-08,1,183,183,-0.031114740429933393
2023-11-08,2,183,183,-0.022764627785128298
2023-11-08,3,182,181,-0.009337900383066094
2023-11-08,4,183,183,2.6028696402871658e-05
2023-11-08,5,182,181,-0.009588720499183597
2023-11-09,1,183,183,-0.017692856732689763
2023-11-09,2,182,182,-0.015719790842967353
2023-11-09,3,183,183,5.299784652053307e-05
2023-11-09,4,182,182,0.0019187074063080037
2023-11-09,5,182,181,-0.001310586902757081
2023-11-10,1,183,183,-0.027286368634226045
2023-11-10,2,182,182,-0.02651187140428589
2023-11-10,3,182,182,-0.015967422039937205
2023-11-10,4,182,182,-0.006781940463282512
2023-11-10,5,182,181,-0.011053586411835188
2023-11-13,1,183,183,-0.016987268526796717
2023-11-13,2,182,182,-0.01033626918628901
2023-11-13,3,183,183,-0.0021314103354107532
2023-11-13,4,182,182,0.006189643247614014
2023-11-13,5,182,181,-0.008140830118088036
2023-11-14,1,183,183,-0.02649120312978506
2023-11-14,2,183,183,-0.0204105494941999
2023-11-14,3,182,182,-0.01332317935975549
2023-11-14,4,183,183,-0.0008798241783265972
2023-11-14,5,182,182,-0.01276756045438977
2023-11-15,1,183,183,-0.024398000238793998
2023-11-15,2,183,183,-0.02752494236803594
2023-11-15,3,183,183,-0.01285652004064479
2023-11-15,4,183,183,-0.0017658251774404186
2023-11-15,5,183,182,-0.012143972606602528
2023-11-16,1,183,183,-0.03476977179914217
2023-11-16,2,183,183,-0.021023173605313927
2023-11-16,3,183,183,-0.017076325871209518
2023-11-16,4,183,183,0.001021686759540558
2023-11-16,5,182,182,-0.010117746197207294
2023-11-17,1,183,183,-0.04627112637510332
2023-11-17,2,183,182,-0.044964689948581014
2023-11-17,3,183,183,-0.03254545326999811
2023-11-17,4,183,183,-0.01212845313591857
2023-11-17,5,182,182,-0.02707902359426244
2023-11-20,1,183,183,-0.06447817368718863
2023-11-20,2,182,181,-0.05831668723661009
2023-11-20,3,183,183,-0.049546350969594456
2023-11-20,4,182,182,-0.0319343530507749
2023-11-20,5,182,182,-0.04521200064429943
2023-11-21,1,183,183,-0.05596881772749494
2023-11-21,2,183,183,-0.04912208430057504
2023-11-21,3,183,182,-0.04735869643519622
2023-11-21,4,183,183,-0.025049887385537265
2023-11-21,5,182,182,-0.04072772519596522
2023-11-22,1,183,183,-0.0680291299089186
2023-11-22,2,183,183,-0.06566529819589417
2023-11-22,3,183,183,-0.060599148415896364
2023-11-22,4,183,183,-0.03567867169410153
2023-11-22,5,182,182,-0.048180229941108654
2023-11-23,1,183,183,-0.06437165365950116
2023-11-23,2,183,183,-0.06071759742424328
2023-11-23,3,183,183,-0.057048656726093695
2023-11-23,4,183,183,-0.03536242245094019
2023-11-23,5,182,182,-0.0486016407813471
2023-11-24,1,183,183,-0.06312309775046755
2023-11-24,2,183,183,-0.06219811245355024
2023-11-24,3,183,183,-0.05291569596862014
2023-11-24,4,183,183,-0.048288928602186976
2023-11-24,5,182,182,-0.05024130002305481
2023-11-27,1,183,183,-0.053790552720285434
2023-11-27,2,183,183,-0.052856430431340175
2023-11-27,3,182,182,-0.046170406145937995
2023-11-27,4,183,183,-0.048402068917491735
2023-11-27,5,182,182,-0.04607880082355287
2023-11-28,1,183,183,-0.07435445384359064
2023-11-28,2,183,183,-0.06518147498520022
2023-11-28,3,183,183,-0.06296614731148542
2023-11-28,4,183,183,-0.0566074585764863
2023-11-28,5,182,182,-0.06679125118648105
2023-11-29,1,183,183,-0.06278314302535912
2023-11-29,2,183,182,-0.05321679757840466
2023-11-29,3,183,183,-0.05341834380050295
2023-11-29,4,183,183,-0.043720430070914605
2023-11-29,5,182,182,-0.05496152392259293
2023-11-30,1,183,183,-0.05316671856122553
2023-11-30,2,182,182,-0.03167429420885145
2023-11-30,3,183,183,-0.034468888660857414
2023-11-30,4,182,182,-0.02883845726317786
2023-11-30,5,182,182,-0.0359911839032616
2023-12-01,1,183,182,-0.04514295108937256
2023-12-01,2,183,183,-0.02242418383994843
2023-12-01,3,182,182,-0.025215840309254868
2023-12-01,4,183,183,-0.024635199093877746
2023-12-01,5,182,182,-0.030827374128112775
2023-12-04,1,183,183,-0.05314609296548268
2023-12-04,2,183,183,-0.02176017836838553
2023-12-04,3,182,182,-0.03247653553814067
2023-12-04,4,183,183,-0.02211995354538531
2023-12-04,5,182,182,-0.03014853131365992
2023-12-05,1,183,183,-0.040270683536489923
2023-12-05,2,183,183,-0.005111107604121499
2023-12-05,3,182,182,-0.017093582816197765
2023-12-05,4,183,183,-0.005803249260182883
2023-12-05,5,182,181,-0.012833399080948774
2023-12-06,1,183,183,-0.048356725476631376
2023-12-06,2,182,182,-0.01988751159358885
2023-12-06,3,183,183,-0.02986054910762084
2023-12-06,4,182,182,-0.01530535686680482
2023-12-06,5,182,182,-0.023346313156879565
2023-12-07,1,183,183,-0.07438915545868985
2023-12-07,2,182,182,-0.027260521838355745
2023-12-07,3,183,183,-0.04404149990622084
2023-12-07,4,182,182,-0.029910438940447648
2023-12-07,5,182,182,-0.03674351139552811
2023-12-08,1,182,182,-0.07687840130146814
2023-12-08,2,182,182,-0.045973759244473084
2023-12-08,3,182,182,-0.04765119241703346
2023-12-08,4,182,182,-0.036360607347665254
2023-12-08,5,181,181,-0.04415258259012392
2023-12-11,1,182,182,-0.09325209471263582
2023-12-11,2,182,182,-0.05622601801300672
2023-12-11,3,182,182,-0.06191087593171568
2023-12-11,4,182,182,-0.05401309423455486
2023-12-11,5,181,181,-0.051008634193340605
2023-12-12,1,182,182,-0.10226360798339373
2023-12-12,2,182,182,-0.06624054016691472
2023-12-12,3,182,182,-0.06439346991496997
2023-12-12,4,182,182,-0.06149217863185744
2023-12-12,5,182,182,-0.05820878429745163
2023-12-13,1,182,182,-0.07805002202834148
2023-12-13,2,182,182,-0.0553536011728364
2023-12-13,3,182,182,-0.05274549536620698
2023-12-13,4,182,181,-0.04689144784637669
2023-12-13,5,182,182,-0.044856616374507524
2023-12-14,1,182,182,-0.07964863193130674
2023-12-14,2,182,182,-0.04879069895759844
2023-12-14,3,182,182,-0.05505353153057729
2023-12-14,4,182,182,-0.045590190168316766
2023-12-14,5,182,182,-0.048348491422078546
2023-12-15,1,183,183,-0.0708100049399728
2023-12-15,2,182,182,-0.04230171345889663
2023-12-15,3,182,181,-0.04657129191087687
2023-12-15,4,182,182,-0.03562751406704203
2023-12-15,5,182,182,-0.03478883437176244
2023-12-18,1,182,182,-0.06246218151040809
2023-12-18,2,181,181,-0.034823945589852856
2023-12-18,3,181,181,-0.039683506725291966
2023-12-18,4,181,181,-0.028092793771464314
2023-12-18,5,181,181,-0.025812431692361634
2023-12-19,1,182,182,-0.09169555114687143
2023-12-19,2,181,181,-0.059573022961965726
2023-12-19,3,181,181,-0.06659924219668527
2023-12-19,4,181,181,-0.05217878786834097
2023-12-19,5,181,181,-0.050042430762666845
2023-12-20,1,181,181,-0.0652524464387001
2023-12-20,2,181,181,-0.03404111537017299
2023-12-20,3,180,180,-0.04273139534975412
2023-12-20,4,181,181,-0.04383865597122397
2023-12-20,5,180,180,-0.03966608340161769
2023-12-21,1,181,181,-0.09364791937010188
2023-12-21,2,181,181,-0.0466293163461995
2023-12-21,3,181,181,-0.06419820051434784
2023-12-21,4,181,181,-0.05686269387896062
2023-12-21,5,180,180,-0.05642549352522019
2023-12-22,1,181,181,-0.1315317634464244
2023-12-22,2,181,181,-0.0781751308115289
2023-12-22,3,181,181,-0.09531025342837358
2023-12-22,4,181,181,-0.0930088558447773
2023-12-22,5,181,181,-0.09678538477035842
2023-12-25,1,181,181,-0.11491799160348709
2023-12-25,2,181,181,-0.06517306992348237
2023-12-25,3,181,181,-0.08532085578279379
2023-12-25,4,181,181,-0.07358822980749888
2023-12-25,5,180,180,-0.08286461337574469
2023-12-26,1,180,180,-0.09369280196528433
2023-12-26,2,180,180,-0.05165017720234411
2023-12-26,3,180,180,-0.058732485889097005
2023-12-26,4,180,180,-0.051069034856936056
2023-12-26,5,180,180,-0.05651319136623033
2023-12-27,1,181,181,-0.07042836749609725
2023-12-27,2,180,180,-0.033786472994793836
2023-12-27,3,181,181,-0.03396220229507285
2023-12-27,4,180,180,-0.028417678652949977
2023-12-27,5,180,180,-0.03459169199911238
2023-12-28,1,182,182,-0.0909692060658043
2023-12-28,2,181,181,-0.05108839399874656
2023-12-28,3,182,182,-0.045160435032220475
2023-12-28,4,181,181,-0.04387252066889458
2023-12-28,5,181,181,-0.04067139854523773
2023-12-29,1,182,181,-0.138152246554406
2023-12-29,2,181,181,-0.08632347002429146
2023-12-29,3,181,181,-0.08018006773301406
2023-12-29,4,181,181,-0.07749381697708241
2023-12-29,5,181,181,-0.07474001064087125
2024-01-02,1,182,181,-0.15761669944410753
2024-01-02,2,181,181,-0.10050699622407999
2024-01-02,3,182,182,-0.09003671855261153
2024-01-02,4,181,181,-0.10494151143941854
2024-01-02,5,181,181,-0.09821423319533248
2024-01-03,1,182,181,-0.180592536073284
2024-01-03,2,181,181,-0.12465044437561662
2024-01-03,3,182,182,-0.11505323127901854
2024-01-03,4,181,181,-0.13461107525218532
2024-01-03,5,181,181,-0.13417628111212881
2024-01-04,1,181,180,-0.1744351218500174
2024-01-04,2,181,180,-0.1162736482865976
2024-01-04,3,181,181,-0.11183174999632295
2024-01-04,4,181,181,-0.1372597138168237
2024-01-04,5,181,181,-0.13193311547513456
2024-01-05,1,181,180,-0.19040061091579735
2024-01-05,2,181,180,-0.13787593059616554
2024-01-05,3,181,181,-0.13406505409443062
2024-01-05,4,181,181,-0.15771934723912512
2024-01-05,5,180,180,-0.1552460784096041
2024-01-08,1,181,181,-0.237402268780822
2024-01-08,2,181,181,-0.1458663771851419
2024-01-08,3,180,180,-0.15644989386510813
2024-01-08,4,181,181,-0.18503326313752383
2024-01-08,5,180,180,-0.19851819586307864
2024-01-09,1,181,181,-0.18426999504299155
2024-01-09,2,180,180,-0.0959489237746724
2024-01-09,3,180,180,-0.11000638748971209
2024-01-09,4,180,180,-0.1258930634369767
2024-01-09,5,180,180,-0.13554960920041903
2024-01-10,1,181,181,-0.17203373972784308
2024-01-10,2,180,180,-0.057959371966895164
2024-01-10,3,180,180,-0.07017858886905914
2024-01-10,4,180,180,-0.10349613718011076
2024-01-10,5,180,180,-0.10370548400223904
2024-01-11,1,181,181,-0.15072193945238213
2024-01-11,2,181,181,-0.03450235181590141
2024-01-11,3,181,181,-0.0518383069770696
2024-01-11,4,181,180,-0.07403378213378616
2024-01-11,5,181,181,-0.07571485762731656
2024-01-12,1,181,181,-0.14154012409359848
2024-01-12,2,181,181,-0.027838068483551054
2024-01-12,3,180,180,-0.053171126815233005
2024-01-12,4,181,181,-0.069134438425442
2024-01-12,5,180,180,-0.07988565116691262
2024-01-15,1,181,181,-0.1318388115050926
2024-01-15,2,181,181,-0.02915176254103957
2024-01-15,3,180,180,-0.05615181626589257
2024-01-15,4,181,181,-0.06435010855096068
2024-01-15,5,180,180,-0.08040101814713653
2024-01-16,1,181,181,-0.12061584872833811
2024-01-16,2,180,180,-0.008034860593474134
2024-01-16,3,180,180,-0.042779541301821496
2024-01-16,4,180,180,-0.047006638499820765
2024-01-16,5,180,180,-0.06620452328576906
2024-01-17,1,180,180,-0.06458496758234072
2024-01-17,2,180,180,0.030261674682519453
2024-01-17,3,179,179,0.0007669932309472149
2024-01-17,4,180,180,-0.006000745115562922
2024-01-17,5,179,179,-0.03071768757680699
2024-01-18,1,180,180,-0.057707311215213
2024-01-18,2,180,180,0.02951594760481927
2024-01-18,3,180,180,0.0029399990759598187
2024-01-18,4,180,180,-0.003583826426975074
2024-01-18,5,179,179,-0.00367935684517115
2024-01-19,1,180,180,-0.04337164480981444
2024-01-19,2,179,179,0.03142094478508828
2024-01-19,3,180,180,0.0057730586644432575
2024-01-19,4,179,179,0.005968869110242527
2024-01-19,5,179,179,-0.001706385891715094
2024-01-22,1,179,179,0.042024542795276204
2024-01-22,2,178,178,0.10502041271321676
2024-01-22,3,179,179,0.09940790953425085
2024-01-22,4,178,178,0.08110373442929594
2024-01-22,5,178,178,0.07368620190791772
2024-01-23,1,179,179,-0.028837999915914698
2024-01-23,2,179,179,0.04287892173796276
2024-01-23,3,178,178,0.029155835369976582
2024-01-23,4,179,179,0.017751302219959214
2024-01-23,5,178,178,0.016659071070232623
2024-01-24,1,181,181,0.018755423783121925
2024-01-24,2,180,180,0.05664436307895881
2024-01-24,3,180,180,0.06108021789369181
2024-01-24,4,180,180,0.0383946231818692
2024-01-24,5,180,180,0.03766858365811345
2024-01-25,1,182,182,0.0052641534893158645
2024-01-25,2,182,182,0.03852740981452216
2024-01-25,3,181,181,0.04109877302478183
2024-01-25,4,182,182,0.014239916902752149
2024-01-25,5,181,181,0.013716456634358809
2024-01-26,1,182,182,0.00811824174100799
2024-01-26,2,182,182,0.028779844530101024
2024-01-26,3,181,181,0.03421554434515437
2024-01-26,4,182,182,0.009882751350335577
2024-01-26,5,181,181,0.003425257527228556
2024-01-29,1,181,180,0.04445894614349339
2024-01-29,2,181,181,0.04841840568330578
2024-01-29,3,181,181,0.06457933933697291
2024-01-29,4,181,181,0.027923558418068716
2024-01-29,5,180,180,0.02326615719490805
2024-01-30,1,180,180,0.08569886388932259
2024-01-30,2,180,180,0.08533017069726408
2024-01-30,3,180,180,0.09049186191350918
2024-01-30,4,180,180,0.06540419537049906
2024-01-30,5,179,179,0.055813475923419356
2024-01-31,1,178,178,0.10490646513859549
2024-01-31,2,177,177,0.11035001900324362
2024-01-31,3,178,178,0.11207328042468873
2024-01-31,4,177,177,0.10440124882199342
2024-01-31,5,177,177,0.08373215381863604
2024-02-01,1,178,178,0.11799017773932415
2024-02-01,2,177,177,0.12563567723750532
2024-02-01,3,178,177,0.11578345706369432
2024-02-01,4,177,177,0.11928254155744301
2024-02-01,5,177,177,0.08906959545883433
2024-02-02,1,177,177,0.2024826877091939
2024-02-02,2,177,177,0.2046514595158384
2024-02-02,3,176,176,0.17662228887938836
2024-02-02,4,177,177,0.17837330015421196
2024-02-02,5,176,176,0.14917614428671508
2024-02-05,1,175,175,0.30422747381288073
2024-02-05,2,175,175,0.28842495526557305
2024-02-05,3,175,175,0.2675066974438587
2024-02-05,4,175,175,0.24109767328764883
2024-02-05,5,174,174,0.20254889248566935
2024-02-06,1,176,176,0.20752680207963908
2024-02-06,2,176,176,0.2123585377009017
2024-02-06,3,176,176,0.19187651845060627
2024-02-06,4,176,176,0.15002083797106844
2024-02-06,5,176,176,0.13036169263364045
2024-02-07,1,176,176,0.16400635261480048
2024-02-07,2,176,176,0.16528759256647216
2024-02-07,3,175,175,0.167127293030187
2024-02-07,4,176,176,0.11077679799083878
2024-02-07,5,175,175,0.09908779612162646
2024-02-08,1,178,178,0.13067713655026417
2024-02-08,2,178,178,0.14240981819899157
2024-02-08,3,177,177,0.10565351832747404
2024-02-08,4,178,178,0.1010257270802188
2024-02-08,5,177,176,0.06702269861947675
2024-02-19,1,178,178,0.1419501933513744
2024-02-19,2,178,178,0.15543888335117653
2024-02-19,3,178,178,0.1269807331447351
2024-02-19,4,178,178,0.1011543644976301
2024-02-19,5,178,177,0.07986226083119101
2024-02-20,1,179,179,0.14263088858385978
2024-02-20,2,179,179,0.13721852114519204
2024-02-20,3,178,177,0.11605829361638924
2024-02-20,4,179,179,0.09940890855672185
2024-02-20,5,178,177,0.06603544429721844
2024-02-21,1,179,179,0.12868501606459348
2024-02-21,2,179,179,0.1270994734016907
2024-02-21,3,178,177,0.11460570410513314
2024-02-21,4,179,179,0.09690700392996994
2024-02-21,5,178,177,0.06569248808320452
2024-02-22,1,179,179,0.10382502532453036
2024-02-22,2,179,179,0.09644693304538345
2024-02-22,3,179,178,0.08321937461262115
2024-02-22,4,179,179,0.07169663281610013
2024-02-22,5,179,178,0.04840943689636897
2024-02-23,1,179,179,0.07231306815113997
2024-02-23,2,179,179,0.06100081413940293
2024-02-23,3,179,178,0.05704867526373751
2024-02-23,4,179,179,0.04956929434672965
2024-02-23,5,179,178,0.0241553063433591
2024-02-26,1,180,180,0.04463714392139126
2024-02-26,2,179,179,0.045188928469469015
2024-02-26,3,179,178,0.037158175675131036
2024-02-26,4,179,179,0.03596729726759065
2024-02-26,5,179,179,0.018841112066135975
2024-02-27,1,180,180,0.011848946235465853
2024-02-27,2,179,179,0.013243772482006401
2024-02-27,3,180,180,0.0010088179054272227
2024-02-27,4,179,179,0.012863746983031877
2024-02-27,5,179,179,0.0020179466770214147
2024-02-28,1,179,179,0.03587673878039136
2024-02-28,2,179,179,0.03752666144079166
2024-02-28,3,179,179,0.02929386787806625
2024-02-28,4,179,179,0.01918864910632998
2024-02-28,5,179,179,0.016638327818929502
2024-02-29,1,180,180,0.005911064033523799
2024-02-29,2,179,179,0.016193291347314794
2024-02-29,3,179,179,0.004095290557669122
2024-02-29,4,179,179,0.00015117997195888616
2024-02-29,5,179,179,-0.0010140885354386858
2024-03-01,1,180,180,0.007622292568912819
2024-03-01,2,179,179,0.022662724665378813
2024-03-01,3,179,179,0.004420775011789312
2024-03-01,4,179,179,0.006725313260583017
2024-03-01,5,179,179,0.007075626709390719
2024-03-04,1,179,179,0.03970914447764814
2024-03-04,2,179,179,0.04240380265958151
2024-03-04,3,179,179,0.028712955406447783
2024-03-04,4,179,179,0.020619618003306677
2024-03-04,5,179,179,0.029578195919825825
2024-03-05,1,180,180,0.0357792706367106
2024-03-05,2,179,179,0.045887643810971095
2024-03-05,3,179,179,0.024917145378289547
2024-03-05,4,179,179,0.022848767145964528
2024-03-05,5,179,179,0.02982947069676585
2024-03-06,1,179,179,0.015988040869524538
2024-03-06,2,179,179,0.025357968691642325
2024-03-06,3,179,179,0.018528436655767647
2024-03-06,4,179,179,0.02001008929506073
2024-03-06,5,179,179,0.021518408760581354
2024-03-07,1,179,179,0.013537339057323416
2024-03-07,2,179,179,0.02089668451346001
2024-03-07,3,179,179,0.008205233076466383
2024-03-07,4,179,179,0.013273285730844199
2024-03-07,5,178,178,0.020208555533439962
2024-03-08,1,179,179,0.010771446760509912
2024-03-08,2,179,179,0.022545069446859443
2024-03-08,3,178,178,0.005762517938992783
2024-03-08,4,179,179,0.017979230254745796
2024-03-08,5,178,178,0.019916564412431254
2024-03-11,1,180,180,-0.044480564074643424
2024-03-11,2,179,179,-0.023676909786734052
2024-03-11,3,179,179,-0.02933713479472644
2024-03-11,4,179,179,-0.016318863584613447
2024-03-11,5,179,179,-0.008769044956152838
2024-03-12,1,180,180,-0.03835560371991359
2024-03-12,2,180,180,-0.027957499976797924
2024-03-12,3,180,180,-0.017988108296592732
2024-03-12,4,180,180,-0.005962037822157865
2024-03-12,5,179,179,-0.008855936705501461
2024-03-13,1,180,180,-0.048576960679574455
2024-03-13,2,180,180,-0.03688474289932581
2024-03-13,3,179,179,-0.02846971559277784
2024-03-13,4,180,180,-0.026490459622820803
2024-03-13,5,179,179,-0.00991145504109928
2024-03-14,1,180,180,-0.06765895831663778
2024-03-14,2,179,178,-0.03217901480648571
2024-03-14,3,180,180,-0.02446869586656891
2024-03-14,4,179,179,-0.022571744292359554
2024-03-14,5,179,179,-0.0125189392210215
2024-03-15,1,181,181,-0.12263220784037279
2024-03-15,2,180,180,-0.07848659225270978
2024-03-15,3,180,180,-0.06231598333799347
2024-03-15,4,180,180,-0.051136189909239266
2024-03-15,5,180,180,-0.0483572270363222
2024-03-18,1,181,181,-0.10317644466569105
2024-03-18,2,180,180,-0.06110376043300831
2024-03-18,3,181,181,-0.043790046619486475
2024-03-18,4,180,180,-0.03378834165027051
2024-03-18,5,180,180,-0.025765077459715062
2024-03-19,1,180,180,-0.095207490409569
2024-03-19,2,180,180,-0.06501874670701825
2024-03-19,3,180,179,-0.03870924393588958
2024-03-19,4,180,180,-0.03455886432264143
2024-03-19,5,180,180,-0.01728623095210284
2024-03-20,1,180,180,-0.11574944595753897
2024-03-20,2,180,180,-0.07498239428601779
2024-03-20,3,180,180,-0.05477258152179286
2024-03-20,4,180,180,-0.03787420678297663
2024-03-20,5,180,180,-0.030096750357058655
2024-03-21,1,181,181,-0.1214107528446509
2024-03-21,2,180,180,-0.07637810943674712
2024-03-21,3,181,181,-0.04693850488451173
2024-03-21,4,180,180,-0.04220699876258461
2024-03-21,5,180,180,-0.03117264423133011
2024-03-22,1,180,180,-0.1054736674101142
2024-03-22,2,180,180,-0.06285049917159058
2024-03-22,3,180,180,-0.041661751979813165
2024-03-22,4,180,180,-0.032711070370152286
2024-03-22,5,179,179,-0.021961809172239822
2024-03-25,1,180,180,-0.07441799423711203
2024-03-25,2,180,180,-0.04470976748736381
2024-03-25,3,179,179,-0.01812720128006689
2024-03-25,4,180,180,-0.018519620363782734
2024-03-25,5,179,178,-0.0027174395938073816
2024-03-26,1,180,179,-0.06809948458206933
2024-03-26,2,180,180,-0.037194959028021994
2024-03-26,3,180,180,-0.018872964528711154
2024-03-26,4,180,180,-0.009497122156362633
2024-03-26,5,179,179,-0.002008717059269559
2024-03-27,1,179,179,-0.008318018740492598
2024-03-27,2,178,178,0.007382533583744462
2024-03-27,3,178,178,0.021822129182495133
2024-03-27,4,178,178,0.03498535538214985
2024-03-27,5,178,178,0.030762262842012052
2024-03-28,1,180,174,-0.006345136858277298
2024-03-28,2,179,179,0.013246553716511088
2024-03-28,3,179,179,0.03386306630324594
2024-03-28,4,179,179,0.03749373007625532
2024-03-28,5,179,178,0.03444999438325265
2024-03-29,1,180,180,-0.022990309320853983
2024-03-29,2,179,179,0.003484435702883421
2024-03-29,3,179,178,0.027375296968642136
2024-03-29,4,179,179,0.03334390004542937
2024-03-29,5,179,179,0.025583848144180087
2024-04-01,1,180,180,-0.030182110061347817
2024-04-01,2,180,180,-0.002473002319245978
2024-04-01,3,180,179,0.01566521233249653
2024-04-01,4,180,180,0.023312032412726235
2024-04-01,5,180,180,0.011472582986691328
2024-04-02,1,181,181,-0.019590367807661404
2024-04-02,2,180,180,0.008715163431544336
2024-04-02,3,181,180,0.02334310625571834
2024-04-02,4,180,180,0.027316270800845675
2024-04-02,5,180,180,0.01186880155927539
2024-04-03,1,181,181,-0.017865011381056624
2024-04-03,2,181,181,0.00923645264209693
2024-04-03,3,181,180,0.016173624768667905
2024-04-03,4,181,181,0.017601050720827804
2024-04-03,5,180,180,-0.00010822781363420717
2024-04-08,1,180,180,0.010293038686237117
2024-04-08,2,179,179,0.035311468181889585
2024-04-08,3,180,179,0.055380111590415476
2024-04-08,4,179,179,0.04396973592793352
2024-04-08,5,179,179,0.032398453174458414
2024-04-09,1,181,180,-0.019297006858832958
2024-04-09,2,180,180,0.021636468470005363
2024-04-09,3,180,179,0.03299276119847099
2024-04-09,4,180,180,0.022202252399071122
2024-04-09,5,180,180,0.015590793929084227
2024-04-10,1,180,180,0.0009117797090465624
2024-04-10,2,180,180,0.0466192298973719
2024-04-10,3,180,180,0.05397830132075817
2024-04-10,4,180,179,0.046874940075592515
2024-04-10,5,180,180,0.033275253721240815
2024-04-11,1,181,181,-0.00866131623210591
2024-04-11,2,180,180,0.04843775638833723
2024-04-11,3,181,181,0.04011013079854498
2024-04-11,4,180,179,0.040998015066153026
2024-04-11,5,180,180,0.029019714185213447
2024-04-12,1,180,180,0.005433873461644419
2024-04-12,2,180,180,0.04592792116895937
2024-04-12,3,179,179,0.04609486560389837
2024-04-12,4,180,179,0.04749256149319983
2024-04-12,5,179,179,0.033243347466286065
2024-04-15,1,180,180,0.04148792890001413
2024-04-15,2,179,179,0.04602313638482194
2024-04-15,3,179,179,0.05616132194119725
2024-04-15,4,179,179,0.04580113709429362
2024-04-15,5,179,179,0.04057517003127239
2024-04-16,1,178,177,0.10519349402587544
2024-04-16,2,177,177,0.09914634118558209
2024-04-16,3,177,176,0.09006175686440229
2024-04-16,4,177,177,0.08556667146461018
2024-04-16,5,177,177,0.07964552739746442
2024-04-17,1,180,179,0.061238836226986865
2024-04-17,2,179,179,0.0687979515598542
2024-04-17,3,179,179,0.06532791580799899
2024-04-17,4,179,179,0.06366386719563427
2024-04-17,5,179,179,0.0466771639264772
2024-04-18,1,180,180,0.059066052517174644
2024-04-18,2,179,179,0.06619245966534422
2024-04-18,3,179,179,0.06261555887357943
2024-04-18,4,179,179,0.0536888433725243
2024-04-18,5,179,179,0.04081434717802633
2024-04-19,1,179,179,0.06600548115975886
2024-04-19,2,178,178,0.06934042776077454
2024-04-19,3,179,179,0.06293756522068855
2024-04-19,4,178,178,0.05868249872567601
2024-04-19,5,178,178,0.039353086032481936
2024-04-22,1,178,178,0.057671396249691774
2024-04-22,2,178,178,0.05178528317544326
2024-04-22,3,178,178,0.04637307475438834
2024-04-22,4,178,178,0.036813190021515646
2024-04-22,5,177,177,0.023021821819194155
2024-04-23,1,178,178,0.03994117546621204
2024-04-23,2,178,178,0.04480686321568434
2024-04-23,3,178,178,0.03560531776303768
2024-04-23,4,178,178,0.043549059387218675
2024-04-23,5,178,178,0.025537332414458828
2024-04-24,1,179,179,0.028078992597715766
2024-04-24,2,178,178,0.04824684575863272
2024-04-24,3,178,178,0.039712226333701764
2024-04-24,4,178,178,0.03849720704557901
2024-04-24,5,178,177,0.030380309433198922
2024-04-25,1,179,178,0.0114237375135476
2024-04-25,2,178,178,0.030607603535124775
2024-04-25,3,178,178,0.021500701423721524
2024-04-25,4,178,178,0.028440680778790268
2024-04-25,5,178,178,0.012661258354477057
2024-04-26,1,181,181,-0.006490929157843591
2024-04-26,2,180,180,0.01086516189089228
2024-04-26,3,180,180,-0.006086741883953891
2024-04-26,4,180,180,0.008564576142481838
2024-04-26,5,180,180,-0.0034672989369437007
2024-04-29,1,181,177,-0.023755695701114698
2024-04-29,2,181,181,-0.013989267595949985
2024-04-29,3,181,181,-0.019089138176943125
2024-04-29,4,181,181,-0.016732026729293088
2024-04-29,5,180,179,-0.023196996642387006
2024-04-30,1,180,180,-0.02881835604042778
2024-04-30,2,179,179,-0.02448534980901168
2024-04-30,3,180,180,-0.02646347545095941
2024-04-30,4,179,179,-0.026884987319119275
2024-04-30,5,179,179,-0.021453392038011186
2024-05-06,1,181,181,-0.053257799940919004
2024-05-06,2,181,181,-0.04069830735896876
2024-05-06,3,181,181,-0.04898961302966373
2024-05-06,4,181,181,-0.043957025897932295
2024-05-06,5,180,180,-0.045225849165122706
2024-05-07,1,181,181,-0.053707244975536285
2024-05-07,2,181,181,-0.038052437544044915
2024-05-07,3,180,180,-0.04089057915742144
2024-05-07,4,181,181,-0.040991497564615814
2024-05-07,5,180,180,-0.04169945813739758
2024-05-08,1,181,181,-0.05493583778076112
2024-05-08,2,180,180,-0.03459721058535604
2024-05-08,3,181,181,-0.04103134274922642
2024-05-08,4,180,180,-0.03903070305607258
2024-05-08,5,180,180,-0.035263654757387373
2024-05-09,1,181,181,-0.08346947898499853
2024-05-09,2,180,180,-0.0634940702396931
2024-05-09,3,181,181,-0.06622049154341013
2024-05-09,4,180,180,-0.06698726424415814
2024-05-09,5,180,180,-0.06457926705127406
2024-05-10,1,181,181,-0.07112476893547953
2024-05-10,2,181,180,-0.05687984236805821
2024-05-10,3,180,180,-0.061222409642194955
2024-05-10,4,181,181,-0.05662467559912092
2024-05-10,5,180,180,-0.0561930849303136
2024-05-13,1,180,180,-0.06780473501679349
2024-05-13,2,180,180,-0.0489396341845909
2024-05-13,3,180,180,-0.056750591357204845
2024-05-13,4,180,180,-0.05141402554679089
2024-05-13,5,180,180,-0.05000086821840004
2024-05-14,1,181,181,-0.05895578551279736
2024-05-14,2,180,180,-0.0428001207852996
2024-05-14,3,180,180,-0.05096160380436045
2024-05-14,4,180,180,-0.0488387648559311
2024-05-14,5,180,180,-0.053542485368852075
2024-05-15,1,181,181,-0.06656862024277992
2024-05-15,2,180,180,-0.05154022176457583
2024-05-15,3,180,180,-0.060120098673189716
2024-05-15,4,180,180,-0.051433511632206365
2024-05-15,5,180,180,-0.057753854851705255
2024-05-16,1,181,181,-0.06439106778338503
2024-05-16,2,180,180,-0.057660008928291304
2024-05-16,3,180,180,-0.04828182762032052
2024-05-16,4,180,180,-0.053104795543294406
2024-05-16,5,180,180,-0.05287729964238607
2024-05-17,1,182,181,-0.07381633451387935
2024-05-17,2,181,180,-0.07210110858958395
2024-05-17,3,181,181,-0.05160595204704172
2024-05-17,4,181,181,-0.06705478227616914
2024-05-17,5,181,181,-0.06430848192910459
2024-05-20,1,181,181,-0.06523590330680684
2024-05-20,2,180,180,-0.06646558374388524
2024-05-20,3,180,180,-0.04683217088960146
2024-05-20,4,180,180,-0.060997296077001543
2024-05-20,5,180,180,-0.05718684388011304
2024-05-21,1,181,181,-0.07710863931090534
2024-05-21,2,180,180,-0.0668371057669123
2024-05-21,3,180,180,-0.05378568815434303
2024-05-21,4,180,180,-0.06104918955107728
2024-05-21,5,180,180,-0.06090776213619702
2024-05-22,1,181,181,-0.08899504897778507
2024-05-22,2,180,180,-0.07975349863036135
2024-05-22,3,181,181,-0.07155670205545778
2024-05-22,4,180,180,-0.08205751438614303
2024-05-22,5,180,180,-0.08157430544502664
2024-05-23,1,180,180,-0.07742729790817694
2024-05-23,2,179,179,-0.07004238943128385
2024-05-23,3,179,179,-0.05008153995401842
2024-05-23,4,179,179,-0.06488608967470608
2024-05-23,5,179,179,-0.06349055236305351
2024-05-24,1,180,180,-0.08868700814005512
2024-05-24,2,179,179,-0.07345685425881855
2024-05-24,3,179,179,-0.06470578394167159
2024-05-24,4,179,179,-0.08012572571019541
2024-05-24,5,179,179,-0.07841535536719749
2024-05-27,1,180,180,-0.10256517689502302
2024-05-27,2,179,179,-0.08475084649280476
2024-05-27,3,180,180,-0.08023907674040842
2024-05-27,4,179,179,-0.08664073564186114
2024-05-27,5,179,179,-0.08779820136172584
2024-05-28,1,179,179,-0.07920872579243289
2024-05-28,2,179,179,-0.0548758908054843
2024-05-28,3,179,179,-0.054574065595872946
2024-05-28,4,179,179,-0.048053862907522074
2024-05-28,5,179,179,-0.06128199911121827
2024-05-29,1,179,179,-0.09370635177328811
2024-05-29,2,179,179,-0.07336931955324388
2024-05-29,3,179,179,-0.06763746593514018
2024-05-29,4,179,179,-0.06321983858783894
2024-05-29,5,178,178,-0.07547957107908265
2024-05-30,1,179,179,-0.07858909035969125
2024-05-30,2,178,178,-0.06842376309685426
2024-05-30,3,179,179,-0.060964832947649636
2024-05-30,4,178,178,-0.06328061518722676
2024-05-30,5,178,178,-0.07275976926466407
2024-05-31,1,178,178,-0.06237352709945358
2024-05-31,2,178,178,-0.05319190373153773
2024-05-31,3,178,178,-0.0569280280152056
2024-05-31,4,178,178,-0.05419663428027682
2024-05-31,5,177,177,-0.0674835746527018
2024-06-03,1,178,178,-0.057344948656580075
2024-06-03,2,177,177,-0.052603161416489075
2024-06-03,3,178,178,-0.05073832583371768
2024-06-03,4,177,177,-0.04360201629893444
2024-06-03,5,177,177,-0.05174345980647251
2024-06-04,1,177,177,-0.0689109732810581
2024-06-04,2,177,177,-0.06930323410830605
2024-06-04,3,176,176,-0.05440309661228205
2024-06-04,4,177,177,-0.05094194875605066
2024-06-04,5,176,176,-0.05626131398373891
2024-06-05,1,177,177,-0.08365394998945629
2024-06-05,2,176,176,-0.08190079042146668
2024-06-05,3,176,176,-0.05792675248090293
2024-06-05,4,176,176,-0.06912500613296065
2024-06-05,5,176,176,-0.06898343045924892
2024-06-06,1,176,176,-0.05954805254632694
2024-06-06,2,176,176,-0.0642650678785862
2024-06-06,3,176,176,-0.041447369097424996
2024-06-06,4,176,176,-0.04994420648332478
2024-06-06,5,176,175,-0.04834816776994443
2024-06-07,1,177,177,-0.0700477089935411
2024-06-07,2,176,176,-0.07763073165563197
2024-06-07,3,177,177,-0.05576336557910888
2024-06-07,4,176,176,-0.06972835937367963
2024-06-07,5,176,175,-0.07228988448852448
2024-06-11,1,176,176,-0.06609753849836089
2024-06-11,2,176,176,-0.06233193294898165
2024-06-11,3,175,175,-0.05322761515539312
2024-06-11,4,176,176,-0.05728111687395768
2024-06-11,5,175,175,-0.061057902527889354
2024-06-12,1,176,176,-0.06820246760692746
2024-06-12,2,176,176,-0.052895740100913864
2024-06-12,3,176,176,-0.0505884875019212
2024-06-12,4,176,176,-0.052018937674287447
2024-06-12,5,175,175,-0.052066328756787024
2024-06-13,1,175,175,-0.04331689217065186
2024-06-13,2,175,175,-0.03807091945317922
2024-06-13,3,175,175,-0.03129872091912059
2024-06-13,4,175,175,-0.028994120757824926
2024-06-13,5,175,175,-0.0315407070889221
2024-06-14,1,176,176,-0.05108433107389166
2024-06-14,2,175,175,-0.044239501909397905
2024-06-14,3,176,176,-0.03406936871618151
2024-06-14,4,175,175,-0.0377290850794695
2024-06-14,5,175,175,-0.03318550456833004
2024-06-17,1,175,175,-0.06266231718692437
2024-06-17,2,175,175,-0.04823562445366743
2024-06-17,3,175,175,-0.04131157569139665
2024-06-17,4,175,175,-0.049844416538816966
2024-06-17,5,175,175,-0.046198207574372714
2024-06-18,1,176,176,-0.06429937199618599
2024-06-18,2,175,175,-0.04586342451508463
2024-06-18,3,175,175,-0.047013136995527824
2024-06-18,4,175,175,-0.05441045289797628
2024-06-18,5,175,175,-0.05187884510839519
2024-06-19,1,175,175,-0.07217773804311942
2024-06-19,2,175,175,-0.046235688214598086
2024-06-19,3,175,175,-0.04989920218573882
2024-06-19,4,175,175,-0.04579315781159007
2024-06-19,5,174,174,-0.048328680232717205
2024-06-20,1,175,175,-0.05257831586941398
2024-06-20,2,175,175,-0.01782077585636695
2024-06-20,3,175,175,-0.032088584771941625
2024-06-20,4,175,175,-0.02334997037032228
2024-06-20,5,174,174,-0.02663406033368938
2024-06-21,1,175,175,-0.039875014472310316
2024-06-21,2,175,175,-0.015926340374282852
2024-06-21,3,175,175,-0.015629756543872227
2024-06-21,4,175,175,-0.015889602045464978
2024-06-21,5,175,175,-0.021951247704690584
2024-06-24,1,174,174,-0.012930441757652048
2024-06-24,2,174,174,-0.007480976442950478
2024-06-24,3,174,174,0.008130763130030189
2024-06-24,4,174,174,-0.0021274969304954316
2024-06-24,5,173,173,-0.002361357219966428
2024-06-25,1,174,174,-0.03590203011105792
2024-06-25,2,174,174,-0.025899285430300113
2024-06-25,3,174,174,-0.015419392478984594
2024-06-25,4,174,174,-0.023220481236562913
2024-06-25,5,173,173,-0.02147570392995618
2024-06-26,1,175,175,-0.0732034952859139
2024-06-26,2,174,174,-0.05156022666152419
2024-06-26,3,175,175,-0.055526219429925125
2024-06-26,4,174,174,-0.05211870811389102
2024-06-26,5,174,174,-0.05820199491672772
2024-06-27,1,175,175,-0.048795560161907614
2024-06-27,2,174,174,-0.030392220967417793
2024-06-27,3,174,174,-0.030749516270394354
2024-06-27,4,174,174,-0.03545685720607031
2024-06-27,5,174,174,-0.030670028756338865
2024-06-28,1,174,174,-0.04093376620151092
2024-06-28,2,174,174,-0.028338670376044654
2024-06-28,3,174,174,-0.02450395246485302
2024-06-28,4,174,174,-0.02575157509034254
2024-06-28,5,173,173,-0.02152081444587725
2024-07-01,1,174,174,-0.05836726137946711
2024-07-01,2,174,174,-0.044839713187704106
2024-07-01,3,174,174,-0.0451304411893777
2024-07-01,4,174,174,-0.03816807413119487
2024-07-01,5,174,174,-0.03623562078452364
2024-07-02,1,174,173,-0.051542568358685585
2024-07-02,2,174,174,-0.04441536028464429
2024-07-02,3,174,174,-0.02910462747906877
2024-07-02,4,174,174,-0.030017956912079365
2024-07-02,5,174,174,-0.025107785109623665
2024-07-03,1,174,174,0.00034167110232829334
2024-07-03,2,174,174,-0.007753205697012844
2024-07-03,3,174,173,0.017171102591381868
2024-07-03,4,174,174,0.007853457153385457
2024-07-03,5,173,172,0.010648678922401983
2024-07-04,1,173,173,0.008374962359498138
2024-07-04,2,173,173,-0.005597763656083711
2024-07-04,3,173,172,0.03349557643476533
2024-07-04,4,173,173,0.022981694569757873
2024-07-04,5,172,171,0.0206701911311355
2024-07-05,1,173,173,-0.014683510339470265
2024-07-05,2,172,171,-0.015595488322949184
2024-07-05,3,173,172,0.005888664482888833
2024-07-05,4,172,172,0.01355664657680735
2024-07-05,5,172,172,0.007099420194860432
2024-07-08,1,171,171,0.0033592942603502744
2024-07-08,2,171,171,-0.005907298866343814
2024-07-08,3,171,170,0.025338681582762788
2024-07-08,4,171,171,0.03531585222020593
2024-07-08,5,170,170,0.024313648060881248
2024-07-09,1,171,171,-0.015443563671985279
2024-07-09,2,170,170,-0.018632064011533604
2024-07-09,3,171,170,0.02051596360351989
2024-07-09,4,170,170,0.021085780260252155
2024-07-09,5,170,170,0.013118974749944399
2024-07-10,1,170,170,-0.03766904217375528
2024-07-10,2,170,170,-0.026513836094421685
2024-07-10,3,169,168,0.00787591586727587
2024-07-10,4,170,170,-0.00017013655186039902
2024-07-10,5,169,169,-0.0011408036056524003
2024-07-11,1,172,172,-0.03666533788149483
2024-07-11,2,171,171,-0.02386621506739474
2024-07-11,3,171,170,-0.007396501352399521
2024-07-11,4,171,171,0.0002284867200969656
2024-07-11,5,171,171,-0.00317329100869198
2024-07-12,1,172,172,-0.040172796078800886
2024-07-12,2,172,172,-0.03881089606803391
2024-07-12,3,171,170,-0.020237427526843463
2024-07-12,4,172,172,-0.0020127022634988468
2024-07-12,5,171,171,-0.011409978470585285
2024-07-15,1,171,171,-0.0337096857714239
2024-07-15,2,171,171,-0.032451287601946724
2024-07-15,3,171,170,-0.011935841172853508
2024-07-15,4,171,171,-0.005665344801472918
2024-07-15,5,171,171,-0.008330379191760237
2024-07-16,1,171,171,-0.03518470227450357
2024-07-16,2,171,171,-0.03316221245448944
2024-07-16,3,170,169,-0.015651790257785497
2024-07-16,4,171,171,-0.0072685889528865235
2024-07-16,5,170,170,-0.006856248984382648
2024-07-17,1,171,171,-0.033579774901595694
2024-07-17,2,171,171,-0.03060463264058281
2024-07-17,3,171,171,-0.01589417608164795
2024-07-17,4,171,171,-0.0077743533447802065
2024-07-17,5,170,170,-0.008584468359199343
2024-07-18,1,171,171,-0.02581806663995343
2024-07-18,2,171,171,-0.01873411125842165
2024-07-18,3,170,170,-0.00808817482753167
2024-07-18,4,171,171,-0.003137670970052003
2024-07-18,5,170,170,0.0016681551835506655
2024-07-19,1,171,171,-0.04184501117940181
2024-07-19,2,170,170,-0.0323905529902694
2024-07-19,3,170,170,-0.023262957103235917
2024-07-19,4,170,170,-0.016576606113488015
2024-07-19,5,170,170,-0.012760950864057683
2024-07-22,1,170,170,-0.041777989955809065
2024-07-22,2,169,169,-0.03318163175575569
2024-07-22,3,170,170,-0.023775158205101433
2024-07-22,4,169,169,-0.011566088410216026
2024-07-22,5,169,169,-0.006943546646380347
2024-07-23,1,169,169,-0.03515600267813027
2024-07-23,2,169,169,-0.019118526203842096
2024-07-23,3,169,169,-0.022282608450787715
2024-07-23,4,169,169,0.0004230710132503325
2024-07-23,5,168,168,-0.0049930669562134045
2024-07-24,1,168,168,-0.013633060168244823
2024-07-24,2,168,168,-0.0031626653769102142
2024-07-24,3,167,166,-0.008012850475624484
2024-07-24,4,168,168,0.009710399975405822
2024-07-24,5,167,167,0.0034974991069077963
2024-07-25,1,169,169,-0.04096136836487821
2024-07-25,2,168,168,-0.024460513357126512
2024-07-25,3,168,167,-0.028896405063039126
2024-07-25,4,168,168,-0.014827110811038562
2024-07-25,5,168,168,-0.02246251231088501
2024-07-26,1,169,169,-0.04481721475073276
2024-07-26,2,169,169,-0.033034286482465695
2024-07-26,3,169,168,-0.04176487321055758
2024-07-26,4,169,169,-0.021161217626377873
2024-07-26,5,169,169,-0.0260865965669106
2024-07-29,1,169,169,-0.04385117187377648
2024-07-29,2,169,169,-0.028374764218005142
2024-07-29,3,168,167,-0.026550991222584346
2024-07-29,4,169,169,-0.01195892204199966
2024-07-29,5,168,168,-0.017238692313002103
2024-07-30,1,169,168,-0.05964857897354273
2024-07-30,2,168,168,-0.04101823606004734
2024-07-30,3,168,168,-0.04132759928741806
2024-07-30,4,168,167,-0.028349658948259637
2024-07-30,5,168,168,-0.03324762828632089
2024-07-31,1,170,170,-0.10342885589985915
2024-07-31,2,169,168,-0.07743913909229723
2024-07-31,3,170,169,-0.07538704738467532
2024-07-31,4,169,168,-0.05906648204193939
2024-07-31,5,169,169,-0.061329525161673684
2024-08-01,1,169,169,-0.07175866132672314
2024-08-01,2,169,169,-0.04945166745227155
2024-08-01,3,169,169,-0.053207931765175506
2024-08-01,4,169,168,-0.03985175232136223
2024-08-01,5,168,168,-0.04032220647675522
2024-08-02,1,170,170,-0.03347343015658927
2024-08-02,2,169,169,-0.025485252728649578
2024-08-02,3,170,170,-0.029206844860267294
2024-08-02,4,169,168,-0.011578271801630022
2024-08-02,5,169,169,-0.022455513947879056
2024-08-05,1,170,170,-0.05026723747902563
2024-08-05,2,170,169,-0.0361468088355883
2024-08-05,3,170,170,-0.044561162585122494
2024-08-05,4,170,168,-0.02523881921172102
2024-08-05,5,169,169,-0.03087046378113306
2024-08-06,1,170,170,-0.03934608789353584
2024-08-06,2,169,168,-0.03398905092372865
2024-08-06,3,169,169,-0.047959212115966
2024-08-06,4,169,167,-0.024388800834297467
2024-08-06,5,169,169,-0.030004205262842563
2024-08-07,1,170,170,-0.03578726851940377
2024-08-07,2,170,170,-0.03117700338616463
2024-08-07,3,169,168,-0.033677771921906546
2024-08-07,4,170,169,-0.025402345322164108
2024-08-07,5,169,169,-0.027622241578223603
2024-08-08,1,170,170,-0.03343280702620085
2024-08-08,2,169,169,-0.03256777497698422
2024-08-08,3,169,167,-0.034886209729838864
2024-08-08,4,169,168,-0.02417827504353396
2024-08-08,5,169,168,-0.031565025563357614
2024-08-09,1,169,169,-0.04648396269167311
2024-08-09,2,169,169,-0.03793678927774162
2024-08-09,3,169,167,-0.045266170959010144
2024-08-09,4,169,169,-0.02978802428753249
2024-08-09,5,169,167,-0.03657787759936885
2024-08-12,1,170,170,-0.033160800914047404
2024-08-12,2,169,169,-0.043496463378732454
2024-08-12,3,170,168,-0.043024134581151
2024-08-12,4,169,169,-0.028623272739811585
2024-08-12,5,169,167,-0.03561392900944373
2024-08-13,1,170,170,-0.04168902526757106
2024-08-13,2,169,169,-0.0472684410396971
2024-08-13,3,170,168,-0.052197220497246836
2024-08-13,4,169,168,-0.033384131020131415
2024-08-13,5,169,168,-0.046026030112983576
2024-08-14,1,170,170,-0.030798667701731317
2024-08-14,2,170,170,-0.030212508035483348
2024-08-14,3,170,168,-0.03764722851764944
2024-08-14,4,170,169,-0.026720417149297192
2024-08-14,5,170,169,-0.037245582578139654
2024-08-15,1,170,170,-0.05271356744256486
2024-08-15,2,170,170,-0.04436178467341685
2024-08-15,3,170,168,-0.05294898362891219
2024-08-15,4,170,169,-0.044974596963074154
2024-08-15,5,170,169,-0.0456227491079118
2024-08-16,1,171,171,-0.054240982140921774
2024-08-16,2,170,170,-0.05264608156369911
2024-08-16,3,171,169,-0.05354889747878035
2024-08-16,4,170,169,-0.051176058662167984
2024-08-16,5,170,169,-0.04524251738266317
2024-08-19,1,171,171,-0.051359098236112
2024-08-19,2,171,171,-0.04521359968708135
2024-08-19,3,170,169,-0.05040047598559456
2024-08-19,4,171,171,-0.05083178005008455
2024-08-19,5,170,169,-0.0454970707687231
2024-08-20,1,170,170,-0.019655761503878193
2024-08-20,2,170,170,-0.013729230548375373
2024-08-20,3,170,169,-0.011398088416631893
2024-08-20,4,170,170,-0.020358513323224237
2024-08-20,5,169,168,-0.009429507755246772
2024-08-21,1,170,170,-0.026698838045617592
2024-08-21,2,170,170,-0.009861098150934751
2024-08-21,3,169,168,-0.011388005348585573
2024-08-21,4,170,169,-0.015011997278754024
2024-08-21,5,169,168,-0.009921341942359637
2024-08-22,1,169,169,0.003505154884274011
2024-08-22,2,169,169,0.012032930649820169
2024-08-22,3,169,168,0.012668768444944285
2024-08-22,4,169,169,0.006938300016498563
2024-08-22,5,169,168,0.01871749685199665
2024-08-23,1,169,169,0.04504511690961396
2024-08-23,2,169,168,0.0475945334412139
2024-08-23,3,169,169,0.04984361358111663
2024-08-23,4,169,168,0.049753136654961
2024-08-23,5,168,168,0.045714392821478746
2024-08-26,1,170,170,0.03702367000537366
2024-08-26,2,170,169,0.045182346337024844
2024-08-26,3,170,170,0.04876776013114894
2024-08-26,4,170,169,0.03656132085370896
2024-08-26,5,169,169,0.049043200130792344
2024-08-27,1,170,170,0.12772372911716037
2024-08-27,2,170,169,0.11901902968328981
2024-08-27,3,170,170,0.12820741936949986
2024-08-27,4,170,169,0.11631808688189588
2024-08-27,5,169,169,0.12135013794363586
2024-08-28,1,170,170,0.21619539308787347
2024-08-28,2,169,168,0.20589805428095592
2024-08-28,3,170,170,0.2168342617698704
2024-08-28,4,169,168,0.2088525226321833
2024-08-28,5,169,169,0.1977309171934572
2024-08-29,1,169,169,0.3668123119139725
2024-08-29,2,169,168,0.35306128875770393
2024-08-29,3,169,169,0.3651814052247117
2024-08-29,4,169,168,0.3666599558745239
2024-08-29,5,169,169,0.35068259487957354
2024-08-30,1,170,170,0.2613639726726355
2024-08-30,2,170,169,0.24553563501159884
2024-08-30,3,170,170,0.26175063062840276
2024-08-30,4,170,169,0.2772762944831645
2024-08-30,5,170,170,0.2553735607915525
2024-09-02,1,170,170,0.22261801619817861
2024-09-02,2,169,169,0.21352870900372067
2024-09-02,3,170,168,0.21452469744824462
2024-09-02,4,169,169,0.23626675192053487
2024-09-02,5,169,169,0.20763352024196974
2024-09-03,1,169,169,0.19505995246943397
2024-09-03,2,169,169,0.20050910330929467
2024-09-03,3,168,168,0.21003706824834764
2024-09-03,4,169,169,0.2102670044588629
2024-09-03,5,168,168,0.18664137420084476
2024-09-04,1,168,168,0.16866468726055292
2024-09-04,2,168,168,0.16730020697901812
2024-09-04,3,168,168,0.17688792976354503
2024-09-04,4,168,168,0.18391630388702637
2024-09-04,5,168,168,0.15499264786436295
2024-09-05,1,169,169,0.19485362185922206
2024-09-05,2,168,167,0.17236349675645166
2024-09-05,3,169,168,0.18444280864719187
2024-09-05,4,168,168,0.1826709603416732
2024-09-05,5,168,168,0.16125129206081046
2024-09-06,1,168,168,0.18321040912863112
2024-09-06,2,168,168,0.16515073484313494
2024-09-06,3,168,168,0.19034780840064064
2024-09-06,4,168,168,0.16625072314924877
2024-09-06,5,168,168,0.15061838887273918
2024-09-09,1,168,168,0.2139686569570666
2024-09-09,2,168,168,0.2011272208978608
2024-09-09,3,167,167,0.2088512988673381
2024-09-09,4,168,168,0.19840708407475094
2024-09-09,5,167,167,0.17997454170019403
2024-09-10,1,167,166,0.20563780419066577
2024-09-10,2,167,167,0.18288333045921715
2024-09-10,3,166,166,0.18183880672770936
2024-09-10,4,167,167,0.18495355323927126
2024-09-10,5,166,166,0.16439289663918313
2024-09-11,1,167,166,0.2470901050831385
2024-09-11,2,166,165,0.22829189170602515
2024-09-11,3,166,166,0.22008440241397087
2024-09-11,4,166,166,0.22745982613397805
2024-09-11,5,166,166,0.20511505924725557
2024-09-12,1,167,166,0.27923628642697484
2024-09-12,2,166,165,0.23807504433511378
2024-09-12,3,167,167,0.22409789212999473
2024-09-12,4,166,166,0.24522778454149488
2024-09-12,5,166,166,0.21340452791805437
2024-09-13,1,167,166,0.3121222437839397
2024-09-13,2,167,166,0.27506120249961863
2024-09-13,3,166,166,0.25109921975105026
2024-09-13,4,167,167,0.2675015286388164
2024-09-13,5,166,166,0.2328963895813999
2024-09-18,1,167,166,0.29924913318900803
2024-09-18,2,167,167,0.2632544430265704
2024-09-18,3,167,166,0.24365487977219505
2024-09-18,4,167,167,0.2692276977820751
2024-09-18,5,166,166,0.22992502954063407
2024-09-19,1,167,166,0.2859318848555186
2024-09-19,2,167,167,0.2388909593502393
2024-09-19,3,167,166,0.23019525167547544
2024-09-19,4,167,167,0.23946986231630504
2024-09-19,5,167,167,0.21519348095071145
2024-09-20,1,167,166,0.3173584979257262
2024-09-20,2,167,166,0.26147930362096916
2024-09-20,3,167,167,0.24102156773305375
2024-09-20,4,167,167,0.24912275824945604
2024-09-20,5,167,167,0.2554302562698228
2024-09-23,1,167,166,0.3332439815258409
2024-09-23,2,167,166,0.26772495830851334
2024-09-23,3,167,167,0.259819794063788
2024-09-23,4,167,167,0.26588758518085526
2024-09-23,5,167,167,0.27372535954564214
2024-09-24,1,170,169,0.2549503545483887
2024-09-24,2,169,168,0.19077026217698467
2024-09-24,3,169,168,0.19056577594567678
2024-09-24,4,169,169,0.17847160426770362
2024-09-24,5,169,169,0.19519523605507066
2024-09-25,1,172,171,0.2796330759484702
2024-09-25,2,171,170,0.21094409952754803
2024-09-25,3,171,171,0.17376242421672147
2024-09-25,4,171,171,0.2037318811293312
2024-09-25,5,171,171,0.20899545816828985
2024-09-26,1,173,173,0.2177877758275191
2024-09-26,2,173,172,0.13398361866099504
2024-09-26,3,173,173,0.13844882601215575
2024-09-26,4,173,173,0.16026709043325685
2024-09-26,5,173,173,0.14196409936604215
2024-09-27,1,176,176,0.09542767071514735
2024-09-27,2,176,175,0.05710842363313631
2024-09-27,3,176,176,0.03996828492619781
2024-09-27,4,176,176,0.05128470923013932
2024-09-27,5,176,176,0.04867057618857789
2024-09-30,1,180,180,-0.019662696626950263
2024-09-30,2,180,179,-0.06407491336114987
2024-09-30,3,180,180,-0.0726505409985066
2024-09-30,4,180,180,-0.06653098124721793
2024-09-30,5,180,180,-0.06599393837175936
2024-10-08,1,183,183,0.07109833139579445
2024-10-08,2,183,182,0.03135105252639462
2024-10-08,3,182,182,0.017417239142628518
2024-10-08,4,183,183,0.009556429370648347
2024-10-08,5,182,182,0.024026116641567057
2024-10-09,1,181,181,0.1260546766835463
2024-10-09,2,180,178,0.07908752362424212
2024-10-09,3,181,181,0.06735039093541031
2024-10-09,4,180,180,0.061931388018642154
2024-10-09,5,180,180,0.08032007421048559
2024-10-10,1,181,181,0.2114119011038738
2024-10-10,2,180,179,0.1140404291001112
2024-10-10,3,180,180,0.11913848157129497
2024-10-10,4,180,180,0.111253855542435
2024-10-10,5,180,180,0.13757978350861993
2024-10-11,1,180,180,0.20763627275699575
2024-10-11,2,180,179,0.11808706532790628
2024-10-11,3,179,179,0.13707261517968822
2024-10-11,4,180,180,0.1277828944816116
2024-10-11,5,179,179,0.145183226535314
2024-10-14,1,181,181,0.21581693138572083
2024-10-14,2,180,179,0.12597234380693928
2024-10-14,3,180,180,0.13418529074718197
2024-10-14,4,180,180,0.1347293264321601
2024-10-14,5,180,180,0.1499914106634532
2024-10-15,1,181,181,0.22411535144661487
2024-10-15,2,180,179,0.14009989031861517
2024-10-15,3,181,181,0.14385654506477538
2024-10-15,4,180,180,0.15665568636915522
2024-10-15,5,180,180,0.17093247628559916
2024-10-16,1,181,181,0.18874134265151904
2024-10-16,2,180,179,0.11567599451358168
2024-10-16,3,181,181,0.11749080383937273
2024-10-16,4,180,180,0.13592059039575632
2024-10-16,5,180,180,0.15135965970844636
2024-10-17,1,180,179,0.15730535845376073
2024-10-17,2,180,179,0.1108568109801284
2024-10-17,3,180,180,0.1160909398828398
2024-10-17,4,180,180,0.1120959214556887
2024-10-17,5,179,179,0.14079906719363422
2024-10-18,1,181,181,0.09257469555597471
2024-10-18,2,180,178,0.05451251232141675
2024-10-18,3,181,181,0.07949844794189634
2024-10-18,4,180,180,0.06841630394174607
2024-10-18,5,180,180,0.09988792943823184
2024-10-21,1,181,181,0.035939527635700984
2024-10-21,2,180,179,0.03911308043154605
2024-10-21,3,181,181,0.04751652154681824
2024-10-21,4,180,180,0.053628266590039546
2024-10-21,5,180,180,0.07593279357130246
2024-10-22,1,181,181,0.04276331106363963
2024-10-22,2,181,181,0.04545525252393549
2024-10-22,3,181,181,0.046349260766879605
2024-10-22,4,181,181,0.06049435225666272
2024-10-22,5,180,180,0.07063560098733279
2024-10-23,1,181,181,0.06695584486279013
2024-10-23,2,181,181,0.05904670604243979
2024-10-23,3,181,181,0.06188646452247734
2024-10-23,4,181,181,0.08324846521035975
2024-10-23,5,180,180,0.08601005728009146
2024-10-24,1,182,182,0.060441479174066226
2024-10-24,2,181,181,0.05547973558132794
2024-10-24,3,181,181,0.06564977861674984
2024-10-24,4,181,181,0.08145546439901309
2024-10-24,5,181,181,0.09731098616188581
2024-10-25,1,182,182,-0.0014888076048957602
2024-10-25,2,182,181,0.006799995562700584
2024-10-25,3,182,182,0.020507806076905475
2024-10-25,4,182,182,0.03555393484872754
2024-10-25,5,181,181,0.05695531182155794
2024-10-28,1,183,183,-0.023920815414398673
2024-10-28,2,183,182,-0.01517892668291559
2024-10-28,3,183,183,-0.001255646649690042
2024-10-28,4,183,183,0.019002163069530644
2024-10-28,5,182,182,0.03814733781218863
2024-10-29,1,183,181,-0.02007859504539464
2024-10-29,2,182,182,0.005482710114057543
2024-10-29,3,182,182,0.00847316401041656
2024-10-29,4,182,182,0.03416460848058424
2024-10-29,5,182,182,0.04951012558671879
2024-10-30,1,183,182,-0.012394975141341342
2024-10-30,2,182,181,0.026886335250251595
2024-10-30,3,182,182,0.033038602346661505
2024-10-30,4,182,182,0.05177687803361866
2024-10-30,5,182,182,0.06611337571437893
2024-10-31,1,183,183,-0.04006654521249505
2024-10-31,2,183,182,0.01882756797305249
2024-10-31,3,183,183,0.01633279801633884
2024-10-31,4,183,183,0.038459674304397
2024-10-31,5,182,182,0.05717172132020841
2024-11-01,1,183,182,0.016346298468863804
2024-11-01,2,182,181,0.04542253216590645
2024-11-01,3,182,182,0.037101229168180046
2024-11-01,4,182,182,0.0641493688367804
2024-11-01,5,182,182,0.08396903534608607
2024-11-04,1,183,182,0.025109445903177038
2024-11-04,2,183,182,0.03984081330100677
2024-11-04,3,182,182,0.045103718413172664
2024-11-04,4,183,183,0.053416172489642276
2024-11-04,5,182,182,0.08446640088349029
2024-11-05,1,185,183,-0.012444603066598368
2024-11-05,2,184,184,0.008477339479146726
2024-11-05,3,184,184,0.01651988831943804
2024-11-05,4,184,183,0.014907766520911612
2024-11-05,5,184,184,0.05042436920834062
2024-11-06,1,184,182,-0.02785586619251714
2024-11-06,2,184,183,0.00021982670976850453
2024-11-06,3,183,183,0.012729709677880317
2024-11-06,4,184,184,-0.0011366811716648905
2024-11-06,5,183,183,0.03459692637255179
2024-11-07,1,186,184,-0.049842030502011025
2024-11-07,2,185,185,-0.026224778541918098
2024-11-07,3,185,185,-0.02310148522113195
2024-11-07,4,185,185,-0.02637200318285147
2024-11-07,5,185,185,0.002691240672704062
2024-11-08,1,185,184,-0.024355518298072157
2024-11-08,2,185,185,0.0009658578692693247
2024-11-08,3,184,184,-0.008833884820816451
2024-11-08,4,185,185,0.007783818049614103
2024-11-08,5,184,184,0.03066615234243022
2024-11-11,1,185,184,-0.02702046176086634
2024-11-11,2,185,185,0.0015145492380551628
2024-11-11,3,185,185,0.019611092528502735
2024-11-11,4,185,185,0.017881967016298246
2024-11-11,5,184,184,0.0255419142412128
2024-11-12,1,185,184,-0.039042345039663695
2024-11-12,2,184,184,0.0057820058887237185
2024-11-12,3,184,184,0.002622512594068709
2024-11-12,4,184,184,0.007378923942816091
2024-11-12,5,184,184,0.018442566492016966
2024-11-13,1,184,183,-0.007015991954277522
2024-11-13,2,184,184,0.015691912632905463
2024-11-13,3,184,184,0.010026032457945611
2024-11-13,4,184,184,0.01885219783484457
2024-11-13,5,184,184,0.019552673253484927
2024-11-14,1,184,183,0.04218456886021451
2024-11-14,2,183,183,0.050008067698376436
2024-11-14,3,184,184,0.03861778344994823
2024-11-14,4,183,183,0.04835283086977051
2024-11-14,5,183,183,0.050993797436290095
2024-11-15,1,184,184,0.04940462774332882
2024-11-15,2,183,183,0.04140675887065452
2024-11-15,3,183,183,0.03163867146906139
2024-11-15,4,183,183,0.042712443146558365
2024-11-15,5,183,183,0.03959519766521409
2024-11-18,1,184,184,0.07283973928888121
2024-11-18,2,183,183,0.05967557527356002
2024-11-18,3,183,183,0.02123169780642881
2024-11-18,4,183,183,0.04496225590498964
2024-11-18,5,183,182,0.04722701216667252
2024-11-19,1,184,184,0.025811506721064664
2024-11-19,2,183,183,0.024997571221560943
2024-11-19,3,184,184,0.0010983712527817251
2024-11-19,4,183,183,0.02514673404131256
2024-11-19,5,183,182,0.012526369740338016
2024-11-20,1,184,184,0.0032709927319344812
2024-11-20,2,183,183,0.0038016380120784073
2024-11-20,3,184,184,-0.013756128774903138
2024-11-20,4,183,182,-0.005322054137714808
2024-11-20,5,183,183,2.795808509118795e-05
2024-11-21,1,184,184,0.0020741812910749736
2024-11-21,2,183,183,0.0059311006278407775
2024-11-21,3,184,184,-0.00012491243295903817
2024-11-21,4,183,182,-0.0029512878610631283
2024-11-21,5,183,183,0.006567436417416471
2024-11-22,1,183,183,0.04739647951014255
2024-11-22,2,183,183,0.03563577614470039
2024-11-22,3,183,183,0.037720790686013965
2024-11-22,4,183,181,0.029300685541503238
2024-11-22,5,183,182,0.04269598442949617
2024-11-25,1,183,183,0.0045770582148683256
2024-11-25,2,183,183,0.014889047835873515
2024-11-25,3,183,183,0.014697023272724643
2024-11-25,4,183,182,0.006984367894726787
2024-11-25,5,182,181,0.027351259706093034
2024-11-26,1,183,183,0.03734934010658048
2024-11-26,2,183,183,0.02649483074973135
2024-11-26,3,183,183,0.03744882679154995
2024-11-26,4,183,182,0.017113362169835142
2024-11-26,5,182,181,0.04534270768141188
2024-11-27,1,184,183,-0.026046613218811767
2024-11-27,2,183,183,-0.011845165839489687
2024-11-27,3,184,184,0.0051016121978489475
2024-11-27,4,183,182,-0.0011489881425329486
2024-11-27,5,183,182,0.01491280910276844
2024-11-28,1,184,184,-0.006835458485211335
2024-11-28,2,183,183,0.0014347590189145824
2024-11-28,3,184,184,0.010028555914140957
2024-11-28,4,183,182,0.010472384077296275
2024-11-28,5,183,182,0.03284198718114957
2024-11-29,1,184,182,-0.027846354252637203
2024-11-29,2,183,183,-0.007274355995693246
2024-11-29,3,184,184,0.0018495976395429723
2024-11-29,4,183,181,-0.0003657546206215927
2024-11-29,5,183,182,0.020528430210194792
2024-12-02,1,184,183,-0.05576771746419104
2024-12-02,2,184,184,-0.033040313554731596
2024-12-02,3,184,184,-0.016446087875415676
2024-12-02,4,184,182,-0.00809287677693127
2024-12-02,5,184,184,0.003809297515414448
2024-12-03,1,184,183,-0.08321223331740792
2024-12-03,2,184,182,-0.05297602571394351
2024-12-03,3,184,184,-0.0460099931259849
2024-12-03,4,184,183,-0.03143102296845772
2024-12-03,5,184,183,-0.02071291462390611
2024-12-04,1,185,184,-0.08237008463952832
2024-12-04,2,184,183,-0.06482272743448049
2024-12-04,3,185,185,-0.048200419838804354
2024-12-04,4,184,183,-0.045300410908776845
2024-12-04,5,184,183,-0.025743165278324924
2024-12-05,1,185,184,-0.14888145848925877
2024-12-05,2,185,184,-0.09810422296729639
2024-12-05,3,185,185,-0.07822651429975341
2024-12-05,4,185,184,-0.07006998637761115
2024-12-05,5,184,183,-0.05441659885753262
2024-12-06,1,185,184,-0.15921519357172118
2024-12-06,2,185,184,-0.1067714319819455
2024-12-06,3,185,185,-0.08524569767024284
2024-12-06,4,185,185,-0.07162288337065993
2024-12-06,5,185,184,-0.06801290090731578
2024-12-09,1,185,184,-0.17157919649747524
2024-12-09,2,185,184,-0.11787085694039678
2024-12-09,3,185,185,-0.10502557956922523
2024-12-09,4,185,185,-0.08842390276631891
2024-12-09,5,185,184,-0.08021619886529435
2024-12-10,1,185,184,-0.15138812976599364
2024-12-10,2,185,184,-0.10428659655502794
2024-12-10,3,185,185,-0.0864973798189517
2024-12-10,4,185,185,-0.06908576835325136
2024-12-10,5,184,183,-0.07193858509600962
2024-12-11,1,186,185,-0.15501041255388243
2024-12-11,2,185,184,-0.10955690556954106
2024-12-11,3,185,185,-0.09766064723080257
2024-12-11,4,185,185,-0.08902697303337903
2024-12-11,5,185,184,-0.07493057225177678
2024-12-12,1,186,184,-0.19251412210461485
2024-12-12,2,186,186,-0.1416519034798681
2024-12-12,3,185,185,-0.12255387087480271
2024-12-12,4,186,185,-0.12442444809926738
2024-12-12,5,185,185,-0.1084819339337825
2024-12-13,1,185,184,-0.17043147479219756
2024-12-13,2,185,185,-0.11319682789241506
2024-12-13,3,184,184,-0.1018024890238781
2024-12-13,4,185,185,-0.09277209905294065
2024-12-13,5,184,184,-0.09151682068791969
2024-12-16,1,185,184,-0.11244686047312749
2024-12-16,2,185,185,-0.0739498987958737
2024-12-16,3,185,185,-0.06671724824436888
2024-12-16,4,185,185,-0.059371080078192744
2024-12-16,5,184,183,-0.0600156019441247
2024-12-17,1,184,184,-0.08052477556078172
2024-12-17,2,184,183,-0.061955231048024174
2024-12-17,3,184,184,-0.057773307718387394
2024-12-17,4,184,184,-0.04899146990329369
2024-12-17,5,183,183,-0.044197774200113844
2024-12-18,1,185,185,-0.07935001435314268
2024-12-18,2,184,183,-0.05396581529570336
2024-12-18,3,184,184,-0.06053137399711346
2024-12-18,4,184,184,-0.04232165696182267
2024-12-18,5,184,184,-0.04102087970749592
2024-12-19,1,185,185,-0.0708956503639465
2024-12-19,2,184,183,-0.05412179008925821
2024-12-19,3,184,184,-0.05013869877731361
2024-12-19,4,184,184,-0.04025720863119132
2024-12-19,5,184,184,-0.03848325119711483
2024-12-20,1,184,184,-0.07398115992743089
2024-12-20,2,184,183,-0.05152560319864278
2024-12-20,3,184,184,-0.055542331970273515
2024-12-20,4,184,183,-0.042316847504736244
2024-12-20,5,184,184,-0.035486869640658454
2024-12-23,1,183,183,-0.04845297969322581
2024-12-23,2,183,182,-0.04975080942339685
2024-12-23,3,183,183,-0.04179411450863737
2024-12-23,4,183,183,-0.031367410641380836
2024-12-23,5,182,182,-0.02817949043696042
2024-12-24,1,184,184,-0.04565088790032001
2024-12-24,2,183,183,-0.058118928764138426
2024-12-24,3,183,183,-0.050360586042997174
2024-12-24,4,183,183,-0.035163281971572605
2024-12-24,5,183,183,-0.03360044436415261
2024-12-25,1,183,183,-0.04365167361018429
2024-12-25,2,183,183,-0.05553707451928608
2024-12-25,3,183,183,-0.04887784663735641
2024-12-25,4,183,183,-0.04277808312790389
2024-12-25,5,182,182,-0.034516243825723235
2024-12-26,1,183,183,-0.028712742939704553
2024-12-26,2,183,183,-0.04461804022499954
2024-12-26,3,182,182,-0.045667210171145466
2024-12-26,4,183,183,-0.0361844341969628
2024-12-26,5,182,182,-0.030966329018058618
2024-12-27,1,183,182,-0.035505758687734916
2024-12-27,2,183,182,-0.047293943667043745
2024-12-27,3,183,183,-0.051213205379190226
2024-12-27,4,183,183,-0.042867399463466814
2024-12-27,5,183,183,-0.03406159014421826
2024-12-30,1,183,183,-0.026108170184664548
2024-12-30,2,182,182,-0.04997474476823606
2024-12-30,3,183,183,-0.057407567259986914
2024-12-30,4,182,180,-0.05148622444178357
2024-12-30,5,182,182,-0.04208588402627857
2024-12-31,1,183,182,0.03800261215265082
2024-12-31,2,182,182,-0.007780965970720395
2024-12-31,3,182,181,-0.010578672408654047
2024-12-31,4,182,180,-0.011066294132369887
2024-12-31,5,182,182,0.002638808171561429
2025-01-02,1,181,181,0.06471711874079406
2025-01-02,2,181,181,0.041467952516994366
2025-01-02,3,181,181,0.021837574679150935
2025-01-02,4,181,180,0.036667107531013404
2025-01-02,5,181,181,0.04089527518552597
2025-01-03,1,180,180,0.12555120818782967
2025-01-03,2,180,180,0.08843404609513655
2025-01-03,3,180,180,0.060846308495443716
2025-01-03,4,180,179,0.06558734861374285
2025-01-03,5,179,179,0.07612889510915458
2025-01-06,1,181,181,0.12457005694726013
2025-01-06,2,180,180,0.0870900144750981
2025-01-06,3,180,179,0.05308857980819691
2025-01-06,4,180,180,0.053432546627875145
2025-01-06,5,180,180,0.06463903495430659
2025-01-07,1,181,181,0.13054262961043142
2025-01-07,2,180,180,0.09175704541115258
2025-01-07,3,181,180,0.05387018386354939
2025-01-07,4,180,180,0.06207402231717965
2025-01-07,5,180,180,0.07522826164965007
2025-01-08,1,181,181,0.10721506367566704
2025-01-08,2,180,180,0.08854582180461468
2025-01-08,3,180,179,0.05926071908517925
2025-01-08,4,180,180,0.07307767357916975
2025-01-08,5,180,180,0.0770843475445434
2025-01-09,1,181,181,0.09632892896026055
2025-01-09,2,180,180,0.09300294391474602
2025-01-09,3,181,180,0.07257149501870812
2025-01-09,4,180,180,0.08314357402955158
2025-01-09,5,180,179,0.08341566624881863
2025-01-10,1,180,180,0.1665381509300326
2025-01-10,2,179,179,0.12284726956897456
2025-01-10,3,180,179,0.09815943801677679
2025-01-10,4,179,179,0.11138451984172827
2025-01-10,5,179,178,0.09868665712773067
2025-01-13,1,180,180,0.10912724198100443
2025-01-13,2,179,179,0.08785636819276256
2025-01-13,3,179,178,0.06722321852990022
2025-01-13,4,179,179,0.08203155880406918
2025-01-13,5,179,178,0.0661415175911315
2025-01-14,1,181,181,0.08423191080249776
2025-01-14,2,180,180,0.07405588018957326
2025-01-14,3,180,179,0.05304955189767667
2025-01-14,4,180,180,0.05916664351563406
2025-01-14,5,180,179,0.04798779764228504
2025-01-15,1,181,180,0.09143917981668653
2025-01-15,2,180,180,0.08385522026887784
2025-01-15,3,180,179,0.05662491517033641
2025-01-15,4,180,180,0.06144632790990961
2025-01-15,5,180,179,0.05439854414080598
2025-01-16,1,181,181,0.10379925193570287
2025-01-16,2,180,180,0.08178756674702946
2025-01-16,3,180,179,0.06869675874052322
2025-01-16,4,180,180,0.08604365297992259
2025-01-16,5,180,179,0.06251003912717172
2025-01-17,1,181,181,0.07771584950721806
2025-01-17,2,180,180,0.052918986465475756
2025-01-17,3,180,179,0.048793065053129345
2025-01-17,4,180,179,0.05356028752646898
2025-01-17,5,180,179,0.04281996373019812
2025-01-20,1,181,181,0.07750115468566202
2025-01-20,2,180,180,0.058516229542409426
2025-01-20,3,181,180,0.0414625779873646
2025-01-20,4,180,179,0.05391675582192992
2025-01-20,5,180,179,0.03793115580536191
2025-01-21,1,181,181,0.09639618275748377
2025-01-21,2,180,180,0.07709275859070412
2025-01-21,3,180,179,0.06831413688674827
2025-01-21,4,180,179,0.07758622342923596
2025-01-21,5,180,179,0.061422828245923856
2025-01-22,1,179,179,0.07805884645044328
2025-01-22,2,179,179,0.06996194006509433
2025-01-22,3,179,178,0.05638433291613637
2025-01-22,4,179,178,0.06151123369380411
2025-01-22,5,179,179,0.05490472162790101
2025-01-23,1,179,179,0.06909925516429814
2025-01-23,2,179,179,0.06094365156577303
2025-01-23,3,179,178,0.06227009837278596
2025-01-23,4,179,178,0.04696925602899092
2025-01-23,5,179,179,0.049305126266251505
2025-01-24,1,179,179,0.02803737620015246
2025-01-24,2,179,178,0.03944125806462977
2025-01-24,3,179,179,0.04587251035301737
2025-01-24,4,179,178,0.031223322244631417
2025-01-24,5,179,179,0.026215657546624364
2025-01-27,1,180,180,0.05556463107367071
2025-01-27,2,180,179,0.056505588438787446
2025-01-27,3,180,180,0.05331967160122656
2025-01-27,4,180,179,0.04384739967771799
2025-01-27,5,179,179,0.04121263673873282
2025-02-05,1,180,180,0.07022554747714924
2025-02-05,2,180,178,0.07607439937738761
2025-02-05,3,180,180,0.06402746551934588
2025-02-05,4,180,179,0.04874395576783179
2025-02-05,5,180,180,0.05484058933229097
2025-02-06,1,180,180,0.05951145216448561
2025-02-06,2,180,180,0.0672093698942076
2025-02-06,3,180,179,0.04170997477800265
2025-02-06,4,180,180,0.039888281777491624
2025-02-06,5,180,180,0.044983956229367066
2025-02-07,1,181,181,0.038608642081292936
2025-02-07,2,181,181,0.04402581320159185
2025-02-07,3,181,180,0.027485620209369326
2025-02-07,4,181,181,0.021613604611672402
2025-02-07,5,180,180,0.03394062836934991
2025-02-10,1,181,181,0.005411555096317064
2025-02-10,2,181,181,0.02513554154399428
2025-02-10,3,181,181,0.010266047105055161
2025-02-10,4,181,181,0.0036468410219364523
2025-02-10,5,181,181,0.016283042325298945
2025-02-11,1,181,181,0.038978738134114316
2025-02-11,2,181,181,0.04792625079105948
2025-02-11,3,181,181,0.03357917391326926
2025-02-11,4,181,181,0.032155040512538924
2025-02-11,5,180,180,0.03913902070354585
2025-02-12,1,181,181,0.012915345167390903
2025-02-12,2,181,181,0.035093983433602795
2025-02-12,3,181,181,0.01471644748551983
2025-02-12,4,181,181,0.023150231555186356
2025-02-12,5,181,181,0.029290692450116205
2025-02-13,1,181,181,0.011406299584854345
2025-02-13,2,181,181,0.03126228359920431
2025-02-13,3,181,181,0.0256469930940629
2025-02-13,4,181,181,0.016590961642185785
2025-02-13,5,181,181,0.03217984555737786
2025-02-14,1,181,181,0.02973976030861911
2025-02-14,2,181,181,0.04575811704086855
2025-02-14,3,181,180,0.031139444031009857
2025-02-14,4,181,180,0.031585803571644464
2025-02-14,5,181,180,0.040175938339353956
2025-02-17,1,182,182,0.02913067783482117
2025-02-17,2,181,181,0.04788141993294034
2025-02-17,3,181,181,0.035936509006162166
2025-02-17,4,181,179,0.026459044185906878
2025-02-17,5,181,181,0.0498254535700525
2025-02-18,1,181,181,0.05704636419910908
2025-02-18,2,181,180,0.06083153966455057
2025-02-18,3,181,181,0.052270371835617294
2025-02-18,4,181,179,0.04518162734734197
2025-02-18,5,180,180,0.06990384571573109
2025-02-19,1,181,180,0.02409941246359835
2025-02-19,2,181,181,0.04491653084179869
2025-02-19,3,181,181,0.04076035103806639
2025-02-19,4,181,179,0.03058519455778289
2025-02-19,5,180,180,0.052501172347575426
2025-02-20,1,181,181,0.002378289838806609
2025-02-20,2,181,180,0.03157694853023939
2025-02-20,3,181,181,0.02796024548655505
2025-02-20,4,181,179,0.026179063240199908
2025-02-20,5,181,181,0.04039028992771691
2025-02-21,1,182,182,-0.035665300377687635
2025-02-21,2,181,180,0.013707597573081213
2025-02-21,3,182,182,0.020632958726904387
2025-02-21,4,181,179,0.011166715555542621
2025-02-21,5,181,181,0.020113203557555862
2025-02-24,1,182,180,-0.024658500049754943
2025-02-24,2,181,181,0.010937853844143055
2025-02-24,3,181,181,0.019017518241760442
2025-02-24,4,181,180,0.01087329973677271
2025-02-24,5,181,180,0.0192910393818195
2025-02-25,1,181,180,-0.05575130943907637
2025-02-25,2,181,181,0.009594385318087314
2025-02-25,3,181,181,0.017373673387210693
2025-02-25,4,181,180,0.019418809356020233
2025-02-25,5,180,179,0.01907317764420251
2025-02-26,1,182,182,-0.06108858639860167
2025-02-26,2,181,181,0.00030017379404226373
2025-02-26,3,182,182,0.007121782603841311
2025-02-26,4,181,180,0.008438438365553873
2025-02-26,5,181,180,0.008723262779922733
2025-02-27,1,182,182,-0.050288707293097167
2025-02-27,2,182,181,1.8105747640565475e-05
2025-02-27,3,181,181,0.016150162825670344
2025-02-27,4,182,181,0.01694311140513214
2025-02-27,5,181,180,0.010562424362056328
2025-02-28,1,181,181,-0.0372084068345407
2025-02-28,2,181,181,0.0051633801938925075
2025-02-28,3,181,181,0.012421382422996407
2025-02-28,4,181,180,0.027578915100605842
2025-02-28,5,181,181,0.014986014107844382
2025-03-03,1,182,181,-0.023710904974548763
2025-03-03,2,181,181,0.0018799168214716129
2025-03-03,3,181,181,0.011714609964378838
2025-03-03,4,181,180,0.016559294557792273
2025-03-03,5,181,181,0.014668240159058979
2025-03-04,1,182,182,-0.04940547477605125
2025-03-04,2,181,180,-0.0031898997499930854
2025-03-04,3,181,181,0.010844585849786398
2025-03-04,4,181,180,0.016746115105776376
2025-03-04,5,181,181,0.001350083104684528
2025-03-05,1,182,182,-0.07230823928772978
2025-03-05,2,181,180,-0.013978496743595076
2025-03-05,3,181,180,-0.0009472848018378259
2025-03-05,4,181,180,0.005958367543115347
2025-03-05,5,181,181,-0.005582480711379366
2025-03-06,1,182,182,-0.14268476524010829
2025-03-06,2,181,179,-0.07033166153150341
2025-03-06,3,182,182,-0.048997433126176854
2025-03-06,4,181,180,-0.037176271801593476
2025-03-06,5,181,181,-0.055865306167514346
2025-03-07,1,181,180,-0.18503047819879279
2025-03-07,2,181,180,-0.10236729761461076
2025-03-07,3,181,181,-0.09730872599339543
2025-03-07,4,181,180,-0.072984962616705
2025-03-07,5,181,181,-0.10341546022754358
2025-03-10,1,182,181,-0.18772566605531343
2025-03-10,2,181,180,-0.09751247339244654
2025-03-10,3,181,181,-0.0924836554769341
2025-03-10,4,181,181,-0.06334340637100738
2025-03-10,5,181,181,-0.09727285099206331
2025-03-11,1,182,181,-0.15448608740469427
2025-03-11,2,181,180,-0.07582203501099423
2025-03-11,3,181,181,-0.07174697016990256
2025-03-11,4,181,181,-0.047189575346174996
2025-03-11,5,181,181,-0.07569241779030554
2025-03-12,1,182,181,-0.15125241427761255
2025-03-12,2,181,180,-0.07361299826175689
2025-03-12,3,181,181,-0.06779250172342206
2025-03-12,4,181,181,-0.04700531928940703
2025-03-12,5,181,181,-0.0754909226678297
2025-03-13,1,181,180,-0.11173181670924666
2025-03-13,2,181,180,-0.05412342659825544
2025-03-13,3,181,181,-0.052794541913551964
2025-03-13,4,181,181,-0.03956841260883648
2025-03-13,5,181,181,-0.05501821793192325
2025-03-14,1,182,181,-0.12970669608442748
2025-03-14,2,181,180,-0.06236138198803636
2025-03-14,3,181,181,-0.07283389499244165
2025-03-14,4,181,180,-0.05400314595777079
2025-03-14,5,181,180,-0.07468420296704217
2025-03-17,1,182,181,-0.13473949152353387
2025-03-17,2,181,181,-0.079553933663313
2025-03-17,3,181,181,-0.06899732126357633
2025-03-17,4,181,181,-0.05889552712302652
2025-03-17,5,181,181,-0.07717812838048108
2025-03-18,1,182,181,-0.14927750327426273
2025-03-18,2,181,180,-0.08491064329975388
2025-03-18,3,181,181,-0.07537794113744156
2025-03-18,4,181,181,-0.06774243331307492
2025-03-18,5,181,181,-0.0864259164920331
2025-03-19,1,181,180,-0.13256092898012115
2025-03-19,2,181,181,-0.07698469237759957
2025-03-19,3,181,181,-0.07621062779620497
2025-03-19,4,181,181,-0.05714090747134227
2025-03-19,5,181,181,-0.07794501775610112
2025-03-20,1,181,179,-0.13025594495755025
2025-03-20,2,181,181,-0.06559219844201856
2025-03-20,3,181,181,-0.06550179364136387
2025-03-20,4,181,181,-0.05852370708255291
2025-03-20,5,181,181,-0.07328583788458332
2025-03-21,1,181,180,-0.0826096602498999
2025-03-21,2,181,180,-0.042170006008906566
2025-03-21,3,181,181,-0.04966350406731029
2025-03-21,4,181,180,-0.042467871165673986
2025-03-21,5,180,180,-0.05484274388915561
2025-03-24,1,181,180,-0.0780555417543835
2025-03-24,2,181,180,-0.02625612947860878
2025-03-24,3,180,180,-0.04007556561755531
2025-03-24,4,181,180,-0.022153595280866162
2025-03-24,5,180,180,-0.042328151457088764
2025-03-25,1,181,180,-0.05693198748450571
2025-03-25,2,181,180,-0.030945095575523742
2025-03-25,3,181,181,-0.0399036388549743
2025-03-25,4,181,180,-0.038706960514187795
2025-03-25,5,180,180,-0.043073847717787495
2025-03-26,1,181,180,-0.06613343137760348
2025-03-26,2,181,180,-0.03223832677290942
2025-03-26,3,181,181,-0.046660310913212114
2025-03-26,4,181,181,-0.04050625188704228
2025-03-26,5,180,180,-0.048156764466081234
2025-03-27,1,181,180,-0.06638957338646265
2025-03-27,2,181,181,-0.03563768837880448
2025-03-27,3,181,181,-0.051362605129549425
2025-03-27,4,181,181,-0.04468528324828401
2025-03-27,5,180,180,-0.049572129446120994
2025-03-28,1,181,181,-0.05993162619190468
2025-03-28,2,181,181,-0.03805370274663787
2025-03-28,3,180,180,-0.04895493139057516
2025-03-28,4,181,180,-0.04076284901509274
2025-03-28,5,180,180,-0.05339956716127741
2025-03-31,1,180,179,-0.043411909554308396
2025-03-31,2,180,179,-0.02234572789986805
2025-03-31,3,180,179,-0.04668554320705432
2025-03-31,4,180,180,-0.025880059746651262
2025-03-31,5,180,180,-0.0406653504880893
2025-04-01,1,180,179,-0.022334854101393225
2025-04-01,2,180,180,-0.01913251267561689
2025-04-01,3,180,179,-0.04287520559608713
2025-04-01,4,180,180,-0.030021195291070748
2025-04-01,5,180,180,-0.04098911703025456
2025-04-02,1,181,180,0.014412280472493148
2025-04-02,2,180,180,0.012651414611846535
2025-04-02,3,180,179,-0.013690435810098408
2025-04-02,4,180,180,-0.003527104163060164
2025-04-02,5,180,180,-0.012652057314140668
2025-04-03,1,181,180,0.06477630086395482
2025-04-03,2,180,180,0.057741286497789916
2025-04-03,3,180,179,0.0290916688442265
2025-04-03,4,180,180,0.029757915254256077
2025-04-03,5,180,180,0.02057335041049726
2025-04-07,1,179,178,0.1253698732635239
2025-04-07,2,179,179,0.10657165153053287
2025-04-07,3,179,178,0.08377651640854153
2025-04-07,4,179,179,0.0918601232186594
2025-04-07,5,178,178,0.08472788680129725
2025-04-08,1,179,178,0.15240962234133276
2025-04-08,2,178,178,0.09755951326933263
2025-04-08,3,179,178,0.09938441287874529
2025-04-08,4,178,178,0.09563796717474866
2025-04-08,5,178,178,0.09091276123767945
2025-04-09,1,179,178,0.09753435029232295
2025-04-09,2,179,179,0.06434825598721391
2025-04-09,3,179,178,0.0635658102521462
2025-04-09,4,179,178,0.059246969352428736
2025-04-09,5,178,178,0.05697458159764132
2025-04-10,1,180,179,0.08162886926071872
2025-04-10,2,179,179,0.05390526606789369
2025-04-10,3,180,179,0.05744073016409899
2025-04-10,4,179,178,0.05412199203635255
2025-04-10,5,179,179,0.05241972049463185
2025-04-11,1,180,179,0.058320167272658575
2025-04-11,2,179,179,0.036876733926198564
2025-04-11,3,180,179,0.03887742865873522
2025-04-11,4,179,178,0.04240363853042088
2025-04-11,5,179,179,0.037950078107681
2025-04-14,1,180,179,0.029770140182546808
2025-04-14,2,180,180,0.027200373131571542
2025-04-14,3,180,179,0.021120903627961443
2025-04-14,4,180,179,0.03047582087667993
2025-04-14,5,180,180,0.030521994153023712
2025-04-15,1,180,178,0.04915343775857422
2025-04-15,2,180,180,0.03424999099523661
2025-04-15,3,180,180,0.035648310492525564
2025-04-15,4,180,179,0.033651085898450755
2025-04-15,5,180,180,0.03632541924458111
2025-04-16,1,180,178,0.06774655639911582
2025-04-16,2,180,180,0.0598744351512647
2025-04-16,3,180,180,0.04862845140065696
2025-04-16,4,180,179,0.04391828996117863
2025-04-16,5,179,179,0.053020256959079415
2025-04-17,1,181,179,0.06603825133864259
2025-04-17,2,180,180,0.05443754155909065
2025-04-17,3,181,181,0.04613848722867147
2025-04-17,4,180,179,0.04741886447291167
2025-04-17,5,180,180,0.04968980109275804
2025-04-18,1,181,178,0.06418309508355494
2025-04-18,2,181,181,0.05076440570927384
2025-04-18,3,180,180,0.04004044836768587
2025-04-18,4,181,180,0.04213857773465679
2025-04-18,5,180,180,0.04961476996793402
2025-04-21,1,181,179,0.03141884432279142
2025-04-21,2,180,179,0.026620479610199657
2025-04-21,3,180,180,0.02360322242702996
2025-04-21,4,180,179,0.025470356949609703
2025-04-21,5,180,180,0.03533644821433652
2025-04-22,1,180,179,0.01682834742685064
2025-04-22,2,180,179,0.013070514492412743
2025-04-22,3,180,180,0.005845028278802516
2025-04-22,4,180,179,0.005829372450591004
2025-04-22,5,180,180,0.021345659708380815
2025-04-23,1,180,178,0.024308500914416824
2025-04-23,2,180,180,0.016382110017616962
2025-04-23,3,180,180,0.014603842899131877
2025-04-23,4,180,179,0.011672215801728818
2025-04-23,5,179,179,0.0235360449411107
2025-04-24,1,180,178,0.02971154613310832
2025-04-24,2,180,180,0.01843383416499778
2025-04-24,3,180,180,0.019892602074040887
2025-04-24,4,180,179,0.019380412246674174
2025-04-24,5,180,180,0.02741469425564541
2025-04-25,1,181,180,0.028172850016635612
2025-04-25,2,180,179,0.023569887533384657
2025-04-25,3,180,180,0.011560435847497096
2025-04-25,4,180,179,0.0201525751305514
2025-04-25,5,180,180,0.024931093425738352
2025-04-28,1,180,180,0.046029252787122076
2025-04-28,2,180,179,0.05246358099538597
2025-04-28,3,180,180,0.04185301895890066
2025-04-28,4,180,179,0.044623516053628506
2025-04-28,5,179,179,0.044139193750602525
2025-04-29,1,181,181,0.02911972512396583
2025-04-29,2,180,178,0.03209283290657779
2025-04-29,3,181,180,0.024178669612297442
2025-04-29,4,180,179,0.03472573142212046
2025-04-29,5,180,180,0.02936796506337803
2025-04-30,1,180,180,0.027180096054883446
2025-04-30,2,180,179,0.02916995472756263
2025-04-30,3,180,180,0.025871872508331794
2025-04-30,4,180,180,0.034097659861787095
2025-04-30,5,179,178,0.03208684364848973
2025-05-06,1,180,180,0.013623221480663
2025-05-06,2,180,179,0.006646982284023188
2025-05-06,3,179,179,0.01335774005771722
2025-05-06,4,180,180,0.017948838996440206
2025-05-06,5,179,178,0.01766756706911018
2025-05-07,1,181,181,0.02716931124933553
2025-05-07,2,180,178,0.027707977529596237
2025-05-07,3,180,180,0.021963820233357238
2025-05-07,4,180,180,0.02483973100095297
2025-05-07,5,180,179,0.024492405837447915
2025-05-08,1,181,181,0.01608298027630763
2025-05-08,2,181,179,0.017518419252562093
2025-05-08,3,180,180,0.021080148363769785
2025-05-08,4,181,181,0.01604615460316533
2025-05-08,5,180,179,0.017675724545991176
2025-05-09,1,181,181,0.037980183006424986
2025-05-09,2,180,179,0.03321700694502364
2025-05-09,3,180,180,0.02630601977933724
2025-05-09,4,180,180,0.0292133431926169
2025-05-09,5,180,180,0.023163080629415696
2025-05-12,1,181,181,0.01092630466987633
2025-05-12,2,180,180,0.018481346971521054
2025-05-12,3,180,180,0.010645996354921057
2025-05-12,4,180,180,0.003183810300072452
2025-05-12,5,180,179,0.008759965062415031
2025-05-13,1,180,180,0.021007798106883267
2025-05-13,2,180,180,0.031078747442517457
2025-05-13,3,180,180,0.021519130394153783
2025-05-13,4,180,180,0.015766856517720283
2025-05-13,5,180,180,0.024050503557593146
2025-05-14,1,181,181,0.02308759647430873
2025-05-14,2,180,180,0.029919848016655076
2025-05-14,3,180,180,0.020022538647636524
2025-05-14,4,180,180,0.013763815487542812
2025-05-14,5,180,180,0.019743036256482993
2025-05-15,1,180,180,0.02547456722098177
2025-05-15,2,180,180,0.028135227192781005
2025-05-15,3,180,180,0.01358657343767152
2025-05-15,4,180,180,0.011278105951250696
2025-05-15,5,180,180,0.012051618785140463
2025-05-16,1,180,180,0.03544552397598715
2025-05-16,2,180,179,0.02124689029371396
2025-05-16,3,180,180,0.026154445705418247
2025-05-16,4,180,180,0.016830290699799865
2025-05-16,5,180,180,0.017320435370340972
2025-05-19,1,181,181,0.02001657506253633
2025-05-19,2,180,180,0.012282415916858351
2025-05-19,3,180,180,0.023590923161699095
2025-05-19,4,180,180,0.008545268377372059
2025-05-19,5,180,180,0.011490031062091103
2025-05-20,1,180,180,0.016675783170196207
2025-05-20,2,180,180,0.0020516617744632407
2025-05-20,3,180,180,0.005788948171887134
2025-05-20,4,180,180,0.006160742617504887
2025-05-20,5,180,180,0.0013381427975047483
2025-05-21,1,180,180,-0.001028725768266149
2025-05-21,2,180,180,-0.003972948147345624
2025-05-21,3,180,180,-0.00016473075198399417
2025-05-21,4,180,180,-0.006874140894502738
2025-05-21,5,180,180,-0.009266072829222123
2025-05-22,1,180,180,-0.011597741397407796
2025-05-22,2,180,180,-0.00873092555088233
2025-05-22,3,180,180,-0.005252751881792952
2025-05-22,4,180,180,-0.002211094525170573
2025-05-22,5,180,180,-0.009119191062080442
2025-05-23,1,180,180,0.02227704433771304
2025-05-23,2,180,180,0.016779511681965377
2025-05-23,3,180,180,0.028549680351877927
2025-05-23,4,180,180,0.020528334256746033
2025-05-23,5,180,179,0.011570435526121345
2025-05-26,1,180,180,0.032919388421093806
2025-05-26,2,180,180,0.03506276241383866
2025-05-26,3,180,180,0.0406276522698863
2025-05-26,4,180,180,0.03292366661919447
2025-05-26,5,179,179,0.027569939433214345
2025-05-27,1,180,180,0.03979719112593742
2025-05-27,2,180,180,0.05558357702298926
2025-05-27,3,180,180,0.048300931616636386
2025-05-27,4,180,180,0.04365899874105362
2025-05-27,5,179,179,0.03300320482220155
2025-05-28,1,180,180,0.04142987704598986
2025-05-28,2,180,180,0.05186988611813423
2025-05-28,3,180,180,0.056654661848652595
2025-05-28,4,180,180,0.04870626128174343
2025-05-28,5,179,179,0.033021504091706816
2025-05-29,1,181,181,0.03673255131172768
2025-05-29,2,180,180,0.04496572865166803
2025-05-29,3,180,180,0.04117396277194147
2025-05-29,4,180,180,0.035916736693193334
2025-05-29,5,180,180,0.025331356308685545
2025-05-30,1,180,180,0.062011181329834346
2025-05-30,2,180,180,0.06204831742139386
2025-05-30,3,180,180,0.05932147553348391
2025-05-30,4,180,180,0.04443482726670676
2025-05-30,5,180,180,0.03985969691901978
2025-06-03,1,181,181,0.047057564817883604
2025-06-03,2,180,180,0.056471380816959044
2025-06-03,3,180,180,0.04995658966539532
2025-06-03,4,180,180,0.03538549409498725
2025-06-03,5,180,180,0.030451246823717644
2025-06-04,1,181,180,0.03147314568022955
2025-06-04,2,180,180,0.03707890497031462
2025-06-04,3,181,181,0.03957211451806788
2025-06-04,4,180,180,0.02678332223300019
2025-06-04,5,180,180,0.02667627000219443
2025-06-05,1,180,180,0.03970086616014376
2025-06-05,2,180,180,0.035340473119506485
2025-06-05,3,180,180,0.047156141827730313
2025-06-05,4,180,180,0.03023337980470659
2025-06-05,5,180,179,0.03137155373617511
2025-06-06,1,180,179,0.0304986778316861
2025-06-06,2,180,180,0.035218553858173456
2025-06-06,3,180,180,0.04022281086723677
2025-06-06,4,180,180,0.021759910323481128
2025-06-06,5,180,180,0.02308612996191844
2025-06-09,1,181,181,0.019478317644639767
2025-06-09,2,181,181,0.02874231027367856
2025-06-09,3,180,180,0.037061863912872715
2025-06-09,4,181,181,0.018522462146267935
2025-06-09,5,180,180,0.016920068830384143
2025-06-10,1,181,181,0.0428737716482399
2025-06-10,2,180,180,0.048776450563925974
2025-06-10,3,180,180,0.05793922873240304
2025-06-10,4,180,180,0.042968119339965326
2025-06-10,5,180,180,0.031211762584428093
2025-06-11,1,181,181,0.0419230559880909
2025-06-11,2,180,180,0.0354972665770526
2025-06-11,3,181,181,0.05172760794052271
2025-06-11,4,180,180,0.03576836748889195
2025-06-11,5,180,180,0.025118378607583973
2025-06-12,1,181,181,0.039511361231404966
2025-06-12,2,180,180,0.049632894622045204
2025-06-12,3,181,181,0.046710560682477385
2025-06-12,4,180,180,0.047858732884340886
2025-06-12,5,180,180,0.03624209144143769
2025-06-13,1,180,180,0.06398397809895932
2025-06-13,2,180,180,0.06352170612166784
2025-06-13,3,179,179,0.07068479186551237
2025-06-13,4,180,180,0.06252343379726412
2025-06-13,5,179,179,0.05772340826730647
2025-06-16,1,180,180,0.04021166095968411
2025-06-16,2,180,180,0.052388106872081605
2025-06-16,3,180,180,0.06185727078331906
2025-06-16,4,180,180,0.057577989591752934
2025-06-16,5,180,180,0.04947725508956117
2025-06-17,1,181,181,0.055989960158407605
2025-06-17,2,180,180,0.048523554326609965
2025-06-17,3,180,180,0.05602492852580924
2025-06-17,4,180,180,0.05044620604107397
2025-06-17,5,180,180,0.043850011669369256
2025-06-18,1,181,181,0.0651559453201764
2025-06-18,2,180,180,0.05005391327990179
2025-06-18,3,180,180,0.06453561526194974
2025-06-18,4,180,180,0.05398055419882354
2025-06-18,5,180,180,0.05383423103866875
2025-06-19,1,181,181,0.10741844548941094
2025-06-19,2,180,180,0.07578738786904478
2025-06-19,3,180,180,0.0863670534652022
2025-06-19,4,180,180,0.0768525357278827
2025-06-19,5,180,179,0.07118883081923986
2025-06-20,1,181,181,0.12426384779074562
2025-06-20,2,180,180,0.09347085816906081
2025-06-20,3,180,180,0.0999955473739879
2025-06-20,4,180,180,0.09214816024396888
2025-06-20,5,180,180,0.08460526465379711
2025-06-23,1,181,181,0.10331819613011889
2025-06-23,2,180,180,0.08838797647108475
2025-06-23,3,180,180,0.09807571380541616
2025-06-23,4,180,179,0.08661116732672379
2025-06-23,5,180,180,0.08677245080551575
2025-06-24,1,181,181,0.08174923188649695
2025-06-24,2,180,180,0.08122151925179523
2025-06-24,3,181,181,0.09159551905509693
2025-06-24,4,180,179,0.07708561568153814
2025-06-24,5,180,180,0.08306138076890493
2025-06-25,1,181,181,0.0626409677418257
2025-06-25,2,180,180,0.06218474489179978
2025-06-25,3,181,181,0.06927073738534766
2025-06-25,4,180,179,0.0554885632738409
2025-06-25,5,180,180,0.06495072487570837
2025-06-26,1,181,181,0.08099461341236254
2025-06-26,2,181,181,0.08481039064732768
2025-06-26,3,180,180,0.08114838167985074
2025-06-26,4,181,180,0.07961031532548499
2025-06-26,5,180,180,0.08222328391248643
2025-06-27,1,181,181,0.07725699884387262
2025-06-27,2,181,181,0.07639965515279709
2025-06-27,3,181,181,0.07226601650720349
2025-06-27,4,181,180,0.07434922741425586
2025-06-27,5,180,180,0.07261502535426022
2025-06-30,1,182,182,0.07777432958519538
2025-06-30,2,181,181,0.060615904379282666
2025-06-30,3,181,181,0.06757970962558038
2025-06-30,4,181,181,0.06581966114821093
2025-06-30,5,181,181,0.07074468405226682
2025-07-01,1,182,182,0.08678273414451795
2025-07-01,2,181,181,0.058412547023530666
2025-07-01,3,181,181,0.06794626565672003
2025-07-01,4,181,181,0.06912464473866219
2025-07-01,5,181,181,0.06995274414622914
2025-07-02,1,182,182,0.08394792295498318
2025-07-02,2,182,182,0.0592762226139233
2025-07-02,3,181,181,0.0598742910791129
2025-07-02,4,182,182,0.06161369609700051
2025-07-02,5,181,181,0.05986831555471052
2025-07-03,1,182,182,0.06332475489649063
2025-07-03,2,181,181,0.043698795956339034
2025-07-03,3,182,182,0.03963865881743763
2025-07-03,4,181,181,0.03874054145882323
2025-07-03,5,181,181,0.042056146391133135
2025-07-04,1,182,180,0.06689416773328219
2025-07-04,2,181,181,0.044094536552136056
2025-07-04,3,182,182,0.03776124648799168
2025-07-04,4,181,180,0.04138311909189848
2025-07-04,5,181,181,0.04832619449054421
2025-07-07,1,181,180,0.07647142923098965
2025-07-07,2,181,181,0.05047157581645192
2025-07-07,3,181,181,0.04849306733712044
2025-07-07,4,181,180,0.05407725467077525
2025-07-07,5,181,181,0.053208654503607865
2025-07-08,1,182,180,0.05939004689074143
2025-07-08,2,182,182,0.04185935291840055
2025-07-08,3,182,182,0.04378184094948539
2025-07-08,4,182,181,0.048462962194926906
2025-07-08,5,182,182,0.04739637888360203
2025-07-09,1,183,181,0.06679585152610065
2025-07-09,2,182,182,0.05323973511005271
2025-07-09,3,182,182,0.054899032534484006
2025-07-09,4,182,181,0.06426180454081083
2025-07-09,5,182,182,0.04970014063528895
2025-07-10,1,183,181,0.06403181541720875
2025-07-10,2,183,183,0.040349040023741484
2025-07-10,3,183,183,0.04301005109069584
2025-07-10,4,183,182,0.05496853174220683
2025-07-10,5,182,182,0.04001661182167076
2025-07-11,1,184,182,0.05702244881478538
2025-07-11,2,183,183,0.04802850862669105
2025-07-11,3,184,184,0.04087180583259039
2025-07-11,4,183,183,0.05198650086765345
2025-07-11,5,183,183,0.04045754728989622
2025-07-14,1,183,181,0.08629320934581358
2025-07-14,2,183,183,0.049673618559606954
2025-07-14,3,183,183,0.04619315780340944
2025-07-14,4,183,183,0.06088652048577011
2025-07-14,5,183,183,0.0469743013203483
2025-07-15,1,184,183,0.0887340286786747
2025-07-15,2,183,183,0.05796979148813979
2025-07-15,3,183,182,0.05621773273086375
2025-07-15,4,183,182,0.06680891686678299
2025-07-15,5,183,183,0.05588729329321827
2025-07-16,1,183,182,0.10207799107835011
2025-07-16,2,183,182,0.06284943300828677
2025-07-16,3,183,182,0.06189817107837035
2025-07-16,4,183,183,0.06849344909099558
2025-07-16,5,183,183,0.05421361983583145
2025-07-17,1,184,183,0.06726966291475904
2025-07-17,2,183,183,0.03374595570471977
2025-07-17,3,183,182,0.03855165758514135
2025-07-17,4,183,181,0.043038157145693326
2025-07-17,5,183,183,0.0316590865754479
2025-07-18,1,184,184,0.10108720551689372
2025-07-18,2,183,183,0.04714286773956254
2025-07-18,3,183,182,0.05654662621302298
2025-07-18,4,183,182,0.0529244377001943
2025-07-18,5,183,183,0.04779907306204827
2025-07-21,1,184,184,0.09800318116039052
2025-07-21,2,183,183,0.0507648112982048
2025-07-21,3,183,183,0.044910210874476504
2025-07-21,4,183,181,0.04104027492193471
2025-07-21,5,183,183,0.04223034909066155
2025-07-22,1,184,184,0.10041341703297517
2025-07-22,2,183,183,0.039946080523324025
2025-07-22,3,183,182,0.046486357059162965
2025-07-22,4,183,183,0.023538981616395973
2025-07-22,5,183,183,0.03404186084054451
2025-07-23,1,183,183,0.12041472005201759
2025-07-23,2,183,183,0.07166638625828742
2025-07-23,3,183,182,0.059956399776389835
2025-07-23,4,183,183,0.04837312259723363
2025-07-23,5,183,183,0.061104995556563124
2025-07-24,1,184,184,0.08238534996036317
2025-07-24,2,183,183,0.05221573435051077
2025-07-24,3,184,183,0.043981359133891625
2025-07-24,4,183,183,0.03278919518685509
2025-07-24,5,183,183,0.04135625527331216
2025-07-25,1,184,184,0.11066984426921546
2025-07-25,2,183,183,0.0670918314429985
2025-07-25,3,184,182,0.05897642153351901
2025-07-25,4,183,183,0.05141981584661135
2025-07-25,5,183,183,0.05652484985030598
2025-07-28,1,184,184,0.11265809678132922
2025-07-28,2,183,183,0.07460366107188736
2025-07-28,3,183,182,0.0650059989595712
2025-07-28,4,183,183,0.05956506249699145
2025-07-28,5,183,183,0.0593644266506723
2025-07-29,1,184,183,0.09446322523796338
2025-07-29,2,183,183,0.0768479418610269
2025-07-29,3,184,183,0.0850405543674901
2025-07-29,4,183,183,0.06308822425318698
2025-07-29,5,183,183,0.06495520938952803
2025-07-30,1,184,184,0.07859264348693844
2025-07-30,2,183,183,0.06150934634955786
2025-07-30,3,183,183,0.06524479602833651
2025-07-30,4,183,182,0.04333604447073853
2025-07-30,5,183,183,0.04848794981907083
2025-07-31,1,183,183,0.10723601057763996
2025-07-31,2,183,183,0.08857431101969375
2025-07-31,3,182,182,0.08236719887061852
2025-07-31,4,183,182,0.06960930394893676
2025-07-31,5,182,182,0.07145450973172161
2025-08-01,1,183,183,0.12430901361291657
2025-08-01,2,183,183,0.10212949448374666
2025-08-01,3,183,182,0.08516928516930085
2025-08-01,4,183,181,0.07204079478278635
2025-08-01,5,182,182,0.06685357820168489
2025-08-04,1,182,182,0.11991997926161506
2025-08-04,2,182,182,0.09699982291434092
2025-08-04,3,182,182,0.06942525895246449
2025-08-04,4,182,181,0.05934916987659435
2025-08-04,5,182,182,0.06040143822778577
2025-08-05,1,183,183,0.0918092936935755
2025-08-05,2,183,183,0.07737959215256258
2025-08-05,3,182,182,0.04892707852493194
2025-08-05,4,183,182,0.04552513650804828
2025-08-05,5,182,182,0.041042222663443796
2025-08-06,1,183,183,0.061160153408199254
2025-08-06,2,182,182,0.04680924031285938
2025-08-06,3,183,182,0.01749475938668305
2025-08-06,4,182,182,0.0262612652098728
2025-08-06,5,182,182,0.021927081107944012
2025-08-07,1,183,183,0.03564917893900271
2025-08-07,2,182,182,0.03830260094359849
2025-08-07,3,182,181,0.02106970237462404
2025-08-07,4,182,182,0.017685271425371032
2025-08-07,5,182,182,0.014453570252273793
2025-08-08,1,183,183,0.05978279124779807
2025-08-08,2,182,182,0.05633708902387045
2025-08-08,3,182,181,0.03633107607207052
2025-08-08,4,182,182,0.033928502912488584
2025-08-08,5,182,182,0.03909954353062572
2025-08-11,1,183,183,0.054098277888205405
2025-08-11,2,182,181,0.050809915921735324
2025-08-11,3,182,182,0.038081332681511704
2025-08-11,4,182,182,0.03429887869510337
2025-08-11,5,182,182,0.04394224258110114
2025-08-12,1,183,183,0.03938594221739129
2025-08-12,2,182,181,0.055297026140675734
2025-08-12,3,182,181,0.024309630113550893
2025-08-12,4,182,182,0.028574190294753127
2025-08-12,5,182,182,0.03556841844620006
2025-08-13,1,182,182,0.023537679373550627
2025-08-13,2,182,182,0.052097843962981456
2025-08-13,3,182,182,0.020888661257063523
2025-08-13,4,182,182,0.02080203395921425
2025-08-13,5,182,182,0.02974260062070906
2025-08-14,1,182,182,0.06447237324865214
2025-08-14,2,181,181,0.08282193471473855
2025-08-14,3,182,182,0.0612642700790413
2025-08-14,4,181,181,0.048934877282570025
2025-08-14,5,181,181,0.060497851031668076
2025-08-15,1,182,182,0.038657848377282165
2025-08-15,2,182,182,0.04755914468089804
2025-08-15,3,181,180,0.04542948530324913
2025-08-15,4,182,182,0.027752922977143966
2025-08-15,5,181,181,0.041775132616786885
2025-08-18,1,183,183,0.03040209341155182
2025-08-18,2,183,183,0.051812752367948973
2025-08-18,3,182,181,0.03193900690054138
2025-08-18,4,183,183,0.0231870723666201
2025-08-18,5,182,182,0.03205503917722784
2025-08-19,1,183,183,0.04114918408534746
2025-08-19,2,183,183,0.0560256619660507
2025-08-19,3,182,181,0.029300918566468825
2025-08-19,4,183,183,0.02707619453561412
2025-08-19,5,182,182,0.03152246042380509
2025-08-20,1,183,183,0.03850820907804638
2025-08-20,2,183,183,0.037580736999223624
2025-08-20,3,182,181,0.019755442401465425
2025-08-20,4,183,183,0.014425965573012886
2025-08-20,5,182,182,0.016689883627551215
2025-08-21,1,183,183,0.04840249629931395
2025-08-21,2,183,183,0.022780100706600703
2025-08-21,3,182,181,0.007579182780171866
2025-08-21,4,183,183,-4.520008152348766e-05
2025-08-21,5,182,182,0.0020674100942039923
2025-08-22,1,183,183,0.021380310869699323
2025-08-22,2,183,182,0.006997449580657165
2025-08-22,3,182,181,-0.001993654842560816
2025-08-22,4,183,183,-0.010056415786110646
2025-08-22,5,182,180,-0.007821989966776707
2025-08-25,1,183,183,0.016252291851514927
2025-08-25,2,183,183,0.0014589366693716964
2025-08-25,3,183,182,-0.009361265759855221
2025-08-25,4,183,183,-0.02206899987042631
2025-08-25,5,182,182,-0.01351794051375502
2025-08-26,1,183,183,-0.009741505593750449
2025-08-26,2,183,183,-0.020163703177547804
2025-08-26,3,182,181,-0.02165451157985431
2025-08-26,4,183,183,-0.04199546740936402
2025-08-26,5,182,182,-0.037135815794155286
2025-08-27,1,183,183,0.03520632770925791
2025-08-27,2,183,183,0.014767370908353429
2025-08-27,3,182,180,0.021391409015418954
2025-08-27,4,183,183,-0.0032182987129515056
2025-08-27,5,182,182,0.0024724180347062996
2025-08-28,1,183,183,0.005066854807931044
2025-08-28,2,182,182,0.0010503589514291678
2025-08-28,3,183,182,0.0047344044561763885
2025-08-28,4,182,181,-0.011448825263491051
2025-08-28,5,182,182,-0.010600685561542797
2025-08-29,1,183,182,-0.018409645738399028
2025-08-29,2,182,182,-0.004332940158960706
2025-08-29,3,183,182,0.00022217940815333898
2025-08-29,4,182,182,-0.006733855842957391
2025-08-29,5,182,181,-0.01319283119074726
2025-09-01,1,183,182,-0.006153178837546055
2025-09-01,2,182,182,0.003464927968180394
2025-09-01,3,183,183,0.011968680459159234
2025-09-01,4,182,181,0.001057859234036785
2025-09-01,5,182,181,-0.008483428901712498
2025-09-02,1,182,181,0.0301092676637289
2025-09-02,2,182,182,0.02921473745684113
2025-09-02,3,182,181,0.022982128419768735
2025-09-02,4,182,181,0.01702581849200634
2025-09-02,5,181,180,0.011345519334203283
2025-09-03,1,182,181,0.051101689308720145
2025-09-03,2,182,182,0.048227408839693064
2025-09-03,3,181,179,0.055873601545476055
2025-09-03,4,182,182,0.038115555152203745
2025-09-03,5,181,180,0.03330374988214346
2025-09-04,1,182,181,0.025557930745026373
2025-09-04,2,182,182,0.024028153861034636
2025-09-04,3,181,180,0.031270428129602755
2025-09-04,4,182,182,0.02036776013925804
2025-09-04,5,181,180,0.01300118077220635
2025-09-05,1,182,182,0.04352438890587847
2025-09-05,2,182,182,0.04162660415969715
2025-09-05,3,182,181,0.03519647044065956
2025-09-05,4,182,182,0.033972906305156945
2025-09-05,5,181,180,0.018699130962450683
2025-09-08,1,183,183,0.011051850493356288
2025-09-08,2,182,182,0.012196740937065421
2025-09-08,3,182,182,0.01743870159690673
2025-09-08,4,182,180,0.014931759099013685
2025-09-08,5,182,182,0.0018207676960867558
2025-09-09,1,183,183,0.03253292876823865
2025-09-09,2,182,182,0.027767533548570558
2025-09-09,3,182,182,0.033250802521078544
2025-09-09,4,182,180,0.022071460017359695
2025-09-09,5,182,182,0.014784777481952284
2025-09-10,1,183,183,0.020593333354300948
2025-09-10,2,182,182,0.02092483399686426
2025-09-10,3,183,183,0.028156436169718503
2025-09-10,4,182,182,0.02576829421882891
2025-09-10,5,182,182,0.007545725517681266
2025-09-11,1,183,183,-0.02620316965104635
2025-09-11,2,183,183,-0.011558439844320659
2025-09-11,3,182,182,-0.006211636851683895
2025-09-11,4,183,183,-9.097112918353283e-05
2025-09-11,5,182,182,-0.011729154359328172
2025-09-12,1,183,183,-0.024113826795380763
2025-09-12,2,183,182,-0.014654213104709714
2025-09-12,3,182,182,-0.0015439706456409847
2025-09-12,4,183,183,0.004164547016530156
2025-09-12,5,182,182,-0.012823172147027532
2025-09-15,1,183,183,-0.01979156534557754
2025-09-15,2,183,183,-0.006733376663189317
2025-09-15,3,183,183,0.0034777307564587802
2025-09-15,4,183,183,0.004792318891429287
2025-09-15,5,182,182,-0.0006471049659052133
2025-09-16,1,184,184,-0.026101511430900372
2025-09-16,2,184,184,-0.017365381143979376
2025-09-16,3,183,183,-7.037738279131962e-05
2025-09-16,4,184,184,0.0056249144358832635
2025-09-16,5,183,183,0.00028681967361800784
2025-09-17,1,184,184,-0.03301246997508103
2025-09-17,2,184,184,-0.010864798083931437
2025-09-17,3,183,183,0.0038505241094572372
2025-09-17,4,184,184,0.007329634316521768
2025-09-17,5,183,183,0.008044869642565637
2025-09-18,1,184,184,-0.0014684336659085708
2025-09-18,2,184,183,0.0035664766487115388
2025-09-18,3,183,183,0.029217897600811817
2025-09-18,4,184,184,0.02947055522870792
2025-09-18,5,183,183,0.0200366551524974
2025-09-19,1,183,183,-0.002399172116885833
2025-09-19,2,183,181,0.009601173620463086
2025-09-19,3,183,182,0.02360000611383468
2025-09-19,4,183,183,0.030139029679093123
2025-09-19,5,183,183,0.019418595217086863
2025-09-22,1,183,183,-0.003150025672447503
2025-09-22,2,182,181,0.010171636035525776
2025-09-22,3,183,183,0.026752822308255434
2025-09-22,4,182,182,0.03199465730847393
2025-09-22,5,182,182,0.024607907994672946
2025-09-23,1,183,183,0.03346497855550215
2025-09-23,2,182,181,0.03327906743635029
2025-09-23,3,182,182,0.04724381488930227
2025-09-23,4,182,182,0.04775425470289115
2025-09-23,5,182,182,0.041935762200406436
2025-09-24,1,183,183,-0.0005921884721226917
2025-09-24,2,182,181,0.016021838409816178
2025-09-24,3,183,183,0.015209468321337138
2025-09-24,4,182,182,0.024326581477892746
2025-09-24,5,182,181,0.020945648558132583
2025-09-25,1,182,182,0.011195841287572493
2025-09-25,2,182,182,0.02647447824740616
2025-09-25,3,182,182,0.027099799838172744
2025-09-25,4,182,182,0.03229729028106625
2025-09-25,5,181,180,0.03241899553117131
2025-09-26,1,182,181,0.025822580617129748
2025-09-26,2,182,181,0.02665956396139795
2025-09-26,3,182,182,0.03268344922571683
2025-09-26,4,182,182,0.03738038840643361
2025-09-26,5,181,180,0.03667595119884885
2025-09-29,1,182,182,-0.031674594702152115
2025-09-29,2,181,181,0.0031189306760108348
2025-09-29,3,182,182,0.0017078810299218674
2025-09-29,4,181,181,0.019016182697451478
2025-09-29,5,181,180,0.020118878160381635
2025-09-30,1,182,182,-0.0181462022789929
2025-09-30,2,181,180,0.002319881037480902
2025-09-30,3,181,181,0.009202612750214762
2025-09-30,4,181,181,0.023976825240553733
2025-09-30,5,181,180,0.02867896800970705
2025-10-09,1,182,182,-0.008725391289194919
2025-10-09,2,181,181,0.0016908273769010711
2025-10-09,3,182,182,0.003146276101132433
2025-10-09,4,181,181,0.02451330620955576
2025-10-09,5,181,180,0.022884283364008468
2025-10-10,1,182,182,0.05304316537299418
2025-10-10,2,182,182,0.040985795830326535
2025-10-10,3,182,182,0.03889196292010654
2025-10-10,4,182,182,0.05407497511224688
2025-10-10,5,181,181,0.04841110124517753
2025-10-13,1,182,182,0.0023067847344229037
2025-10-13,2,182,182,0.009792890734775402
2025-10-13,3,182,182,0.015675628217932044
2025-10-13,4,182,182,0.03888076154016138
2025-10-13,5,181,181,0.03922578483006853
2025-10-14,1,182,182,0.015456183870097416
2025-10-14,2,182,182,0.029570224775878715
2025-10-14,3,182,182,0.025620372729919013
2025-10-14,4,182,182,0.03888076058973639
2025-10-14,5,181,181,0.04252717583432041
2025-10-15,1,182,182,-0.002506601806227087
2025-10-15,2,182,182,0.012821198049736686
2025-10-15,3,182,182,0.017059142020338876
2025-10-15,4,182,182,0.029293440926842093
2025-10-15,5,181,181,0.026582890378244066
2025-10-16,1,182,182,0.01555271398453871
2025-10-16,2,182,182,0.025644288331525895
2025-10-16,3,181,181,0.030071153865593333
2025-10-16,4,182,182,0.04030018698317577
2025-10-16,5,181,181,0.033270062320820706
2025-10-17,1,182,182,0.028283395982032708
2025-10-17,2,182,182,0.03869330383274268
2025-10-17,3,181,181,0.04383939177337764
2025-10-17,4,182,182,0.05127844016674251
2025-10-17,5,181,181,0.043162553019768186
2025-10-20,1,182,182,0.028771512009117976
2025-10-20,2,182,182,0.03508950443160831
2025-10-20,3,181,181,0.03786288287315638
2025-10-20,4,182,182,0.04622430755716439
2025-10-20,5,181,181,0.042669992494397325
2025-10-21,1,182,182,0.011899992331008843
2025-10-21,2,182,182,0.02076501783402663
2025-10-21,3,181,181,0.021383941571295004
2025-10-21,4,182,182,0.036268706003533976
2025-10-21,5,181,181,0.023432765698627546
2025-10-22,1,182,182,0.01431374338619988
2025-10-22,2,182,182,0.01649762918251212
2025-10-22,3,182,181,0.01708026964279676
2025-10-22,4,182,182,0.03711838470220011
2025-10-22,5,181,181,0.018553062913736606
2025-10-23,1,182,182,-0.013860853919721486
2025-10-23,2,182,182,-0.0139883479120815
2025-10-23,3,182,181,-0.009459232622981054
2025-10-23,4,182,182,0.005906832894659014
2025-10-23,5,181,181,-0.0014354073710920463
2025-10-24,1,182,180,-0.052017380538061896
2025-10-24,2,182,182,-0.03531123876291956
2025-10-24,3,182,181,-0.026048391436547868
2025-10-24,4,182,182,-0.0169255578785104
2025-10-24,5,181,181,-0.021406234074179183
2025-10-27,1,182,181,-0.048994370276486884
2025-10-27,2,182,181,-0.027501434932207518
2025-10-27,3,181,181,-0.018852777753335433
2025-10-27,4,182,182,-0.0115654210923721
2025-10-27,5,181,181,-0.013805769131213239
2025-10-28,1,182,181,-0.04091610533202718
2025-10-28,2,182,181,-0.019649094455341673
2025-10-28,3,181,181,-0.0022826848451488017
2025-10-28,4,182,182,-0.009530508692303976
2025-10-28,5,181,181,-0.00669053368286954
2025-10-29,1,182,181,-0.041877238965221254
2025-10-29,2,182,181,-0.040697889527501155
2025-10-29,3,182,182,-0.011318142999253038
2025-10-29,4,182,182,-0.014497752258359154
2025-10-29,5,181,181,-0.014727984771822264
2025-10-30,1,182,181,-0.031918315084245946
2025-10-30,2,182,181,-0.026181941218013437
2025-10-30,3,182,182,-0.008117749129901458
2025-10-30,4,182,182,-0.012962864694141056
2025-10-30,5,181,181,-0.010428393694085757
2025-10-31,1,182,182,-0.011570141361170901
2025-10-31,2,181,179,-0.024881908276569113
2025-10-31,3,182,181,0.0022214898648170896
2025-10-31,4,181,181,-0.012830637636940196
2025-10-31,5,181,180,-0.010664937496297168
2025-11-03,1,182,181,-0.015451594498744394
2025-11-03,2,181,179,-0.01948453000136591
2025-11-03,3,182,181,-0.005541108242041849
2025-11-03,4,181,181,-0.004790004388310631
2025-11-03,5,181,181,-0.009044689418686868
2025-11-04,1,182,182,0.013143886752230518
2025-11-04,2,181,178,-0.0008694602473752399
2025-11-04,3,182,181,0.0031482485697579827
2025-11-04,4,181,181,0.004243470690311533
2025-11-04,5,181,181,0.00031038490832095646
2025-11-05,1,182,182,-0.024428147561726975
2025-11-05,2,182,178,-0.014475305393673307
2025-11-05,3,182,182,-0.01599536469095879
2025-11-05,4,182,182,-0.015526539574614483
2025-11-05,5,181,181,-0.013470065358328542
2025-11-06,1,182,182,-0.03962868590467316
2025-11-06,2,182,178,-0.01921987613370535
2025-11-06,3,182,182,-0.021512119754335996
2025-11-06,4,182,182,-0.02161638547463926
2025-11-06,5,181,181,-0.01955778875678769
2025-11-07,1,182,182,-0.028485609895789597
2025-11-07,2,182,179,-0.005297878133885214
2025-11-07,3,181,181,-0.011897206642089006
2025-11-07,4,182,182,-0.023652244251463415
2025-11-07,5,181,181,-0.012766150302428125
2025-11-10,1,182,181,-0.01777742071006344
2025-11-10,2,182,181,-0.013950892245317382
2025-11-10,3,182,182,-0.023812258396096717
2025-11-10,4,182,182,-0.030041806804411184
2025-11-10,5,182,182,-0.023703431982869966
2025-11-11,1,183,182,-0.012717592108187514
2025-11-11,2,182,181,-0.013211659255682698
2025-11-11,3,183,182,-0.032268424288979435
2025-11-11,4,182,182,-0.03559120087179282
2025-11-11,5,182,181,-0.02948312719281361
2025-11-12,1,183,181,0.00021640469684366227
2025-11-12,2,182,182,-0.00036245443036984096
2025-11-12,3,183,182,-0.022020127501762226
2025-11-12,4,182,182,-0.025075193621333643
2025-11-12,5,182,181,-0.021667658059416357
2025-11-13,1,183,181,-0.030880814176418813
2025-11-13,2,183,183,-0.02038236443681932
2025-11-13,3,183,182,-0.03635362861748125
2025-11-13,4,183,183,-0.04301491347943845
2025-11-13,5,182,181,-0.036395061278361
2025-11-14,1,184,183,-0.0224269334030782
2025-11-14,2,183,183,-0.032533044670838146
2025-11-14,3,183,182,-0.037296800544610785
2025-11-14,4,183,182,-0.03956406223223269
2025-11-14,5,183,182,-0.04004000702022329
2025-11-17,1,184,183,-0.03002525029173956
2025-11-17,2,183,183,-0.027764824012554295
2025-11-17,3,183,182,-0.029880888251264677
2025-11-17,4,183,183,-0.03447068134815158
2025-11-17,5,183,182,-0.0334931736130998
2025-11-18,1,183,182,-0.0349255290442453
2025-11-18,2,183,183,-0.028502895302614375
2025-11-18,3,183,183,-0.03377693028383265
2025-11-18,4,183,183,-0.0375821063354214
2025-11-18,5,182,181,-0.03574822895060502
2025-11-19,1,183,181,-0.02769195536613006
2025-11-19,2,182,182,-0.020656637296603438
2025-11-19,3,183,183,-0.025874796857489963
2025-11-19,4,182,182,-0.02979307983462798
2025-11-19,5,182,180,-0.034787157179351456
2025-11-20,1,183,182,0.00845600724613815
2025-11-20,2,182,181,0.007374644389153708
2025-11-20,3,182,182,-0.004439825059574181
2025-11-20,4,182,182,-0.007287031340083502
2025-11-20,5,182,180,-0.016240987548046596
2025-11-21,1,183,182,0.04382575835764638
2025-11-21,2,182,179,0.04344665406608249
2025-11-21,3,182,182,0.02771859535263684
2025-11-21,4,182,182,0.017376871348468426
2025-11-21,5,182,180,0.009612580603934396
2025-11-24,1,183,182,0.056458355331525566
2025-11-24,2,182,181,0.034998950212577755
2025-11-24,3,182,182,0.02229336358738011
2025-11-24,4,182,182,0.013216400747232081
2025-11-24,5,182,180,0.00203558940330118
2025-11-25,1,182,181,0.0329874372090756
2025-11-25,2,182,181,0.021338099261630293
2025-11-25,3,182,182,0.013199659661487263
2025-11-25,4,182,182,0.00012929158513833058
2025-11-25,5,182,181,-0.0047037317410374225
2025-11-26,1,183,183,0.046823895774915664
2025-11-26,2,182,181,0.03882814148504813
2025-11-26,3,182,182,0.019438114585460426
2025-11-26,4,182,182,0.016936436419659317
2025-11-26,5,182,182,0.005773051802331312
2025-11-27,1,183,183,0.058487267797712544
2025-11-27,2,182,181,0.04378589736576135
2025-11-27,3,183,183,0.025287524656348183
2025-11-27,4,182,182,0.027318129702591547
2025-11-27,5,182,182,0.009193092047040148
2025-11-28,1,183,181,0.04526229663460138
2025-11-28,2,183,182,0.03348027132652939
2025-11-28,3,183,183,0.02632195945600563
2025-11-28,4,183,183,0.013581284636568599
2025-11-28,5,182,182,0.007195908661259404
2025-12-01,1,183,182,0.028407247724214393
2025-12-01,2,182,181,0.01889798048998785
2025-12-01,3,183,183,0.01926596344420343
2025-12-01,4,182,181,0.0070358895266562915
2025-12-01,5,182,182,-0.008160216297265925
2025-12-02,1,183,183,0.03650797415865132
2025-12-02,2,182,181,0.044115760671652016
2025-12-02,3,182,182,0.01741114965075252
2025-12-02,4,182,181,0.01398352643746774
2025-12-02,5,182,182,-0.004541659776103958
2025-12-03,1,183,183,0.062064842512408
2025-12-03,2,182,181,0.043236926334571914
2025-12-03,3,183,183,0.025923296454320104
2025-12-03,4,182,181,0.0263581731919367
2025-12-03,5,182,182,0.002893736586350855
2025-12-04,1,182,182,0.06944458931075553
2025-12-04,2,182,181,0.06956680403903052
2025-12-04,3,182,182,0.0407015534838273
2025-12-04,4,182,181,0.0421095144472132
2025-12-04,5,182,182,0.01455045520392575
2025-12-05,1,183,183,0.06682379695017118
2025-12-05,2,182,181,0.059794524576468215
2025-12-05,3,182,182,0.04555012793377002
2025-12-05,4,182,181,0.040901660052087105
2025-12-05,5,182,182,0.019020681649059946
2025-12-08,1,183,183,0.06756523203027516
2025-12-08,2,182,181,0.04944107230295996
2025-12-08,3,182,182,0.04661157608071775
2025-12-08,4,182,181,0.032516953174118915
2025-12-08,5,182,182,0.02054343643653875
2025-12-09,1,182,182,0.08210790514644187
2025-12-09,2,182,181,0.0720121432786566
2025-12-09,3,182,182,0.06311526600217106
2025-12-09,4,182,181,0.0462168950107312
2025-12-09,5,181,180,0.039710427094977234
2025-12-10,1,183,183,0.10066510055910304
2025-12-10,2,182,182,0.08511512624407477
2025-12-10,3,182,182,0.077880661771202
2025-12-10,4,182,181,0.05728777925886685
2025-12-10,5,182,181,0.0517953092895443
2025-12-11,1,182,182,0.1444042573839834
2025-12-11,2,182,182,0.11765309902744456
2025-12-11,3,182,182,0.1090773105841613
2025-12-11,4,182,180,0.08503188675551923
2025-12-11,5,181,179,0.07748242029986367
2025-12-12,1,182,181,0.12146558113882899
2025-12-12,2,182,182,0.11715638985860241
2025-12-12,3,182,181,0.08689593909733706
2025-12-12,4,182,180,0.06590996179406666
2025-12-12,5,181,179,0.06841515208710436
2025-12-15,1,182,181,0.12020948613069933
2025-12-15,2,182,182,0.1015474956623189
2025-12-15,3,181,180,0.08400687734471472
2025-12-15,4,182,181,0.06509166110934339
2025-12-15,5,181,180,0.06898499995458196
2025-12-16,1,182,181,0.1343887647149603
2025-12-16,2,182,182,0.11936555516700985
2025-12-16,3,181,180,0.0962811035615714
2025-12-16,4,182,181,0.0810398718681525
2025-12-16,5,181,180,0.08978489186026396
2025-12-17,1,182,181,0.11674648677294261
2025-12-17,2,182,182,0.09517230088573791
2025-12-17,3,181,179,0.07407207391971726
2025-12-17,4,182,181,0.07189826700466456
2025-12-17,5,181,180,0.07015780649341324
2025-12-18,1,182,182,0.13054947740311498
2025-12-18,2,181,180,0.09522324708215299
2025-12-18,3,181,180,0.08793545151260494
2025-12-18,4,181,180,0.06853193383976287
2025-12-18,5,181,181,0.0789781907472569
2025-12-19,1,181,180,0.08673474711103195
2025-12-19,2,181,181,0.0752835335763057
2025-12-19,3,181,180,0.06042186155405385
2025-12-19,4,181,181,0.058709699768856254
2025-12-19,5,181,180,0.07380414558809976
2025-12-22,1,181,181,0.09242453161587871
2025-12-22,2,181,180,0.08379783609204391
2025-12-22,3,181,181,0.06747252287154747
2025-12-22,4,181,181,0.059862817973491474
2025-12-22,5,180,179,0.08440761923752003
2025-12-23,1,181,181,0.11512064209785289
2025-12-23,2,181,181,0.1073641044350713
2025-12-23,3,181,181,0.07458131928000854
2025-12-23,4,181,181,0.07175596460408622
2025-12-23,5,180,179,0.09621945034457656
2025-12-24,1,181,180,0.11740470323809755
2025-12-24,2,181,181,0.10712370946898689
2025-12-24,3,181,181,0.07716154246963851
2025-12-24,4,181,181,0.07474840681555424
2025-12-24,5,180,180,0.09530004705696159
2025-12-25,1,181,181,0.08346804636833334
2025-12-25,2,181,181,0.08497826228453804
2025-12-25,3,180,180,0.06453906142932427
2025-12-25,4,181,181,0.06077239873635368
2025-12-25,5,180,180,0.07993478472605485
2025-12-26,1,181,180,0.0811847444651779
2025-12-26,2,181,181,0.07092271229772094
2025-12-26,3,180,180,0.06331933658880684
2025-12-26,4,181,181,0.05133270188146292
2025-12-26,5,180,180,0.08340351109935282
2025-12-29,1,181,181,0.07892021661892822
2025-12-29,2,181,181,0.1013251084665615
2025-12-29,3,180,180,0.0643673270633466
2025-12-29,4,181,180,0.06725159885579496
2025-12-29,5,180,180,0.08938337459391966
2025-12-30,1,181,181,0.053275049574244907
2025-12-30,2,180,180,0.0799414278545975
2025-12-30,3,181,181,0.0689935873957469
2025-12-30,4,180,180,0.05181787800159703
2025-12-30,5,180,180,0.08946144123530518
2025-12-31,1,181,181,0.030354713070612434
2025-12-31,2,180,180,0.06536045565351037
2025-12-31,3,181,181,0.03842082856344789
2025-12-31,4,180,180,0.04072551243731775
2025-12-31,5,180,179,0.06803350291079042
2026-01-05,1,181,181,0.0147010916394968
2026-01-05,2,180,180,0.0389869927197035
2026-01-05,3,181,181,0.012230047613969943
2026-01-05,4,180,180,0.015387069856304524
2026-01-05,5,180,179,0.045523793219596334
2026-01-06,1,181,181,0.01858814153476137
2026-01-06,2,181,181,0.02113389131934406
2026-01-06,3,180,180,0.014332955839265384
2026-01-06,4,181,181,0.012173795377284387
2026-01-06,5,180,179,0.03642786068638163
2026-01-07,1,181,181,0.011889702294116764
2026-01-07,2,181,181,0.021365331926275283
2026-01-07,3,181,181,0.02580401820307203
2026-01-07,4,181,181,0.028278935460502
2026-01-07,5,180,179,0.04224015526673041
2026-01-08,1,182,181,-0.012507684888173732
2026-01-08,2,181,181,0.000820701668396988
2026-01-08,3,181,181,0.013317006375902468
2026-01-08,4,181,181,0.01562609282006479
2026-01-08,5,181,180,0.02249060307391927
2026-01-09,1,182,180,-0.013097621135884903
2026-01-09,2,181,181,0.0015700981961501272
2026-01-09,3,181,181,0.00997803497650458
2026-01-09,4,181,181,0.01655041868730053
2026-01-09,5,181,180,0.022070689066255058
2026-01-12,1,182,180,-0.020221962630216812
2026-01-12,2,181,180,-0.005603678637731713
2026-01-12,3,181,180,0.005488694106347053
2026-01-12,4,181,181,0.00972320015779397
2026-01-12,5,181,181,0.019237925116955323
2026-01-13,1,181,179,-0.004713713483748841
2026-01-13,2,181,181,0.005291078774398775
2026-01-13,3,181,181,0.010431308884735141
2026-01-13,4,181,181,0.02216673072377051
2026-01-13,5,181,181,0.033524796249657
2026-01-14,1,181,180,-0.0004028372440610402
2026-01-14,2,181,181,0.00920300417871778
2026-01-14,3,181,181,0.008012918213326305
2026-01-14,4,181,181,0.02577812885867322
2026-01-14,5,180,180,0.04364123749377141
2026-01-15,1,181,180,-0.0016876248058608101
2026-01-15,2,181,181,0.0010287622192006942
2026-01-15,3,180,180,-0.0011068605669448375
2026-01-15,4,181,181,0.01105858227110034
2026-01-15,5,180,180,0.03358091831998525
2026-01-16,1,181,180,0.020707440740196214
2026-01-16,2,180,180,0.00784250724226389
2026-01-16,3,180,180,0.016993856928543858
2026-01-16,4,180,180,0.025931821569166687
2026-01-16,5,180,180,0.03975299206258984
2026-01-19,1,181,180,0.00578379523601701
2026-01-19,2,180,180,-0.0025509619099124375
2026-01-19,3,181,181,0.013960214220838428
2026-01-19,4,180,179,0.008710630671755107
2026-01-19,5,180,180,0.036894032781082456
2026-01-20,1,181,180,0.044579509474367736
2026-01-20,2,181,181,0.012607003479957633
2026-01-20,3,181,181,0.018986347463977538
2026-01-20,4,181,180,0.03034831654240425
2026-01-20,5,180,180,0.036214458230966994
2026-01-21,1,181,180,0.020114859140769666
2026-01-21,2,181,181,-0.0032608519260141967
2026-01-21,3,180,180,0.004426650485605892
2026-01-21,4,181,180,0.019420373855970802
2026-01-21,5,180,180,0.02468363964126637
2026-01-22,1,181,179,0.016157597445188653
2026-01-22,2,181,181,-0.010721946713623217
2026-01-22,3,181,180,0.006293873628386381
2026-01-22,4,181,180,0.011230553518560013
2026-01-22,5,180,180,0.01789999372321479
2026-01-23,1,182,180,0.0052509360199429755
2026-01-23,2,182,182,-0.013590796313556322
2026-01-23,3,181,181,-0.00580349433384619
2026-01-23,4,182,180,0.007900493170837745
2026-01-23,5,181,181,0.012039092453078238
2026-01-26,1,181,180,-0.03756623355727037
2026-01-26,2,181,181,-0.039087762590941766
2026-01-26,3,181,179,-0.03478787199439574
2026-01-26,4,181,181,-0.010644457439185769
2026-01-26,5,181,181,-0.019202995825798912
2026-01-27,1,181,180,-0.016736497497369465
2026-01-27,2,181,181,-0.020852522675166477
2026-01-27,3,181,180,-0.017651198620500092
2026-01-27,4,181,180,-0.006799737648156892
2026-01-27,5,181,181,-0.0057074009813847405
2026-01-28,1,182,181,-0.019421694543642395
2026-01-28,2,181,181,-0.03407881987418269
2026-01-28,3,181,180,-0.024263523831556548
2026-01-28,4,181,180,-0.014931189303434369
2026-01-28,5,181,181,-0.01747460420500126
2026-01-29,1,182,182,-0.014135065112797477
2026-01-29,2,181,181,-0.023214056871157056
2026-01-29,3,181,180,-0.0029187842776635478
2026-01-29,4,181,180,-0.01680656450427491
2026-01-29,5,181,181,-0.005917419763902951
2026-01-30,1,182,182,0.007841522042380356
2026-01-30,2,181,181,0.0050224571723213865
2026-01-30,3,181,180,0.01052523747407417
2026-01-30,4,181,179,0.00188972683068614
2026-01-30,5,181,181,0.005670500427353436
2026-02-02,1,181,181,0.031272156598463524
2026-02-02,2,181,181,0.025879084416422296
2026-02-02,3,181,180,0.03357599316235229
2026-02-02,4,181,181,0.019193895543576145
2026-02-02,5,181,181,0.021809671171126747
2026-02-03,1,181,181,0.005628602095727752
2026-02-03,2,181,181,0.018113573063070713
2026-02-03,3,181,180,0.0277856977761229
2026-02-03,4,181,181,0.015473152919435745
2026-02-03,5,181,181,0.018913432154927544
2026-02-04,1,182,182,-0.004523315529459188
2026-02-04,2,181,181,0.005057220444753243
2026-02-04,3,182,181,0.02830876322308725
2026-02-04,4,181,181,0.005184444572300802
2026-02-04,5,181,181,0.005774094306618334
2026-02-05,1,182,181,0.00206820705204967
2026-02-05,2,181,181,0.013147916134187775
2026-02-05,3,182,182,0.02590668713598539
2026-02-05,4,181,181,0.006951013487752242
2026-02-05,5,181,181,0.007497156690163739
2026-02-06,1,181,180,-0.02219989308621623
2026-02-06,2,181,181,-0.005951432311319407
2026-02-06,3,181,181,-0.0006251133168132429
2026-02-06,4,181,181,-0.009888190056196825
2026-02-06,5,181,181,0.00024455391499157177
2026-02-09,1,181,181,-0.056935923765196655
2026-02-09,2,181,181,-0.025006494880431527
2026-02-09,3,181,181,-0.01777301957016819
2026-02-09,4,181,181,-0.024606333990219498
2026-02-09,5,181,181,-0.01825179096316735
2026-02-10,1,182,182,-0.05686925208200215
2026-02-10,2,181,180,-0.03544223227613111
2026-02-10,3,182,182,-0.02534778655248931
2026-02-10,4,181,181,-0.025952307760265685
2026-02-10,5,181,181,-0.03310020888821571
2026-02-11,1,182,182,-0.0661593532996398
2026-02-11,2,181,180,-0.04973537126897786
2026-02-11,3,182,182,-0.03601953390513048
2026-02-11,4,181,181,-0.04011078651428481
2026-02-11,5,181,181,-0.04167382294129958
2026-02-12,1,182,182,-0.11034441331451211
2026-02-12,2,181,181,-0.0843691831850965
2026-02-12,3,182,182,-0.05908729200667127
2026-02-12,4,181,181,-0.06099836541233967
2026-02-12,5,181,181,-0.06868192585762689
2026-02-13,1,182,181,-0.11991185982254679
2026-02-13,2,181,181,-0.0957094311592817
2026-02-13,3,181,181,-0.08431864769252839
2026-02-13,4,181,181,-0.07996145649853667
2026-02-13,5,181,181,-0.08970396887741651
2026-02-24,1,182,182,-0.10867964371275439
2026-02-24,2,181,181,-0.08338741645115395
2026-02-24,3,181,180,-0.07283487404095011
2026-02-24,4,181,181,-0.06913687383009107
2026-02-24,5,181,181,-0.08600508986603704
2026-02-25,1,182,182,-0.11026366603429852
2026-02-25,2,181,181,-0.08358227737653467
2026-02-25,3,182,182,-0.07228160381844319
2026-02-25,4,181,181,-0.06618922216305971
2026-02-25,5,181,181,-0.08246534561292579
2026-02-26,1,182,182,-0.13484671731924708
2026-02-26,2,181,181,-0.09780565124840586
2026-02-26,3,181,181,-0.08467995448504491
2026-02-26,4,181,181,-0.08045876731774879
2026-02-26,5,181,181,-0.09598373676406857
2026-02-27,1,182,182,-0.11809559576112406
2026-02-27,2,181,179,-0.08631979569373727
2026-02-27,3,181,181,-0.08259452005106341
2026-02-27,4,181,181,-0.06566177245565233
2026-02-27,5,181,181,-0.08607916692795571
2026-03-02,1,182,182,-0.11178219188465534
2026-03-02,2,181,181,-0.07320663356744395
2026-03-02,3,181,181,-0.06559110959288811
2026-03-02,4,181,181,-0.05371204320726545
2026-03-02,5,181,181,-0.07598009174738173
2026-03-03,1,182,182,-0.05210342774317218
2026-03-03,2,181,181,-0.03184262857777614
2026-03-03,3,181,181,-0.03391383137327964
2026-03-03,4,181,181,-0.027736079188326383
2026-03-03,5,181,181,-0.036115212230281815
2026-03-04,1,181,181,-0.077668716074151
2026-03-04,2,181,181,-0.05061365473776845
2026-03-04,3,181,181,-0.04576796842920446
2026-03-04,4,181,181,-0.03521515568076541
2026-03-04,5,181,181,-0.04681640832270327
2026-03-05,1,182,182,-0.07115492703319388
2026-03-05,2,181,181,-0.04922497108788773
2026-03-05,3,181,181,-0.038913002434201635
2026-03-05,4,181,181,-0.040044742296676164
2026-03-05,5,181,181,-0.05060368843077152
2026-03-06,1,182,182,-0.08283374995366223
2026-03-06,2,181,181,-0.06905897794026668
2026-03-06,3,182,182,-0.06994701888121807
2026-03-06,4,181,181,-0.06456653533672244
2026-03-06,5,181,181,-0.06969734182803185
2026-03-09,1,182,182,-0.06323057117814004
2026-03-09,2,181,181,-0.0556385628413044
2026-03-09,3,182,182,-0.05580512300081413
2026-03-09,4,181,181,-0.04931110225071698
2026-03-09,5,181,181,-0.0592577740543689
2026-03-10,1,182,182,-0.06455728265251877
2026-03-10,2,182,182,-0.05158318436954983
2026-03-10,3,182,182,-0.05668504406591949
2026-03-10,4,182,182,-0.04963898699986508
2026-03-10,5,181,181,-0.060304480554497004
2026-03-11,1,182,182,-0.048164963728698336
2026-03-11,2,182,182,-0.058041011781681806
2026-03-11,3,182,182,-0.05085248459816994
2026-03-11,4,182,182,-0.05552238051606561
2026-03-11,5,182,182,-0.0587526697129413
2026-03-12,1,182,182,-0.03961960110282459
2026-03-12,2,182,182,-0.0588433867495526
2026-03-12,3,182,182,-0.045158386802409245
2026-03-12,4,182,182,-0.05950687237613962
2026-03-12,5,182,182,-0.05458741497708525
2026-03-13,1,182,182,-0.008832652842632129
2026-03-13,2,182,182,-0.042250983617727826
2026-03-13,3,182,182,-0.032850846983319006
2026-03-13,4,182,182,-0.04920025525104944
2026-03-13,5,182,182,-0.042713680519636026
2026-03-16,1,183,183,-0.0011320275870491934
2026-03-16,2,182,182,-0.036935816274852505
2026-03-16,3,182,182,-0.024775413376316006
2026-03-16,4,182,182,-0.041041007736356105
2026-03-16,5,182,182,-0.0352866435260034
2026-03-17,1,183,183,0.008191865381684885
2026-03-17,2,182,182,-0.027646707427176048
2026-03-17,3,183,183,-0.012298566101176083
2026-03-17,4,182,182,-0.03412276184693767
2026-03-17,5,182,182,-0.030734738925174726
2026-03-18,1,183,183,0.023467094069476033
2026-03-18,2,182,182,-0.010469742422573236
2026-03-18,3,183,182,-0.00021385297840826684
2026-03-18,4,182,182,-0.023392280789018664
2026-03-18,5,182,182,-0.016699351441797163
2026-03-19,1,182,182,0.0507679140265648
2026-03-19,2,182,182,0.0016772023653245603
2026-03-19,3,182,182,0.006268294456027553
2026-03-19,4,182,181,-0.007467983563854293
2026-03-19,5,182,182,-0.006838961784757096
2026-03-20,1,182,181,0.10642016952687253
2026-03-20,2,182,182,0.051793209084522375
2026-03-20,3,182,182,0.0445809040943457
2026-03-20,4,182,181,0.02970145431969647
2026-03-20,5,181,181,0.028271059400934405
2026-03-23,1,181,180,0.10239440255680385
2026-03-23,2,181,181,0.06817964208329197
2026-03-23,3,181,181,0.06670824845586619
2026-03-23,4,181,180,0.04143825980811669
2026-03-23,5,180,180,0.04638062401237322
2026-03-24,1,182,180,0.10180846875216273
2026-03-24,2,182,182,0.06805477898683218
2026-03-24,3,181,181,0.05402925694155612
2026-03-24,4,182,181,0.034793235131456
2026-03-24,5,181,181,0.04174123876406435
2026-03-25,1,182,181,0.07290552537116132
2026-03-25,2,182,181,0.03824702159575373
2026-03-25,3,182,182,0.03489204129731641
2026-03-25,4,182,181,0.01811287329091476
2026-03-25,5,182,182,0.012037155795645769
2026-03-26,1,182,181,0.10891839629616717
2026-03-26,2,182,180,0.070644041305778
2026-03-26,3,182,182,0.049090744270800755
2026-03-26,4,182,181,0.02960845793239074
2026-03-26,5,181,181,0.030620369134120813
2026-03-27,1,182,182,0.0874688014992938
2026-03-27,2,182,181,0.045286744187426065
2026-03-27,3,182,182,0.031067627204975166
2026-03-27,4,182,181,0.022221593929885708
2026-03-27,5,182,182,0.021903066819910284
2026-03-30,1,182,181,0.058780310120795674
2026-03-30,2,182,181,0.015811835199756208
2026-03-30,3,182,181,0.013275328365816534
2026-03-30,4,182,181,0.0008700659783048263
2026-03-30,5,182,182,0.0035957771817308713
2026-03-31,1,183,182,0.08937494226480001
2026-03-31,2,182,180,0.040332173207149914
2026-03-31,3,182,182,0.019064505513885492
2026-03-31,4,182,179,0.010635534923855315
2026-03-31,5,182,182,0.00950513283275589
2026-04-01,1,182,182,0.09469082561552716
2026-04-01,2,182,181,0.0474225292668431
2026-04-01,3,182,182,0.029410805860097013
2026-04-01,4,182,181,0.016233300734037868
2026-04-01,5,181,181,0.013730192556902297
2026-04-02,1,182,182,0.1274475580283435
2026-04-02,2,182,181,0.07475198060621005
2026-04-02,3,182,182,0.04168960770098652
2026-04-02,4,182,182,0.031176857168929404
2026-04-02,5,182,182,0.031750708655542324
2026-04-03,1,182,182,0.14382628476943277
2026-04-03,2,182,182,0.105603623145885
2026-04-03,3,182,182,0.055904533250630946
2026-04-03,4,182,182,0.04701643751706241
2026-04-03,5,181,181,0.050675219949403175
2026-04-07,1,182,182,0.13851892261606674
2026-04-07,2,182,182,0.09366880656309111
2026-04-07,3,182,182,0.03874366514561081
2026-04-07,4,182,182,0.04359148660646569
2026-04-07,5,182,182,0.03926963037352574
2026-04-08,1,183,183,0.12840476710644586
2026-04-08,2,182,182,0.08313994677033527
2026-04-08,3,182,182,0.03777569652730132
2026-04-08,4,182,182,0.04355580133695984
2026-04-08,5,182,182,0.033803317190906755
2026-04-09,1,182,182,0.09893999207990485
2026-04-09,2,182,182,0.05346585212341945
2026-04-09,3,182,182,0.02806935750053845
2026-04-09,4,182,182,0.03880065134297601
2026-04-09,5,182,182,0.01565790747113988
2026-04-10,1,182,182,0.1220197279898822
2026-04-10,2,182,182,0.08703282903910137
2026-04-10,3,182,182,0.031426553703204456
2026-04-10,4,182,182,0.043365916698393986
2026-04-10,5,182,182,0.026480817563914186
2026-04-13,1,182,182,0.07933075485671891
2026-04-13,2,182,182,0.036894874517241535
2026-04-13,3,182,182,0.00628728279723316
2026-04-13,4,182,182,0.008964252518413304
2026-04-13,5,182,182,0.0018650969453397907
2026-04-14,1,183,183,0.05212198607136107
2026-04-14,2,183,183,0.007364187300710168
2026-04-14,3,182,182,-0.019159880426602726
2026-04-14,4,183,183,-0.008517250500277972
2026-04-14,5,182,182,-0.016350272839849314
2026-04-15,1,183,183,0.06638752202674031
2026-04-15,2,183,183,0.015291308102403277
2026-04-15,3,182,182,-0.016588550293668618
2026-04-15,4,183,183,-0.013608129608981081
2026-04-15,5,182,182,-0.013549790407818094
2026-04-16,1,183,183,0.053187629280309165
2026-04-16,2,182,182,0.011336792748870974
2026-04-16,3,183,183,-0.013529193946483862
2026-04-16,4,182,182,-0.016753591786978186
2026-04-16,5,182,182,-0.006664444579466449
2026-04-17,1,183,183,0.04573516663447942
2026-04-17,2,183,183,0.021129519883419448
2026-04-17,3,182,182,-0.02208384922130976
2026-04-17,4,183,182,-0.011715911739739121
2026-04-17,5,182,182,-0.016470368134135438
2026-04-20,1,183,183,0.00992653813900884
2026-04-20,2,182,181,-0.007493375298792726
2026-04-20,3,183,183,-0.03437910358627067
2026-04-20,4,182,182,-0.0325760098315263
2026-04-20,5,182,182,-0.034482759435424226
2026-04-21,1,183,183,0.033533290114418746
2026-04-21,2,182,182,0.0016045923097833576
2026-04-21,3,182,182,-0.01981509109560799
2026-04-21,4,182,182,-0.028311502340500526
2026-04-21,5,182,182,-0.01974568124479304
2026-04-22,1,183,183,0.00726403281142005
2026-04-22,2,183,183,-0.02236432516909257
2026-04-22,3,182,181,-0.023996320836794496
2026-04-22,4,183,183,-0.03269383085462614
2026-04-22,5,182,182,-0.025747835561362238
2026-04-23,1,182,182,0.02253329859942627
2026-04-23,2,182,182,-0.015488053610435657
2026-04-23,3,182,182,-0.011301259270521044
2026-04-23,4,182,182,-0.027030912233384503
2026-04-23,5,181,181,-0.01441307480793789
2026-04-24,1,182,180,-0.0016208348154959824
2026-04-24,2,182,182,-0.029027192358659862
2026-04-24,3,182,182,-0.018575622713010182
2026-04-24,4,182,182,-0.039304783328832964
2026-04-24,5,182,182,-0.02242274271490686
2026-04-27,1,182,182,0.018810713332905637
2026-04-27,2,182,182,-0.03174567581633501
2026-04-27,3,182,182,-0.0064981050807950596
2026-04-27,4,182,182,-0.025906432105128586
2026-04-27,5,181,181,-0.02636847288417665
2026-04-28,1,182,180,0.020971227023265957
2026-04-28,2,182,181,-0.05271693208568867
2026-04-28,3,182,182,-0.02151470964802797
2026-04-28,4,182,182,-0.029590426576888013
2026-04-28,5,181,181,-0.03101114317200943
2026-04-29,1,182,179,-0.014114954561840396
2026-04-29,2,182,182,-0.04134909686110445
2026-04-29,3,181,180,-0.02605746903592984
2026-04-29,4,182,182,-0.03715548219233501
2026-04-29,5,181,180,-0.02589329158137471
2026-04-30,1,181,180,-0.026009353366200822
2026-04-30,2,181,181,-0.06009129667282429
2026-04-30,3,181,181,-0.03944312587526994
2026-04-30,4,181,181,-0.03472270288693095
2026-04-30,5,181,181,-0.04038735197526559
2026-05-06,1,182,181,-0.05519621427254661
2026-05-06,2,181,181,-0.07124009244672712
2026-05-06,3,181,181,-0.05600551910505658
2026-05-06,4,181,181,-0.06078054935384797
2026-05-06,5,181,181,-0.053845026374083074
2026-05-07,1,182,182,-0.05647185533967055
2026-05-07,2,182,182,-0.07639266393491857
2026-05-07,3,182,182,-0.06191447336915978
2026-05-07,4,182,182,-0.0684863883827238
2026-05-07,5,181,181,-0.0584008325950925
2026-05-08,1,182,182,-0.11239261458127678
2026-05-08,2,182,182,-0.10078605245660285
2026-05-08,3,182,182,-0.08760578452218595
2026-05-08,4,182,182,-0.09142653661141556
2026-05-08,5,181,181,-0.07756588199223012
2026-05-11,1,182,182,-0.10634722938069781
2026-05-11,2,182,182,-0.10172014610742945
2026-05-11,3,182,182,-0.10015676857058724
2026-05-11,4,182,182,-0.09215078010962026
2026-05-11,5,182,182,-0.08508814978831397
2026-05-12,1,182,182,-0.08698631880328189
2026-05-12,2,182,182,-0.0991245927004937
2026-05-12,3,181,181,-0.08769607327438347
2026-05-12,4,182,182,-0.09225146790654092
2026-05-12,5,181,181,-0.07666476383694143
2026-05-13,1,182,182,-0.11944870927356085
2026-05-13,2,182,182,-0.10832638062397398
2026-05-13,3,182,182,-0.08766220082549393
2026-05-13,4,182,182,-0.10191907112491583
2026-05-13,5,181,181,-0.09386977476930851
2026-05-14,1,182,182,-0.08200377170652662
2026-05-14,2,181,181,-0.07902704614187053
2026-05-14,3,181,181,-0.06966161958956432
2026-05-14,4,181,181,-0.09023074003779633
2026-05-14,5,181,181,-0.07303347213892496
2026-05-15,1,181,181,-0.05473813007969439
2026-05-15,2,181,181,-0.057683421837439824
2026-05-15,3,181,181,-0.04092352039027173
2026-05-15,4,181,181,-0.06145473693580852
2026-05-15,5,180,180,-0.05344486016100538
2026-05-18,1,181,181,-0.025862340384355448
2026-05-18,2,181,181,-0.04329370049294334
2026-05-18,3,181,181,-0.034107554861973685
2026-05-18,4,181,181,-0.053636799867390596
2026-05-18,5,180,180,-0.04463929234281261
2026-05-19,1,181,181,-0.014511518943146267
2026-05-19,2,181,181,-0.042160694133246704
2026-05-19,3,181,181,-0.0494503503815452
2026-05-19,4,181,181,-0.06837271112310868
2026-05-19,5,180,180,-0.05325209270056664
2026-05-20,1,181,181,-0.025763105820537684
2026-05-20,2,180,180,-0.04665410491377805
2026-05-20,3,181,181,-0.05282569918119734
2026-05-20,4,180,180,-0.07146588839117753
2026-05-20,5,180,180,-0.05411690034112342
2026-05-21,1,180,180,0.021187302571096925
2026-05-21,2,180,180,-0.02930340250137971
2026-05-21,3,180,180,-0.04992004871994933
2026-05-21,4,180,180,-0.059553305520836694
2026-05-21,5,180,180,-0.05061750483946241
2026-05-22,1,180,180,0.015079455656635302
2026-05-22,2,180,180,-0.026114021318646773
2026-05-22,3,180,180,-0.03475675575987279
2026-05-22,4,180,180,-0.056158374372898556
2026-05-22,5,180,180,-0.04723705626804517
2026-05-25,1,180,180,5.94718811534451e-05
2026-05-25,2,180,180,-0.03704875007252844
2026-05-25,3,180,180,-0.045446796506530225
2026-05-25,4,180,180,-0.05458410529238396
2026-05-25,5,180,180,-0.05269047494270508
2026-05-26,1,180,180,0.023690854450555014
2026-05-26,2,180,180,-0.0370002328954473
2026-05-26,3,180,180,-0.04899965050568252
2026-05-26,4,180,180,-0.07302136002376318
2026-05-26,5,180,180,-0.06529991092089078
2026-05-27,1,180,180,0.05941902182214138
2026-05-27,2,179,179,-0.037050719760803104
2026-05-27,3,180,180,-0.02857298769012982
2026-05-27,4,179,179,-0.06956504932951153
2026-05-27,5,179,179,-0.058569583189271766
2026-05-28,1,180,180,0.01305134839415058
2026-05-28,2,179,179,-0.060087336470354906
2026-05-28,3,179,179,-0.06332987973493526
2026-05-28,4,179,178,-0.09528907045325222
2026-05-28,5,179,179,-0.07947760481709325
2026-05-29,1,179,178,0.04242553915831775
2026-05-29,2,179,179,-0.034915853412685986
2026-05-29,3,179,178,-0.06049151585571951
2026-05-29,4,179,179,-0.08220956944766179
2026-05-29,5,179,179,-0.06305727119562862
2026-06-01,1,180,180,0.061331575328059836
2026-06-01,2,180,180,-0.01772533163316778
2026-06-01,3,179,178,-0.07250715287483339
2026-06-01,4,180,180,-0.08797578313856194
2026-06-01,5,179,179,-0.07520607650518986
2026-06-02,1,180,180,0.050559964680798104
2026-06-02,2,179,179,-0.011379565629211707
2026-06-02,3,179,178,-0.048043977819580155
2026-06-02,4,179,179,-0.058587644430018626
2026-06-02,5,179,179,-0.05498646011315747
2026-06-03,1,179,179,0.038452585148899196
2026-06-03,2,179,179,0.012265970362996658
2026-06-03,3,179,178,-0.04656019193588002
2026-06-03,4,179,179,-0.03499830808757632
2026-06-03,5,179,179,-0.043043663199310266
2026-06-04,1,179,179,0.04132696210625774
2026-06-04,2,179,179,0.014238090039919073
2026-06-04,3,179,179,-0.0207732646378182
2026-06-04,4,179,179,-0.03285675460576567
2026-06-04,5,179,179,-0.024064545149293064
2026-06-05,1,179,179,0.03813825064556647
2026-06-05,2,179,179,0.035279966689406826
2026-06-05,3,179,179,-0.011734721877436224
2026-06-05,4,179,179,-0.018199904219860733
2026-06-05,5,179,179,-0.02410135342225836
2026-06-08,1,179,179,0.009847133774174018
2026-06-08,2,178,178,0.0036435331291208516
2026-06-08,3,179,179,-0.025866128713466958
2026-06-08,4,178,178,-0.034643228676883304
2026-06-08,5,178,178,-0.03248176474143843
2026-06-09,1,179,179,-0.023660563831189
2026-06-09,2,179,179,-0.019709949586962514
2026-06-09,3,179,179,-0.027993867617630043
2026-06-09,4,179,179,-0.03279895712629049
2026-06-09,5,178,178,-0.034835567016905725
2026-06-10,1,179,179,0.011399743615901584
2026-06-10,2,178,178,-0.011225957252430573
2026-06-10,3,178,178,-0.028867097615439666
2026-06-10,4,178,178,-0.02949274683307519
2026-06-10,5,178,178,-0.03297990022891072
2026-06-11,1,179,179,-0.03268769999959119
2026-06-11,2,178,178,-0.014672094258538384
2026-06-11,3,178,178,-0.02298544274720252
2026-06-11,4,178,178,-0.01830850245901909
2026-06-11,5,178,178,-0.02702464320834991
2026-06-12,1,179,179,-0.06807864234253545
2026-06-12,2,178,178,-0.056865331678006385
2026-06-12,3,179,179,-0.050231147650961885
2026-06-12,4,178,178,-0.04957348308114009
2026-06-12,5,178,178,-0.05549029688561695
2026-06-15,1,179,179,-0.06962019795187913
2026-06-15,2,178,178,-0.06517299028591522
2026-06-15,3,179,179,-0.044795945060311225
2026-06-15,4,178,178,-0.04360981770810672
2026-06-15,5,178,178,-0.049753858120590404
2026-06-16,1,179,179,-0.10555768705846803
2026-06-16,2,178,178,-0.06495449345147711
2026-06-16,3,179,179,-0.026554399601357095
2026-06-16,4,178,178,-0.029294979705113352
2026-06-16,5,178,178,-0.031202280445190796
2026-06-17,1,179,179,-0.13050353718498434
2026-06-17,2,178,178,-0.06086570285895513
2026-06-17,3,179,179,-0.0028578512392654237
2026-06-17,4,178,178,-0.015813479927727442
2026-06-17,5,178,178,-0.017991910713203614
2026-06-18,1,178,178,-0.18497406960373233
2026-06-18,2,178,178,-0.07770088990245921
2026-06-18,3,178,178,-0.022163049582414572
2026-06-18,4,178,178,-0.018326009724161884
2026-06-18,5,178,178,-0.025187103182255668
2026-06-22,1,179,179,-0.2305880640696279
2026-06-22,2,178,178,-0.10447190712510115
2026-06-22,3,179,179,-0.03040281120451049
2026-06-22,4,178,178,-0.024995025032446543
2026-06-22,5,178,178,-0.025469055969746697
2026-06-23,1,179,179,-0.1948147663917644
2026-06-23,2,178,178,-0.09443784031654139
2026-06-23,3,179,179,-0.0297305956028935
2026-06-23,4,178,178,-0.02181422218735929
2026-06-23,5,178,178,-0.010825954839380312
2026-06-24,1,178,178,-0.21522200299524483
2026-06-24,2,178,177,-0.08021686400114783
2026-06-24,3,178,178,-0.005969904972126255
2026-06-24,4,178,178,-0.005751460932673248
2026-06-24,5,178,178,0.0071009828123812825
2026-06-25,1,178,178,-0.20756974540930354
2026-06-25,2,178,177,-0.07108257368043117
2026-06-25,3,178,178,-0.0017139004270646868
2026-06-25,4,178,178,0.004218475003546218
2026-06-25,5,177,177,0.026715306130966763
2026-06-26,1,178,178,-0.2149774159267346
2026-06-26,2,177,176,-0.050937337872167386
2026-06-26,3,177,176,-0.00018149023193737973
2026-06-26,4,177,177,0.0058349926322099595
2026-06-26,5,177,177,0.03818466157505657
2026-06-29,1,177,177,-0.18946214758169153
2026-06-29,2,177,177,-0.03991385869684195
2026-06-29,3,177,177,0.006518957750468347
2026-06-29,4,177,176,0.015628728195225462
2026-06-29,5,176,176,0.04043749447050516
2026-06-30,1,177,177,-0.2128332752107503
2026-06-30,2,176,176,-0.057259611665025495
2026-06-30,3,176,176,0.01579552506391873
2026-06-30,4,176,175,0.024776240633166313
2026-06-30,5,176,176,0.05385431360426293
2026-07-01,1,178,178,-0.20160833610013704
2026-07-01,2,178,178,-0.07760211886231574
2026-07-01,3,178,178,0.019082236790560002
2026-07-01,4,178,178,0.0235609391512672
2026-07-01,5,177,177,0.05051035106378294
2026-07-02,1,178,178,-0.2169971596983628
2026-07-02,2,177,177,-0.07278645159728672
2026-07-02,3,177,177,0.02203988700173219
2026-07-02,4,177,177,0.021958242891476354
2026-07-02,5,177,177,0.04388437936592198
2026-07-03,1,178,178,-0.2124052720469731
2026-07-03,2,177,177,-0.06959969365029613
2026-07-03,3,177,177,0.027404198040524998
2026-07-03,4,177,177,0.028133791307904547
2026-07-03,5,177,177,0.03857874068641461
2026-07-06,1,180,180,-0.1807688226622832
2026-07-06,2,180,180,-0.04507534601413828
2026-07-06,3,179,179,0.040724879238393144
2026-07-06,4,180,180,0.03577799017633903
2026-07-06,5,179,179,0.052133129941266725
2026-07-07,1,179,179,-0.14959122144058593
2026-07-07,2,179,179,-0.02774941346373883
2026-07-07,3,179,179,0.06262491156554151
2026-07-07,4,179,179,0.05450413742405547
2026-07-07,5,179,179,0.0628140925386618
2026-07-08,1,179,179,-0.09609477461332569
2026-07-08,2,179,179,0.006401758127702446
2026-07-08,3,179,179,0.07474735172756182
2026-07-08,4,179,179,0.0680187634887406
2026-07-08,5,178,178,0.06532103887750515
2026-07-09,1,179,179,-0.09628724651378207
2026-07-09,2,179,179,0.009561529034458702
2026-07-09,3,179,179,0.07024137242054142
2026-07-09,4,179,179,0.06350996254053211
2026-07-09,5,178,178,0.0647870718251253
2026-07-10,1,180,180,-0.05153775702838858
2026-07-10,2,179,179,0.020724823866786552
2026-07-10,3,179,179,0.06037208203045791
2026-07-10,4,179,179,0.05208306696265499
2026-07-10,5,179,179,0.052729566493992894
2026-07-13,1,179,179,-0.013276720475925636
2026-07-13,2,179,178,0.058916233995900055
2026-07-13,3,179,179,0.08446880570400778
2026-07-13,4,179,179,0.08336117909663193
2026-07-13,5,179,179,0.07685880932517132
2026-07-14,1,179,179,-0.04049364779268729
2026-07-14,2,179,178,0.053936651041472876
2026-07-14,3,179,179,0.06531852050728416
2026-07-14,4,179,179,0.06637437763222086
2026-07-14,5,179,179,0.05244905590401491
2026-07-15,1,180,180,0.012893027362753318
2026-07-15,2,180,179,0.07094621234129928
2026-07-15,3,180,180,0.06240123549530762
2026-07-15,4,180,180,0.05797279043320937
2026-07-15,5,179,179,0.04634415926910935
2026-07-16,1,181,181,0.01592849814041852
2026-07-16,2,180,179,0.06250713029682982
2026-07-16,3,180,180,0.04521996460344645
2026-07-16,4,180,180,0.03793575278125864
2026-07-16,5,180,180,0.026539883493110105
2026-07-17,1,180,180,0.07650327797455499
2026-07-17,2,179,178,0.0955530352637772
2026-07-17,3,180,180,0.06776578948708314
2026-07-17,4,179,179,0.051828588185094566
2026-07-17,5,179,179,0.04116230955409041
2026-07-20,1,180,180,0.17236053527710454
2026-07-20,2,180,179,0.11836695666316861
2026-07-20,3,179,179,0.06661967111594039
2026-07-20,4,180,180,0.058371500544263245
2026-07-20,5,179,179,0.03471492862562797
2026-07-21,1,179,179,0.11153994770518764
2026-07-21,2,179,178,0.09742907441656426
2026-07-21,3,179,179,0.06237344519939791
2026-07-21,4,179,179,0.04300107569593944
2026-07-21,5,179,179,0.02719775740727409
2026-07-22,1,179,179,0.0760843924376763
2026-07-22,2,179,178,0.07932094652820806
2026-07-22,3,179,179,0.05486732002481847
2026-07-22,4,179,178,0.03230427105429345
2026-07-22,5,179,178,0.020961662233115717
2026-07-23,1,180,180,0.07115619245316147
2026-07-23,2,179,178,0.06595262435401732
2026-07-23,3,179,179,0.04456385675067734
2026-07-23,4,179,178,0.022341018796480205
2026-07-23,5,179,179,0.016410842863797345
2026-07-24,1,179,179,0.10395363226263298
2026-07-24,2,178,177,0.09269124225500418
2026-07-24,3,179,179,0.06454669141832092
2026-07-24,4,178,177,0.04314752064803214
2026-07-24,5,178,178,0.03050756378455592
2026-07-27,1,180,180,0.04012713682886743
2026-07-27,2,179,179,0.05787555484292889
2026-07-27,3,180,180,0.03774713644605149
2026-07-27,4,179,178,0.019954575983297928
2026-07-27,5,179,179,0.017107068490196078
2026-07-28,1,180,180,0.08698441271196253
2026-07-28,2,180,180,0.06096510052641183
2026-07-28,3,179,179,0.04122328090514267
2026-07-28,4,180,179,0.026569248299568464
2026-07-28,5,179,178,0.015143494236825178
2026-07-29,1,181,181,0.10168399084701435
2026-07-29,2,181,181,0.05147143262576149
2026-07-29,3,180,180,0.03282539826808017
2026-07-29,4,181,181,0.021717594893434666
2026-07-29,5,180,179,0.006458755081575755
2026-07-30,1,181,181,0.14150932592201804
2026-07-30,2,181,181,0.06667241785998301
2026-07-30,3,181,181,0.041162824605655
2026-07-30,4,181,181,0.02391605634200387
2026-07-30,5,180,179,0.0012890658095543088
2026-07-31,1,182,182,0.12147757583524997
2026-07-31,2,181,181,0.051559665593231725
2026-07-31,3,182,182,0.02901455659504166
2026-07-31,4,181,181,0.021013539823432792
2026-07-31,5,181,180,-0.003303869792137447
2026-08-03,1,182,182,0.13756449547868105
2026-08-03,2,182,182,0.044966299910282705
2026-08-03,3,181,181,0.020002379729741403
2026-08-03,4,182,182,0.0008351501190799516
2026-08-03,5,181,180,-0.011342882963115445
2026-08-04,1,181,181,0.08100515495910264
2026-08-04,2,181,181,0.04492246063583895
2026-08-04,3,181,181,0.02620196483257417
2026-08-04,4,181,181,0.016669503247481777
2026-08-04,5,180,180,-0.001166723666092946
2026-08-05,1,181,181,0.04986256430050443
2026-08-05,2,181,181,0.021652733295807254
2026-08-05,3,181,181,0.012842469250674952
2026-08-05,4,181,181,0.005031378815202044
2026-08-05,5,180,180,-0.003111005916244352
2026-08-06,1,181,181,0.026365198931164586
2026-08-06,2,181,181,0.013771697014301195
2026-08-06,3,181,181,0.022259475450449862
2026-08-06,4,181,181,0.0021625607277645066
2026-08-06,5,181,181,-0.0021653278378608114
2026-08-07,1,181,181,-0.022358525530030458
2026-08-07,2,181,181,0.008169902460269872
2026-08-07,3,181,181,0.018752699585948975
2026-08-07,4,181,181,0.0076460212998977015
2026-08-07,5,181,181,-0.0035246187086437537
2026-08-10,1,182,182,0.0081543647476434
2026-08-10,2,181,180,-0.0013511274630857687
2026-08-10,3,182,182,0.007463566180682324
2026-08-10,4,181,181,-0.007301418932623314
2026-08-10,5,181,181,-0.007839275544398002
2026-08-11,1,181,181,0.003713723464957499
2026-08-11,2,181,181,0.009102524779892327
2026-08-11,3,181,181,0.022220547206823437
2026-08-11,4,181,181,0.008555708569424673
2026-08-11,5,181,181,0.00456113702715027
2026-08-12,1,181,181,-0.03184929357856042
2026-08-12,2,181,181,-0.008895752621047349
2026-08-12,3,181,181,0.010532216979748293
2026-08-12,4,181,181,0.00018993509743377762
2026-08-12,5,181,181,-0.003284674800010995
2026-08-13,1,182,182,-0.03541216399605356
2026-08-13,2,181,181,-0.008511419792563433
2026-08-13,3,182,182,0.0037931509305473682
2026-08-13,4,181,181,-0.0016867683693772664
2026-08-13,5,181,181,-0.001999892846613117
2026-08-14,1,180,180,-0.05571238296076793
2026-08-14,2,180,180,-0.02234786644591936
2026-08-14,3,180,180,-0.014160117336036487
2026-08-14,4,180,179,-0.011664530211792293
2026-08-14,5,179,179,-0.008935952529435295
2026-08-17,1,181,181,-0.07046656977904263
2026-08-17,2,180,180,-0.02295923497882241
2026-08-17,3,181,180,-0.01476032848177193
2026-08-17,4,180,179,-0.01443244735748398
2026-08-17,5,180,180,-0.009714016850305157
2026-08-18,1,181,181,-0.0509401745232406
2026-08-18,2,180,180,-0.03454992833325939
2026-08-18,3,180,179,-0.015549020638534888
2026-08-18,4,180,179,-0.02405689794022272
2026-08-18,5,180,180,-0.013765693858295179
