date,assets_total,factor_count,factor_coverage,valid_pairs,ic,rank_ic,factor_mean,factor_std,factor_min,factor_max
2023-01-03,1000,897,0.897,897,-0.08766131573033598,-0.05877751420952086,2.9704963869569404e-17,1.0,-2.667303435506353,4.738811573250751
2023-01-04,1000,898,0.898,898,-0.12193236612273581,-0.1163353612119163,7.91250262539087e-18,0.9999999999999986,-2.7022339069548353,4.834218893379789
2023-01-05,1000,899,0.899,899,-0.12035798834894759,-0.10235755682655545,-1.9759252941048392e-18,1.0000000000000002,-2.631972071174805,3.688735787543776
2023-01-06,1000,899,0.899,898,-0.13593305863554256,-0.09901678860220023,-7.903701176419357e-18,0.9999999999999997,-2.8016987857624662,4.444374383331689
2023-01-09,1000,899,0.899,899,-0.12135510180882926,-0.09101114126688413,5.927775882314518e-18,0.9999999999999994,-3.005741425170181,4.60266763603165
2023-01-10,1000,898,0.898,898,-0.1271936452968241,-0.11328347682994319,3.956251312695435e-18,1.0,-3.240819529001107,4.845165335074682
2023-01-11,1000,896,0.896,895,-0.10481668932980841,-0.08877333660958664,3.96508223080413e-18,0.9999999999999994,-2.8604151757896337,4.070090223312528
2023-01-12,1000,896,0.896,896,-0.07165588831966313,-0.07260548793516583,-7.93016446160826e-18,0.9999999999999994,-2.909455206112437,4.137453483947267
2023-01-13,1000,897,0.897,897,-0.04953076011079,-0.040424829244834516,7.921323698551841e-18,0.9999999999999999,-2.8821389249160942,4.39295198788929
2023-01-16,1000,900,0.9,900,0.02267471446071875,0.0399034089302748,-3.947459643111668e-18,0.9999999999999994,-3.030269403417444,4.111744209178457
2023-01-17,1000,900,0.9,900,0.024368539234601284,0.047819526024909784,-2.565848768022584e-17,0.9999999999999994,-2.94635445596675,3.813726232775202
2023-01-18,1000,902,0.902,902,0.05143389876943041,0.058979586919553746,-1.9693534804880827e-17,1.0,-2.8052327404364776,3.567527214339984
2023-01-19,1000,900,0.9,900,0.051224626058065006,0.060013681498935295,-1.578983857244667e-17,1.0000000000000004,-2.854184329322152,4.1802994985975905
2023-01-20,1000,904,0.904,904,0.006109010796259107,0.016242282198437555,9.824982518806695e-18,1.0,-2.9301494624337985,4.979865493434642
2023-01-30,1000,906,0.906,906,0.034144679161939466,0.063893965592625,1.1763952578809606e-17,0.9999999999999989,-3.434857875644298,4.771813431327694
2023-01-31,1000,907,0.907,907,0.037973252455640705,0.07559600579886705,3.916994133186881e-18,0.9999999999999991,-3.0461614154851446,4.853784979450045
2023-02-01,1000,910,0.91,910,0.04267609384841523,0.08286835247483616,2.928060724286127e-17,1.0000000000000007,-3.1541022637890173,4.725298103396004
2023-02-02,1000,911,0.911,911,0.06106626066890191,0.11508512138693112,2.0473926249948e-17,0.9999999999999992,-3.287565191730357,4.560133980524677
2023-02-03,1000,913,0.913,912,0.05544813986528546,0.0995859787966183,5.0586284583139665e-17,0.9999999999999999,-3.240624561741275,4.520006233468647
2023-02-06,1000,912,0.912,911,0.08487396959438122,0.11862079136619257,-2.921639538487254e-18,1.0,-3.2770608050372467,4.010330218800081
2023-02-07,1000,913,0.913,912,0.0877223319660547,0.13531594962114038,1.9456263301207562e-17,1.0000000000000002,-3.1869415835695323,3.8440766674665467
2023-02-08,1000,913,0.913,912,0.10571519087909627,0.1199054108455283,2.3347515961449075e-17,1.0,-3.24451874505739,3.7988688468387792
2023-02-09,1000,915,0.915,914,0.07562566313071847,0.08675613895652325,-9.706867974864757e-18,0.9999999999999999,-3.1290643427361724,4.663253354104344
2023-02-10,1000,915,0.915,915,0.034448306612010725,0.02667987252595687,3.882747189945903e-18,1.0,-2.9902559722000253,4.402746496344711
2023-02-13,1000,914,0.914,914,0.003891199920122123,-0.000732587607114653,1.3604483452737147e-17,0.9999999999999998,-2.4150586312791216,4.067288926346878
2023-02-14,1000,914,0.914,914,-0.021951882694730192,-0.016284471171221466,-4.955918972068532e-17,1.0000000000000002,-2.6941359618523086,4.237057838295454
2023-02-15,1000,915,0.915,915,0.022427279028060815,0.03774026557968819,2.1355109544702466e-17,1.0000000000000002,-2.6344918454785495,3.951986367862602
2023-02-16,1000,915,0.915,915,0.009964313357889058,0.007073134573286846,-2.523785673464837e-17,1.0000000000000004,-2.629452639163718,3.720249861809339
2023-02-17,1000,914,0.914,914,-0.015356420305529412,-0.01479980657478754,3.8869952722106136e-18,1.0000000000000002,-2.9337776006840843,4.085338453429011
2023-02-20,1000,917,0.917,917,-0.06311278190907092,-0.07315463298338792,6.0051321724545e-17,0.9999999999999998,-3.1188535872723016,4.28831987173873
2023-02-21,1000,922,0.922,922,-0.04404969690484912,-0.04881810735145352,3.4679417688941983e-17,1.0000000000000004,-3.2736572069588865,4.5474507057737386
2023-02-22,1000,921,0.921,921,-0.0646498214719335,-0.07391657665689148,-6.171923871966126e-17,1.0000000000000009,-3.2069410039191832,3.971845319083595
2023-02-23,1000,920,0.92,920,-0.05178956198771697,-0.058294224875063784,9.267948727305654e-17,1.000000000000001,-3.2260955670948728,4.075289474605101
2023-02-24,1000,920,0.92,920,-0.028021913235392906,-0.026143536877680132,3.089316242435218e-17,1.0,-3.380403134019286,4.344111276877321
2023-02-27,1000,915,0.915,915,-0.05708766117990892,-0.06986732061862082,-2.3296483139675416e-17,0.9999999999999998,-3.0542467873002916,4.158424288207351
2023-02-28,1000,918,0.918,918,-0.04201679495311346,-0.05577392339989812,-1.548023389455556e-17,1.0000000000000004,-3.066068271057147,4.327043842120917
2023-03-01,1000,921,0.921,921,-0.03123061715875771,-0.03440292367023086,-3.8574524199788285e-18,1.0000000000000004,-3.1733713583212246,4.058465369197759
2023-03-02,1000,921,0.921,921,-0.013256393068373886,-0.0039023895563696344,3.8574524199788285e-18,0.9999999999999999,-3.126523192769359,4.083388754094263
2023-03-03,1000,922,0.922,921,0.026509440664908433,0.026644664410682847,1.9266343160523324e-17,0.9999999999999994,-3.151850015328818,3.999431859996906
2023-03-06,1000,920,0.92,920,0.04016447443022941,0.04653379814137147,1.9308226515220113e-17,1.0000000000000004,-3.1928362259926364,3.8366087485361855
2023-03-07,1000,918,0.918,918,0.030182913867464106,0.00989422697014402,0.0,0.9999999999999998,-3.1892244445636977,3.8757256645169567
2023-03-08,1000,919,0.919,919,0.027009744723312284,0.026144054089459558,3.865847310990752e-18,0.9999999999999993,-2.6722188923568035,3.774776758736165
2023-03-09,1000,919,0.919,919,0.06955125425399099,0.04911767060261672,7.731694621981504e-18,1.0,-3.061571329441655,3.847523261671358
2023-03-10,1000,914,0.914,914,0.053217547092460904,0.022291801951520338,3.8869952722106136e-18,0.9999999999999996,-3.3244138966059817,3.5748090075130268
2023-03-13,1000,913,0.913,913,0.048375284993805785,-0.001846055426348565,-1.9456263301207562e-18,1.0000000000000002,-3.03293820612679,3.9025058203042464
2023-03-14,1000,914,0.914,914,0.07738062763573605,0.03781942415710648,-1.9434976361053068e-18,1.0,-2.9239703120226492,3.544401498428476
2023-03-15,1000,917,0.917,917,0.09694262678972686,0.06656642806948662,-1.9371394104691936e-18,1.0000000000000002,-2.8637510131089456,4.319782614065096
2023-03-16,1000,913,0.913,912,0.09091333875171818,0.062479834622160155,-2.7238768621690587e-17,1.0000000000000002,-2.6393871837483287,4.104435918666535
2023-03-17,1000,914,0.914,914,0.13076199120458454,0.09578354505275742,9.717488180526534e-19,0.9999999999999994,-2.825138747538914,3.48151001634758
2023-03-20,1000,913,0.913,913,0.12639678526835765,0.07740033375266259,-1.8483450136147185e-17,1.0000000000000004,-2.6993167279822496,3.4971542432777105
2023-03-21,1000,915,0.915,915,0.11775056719245702,0.0780047820721688,4.853433987432378e-19,1.0,-2.6856953112552415,3.27989013720373
2023-03-22,1000,917,0.917,917,0.11786412030133957,0.09756738803748455,-1.7434254694222742e-17,1.0000000000000002,-2.7058431774766674,3.6994412435444586
2023-03-23,1000,915,0.915,915,0.087302124625993,0.06306884247811705,4.853433987432378e-18,0.9999999999999991,-2.3991196571467635,3.6354040394198885
2023-03-24,1000,920,0.92,920,0.09798215134329298,0.06334410210109445,7.723290606088046e-18,1.0000000000000007,-2.465830478483254,3.649480176862383
2023-03-27,1000,914,0.914,914,0.12105889077854715,0.08908086086789817,3.8869952722106136e-18,0.9999999999999996,-2.619959230565595,3.7929307264613854
2023-03-28,1000,913,0.913,910,0.07512531040207078,0.05562119068265536,3.8912526602415124e-18,1.0,-2.3123450695935412,3.824812175308202
2023-03-29,1000,908,0.908,906,0.06591587363975762,0.059812736417897805,-7.825360525992294e-18,1.0000000000000004,-2.6576534830665115,3.935333765019112
2023-03-30,1000,906,0.906,904,0.1109663092628461,0.08968863961571236,-3.137054021015895e-17,1.0000000000000007,-3.428376373268387,3.7458750093839397
2023-03-31,1000,905,0.905,904,0.10490691694919234,0.08790376380301779,-2.1591077605969895e-17,1.0000000000000004,-3.641648699107059,3.7023322775804095
2023-04-03,1000,907,0.907,906,0.10211435989490786,0.08398280067917181,0.0,0.9999999999999991,-3.454561733740652,3.590885388840416
2023-04-04,1000,908,0.908,907,0.10905983976955913,0.0930784143609566,3.912680262996147e-18,0.9999999999999991,-3.225539639409724,3.285588931879152
2023-04-06,1000,908,0.908,906,0.11538901182643024,0.10320789923783352,0.0,1.0000000000000002,-3.1770542013239096,3.2542308794733503
2023-04-07,1000,908,0.908,906,0.11653388741621434,0.1103269135124357,-1.5650721051984587e-17,0.9999999999999996,-3.645787450685686,3.7446227046219875
2023-04-10,1000,906,0.906,904,0.11836558797279428,0.11427442513449115,0.0,1.0,-3.8113120653301253,3.317479576917109
2023-04-11,1000,907,0.907,905,0.12139089934972569,0.10891540237649368,-1.5667976532747524e-17,1.0,-3.950902229964512,3.9365528654588964
2023-04-12,1000,913,0.913,912,0.07219700800808465,0.05417307949711882,-1.556501064096605e-17,1.0,-3.58230288523187,4.1090280351586355
2023-04-13,1000,914,0.914,913,0.0645037066107101,0.05325290093501835,2.332197163326368e-17,1.0000000000000002,-3.639245952253442,3.821288634634114
2023-04-14,1000,914,0.914,912,0.08940806369429795,0.07872504708535129,1.5547981088842454e-17,1.0,-3.522877236698713,3.3477287383880556
2023-04-17,1000,915,0.915,914,0.09674498439992105,0.1052801456990588,0.0,0.9999999999999999,-3.562684642111365,3.473974098349999
2023-04-18,1000,916,0.916,915,0.08646046914565204,0.11209899382541791,-2.3271050297819874e-17,1.0000000000000007,-3.2987642768901075,4.08325324012927
2023-04-19,1000,914,0.914,913,0.05047969521729188,0.06900845904942376,1.5547981088842454e-17,1.0000000000000002,-3.4831382161355084,4.356613165368564
2023-04-20,1000,914,0.914,914,-0.03406761507209883,-0.026950004398527662,3.109596217768491e-17,1.0000000000000004,-3.2878837923677864,4.075714407529833
2023-04-21,1000,910,0.91,910,-0.004201895169922683,0.000776312658587604,1.1712242897144509e-17,1.0000000000000009,-3.301802813255055,4.510225710559623
2023-04-24,1000,910,0.91,910,-0.03919845837890328,-0.016574616164074414,0.0,1.0,-3.351179575546641,4.710582369336824
2023-04-25,1000,910,0.91,910,-0.0488271096097665,-0.03732053378073963,-1.1712242897144509e-17,0.9999999999999999,-3.369788833743912,5.045344324099722
2023-04-26,1000,911,0.911,909,0.061609187746808555,0.07403626464983921,1.949897738090286e-17,0.9999999999999999,-3.6876757808221847,4.772458605008131
2023-04-27,1000,909,0.909,908,0.15243437728958156,0.15506636873295984,3.908375884268978e-18,1.0000000000000004,-3.309840129504307,4.682215648595124
2023-04-28,1000,912,0.912,911,0.10467158088989097,0.11181958803594957,-1.5582077538598687e-17,1.000000000000001,-2.8711569499173577,4.2443577349440025
2023-05-04,1000,912,0.912,912,0.06518494458602495,0.04284719658228178,-3.1164155077197375e-17,1.0000000000000007,-3.156441559346296,4.341430355770215
2023-05-05,1000,911,0.911,911,0.01850308397711439,-0.032487308597291265,4.679754571416686e-17,0.9999999999999999,-3.4291963779947565,4.781331991297523
2023-05-08,1000,914,0.914,914,0.02855797906613058,-0.030862134218253373,-7.773990544421227e-18,1.0000000000000018,-3.0731842935203284,5.142658453470167
2023-05-09,1000,913,0.913,912,0.016399438647300566,-0.044227225162036574,-5.4477537243381174e-17,1.0,-2.9777823015893117,5.2632076515583766
2023-05-10,1000,912,0.912,911,0.12005527036018844,0.06000441101594708,5.843279076974508e-17,1.0000000000000004,-3.32060303827942,5.239609754008853
2023-05-11,1000,913,0.913,912,0.17833120043116343,0.12791568473351939,6.615129522410571e-17,0.9999999999999999,-3.1367223192516103,5.178851778657122
2023-05-12,1000,911,0.911,910,0.2000719090261364,0.11853905660742423,3.1198363809444576e-17,0.9999999999999992,-3.180582229284988,5.0451092746254504
2023-05-15,1000,912,0.912,911,0.2341312522548644,0.1349511794784382,1.5582077538598687e-17,0.9999999999999996,-3.518090686418858,5.042238748453333
2023-05-16,1000,910,0.91,909,0.2123384094390745,0.12295423762949104,-7.808161931429673e-17,1.0000000000000007,-3.4471724609988965,4.937095906868998
2023-05-17,1000,909,0.909,907,0.18267505023706995,0.1062119275418739,-1.954187942134489e-17,1.0000000000000002,-3.32005899943871,4.688949354483344
2023-05-18,1000,908,0.908,906,0.09857118507430661,0.029632344250846567,2.347608157797688e-17,1.0,-3.1662943392323943,4.748100675109703
2023-05-19,1000,904,0.904,903,0.16313685498946803,0.056289584468413846,7.859986015045356e-17,1.0000000000000013,-3.0867361619373126,4.703556454763142
2023-05-22,1000,903,0.903,902,0.2021837732123271,0.10541465914804797,5.508083222946513e-17,1.0,-2.9941371413581392,4.7969967430259155
2023-05-23,1000,900,0.9,900,0.2203036491445582,0.11550236529305331,-7.500173321912169e-17,1.0000000000000004,-3.0306812387969018,5.019262375606797
2023-05-24,1000,900,0.9,900,0.1796025846998121,0.1116195333417916,9.079157179156836e-17,0.9999999999999999,-3.03087330030705,5.010205353721286
2023-05-25,1000,900,0.9,900,0.14276527981039155,0.06957391305421365,2.3684757858670008e-17,0.9999999999999998,-2.9839279402448433,5.049026987296405
2023-05-26,1000,901,0.901,901,0.08399064265602268,0.012330145804173099,-1.182923533451887e-17,0.9999999999999997,-2.87524208006912,5.14450847276437
2023-05-29,1000,899,0.899,899,0.05709389706985376,-0.01132749174681009,6.718145999956453e-17,1.0000000000000007,-3.0812780353372675,5.526685193936312
2023-05-30,1000,898,0.898,898,0.0071095154480489,-0.05980494242488877,3.956251312695435e-18,0.9999999999999992,-2.7210584043606936,4.707704706239064
2023-05-31,1000,896,0.896,896,-0.020867422222563835,-0.09264360851681716,1.586032892321652e-17,1.0,-2.710316183194359,4.644071023381335
2023-06-01,1000,897,0.897,896,-0.10524001418020879,-0.09703388694198677,-7.921323698551841e-18,1.0,-2.6473160795828843,4.887458510580644
2023-06-02,1000,897,0.897,896,-0.0620080015635175,-0.04300770976999561,-3.960661849275921e-18,1.0,-2.5429739554984425,4.8544349461933045
2023-06-05,1000,895,0.895,894,-0.0870357537954277,-0.07353870843177608,3.5725612412519e-17,1.0000000000000002,-2.577699202469647,5.105394266796052
2023-06-06,1000,893,0.893,893,-0.05576579712267014,-0.05036155905885922,-9.150326384368591e-17,1.0,-2.574534004040544,5.114433953768513
2023-06-07,1000,892,0.892,891,-0.06311977916865448,-0.069188544985296,2.3897177211662563e-17,1.0000000000000004,-2.6531439326208863,5.286884904456712
2023-06-08,1000,893,0.893,893,-0.0858032065654387,-0.10850145747461293,3.580562498231188e-17,1.0,-2.77082695357139,5.619160568253768
2023-06-09,1000,892,0.892,892,-0.10131956152195369,-0.13122899226194004,3.1862902948883416e-17,1.0,-2.482234120188811,5.052905554815489
2023-06-12,1000,893,0.893,893,-0.08610800501623532,-0.06664902275401294,-5.1719236085561606e-17,1.0000000000000007,-2.430096321180604,4.601176944057045
2023-06-13,1000,894,0.894,894,-0.07816736689873272,-0.05756896509397599,3.973952660850672e-18,1.0000000000000002,-2.527981963599359,4.3509941082881
2023-06-14,1000,891,0.891,891,-0.07905327231316853,-0.04001677377989429,-2.1930331350620375e-17,0.9999999999999994,-2.5354919484437977,4.583176361186131
2023-06-15,1000,892,0.892,892,-0.049971401565347184,-0.016520075152487695,-1.5931451474441708e-17,1.0,-2.623118547260412,4.546553951892203
2023-06-16,1000,894,0.894,894,-0.09191457523960014,-0.02360437577165339,-1.7882786973828024e-17,1.0,-2.234172988655526,4.42132359936827
2023-06-19,1000,894,0.894,894,-0.11333257276356754,-0.03133426761042039,1.5895810643402688e-17,1.0000000000000002,-2.537882438612826,3.9680659411443227
2023-06-20,1000,894,0.894,894,-0.1552073382120597,-0.07455650564101093,-2.3843715965104033e-17,1.0,-2.7078029265111927,3.96240119809538
2023-06-21,1000,895,0.895,895,-0.15684025847279795,-0.10868117859419271,2.7786587431959227e-17,0.9999999999999986,-2.4073431052798875,4.189539652624793
2023-06-26,1000,896,0.896,896,-0.1434605541009688,-0.098411715278226,-3.172065784643304e-17,0.9999999999999997,-2.3908335998474484,3.934616613724372
2023-06-27,1000,899,0.899,899,-0.19118086680525748,-0.14040426127524572,3.161480470567743e-17,1.0000000000000002,-2.6047501105087405,4.25504839571543
2023-06-28,1000,897,0.897,897,-0.2302368351784994,-0.18135338412871266,-1.5842647397103683e-17,1.0,-2.7144621764743158,4.288988936904822
2023-06-29,1000,897,0.897,897,-0.24343512151364552,-0.1940198783610036,1.1881985547827762e-17,0.9999999999999993,-2.611965699540141,4.2422866191755535
2023-06-30,1000,901,0.901,901,-0.26612612123789364,-0.23036002630878238,3.943078444839624e-18,0.9999999999999997,-2.4107747875657624,3.9039860295098276
2023-07-03,1000,902,0.902,901,-0.22371799138017187,-0.20059343692383483,-1.1816120882928495e-17,1.0000000000000004,-2.5410813971216206,3.8647653295701954
2023-07-04,1000,902,0.902,902,-0.1716956333627946,-0.14291054333153352,3.938706960976165e-18,0.9999999999999997,-2.5736389645644966,3.83605674657398
2023-07-05,1000,897,0.897,897,-0.21433424064364145,-0.19271192795647257,1.9803309246379605e-17,1.0000000000000002,-2.7564467552165413,3.6888787104571024
2023-07-06,1000,896,0.896,896,-0.20793970392505204,-0.1664640161810986,1.586032892321652e-17,1.0000000000000002,-3.1714124053929207,4.721298961917611
2023-07-07,1000,898,0.898,898,-0.21945686416485588,-0.18980222463035168,1.1868753938086306e-17,1.0000000000000002,-2.520797026477178,4.0082348697474215
2023-07-10,1000,897,0.897,897,-0.1692407354253804,-0.16083501086443083,3.1685294794207366e-17,0.999999999999999,-2.4179255516302147,3.574010806321661
2023-07-11,1000,897,0.897,897,-0.1887614882889249,-0.17103597349160085,0.0,1.0000000000000002,-2.482509138129225,3.5714145556880004
2023-07-12,1000,894,0.894,894,-0.21339931953184144,-0.20162501960400328,-7.947905321701344e-18,1.000000000000001,-2.3949432160662694,3.2149856344318484
2023-07-13,1000,896,0.896,896,-0.21857672578141038,-0.19274796146303666,-7.93016446160826e-18,0.9999999999999987,-2.5556631208366603,3.7852973213530356
2023-07-14,1000,894,0.894,894,-0.24053281130051132,-0.19897776898152214,0.0,0.9999999999999996,-2.665436554611793,3.785423769315802
2023-07-17,1000,894,0.894,894,-0.206371815583105,-0.18874881638571808,-6.954417156488677e-18,1.0,-2.608766409367912,4.582574175504315
2023-07-18,1000,895,0.895,895,-0.1801807828903586,-0.15549327717080744,9.923781225699724e-18,0.9999999999999997,-2.773366430211849,4.662590333886495
2023-07-19,1000,894,0.894,894,-0.17634349430089674,-0.14192391700754786,7.947905321701344e-18,0.9999999999999997,-2.7066857646288147,4.972125247433226
2023-07-20,1000,893,0.893,893,-0.11808316559318276,-0.0984561540528646,9.946006939531078e-19,0.9999999999999997,-2.6176402411109776,4.734483165027406
2023-07-21,1000,894,0.894,894,-0.08500588320053616,-0.0604343097791006,-1.490232247819002e-17,1.0000000000000002,-2.4514212919282836,4.7087186970750485
2023-07-24,1000,893,0.893,893,-0.10612541818151959,-0.07783395437670643,1.9892013879062155e-18,0.9999999999999991,-2.3066682073054556,4.362595088206227
2023-07-25,1000,897,0.897,897,-0.046219014256035626,-0.04157184822369137,-2.5744302020293485e-17,0.9999999999999996,-2.2690814125577803,4.45050288168987
2023-07-26,1000,905,0.905,905,0.026528067586227055,0.02807472028453994,-6.86988832917224e-18,0.9999999999999997,-2.6358688170022524,4.43189165523889
2023-07-27,1000,906,0.906,906,-0.019258212117379058,-0.01389709087583158,-4.117383402583362e-17,0.9999999999999991,-2.825545444208856,4.441894098074611
2023-07-28,1000,908,0.908,908,0.018724418806921647,0.022651188578376762,1.5650721051984587e-17,0.9999999999999988,-2.4129662496854283,4.880996640337106
2023-07-31,1000,910,0.91,909,-0.030686952610913264,-0.002204416633145984,2.3424485794289017e-17,0.9999999999999997,-2.509955825690584,5.259860524686102
2023-08-01,1000,910,0.91,909,0.03118751778980372,0.019698674210991834,-8.540177112501205e-18,1.000000000000001,-2.6205923066176906,5.683696932593729
2023-08-02,1000,913,0.913,912,0.04721822084226777,0.03351433823963871,-3.8912526602415124e-18,1.0,-2.603306681357002,5.251247523951099
2023-08-03,1000,912,0.912,911,0.06575309000523882,0.035706350372675826,5.843279076974508e-18,1.0,-2.586231527765599,5.46276087034377
2023-08-04,1000,914,0.914,913,0.0614887902557588,0.07766878814838711,2.0406725179105722e-17,0.9999999999999996,-3.022690435549353,5.61881089355837
2023-08-07,1000,915,0.915,914,0.001931126686775346,0.020774101533492864,-4.853433987432378e-18,0.9999999999999986,-3.1335598644194325,5.285438611221228
2023-08-08,1000,915,0.915,914,0.010217638161196816,0.029192683757575565,-2.523785673464837e-17,0.9999999999999997,-3.087913412911869,5.393329106780901
2023-08-09,1000,917,0.917,916,0.07849345365784945,0.08323652518814866,3.4868509388445484e-17,0.9999999999999999,-2.918046424235232,4.9385341711086825
2023-08-10,1000,917,0.917,916,0.11503395966028074,0.0957969518498764,-3.874278820938387e-18,0.9999999999999999,-2.908750050442716,4.962399313711318
2023-08-11,1000,912,0.912,911,0.12608387589018072,0.10917975952767409,-1.5582077538598687e-17,1.0,-2.750421166198049,5.007080124340177
2023-08-14,1000,913,0.913,913,0.08914733174623655,0.09545480189545784,-1.556501064096605e-17,1.0,-2.790647741891756,4.61556045569199
2023-08-15,1000,909,0.909,909,0.09589446320322956,0.08146789585926509,-2.1496067363479378e-17,1.0000000000000007,-3.025800918280964,4.101065518602698
2023-08-16,1000,910,0.91,910,0.10870844264656403,0.10267520511258889,-9.760202414287091e-18,1.0,-3.0478004833981025,4.035053664987517
2023-08-17,1000,912,0.912,912,0.09833322364034729,0.11736869926848727,-6.817158923136926e-18,0.999999999999999,-3.1858673962332427,3.9979338142644134
2023-08-18,1000,911,0.911,911,0.10095955900045649,0.11646537545919297,-1.949897738090286e-18,1.0000000000000004,-3.112150067102188,3.806109425529797
2023-08-21,1000,911,0.911,911,0.10212991043301538,0.1518474015833883,0.0,0.9999999999999993,-3.05839479731764,3.8410727508242153
2023-08-22,1000,910,0.91,910,0.07794889137451576,0.10602468552347817,1.9520404828574182e-17,1.0000000000000002,-3.2818514820223874,3.703268349644278
2023-08-23,1000,910,0.91,910,0.05009390915794411,0.07931217119653793,-4.8801012071435456e-18,0.9999999999999993,-3.3006274564183267,3.369051073491494
2023-08-24,1000,911,0.911,911,0.0856467582999037,0.08411241835234601,-5.3622187797482865e-17,1.0000000000000002,-3.530204551912612,3.7823905812801777
2023-08-25,1000,908,0.908,908,0.054883159610477364,0.025617353927067772,-3.1301442103969174e-17,0.9999999999999998,-3.4783243327053435,3.896378117330698
2023-08-28,1000,911,0.911,910,0.028912734364662913,-0.0015714801004475822,-5.264723892843772e-17,0.9999999999999989,-3.451054277750122,4.348031797694802
2023-08-29,1000,913,0.913,913,0.054756555824522546,0.05079617077894878,-4.8640658253018904e-17,1.0000000000000004,-3.3889640415582427,4.217605682568578
2023-08-30,1000,912,0.912,912,0.004107490578786948,0.008043921218436044,1.5582077538598687e-17,0.9999999999999996,-3.3555299029202414,4.784543138217766
2023-08-31,1000,909,0.909,909,-0.04416218361628534,-0.02757490026821441,-1.563350353707591e-17,1.0000000000000007,-2.8966153331943794,4.968328318362596
2023-09-01,1000,907,0.907,907,-0.045723305301872845,-0.07199256887508342,-1.9584970665934405e-18,0.9999999999999998,-2.977813053687042,4.785454136143072
2023-09-04,1000,910,0.91,910,-0.02477048255247207,-0.057082498739400606,-1.3664283380001927e-17,1.0000000000000009,-2.882617723693105,4.725541435747666
2023-09-05,1000,911,0.911,911,-0.006294620947124594,-0.06810019339016578,1.1699386428541715e-17,0.9999999999999999,-3.024773787286018,4.436334126452643
2023-09-06,1000,913,0.913,913,-0.02921045520138893,-0.04891761792263595,-1.1673757980724537e-17,0.9999999999999998,-2.9105114797570106,4.32715306105507
2023-09-07,1000,911,0.911,911,-0.03823227665390566,-0.07149144199174427,-1.1699386428541715e-17,1.0,-2.870968755619923,4.2007605621487825
2023-09-08,1000,909,0.909,909,-0.01573432638388547,-0.03524440461513477,2.5404443247748358e-17,0.9999999999999984,-2.8978749459551105,4.472073403531123
2023-09-11,1000,910,0.91,910,0.03746456380056273,0.020665370983318502,-2.3424485794289017e-17,1.0000000000000007,-3.0024691872867644,3.9474800558031555
2023-09-12,1000,910,0.91,910,0.08620080687202782,0.062246810707364646,1.5616323862859345e-17,1.0,-3.0796342810235062,4.411109300543475
2023-09-13,1000,909,0.909,909,0.06256916319831701,0.02091196205123582,2.5404443247748358e-17,0.9999999999999993,-2.8603055249672704,4.3496574952592395
2023-09-14,1000,910,0.91,910,0.05531409589075921,0.013512304350308197,3.9040809657148365e-17,1.0,-3.0683915160275834,4.618522493476117
2023-09-15,1000,912,0.912,912,0.04176484846933414,0.01787685331123052,-5.843279076974508e-18,0.9999999999999993,-3.3808598036335855,4.315634421006555
2023-09-18,1000,911,0.911,911,0.043780183899676736,0.03709467362900308,-1.949897738090286e-18,1.0,-3.1373970338273383,4.047268566991592
2023-09-19,1000,911,0.911,911,0.043484706796243874,0.0054156703960014495,-3.899795476180572e-18,0.9999999999999991,-2.806588910395497,4.032543858584082
2023-09-20,1000,911,0.911,911,0.023422409168968903,-2.650593394255423e-06,2.339877285708343e-17,1.0000000000000007,-2.722437916427806,4.081230325729116
2023-09-21,1000,911,0.911,911,-0.011566998779466564,-0.05686793004750215,7.799590952361144e-18,0.9999999999999997,-2.680959170295202,4.149608340490711
2023-09-22,1000,910,0.91,910,0.006485021248818985,-0.008340260028653238,7.808161931429672e-18,1.0,-2.7091131235816954,4.400784780150079
2023-09-25,1000,909,0.909,909,-0.01221790518935864,-0.017350540548545314,1.954187942134489e-18,0.9999999999999994,-3.007512388426107,4.305734043668805
2023-09-26,1000,909,0.909,909,-0.06442583369880697,-0.07355845438056065,3.908375884268978e-18,1.0000000000000004,-3.1632100104176506,4.314874330897494
2023-09-27,1000,907,0.907,907,-0.03392769338508508,-0.033268105506547366,0.0,1.0000000000000004,-2.800425549332517,3.9151742521910493
2023-09-28,1000,907,0.907,907,-0.021124491181181836,-0.036220315583549885,1.1750982399560643e-17,1.0000000000000007,-2.7211587533420074,3.9454588523660097
2023-10-09,1000,908,0.908,908,-0.0460887045896261,-0.08834959441180831,-1.5650721051984587e-17,0.9999999999999999,-2.757084843688833,3.879589509483234
2023-10-10,1000,907,0.907,907,-0.031969594979380574,-0.08606822617036484,2.937745599890161e-17,1.0000000000000007,-2.5073110675496157,3.8354576678267476
2023-10-11,1000,907,0.907,907,-0.03336294062019324,-0.0642607255393018,1.3709479466154082e-17,1.0000000000000002,-2.5914890695989605,3.930015782807847
2023-10-12,1000,907,0.907,907,-0.004911626502608194,-0.019991885616625835,3.916994133186881e-18,0.9999999999999993,-2.6103954913494647,3.911042855857787
2023-10-13,1000,908,0.908,908,-0.013036578835654315,-0.0456350649336713,0.0,0.9999999999999999,-2.526049250149736,3.845877887543027
2023-10-16,1000,907,0.907,907,-0.04197150085153802,-0.08162139645897244,-1.1750982399560643e-17,1.0,-2.670609455448672,3.8631433298656
2023-10-17,1000,909,0.909,909,-0.05384685218279348,-0.10152688006949306,-3.908375884268978e-18,0.9999999999999996,-2.712878122084209,3.4990202322139954
2023-10-18,1000,909,0.909,908,-0.08901277123200672,-0.15767520794783094,-1.954187942134489e-18,1.0000000000000002,-2.5416517102295946,3.7545583120478043
2023-10-19,1000,907,0.907,906,-0.04588091270195131,-0.12039970608185899,-1.5667976532747524e-17,1.0000000000000002,-2.6620467064657287,3.589261238469646
2023-10-20,1000,907,0.907,906,-0.06074970189876641,-0.13072935293304147,1.3709479466154082e-17,1.0000000000000004,-2.7855666213637553,3.6864240139812914
2023-10-23,1000,903,0.903,903,-0.10071108152199837,-0.15741415095026498,0.0,1.0,-2.8295880243470273,3.6042535101409108
2023-10-24,1000,905,0.905,905,-0.10619153343417514,-0.15956966102277834,-3.9256504738127085e-18,0.9999999999999991,-2.647572102835465,3.7259241353858394
2023-10-25,1000,909,0.909,909,-0.0877967640762369,-0.15201490381039856,0.0,1.0000000000000002,-2.6176973656048688,3.741709694002871
2023-10-26,1000,908,0.908,908,-0.07382049220811648,-0.15086747082353857,-1.9563401314980734e-18,1.0,-2.6940180323075196,4.108801651671483
2023-10-27,1000,912,0.912,912,0.03046340988871909,-0.04898807983016464,-1.7529837230923523e-17,1.0,-2.8865816011754117,3.692359820677999
2023-10-30,1000,911,0.911,911,0.0617051906603363,0.00612409186024701,1.949897738090286e-18,1.0000000000000007,-2.8653019456942626,4.386752559470969
2023-10-31,1000,912,0.912,912,0.09555390894549362,0.009727093476433695,-6.817158923136926e-18,1.0000000000000007,-2.738826482317956,4.710465566564769
2023-11-01,1000,912,0.912,911,0.13967261655199223,0.0455955701998886,6.817158923136926e-18,1.0000000000000002,-2.909814059142782,5.144341637904247
2023-11-02,1000,913,0.913,912,0.09612724625186332,0.03717584291587588,5.35047240783208e-18,1.0,-2.9549783818492497,4.776773727469597
2023-11-03,1000,911,0.911,909,0.10084076022379697,0.0777604269517532,5.8496932142708576e-18,1.0000000000000007,-2.833117804756862,5.083696494997998
2023-11-06,1000,911,0.911,909,0.10799795000263607,0.09051857840434434,1.0724437559496573e-17,0.9999999999999987,-2.832316745175767,5.315606919206472
2023-11-07,1000,912,0.912,910,0.07592144703873568,0.07618338423010869,3.895519384649672e-18,0.9999999999999986,-2.7798888635364674,4.856182369145591
2023-11-08,1000,912,0.912,910,0.001015195708865675,0.0131419815293014,-3.895519384649672e-18,1.0000000000000002,-3.2454551077981337,4.9240405762827875
2023-11-09,1000,911,0.911,910,0.0378150063869596,0.041811458294746584,-2.7298568333264003e-17,1.0000000000000004,-3.1905293833090975,5.263409131081074
2023-11-10,1000,910,0.91,909,0.043806878186525317,0.045988360356800456,-7.808161931429672e-18,1.0000000000000009,-3.1420895329617142,5.566638942059059
2023-11-13,1000,911,0.911,910,0.05447757772818868,0.05028915283942453,-1.5599181904722288e-17,1.000000000000001,-2.938218957548922,5.838770002677789
2023-11-14,1000,912,0.912,912,0.04072301457864033,0.057742708742300794,7.791038769299344e-18,0.9999999999999998,-2.9601173618666086,5.4498653789460025
2023-11-15,1000,914,0.914,913,0.0333010943374015,0.05156372476532451,1.166098581663184e-17,1.000000000000001,-3.1209028209883,5.393909554241975
2023-11-16,1000,913,0.913,913,-0.015085241319703294,0.010542004567891195,7.782505320483025e-18,0.9999999999999996,-3.3702517834087464,5.283001825799105
2023-11-17,1000,913,0.913,912,0.014397979632978406,0.043645662492495345,-2.2374702796388697e-17,0.9999999999999991,-3.1479708260404724,5.137756711866476
2023-11-20,1000,911,0.911,910,0.045119254074423264,0.09889555885471346,-1.2674335297586859e-17,0.9999999999999994,-3.0656721280028107,5.04016996373322
2023-11-21,1000,913,0.913,912,0.05600450831152869,0.0810794384012535,1.1673757980724537e-17,0.9999999999999994,-3.185035791143478,4.861484176311797
2023-11-22,1000,913,0.913,913,0.06620757790838107,0.0848764551003259,-2.7238768621690587e-17,1.000000000000001,-3.138136650507107,5.019908348804538
2023-11-23,1000,913,0.913,913,0.0681152614892815,0.07742724313387657,3.11300212819321e-17,1.0000000000000002,-3.1299513592166903,4.956613847962844
2023-11-24,1000,913,0.913,913,0.0684669050405001,0.05750742917841059,-3.11300212819321e-17,1.0,-2.979384083903168,5.321741622748213
2023-11-27,1000,912,0.912,912,0.08053857128420808,0.05154813966242152,6.232831015439475e-17,1.0,-3.1189076375959845,5.585134075318994
2023-11-28,1000,913,0.913,913,0.09741955831354837,0.059460776108317556,0.0,0.9999999999999997,-3.007337850153395,5.522856351288021
2023-11-29,1000,913,0.913,912,0.08035448531492861,0.07508165191035435,2.7238768621690587e-17,0.9999999999999991,-3.0986446019821585,5.358111037706819
2023-11-30,1000,911,0.911,911,0.009479533222072338,-0.013944526940643362,2.242382398803829e-17,1.0000000000000009,-3.0274721952530705,4.975525193974506
2023-12-01,1000,912,0.912,911,0.025084318671559424,0.015722480929563378,-1.3634317846273851e-17,1.0000000000000004,-2.9678479765795474,4.73040567589067
2023-12-04,1000,912,0.912,912,0.005625066876722251,-0.0013203021034154138,-3.5059674461847047e-17,0.9999999999999988,-2.741506954615827,5.3177525996102215
2023-12-05,1000,911,0.911,910,-0.013066182662912202,-0.012435010642582723,-5.167229005939258e-17,0.9999999999999994,-2.6853200831224187,5.4912815167407025
2023-12-06,1000,910,0.91,910,0.0175102212642697,0.01891206437975291,-5.953723472715125e-17,0.9999999999999997,-2.4095649309658524,5.3808762194445325
2023-12-07,1000,910,0.91,910,-0.02397677437255465,0.007119430769118199,3.025662748428998e-17,0.9999999999999999,-2.317060484917203,4.486938769706745
2023-12-08,1000,907,0.907,907,-0.0012375915542609528,-0.004899694163041354,-4.308693546505569e-17,1.0000000000000007,-2.6082105512301803,4.476514415936595
2023-12-11,1000,907,0.907,907,-0.021384697913248433,-0.032592544213335635,-1.5667976532747524e-17,1.0000000000000002,-2.5432999342497515,4.412423675703519
2023-12-12,1000,908,0.908,908,-0.04612172416856711,-0.0472535775449447,3.1301442103969174e-17,0.9999999999999996,-2.446635723954623,4.633153370605204
2023-12-13,1000,909,0.909,908,-0.051126294087559594,-0.05113510350948788,3.908375884268978e-17,0.9999999999999996,-2.5778129179296037,4.488909904753042
2023-12-14,1000,909,0.909,909,-0.05179431871902446,-0.04605759477040592,5.0808886495496716e-17,0.9999999999999996,-2.3612483845080234,4.583107503548746
2023-12-15,1000,910,0.91,909,-0.08288490179709458,-0.04905422184188889,3.9040809657148365e-17,0.9999999999999994,-2.5686378549879287,4.70281840401915
2023-12-18,1000,906,0.906,906,-0.12330045840458381,-0.07394945531311539,-1.9606587631349344e-17,0.9999999999999996,-2.57405033524496,4.665982194028523
2023-12-19,1000,905,0.905,905,-0.10416851784532805,-0.07391581355375237,1.962825236906354e-17,1.0000000000000009,-2.5942308620703574,4.440628699206662
2023-12-20,1000,902,0.902,902,-0.11218974748511237,-0.07578245244018672,9.452896706342796e-17,1.0000000000000002,-2.8453174904689966,4.727465740529148
2023-12-21,1000,903,0.903,903,-0.14860787523786517,-0.0879772609767492,7.475255802570268e-17,1.0,-2.7168532504415297,5.104875671205411
2023-12-22,1000,904,0.904,904,-0.13532586591618237,-0.08269939232975836,-1.5719972030090712e-17,1.0000000000000002,-2.7158259475312474,4.758983480082359
2023-12-25,1000,903,0.903,903,-0.15387878538356817,-0.1019313621882223,3.540910643322758e-17,0.9999999999999987,-2.572332807420743,5.037364935744582
2023-12-26,1000,899,0.899,899,-0.1446472433008863,-0.10652685986378853,4.3470356470306465e-17,1.0,-2.738129410116536,4.873106360009945
2023-12-27,1000,901,0.901,901,-0.16968400128265002,-0.15609282483185488,5.914617667259435e-18,0.9999999999999998,-2.435481374830414,4.866816510422443
2023-12-28,1000,906,0.906,906,-0.08737358282594902,-0.06140925224996131,-8.038700928853231e-17,1.000000000000001,-2.614923546664782,4.678186173531898
2023-12-29,1000,905,0.905,904,-0.0806928790677627,-0.04299361993616034,-3.4349441645861195e-17,1.0000000000000004,-2.8619848326846946,4.451983646666762
2024-01-02,1000,906,0.906,905,-0.06896773240643418,-0.04327720543009772,1.2744281960377073e-17,0.9999999999999997,-3.2382317928473703,4.220910167462885
2024-01-03,1000,906,0.906,905,-0.03534793238807748,-0.01667106902322791,-3.529185773642882e-17,1.0000000000000009,-3.1759027472149195,4.137858406557346
2024-01-04,1000,903,0.903,901,-0.052800185703846154,-0.03928133639967534,6.688386770720766e-17,1.0000000000000002,-3.264460383978214,3.93518081187509
2024-01-05,1000,902,0.902,900,-0.036646375245893315,-0.022101953394197217,7.286607877805906e-17,0.9999999999999992,-3.6984432041569484,3.935795108734325
2024-01-08,1000,900,0.9,900,-0.05021309178603836,-0.029851995947748042,1.0263395072090336e-16,0.9999999999999992,-3.750364350377488,4.103323145496026
2024-01-09,1000,898,0.898,898,-0.0742199613159273,-0.04514887611915514,-3.165001050156348e-17,1.0,-3.3415856621629136,4.484962218463973
2024-01-10,1000,898,0.898,898,-0.07635772998541798,-0.043578789960765175,-8.703752887929957e-17,0.9999999999999993,-3.6784219225197665,4.133563918420053
2024-01-11,1000,902,0.902,901,-0.08422619195242134,-0.027950229152264694,5.908060441464247e-17,1.0000000000000002,-3.494565595734665,4.733216399507864
2024-01-12,1000,900,0.9,900,-0.04895729488919307,-0.009669641647044352,9.079157179156836e-17,0.9999999999999998,-3.5350591784146803,4.1289414457240605
2024-01-15,1000,900,0.9,900,-0.05008902667647492,-0.009807625357624928,2.3684757858670008e-17,1.0,-3.8630285185655975,4.230499132201361
2024-01-16,1000,898,0.898,898,-0.051149119038964144,-0.015185350688060867,7.319064928486555e-17,1.0000000000000004,-3.8146836401307187,4.514282062973522
2024-01-17,1000,895,0.895,895,-0.03963601812643211,-0.013709873781149294,-4.366463739307878e-17,0.9999999999999999,-3.7074542037032043,4.227281077716531
2024-01-18,1000,896,0.896,896,-0.01651429980216614,-0.001058629945207588,6.145877457746403e-17,0.9999999999999999,-3.0113168665034675,4.098133119494745
2024-01-19,1000,893,0.893,893,-0.04011424787500383,-0.02900197733382209,6.36544444129989e-17,1.0000000000000002,-3.0202887608075804,4.1716947363953345
2024-01-22,1000,888,0.888,888,-0.02940897437719161,-0.051600830702458376,2.000401846171453e-17,0.9999999999999997,-3.0075104216548647,3.971760791106659
2024-01-23,1000,889,0.889,889,-0.013222944444402461,0.011066443228477035,-2.7974123455122054e-17,1.0000000000000004,-2.9952920490335884,4.142091623225004
2024-01-24,1000,896,0.896,896,-0.03448536883935432,-0.023730363676723605,7.93016446160826e-18,1.0,-2.6602921802170783,4.201477039103178
2024-01-25,1000,903,0.903,903,-0.004556899237573377,-0.0013289314196378655,-3.540910643322758e-17,1.0,-2.562641993256526,4.3327024148807975
2024-01-26,1000,903,0.903,903,0.026312165751695395,0.01236733847143963,1.5737380636990037e-17,1.0000000000000004,-2.308809767625731,4.095810642602097
2024-01-29,1000,899,0.899,898,0.03745019307225346,0.0324026567986211,1.5807402352838714e-17,1.0,-2.474216231044008,4.256731915624003
2024-01-30,1000,895,0.895,895,0.025505770299403794,0.021992084952423614,5.557317486391845e-17,0.9999999999999989,-2.6316928954514562,4.036971424682974
2024-01-31,1000,883,0.883,883,0.0008440463702687207,-0.006962441801901018,-1.2070374899661951e-17,1.0,-2.6956180724333985,3.786045140738158
2024-02-01,1000,883,0.883,882,0.0059721194199964574,0.013346021285066683,0.0,1.0000000000000004,-2.7137421003846174,3.6934962668082423
2024-02-02,1000,879,0.879,879,-0.09061510711674607,-0.13536806155649544,3.637590797406656e-17,0.9999999999999996,-2.7844552042772386,3.5830961577807665
2024-02-05,1000,870,0.87,870,-0.13072668230912154,-0.20292348121754814,0.0,1.0000000000000009,-2.5624334007552236,3.8531620328784904
2024-02-06,1000,876,0.876,876,-0.0545505403088055,-0.1404028109688353,-1.2166827667125003e-17,0.9999999999999999,-2.7000482086619564,3.7659252313144997
2024-02-07,1000,874,0.874,874,0.04394872772724465,-0.061729048287729925,1.6259559170711675e-17,0.9999999999999996,-2.7452472225091764,3.709896179262639
2024-02-08,1000,884,0.884,883,0.047728742190302244,-0.028559965546283823,0.0,0.9999999999999992,-2.6514078529701126,3.9584258565427457
2024-02-19,1000,886,0.886,885,-0.02764708847907422,-0.09355725595019869,2.0049174259596507e-17,1.0000000000000007,-2.5734924165424182,3.876163127472318
2024-02-20,1000,888,0.888,886,-0.06459167148663164,-0.13062964575491176,8.001607384685813e-18,0.9999999999999989,-2.82891028406698,3.8124412953379383
2024-02-21,1000,888,0.888,886,-0.04262133197881708,-0.1007857699105181,8.001607384685813e-18,1.0000000000000002,-2.722158818605819,3.8755893490043705
2024-02-22,1000,891,0.891,889,-0.03773902068600569,-0.08689920088721026,7.974665945680137e-18,0.9999999999999992,-2.8959482698273886,3.743224669150507
2024-02-23,1000,891,0.891,889,0.001047325243389052,-0.026344056253949116,7.974665945680137e-18,0.9999999999999996,-2.825022862090741,3.9153194119779955
2024-02-26,1000,892,0.892,891,0.03233417024316586,0.03550759223150678,7.965725737220854e-18,1.0000000000000002,-2.641477553688706,3.6959256535517273
2024-02-27,1000,893,0.893,893,0.057986459667026834,0.08295601746892522,-9.946006939531078e-17,0.9999999999999999,-2.5658628353271937,3.8311410950983964
2024-02-28,1000,891,0.891,891,0.029782788924839057,0.05000308865351693,-2.392399783704041e-17,0.9999999999999986,-2.409591416350583,4.071404851767457
2024-02-29,1000,892,0.892,892,0.002639261945670633,0.04935935332412757,-7.169153163498768e-17,1.0000000000000009,-2.6293042457181097,3.9349447479831268
2024-03-01,1000,892,0.892,892,0.029751581731794815,0.06471502211693458,4.3811491554714695e-17,1.0,-2.7626960389693838,3.7501353194375664
2024-03-04,1000,891,0.891,891,-0.01571631383933654,0.01802866648903215,1.1961998918520205e-17,1.0000000000000002,-2.87840668758313,3.6268756502974204
2024-03-05,1000,892,0.892,892,0.013253389368138448,0.04272075845711542,1.5931451474441708e-17,1.0,-3.020062189112974,3.8168608235780632
2024-03-06,1000,891,0.891,891,0.05849434848023371,0.07969157986961134,-2.392399783704041e-17,1.0,-2.963338042302857,3.4494038403732423
2024-03-07,1000,890,0.89,890,0.07683775797454627,0.12502233345808655,8.781988868945058e-17,1.000000000000001,-2.8975921333963797,3.6268831554636014
2024-03-08,1000,890,0.89,890,0.029242784005295685,0.05581304700455332,2.5547603982385627e-16,0.9999999999999994,-3.1977600258888175,4.1458433465045825
2024-03-11,1000,893,0.893,893,0.17353470353484396,0.19629362694668134,1.8300652768737182e-16,1.0000000000000004,-3.1961255661288335,3.645158578969909
2024-03-12,1000,897,0.897,897,0.2919052949618632,0.30665277505441507,-1.901117687652442e-16,0.9999999999999999,-3.4248169189738937,3.893905699103851
2024-03-13,1000,894,0.894,894,0.3008873341644547,0.30418446115763015,1.1127067450381882e-16,1.0000000000000002,-3.319581045897527,3.903229410570886
2024-03-14,1000,893,0.893,892,0.33874113029910047,0.35229414211290166,-7.558965274043619e-17,1.000000000000001,-2.95847133122964,3.9162155933623675
2024-03-15,1000,897,0.897,897,0.4033238134764989,0.40938043876843866,9.50558843826221e-17,1.0000000000000002,-3.1748276043641837,3.7521038554490036
2024-03-18,1000,898,0.898,898,0.39862932268609186,0.3995652358483297,-2.650688379505942e-16,1.0000000000000009,-3.8168563133950344,3.63662973557589
2024-03-19,1000,896,0.896,895,0.4047916863033988,0.409351611579789,-1.3481279584734043e-16,1.0000000000000002,-3.70242122919343,3.7966881006219704
2024-03-20,1000,896,0.896,896,0.40389474439563083,0.41016007747993544,-1.3877787807814457e-16,1.0,-3.4175353168105786,3.7057242753606516
2024-03-21,1000,898,0.898,898,0.3845859959432234,0.3846236284463979,8.703752887929957e-17,1.0000000000000004,-3.4320512107933934,3.80556688209274
2024-03-22,1000,895,0.895,895,0.306839476955069,0.3155965654874806,1.0320732474727712e-16,0.9999999999999994,-3.568430076858938,3.885091240843799
2024-03-25,1000,895,0.895,894,0.2845907446908639,0.3015431782843247,-1.8259757455287491e-16,0.9999999999999992,-3.515295845024528,3.6462671251200387
2024-03-26,1000,897,0.897,896,0.24828251682976113,0.2658164023779469,3.960661849275921e-18,1.0000000000000002,-3.5075803097832168,3.770032921001436
2024-03-27,1000,889,0.889,889,0.2108854086198391,0.21264054428369777,-2.477708077453668e-16,1.0000000000000002,-3.610218632446984,3.8581912156266145
2024-03-28,1000,894,0.894,887,0.17784848652367433,0.18912221493951517,-8.543998220828945e-17,1.0000000000000002,-3.373510928190616,3.7202737445449836
2024-03-29,1000,894,0.894,893,0.13870824967689552,0.15626989926760454,-1.7882786973828024e-16,0.9999999999999991,-3.1305324981488085,3.7925949149925198
2024-04-01,1000,898,0.898,897,0.15808413786705228,0.17501666955686165,-1.3055629331894936e-16,1.0000000000000009,-3.0589206461021132,3.537146278765031
2024-04-02,1000,900,0.9,899,0.11517719553274962,0.11521889892960152,3.552713678800501e-17,1.0,-3.0667346020271085,3.5590581569449644
2024-04-03,1000,902,0.902,901,0.07457064189055884,0.08051040680386205,-7.089672529757097e-17,1.0000000000000002,-3.161790446319129,3.7044651674035456
2024-04-08,1000,895,0.895,894,0.0367078516239399,0.05840329457018622,2.7786587431959225e-16,0.9999999999999994,-3.2330961819666855,3.775157936365942
2024-04-09,1000,899,0.899,897,0.10209068859325769,0.12768598942227344,1.462184717637581e-16,0.9999999999999999,-3.138569511874376,4.352651572517589
2024-04-10,1000,898,0.898,897,0.09240591044431887,0.10617172939057648,1.0286253413008132e-16,0.9999999999999991,-3.1548478333189656,4.3156670134085955
2024-04-11,1000,900,0.9,899,0.05388112827840002,0.0672934240231771,3.157967714489334e-17,1.0000000000000016,-3.0482814785681023,4.548330866103063
2024-04-12,1000,896,0.896,895,0.03459769775171189,0.054658769305915414,2.1807952269422717e-16,0.9999999999999993,-2.857463924424307,4.163078382053012
2024-04-15,1000,894,0.894,894,-0.07253132981935151,-0.07451748034757541,-5.960928991276008e-18,1.0,-3.1746798369321656,3.7531020442219525
2024-04-16,1000,884,0.884,882,-0.11281943237981443,-0.12635784560806781,2.1300206445297122e-16,1.0,-3.5923344109358877,4.277309132574583
2024-04-17,1000,894,0.894,893,-0.07387653180083777,-0.08781341611487742,0.0,1.0,-3.381360065782932,4.1475564088136245
2024-04-18,1000,895,0.895,895,-0.0846017418347023,-0.09688971315605988,1.0717683723755701e-16,0.9999999999999999,-3.15060159340288,4.446567755645322
2024-04-19,1000,891,0.891,891,-0.08063088113658444,-0.13580459654237573,1.515186529679226e-16,1.0,-3.0812077750451943,4.972420989121154
2024-04-22,1000,888,0.888,888,-0.04159339419243613,-0.08643288329302046,-8.801768123154394e-17,0.9999999999999984,-2.979615850697474,4.872663071847625
2024-04-23,1000,889,0.889,889,-0.061103046247495844,-0.07543307270118524,1.0390388711902478e-16,1.0000000000000002,-2.762882312229385,4.970084417536979
2024-04-24,1000,890,0.89,889,-0.0772656046705774,-0.07334168981839395,3.1934504977982034e-17,0.9999999999999994,-2.881990287590307,4.52719007290708
2024-04-25,1000,889,0.889,888,-0.05638292843691771,-0.05459529354029129,-2.7974123455122054e-17,1.0000000000000002,-2.6714845140493235,4.437146968441667
2024-04-26,1000,898,0.898,898,-0.06006346175249393,-0.06189180624029353,8.703752887929957e-17,1.0000000000000007,-2.6250956366116363,4.436651491185133
2024-04-29,1000,901,0.901,896,-0.039324974077088126,-0.028394879638259478,3.154462755871699e-17,1.0000000000000002,-2.585416028546207,4.679120055766525
2024-04-30,1000,894,0.894,894,-0.033236446216622105,-0.034917451827118307,-5.960928991276008e-18,0.9999999999999992,-2.547061449798433,4.4699816705990285
2024-05-06,1000,901,0.901,901,-0.019215477598624034,0.0002456743424784521,-1.3012158867970758e-16,0.9999999999999996,-2.704981998032541,4.592010154222907
2024-05-07,1000,900,0.9,900,0.009153695037213876,0.03232440217960928,-2.7632217501781673e-17,0.9999999999999993,-2.6479637711280706,4.242294023447656
2024-05-08,1000,899,0.899,899,-0.0013992819750374694,0.018911873697095377,-4.7422207058516144e-17,0.9999999999999999,-2.608060127290173,4.264085905449983
2024-05-09,1000,899,0.899,899,0.04170216021952031,0.051039679332874524,-4.5446281764411305e-17,0.9999999999999996,-2.624684927544488,4.1158778308244
2024-05-10,1000,900,0.9,899,0.005897720561850815,0.01173138025779184,-7.894919286223335e-18,0.9999999999999999,-2.529931820643504,4.2233316308595175
2024-05-13,1000,897,0.897,897,-0.035085316066853646,-0.02435920622597788,-3.960661849275921e-18,1.0000000000000002,-2.3648362563259524,4.127141135552351
2024-05-14,1000,898,0.898,898,-0.03184358323463218,-0.04260370354472804,3.165001050156348e-17,1.0000000000000002,-2.8322737351579126,4.215227402050246
2024-05-15,1000,899,0.899,899,-0.0012349052198331152,-0.04442871872165442,5.137405764672582e-17,1.0,-3.2372051657600527,4.230220291480183
2024-05-16,1000,899,0.899,899,0.04140961174711477,-0.003029498267189141,2.3711103529258072e-17,1.0,-2.739391807015943,3.9983328779000344
2024-05-17,1000,904,0.904,902,0.06189105439674645,0.049752554030002234,0.0,1.0000000000000007,-2.5431604241205137,4.526240026531381
2024-05-20,1000,899,0.899,899,0.0584353191929582,0.04096715595871315,0.0,1.0000000000000007,-2.431860037983504,4.403532824475451
2024-05-21,1000,899,0.899,899,0.04714836548450098,0.05100730602677109,1.1855551764629036e-17,0.9999999999999997,-2.440396196136759,4.715655807424342
2024-05-22,1000,900,0.9,900,0.1469882749990063,0.182874959786987,3.947459643111668e-18,0.9999999999999999,-2.6966326573731574,4.517736069801406
2024-05-23,1000,894,0.894,894,0.1266162239578894,0.17444004728195855,6.755719523446142e-17,0.9999999999999999,-2.643132646931358,4.47193089914522
2024-05-24,1000,894,0.894,894,0.13295422757461073,0.16408562538706528,-1.986976330425336e-18,0.9999999999999999,-2.683893250143335,4.388281650423526
2024-05-27,1000,895,0.895,895,0.14164616708927485,0.1695380681125204,-5.954268735419834e-17,0.9999999999999998,-2.8064655244062306,4.5315824114945285
2024-05-28,1000,893,0.893,893,0.10278622345515945,0.12639382392876594,1.5913611103249724e-17,1.0000000000000007,-3.0829778347619587,4.374364660408121
2024-05-29,1000,892,0.892,892,0.09089124934016928,0.11036283177499023,-3.982862868610427e-17,0.9999999999999998,-3.2060770659489544,4.342799251619037
2024-05-30,1000,890,0.89,890,0.12815923147609304,0.14836708634253154,7.983626244495508e-18,1.0000000000000002,-3.113145208056618,4.182837841591495
2024-05-31,1000,887,0.887,887,0.18722713279489323,0.22295792036379164,-4.005314181285796e-18,0.9999999999999991,-3.238130450404562,4.197921653729152
2024-06-03,1000,885,0.885,885,0.1496538240511339,0.18456382105880578,3.612929164881865e-17,0.9999999999999991,-3.1474512817470806,3.969650195827368
2024-06-04,1000,881,0.881,881,0.07487345696862702,0.09355091102087595,-1.6130368575711695e-17,0.9999999999999993,-2.976027608550387,4.0479740072273716
2024-06-05,1000,879,0.879,879,0.11902525729988865,0.14466623782802845,8.083535105348125e-18,1.000000000000001,-3.0817619608233984,3.97395557090254
2024-06-06,1000,878,0.878,877,0.06788657080908844,0.09373987704685627,1.2139112797723807e-17,0.9999999999999993,-2.864985967650889,4.105476592667027
2024-06-07,1000,880,0.88,879,0.11263216806313697,0.1420893717974231,1.2111523905001707e-17,0.9999999999999994,-2.993999163265875,4.037706636701055
2024-06-11,1000,876,0.876,876,0.1732407487086231,0.19753275147513544,-2.0278046111875004e-17,0.9999999999999997,-2.949425265131613,4.124546410974773
2024-06-12,1000,877,0.877,877,0.17959546154931394,0.2124748886162161,4.861181772589055e-17,1.0000000000000009,-3.0846657624801184,4.275013083392426
2024-06-13,1000,873,0.873,873,0.16524612017137058,0.18029037816222593,1.6278184095305847e-17,0.9999999999999999,-3.1083175897918522,4.395414239356345
2024-06-14,1000,875,0.875,875,0.13474618777294184,0.1645064841435168,-4.0602442043434296e-17,0.9999999999999998,-2.9536675202101237,4.084302300716378
2024-06-17,1000,873,0.873,873,0.13581675443590452,0.16683538774636364,-1.6278184095305847e-17,1.0000000000000002,-2.8801633130175364,3.837245402822765
2024-06-18,1000,874,0.874,874,0.10349373246784078,0.12985955758899517,-2.845422854874543e-17,0.9999999999999996,-3.243256205184528,3.8354424637997004
2024-06-19,1000,872,0.872,872,0.05110949563472362,0.08758876104343923,-4.481634227844669e-17,1.0000000000000004,-2.9633536326192886,3.9552391965991607
2024-06-20,1000,871,0.871,871,0.012810846765852958,0.06888611241354554,3.6710015050751446e-17,0.9999999999999999,-3.01584241703188,4.493844755243138
2024-06-21,1000,872,0.872,872,-0.03521773357284176,0.016856152420391204,-4.481634227844669e-17,0.9999999999999999,-2.796551189195362,4.821385871404518
2024-06-24,1000,866,0.866,866,-0.0755251110898056,-0.035926349908258694,1.640976295057968e-17,1.0000000000000004,-2.8362266687223623,4.153677767338837
2024-06-25,1000,866,0.866,866,-0.1024725965190497,-0.06406626601038105,2.0512203688224602e-17,1.0000000000000002,-3.2323943907265473,4.387395644220137
2024-06-26,1000,870,0.87,870,-0.016726316870233852,0.03692516563545663,-8.575515776415002e-17,0.9999999999999994,-3.0874616980455776,4.550317672040846
2024-06-27,1000,870,0.87,870,-0.060606396480750786,-0.0061194517878274905,3.266863152920001e-17,1.0000000000000004,-3.1784622387313233,4.332949789395046
2024-06-28,1000,868,0.868,868,-0.07605019823933294,-0.031052821647761505,7.367378596590901e-17,1.0000000000000009,-3.1615989022375284,4.533877539162743
2024-07-01,1000,869,0.869,869,-0.10242735692694588,-0.0811302481151107,0.0,0.9999999999999996,-3.0180306566183073,4.39108479371054
2024-07-02,1000,869,0.869,868,-0.11211289307289253,-0.08628299781991301,4.9059337336715775e-17,0.9999999999999996,-2.970064723153016,4.439646274074368
2024-07-03,1000,868,0.868,866,-0.0936221257295213,-0.07463886350527904,4.9115857310606007e-17,0.9999999999999994,-2.8034913462781286,4.268956931494998
2024-07-04,1000,863,0.863,861,-0.11693145431346502,-0.12111303391936698,2.8816912806029554e-17,1.0,-2.7776462775029076,4.006290468695887
2024-07-05,1000,861,0.861,859,-0.15942480366502115,-0.1514294266932069,-1.3616672636517598e-16,1.0000000000000002,-2.9493031053617975,3.6023130743790466
2024-07-08,1000,853,0.853,852,-0.17594582867476727,-0.16967987770413112,1.082890453092767e-16,1.0000000000000004,-2.860638248041655,3.9550711393474307
2024-07-09,1000,851,0.851,850,-0.19764993616256005,-0.18967879369304158,3.75727651106986e-17,1.000000000000001,-2.7384985904597197,3.856788538798418
2024-07-10,1000,847,0.847,846,-0.17434671148226133,-0.17159681685333938,-6.291700729871018e-17,1.0000000000000016,-2.7396403801374354,3.517212077093588
2024-07-11,1000,855,0.855,854,-0.12515991726979267,-0.113537558304658,1.2465662030878951e-17,1.0000000000000004,-2.8075920437871797,3.7185651123125427
2024-07-12,1000,857,0.857,856,-0.11807289041788704,-0.08445145001358019,-6.218285318787341e-17,0.9999999999999996,-2.5174391511520313,4.19846990614705
2024-07-15,1000,854,0.854,853,-0.13068108376177745,-0.09234941960441197,-1.2480258824826116e-17,0.9999999999999991,-2.6072956821310274,4.242504649369824
2024-07-16,1000,852,0.852,851,-0.12469692732473932,-0.0821559787124832,0.0,1.0000000000000004,-2.5290149393215593,4.221386210161292
2024-07-17,1000,853,0.853,853,-0.08254844571748035,-0.061633674160707703,8.329926562252053e-18,0.9999999999999997,-2.617188430430018,3.9488347375240314
2024-07-18,1000,852,0.852,852,-0.09464900253135398,-0.094320978072721,-6.671762777090143e-17,1.0,-2.768932852623878,3.8455069029098032
2024-07-19,1000,850,0.85,850,-0.059207038319790635,-0.05578512785274837,-4.597629466683001e-17,0.9999999999999996,-2.7501240989955993,4.401829439919995
2024-07-22,1000,845,0.845,845,-0.09666914570724755,-0.0775432222973746,-4.204394886154439e-17,0.9999999999999997,-2.5524456367719215,4.3840375097868645
2024-07-23,1000,842,0.842,842,-0.05837602982081639,-0.0612101895728946,-7.172937356248043e-17,1.0000000000000007,-2.6325385285423235,3.8677689563316604
2024-07-24,1000,836,0.836,835,-0.030522845987231775,-0.04812652300652303,-4.249657510526915e-17,1.0000000000000004,-2.6157875442974627,3.7455101943655924
2024-07-25,1000,839,0.839,838,0.018136981357033,0.013838473004507317,9.315816559429204e-17,0.9999999999999999,-2.502460358847133,3.828566000297983
2024-07-26,1000,843,0.843,842,0.04019199163952658,0.040518639966573004,0.0,1.0000000000000002,-2.638778436416398,3.891924824389706
2024-07-29,1000,841,0.841,840,-0.04830354840621175,-0.021146378448342506,1.689756803234483e-17,1.0000000000000002,-2.7156587562816386,4.333677965162067
2024-07-30,1000,839,0.839,837,-0.011901645344886089,0.04054609332267084,-2.964123450727474e-17,0.9999999999999999,-2.7804441270469633,4.292002555644036
2024-07-31,1000,845,0.845,842,0.01013669707848492,0.095251048773084,-4.204394886154439e-17,0.9999999999999999,-2.5354562842837174,4.549529362784423
2024-08-01,1000,842,0.842,841,-0.029400461327939525,0.023629947900875456,8.43874983088005e-18,1.0000000000000002,-2.4763194526652548,4.756958840799391
2024-08-02,1000,845,0.845,844,-0.014622096279901305,0.008614031406987927,2.785411612077316e-17,1.0000000000000002,-2.6855094570979126,4.454270970857984
2024-08-05,1000,847,0.847,844,0.04248528329484474,0.08517813524161076,-3.6701587590914267e-17,1.0,-2.7135848063235612,4.691549566796747
2024-08-06,1000,844,0.844,841,0.06706030646157381,0.10729019912272078,6.419299004941663e-17,0.9999999999999997,-2.642150824488716,5.201721554157677
2024-08-07,1000,845,0.845,843,0.02612158990669757,0.08381120321413237,1.1562085936924707e-16,1.0,-2.5490385751733013,5.9631336440158424
2024-08-08,1000,843,0.843,839,0.0007630862296375509,0.04371703280742791,5.426001021892817e-17,1.0000000000000002,-2.78559848698526,5.912469578873084
2024-08-09,1000,842,0.842,838,-0.02213106253175602,0.02609304512288681,5.274218644300031e-17,0.9999999999999997,-2.5172102195984336,5.498435201619131
2024-08-12,1000,844,0.844,840,-0.019600050356449805,0.0043244008988229735,6.314064595024587e-17,1.0000000000000004,-2.6876615843184184,5.466097523713866
2024-08-13,1000,844,0.844,840,-0.024820742306954986,0.009259113880132988,1.152316788591987e-16,0.9999999999999991,-2.725156170531742,5.888675798041777
2024-08-14,1000,847,0.847,843,-0.04471074231656578,-0.04997952172030973,-7.917056751754363e-17,0.9999999999999991,-2.865945929173326,5.6362604254001285
2024-08-15,1000,848,0.848,844,-0.05284987931497551,-0.036795001733951074,6.912709398609465e-17,0.9999999999999992,-3.0237205809401675,5.579975310422944
2024-08-16,1000,850,0.85,846,0.00823101903423126,0.00636521674039587,-4.806612624259501e-17,0.9999999999999999,-2.8557431361109544,5.176905234979042
2024-08-19,1000,851,0.851,849,-0.009242728877921125,-0.013070371678464145,-4.174751678966511e-17,1.0000000000000002,-3.0103363266221335,5.015501616199831
2024-08-20,1000,847,0.847,845,-0.06493883731173072,-0.06805756907029795,-1.3841741605716237e-16,0.9999999999999999,-2.8722503499874743,4.765680156401777
2024-08-21,1000,846,0.846,843,-0.08295908854687073,-0.06430706616205328,4.8293389250834234e-17,0.9999999999999991,-2.862554505806641,4.706239757110733
2024-08-22,1000,843,0.843,841,-0.0933615849871608,-0.09277951531302706,-1.0535924314354985e-17,1.0000000000000007,-2.877882931891655,4.784483902503967
2024-08-23,1000,842,0.842,840,-0.12190064238151929,-0.11597833002251917,-8.227781085108049e-17,1.000000000000001,-2.7683574290749733,4.6665084661323
2024-08-26,1000,847,0.847,845,-0.11952328223228656,-0.09982247920864248,2.5166802919484068e-17,0.9999999999999991,-2.646931550040531,4.597389267772598
2024-08-27,1000,847,0.847,845,-0.22146348078556144,-0.236841953086565,1.2583401459742034e-17,0.9999999999999994,-2.601700011090897,4.349576935132365
2024-08-28,1000,845,0.845,843,-0.2455340895869582,-0.2528302498677889,-1.1562085936924707e-17,1.0000000000000007,-2.5129105882463874,4.427340890990886
2024-08-29,1000,843,0.843,841,-0.21183006751975036,-0.2171167852488533,-8.428739451483989e-18,0.9999999999999994,-2.393277725802817,4.54262068454239
2024-08-30,1000,848,0.848,846,-0.13529179801922137,-0.14327508740738631,-8.3790416952842e-18,1.0000000000000002,-2.676864291228068,4.079026354137279
2024-09-02,1000,844,0.844,842,-0.10825962841659134,-0.15607498315930443,-3.1570322975122933e-18,0.9999999999999999,-2.698075371535058,3.948719076429391
2024-09-03,1000,840,0.84,840,-0.11957817391020314,-0.1400167916096495,8.458842092382146e-18,1.0000000000000002,-2.80430749336653,3.930624611278745
2024-09-04,1000,837,0.837,837,-0.07546854461611265,-0.10155063578697492,1.0611450653525989e-17,0.9999999999999989,-2.80319442563319,4.078211778805983
2024-09-05,1000,839,0.839,837,-0.07771988267823898,-0.12345573909661862,-2.752400347104083e-17,0.9999999999999988,-2.9387511098141688,3.6561021961714086
2024-09-06,1000,837,0.837,837,-0.08163657047851411,-0.10789928874456405,2.9712061829872767e-17,1.0,-2.7846922975173176,3.6139817582565956
2024-09-09,1000,835,0.835,835,-0.08058400822636799,-0.12664510980094015,-2.0210047873416024e-17,0.9999999999999999,-3.1901145845389323,3.5912706730357544
2024-09-10,1000,830,0.83,829,-0.06620609760777492,-0.10488598443583937,-6.420566889398496e-18,1.0,-3.2446339838561444,3.3808367672265134
2024-09-11,1000,828,0.828,826,-0.04971932406433079,-0.11117107819740525,-1.3944830260992305e-17,0.9999999999999997,-3.2860407066358666,3.2173165468544784
2024-09-12,1000,828,0.828,826,-0.03174375854780816,-0.112659443712303,0.0,0.9999999999999997,-3.2396811863424695,3.3723900435385463
2024-09-13,1000,829,0.829,827,-0.03193794096632461,-0.15286886810370917,2.7856017988182455e-17,1.0000000000000004,-3.350784237954218,3.4125923623358343
2024-09-18,1000,831,0.831,829,-0.019519076420503968,-0.12100915394419316,2.5651362301808672e-17,0.9999999999999998,-3.2141817659367744,3.370558226237647
2024-09-19,1000,832,0.832,830,0.005021545545170739,-0.09197508970167166,-4.270088556250602e-18,0.9999999999999998,-3.2137221614727323,3.3766138742085126
2024-09-20,1000,832,0.832,830,-0.04911957756711818,-0.11759993898698115,4.270088556250602e-18,0.9999999999999999,-3.054682928685857,3.4322931647600057
2024-09-23,1000,832,0.832,830,-0.016756212446915136,-0.08690788467557253,2.135044278125301e-18,0.9999999999999997,-2.990416516818888,3.5716983694448663
2024-09-24,1000,843,0.843,840,0.03432616049037365,-0.033959616651746634,2.5286218354451963e-17,1.0000000000000009,-2.9409362627502875,3.337756464680121
2024-09-25,1000,853,0.853,851,0.06942902218239067,-0.007200729816380213,0.0,0.9999999999999996,-2.9496924299415914,3.197012679701554
2024-09-26,1000,862,0.862,861,0.09887340812747078,0.036602607062604986,4.12147758561543e-18,1.0000000000000009,-3.049971536808064,3.421272152628164
2024-09-27,1000,877,0.877,876,0.1600369907019145,0.13120358568067142,-8.101969620981758e-18,0.9999999999999999,-3.13295070045302,3.275604003691646
2024-09-30,1000,897,0.897,896,0.1829491298533075,0.11371976724339361,-2.3763971095655524e-17,1.0000000000000004,-3.22470682063328,3.637489748920807
2024-10-08,1000,910,0.91,909,0.18101108363626434,0.0965996712433467,-1.5616323862859345e-17,0.9999999999999986,-2.788104918893636,3.721615641751391
2024-10-09,1000,899,0.899,897,0.1734805631521121,0.09231389186971037,-3.161480470567743e-17,0.9999999999999998,-2.9425325741794066,3.46650504033339
2024-10-10,1000,898,0.898,897,0.15553873039283725,0.11577395354835557,-7.516877494121327e-17,0.9999999999999996,-2.8118407403401133,3.4768527825472195
2024-10-11,1000,896,0.896,895,0.13139366245291953,0.06109450599222313,3.172065784643304e-17,0.9999999999999996,-2.7368724979442423,3.8908007656695163
2024-10-14,1000,898,0.898,897,0.09093071450328301,0.04882255320068177,-1.1868753938086306e-17,1.0000000000000004,-2.7464101056840007,3.549541816963837
2024-10-15,1000,899,0.899,898,0.09486635752352238,0.03997465491574589,-7.903701176419357e-18,0.9999999999999994,-2.700569146366199,3.524794646385058
2024-10-16,1000,899,0.899,898,0.09340448988180386,0.06288925877457294,2.7662954117467748e-17,1.0000000000000009,-2.8776086176128532,3.1312217417952484
2024-10-17,1000,896,0.896,894,0.06929836275700192,0.05530211106359597,-9.912705577010326e-18,1.0000000000000002,-2.9562803137445424,3.6940466332553865
2024-10-18,1000,899,0.899,897,0.058679089867616246,0.0673283356788048,-2.3711103529258072e-17,0.9999999999999999,-2.5276814586156773,3.645650329523748
2024-10-21,1000,899,0.899,898,0.0459941076195491,0.027040206806032946,-7.903701176419357e-18,0.9999999999999986,-2.6417712146412344,3.5685021881920833
2024-10-22,1000,901,0.901,901,0.027199959212548468,0.013988350604411207,-4.731694133807548e-17,1.0000000000000002,-2.7299801804068755,3.2931864165052667
2024-10-23,1000,901,0.901,901,0.0173886213750584,0.008497243526270876,-7.491849045195285e-17,0.9999999999999999,-2.774795235038858,3.184370856947871
2024-10-24,1000,901,0.901,901,-0.010674923095860576,-0.0034480372794636924,-4.731694133807548e-17,1.0000000000000007,-2.836787550666016,3.5830911736717646
2024-10-25,1000,904,0.904,903,-0.0026001382962034495,-0.007044808685523049,1.5719972030090712e-17,1.0000000000000002,-2.9004926682974466,3.9647498915281956
2024-10-28,1000,909,0.909,908,0.0002464440240772075,-0.020084916245284447,-4.6900510611227736e-17,1.0000000000000007,-2.91195416155251,3.949148500527676
2024-10-29,1000,906,0.906,904,-0.014287754146359286,-0.045001093037804106,-4.705581031523842e-17,0.9999999999999996,-2.7434749983398414,4.10009812596424
2024-10-30,1000,906,0.906,904,-0.02233637447346962,-0.04894718416121827,0.0,1.0000000000000002,-2.90396552143169,4.597795795804081
2024-10-31,1000,909,0.909,908,-0.04928045065293507,-0.053638976044250324,3.908375884268978e-18,0.9999999999999993,-2.658043812482805,4.632203492682901
2024-11-01,1000,906,0.906,904,-0.012589269110773085,-0.0289257785600862,1.5685270105079474e-17,0.9999999999999993,-2.7114681090720074,4.781473771998567
2024-11-04,1000,908,0.908,906,0.0036641528022979784,-0.0005372335904648928,-1.5650721051984587e-17,0.9999999999999993,-2.7122410588949593,4.627089169820868
2024-11-05,1000,916,0.916,913,0.005426937998562431,-0.010974040774457811,1.5514033531879916e-17,1.0000000000000007,-3.2013113509103124,4.4837688335563906
2024-11-06,1000,914,0.914,911,-0.029719500700623028,-0.0748758993285853,0.0,1.0,-2.868521967607984,4.591446954913462
2024-11-07,1000,920,0.92,918,-0.04463627433038655,-0.0927854656400108,2.703151712130816e-17,0.9999999999999999,-2.8519968769604747,4.7879506893307155
2024-11-08,1000,917,0.917,916,-0.03109294207274946,-0.0467181135880576,-1.549711528375355e-17,0.9999999999999999,-2.908593340520166,5.001534919803836
2024-11-11,1000,918,0.918,917,-0.033514081015845874,-0.06834432540251589,1.548023389455556e-17,0.9999999999999991,-2.858406934339591,4.78952803045689
2024-11-12,1000,915,0.915,914,-0.053583044781438535,-0.09871818014686239,0.0,1.0000000000000009,-3.160616584170255,4.796352744436656
2024-11-13,1000,914,0.914,913,-0.039945006385319094,-0.09308626646532012,-1.9434976361053068e-17,1.0000000000000007,-3.0944157326502184,4.88503941968262
2024-11-14,1000,911,0.911,910,-0.03034996719295655,-0.10628362805612644,-3.899795476180572e-18,1.0000000000000002,-3.054047979562951,4.81354550598861
2024-11-15,1000,910,0.91,910,-0.0393462188687839,-0.11110163577001052,2.3424485794289017e-17,1.0000000000000004,-3.1895378202412896,4.7459680221122795
2024-11-18,1000,911,0.911,910,-0.03553526634558979,-0.10115892383446978,-3.899795476180572e-18,1.0000000000000007,-3.216652320651517,4.844977691664426
2024-11-19,1000,912,0.912,911,-0.04613077687691268,-0.11689381644627254,2.337311630789803e-17,1.0000000000000007,-2.945011585360562,4.967584386626256
2024-11-20,1000,912,0.912,911,-0.03516774139154215,-0.11695492247928635,0.0,1.0000000000000002,-2.7512616598352477,5.4883599846310895
2024-11-21,1000,912,0.912,911,-0.02345648962985191,-0.10106467209115796,1.5582077538598687e-17,0.9999999999999998,-2.7817928342434577,5.668549537915449
2024-11-22,1000,910,0.91,907,-0.008289218224634722,-0.08060512876249891,-2.3424485794289017e-17,0.9999999999999991,-2.7104434639042125,5.235818292562627
2024-11-25,1000,909,0.909,907,-0.06452240967393899,-0.13807892063333707,-3.51753829584208e-17,1.0,-2.558522097196526,5.445729564512898
2024-11-26,1000,909,0.909,907,-0.02862595174853163,-0.13751419050104596,-1.563350353707591e-17,0.9999999999999997,-2.4642976686271103,5.258507443300462
2024-11-27,1000,912,0.912,909,-0.06166665759398009,-0.13496471549852476,-6.232831015439475e-17,1.0000000000000013,-2.6071013890670938,5.358455256861821
2024-11-28,1000,911,0.911,909,-0.06426740341784114,-0.13859891317971976,3.1198363809444576e-17,0.9999999999999999,-2.8020607465247287,5.424933471466401
2024-11-29,1000,910,0.91,905,-0.08498796855903469,-0.1480033312061324,3.904080965714836e-18,1.0000000000000007,-2.661293924324779,5.2099896729718935
2024-12-02,1000,913,0.913,910,-0.12755619679093422,-0.1580915442344866,3.3075647612052854e-17,0.9999999999999998,-2.8563565706078893,4.857235622182045
2024-12-03,1000,913,0.913,908,-0.16297527466373118,-0.1703594903589966,0.0,1.0000000000000002,-2.7876733129145204,4.557821694634214
2024-12-04,1000,914,0.914,910,-0.18313832352128312,-0.22203314536037239,2.526546926936899e-17,0.9999999999999989,-2.746855728836426,4.90518986215832
2024-12-05,1000,916,0.916,912,-0.26764717420707074,-0.2657882513341405,-2.3271050297819874e-17,0.9999999999999994,-2.6964487928189573,4.696118071755087
2024-12-06,1000,917,0.917,914,-0.27076897480625356,-0.2706834617985545,-3.4868509388445484e-17,1.0000000000000007,-2.6530101232372054,4.961599305547667
2024-12-09,1000,918,0.918,915,-0.245612547831345,-0.27059378069019735,0.0,0.9999999999999994,-2.5943577779733764,4.866384073959247
2024-12-10,1000,917,0.917,914,-0.1860886902683532,-0.23277537781807547,-3.293136997797629e-17,1.0,-2.6353449073404445,4.598293463183626
2024-12-11,1000,919,0.919,916,-0.17817967348533417,-0.22280995714224805,2.5128007521439886e-17,0.9999999999999991,-2.9011423030838897,4.6097649485701195
2024-12-12,1000,921,0.921,918,-0.19443857993777966,-0.22589844017043145,5.786178629968243e-18,1.0000000000000007,-2.888211840904804,4.660525177673639
2024-12-13,1000,916,0.916,915,-0.18632776168088683,-0.21211458861873886,-1.9392541914849895e-18,0.9999999999999997,-2.8339883371289916,4.530556898007453
2024-12-16,1000,917,0.917,915,-0.1476867892673762,-0.16486675657347083,-8.717127347111371e-18,0.9999999999999996,-2.859371154155667,4.411826162054049
2024-12-17,1000,912,0.912,911,-0.11013876026683912,-0.1594534689103389,-4.4798472923471226e-17,1.0000000000000007,-2.712367063320299,4.154728058892618
2024-12-18,1000,913,0.913,912,-0.13409974515857112,-0.17816399044158499,5.4477537243381174e-17,0.9999999999999998,-2.647155127522107,4.619478722719813
2024-12-19,1000,915,0.915,914,-0.13563533431808422,-0.16299879909006007,-4.659296627935083e-17,0.9999999999999998,-2.585634046197754,4.53650368138672
2024-12-20,1000,914,0.914,912,-0.15253530175817342,-0.16957445076173283,3.109596217768491e-17,0.9999999999999994,-2.311918536248622,4.554402938056374
2024-12-23,1000,908,0.908,907,-0.11985884783422748,-0.17116611818574345,-3.9126802629961466e-17,0.999999999999999,-2.148065008060876,4.539984223578527
2024-12-24,1000,910,0.91,910,-0.11294782012411035,-0.15417696683686774,1.1712242897144509e-17,1.0000000000000002,-2.315169698170087,4.5078837841069195
2024-12-25,1000,908,0.908,908,-0.08715050334762894,-0.11574735774243246,-3.912680262996147e-18,0.9999999999999994,-2.411019626782302,4.740125671574386
2024-12-26,1000,907,0.907,907,-0.05819946946765296,-0.09554516788641015,7.833988266373762e-18,1.0000000000000002,-2.347061250926148,5.176496890000708
2024-12-27,1000,908,0.908,906,-0.08810178389604569,-0.12952867120867534,-4.695216315595376e-17,0.9999999999999998,-2.377658457781093,4.966332821570327
2024-12-30,1000,905,0.905,905,-0.007065132635562964,-0.07224709693103157,-8.243865995006688e-17,0.9999999999999993,-2.281315048127572,5.000468330487858
2024-12-31,1000,904,0.904,902,0.04093734001297532,-0.05029273233938957,-2.7509951052658746e-17,1.0,-2.2797465143482607,5.285692030769922
2025-01-02,1000,898,0.898,898,0.032144401271033,-0.05353963864919124,7.91250262539087e-18,0.9999999999999993,-2.335216959002157,5.041290387784385
2025-01-03,1000,894,0.894,893,0.1700214833825566,0.08553099653374806,-8.742695853871479e-17,1.0000000000000016,-2.2128462394944726,4.829045235581676
2025-01-06,1000,896,0.896,895,0.17457933772613188,0.0996785403506811,1.9825411154020653e-17,1.0000000000000002,-2.296512417409507,4.937119836444405
2025-01-07,1000,896,0.896,895,0.14748210886047455,0.09696988235969158,0.0,1.0,-2.144017528620964,4.8194890538483754
2025-01-08,1000,895,0.895,894,0.12014449330074228,0.08711475045269704,-4.366463739307878e-17,1.0,-2.364736039376401,4.657125619310879
2025-01-09,1000,896,0.896,894,0.04682175784381262,0.052790375969217575,1.1895246692412391e-17,1.0000000000000007,-2.331656293824173,4.899360361564919
2025-01-10,1000,891,0.891,889,0.10533171088976027,0.10048944494433222,7.177199351112124e-17,0.9999999999999994,-2.3800815321045246,5.335950490832876
2025-01-13,1000,890,0.89,888,0.06679936441383368,0.05699263080162109,-9.979532805619384e-17,0.9999999999999989,-2.668135722240982,5.468365718983121
2025-01-14,1000,895,0.895,893,0.02997128880569911,0.022451740613671424,-9.725305601185728e-17,0.9999999999999997,-2.5568211893755097,5.164877421993114
2025-01-15,1000,895,0.895,892,0.0029538270062412194,-0.0016064274886557397,-1.0519208099241707e-16,0.9999999999999994,-2.759906107983686,5.242707916616015
2025-01-16,1000,895,0.895,893,0.014667814918458479,0.02321082973323956,1.1908537470839668e-16,1.0000000000000007,-2.7957644035272144,5.447224069421342
2025-01-17,1000,895,0.895,892,0.05739582342523747,0.04194890447044841,-5.954268735419834e-17,1.0,-2.679169703393352,5.135164922325061
2025-01-20,1000,896,0.896,893,0.06128152469926501,0.027470656263063543,9.912705577010326e-18,0.9999999999999998,-2.3506603631933527,5.13017371344977
2025-01-21,1000,895,0.895,892,0.04928148345354328,-0.02026193395091659,-1.78628062062595e-17,0.9999999999999999,-2.3111503048427746,4.679672751916919
2025-01-22,1000,889,0.889,887,0.01859844152939774,-0.043666314619135796,-1.3987061727561027e-17,0.9999999999999997,-2.6296878517829194,3.978340428692799
2025-01-23,1000,889,0.889,887,-0.01876698711311646,-0.04896507738133769,6.993530863780514e-18,1.0,-2.892558139540438,4.342016107096821
2025-01-24,1000,890,0.89,888,-0.1058239919955938,-0.11619287193086628,1.995906561123877e-18,0.9999999999999999,-2.9339379587938517,4.0842953452730155
2025-01-27,1000,895,0.895,893,-0.043623215085250445,-0.06419084768306219,0.0,0.9999999999999998,-2.915532135622511,3.95971820617472
2025-02-05,1000,896,0.896,893,-0.028540631482834932,-0.06714494577867414,9.912705577010326e-19,0.9999999999999984,-2.759307675702475,4.222532951619548
2025-02-06,1000,895,0.895,894,-0.05890238128648014,-0.1134143116082192,-5.954268735419834e-18,1.0000000000000007,-2.680307923470344,4.275056112911184
2025-02-07,1000,900,0.9,899,-0.06547299585404168,-0.10632472865458231,0.0,0.9999999999999999,-2.884632546286117,4.804691418141459
2025-02-10,1000,901,0.901,901,-0.0689156262015304,-0.09999227925169081,-2.710866430827241e-17,1.0000000000000002,-2.481512410774411,4.789241564144877
2025-02-11,1000,900,0.9,900,-0.09596259467004895,-0.1590140372160743,2.1711028037114173e-17,0.9999999999999996,-2.4100843402453194,4.735179799190332
2025-02-12,1000,900,0.9,900,-0.06657834445525111,-0.11099737662627221,-5.921189464667502e-18,0.999999999999999,-2.660687515267514,5.424585488010006
2025-02-13,1000,900,0.9,900,-0.04449677449792584,-0.06641072147259934,1.8750433304780422e-17,0.999999999999999,-2.667664609190272,5.510247782463479
2025-02-14,1000,900,0.9,897,0.009615147731536093,-0.020932712605828848,-2.960594732333751e-18,1.0000000000000007,-2.6557777118339283,5.286450437733882
2025-02-17,1000,901,0.901,899,-0.016349242858456056,-0.01736957370110158,8.3790416952842e-18,0.9999999999999999,-2.5721818735987383,5.23707223126894
2025-02-18,1000,899,0.899,896,0.005724751780444741,-0.027157785268867824,-2.1735178235153232e-17,0.9999999999999999,-2.9206526765929923,4.948288364871248
2025-02-19,1000,899,0.899,896,-0.012840059276545641,-0.005596478467150202,-7.903701176419357e-18,1.0000000000000004,-2.360279857623246,4.714003603210811
2025-02-20,1000,900,0.9,897,-0.018142573915021012,-0.004648335391469327,1.3816108750890837e-17,1.0000000000000004,-2.5073914785115434,4.8028030976718625
2025-02-21,1000,903,0.903,900,-0.029925885831855112,0.019018410702120427,0.0,0.9999999999999998,-2.363309571633679,4.764113632964244
2025-02-24,1000,902,0.902,898,0.020602267912709134,0.07724457549760912,2.412458013597901e-17,1.0000000000000004,-2.439815883444499,4.559121959334234
2025-02-25,1000,900,0.9,897,-0.0539251301597281,0.038972162561103904,3.947459643111668e-18,1.0000000000000007,-2.413464739005796,4.387196990373547
2025-02-26,1000,903,0.903,901,-0.05394685015155668,0.042306505399566575,9.835862898118774e-18,0.9999999999999994,-2.761882391484883,4.500847196062248
2025-02-27,1000,904,0.904,901,-0.026267047010858195,0.06268258512758856,4.126492657898812e-17,1.0000000000000004,-2.713592283045223,4.665312023531647
2025-02-28,1000,900,0.9,899,0.015072336797730804,0.07935385259685528,4.144832625267251e-17,0.9999999999999996,-2.880055533721483,4.589443437756039
2025-03-03,1000,901,0.901,899,0.11816191305142333,0.18615459026587544,1.5772313779358495e-17,0.9999999999999997,-2.7086054248303983,5.051280805589988
2025-03-04,1000,902,0.902,900,0.07731159714200772,0.13772702400454517,-8.665155314147564e-17,0.9999999999999996,-2.8904763960475797,4.801679376191194
2025-03-05,1000,902,0.902,899,0.029880039424487824,0.09538818367487038,4.332577657073782e-17,1.0000000000000002,-2.868351668053448,4.806868075428434
2025-03-06,1000,903,0.903,900,-0.09664898557981302,0.0006282559248283509,-3.540910643322758e-17,1.0,-2.7509383163985763,4.71141715465794
2025-03-07,1000,901,0.901,898,-0.13917216642234556,-0.05290474615111727,1.182923533451887e-17,1.0000000000000004,-2.4840553003254184,4.657390151980087
2025-03-10,1000,901,0.901,899,-0.15709757122476337,-0.07097225136708238,-3.9430784448396236e-17,1.0000000000000007,-2.5078840887003877,4.67836584602999
2025-03-11,1000,901,0.901,899,-0.14210229137848143,-0.06770052769063346,-1.9715392224198118e-17,0.9999999999999997,-2.326845476848266,4.825566024387467
2025-03-12,1000,902,0.902,900,-0.14263161052427625,-0.056481872432278195,-1.575482784390466e-17,1.0000000000000004,-2.2022221253222636,4.718768628154501
2025-03-13,1000,901,0.901,899,-0.09453041908408999,-0.007669670244626965,2.365847066903774e-17,1.0,-2.0821626767897383,5.05619990528322
2025-03-14,1000,902,0.902,898,-0.10382173486210357,-0.017476279644983057,-3.938706960976165e-18,1.0000000000000009,-2.451911920028377,4.970229963546264
2025-03-17,1000,902,0.902,901,-0.14570908166419838,-0.057158885275364446,0.0,0.9999999999999994,-2.1882641843470165,4.730090411699868
2025-03-18,1000,902,0.902,900,-0.15147623130157195,-0.0669250634244623,3.150965568780932e-17,0.9999999999999998,-2.0877058044557284,5.206842502797761
2025-03-19,1000,901,0.901,900,-0.17825538430667542,-0.07987640346830223,-2.365847066903774e-17,0.9999999999999996,-2.5663955800069784,5.107804986292917
2025-03-20,1000,901,0.901,899,-0.20392705641289066,-0.11260105150737519,2.365847066903774e-17,1.0000000000000004,-2.43414597037734,4.9791339462550495
2025-03-21,1000,900,0.9,897,-0.13694577992029064,-0.08000361097338365,-3.0592812234115424e-17,0.9999999999999999,-2.5505684193110074,4.942725194558227
2025-03-24,1000,899,0.899,896,-0.180385070331381,-0.10155688687086517,-2.568702882336291e-17,0.9999999999999997,-2.215455385189214,5.2751763588011835
2025-03-25,1000,900,0.9,897,-0.1016969142963222,-0.05635403798512499,-2.3684757858670008e-17,0.9999999999999999,-2.267674297425615,5.315956000701373
2025-03-26,1000,900,0.9,898,-0.1097249998141623,-0.06748096484461578,1.7763568394002505e-17,1.0,-2.227123733621103,4.905681614811469
2025-03-27,1000,900,0.9,899,-0.09669022208780845,-0.05754200732767818,3.947459643111668e-18,1.0,-2.2253865578239465,5.2704640090745505
2025-03-28,1000,898,0.898,897,-0.03393672689715435,-0.004643321763921421,-1.9781256563477177e-17,0.9999999999999999,-2.203239340798067,5.0042926563266805
2025-03-31,1000,895,0.895,892,0.0019174769144725753,0.0009140951546197915,-9.923781225699724e-18,1.0000000000000002,-2.576134311439057,4.730330579243693
2025-04-01,1000,895,0.895,893,0.11821263718281648,0.09123147332291211,7.939024980559778e-18,1.0000000000000004,-2.2368202803802877,5.1833524561862525
2025-04-02,1000,896,0.896,894,0.19537026589128925,0.1412540488225866,7.93016446160826e-18,1.0,-2.46324476425472,5.423029169467242
2025-04-03,1000,897,0.897,895,0.23397681742013454,0.1609070494726366,1.9803309246379605e-17,1.0000000000000002,-2.5416370043797367,4.988188272129418
2025-04-07,1000,890,0.89,888,0.23112400174009964,0.1244322716538027,1.1975439366743262e-17,0.9999999999999999,-2.2758332161861765,5.64743865403875
2025-04-08,1000,888,0.888,886,0.2786412673327587,0.17788064088924826,1.200241107702872e-17,0.9999999999999994,-2.2785173631395965,5.601104250893513
2025-04-09,1000,889,0.889,886,0.2223272232847828,0.13552060343355454,-1.1988910052195166e-17,0.9999999999999997,-2.419801542553737,5.866794542400678
2025-04-10,1000,893,0.893,890,0.2026765140601117,0.11430003517733761,-7.956805551624862e-18,1.0000000000000002,-2.398778793373869,5.722117636494008
2025-04-11,1000,893,0.893,890,0.13637255622626493,0.07769559704411133,-4.774083330974917e-17,1.0000000000000002,-2.3757138264455424,5.311151422593359
2025-04-14,1000,896,0.896,893,0.07604865911781164,0.01621762036568965,1.982541115402065e-18,1.0000000000000004,-2.541479099970401,5.3376910701250075
2025-04-15,1000,896,0.896,893,0.11542602038941387,0.053289553804396664,5.9476233462061954e-18,1.0,-2.3605739733673343,5.513939123861715
2025-04-16,1000,894,0.894,891,0.13025326371967128,0.09429191386552523,-1.3908834312977353e-17,0.9999999999999997,-2.4345998282840875,5.580066632534562
2025-04-17,1000,898,0.898,895,0.1155633518138766,0.06304808947659919,-2.3737507876172613e-17,1.0000000000000004,-2.7345316459694295,5.43434698736905
2025-04-18,1000,899,0.899,895,0.0862503257050502,0.04058088988394663,2.3711103529258072e-17,1.0000000000000009,-2.527207225298086,5.764547309761178
2025-04-21,1000,897,0.897,893,0.03822302647422728,0.00980056477789513,3.960661849275921e-18,1.0000000000000004,-2.400223561674275,5.480128511640017
2025-04-22,1000,896,0.896,893,0.07126841811952885,0.010780285192777668,6.938893903907228e-18,1.0000000000000007,-2.4580689021287827,5.409864321246571
2025-04-23,1000,895,0.895,892,0.023708121302372126,-0.008011899850186762,2.977134367709917e-17,1.0000000000000009,-2.604487239742156,4.9473380403910125
2025-04-24,1000,896,0.896,893,0.0238641695971523,-0.028635884297938084,1.784287003861859e-17,0.9999999999999999,-2.67946765008677,5.065364004653087
2025-04-25,1000,896,0.896,893,0.011235622663132713,-0.02120078323931133,-5.9476233462061954e-18,0.9999999999999996,-2.7691603500560364,5.128458931409565
2025-04-28,1000,895,0.895,893,-0.0158907757836469,-0.05083390243965355,-1.1908537470839668e-17,0.9999999999999997,-2.86458931905451,5.231480744971048
2025-04-29,1000,897,0.897,893,-0.0640352031397479,-0.08480331123110978,0.0,1.0000000000000002,-2.9683252007739687,5.243425725035558
2025-04-30,1000,894,0.894,892,-0.04471289241067721,-0.06426375786263286,1.5895810643402688e-17,0.9999999999999996,-2.6687394968645117,4.999271038916436
2025-05-06,1000,893,0.893,891,-0.03867452755117328,-0.03295722161609351,3.182722220649945e-17,0.9999999999999999,-2.320255111874914,4.665043905580473
2025-05-07,1000,896,0.896,893,-0.016384618666829026,-0.04561570007679088,5.9476233462061954e-18,1.0000000000000002,-2.5500927111598846,4.618415992723103
2025-05-08,1000,898,0.898,895,-0.004346767844416307,-0.024559287941908495,-2.3737507876172613e-17,1.0000000000000004,-2.292629728547364,4.942036737247987
2025-05-09,1000,897,0.897,896,0.016815634167656038,-0.05459453317641058,0.0,1.0000000000000004,-2.595314816025785,4.637851858012771
2025-05-12,1000,896,0.896,895,0.010140470056381263,0.0026331867218996187,-1.586032892321652e-17,1.0000000000000004,-2.468991602644595,4.7730156628398355
2025-05-13,1000,895,0.895,895,0.002135092390489745,-0.003261154731674083,-3.969512490279889e-18,0.9999999999999997,-2.5617043732561613,5.207638724560358
2025-05-14,1000,896,0.896,896,0.024780720565502998,-0.0036048525573599047,8.921435019309294e-18,0.9999999999999988,-2.419326886315423,4.985352139839805
2025-05-15,1000,895,0.895,895,0.041410756154312736,-0.016645530381263447,-8.93140310312975e-18,0.9999999999999996,-2.505934517914187,5.115463981877036
2025-05-16,1000,895,0.895,894,0.025672559985417467,-0.026429994766849284,-1.9847562451399447e-17,1.0,-2.6123478214762876,4.769368954539588
2025-05-19,1000,896,0.896,896,0.010417762065588497,-0.04764735621379307,1.486905836551549e-17,1.0000000000000004,-2.51047490883337,4.875477338472854
2025-05-20,1000,895,0.895,895,-0.001368518042188611,-0.045177691724126834,0.0,0.9999999999999993,-2.6812890652779813,4.759454221175248
2025-05-21,1000,895,0.895,895,-0.04330477532680149,-0.05977200983938902,-1.5878049961119556e-17,1.0000000000000002,-2.9400514340240123,4.681554894565417
2025-05-22,1000,895,0.895,895,0.004768349612270451,-0.0190835551754425,2.977134367709917e-18,1.0000000000000004,-2.7021860044959283,4.9611695144594625
2025-05-23,1000,895,0.895,894,0.013930052147167077,-0.05744295260813157,-2.0839940573969418e-17,1.0000000000000002,-2.7148228022878467,4.420618586396279
2025-05-26,1000,894,0.894,894,0.009573492364126364,-0.09334725811545751,0.0,1.0000000000000002,-2.6561773787556007,4.616766559649085
2025-05-27,1000,894,0.894,894,-0.0080957289700068,-0.10881643853619144,3.576557394765605e-17,0.9999999999999997,-2.8577361918075552,4.383828574628173
2025-05-28,1000,893,0.893,893,-0.0003535390458992108,-0.11925377591247131,0.0,1.0000000000000007,-2.946665926515561,4.461880430429972
2025-05-29,1000,895,0.895,895,-0.027646185875167165,-0.13504394606251802,1.9847562451399445e-18,1.0000000000000002,-2.7333539341859145,4.406508551306168
2025-05-30,1000,894,0.894,894,-0.033138983157451736,-0.12218565817477105,0.0,1.0000000000000002,-2.7151012005007327,4.064246410589661
2025-06-03,1000,895,0.895,895,-0.030093424422391404,-0.07525733573005881,-7.939024980559778e-18,1.0000000000000002,-2.6861875798372785,4.133718784648221
2025-06-04,1000,895,0.895,894,-0.0038014986369903692,-0.07443829727693672,1.1908537470839668e-17,1.0000000000000002,-2.7726212306783986,4.170587106028955
2025-06-05,1000,892,0.892,891,-0.007293005884464466,-0.048672071521050665,3.982862868610427e-18,0.9999999999999997,-2.83720726617715,4.460395720067084
2025-06-06,1000,892,0.892,891,0.027282158108588687,-0.008821491926925055,-1.1948588605831282e-17,1.0000000000000004,-2.802032239367263,4.393185964571105
2025-06-09,1000,895,0.895,895,0.033377977342967595,0.017025537398042197,1.9847562451399447e-17,1.0,-2.753379863044491,4.32628572269288
2025-06-10,1000,895,0.895,895,0.03020332545131694,0.012139960956028732,-2.3817074941679335e-17,1.0000000000000002,-2.8716659508753417,4.4008926562559365
2025-06-11,1000,895,0.895,895,0.02863283549081382,0.005404211915528746,7.939024980559778e-18,1.000000000000001,-2.900454037381239,4.338669721430063
2025-06-12,1000,895,0.895,895,0.006425332845362584,-0.019710605785298214,2.7786587431959227e-17,0.9999999999999994,-2.8572968606454467,4.3797415116397564
2025-06-13,1000,892,0.892,892,-0.05319074978753374,-0.0981332889807758,-2.788004008027299e-17,1.0000000000000002,-2.91481228638152,4.46429594312005
2025-06-16,1000,894,0.894,894,-0.05676681534199769,-0.05741506789298154,-2.1856739634678697e-17,1.0000000000000007,-2.8968982531370098,4.393098012553272
2025-06-17,1000,893,0.893,893,-0.039009153142755805,-0.0654370762899136,-2.188121526696837e-17,0.9999999999999996,-2.849227884560787,4.289410027713201
2025-06-18,1000,893,0.893,893,-0.04539753886006443,-0.07770993401723897,1.9892013879062155e-17,1.0000000000000007,-2.7762938202490495,4.262241385139526
2025-06-19,1000,893,0.893,892,-0.005577889962190504,-0.04699357014351484,3.87894270641712e-17,0.9999999999999996,-2.8467624836961183,4.386591872533518
2025-06-20,1000,893,0.893,893,-0.0464872373089393,-0.07790469341961552,-2.983802081859323e-18,1.0000000000000002,-2.7417476490166113,4.2306701563122795
2025-06-23,1000,893,0.893,892,-0.04549427986883672,-0.0770849668827029,1.2929809021390402e-17,1.0000000000000007,-2.599321578268996,4.501606011884208
2025-06-24,1000,893,0.893,892,-0.05309022377438414,-0.10943355483389566,0.0,0.9999999999999998,-2.528027900280107,4.049016944870401
2025-06-25,1000,893,0.893,892,-0.046405699699582866,-0.09148649322104802,-1.790281249115594e-17,0.9999999999999996,-2.592981451692081,4.026053380811628
2025-06-26,1000,895,0.895,894,-0.0767473917792358,-0.12924079342667058,-3.969512490279889e-18,0.9999999999999998,-2.5285070689724622,4.110444838672119
2025-06-27,1000,896,0.896,895,-0.05525438110464833,-0.10677921690450976,1.586032892321652e-17,1.0000000000000002,-2.5834277502095966,3.730876163912073
2025-06-30,1000,898,0.898,898,-0.04129691731786371,-0.09994926202286916,-7.91250262539087e-18,0.9999999999999999,-2.651946827511303,4.123940741861365
2025-07-01,1000,898,0.898,898,-0.06179005173622838,-0.1200837703433784,0.0,1.0,-2.6662799319571233,4.216592481876129
2025-07-02,1000,900,0.9,900,-0.043632810188608484,-0.09617583106553561,-1.578983857244667e-17,1.0000000000000007,-2.6380003435184927,4.551641408599916
2025-07-03,1000,898,0.898,898,-0.01350190087711096,-0.08320952011067564,-7.91250262539087e-18,1.0000000000000002,-2.2795416490026854,4.401737534179792
2025-07-04,1000,898,0.898,895,-0.014688466185973612,-0.07274394975625385,3.165001050156348e-17,1.0000000000000007,-2.2869901199383778,5.087579027044953
2025-07-07,1000,897,0.897,895,0.03775869247060152,-0.023212645841520736,7.921323698551841e-18,1.0000000000000002,-2.457941313481632,5.955348440692807
2025-07-08,1000,901,0.901,898,0.023988226187188315,-0.018094071493656605,7.886156889679247e-17,0.9999999999999994,-2.560255167599527,5.873302252226976
2025-07-09,1000,901,0.901,898,0.0103329468726378,-0.006872580489492672,-7.886156889679247e-18,1.0000000000000004,-2.364654321226692,5.892890951512115
2025-07-10,1000,903,0.903,900,0.022112097544508363,-0.01759553880533589,0.0,0.9999999999999996,-2.550514590259476,5.30770052370981
2025-07-11,1000,905,0.905,903,0.015471471803558215,0.013048326864762056,-7.851300947625417e-18,0.9999999999999986,-2.606933865455347,5.103221559855267
2025-07-14,1000,903,0.903,901,0.02777443327109423,-0.03370179174901986,3.1474761273980073e-17,0.9999999999999997,-2.455229102790368,4.285648974608887
2025-07-15,1000,904,0.904,901,0.035397324974198105,-0.019879677501299733,3.929993007522678e-17,0.9999999999999996,-2.4738825132696904,4.4756576771519985
2025-07-16,1000,903,0.903,900,0.07492723377628917,-0.0013467589252758269,-3.540910643322758e-17,0.9999999999999994,-2.332737573303708,4.676192549283823
2025-07-17,1000,904,0.904,900,0.06922256561017061,0.002838176588702416,-3.1439944060181424e-17,1.0000000000000007,-2.345796037825209,4.912351286900939
2025-07-18,1000,904,0.904,902,0.11669443742634779,0.009954859359338732,-7.859986015045356e-18,0.9999999999999998,-2.2070166744560202,4.503523097135527
2025-07-21,1000,904,0.904,902,0.14814996939825953,0.031786533164595114,1.1789979022568034e-17,0.9999999999999996,-2.337652268894417,4.757644929844777
2025-07-22,1000,904,0.904,903,0.15692761277404646,0.0758120997888563,-1.964996503761339e-17,1.000000000000001,-2.2580088414015975,4.615691188340136
2025-07-23,1000,903,0.903,902,0.16592119498758354,0.07699057883211066,5.901517738871264e-18,1.0000000000000002,-2.30657418134052,4.9278806972185825
2025-07-24,1000,906,0.906,905,0.13883501664711145,0.04945572104905866,-1.1763952578809606e-17,1.0000000000000002,-2.2706820867838835,5.226488261300615
2025-07-25,1000,907,0.907,905,0.12615117584573696,0.01739679304435249,-7.833988266373762e-18,0.9999999999999994,-2.3784224866785584,4.985971805048441
2025-07-28,1000,906,0.906,905,0.08197431055026236,-0.02737896247664244,-7.842635052539737e-18,1.0000000000000004,-2.2283325969588925,5.107767929149647
2025-07-29,1000,907,0.907,905,0.02035124230971503,-0.08744032180580319,1.5667976532747524e-17,1.0,-2.145102078966432,5.269884861983619
2025-07-30,1000,907,0.907,906,-0.0004907071458354723,-0.147573056916765,-3.9169941331868806e-17,0.9999999999999994,-2.3862575664472967,5.287918515947358
2025-07-31,1000,905,0.905,904,0.005986809633480217,-0.10384554045534924,-7.851300947625417e-18,0.9999999999999996,-2.245876793431538,5.26269099413765
2025-08-01,1000,906,0.906,903,0.04733282822991477,-0.05137440914085046,0.0,0.9999999999999997,-2.291056967814232,5.2196932019889175
2025-08-04,1000,902,0.902,901,0.07805046232847998,-0.04366321431592951,-9.846767402440414e-18,1.0000000000000002,-2.181321373209582,5.321002169482267
2025-08-05,1000,905,0.905,904,0.04542015248724728,-0.045073176659361766,1.5702601895250834e-17,0.9999999999999996,-2.139957704604198,5.065335752693031
2025-08-06,1000,904,0.904,903,0.07652248894354707,-0.0248050654566733,-5.894989511284017e-18,0.9999999999999993,-1.8768220111653453,5.018502417163766
2025-08-07,1000,903,0.903,902,0.06624457716159483,0.015275437972696445,-4.3277796751722605e-17,0.9999999999999996,-1.8748920845153991,4.821778433412944
2025-08-08,1000,903,0.903,902,0.07326235352073934,-0.015012723522144266,-3.9343451592475096e-17,1.0,-1.7074352402146833,5.125624240163349
2025-08-11,1000,903,0.903,902,0.015695783623769135,-0.063171640817727,3.934345159247509e-18,1.0000000000000004,-1.7468430599423348,4.9529945908063295
2025-08-12,1000,904,0.904,902,0.03786504044946257,-0.029679421258402526,0.0,1.0000000000000007,-2.0962735837673154,4.655586624016936
2025-08-13,1000,904,0.904,904,0.04738671549184761,-0.035009390848759134,-1.5719972030090712e-17,1.0000000000000004,-1.8947258005124412,4.837874392389555
2025-08-14,1000,901,0.901,901,0.06220483455191398,-0.029391463387178823,3.943078444839624e-18,1.0000000000000004,-1.8618238723066076,4.888199427843582
2025-08-15,1000,902,0.902,901,0.04229321462679309,-0.06579779296615365,1.575482784390466e-17,1.000000000000001,-2.039010190913325,4.73592931504235
2025-08-18,1000,906,0.906,905,0.022285985153528233,-0.03666619138057028,7.842635052539737e-18,1.0000000000000004,-2.05001147602676,5.032052793795346
2025-08-19,1000,907,0.907,906,0.04273120337361321,-0.03424098538975607,7.833988266373762e-18,1.0000000000000002,-2.2403023615214757,4.6801053781715884
2025-08-20,1000,907,0.907,906,0.06485595426030484,-0.01048107374787922,7.833988266373762e-18,1.0000000000000007,-2.159323160523893,4.8004679320812365
2025-08-21,1000,907,0.907,906,0.0988953999913881,-0.019065636943651033,9.792485332967202e-19,1.0000000000000004,-2.5126778176941302,4.549303688465511
2025-08-22,1000,907,0.907,903,0.07364020357932324,-0.019831586543506592,9.792485332967202e-18,1.0000000000000004,-2.6127717516914073,4.521305303563938
2025-08-25,1000,909,0.909,908,0.08957280694860001,-0.05164943233351941,3.908375884268978e-18,1.0000000000000002,-2.392368375718685,5.086795499913186
2025-08-26,1000,908,0.908,907,0.08232689711679687,-0.030035620326490015,0.0,1.0000000000000016,-2.238248089904253,5.486144585169507
2025-08-27,1000,908,0.908,906,0.07832791193998913,-0.0037070395480737982,1.5650721051984587e-17,0.999999999999999,-2.1635465766370365,5.11310559404129
2025-08-28,1000,907,0.907,905,0.052931179213334734,-0.03648953108794277,1.7626473599340965e-17,1.0000000000000007,-2.107731634098956,4.974608174409946
2025-08-29,1000,907,0.907,904,0.0002120947641154353,-0.0510784025568648,1.1750982399560643e-17,0.9999999999999991,-1.952336420274444,5.367152984009158
2025-09-01,1000,907,0.907,904,0.04321851780216697,-0.012335593423285265,-1.0771733866263922e-17,1.0000000000000002,-2.00848898273653,4.905197199496077
2025-09-02,1000,906,0.906,902,0.07167280513404675,0.004382984120673941,9.803293815674672e-18,0.9999999999999991,-2.024548886538291,5.130752289680283
2025-09-03,1000,906,0.906,902,0.058411764245943874,0.040912923054390246,1.5685270105079474e-17,0.9999999999999989,-1.9497862668135473,5.085456023046064
2025-09-04,1000,906,0.906,903,0.04726585737018395,0.03615872446317418,1.3724611341944541e-17,0.9999999999999999,-2.0040124170543314,4.913731596713492
2025-09-05,1000,908,0.908,906,0.04235752751573686,0.019564112150880913,-1.5650721051984587e-17,0.9999999999999998,-2.1070637980991918,5.054555607905196
2025-09-08,1000,909,0.909,907,0.03702216729186841,0.041343011832466615,3.908375884268978e-18,1.0,-2.0554501039622246,4.744985097674196
2025-09-09,1000,909,0.909,907,0.05403969420618175,0.05649696347602251,-3.908375884268978e-18,0.9999999999999994,-2.108370648752446,4.6013849218492915
2025-09-10,1000,910,0.91,910,0.022210551627829117,0.027543203267607428,0.0,0.9999999999999994,-2.0662027422464604,4.623092098301628
2025-09-11,1000,910,0.91,910,-0.03132730114872903,-0.04832396624803794,-7.808161931429672e-18,0.9999999999999994,-2.1256334765062124,4.451596438031996
2025-09-12,1000,910,0.91,909,-0.06362481111290344,-0.07962831224530591,7.808161931429672e-18,1.0000000000000004,-2.1069990675638084,4.443033653452142
2025-09-15,1000,910,0.91,910,-0.030045985209402232,-0.04129895683556702,-2.3424485794289017e-17,1.0000000000000013,-2.079728184829502,4.814790170452286
2025-09-16,1000,913,0.913,913,-0.07058220824096173,-0.07763709323188824,-1.1673757980724537e-17,0.9999999999999993,-1.917343980129825,4.654312958381769
2025-09-17,1000,913,0.913,913,-0.12041397975692775,-0.11232640048269475,-5.836878990362269e-18,0.9999999999999996,-2.0674749912415042,4.776730661476254
2025-09-18,1000,913,0.913,912,-0.10138450967183642,-0.06549188259420502,-1.556501064096605e-17,0.9999999999999994,-2.0530007038237525,5.305134327477494
2025-09-19,1000,910,0.91,907,-0.08225415072587323,-0.044803478837316814,7.808161931429672e-18,1.0,-1.873524263574987,5.179957228784241
2025-09-22,1000,907,0.907,906,-0.08218627980522109,-0.06452118404047523,3.525294719868193e-17,0.9999999999999999,-1.9575020267080452,4.635754549884571
2025-09-23,1000,906,0.906,905,-0.01889566867985287,-0.03421153331939544,-3.921317526269869e-17,1.0000000000000004,-1.9926274456694486,4.619633006252776
2025-09-24,1000,907,0.907,905,-0.060543839532973966,-0.08239486923477754,1.5667976532747524e-17,0.9999999999999986,-2.2113345782154967,4.650163460701444
2025-09-25,1000,904,0.904,903,-0.05479895304208819,-0.06585740337296139,-1.5719972030090712e-17,1.0000000000000004,-2.2411812131885975,4.9412517946522785
2025-09-26,1000,904,0.904,901,-0.039650787613560494,-0.04495335138573717,1.1789979022568034e-17,0.9999999999999997,-2.297582921959235,4.850967083820089
2025-09-29,1000,902,0.902,901,-0.16770847524056992,-0.15523357701566623,3.741771612927357e-17,0.9999999999999993,-2.218059830439949,4.789178762805405
2025-09-30,1000,901,0.901,899,-0.14473741655379585,-0.13579705716447024,-9.85769611209906e-17,0.9999999999999993,-2.1158172780132127,4.6235426126037815
2025-10-09,1000,902,0.902,901,-0.11491218867765997,-0.11823557557051659,3.5448362648785484e-17,0.9999999999999999,-2.025335455740169,4.802958115969416
2025-10-10,1000,904,0.904,904,-0.006896473634880917,-0.022916733704463243,7.859986015045356e-18,1.0000000000000004,-1.9403776211851318,4.231735875012126
2025-10-13,1000,904,0.904,904,-0.10100941170088762,-0.08790431545263368,-8.252985315797624e-17,1.0,-2.2553679051588365,4.886570467956851
2025-10-14,1000,904,0.904,904,-0.05795507430375188,-0.0626430950701348,5.403740385343682e-17,1.0000000000000004,-2.3053189229451734,4.400556776377605
2025-10-15,1000,904,0.904,904,-0.04500054940289553,-0.0926656950522473,-4.322992308274946e-17,1.0000000000000002,-2.3248834324819305,4.3890194692127125
2025-10-16,1000,903,0.903,903,-0.013206963107152313,-0.08116510567639271,5.901517738871264e-17,1.0000000000000004,-2.3834219266427508,4.5520883983005245
2025-10-17,1000,903,0.903,903,-0.02912857162112648,-0.07713406852008957,-4.622855562115824e-17,1.0000000000000004,-2.184437235725805,4.467499388530594
2025-10-20,1000,903,0.903,903,-0.053412175704261586,-0.09425816734568293,4.7212141910970113e-17,1.0,-1.9244461142685518,4.411067120341038
2025-10-21,1000,904,0.904,904,-0.07010643928182177,-0.13093694151947363,-1.964996503761339e-17,1.0000000000000002,-2.116590336886985,4.216393530999201
2025-10-22,1000,905,0.905,904,-0.054348758002009036,-0.08984031433296503,-1.1776951421438125e-17,1.0,-2.1544040919214926,4.256098003937296
2025-10-23,1000,905,0.905,904,-0.11670364791508675,-0.17434130522309732,-4.514498044884615e-17,1.0000000000000002,-2.13750699891611,4.56597804264299
2025-10-24,1000,905,0.905,902,-0.20252341382748093,-0.2321351222899029,1.962825236906354e-17,1.000000000000001,-2.2117431100171068,4.826336243023767
2025-10-27,1000,904,0.904,902,-0.19217580145883104,-0.21514685589084762,0.0,1.0000000000000004,-2.0780366820671508,5.11199228326221
2025-10-28,1000,904,0.904,902,-0.20696087032266905,-0.22526087446042528,-2.456245629701674e-17,1.0000000000000004,-1.9828669546245936,4.420540399559203
2025-10-29,1000,905,0.905,903,-0.19411130119325717,-0.19564198599606947,1.2758364039891302e-17,1.0000000000000004,-2.1883856818870413,4.670411082572091
2025-10-30,1000,905,0.905,903,-0.1557694813137724,-0.18212933046805393,-5.495910663337792e-17,1.0,-1.9737258749246653,4.655078743313844
2025-10-31,1000,903,0.903,899,-0.11170290497900567,-0.14172759801577764,0.0,1.0000000000000004,-2.053862854191382,4.719066394804575
2025-11-03,1000,903,0.903,899,-0.10103179833178098,-0.14280285444133703,1.5737380636990037e-17,1.0000000000000009,-2.1263760000671774,4.831485094134606
2025-11-04,1000,902,0.902,898,-0.009393321493539422,-0.056983839617921035,-1.3785474363416579e-17,1.0,-2.116111482782283,4.5170573203558595
2025-11-05,1000,904,0.904,900,-0.06010842258204436,-0.09651215774309913,-8.842484266926026e-17,1.0000000000000004,-2.165519281199844,4.96029592506981
2025-11-06,1000,904,0.904,900,-0.060955919076992736,-0.09589635278958594,1.1986478672944167e-16,0.9999999999999988,-2.363644550619882,4.500968494113384
2025-11-07,1000,903,0.903,900,-0.06744437933126095,-0.07377378894740529,3.344193385360383e-17,0.9999999999999991,-2.1001987623421248,4.954108187273254
2025-11-10,1000,905,0.905,903,-0.039268818157931706,-0.0575227513981727,-1.1776951421438125e-17,1.0000000000000002,-2.288242271445222,4.917268573649014
2025-11-11,1000,907,0.907,903,-0.005307347934946661,-0.010299929015011412,-2.3501964799121286e-17,1.000000000000001,-2.1249290122297055,4.8401724519727525
2025-11-12,1000,907,0.907,903,0.0019766433594565814,-0.004842236857004525,-5.875491199780322e-17,0.9999999999999997,-2.166845436602314,4.787672517734228
2025-11-13,1000,909,0.909,905,-0.0402433120059587,-0.04083396889644858,1.563350353707591e-17,0.9999999999999998,-2.197701746161836,4.873087288009243
2025-11-14,1000,910,0.91,906,-0.05556392246339017,-0.034435932920929835,-1.1712242897144509e-17,0.9999999999999997,-2.5455079453201384,4.815944182549585
2025-11-17,1000,910,0.91,907,-0.04492931078630336,-0.015216809843496848,9.369794317715607e-17,0.9999999999999996,-2.52699116384481,4.829955591513138
2025-11-18,1000,909,0.909,907,-0.03398325740945868,-0.02277737574958719,-7.816751768537955e-18,1.0000000000000009,-2.707287299908236,4.463781548035531
2025-11-19,1000,908,0.908,904,0.010518657560387354,0.014635694811347527,-1.173804078898844e-17,0.9999999999999996,-2.621218747765086,4.517542021548065
2025-11-20,1000,907,0.907,903,0.031092990086383204,0.052097014498843366,-7.833988266373761e-17,1.0,-2.4956612164811727,4.477685037683182
2025-11-21,1000,907,0.907,901,0.08442017343830725,0.11069619696185376,-2.3501964799121286e-17,0.9999999999999999,-2.3473060130084655,4.595680247281118
2025-11-24,1000,907,0.907,903,0.1634566790551917,0.1675153328530577,5.0920923731429453e-17,1.000000000000001,-2.511425092116476,4.165013556806617
2025-11-25,1000,906,0.906,903,0.1554919991096676,0.16242584454843664,-1.5685270105079474e-17,0.9999999999999996,-2.397975670988552,4.163901380417062
2025-11-26,1000,907,0.907,906,0.14249704701012783,0.15743193965601626,-1.1750982399560643e-17,1.0,-2.374943969004837,4.713938899042729
2025-11-27,1000,908,0.908,907,0.14708263876381333,0.16360937512143886,3.1301442103969174e-17,0.9999999999999994,-2.431656821611086,5.1379621728174
2025-11-28,1000,910,0.91,907,0.09933431646469895,0.09195795623590776,-4.6848971588578034e-17,0.9999999999999996,-2.7213137938730143,4.482539260126843
2025-12-01,1000,908,0.908,905,0.09009381898699852,0.05063111813811726,1.3694380920486513e-17,1.0000000000000002,-2.7488597534901844,4.611496396688173
2025-12-02,1000,907,0.907,905,0.10772089241600091,0.04398015809433158,1.9584970665934405e-18,0.9999999999999991,-2.528036395841593,4.747922175058364
2025-12-03,1000,908,0.908,906,0.1334692645002253,0.05926141724702214,1.9563401314980734e-18,1.0,-2.3123054492014936,5.000631761446143
2025-12-04,1000,906,0.906,904,0.11662363515858187,0.071772092322524,-9.803293815674672e-18,0.9999999999999997,-2.427777090043141,5.134676885858239
2025-12-05,1000,907,0.907,905,0.14585068025686193,0.07026666206613544,3.916994133186881e-18,1.0000000000000007,-2.233843293811121,5.4590980591230975
2025-12-08,1000,907,0.907,905,0.11182555651826705,0.04628161622597019,1.9584970665934405e-18,0.9999999999999993,-2.2885699792551093,5.176424770176359
2025-12-09,1000,905,0.905,902,0.06948929143294705,0.00985664112475439,-3.9256504738127085e-18,1.0000000000000004,-2.366804623158076,4.997752822825714
2025-12-10,1000,906,0.906,904,0.07924268550120678,0.03761936861939745,0.0,1.0000000000000002,-2.3650104917115704,4.4369595227940675
2025-12-11,1000,904,0.904,900,0.08856746412892591,0.04783230052798065,-9.824982518806695e-18,0.9999999999999996,-2.581941158051768,4.583641605702588
2025-12-12,1000,904,0.904,898,0.08037267658281733,0.06926530629002055,-2.161496154137473e-17,1.0000000000000004,-2.411414969274998,4.481870385542976
2025-12-15,1000,903,0.903,899,0.02901248974952,0.023557798358965463,3.934345159247509e-18,1.000000000000001,-2.1605522950956777,4.944067241781946
2025-12-16,1000,903,0.903,899,0.062064174984083245,0.033711038637423585,3.934345159247509e-18,0.999999999999999,-2.227325854140501,5.020894397851417
2025-12-17,1000,903,0.903,898,0.05952965788499569,0.010250695033750796,-2.655682982492069e-17,1.0000000000000004,-2.1952514302111834,4.9737917094644235
2025-12-18,1000,901,0.901,898,0.06504844044142072,0.0031694823845347057,1.7743853001778308e-17,0.9999999999999997,-2.296330353188633,5.0065922206881535
2025-12-19,1000,900,0.9,897,0.00957744395323534,-0.03226059672673763,4.934324553889585e-18,0.9999999999999991,-2.5753107057837292,5.156177281081393
2025-12-22,1000,899,0.899,897,0.004727193830968551,-0.04235020339492534,-1.9759252941048392e-18,1.0000000000000004,-2.3548563847117654,4.276901452215142
2025-12-23,1000,899,0.899,898,0.003634817234330933,-0.04917510924544211,-9.879626470524196e-19,1.0000000000000004,-2.2806324671095903,4.362369000688746
2025-12-24,1000,899,0.899,898,-0.00427396571687725,-0.05599735637042118,-1.9759252941048392e-18,0.9999999999999994,-2.31215826468982,4.853456658327009
2025-12-25,1000,898,0.898,898,-0.007858397491538499,-0.03803790418323853,-9.890628281738588e-19,1.0000000000000002,-2.2576836504732354,4.722886221719018
2025-12-26,1000,898,0.898,897,-0.05010715748169627,-0.06430136862353207,5.934376969043153e-18,0.9999999999999996,-2.1335964760854615,4.596866890348019
2025-12-29,1000,897,0.897,896,-0.0341429512577991,-0.05639460278608929,0.0,1.0000000000000002,-2.0659877069200046,4.978784076508487
2025-12-30,1000,897,0.897,897,-0.058272372821329556,-0.07331139996959493,7.921323698551841e-18,0.9999999999999998,-1.9786407736632592,5.0719100348452795
2025-12-31,1000,897,0.897,896,-0.06482367440782363,-0.06751845054789049,1.5842647397103683e-17,0.9999999999999999,-2.0417260586894774,4.678688802298413
2026-01-05,1000,897,0.897,896,-0.0641143191724576,-0.048369397699934834,-2.5744302020293485e-17,1.0000000000000007,-2.38427519009024,4.444371250414447
2026-01-06,1000,898,0.898,897,-0.04691535694370049,-0.03442226431366803,-3.956251312695435e-18,0.9999999999999994,-1.8366117289028963,4.928641316205807
2026-01-07,1000,898,0.898,897,-0.1011744865901914,-0.05442193553941486,-3.956251312695435e-18,1.000000000000001,-1.8460839497099777,4.654556983855163
2026-01-08,1000,900,0.9,898,-0.10829442011934752,-0.07672420967270947,3.947459643111668e-18,0.9999999999999988,-2.1035486973795545,4.545048496576379
2026-01-09,1000,900,0.9,897,-0.10385077632565597,-0.051798414573501685,-1.578983857244667e-17,1.0000000000000002,-1.8487812906240382,4.694708961576098
2026-01-12,1000,900,0.9,896,-0.09051095227576265,-0.029029941366447265,-7.894919286223335e-18,1.0,-2.2192309020172294,4.855325121418994
2026-01-13,1000,901,0.901,899,-0.08768398673489072,-0.06890652349341746,1.182923533451887e-17,1.0000000000000002,-2.493032933933772,4.8925285326383205
2026-01-14,1000,900,0.9,899,-0.05725487249571695,-0.03333475425280345,2.3684757858670008e-17,1.0,-2.29709406943724,5.056621168037886
2026-01-15,1000,899,0.899,898,-0.064394232091955,-0.041743461716966385,-5.137405764672582e-17,1.0000000000000013,-2.363821164580389,5.374257285975599
2026-01-16,1000,897,0.897,896,-0.0337565816995101,-0.008107867431044377,4.554761126667309e-17,1.0000000000000007,-2.600834363176221,5.133401097628838
2026-01-19,1000,897,0.897,895,-0.045698301685718055,-0.038109362873848106,2.3763971095655524e-17,0.9999999999999999,-2.643447302957295,4.975010023255005
2026-01-20,1000,899,0.899,897,0.00484622725118863,-0.011647742751562308,-1.7783327646943553e-17,1.0000000000000007,-2.4429782824965733,4.395291856926199
2026-01-21,1000,898,0.898,896,0.015999151818546224,0.013110309750165132,3.956251312695435e-18,0.999999999999999,-2.449369921536116,5.110650495710063
2026-01-22,1000,898,0.898,894,0.0054462772968681605,-0.014382856196554338,3.9562513126954353e-17,1.0000000000000007,-2.5050297988292143,5.175751804198306
2026-01-23,1000,901,0.901,897,0.02012111835584283,0.004090726728802659,-1.5772313779358495e-17,1.0000000000000007,-2.245948021852913,4.8309383107590245
2026-01-26,1000,898,0.898,895,-0.020476682429722854,-0.013061622124713141,3.956251312695435e-18,1.0000000000000007,-2.2436946666362276,4.80244077799195
2026-01-27,1000,898,0.898,895,0.01333742527464143,0.038033854731749556,7.91250262539087e-18,0.9999999999999994,-2.144989571749806,4.673278781285368
2026-01-28,1000,899,0.899,896,0.04164281955274352,0.061751554053513846,7.903701176419357e-18,1.0000000000000007,-2.1871498098626443,5.078894845978366
2026-01-29,1000,899,0.899,897,0.027847364189644293,0.030638907072429063,-1.5807402352838714e-17,0.9999999999999992,-2.522630027088785,4.8759645885332805
2026-01-30,1000,899,0.899,896,-0.009917920108469694,-0.04004753709822891,1.9759252941048393e-17,0.9999999999999996,-2.5980468109354526,4.849061200247119
2026-02-02,1000,898,0.898,897,-0.02893549034634971,-0.07783335436881435,4.3518764439649786e-17,0.9999999999999987,-2.3508976816607485,5.160940946633277
2026-02-03,1000,898,0.898,897,-0.0807560447337018,-0.09591133871538457,1.1868753938086306e-17,1.0000000000000002,-2.5710669847036427,5.358295682777451
2026-02-04,1000,899,0.899,898,-0.030962289433917753,-0.06473404239982021,-9.879626470524196e-17,1.0000000000000002,-2.464714254662583,5.586356029824022
2026-02-05,1000,899,0.899,898,-0.026930985298208178,-0.03175107266543968,0.0,0.9999999999999992,-2.498368358544127,6.493991818929842
2026-02-06,1000,898,0.898,897,-0.06361502993209783,-0.06187901681955909,-4.3518764439649786e-17,1.0000000000000016,-2.586729924889585,6.745512868008392
2026-02-09,1000,898,0.898,898,-0.12406633007429477,-0.10586536984554533,-1.9781256563477176e-18,0.9999999999999991,-2.676837935318633,6.911992002801503
2026-02-10,1000,900,0.9,899,-0.08296244634004833,-0.07517665925057952,3.947459643111668e-17,0.9999999999999993,-2.473764040852798,6.249643058493707
2026-02-11,1000,900,0.9,899,-0.07430877660159282,-0.10763992936306907,-1.578983857244667e-17,0.9999999999999994,-2.5133152114987216,6.248273670675728
2026-02-12,1000,899,0.899,899,-0.130954824810541,-0.1289058452309875,3.359072999978227e-17,0.9999999999999992,-2.366964356883653,5.942483732311724
2026-02-13,1000,898,0.898,897,-0.13237194074725933,-0.13713036322155617,-7.91250262539087e-18,1.0000000000000002,-2.621826333764034,5.510963620035688
2026-02-24,1000,898,0.898,897,-0.12548282974745742,-0.1389360500030528,3.7584387470606634e-17,1.0000000000000004,-2.9479196834948067,5.106415363055374
2026-02-25,1000,898,0.898,898,-0.11554205588077185,-0.12664355095521146,2.967188484521577e-17,1.0000000000000009,-2.67713081328031,5.12144696692816
2026-02-26,1000,897,0.897,897,-0.2007984669365475,-0.1831307030331823,4.3567280342035126e-17,1.0,-2.315148333188534,5.129322516823828
2026-02-27,1000,897,0.897,895,-0.21732624761420188,-0.1814546522132731,2.1783640171017563e-17,1.0000000000000002,-2.3609331735637817,5.585433284380719
2026-03-02,1000,896,0.896,896,-0.21941196515371011,-0.1903967359207331,-6.938893903907228e-18,1.0000000000000004,-2.406242251862766,5.752488166366568
2026-03-03,1000,895,0.895,895,-0.10787729357065527,-0.11928413077775551,1.78628062062595e-17,0.999999999999999,-2.4639578196087886,6.075148486383383
2026-03-04,1000,893,0.893,893,-0.18510025938708075,-0.1711143606429193,2.0886614573015262e-17,0.9999999999999997,-2.5384488075028333,5.30732897031391
2026-03-05,1000,895,0.895,895,-0.18969336247062935,-0.16331182524825608,-2.828277649324421e-17,0.9999999999999986,-2.3708802342912763,5.539797603906146
2026-03-06,1000,896,0.896,896,-0.142126211819099,-0.1335362187605933,4.2624633981144406e-17,1.0000000000000007,-2.5260396985121956,4.8876487783761355
2026-03-09,1000,896,0.896,896,-0.10473820110111053,-0.1055600689709258,-4.163336342344337e-17,0.9999999999999993,-2.2844836121312193,4.454095922610413
2026-03-10,1000,896,0.896,896,-0.10918785807740167,-0.07765564312989219,4.956352788505163e-18,1.0000000000000002,-2.3073838911646884,4.6747694589234055
2026-03-11,1000,897,0.897,897,-0.031192495777486923,-0.042792287505873716,-1.9803309246379603e-18,1.0000000000000002,-2.3920466031240597,4.784843261029683
2026-03-12,1000,898,0.898,898,-0.07408110114819096,-0.07662013167381669,9.890628281738588e-18,0.9999999999999986,-2.37975753220324,4.562816818108324
2026-03-13,1000,899,0.899,899,-0.05337421243071853,-0.07705633627050483,-2.6674991470415328e-17,1.0000000000000002,-2.32130705714544,4.376522266587487
2026-03-16,1000,900,0.9,900,-0.0213445708091446,-0.02779016611045267,1.578983857244667e-17,1.0000000000000013,-2.3340268528508594,4.058906079300881
2026-03-17,1000,900,0.9,900,0.004576633712038714,-0.006246748478482682,-1.578983857244667e-17,0.9999999999999997,-2.479339385426365,3.9600300668034025
2026-03-18,1000,900,0.9,899,0.01590747220335364,0.0031736659617397286,-3.947459643111668e-18,1.0000000000000004,-2.708076507212275,4.361674588857002
2026-03-19,1000,898,0.898,897,0.07036091549286254,0.04093230700584494,8.90156545356473e-18,1.0,-2.268607788336781,4.566644331676822
2026-03-20,1000,896,0.896,895,0.14876767210254901,0.08633625082245983,-1.486905836551549e-17,0.999999999999999,-2.1387463708566075,4.3691795106849955
2026-03-23,1000,891,0.891,890,0.09810828628081031,0.06663817743229665,9.96833243210017e-18,0.9999999999999997,-2.2832423366801655,4.500121726393032
2026-03-24,1000,896,0.896,894,0.1412777780057612,0.08908994527253393,-2.9738116731030977e-18,0.9999999999999996,-2.1597115890681495,4.5237145450493665
2026-03-25,1000,898,0.898,896,0.13476578093571218,0.09216422546030374,1.780313090712946e-17,0.9999999999999991,-2.1516528657190466,4.498479026351226
2026-03-26,1000,897,0.897,893,0.1717582513357555,0.10749903342255264,-2.9704963869569405e-18,0.9999999999999993,-2.200660249296604,4.5600322602835455
2026-03-27,1000,899,0.899,897,0.13926968220764924,0.07910325111135987,-1.3831477058733874e-17,1.0000000000000002,-2.4644255721277233,4.825144495690902
2026-03-30,1000,900,0.9,896,0.09387563644702614,0.05528504972254249,3.0592812234115424e-17,1.0000000000000018,-2.5092149699874073,4.86483084866327
2026-03-31,1000,901,0.901,895,0.09244068513020422,0.05962091081008633,-9.857696112099059e-18,0.9999999999999991,-2.5458109970214164,5.1022369844027295
2026-04-01,1000,899,0.899,897,0.08803207015821611,0.06446143328653012,1.7783327646943553e-17,1.0000000000000002,-2.6333882082333138,4.877875400603285
2026-04-02,1000,900,0.9,899,0.1150183726316563,0.06686658085545712,-1.4309541206279795e-17,0.9999999999999994,-2.399329944909705,4.7521193473858
2026-04-03,1000,899,0.899,899,0.1052402809521875,0.06263328242521854,-8.397682499945567e-18,0.9999999999999993,-2.5761357085242946,4.894485780950628
2026-04-07,1000,899,0.899,899,0.1135507244531156,0.04590512785818809,-7.409719852893147e-18,1.0000000000000016,-2.5602410455170848,4.670090470315483
2026-04-08,1000,900,0.9,900,0.1303255250989213,0.05804330635599908,1.4802973661668754e-17,1.0000000000000002,-2.4436562518929588,4.71646127755906
2026-04-09,1000,899,0.899,899,0.1366408905121107,0.06179178738477789,-3.9518505882096784e-18,1.000000000000001,-2.4245681693672805,4.673753651516663
2026-04-10,1000,900,0.9,900,0.16679035735771144,0.04466745638524594,-3.947459643111668e-18,0.9999999999999986,-2.459699419230042,4.502890292370927
2026-04-13,1000,900,0.9,900,0.15101140203188484,0.04992982706808519,-1.973729821555834e-17,1.0,-2.6070034669211246,4.51951994358876
2026-04-14,1000,902,0.902,902,0.1531447953921369,0.05318231102866529,-1.575482784390466e-17,0.9999999999999994,-2.4964955941930196,4.685742298403546
2026-04-15,1000,902,0.902,902,0.11907430264060777,0.012051027422196586,5.908060441464248e-18,0.9999999999999996,-2.465306328573576,4.350269800187444
2026-04-16,1000,901,0.901,901,0.12696811942726827,0.026077516370137874,5.914617667259435e-18,0.999999999999999,-2.6212188780819035,4.43795166815199
2026-04-17,1000,902,0.902,901,0.11611487439485724,-0.0016668185605399131,-3.791005449939559e-17,1.0000000000000004,-2.5828850665920493,4.435643674898883
2026-04-20,1000,902,0.902,902,0.09415863863436352,-0.003131189976790929,-3.938706960976165e-18,0.9999999999999993,-2.6720083306326456,4.4516496800160565
2026-04-21,1000,901,0.901,901,0.028267810697121202,-0.07044416473461024,3.943078444839624e-18,1.0,-2.661292123536063,4.748917396373099
2026-04-22,1000,903,0.903,902,-0.006753628402695995,-0.07881049728782787,-2.3606070955485057e-17,0.9999999999999992,-2.255563875481105,4.652510149774991
2026-04-23,1000,900,0.9,900,-0.009897884058287029,-0.10154543442459162,-7.894919286223335e-18,0.9999999999999996,-2.2196879932189204,4.249598345355575
2026-04-24,1000,901,0.901,899,-0.07030425471345664,-0.12024884582741381,7.886156889679247e-18,0.9999999999999989,-2.443871764439819,4.247567904506253
2026-04-27,1000,900,0.9,900,-0.027403039285924104,-0.10065071726693785,1.1842378929335004e-17,0.9999999999999999,-2.3442994596101983,4.673235063516022
2026-04-28,1000,900,0.9,898,-0.03793883183304597,-0.10637971314817314,-7.894919286223335e-18,0.9999999999999998,-2.1081424452132294,4.640255389700319
2026-04-29,1000,900,0.9,896,-0.08080977339104503,-0.1082827806420226,-3.157967714489334e-17,1.0000000000000004,-2.431950393406822,4.277379691760341
2026-04-30,1000,898,0.898,898,-0.058497793078608876,-0.10994007547282744,2.3737507876172613e-17,1.0000000000000004,-2.395562824893076,4.465814278742791
2026-05-06,1000,899,0.899,899,-0.09057601932796502,-0.10889274855792401,3.161480470567743e-17,0.9999999999999996,-2.682468031911439,4.975457071631859
2026-05-07,1000,902,0.902,902,-0.038094485122886386,-0.06107821241003443,-2.363224176585699e-17,0.999999999999999,-2.573567578573436,4.678327213864145
2026-05-08,1000,902,0.902,902,-0.080329938956889,-0.08854187570405701,1.575482784390466e-17,0.9999999999999997,-2.685625945101291,4.380165661533852
2026-05-11,1000,904,0.904,904,-0.0342231838533802,-0.05193326308611608,3.53699370677041e-17,0.999999999999999,-2.402336545045982,4.546879460456082
2026-05-12,1000,902,0.902,902,-0.004408188359273262,-0.0388174877911569,-3.938706960976165e-18,1.0000000000000007,-2.2415124210972106,4.44928901192165
2026-05-13,1000,903,0.903,903,0.009256075371821139,-0.0004274484068078053,0.0,1.0000000000000007,-2.351186633299111,4.108679001520395
2026-05-14,1000,900,0.9,900,0.03537201090714776,0.007690100028930077,-7.894919286223335e-18,0.9999999999999996,-2.458711606479007,4.478734646784526
2026-05-15,1000,898,0.898,898,0.05152525750870929,-0.004197316087710426,3.956251312695435e-18,1.0000000000000002,-2.438316738522658,4.709049936489695
2026-05-18,1000,899,0.899,899,0.07657368607850043,0.007825200514905206,1.9759252941048393e-17,0.999999999999999,-2.4298513994923434,4.296785624977485
2026-05-19,1000,899,0.899,899,0.08466646183866683,-0.010331969986993591,-3.9518505882096784e-18,0.9999999999999994,-2.654512007301865,4.159621559196725
2026-05-20,1000,897,0.897,897,0.09430231361341201,-0.02375931690319944,3.564595664348329e-17,0.9999999999999997,-2.574261436170482,4.4730688044845905
2026-05-21,1000,896,0.896,896,0.11796654823396757,-0.009786195446089064,-2.3790493384824782e-17,0.9999999999999986,-2.4087832675437015,4.4010354459269685
2026-05-22,1000,896,0.896,896,0.13169009282356506,0.03441639787614072,-9.912705577010326e-18,1.0000000000000004,-2.332645907408996,4.483140975970479
2026-05-25,1000,897,0.897,897,0.1628290249103181,0.09245163794884441,-1.9803309246379605e-17,1.0,-2.1510850703586515,4.534497877388492
2026-05-26,1000,897,0.897,897,0.1681847506545943,0.10949162834544869,3.960661849275921e-17,1.0000000000000007,-2.173140719426407,4.755017878206151
2026-05-27,1000,894,0.894,894,0.13963916689687492,0.0864333481979391,2.3843715965104033e-17,0.9999999999999996,-2.0211056727515357,4.7945658993033184
2026-05-28,1000,892,0.892,891,0.08404291711244916,0.07309067565529498,-1.5931451474441708e-17,1.0000000000000002,-2.2798051845554435,4.614242530537422
2026-05-29,1000,891,0.891,889,0.07973769338140049,0.09082847658080863,-3.987332972840069e-18,1.0000000000000004,-2.319314725991813,4.863213118311121
2026-06-01,1000,894,0.894,893,0.12871122908148916,0.11560888753601031,-3.973952660850672e-18,1.0000000000000007,-2.201657201528559,4.357457290194996
2026-06-02,1000,892,0.892,891,0.10396285266173409,0.10766367763898876,3.982862868610427e-17,0.9999999999999999,-2.151223651635149,4.731133916741108
2026-06-03,1000,891,0.891,890,0.10861966362822893,0.1089372255434363,3.189866378272055e-17,0.9999999999999992,-2.022784633342971,4.936186844752933
2026-06-04,1000,890,0.89,890,0.12609116494596456,0.13354132628867993,1.995906561123877e-17,0.9999999999999994,-2.083902392550432,5.2349816471639405
2026-06-05,1000,890,0.89,890,0.1570493699712725,0.16073184076369076,1.1975439366743262e-17,0.9999999999999988,-2.001709739848593,5.236618431404605
2026-06-08,1000,887,0.887,887,0.1392198259219214,0.14799252834657264,-2.002657090642898e-18,1.0000000000000016,-2.0840641019041857,5.315449512278106
2026-06-09,1000,889,0.889,889,0.10729452714945394,0.12467245899237567,-1.9981516753658612e-18,1.000000000000001,-2.1409252108257113,5.200292761736096
2026-06-10,1000,886,0.886,886,0.13340885194640176,0.1292870082806972,-3.608851366727371e-17,0.9999999999999999,-2.1500748514249914,5.22075758811221
2026-06-11,1000,886,0.886,886,0.05313817968801128,0.08914316397166736,1.0024587129798254e-17,0.9999999999999991,-2.326222504083202,5.213660104640771
2026-06-12,1000,888,0.888,888,0.03190805340233409,0.0789299364971902,-1.200241107702872e-17,1.0000000000000002,-2.3987730906247524,4.9950474589648675
2026-06-15,1000,888,0.888,888,0.04571530831305502,0.08265199955441258,6.00120553851436e-18,0.9999999999999992,-2.544339952878173,5.070787236675951
2026-06-16,1000,888,0.888,888,-0.07400892474850576,0.00022159411754289925,6.00120553851436e-18,1.0000000000000009,-2.3704176341855354,5.024559044431788
2026-06-17,1000,887,0.887,887,-0.13964200356139422,-0.045648325687723014,1.6021256725143183e-17,0.9999999999999996,-2.4854862784346237,4.726236291693463
2026-06-18,1000,885,0.885,885,-0.23388367223565018,-0.11696921736959637,-2.007182869378814e-18,0.9999999999999992,-2.6567081833370643,4.849416669083638
2026-06-22,1000,888,0.888,888,-0.3109412888160095,-0.17338369700289744,-2.400482215405744e-17,0.9999999999999996,-2.669593754742673,5.126801675347246
2026-06-23,1000,888,0.888,888,-0.29812353033070904,-0.22727329747841613,-1.6003214769371626e-17,0.9999999999999983,-2.7117337194085747,4.969250531038915
2026-06-24,1000,886,0.886,885,-0.32259001718474434,-0.23210953318675412,-3.207867881535441e-17,0.9999999999999991,-2.9304139691192628,4.703712428872057
2026-06-25,1000,885,0.885,884,-0.35612148201603344,-0.24285090647932023,-2.6093377301924584e-17,0.9999999999999999,-2.9988002281654174,4.951562811988043
2026-06-26,1000,882,0.882,880,-0.3678259433807914,-0.2512025382266426,-4.0280200439914976e-17,0.9999999999999999,-2.990703061069381,4.864175171215621
2026-06-29,1000,880,0.88,879,-0.32348748876407496,-0.2003717682292941,-1.049665405100148e-16,1.0000000000000004,-3.0034340392183907,4.806553292947598
2026-06-30,1000,877,0.877,876,-0.36526480862705035,-0.22130988664540677,1.2152954431472638e-17,1.0,-2.9883647640976667,5.349249555061942
2026-07-01,1000,885,0.885,885,-0.3618042929241423,-0.2182419065872443,6.021548608136442e-18,1.0000000000000002,-3.141269019588668,5.398883599912088
2026-07-02,1000,882,0.882,882,-0.39866423171147103,-0.26786727112059705,-4.0280200439914976e-17,1.0,-3.015383438559171,4.915044515777714
2026-07-03,1000,882,0.882,882,-0.42940668908231433,-0.2891404294878044,8.056040087982996e-18,1.0000000000000002,-3.193601591808238,4.930863427355079
2026-07-06,1000,891,0.891,891,-0.45452667009121367,-0.3265192711045868,5.183532864692089e-17,1.0,-3.176662917210842,4.948759099518101
2026-07-07,1000,888,0.888,888,-0.4334025501886663,-0.31691107969193,-8.001607384685813e-18,0.9999999999999996,-3.1424520724830294,5.434761617940568
2026-07-08,1000,887,0.887,887,-0.42176579146593085,-0.33198046357470445,-8.010628362571591e-18,0.9999999999999993,-3.1505638336008825,5.270090647675046
2026-07-09,1000,887,0.887,887,-0.3936579016466652,-0.31387099064641477,4.005314181285796e-18,1.0000000000000004,-2.969023421189417,5.441905484916788
2026-07-10,1000,889,0.889,889,-0.3017050863725533,-0.2677758414306802,9.191497706682961e-17,1.0000000000000004,-2.924330665148784,5.3135510969742565
2026-07-13,1000,888,0.888,887,-0.2926583765210604,-0.25239522081573673,0.0,0.9999999999999999,-2.8013133428598533,5.128107616683855
2026-07-14,1000,888,0.888,887,-0.3452504595729532,-0.3030257908149687,-1.6003214769371626e-17,0.9999999999999997,-2.9233372574344774,5.169650257320503
2026-07-15,1000,892,0.892,891,-0.21046016864331102,-0.21870050691883103,2.788004008027299e-17,0.9999999999999997,-2.948414483821279,5.195983883445198
2026-07-16,1000,894,0.894,893,-0.12877044561140047,-0.13084014846416142,-4.7687431930208065e-17,1.0000000000000007,-3.036677073958341,5.104099457526948
2026-07-17,1000,890,0.89,889,-0.013380985439826947,-0.03564814666554798,6.786082307821182e-17,0.9999999999999999,-3.0690106751526973,5.127692098166475
2026-07-20,1000,891,0.891,890,0.2615901484714117,0.1736108002813482,-1.5949331891360275e-17,1.0000000000000002,-3.0001679142804,5.240051441398176
2026-07-21,1000,888,0.888,887,0.14309099190529231,0.09804955000695083,1.200241107702872e-17,0.9999999999999997,-2.9398237801535685,5.2456370488670165
2026-07-22,1000,888,0.888,885,0.11833461363799057,0.11440785184360872,-6.40128590774865e-17,1.0000000000000013,-2.980303040217114,5.522944482549283
2026-07-23,1000,888,0.888,886,0.1484736785866748,0.13941334665683514,-1.400281292320017e-17,1.0000000000000009,-2.951672359756072,5.500239128729542
2026-07-24,1000,885,0.885,883,0.1306822059072888,0.08355595411594187,2.2079011563166956e-17,1.000000000000001,-2.873804771812062,5.498838652971178
2026-07-27,1000,891,0.891,890,0.027972504321316507,0.03485510300785985,1.395566540494024e-17,0.9999999999999994,-2.864264097152933,6.098227456386891
2026-07-28,1000,892,0.892,890,0.16606505330208468,0.16221252580963597,1.5931451474441708e-17,0.9999999999999997,-2.9027893423718343,5.960680088771207
2026-07-29,1000,897,0.897,896,0.2018081097510087,0.16941817642825974,5.940992773913881e-18,0.9999999999999997,-2.96612508894664,5.77678165192049
2026-07-30,1000,899,0.899,898,0.19400411614421803,0.12496878097744658,1.1855551764629036e-17,0.9999999999999999,-2.9255185312508996,5.638498865085969
2026-07-31,1000,903,0.903,902,0.21048448988785592,0.13040860908786867,3.9343451592475096e-17,0.9999999999999993,-2.8591529631287083,5.429523498893868
2026-08-03,1000,905,0.905,904,0.26499558075335794,0.16469473346792712,5.005204354111203e-17,1.0,-2.8402595135161595,5.553840060854428
2026-08-04,1000,901,0.901,901,0.12086524094956308,0.07847521629291092,-1.2815004945728777e-17,1.0000000000000002,-2.9133081301302877,5.4236826407675425
2026-08-05,1000,901,0.901,901,0.06072058243484487,0.03945857314893502,-5.717463745017454e-17,1.0000000000000004,-3.1620502682547342,5.2747080312677905
2026-08-06,1000,902,0.902,902,-0.003433245745621706,0.030531670781415114,-9.059026010245179e-17,0.9999999999999996,-2.8117730379257897,5.629982870685901
2026-08-07,1000,902,0.902,902,-0.13049325488069458,-0.07419566512452874,4.431045331098186e-17,1.0000000000000002,-2.944081301659396,5.428084971270727
2026-08-10,1000,904,0.904,903,-0.029950466380829054,0.0004943656027408479,1.0807480770687364e-17,1.0000000000000004,-3.024372561953783,5.276508600480436
2026-08-11,1000,902,0.902,902,-0.044760210016499706,-0.004307022407334788,-4.824916027195802e-17,1.0,-2.9046148683406803,5.345724962682582
2026-08-12,1000,902,0.902,902,-0.057369623067014194,0.00586664494728491,3.791005449939559e-17,1.0,-2.9878978735601835,5.039256378596912
2026-08-13,1000,905,0.905,905,-0.04070150568035284,0.0042104689875741156,-4.8579924613432266e-17,1.0,-3.09841694129241,4.917569723651185
2026-08-14,1000,897,0.897,896,-0.027698974167639046,0.0351414396060425,8.762964341522975e-17,1.0000000000000002,-3.084666636469487,4.568611127135104
2026-08-17,1000,900,0.9,898,0.029250060329186974,0.08207147568451877,-1.934255225124717e-16,0.9999999999999998,-2.988299341432166,3.4408044407944014
2026-08-18,1000,899,0.899,897,0.021522191191779547,0.06055237268577452,-4.5446281764411305e-17,0.9999999999999996,-2.743068153709485,3.9479108735160833
