date,group,formed_count,valid_count,mean_forward_return
2023-01-03,1,180,180,0.08135973877693999
2023-01-03,2,179,179,0.07474920936218478
2023-01-03,3,180,180,0.0655654995966889
2023-01-03,4,179,179,0.06735571824301795
2023-01-03,5,179,179,0.06430815115816298
2023-01-04,1,180,180,0.0709938105797128
2023-01-04,2,180,180,0.06061135771216612
2023-01-04,3,179,179,0.054187884477881046
2023-01-04,4,180,180,0.04410466668277246
2023-01-04,5,179,179,0.04540808946509438
2023-01-05,1,180,180,0.07832077274888898
2023-01-05,2,180,180,0.07388267583113992
2023-01-05,3,180,180,0.0653195409762176
2023-01-05,4,180,180,0.04838604112704383
2023-01-05,5,179,179,0.05499767466884289
2023-01-06,1,180,180,0.06785240669438619
2023-01-06,2,180,180,0.06819776807885013
2023-01-06,3,180,180,0.06537096643958286
2023-01-06,4,180,179,0.04884381594989508
2023-01-06,5,179,179,0.04806359996480206
2023-01-09,1,180,180,0.06948941846003455
2023-01-09,2,180,180,0.07568641211202704
2023-01-09,3,180,180,0.07432915785319645
2023-01-09,4,180,180,0.06447365386557863
2023-01-09,5,179,179,0.05436826658852319
2023-01-10,1,180,180,0.07669565396551606
2023-01-10,2,180,180,0.07273113785541209
2023-01-10,3,179,179,0.07758342620291955
2023-01-10,4,180,180,0.05911044463869985
2023-01-10,5,179,179,0.05277797735682993
2023-01-11,1,180,180,0.07740052615869104
2023-01-11,2,179,178,0.08715728827145779
2023-01-11,3,179,179,0.07976215205902774
2023-01-11,4,179,179,0.06737062868109134
2023-01-11,5,179,179,0.056927064525986976
2023-01-12,1,180,180,0.057143326553534456
2023-01-12,2,179,179,0.06668628300140554
2023-01-12,3,179,179,0.05834753704719399
2023-01-12,4,179,179,0.055554033253354965
2023-01-12,5,179,179,0.04269582615165422
2023-01-13,1,180,180,0.04790484366113142
2023-01-13,2,179,179,0.04607493973587786
2023-01-13,3,180,180,0.05108394305605943
2023-01-13,4,179,179,0.042282485689120144
2023-01-13,5,179,179,0.031713636990325346
2023-01-16,1,180,180,0.044997347769374446
2023-01-16,2,180,180,0.05427257185394187
2023-01-16,3,180,180,0.05208492344199885
2023-01-16,4,180,180,0.053880855684713465
2023-01-16,5,180,180,0.0534426783892717
2023-01-17,1,180,180,0.0515681660850687
2023-01-17,2,180,180,0.043406444296149226
2023-01-17,3,180,180,0.050785594088138444
2023-01-17,4,180,180,0.0549906511108897
2023-01-17,5,180,180,0.053722916220403975
2023-01-18,1,181,181,0.0526973402542517
2023-01-18,2,180,180,0.04583349633628326
2023-01-18,3,181,181,0.05530283422644528
2023-01-18,4,180,180,0.061931936693299626
2023-01-18,5,180,180,0.06068373049332795
2023-01-19,1,180,180,0.03135633124768096
2023-01-19,2,180,180,0.03943734003334379
2023-01-19,3,180,180,0.04282538278808116
2023-01-19,4,180,180,0.0496181905092073
2023-01-19,5,180,180,0.04337230076220175
2023-01-20,1,181,181,0.003834420901372015
2023-01-20,2,181,181,0.023158500560273198
2023-01-20,3,181,181,0.02405697828531122
2023-01-20,4,181,181,0.02120868009500144
2023-01-20,5,180,180,0.009609766708427947
2023-01-30,1,182,182,0.0030718365932661663
2023-01-30,2,181,181,0.02728699710491969
2023-01-30,3,181,181,0.028538383537795618
2023-01-30,4,181,181,0.031028687779556703
2023-01-30,5,181,181,0.01995805124377929
2023-01-31,1,182,182,0.008715476444656032
2023-01-31,2,181,181,0.029181156226730117
2023-01-31,3,182,182,0.025576390889794434
2023-01-31,4,181,181,0.02781632946257852
2023-01-31,5,181,181,0.02741306242410127
2023-02-01,1,182,182,0.0029076486936097426
2023-02-01,2,182,182,0.018901935675883587
2023-02-01,3,182,182,0.020900948113659588
2023-02-01,4,182,182,0.021290252246151525
2023-02-01,5,182,182,0.021029994947612315
2023-02-02,1,183,183,-0.0024365773149559625
2023-02-02,2,182,182,0.01528429153954364
2023-02-02,3,182,182,0.039984902004185634
2023-02-02,4,182,182,0.02562648554836478
2023-02-02,5,182,182,0.021090781510434847
2023-02-03,1,183,183,0.007675027523675429
2023-02-03,2,183,183,0.027663165627826926
2023-02-03,3,182,182,0.03684360987469825
2023-02-03,4,183,182,0.03733229823457004
2023-02-03,5,182,182,0.02341338085053203
2023-02-06,1,183,183,-0.0006362027312378576
2023-02-06,2,182,182,0.03484616426089006
2023-02-06,3,183,183,0.025706829743566615
2023-02-06,4,182,181,0.031788732575399097
2023-02-06,5,182,182,0.027442188391292217
2023-02-07,1,183,183,-0.023463723383784683
2023-02-07,2,183,183,-0.0010602272564017349
2023-02-07,3,182,182,0.005721930413076814
2023-02-07,4,183,182,0.0068835546234597466
2023-02-07,5,182,182,0.00289360817980916
2023-02-08,1,183,183,-0.008823914840200503
2023-02-08,2,183,183,0.015985581628151866
2023-02-08,3,182,182,0.026285956645671356
2023-02-08,4,183,182,0.027263519810769514
2023-02-08,5,182,182,0.019047531755864364
2023-02-09,1,183,183,-0.027364146384495084
2023-02-09,2,183,183,-0.006653326372331349
2023-02-09,3,183,183,-0.0009361469371665076
2023-02-09,4,183,182,0.007433097672339005
2023-02-09,5,183,183,-0.010550163313699198
2023-02-10,1,183,183,-0.034859669934641284
2023-02-10,2,183,183,-0.015385115757083236
2023-02-10,3,183,183,-0.011603110339559242
2023-02-10,4,183,183,0.00042830370185334074
2023-02-10,5,183,183,-0.0265572316305569
2023-02-13,1,183,183,-0.03750032162955908
2023-02-13,2,183,183,-0.01661592386089068
2023-02-13,3,183,183,-0.014565323714819452
2023-02-13,4,183,183,-0.004881161838283332
2023-02-13,5,182,182,-0.027851266230741425
2023-02-14,1,183,183,-0.040787511457727355
2023-02-14,2,183,183,-0.025102441354697823
2023-02-14,3,183,183,-0.01593706134789456
2023-02-14,4,183,183,-0.01005089437859618
2023-02-14,5,182,182,-0.036194098759173995
2023-02-15,1,183,183,-0.049001851425165596
2023-02-15,2,183,183,-0.032809124052528026
2023-02-15,3,183,183,-0.010956677949193378
2023-02-15,4,183,183,-0.006556477410309967
2023-02-15,5,183,183,-0.039581766493309814
2023-02-16,1,183,183,-0.03203304233547844
2023-02-16,2,183,183,-0.015472723859370159
2023-02-16,3,183,183,0.0008672111991818066
2023-02-16,4,183,183,-0.0062813781261224924
2023-02-16,5,183,183,-0.02103382122342258
2023-02-17,1,183,183,-0.023643168827086843
2023-02-17,2,183,183,0.006172041361738789
2023-02-17,3,183,183,-0.0008683444106884452
2023-02-17,4,183,183,0.012646908810632284
2023-02-17,5,182,182,-0.024213211475585278
2023-02-20,1,184,184,-0.03232709842528145
2023-02-20,2,183,183,-0.019093120902765444
2023-02-20,3,184,184,-0.02307217471745943
2023-02-20,4,183,183,-0.01649907117863561
2023-02-20,5,183,183,-0.045785719943296166
2023-02-21,1,185,185,-0.02087264377231295
2023-02-21,2,184,184,-0.006670602359894449
2023-02-21,3,185,185,-0.005555817237481366
2023-02-21,4,184,184,-0.002780355769089396
2023-02-21,5,184,184,-0.035183873199005324
2023-02-22,1,185,185,-0.01849014180176243
2023-02-22,2,184,184,-0.003600582558732881
2023-02-22,3,184,184,-0.012380443054477776
2023-02-22,4,184,184,-0.006225936191206414
2023-02-22,5,184,184,-0.037096661517121855
2023-02-23,1,184,184,-0.004606094263865719
2023-02-23,2,184,184,0.008468414676047574
2023-02-23,3,184,184,-0.001842360005690076
2023-02-23,4,184,184,0.0018303022762157276
2023-02-23,5,184,184,-0.021243665179061594
2023-02-24,1,184,184,0.0027139365478496295
2023-02-24,2,184,184,0.007763442689229182
2023-02-24,3,184,184,0.004583835627065497
2023-02-24,4,184,184,0.001984231204369666
2023-02-24,5,184,184,-0.004290963072461249
2023-02-27,1,183,183,0.005612930836415459
2023-02-27,2,183,183,0.01789763487567456
2023-02-27,3,183,183,-0.00058585989028143
2023-02-27,4,183,183,-0.0015912979662143383
2023-02-27,5,183,183,-0.004997663200038652
2023-02-28,1,184,184,-0.00392354634018786
2023-02-28,2,184,184,-0.007571955588785836
2023-02-28,3,183,183,-0.004037763900941946
2023-02-28,4,184,184,-0.01053242192676462
2023-02-28,5,183,183,-0.016022913462895524
2023-03-01,1,185,185,-0.02403644686072789
2023-03-01,2,184,184,-0.012370905526653382
2023-03-01,3,184,184,-0.027564654514209495
2023-03-01,4,184,184,-0.020186030575753303
2023-03-01,5,184,184,-0.026709260370164162
2023-03-02,1,185,185,-0.02582437690162889
2023-03-02,2,184,184,-0.014560538230433913
2023-03-02,3,184,184,-0.02569167865445737
2023-03-02,4,184,184,-0.012070513260863718
2023-03-02,5,184,184,-0.0257600818732352
2023-03-03,1,185,185,-0.015325260656070894
2023-03-03,2,184,184,-0.016640111278248902
2023-03-03,3,185,185,-0.015412706788150479
2023-03-03,4,184,183,-0.00979631239438848
2023-03-03,5,184,184,-0.0066286125768640555
2023-03-06,1,184,184,-0.00507126709184829
2023-03-06,2,184,184,-0.00011439209433021031
2023-03-06,3,184,184,-0.007995305945401215
2023-03-06,4,184,184,0.020120976733835356
2023-03-06,5,184,184,0.0013536262698715348
2023-03-07,1,184,184,0.015011594445193932
2023-03-07,2,184,184,0.018420875734025646
2023-03-07,3,183,183,0.012097299349410756
2023-03-07,4,184,184,0.02991127129147448
2023-03-07,5,183,183,0.024708088178909942
2023-03-08,1,184,184,0.0055169823000652965
2023-03-08,2,184,184,0.014212391879262
2023-03-08,3,184,184,0.019279846663814812
2023-03-08,4,184,184,0.02112486663508112
2023-03-08,5,183,183,0.020014134709798796
2023-03-09,1,184,184,0.01899843480017732
2023-03-09,2,184,184,0.029072154308010193
2023-03-09,3,184,184,0.039124850285969945
2023-03-09,4,184,184,0.031779478296245695
2023-03-09,5,183,183,0.04649840157759591
2023-03-10,1,183,183,0.014318495602391061
2023-03-10,2,183,183,0.03758483819520528
2023-03-10,3,183,183,0.0322861711382522
2023-03-10,4,183,183,0.038966674788055114
2023-03-10,5,182,182,0.03295966567146048
2023-03-13,1,183,183,0.024094965447045317
2023-03-13,2,183,183,0.017355794153607
2023-03-13,3,182,182,0.036061275199880394
2023-03-13,4,183,183,0.020874510542080036
2023-03-13,5,182,182,0.03970574107351042
2023-03-14,1,183,183,0.01948847291390145
2023-03-14,2,183,183,0.04112783784623999
2023-03-14,3,183,183,0.03251607614209161
2023-03-14,4,183,183,0.04493928078173499
2023-03-14,5,182,182,0.04657220396715814
2023-03-15,1,184,184,0.02557017705463605
2023-03-15,2,183,183,0.024142313042546305
2023-03-15,3,184,184,0.03193568055916304
2023-03-15,4,183,183,0.04003964996939544
2023-03-15,5,183,183,0.05149147447430555
2023-03-16,1,183,183,0.030597899958115432
2023-03-16,2,183,183,0.01810965313619042
2023-03-16,3,182,182,0.04251143392537177
2023-03-16,4,183,183,0.04375289002247713
2023-03-16,5,182,181,0.05029499426448178
2023-03-17,1,183,183,0.027829850908901232
2023-03-17,2,183,183,0.0213161129599534
2023-03-17,3,183,183,0.03644342968064915
2023-03-17,4,183,183,0.04436230192506203
2023-03-17,5,182,182,0.05499373590962477
2023-03-20,1,183,183,0.021924777209390678
2023-03-20,2,183,183,0.032977352926181765
2023-03-20,3,182,182,0.03946385470961442
2023-03-20,4,183,183,0.04638798324534071
2023-03-20,5,182,182,0.05433404261784945
2023-03-21,1,183,183,0.0032117256017813733
2023-03-21,2,183,183,0.009444053078737828
2023-03-21,3,183,183,0.026009249380191838
2023-03-21,4,183,183,0.03134438794372524
2023-03-21,5,183,183,0.034202043274692694
2023-03-22,1,184,184,-0.0063746344392798734
2023-03-22,2,183,183,0.005543832993156778
2023-03-22,3,184,184,0.022763988731794443
2023-03-22,4,183,183,0.04562453847506354
2023-03-22,5,183,183,0.023737896282295473
2023-03-23,1,183,183,-0.03337271642011934
2023-03-23,2,183,183,-0.023360465628277066
2023-03-23,3,183,183,-0.010265994823569914
2023-03-23,4,183,183,0.00530566440424659
2023-03-23,5,183,183,-0.012697755161487323
2023-03-24,1,184,184,-0.043427073634481374
2023-03-24,2,184,184,-0.027553388523385625
2023-03-24,3,184,184,-0.006839266555200602
2023-03-24,4,184,184,-0.0136366906365343
2023-03-24,5,184,184,-0.0045739941057220115
2023-03-27,1,183,183,-0.061722998677072406
2023-03-27,2,183,183,-0.0493577921067062
2023-03-27,3,183,183,-0.02092218418248498
2023-03-27,4,183,183,-0.02782961495801895
2023-03-27,5,182,182,-0.017945889172369212
2023-03-28,1,183,181,-0.04278512756236078
2023-03-28,2,183,183,-0.03345871131463892
2023-03-28,3,182,182,-0.028551641216027348
2023-03-28,4,183,182,-0.013390274393584492
2023-03-28,5,182,182,-0.025636289264964685
2023-03-29,1,182,182,-0.03953645730449851
2023-03-29,2,182,182,-0.023617753871998187
2023-03-29,3,181,181,-0.01366305542123956
2023-03-29,4,182,181,-0.007167521786404345
2023-03-29,5,181,180,-0.01845989215942241
2023-03-30,1,182,182,-0.03328737179497168
2023-03-30,2,181,180,-0.023066912493490972
2023-03-30,3,181,181,0.006305113380963956
2023-03-30,4,181,180,0.011723460984640803
2023-03-30,5,181,181,-0.0026175402446752113
2023-03-31,1,181,181,-0.045443232732579567
2023-03-31,2,181,181,-0.01370479798876641
2023-03-31,3,181,181,-0.002904398690375499
2023-03-31,4,181,180,0.01667348732923021
2023-03-31,5,181,181,-0.0013115878450554981
2023-04-03,1,182,182,-0.05622170822708997
2023-04-03,2,181,181,-0.0387865405842922
2023-04-03,3,182,182,-0.013965488245299812
2023-04-03,4,181,180,-0.011252509335228608
2023-04-03,5,181,181,-0.014134613958959551
2023-04-04,1,182,182,-0.05077766242526285
2023-04-04,2,182,182,-0.0237858277652727
2023-04-04,3,181,181,-0.008260451190271875
2023-04-04,4,182,181,0.0035303997692340606
2023-04-04,5,181,181,-0.007985059720717284
2023-04-06,1,182,182,-0.06443181596037909
2023-04-06,2,182,182,-0.04646472088580497
2023-04-06,3,181,181,-0.02001487795660561
2023-04-06,4,182,180,-0.006429480237339602
2023-04-06,5,181,181,-0.02490456156241214
2023-04-07,1,182,182,-0.07080541835136069
2023-04-07,2,182,182,-0.045345362017808574
2023-04-07,3,181,181,-0.0275024324695625
2023-04-07,4,182,180,-0.012160785723443871
2023-04-07,5,181,181,-0.036652261804466534
2023-04-10,1,182,182,-0.06476552154892733
2023-04-10,2,181,180,-0.03498863783016477
2023-04-10,3,181,181,-0.012153271520390087
2023-04-10,4,181,181,-0.00998884698630826
2023-04-10,5,181,180,-0.026659113095234544
2023-04-11,1,182,181,-0.07989938833985968
2023-04-11,2,181,181,-0.046069242803631075
2023-04-11,3,182,182,-0.030299872915691323
2023-04-11,4,181,181,-0.033319368347502876
2023-04-11,5,181,180,-0.03960186602850322
2023-04-12,1,183,182,-0.0630831550248312
2023-04-12,2,183,183,-0.042072582628064084
2023-04-12,3,182,182,-0.023628493955141924
2023-04-12,4,183,183,-0.030333076416041764
2023-04-12,5,182,182,-0.04301482148102458
2023-04-13,1,183,182,-0.06834660272379234
2023-04-13,2,183,183,-0.05382450466943721
2023-04-13,3,183,183,-0.03634937818004462
2023-04-13,4,183,183,-0.03944084771126671
2023-04-13,5,182,182,-0.05056448124182906
2023-04-14,1,183,182,-0.061875741607444176
2023-04-14,2,183,183,-0.05126991716284762
2023-04-14,3,183,183,-0.03743833789782998
2023-04-14,4,183,183,-0.026913477570433025
2023-04-14,5,182,181,-0.03869697660068705
2023-04-17,1,183,182,-0.07004498553239276
2023-04-17,2,183,183,-0.05541273533014894
2023-04-17,3,183,183,-0.04989614745908917
2023-04-17,4,183,183,-0.03026191591692441
2023-04-17,5,183,183,-0.03810840549026909
2023-04-18,1,184,183,-0.07055011600846475
2023-04-18,2,183,183,-0.05554323456796762
2023-04-18,3,183,183,-0.030346346352901336
2023-04-18,4,183,183,-0.032334330514668774
2023-04-18,5,183,183,-0.04533766777858814
2023-04-19,1,183,182,-0.059415629146472394
2023-04-19,2,183,183,-0.04089384324762697
2023-04-19,3,183,183,-0.0329423136994768
2023-04-19,4,183,183,-0.02038244274472447
2023-04-19,5,182,182,-0.04518453186517486
2023-04-20,1,183,183,-0.0573937105199642
2023-04-20,2,183,183,-0.048700304840489886
2023-04-20,3,183,183,-0.036689535169486566
2023-04-20,4,183,183,-0.03878135824539074
2023-04-20,5,182,182,-0.06348689989210779
2023-04-21,1,182,182,-0.03998311807461343
2023-04-21,2,182,182,-0.03446149216893725
2023-04-21,3,182,182,-0.02437339024642688
2023-04-21,4,182,182,-0.0241955024716111
2023-04-21,5,182,182,-0.034280215338685825
2023-04-24,1,182,182,-0.032315832823355733
2023-04-24,2,182,182,-0.03403775264301837
2023-04-24,3,182,182,-0.016212734366147338
2023-04-24,4,182,182,-0.017512278619861866
2023-04-24,5,182,182,-0.038524209234236745
2023-04-25,1,182,182,-0.004379125113581657
2023-04-25,2,182,182,0.0025584779492874086
2023-04-25,3,182,182,0.008347795403459311
2023-04-25,4,182,182,0.000807663999155705
2023-04-25,5,182,182,-0.00413236716824284
2023-04-26,1,183,183,-0.020403656088631143
2023-04-26,2,182,182,-0.019814674307711947
2023-04-26,3,182,181,0.0010052642641567905
2023-04-26,4,182,182,-0.006309927780682406
2023-04-26,5,182,181,1.2489817208383036e-05
2023-04-27,1,182,182,-0.025484410345032
2023-04-27,2,182,182,-0.023082243415361473
2023-04-27,3,182,182,-0.004245522150490511
2023-04-27,4,182,181,-0.004040798668643742
2023-04-27,5,181,181,0.011046569039130106
2023-04-28,1,183,183,-0.03863558147863142
2023-04-28,2,182,182,-0.037300390001021255
2023-04-28,3,183,183,-0.019141186038891818
2023-04-28,4,182,182,-0.018135772988026252
2023-04-28,5,182,181,-0.013052509260913047
2023-05-04,1,183,183,-0.029948605888084488
2023-05-04,2,182,182,-0.03511851774367604
2023-05-04,3,183,183,-0.02599531217995695
2023-05-04,4,182,182,-0.02437029381968121
2023-05-04,5,182,182,-0.016972440303643622
2023-05-05,1,183,183,-0.007091605553122506
2023-05-05,2,182,182,-0.014541536355031517
2023-05-05,3,182,182,-0.01332273631366205
2023-05-05,4,182,182,-0.016114665500181893
2023-05-05,5,182,182,-0.008413867276114902
2023-05-08,1,183,183,-0.012492531775216174
2023-05-08,2,183,183,-0.019738129191425813
2023-05-08,3,183,183,-0.027185638221149992
2023-05-08,4,183,183,-0.024248517220854245
2023-05-08,5,182,182,-0.011144649707245014
2023-05-09,1,183,183,-0.01588099139118872
2023-05-09,2,183,183,-0.02593015854052958
2023-05-09,3,182,182,-0.022775475764225613
2023-05-09,4,183,182,-0.03617179974865803
2023-05-09,5,182,182,-0.01702020266770556
2023-05-10,1,183,183,-0.026540574066295338
2023-05-10,2,182,182,-0.03377124761254866
2023-05-10,3,183,183,-0.02579918992077633
2023-05-10,4,182,181,-0.024363545663462105
2023-05-10,5,182,182,-0.010509977969631554
2023-05-11,1,183,183,-0.033563590595510596
2023-05-11,2,183,183,-0.030684300860567806
2023-05-11,3,182,181,-0.025689384911850573
2023-05-11,4,183,183,-0.015089797925519361
2023-05-11,5,182,182,-0.0015937618021952382
2023-05-12,1,183,183,-0.019512348433633732
2023-05-12,2,182,182,-0.017427500534606646
2023-05-12,3,182,181,-0.012851827295921657
2023-05-12,4,182,182,-0.003525554560650298
2023-05-12,5,182,182,0.017078134760294024
2023-05-15,1,183,183,-0.024659051611190905
2023-05-15,2,182,182,-0.0175552555771468
2023-05-15,3,183,183,-0.010627903067192959
2023-05-15,4,182,181,-0.015378922930992116
2023-05-15,5,182,182,0.0258993441363676
2023-05-16,1,182,182,-0.002569114552667263
2023-05-16,2,182,182,0.0011257950469533828
2023-05-16,3,182,181,-0.004655124082837543
2023-05-16,4,182,182,0.009575812546879737
2023-05-16,5,182,182,0.042326016946326275
2023-05-17,1,182,182,-0.00410631558489557
2023-05-17,2,182,182,-0.00121012171290367
2023-05-17,3,182,181,-0.011410314541160113
2023-05-17,4,182,181,-0.0009210018626100024
2023-05-17,5,181,181,0.03577868684226429
2023-05-18,1,182,182,0.01234567309748809
2023-05-18,2,182,182,0.00671908740843482
2023-05-18,3,181,179,0.0005254793425839684
2023-05-18,4,182,182,0.005141623146246225
2023-05-18,5,181,181,0.02720436783051175
2023-05-19,1,181,181,0.017954209430463497
2023-05-19,2,181,181,0.01118637582384779
2023-05-19,3,181,180,-0.002408360057830833
2023-05-19,4,181,181,0.01766506280828802
2023-05-19,5,180,180,0.043381979123869825
2023-05-22,1,181,181,0.016055585476692433
2023-05-22,2,181,181,-0.0016100226569624697
2023-05-22,3,180,179,-0.007022738111832674
2023-05-22,4,181,181,0.007723588370540607
2023-05-22,5,180,180,0.05093522271438565
2023-05-23,1,180,180,0.021986757993033887
2023-05-23,2,180,180,-0.0005490458550785152
2023-05-23,3,180,180,0.0009617815463727197
2023-05-23,4,180,180,0.03540289818894942
2023-05-23,5,180,180,0.0647684895710583
2023-05-24,1,180,180,-0.0011431610519370115
2023-05-24,2,180,180,-0.012208458932578515
2023-05-24,3,180,180,0.009617686225476884
2023-05-24,4,180,180,0.002835586420604053
2023-05-24,5,180,180,0.03420357417758425
2023-05-25,1,180,180,0.00013758841147979366
2023-05-25,2,180,180,-0.021908008159185265
2023-05-25,3,180,180,-0.009386371826569918
2023-05-25,4,180,180,-0.0004671237232043256
2023-05-25,5,180,180,0.016570408088840808
2023-05-26,1,181,181,0.002935499207973213
2023-05-26,2,180,180,-0.00852462592123504
2023-05-26,3,180,180,-0.0048896303465498355
2023-05-26,4,180,180,0.004304419746185037
2023-05-26,5,180,180,0.012950021364905924
2023-05-29,1,180,180,0.00928936370807378
2023-05-29,2,180,180,-0.0024274854343388687
2023-05-29,3,180,180,-0.003777007907898163
2023-05-29,4,180,180,0.004774817667329115
2023-05-29,5,179,179,0.010734086685857286
2023-05-30,1,180,180,0.012089745243672612
2023-05-30,2,180,180,0.0009467482570667818
2023-05-30,3,179,179,0.0016373704377974183
2023-05-30,4,180,180,0.000988190810684578
2023-05-30,5,179,179,0.005083159859571362
2023-05-31,1,180,180,0.028215964114381483
2023-05-31,2,179,179,0.02571147735884586
2023-05-31,3,179,179,0.013858486482275757
2023-05-31,4,179,179,0.02322046674060646
2023-05-31,5,179,179,0.016831154655833926
2023-06-01,1,180,180,0.02407858348932234
2023-06-01,2,179,178,0.025941532511543887
2023-06-01,3,180,180,0.026006525894011902
2023-06-01,4,179,179,0.027624831194573214
2023-06-01,5,179,179,-0.000970860305742835
2023-06-02,1,180,180,0.013046717835923635
2023-06-02,2,179,179,0.009934414825380369
2023-06-02,3,180,179,0.023427836219948144
2023-06-02,4,179,179,0.020417683725413634
2023-06-02,5,179,179,-0.0016278721232785367
2023-06-05,1,179,179,0.008481516582171458
2023-06-05,2,179,179,0.01000594487682993
2023-06-05,3,179,178,0.01610901220825809
2023-06-05,4,179,179,0.011161136827002132
2023-06-05,5,179,179,-0.013911259814729142
2023-06-06,1,179,179,0.023257397346225197
2023-06-06,2,179,179,0.01923926106174707
2023-06-06,3,178,178,0.025683119479249186
2023-06-06,4,179,179,0.02488864745744089
2023-06-06,5,178,178,0.004695831006766138
2023-06-07,1,179,179,0.022307518599705325
2023-06-07,2,178,178,0.028464091320705744
2023-06-07,3,179,178,0.023021398931158833
2023-06-07,4,178,178,0.023147280315761656
2023-06-07,5,178,178,0.004862681912175041
2023-06-08,1,179,179,0.021826406410962236
2023-06-08,2,179,179,0.0282693319012366
2023-06-08,3,178,178,0.01572757795918152
2023-06-08,4,179,179,0.027157125105340334
2023-06-08,5,178,178,-0.0006687169719179019
2023-06-09,1,179,179,0.030272121267684214
2023-06-09,2,178,178,0.026590917688917116
2023-06-09,3,179,179,0.024098180380020238
2023-06-09,4,178,178,0.029432133596460998
2023-06-09,5,178,178,0.00044199972508861214
2023-06-12,1,179,179,0.004841292911835245
2023-06-12,2,179,179,0.016449403665427496
2023-06-12,3,178,178,0.00941142295231553
2023-06-12,4,179,179,0.01510332278460183
2023-06-12,5,178,178,-0.012094064653203826
2023-06-13,1,179,179,0.011004753074671997
2023-06-13,2,179,179,0.01683828572944463
2023-06-13,3,179,179,0.02141401872716287
2023-06-13,4,179,179,0.019840410984349813
2023-06-13,5,178,178,-0.005208123244756421
2023-06-14,1,179,179,0.0009411953571767861
2023-06-14,2,178,178,0.014934191026071165
2023-06-14,3,178,178,0.013774966240725283
2023-06-14,4,178,178,0.01662045599145788
2023-06-14,5,178,178,-0.011898315182156926
2023-06-15,1,179,179,-0.007034755685726127
2023-06-15,2,178,178,0.004459680443084891
2023-06-15,3,179,179,0.006099719769592036
2023-06-15,4,178,178,0.005548919840962132
2023-06-15,5,178,178,-0.01105660620094083
2023-06-16,1,179,179,-0.016696848771808798
2023-06-16,2,179,179,-0.0019882657544747022
2023-06-16,3,179,179,-0.00371552625006903
2023-06-16,4,179,179,-0.0014632794575910391
2023-06-16,5,178,178,-0.02247173706806197
2023-06-19,1,179,179,-0.013025293187294966
2023-06-19,2,179,179,0.0038679344523965247
2023-06-19,3,179,179,0.009764959207655915
2023-06-19,4,179,179,0.007762519869197259
2023-06-19,5,178,178,-0.027236245867591716
2023-06-20,1,179,179,-0.0149330269845323
2023-06-20,2,179,179,-0.000566745410081218
2023-06-20,3,179,179,-0.002977007274553065
2023-06-20,4,179,179,0.0055832573627618105
2023-06-20,5,178,178,-0.04895839814923989
2023-06-21,1,179,179,0.013575191220857492
2023-06-21,2,179,179,0.015201199127936408
2023-06-21,3,179,179,0.022472426274226732
2023-06-21,4,179,179,0.01755810026858451
2023-06-21,5,179,179,-0.02139061956301819
2023-06-26,1,180,180,0.03407454837060592
2023-06-26,2,179,179,0.0326426252770642
2023-06-26,3,179,179,0.05138941974066298
2023-06-26,4,179,179,0.036276511507833904
2023-06-26,5,179,179,0.004821008411899011
2023-06-27,1,180,180,0.030942106435618615
2023-06-27,2,180,180,0.037395664568639596
2023-06-27,3,180,180,0.03429348369780531
2023-06-27,4,180,180,0.028257208633258764
2023-06-27,5,179,179,-0.0034773952930351945
2023-06-28,1,180,180,0.036649440875671915
2023-06-28,2,179,179,0.03672677033416245
2023-06-28,3,180,180,0.03814397655288076
2023-06-28,4,179,179,0.02495085521152455
2023-06-28,5,179,179,-0.011697407915487429
2023-06-29,1,180,180,0.02753615793695086
2023-06-29,2,179,179,0.02261873437763933
2023-06-29,3,180,180,0.032924486570098756
2023-06-29,4,179,179,0.006647067595241298
2023-06-29,5,179,179,-0.025570283606129125
2023-06-30,1,181,181,0.04196803715307122
2023-06-30,2,180,180,0.026868824535015056
2023-06-30,3,180,180,0.04562604252268903
2023-06-30,4,180,180,0.01973545491257424
2023-06-30,5,180,180,-0.03559795338372691
2023-07-03,1,181,181,0.029510627181623075
2023-07-03,2,180,180,0.03101270318785992
2023-07-03,3,181,180,0.03745848312834805
2023-07-03,4,180,180,0.015248466825001536
2023-07-03,5,180,180,-0.022594622699494055
2023-07-04,1,181,181,0.02221493193941368
2023-07-04,2,180,180,0.014632017959101623
2023-07-04,3,181,181,0.035507806003205265
2023-07-04,4,180,180,0.010623205173550929
2023-07-04,5,180,180,-0.014627965795559021
2023-07-05,1,180,180,0.022890356268483736
2023-07-05,2,179,179,0.03585349874481363
2023-07-05,3,180,180,0.037019114130877134
2023-07-05,4,179,179,0.011722453739887465
2023-07-05,5,179,179,-0.021578873456049922
2023-07-06,1,180,180,0.03424731911047072
2023-07-06,2,179,179,0.0517153004625296
2023-07-06,3,179,179,0.04993858523264414
2023-07-06,4,179,179,0.033084183111416206
2023-07-06,5,179,179,-0.010960140956631049
2023-07-07,1,180,180,0.038238753292876834
2023-07-07,2,180,180,0.039237677484696996
2023-07-07,3,179,179,0.04297974786715392
2023-07-07,4,180,180,0.021016674016971205
2023-07-07,5,179,179,-0.007225348799092111
2023-07-10,1,180,180,0.025827921186846698
2023-07-10,2,179,179,0.03454336413761461
2023-07-10,3,180,180,0.037449290584625976
2023-07-10,4,179,179,0.017515843492632945
2023-07-10,5,179,179,-0.00730996778550284
2023-07-11,1,180,180,0.013897993287794163
2023-07-11,2,179,179,0.027122918693651805
2023-07-11,3,180,180,0.03250378230213652
2023-07-11,4,179,179,0.00577947463933062
2023-07-11,5,179,179,-0.019297023790039534
2023-07-12,1,179,179,0.021585823221607226
2023-07-12,2,179,179,0.02978749683443546
2023-07-12,3,179,179,0.02683429657413531
2023-07-12,4,179,179,0.007901161320986635
2023-07-12,5,178,178,-0.019408327374842556
2023-07-13,1,180,180,0.01276479681163703
2023-07-13,2,179,179,0.02526784627868605
2023-07-13,3,179,179,0.02159536290262801
2023-07-13,4,179,179,0.004838642925610233
2023-07-13,5,179,179,-0.031614333319398925
2023-07-14,1,179,179,-0.014267899307862864
2023-07-14,2,179,179,-8.714867308351502e-05
2023-07-14,3,179,179,0.00016714732402677037
2023-07-14,4,179,179,-0.015833674089774433
2023-07-14,5,178,178,-0.05983711201260258
2023-07-17,1,179,179,-0.005139100092937331
2023-07-17,2,179,179,0.005477433096933684
2023-07-17,3,179,179,0.010959406847101547
2023-07-17,4,179,179,-0.01178440415314496
2023-07-17,5,178,178,-0.04272015418212372
2023-07-18,1,179,179,-0.012156848257081332
2023-07-18,2,179,179,-0.003069201485697927
2023-07-18,3,179,179,0.003515168693276376
2023-07-18,4,179,179,-0.013999168932870166
2023-07-18,5,179,179,-0.05004550238597441
2023-07-19,1,179,179,-0.033643890096115826
2023-07-19,2,179,179,-0.008246949540968123
2023-07-19,3,179,179,-7.015874282930942e-05
2023-07-19,4,179,179,-0.019515041550988915
2023-07-19,5,178,178,-0.06617035474598415
2023-07-20,1,179,179,-0.010836389517455289
2023-07-20,2,179,179,0.009175823894444098
2023-07-20,3,178,178,0.019737683710439716
2023-07-20,4,179,179,0.004574903142369493
2023-07-20,5,178,178,-0.034353892541378626
2023-07-21,1,179,179,-0.033090582433946074
2023-07-21,2,179,179,-0.015283860128119171
2023-07-21,3,179,179,-0.003002892098926883
2023-07-21,4,179,179,-0.014297865193547414
2023-07-21,5,178,178,-0.042061432173766754
2023-07-24,1,179,179,-0.04612356524937238
2023-07-24,2,179,179,-0.031732986940248856
2023-07-24,3,178,178,-0.017793628209007692
2023-07-24,4,179,179,-0.03370639458789875
2023-07-24,5,178,178,-0.06003562446524541
2023-07-25,1,180,180,-0.05236731447360102
2023-07-25,2,179,179,-0.0426407268368749
2023-07-25,3,180,180,-0.027866380581545544
2023-07-25,4,179,179,-0.04069114374929167
2023-07-25,5,179,179,-0.058422968527122345
2023-07-26,1,181,181,-0.061248073541779344
2023-07-26,2,181,181,-0.05659125049672985
2023-07-26,3,181,181,-0.03533574476724853
2023-07-26,4,181,181,-0.05585017547439993
2023-07-26,5,181,181,-0.05320214824160657
2023-07-27,1,182,182,-0.055491063096631134
2023-07-27,2,181,181,-0.05176026162116034
2023-07-27,3,181,181,-0.038319419487853404
2023-07-27,4,181,181,-0.04365499365507586
2023-07-27,5,181,181,-0.05737809868680565
2023-07-28,1,182,182,-0.03812579914912162
2023-07-28,2,182,182,-0.02620014709652891
2023-07-28,3,181,181,-0.02475630621900824
2023-07-28,4,182,182,-0.021610173547922412
2023-07-28,5,181,181,-0.036507366664007085
2023-07-31,1,182,182,-0.08365888741128974
2023-07-31,2,182,182,-0.06570753838693899
2023-07-31,3,182,181,-0.06402503184087063
2023-07-31,4,182,182,-0.06400053983734517
2023-07-31,5,182,182,-0.08464633187020817
2023-08-01,1,182,182,-0.052834136740983195
2023-08-01,2,182,182,-0.04784325752160207
2023-08-01,3,182,181,-0.04281660495182092
2023-08-01,4,182,182,-0.04534754568707163
2023-08-01,5,182,182,-0.047474000761376686
2023-08-02,1,183,183,-0.04722822226498949
2023-08-02,2,183,183,-0.049838304456831094
2023-08-02,3,182,181,-0.050473738348472644
2023-08-02,4,183,183,-0.04017194118431598
2023-08-02,5,182,182,-0.04091773248528391
2023-08-03,1,183,183,-0.055133688518500604
2023-08-03,2,182,181,-0.06194206215809856
2023-08-03,3,183,183,-0.06675304960016663
2023-08-03,4,182,182,-0.05955930422451488
2023-08-03,5,182,182,-0.04546738875818258
2023-08-04,1,183,183,-0.05610497203615181
2023-08-04,2,183,182,-0.05050738115326261
2023-08-04,3,183,183,-0.053024124206618846
2023-08-04,4,183,183,-0.047698135128116485
2023-08-04,5,182,182,-0.03949713771749502
2023-08-07,1,183,183,-0.03444601300360657
2023-08-07,2,183,182,-0.036855104360502225
2023-08-07,3,183,183,-0.030173785550102188
2023-08-07,4,183,183,-0.03503752867335349
2023-08-07,5,183,183,-0.032169669731948035
2023-08-08,1,183,183,-0.03984517918476918
2023-08-08,2,183,182,-0.031315383346272464
2023-08-08,3,183,183,-0.0482644630425332
2023-08-08,4,183,183,-0.03602964454024913
2023-08-08,5,183,183,-0.033616094161402856
2023-08-09,1,184,184,-0.036078446477270355
2023-08-09,2,183,182,-0.0244555256482263
2023-08-09,3,184,184,-0.03759426640517006
2023-08-09,4,183,183,-0.027581393445402128
2023-08-09,5,183,183,-0.019320409178040097
2023-08-10,1,184,184,-0.058856288092196146
2023-08-10,2,183,182,-0.04541078553059286
2023-08-10,3,184,184,-0.05507334677354379
2023-08-10,4,183,183,-0.04210944687105333
2023-08-10,5,183,183,-0.036503507466859444
2023-08-11,1,183,183,-0.027124898151418952
2023-08-11,2,182,181,-0.019536097537249785
2023-08-11,3,183,183,-0.016310465526761013
2023-08-11,4,182,182,-0.010302983317340872
2023-08-11,5,182,182,-0.0023284797203440523
2023-08-14,1,183,183,-0.02338101617400248
2023-08-14,2,183,183,-0.022221135776527665
2023-08-14,3,182,182,-0.012900158447792172
2023-08-14,4,183,183,-0.010291169272592736
2023-08-14,5,182,182,-0.008768295242892974
2023-08-15,1,182,182,-0.016521261139692416
2023-08-15,2,182,182,-0.007096196246252444
2023-08-15,3,182,182,-0.013338035958855078
2023-08-15,4,182,182,-0.008087933173597281
2023-08-15,5,181,181,0.0026365768281276557
2023-08-16,1,182,182,-0.01713447601896295
2023-08-16,2,182,182,-0.013461737268201926
2023-08-16,3,182,182,-0.015077446755527494
2023-08-16,4,182,182,-0.0027784318922377525
2023-08-16,5,182,182,0.0034070316808885275
2023-08-17,1,183,183,-0.03250910668310077
2023-08-17,2,182,182,-0.02431439792182363
2023-08-17,3,183,183,-0.022251406928402648
2023-08-17,4,182,182,-0.006158338002853846
2023-08-17,5,182,182,-0.014803279705811972
2023-08-18,1,183,183,-0.017742403201916546
2023-08-18,2,182,182,-0.009330372611238922
2023-08-18,3,182,182,-0.002606505048469016
2023-08-18,4,182,182,-0.0014462620458078775
2023-08-18,5,182,182,0.002796061305536201
2023-08-21,1,183,183,-0.008299819781249365
2023-08-21,2,182,182,0.004883584287477112
2023-08-21,3,182,182,4.911741639241955e-05
2023-08-21,4,182,182,0.019083914132504275
2023-08-21,5,182,182,0.0100778281464131
2023-08-22,1,182,182,-0.019255461770172302
2023-08-22,2,182,182,-0.0006039545237555584
2023-08-22,3,182,182,-0.00105425616552316
2023-08-22,4,182,182,0.013866078068592119
2023-08-22,5,182,182,-0.006354110440048185
2023-08-23,1,182,182,-0.008204127582179565
2023-08-23,2,182,182,0.0053562940253263705
2023-08-23,3,182,182,0.005347205839216004
2023-08-23,4,182,182,0.01981470339394439
2023-08-23,5,182,182,0.0007568587830255955
2023-08-24,1,183,183,-0.010183321932644237
2023-08-24,2,182,182,0.008139356703894006
2023-08-24,3,182,182,0.0032911964178364552
2023-08-24,4,182,182,0.008875412834841528
2023-08-24,5,182,182,0.004760817831317319
2023-08-25,1,182,182,-0.02879404845456094
2023-08-25,2,182,182,-0.018900738168029545
2023-08-25,3,181,181,-0.01851184404872804
2023-08-25,4,182,182,-0.020565528195149008
2023-08-25,5,181,181,-0.01755156438466881
2023-08-28,1,183,183,0.016364414891841136
2023-08-28,2,182,182,0.01486155661117425
2023-08-28,3,182,182,0.005891638981542866
2023-08-28,4,182,181,0.012720765102673321
2023-08-28,5,182,182,0.02198219036616382
2023-08-29,1,183,183,-0.023388648137683512
2023-08-29,2,183,183,-0.018691885161552835
2023-08-29,3,182,182,-0.009618480304315712
2023-08-29,4,183,183,-0.014909845473834251
2023-08-29,5,182,182,-0.011931816087865008
2023-08-30,1,183,183,-0.008603538342816809
2023-08-30,2,182,182,-0.012395174453019407
2023-08-30,3,183,183,-0.007176858739822602
2023-08-30,4,182,182,-0.0054730329130382414
2023-08-30,5,182,182,-0.007563418111166804
2023-08-31,1,182,182,-0.0024810323120021374
2023-08-31,2,182,182,-0.0037762191068351067
2023-08-31,3,182,182,0.0015991189190145301
2023-08-31,4,182,182,-0.003288833330171666
2023-08-31,5,181,181,-0.00942067196344738
2023-09-01,1,182,182,-0.0026623686253569455
2023-09-01,2,181,181,-0.008177987179057121
2023-09-01,3,182,182,-0.011778791009363564
2023-09-01,4,181,181,-0.01670912645851632
2023-09-01,5,181,181,-0.00938724711788985
2023-09-04,1,182,182,-0.013306737352875183
2023-09-04,2,182,182,-0.02573833023638935
2023-09-04,3,182,182,-0.032303730120980576
2023-09-04,4,182,182,-0.024796926349729232
2023-09-04,5,182,182,-0.021097313441495104
2023-09-05,1,183,183,0.002265398717534618
2023-09-05,2,182,182,-0.01724491852441357
2023-09-05,3,182,182,-0.01657385718443393
2023-09-05,4,182,182,-0.020462176923433127
2023-09-05,5,182,182,-0.0033687986980782706
2023-09-06,1,183,183,-0.005795682788288228
2023-09-06,2,183,183,-0.013340276535675162
2023-09-06,3,182,182,-0.023084210572351917
2023-09-06,4,183,183,-0.017424161966431016
2023-09-06,5,182,182,-0.008890294915510449
2023-09-07,1,183,183,0.01754427354234491
2023-09-07,2,182,182,0.0013410101152131469
2023-09-07,3,182,182,-0.008743678492223286
2023-09-07,4,182,182,-0.0019749780675781996
2023-09-07,5,182,182,0.008421223522646081
2023-09-08,1,182,182,0.004236245556930124
2023-09-08,2,182,182,-0.018649142692198015
2023-09-08,3,182,182,-0.007691218154201826
2023-09-08,4,182,182,-0.013298283569726543
2023-09-08,5,181,181,-0.004988938236220198
2023-09-11,1,182,182,-0.0257405887945714
2023-09-11,2,182,182,-0.023011340918897668
2023-09-11,3,182,182,-0.017131823790077345
2023-09-11,4,182,182,-0.021985743269921924
2023-09-11,5,182,182,-0.018226458945669384
2023-09-12,1,182,182,-0.043863061301999864
2023-09-12,2,182,182,-0.04085788188567117
2023-09-12,3,182,182,-0.031187548731258175
2023-09-12,4,182,182,-0.035217856178458504
2023-09-12,5,182,182,-0.021796664052697198
2023-09-13,1,182,182,-0.05224042824456987
2023-09-13,2,182,182,-0.03773804204412649
2023-09-13,3,182,182,-0.028367130162972255
2023-09-13,4,182,182,-0.050964717462845456
2023-09-13,5,181,181,-0.02860994277609748
2023-09-14,1,182,182,-0.05344441906883885
2023-09-14,2,182,182,-0.04052950102792395
2023-09-14,3,182,182,-0.04485955047317251
2023-09-14,4,182,182,-0.06112738978619144
2023-09-14,5,182,182,-0.03405547409010017
2023-09-15,1,183,183,-0.056830212165355436
2023-09-15,2,182,182,-0.05347634497593347
2023-09-15,3,183,183,-0.05678121527242868
2023-09-15,4,182,182,-0.057866557558989055
2023-09-15,5,182,182,-0.045549112395844214
2023-09-18,1,183,183,-0.05071281614410886
2023-09-18,2,182,182,-0.04361823057227049
2023-09-18,3,182,182,-0.032935953061597134
2023-09-18,4,182,182,-0.041590045293195245
2023-09-18,5,182,182,-0.043589051627726534
2023-09-19,1,183,183,-0.04369834523318665
2023-09-19,2,182,182,-0.036153454452162136
2023-09-19,3,182,182,-0.032110774788942524
2023-09-19,4,182,182,-0.04712178470484555
2023-09-19,5,182,182,-0.02606300630410194
2023-09-20,1,183,183,-0.029564923516162255
2023-09-20,2,182,182,-0.018646837246567863
2023-09-20,3,182,182,-0.02921075048398641
2023-09-20,4,182,182,-0.016335245865749044
2023-09-20,5,182,182,-0.033130613488033325
2023-09-21,1,183,183,0.00027110589700700307
2023-09-21,2,182,182,-0.003661720426931649
2023-09-21,3,182,182,0.0023121772340285018
2023-09-21,4,182,182,-0.008690085513894564
2023-09-21,5,182,182,-0.013495330296983023
2023-09-22,1,182,182,-0.012386225825087789
2023-09-22,2,182,182,0.003253671679534708
2023-09-22,3,182,182,-0.008162464596483857
2023-09-22,4,182,182,-0.015525136672018956
2023-09-22,5,182,182,-0.011961082697721196
2023-09-25,1,182,182,0.0007362347654894135
2023-09-25,2,182,182,-0.001231860946696375
2023-09-25,3,182,182,-0.003461280059129618
2023-09-25,4,182,182,-0.011551587475614177
2023-09-25,5,181,181,-0.007166552397546028
2023-09-26,1,182,182,0.008441227257440547
2023-09-26,2,182,182,0.003446137300808303
2023-09-26,3,182,182,0.002566958962155372
2023-09-26,4,182,182,-0.009041083262325946
2023-09-26,5,181,181,-0.014527796400602547
2023-09-27,1,182,182,-0.011763366436548142
2023-09-27,2,181,181,-0.009689391261064582
2023-09-27,3,182,182,-0.010412159248032037
2023-09-27,4,181,181,-0.010883627414580013
2023-09-27,5,181,181,-0.02980973122366019
2023-09-28,1,182,182,0.0012391463939955723
2023-09-28,2,181,181,-0.002550743645706904
2023-09-28,3,182,182,-0.005235280242236407
2023-09-28,4,181,181,0.00433849437944797
2023-09-28,5,181,181,-0.012807420715679826
2023-10-09,1,182,182,0.004372275344049938
2023-10-09,2,182,182,0.011623692630860969
2023-10-09,3,181,181,0.017737821447190324
2023-10-09,4,182,182,0.015513439826086614
2023-10-09,5,181,181,-0.012033282627909933
2023-10-10,1,182,182,0.00396722152119276
2023-10-10,2,181,181,0.020332490548703494
2023-10-10,3,182,182,0.023561534665697992
2023-10-10,4,181,181,0.019366619664787865
2023-10-10,5,181,181,-0.0032597813452864225
2023-10-11,1,182,182,0.004588928312240906
2023-10-11,2,181,181,0.015340003595987821
2023-10-11,3,182,182,0.008333183444420604
2023-10-11,4,181,181,0.02026412602776276
2023-10-11,5,181,181,-0.004046169555665718
2023-10-12,1,182,182,-0.007027854540213645
2023-10-12,2,181,181,0.0017907407795963665
2023-10-12,3,182,182,0.003703846900338589
2023-10-12,4,181,181,0.009970997129950126
2023-10-12,5,181,181,-0.006991797141052801
2023-10-13,1,182,182,0.002282179732353501
2023-10-13,2,182,182,0.0017898944554134123
2023-10-13,3,181,181,0.001483689002268233
2023-10-13,4,182,182,0.006232571896065465
2023-10-13,5,181,181,-0.0012159176325288793
2023-10-16,1,182,182,0.02062845948014252
2023-10-16,2,181,181,0.015624716688604105
2023-10-16,3,182,182,0.0020998696989293153
2023-10-16,4,181,181,0.01719590493042286
2023-10-16,5,181,181,0.004791393582026281
2023-10-17,1,182,182,0.0348060803997507
2023-10-17,2,182,182,0.030402626043444316
2023-10-17,3,182,182,0.02230168429708552
2023-10-17,4,182,182,0.03337359243890714
2023-10-17,5,181,181,0.017436678219646055
2023-10-18,1,182,182,0.05762216792993556
2023-10-18,2,182,182,0.03693671206928465
2023-10-18,3,182,182,0.03823656549950513
2023-10-18,4,182,181,0.03853456582571817
2023-10-18,5,181,181,0.027860150763758994
2023-10-19,1,182,182,0.05666440871605975
2023-10-19,2,181,181,0.05057097401332092
2023-10-19,3,182,182,0.04484006120708916
2023-10-19,4,181,180,0.0474307669259503
2023-10-19,5,181,181,0.039235863064118824
2023-10-20,1,182,182,0.07758931097550803
2023-10-20,2,181,181,0.07483414195723169
2023-10-20,3,182,182,0.05525311973191211
2023-10-20,4,181,181,0.06753291691760986
2023-10-20,5,181,180,0.05459282888968281
2023-10-23,1,181,181,0.11002099548441537
2023-10-23,2,181,181,0.09254096775702314
2023-10-23,3,180,180,0.08976036512464584
2023-10-23,4,181,181,0.09362650389508935
2023-10-23,5,180,180,0.06190409229086444
2023-10-24,1,181,181,0.08395950852771737
2023-10-24,2,181,181,0.06071931865370861
2023-10-24,3,181,181,0.06479420316239828
2023-10-24,4,181,181,0.053751396979572326
2023-10-24,5,181,181,0.05083606182867749
2023-10-25,1,182,182,0.06855802764542532
2023-10-25,2,182,182,0.07042924730961367
2023-10-25,3,182,182,0.054982442001594085
2023-10-25,4,182,182,0.050588019941281384
2023-10-25,5,181,181,0.04197892452976125
2023-10-26,1,182,182,0.06916490504553013
2023-10-26,2,182,182,0.06671845062739892
2023-10-26,3,181,181,0.05910111522027772
2023-10-26,4,182,182,0.06126087554560648
2023-10-26,5,181,181,0.044793612110007715
2023-10-27,1,183,183,0.03115993742646706
2023-10-27,2,182,182,0.03627229037246508
2023-10-27,3,183,183,0.030436816964187922
2023-10-27,4,182,182,0.03697971629156015
2023-10-27,5,182,182,0.03146776991592682
2023-10-30,1,183,183,0.006250158072887204
2023-10-30,2,182,182,0.02248167314804997
2023-10-30,3,182,182,0.013083211458057315
2023-10-30,4,182,182,0.021960105948506094
2023-10-30,5,182,182,0.01723478398735822
2023-10-31,1,183,183,0.01700694411291642
2023-10-31,2,182,182,0.0214319172997564
2023-10-31,3,183,183,0.02648655775798014
2023-10-31,4,182,182,0.02270127870519984
2023-10-31,5,182,182,0.031008700754000012
2023-11-01,1,183,183,0.008565690711809522
2023-11-01,2,182,182,0.01563472645605455
2023-11-01,3,183,182,0.022459037589301407
2023-11-01,4,182,182,0.013289432948838735
2023-11-01,5,182,182,0.030729655883218004
2023-11-02,1,183,183,0.0162294398317451
2023-11-02,2,183,183,0.024694798320125225
2023-11-02,3,182,181,0.025703421432430432
2023-11-02,4,183,183,0.02454255153980115
2023-11-02,5,182,182,0.028520615870817417
2023-11-03,1,183,183,0.004758558371879924
2023-11-03,2,182,182,0.014839916791480154
2023-11-03,3,182,181,0.011515992309887034
2023-11-03,4,182,181,0.013628113121809744
2023-11-03,5,182,182,0.026996924884124935
2023-11-06,1,183,183,-0.012501651896057167
2023-11-06,2,182,182,0.0014799249196461224
2023-11-06,3,182,182,-0.005644141120099273
2023-11-06,4,182,180,0.007480193834827856
2023-11-06,5,182,182,0.011657961995795099
2023-11-07,1,183,183,-0.03615331727717754
2023-11-07,2,182,182,-0.021962789309797722
2023-11-07,3,183,182,-0.010310021218856321
2023-11-07,4,182,181,-0.015311494941360748
2023-11-07,5,182,182,-0.009818979590827696
2023-11-08,1,183,183,-0.021147973028207492
2023-11-08,2,182,181,-0.014208251677125371
2023-11-08,3,183,183,-0.010859628498890841
2023-11-08,4,182,181,-0.009422476813199156
2023-11-08,5,182,182,-0.017999493006738917
2023-11-09,1,183,183,-0.015994529095463225
2023-11-09,2,182,182,-0.005700601762079487
2023-11-09,3,182,181,-0.010413449498608155
2023-11-09,4,182,182,-0.0006652342473227757
2023-11-09,5,182,182,-0.0005069262668053962
2023-11-10,1,182,182,-0.027296444868774437
2023-11-10,2,182,182,-0.01856215322431213
2023-11-10,3,182,181,-0.01973004039184556
2023-11-10,4,182,182,-0.012397817874346061
2023-11-10,5,182,182,-0.010132263752066132
2023-11-13,1,183,183,-0.026759083938910053
2023-11-13,2,182,182,-0.0074507323054481605
2023-11-13,3,182,181,-0.0004814397794089726
2023-11-13,4,182,182,0.0027283375324135555
2023-11-13,5,182,182,0.00025928550079487545
2023-11-14,1,183,183,-0.034060954961175435
2023-11-14,2,182,182,-0.01781209801956418
2023-11-14,3,183,183,-0.00927108867896937
2023-11-14,4,182,182,-0.00293189364757885
2023-11-14,5,182,182,-0.010287309608065547
2023-11-15,1,183,183,-0.03679879323962565
2023-11-15,2,183,182,-0.019315171679298675
2023-11-15,3,183,183,-0.006462737838775705
2023-11-15,4,183,183,0.0017539709051334002
2023-11-15,5,182,182,-0.0185367291457744
2023-11-16,1,183,183,-0.029833044896865512
2023-11-16,2,183,183,-0.012929517570940335
2023-11-16,3,182,182,-0.010194414476205593
2023-11-16,4,183,183,-0.010911154811204195
2023-11-16,5,182,182,-0.018667617554915996
2023-11-17,1,183,183,-0.051760135459712336
2023-11-17,2,183,183,-0.030349055779571928
2023-11-17,3,182,182,-0.02753137558487393
2023-11-17,4,183,183,-0.017208249604270004
2023-11-17,5,182,181,-0.03657334079875918
2023-11-20,1,183,183,-0.07420579359858932
2023-11-20,2,182,182,-0.05142035386070372
2023-11-20,3,182,182,-0.04643266255365844
2023-11-20,4,182,182,-0.024884620773798185
2023-11-20,5,182,181,-0.052993685735952804
2023-11-21,1,183,183,-0.058950779725281524
2023-11-21,2,183,183,-0.04896976084979417
2023-11-21,3,182,182,-0.039596898285242606
2023-11-21,4,183,183,-0.02337046662034544
2023-11-21,5,182,181,-0.047876234363319926
2023-11-22,1,183,183,-0.0724021362627044
2023-11-22,2,183,183,-0.05945507228303752
2023-11-22,3,182,182,-0.05237157714649446
2023-11-22,4,183,183,-0.03897918101582863
2023-11-22,5,182,182,-0.05545326478699648
2023-11-23,1,183,183,-0.06952969315038099
2023-11-23,2,183,183,-0.05559964309749783
2023-11-23,3,182,182,-0.04135303902140949
2023-11-23,4,183,183,-0.048477819015015355
2023-11-23,5,182,182,-0.051629277062471245
2023-11-24,1,183,183,-0.0670138778008713
2023-11-24,2,183,183,-0.060404475745296574
2023-11-24,3,182,182,-0.04757896253006408
2023-11-24,4,183,183,-0.04966401866097352
2023-11-24,5,182,182,-0.05268543971991432
2023-11-27,1,183,183,-0.06538678298612315
2023-11-27,2,182,182,-0.047577208010082236
2023-11-27,3,183,183,-0.049657881913026246
2023-11-27,4,182,182,-0.04259701463354403
2023-11-27,5,182,182,-0.04248461538138181
2023-11-28,1,183,183,-0.08291813834878363
2023-11-28,2,183,183,-0.06652879669402872
2023-11-28,3,182,182,-0.05996425142357597
2023-11-28,4,183,183,-0.057679862548012814
2023-11-28,5,182,182,-0.059108839772666684
2023-11-29,1,183,183,-0.06717696777615509
2023-11-29,2,183,183,-0.05625242613941765
2023-11-29,3,182,182,-0.05053948765528068
2023-11-29,4,183,183,-0.04146095860523285
2023-11-29,5,182,181,-0.05312731514211703
2023-11-30,1,183,183,-0.04068777162120362
2023-11-30,2,182,182,-0.03822769573587556
2023-11-30,3,182,182,-0.033518605550180554
2023-11-30,4,182,182,-0.02827836013684702
2023-11-30,5,182,182,-0.043897445829005684
2023-12-01,1,183,183,-0.03506443260502243
2023-12-01,2,182,182,-0.031806954323382174
2023-12-01,3,183,182,-0.025182925820243094
2023-12-01,4,182,182,-0.021132790819726705
2023-12-01,5,182,182,-0.03537037384676223
2023-12-04,1,183,183,-0.03863439189419021
2023-12-04,2,182,182,-0.028402483163024628
2023-12-04,3,183,183,-0.027052127618598317
2023-12-04,4,182,182,-0.023369332496401853
2023-12-04,5,182,182,-0.04235862720120397
2023-12-05,1,183,183,-0.022443375985222527
2023-12-05,2,182,182,-0.015396253505100642
2023-12-05,3,182,181,-0.005923075227447078
2023-12-05,4,182,182,-0.011766402815439739
2023-12-05,5,182,182,-0.025086011113439693
2023-12-06,1,182,182,-0.033750710912825915
2023-12-06,2,182,182,-0.024343516622245744
2023-12-06,3,182,182,-0.020798490351187596
2023-12-06,4,182,182,-0.026021836926537218
2023-12-06,5,182,182,-0.03142484867724427
2023-12-07,1,182,182,-0.047790146813618394
2023-12-07,2,182,182,-0.04085238413621476
2023-12-07,3,182,182,-0.035286833817239426
2023-12-07,4,182,182,-0.03922733130749565
2023-12-07,5,182,182,-0.048991319773603395
2023-12-08,1,182,182,-0.05628093057255
2023-12-08,2,181,181,-0.04565384955001373
2023-12-08,3,182,182,-0.047003007120009245
2023-12-08,4,181,181,-0.04540819189918708
2023-12-08,5,181,181,-0.056497233682132914
2023-12-11,1,182,182,-0.06891853581256807
2023-12-11,2,181,181,-0.056983679695838445
2023-12-11,3,182,182,-0.055583984941132494
2023-12-11,4,181,181,-0.06158686381301521
2023-12-11,5,181,181,-0.07321900515879749
2023-12-12,1,182,182,-0.07654896944608185
2023-12-12,2,182,182,-0.05870598382655146
2023-12-12,3,181,181,-0.06840035277177721
2023-12-12,4,182,182,-0.06607305827283194
2023-12-12,5,181,181,-0.08289314577396162
2023-12-13,1,182,182,-0.05923256249327218
2023-12-13,2,182,182,-0.054481069277938776
2023-12-13,3,182,182,-0.04599225303958827
2023-12-13,4,182,181,-0.04917627885018405
2023-12-13,5,181,181,-0.06906135030323234
2023-12-14,1,182,182,-0.061260444190982505
2023-12-14,2,182,182,-0.05117328603126754
2023-12-14,3,182,182,-0.04690042842241113
2023-12-14,4,182,182,-0.04922598394274481
2023-12-14,5,181,181,-0.06877467580855438
2023-12-15,1,182,182,-0.04872909540984993
2023-12-15,2,182,182,-0.039237979724158156
2023-12-15,3,182,182,-0.042848326420822605
2023-12-15,4,182,181,-0.04033871792732029
2023-12-15,5,182,182,-0.058916722722970924
2023-12-18,1,182,182,-0.038648498281946705
2023-12-18,2,181,181,-0.036267146002725084
2023-12-18,3,181,181,-0.027398115958362678
2023-12-18,4,181,181,-0.029573799323239464
2023-12-18,5,181,181,-0.05911886703375938
2023-12-19,1,181,181,-0.06656184084626371
2023-12-19,2,181,181,-0.06051534123984304
2023-12-19,3,181,181,-0.05054120169915765
2023-12-19,4,181,181,-0.05252502249501839
2023-12-19,5,181,181,-0.08984142973687437
2023-12-20,1,181,181,-0.039915925430403426
2023-12-20,2,180,180,-0.04347496908895354
2023-12-20,3,181,181,-0.03711161637221812
2023-12-20,4,180,180,-0.04149441746131304
2023-12-20,5,180,180,-0.063397837109916
2023-12-21,1,181,181,-0.06001157154385772
2023-12-21,2,181,181,-0.059849335536397756
2023-12-21,3,180,180,-0.05301410908807336
2023-12-21,4,181,181,-0.06054130011583557
2023-12-21,5,180,180,-0.08417653399517223
2023-12-22,1,181,181,-0.09432946999471441
2023-12-22,2,181,181,-0.10026856582800883
2023-12-22,3,181,181,-0.08904377477617569
2023-12-22,4,181,181,-0.09571091839619834
2023-12-22,5,180,180,-0.11515699468487711
2023-12-25,1,181,181,-0.08041657040319719
2023-12-25,2,181,181,-0.07580948450878659
2023-12-25,3,180,180,-0.07867968806494573
2023-12-25,4,181,181,-0.08249203416440382
2023-12-25,5,180,180,-0.10427807415031648
2023-12-26,1,180,180,-0.055469534750570995
2023-12-26,2,180,180,-0.060984609340001314
2023-12-26,3,180,180,-0.05085124576695751
2023-12-26,4,180,180,-0.0601062035107501
2023-12-26,5,179,179,-0.08408579021016721
2023-12-27,1,181,181,-0.027068179558013314
2023-12-27,2,180,180,-0.039597680825756675
2023-12-27,3,180,180,-0.03001516076323932
2023-12-27,4,180,180,-0.04169957959539513
2023-12-27,5,180,180,-0.06262054989952197
2023-12-28,1,182,182,-0.055680414211534864
2023-12-28,2,181,181,-0.05678884127244042
2023-12-28,3,181,181,-0.04168643472988834
2023-12-28,4,181,181,-0.043985023165575565
2023-12-28,5,181,181,-0.07332085576784247
2023-12-29,1,181,181,-0.09119319206906842
2023-12-29,2,181,181,-0.09517640270611148
2023-12-29,3,181,181,-0.07717970111931696
2023-12-29,4,181,181,-0.08037984621341787
2023-12-29,5,181,180,-0.11254787757499965
2024-01-02,1,182,182,-0.10911956822578882
2024-01-02,2,181,181,-0.11389779900506421
2024-01-02,3,181,181,-0.09372735537930665
2024-01-02,4,181,181,-0.1107293149638285
2024-01-02,5,181,180,-0.12326453689258732
2024-01-03,1,182,182,-0.1368715984753476
2024-01-03,2,181,181,-0.14391618116543253
2024-01-03,3,181,181,-0.13054987603571883
2024-01-03,4,181,181,-0.1284343300062146
2024-01-03,5,181,180,-0.14874959090852052
2024-01-04,1,181,180,-0.13036118266901636
2024-01-04,2,181,181,-0.13435247237269562
2024-01-04,3,180,180,-0.13653549191791806
2024-01-04,4,181,181,-0.12305924422200273
2024-01-04,5,180,179,-0.1466461563252333
2024-01-05,1,181,180,-0.1533877098552347
2024-01-05,2,180,180,-0.15547058531355834
2024-01-05,3,181,181,-0.15418814491258825
2024-01-05,4,180,180,-0.1439026956240867
2024-01-05,5,180,179,-0.1674492548689673
2024-01-08,1,180,180,-0.18843819552837685
2024-01-08,2,180,180,-0.17439514093728276
2024-01-08,3,180,180,-0.19054060354447094
2024-01-08,4,180,180,-0.1673294834980108
2024-01-08,5,180,180,-0.20058803128826394
2024-01-09,1,180,180,-0.13944128217220184
2024-01-09,2,180,180,-0.11534312899132036
2024-01-09,3,179,179,-0.11347350053021252
2024-01-09,4,180,180,-0.12993700141136774
2024-01-09,5,179,179,-0.15199419820324697
2024-01-10,1,180,180,-0.10952351590295892
2024-01-10,2,180,180,-0.08102898560093988
2024-01-10,3,179,179,-0.08072586437050477
2024-01-10,4,180,180,-0.10502619939107244
2024-01-10,5,179,179,-0.12970241937148705
2024-01-11,1,181,181,-0.08981653077257219
2024-01-11,2,180,180,-0.05972696793043788
2024-01-11,3,181,181,-0.055592613444130884
2024-01-11,4,180,179,-0.08120789142946483
2024-01-11,5,180,180,-0.0992507105454987
2024-01-12,1,180,180,-0.08570408925294784
2024-01-12,2,180,180,-0.062018037838795906
2024-01-12,3,180,180,-0.05999473580696674
2024-01-12,4,180,180,-0.07625599025171358
2024-01-12,5,180,180,-0.08629020635635327
2024-01-15,1,180,180,-0.08244306786427835
2024-01-15,2,180,180,-0.06587353656258213
2024-01-15,3,180,180,-0.05813166934077439
2024-01-15,4,180,180,-0.06590797137472572
2024-01-15,5,180,180,-0.08804447017854342
2024-01-16,1,180,180,-0.06632902279613595
2024-01-16,2,180,180,-0.046458566139585995
2024-01-16,3,179,179,-0.05465664585254585
2024-01-16,4,180,180,-0.045471385326310475
2024-01-16,5,179,179,-0.0706769243971063
2024-01-17,1,179,179,-0.019749072649311607
2024-01-17,2,179,179,-0.005098406108896681
2024-01-17,3,179,179,-0.0164211837498732
2024-01-17,4,179,179,-0.010801004863775304
2024-01-17,5,179,179,-0.016799511779746243
2024-01-18,1,180,180,-0.014059400000686461
2024-01-18,2,179,179,0.002263130036048706
2024-01-18,3,179,179,-0.004760055421561356
2024-01-18,4,179,179,-0.012100937488855497
2024-01-18,5,179,179,-0.0026054420173039637
2024-01-19,1,179,179,-0.0006003622003067016
2024-01-19,2,179,179,0.01032968478774504
2024-01-19,3,178,178,-0.005890887371753456
2024-01-19,4,179,179,-0.0023837042796485287
2024-01-19,5,178,178,-0.00313405767509485
2024-01-22,1,178,178,0.0803975261821556
2024-01-22,2,178,178,0.08094465825133929
2024-01-22,3,177,177,0.08779611113506151
2024-01-22,4,178,178,0.06559547166302306
2024-01-22,5,177,177,0.08593673891095087
2024-01-23,1,178,178,0.006477403773553215
2024-01-23,2,178,178,0.023125198541194884
2024-01-23,3,178,178,0.02106294995868871
2024-01-23,4,178,178,0.009725608008545187
2024-01-23,5,177,177,0.01728980547334147
2024-01-24,1,180,180,0.045724881299091996
2024-01-24,2,179,179,0.04136078721340624
2024-01-24,3,179,179,0.04528978172697262
2024-01-24,4,179,179,0.041760745031987886
2024-01-24,5,179,179,0.0385654139564161
2024-01-25,1,181,181,0.024574797016501247
2024-01-25,2,181,181,0.027591736783955812
2024-01-25,3,180,180,0.01908408083328024
2024-01-25,4,181,181,0.016642384374197915
2024-01-25,5,180,180,0.024869060906283567
2024-01-26,1,181,181,0.015912557902958823
2024-01-26,2,181,181,0.023016066482138234
2024-01-26,3,180,180,0.005548836633122943
2024-01-26,4,181,181,0.01840590793027992
2024-01-26,5,180,180,0.02102929052388065
2024-01-29,1,180,179,0.03897677778462155
2024-01-29,2,180,180,0.04838921379486811
2024-01-29,3,180,180,0.0341306308787406
2024-01-29,4,180,180,0.02802547909545863
2024-01-29,5,179,179,0.05834081354003736
2024-01-30,1,179,179,0.07557103104332252
2024-01-30,2,179,179,0.07343752800443007
2024-01-30,3,179,179,0.08223518140337846
2024-01-30,4,179,179,0.06396976373652007
2024-01-30,5,179,179,0.08594821756294867
2024-01-31,1,177,177,0.10149088862023553
2024-01-31,2,177,177,0.11083984903277003
2024-01-31,3,176,176,0.09487998004920203
2024-01-31,4,177,177,0.10020901076979824
2024-01-31,5,176,176,0.10660340631759063
2024-02-01,1,177,177,0.11113533157149819
2024-02-01,2,177,177,0.11494513186430413
2024-02-01,3,176,176,0.11007872721067201
2024-02-01,4,177,176,0.12111789980934225
2024-02-01,5,176,176,0.10842465173611976
2024-02-02,1,176,176,0.20741056369010594
2024-02-02,2,176,176,0.1864364236294639
2024-02-02,3,176,176,0.18340195547947105
2024-02-02,4,176,176,0.168211221751983
2024-02-02,5,175,175,0.16334706366950713
2024-02-05,1,174,174,0.29921307076552095
2024-02-05,2,174,174,0.28288899942289863
2024-02-05,3,174,174,0.26552788537404404
2024-02-05,4,174,174,0.23641248688783512
2024-02-05,5,174,174,0.21612804214433534
2024-02-06,1,176,176,0.2109807740608412
2024-02-06,2,175,175,0.17989689331268824
2024-02-06,3,175,175,0.17537224441432606
2024-02-06,4,175,175,0.15557790299043162
2024-02-06,5,175,175,0.16694377846835623
2024-02-07,1,175,175,0.1719079593697102
2024-02-07,2,175,175,0.12458140884406063
2024-02-07,3,175,175,0.12367428029360655
2024-02-07,4,175,175,0.12361312806929088
2024-02-07,5,174,174,0.16019888516242603
2024-02-08,1,177,177,0.12576321050498748
2024-02-08,2,177,177,0.10697586704148758
2024-02-08,3,177,177,0.09216346790139172
2024-02-08,4,177,176,0.09381764792638526
2024-02-08,5,176,176,0.12678776072280343
2024-02-19,1,178,178,0.1484468233396021
2024-02-19,2,177,177,0.11913811692848189
2024-02-19,3,177,177,0.10564487271042376
2024-02-19,4,177,176,0.10631852373318038
2024-02-19,5,177,177,0.12380902256500571
2024-02-20,1,178,178,0.13856626052322138
2024-02-20,2,178,177,0.12068578662430875
2024-02-20,3,177,177,0.10906945888074854
2024-02-20,4,178,177,0.08581524323696704
2024-02-20,5,177,177,0.1055508217930027
2024-02-21,1,178,178,0.13571333321017365
2024-02-21,2,178,177,0.10684426441409405
2024-02-21,3,177,177,0.08898850564616172
2024-02-21,4,178,178,0.08967970787863239
2024-02-21,5,177,176,0.11023484120238897
2024-02-22,1,179,179,0.10348475947681103
2024-02-22,2,178,177,0.08000149158162796
2024-02-22,3,178,178,0.06872889468680655
2024-02-22,4,178,178,0.06773019697003109
2024-02-22,5,178,177,0.08304754362284059
2024-02-23,1,179,179,0.0663494984262269
2024-02-23,2,178,177,0.04278871966911108
2024-02-23,3,178,178,0.04709348300726136
2024-02-23,4,178,177,0.04635151583571456
2024-02-23,5,178,178,0.06044015441503496
2024-02-26,1,179,179,0.040395605294136064
2024-02-26,2,178,177,0.02563518603019389
2024-02-26,3,179,179,0.03585121636271611
2024-02-26,4,178,178,0.034102190569840124
2024-02-26,5,178,178,0.04512678090730684
2024-02-27,1,179,179,0.003206785154373432
2024-02-27,2,179,179,0.0030049226991102195
2024-02-27,3,178,178,0.004429258354374051
2024-02-27,4,179,179,0.009371077361060383
2024-02-27,5,178,178,0.0201928017798558
2024-02-28,1,179,179,0.02759815691690268
2024-02-28,2,178,178,0.02453349873434533
2024-02-28,3,178,178,0.016204481456484517
2024-02-28,4,178,178,0.029187577413879864
2024-02-28,5,178,178,0.04009399642250514
2024-02-29,1,179,179,0.006048096016186629
2024-02-29,2,178,178,-0.0016374519101563705
2024-02-29,3,179,179,0.0029009393861367232
2024-02-29,4,178,178,0.011402845998781039
2024-02-29,5,178,178,0.005971496323203254
2024-03-01,1,179,179,0.005008276701185041
2024-03-01,2,178,178,0.009297401512721078
2024-03-01,3,179,179,0.004336525795668309
2024-03-01,4,178,178,0.020296730896420017
2024-03-01,5,178,178,0.008938018282062664
2024-03-04,1,179,179,0.036784918552237596
2024-03-04,2,178,178,0.03378100343311519
2024-03-04,3,178,178,0.025860089645118937
2024-03-04,4,178,178,0.03706729967080895
2024-03-04,5,178,178,0.026668349797249497
2024-03-05,1,179,179,0.026877576674495182
2024-03-05,2,178,178,0.04256159463933665
2024-03-05,3,179,179,0.0244691594663844
2024-03-05,4,178,178,0.03223346968765768
2024-03-05,5,178,178,0.032404262660871416
2024-03-06,1,179,179,0.0083211162546914
2024-03-06,2,178,178,0.02647672320066253
2024-03-06,3,178,178,0.019894357958271776
2024-03-06,4,178,178,0.016384260775617537
2024-03-06,5,178,178,0.029874935516864636
2024-03-07,1,178,178,0.003472216468512512
2024-03-07,2,178,178,0.014448720560954838
2024-03-07,3,178,178,0.013096609840991962
2024-03-07,4,178,178,0.018318419499583034
2024-03-07,5,178,178,0.02638394712475451
2024-03-08,1,178,178,0.008095285944888599
2024-03-08,2,178,178,0.016153157966580567
2024-03-08,3,178,178,0.016671130112659714
2024-03-08,4,178,178,0.015639797657117854
2024-03-08,5,178,178,0.020778067717446138
2024-03-11,1,179,179,-0.04411708915013904
2024-03-11,2,179,179,-0.040523334944120616
2024-03-11,3,178,178,-0.02550901364133121
2024-03-11,4,179,179,-0.00982076793041863
2024-03-11,5,178,178,-0.0023161416177598314
2024-03-12,1,180,180,-0.05811870294361033
2024-03-12,2,179,179,-0.04332180009857653
2024-03-12,3,180,180,-0.018956377909787492
2024-03-12,4,179,179,-0.009364812489790647
2024-03-12,5,179,179,0.03045795036719401
2024-03-13,1,179,179,-0.07165474721008253
2024-03-13,2,179,179,-0.04216962732648382
2024-03-13,3,179,179,-0.03797717954463421
2024-03-13,4,179,179,-0.014286159702258322
2024-03-13,5,178,178,0.016474548251708895
2024-03-14,1,179,179,-0.07825939081231571
2024-03-14,2,179,179,-0.061108103578057904
2024-03-14,3,178,178,-0.03325039759031743
2024-03-14,4,179,178,-0.009341434356967026
2024-03-14,5,178,178,0.022906111270267256
2024-03-15,1,180,180,-0.13387573632882363
2024-03-15,2,179,179,-0.09500174782105578
2024-03-15,3,180,180,-0.07941166640484906
2024-03-15,4,179,179,-0.05026042701435436
2024-03-15,5,179,179,-0.0040655239469541546
2024-03-18,1,180,180,-0.10816717870720226
2024-03-18,2,180,180,-0.0818940491926124
2024-03-18,3,179,179,-0.05330788489362447
2024-03-18,4,180,180,-0.03796050242052966
2024-03-18,5,179,179,0.013985688120482023
2024-03-19,1,180,179,-0.10045627979686772
2024-03-19,2,179,179,-0.08708108346874745
2024-03-19,3,179,179,-0.05695966029676718
2024-03-19,4,179,179,-0.027459899499627658
2024-03-19,5,179,179,0.021031898571000806
2024-03-20,1,180,180,-0.12249833516342691
2024-03-20,2,179,179,-0.0970018360577339
2024-03-20,3,179,179,-0.06836410650285236
2024-03-20,4,179,179,-0.04334303656475958
2024-03-20,5,179,179,0.017328163302196595
2024-03-21,1,180,180,-0.11495998167215443
2024-03-21,2,180,180,-0.09794757830850039
2024-03-21,3,179,179,-0.06381567435740143
2024-03-21,4,180,180,-0.04476496826087017
2024-03-21,5,179,179,0.0027592086179633007
2024-03-22,1,179,179,-0.08793614951002884
2024-03-22,2,179,179,-0.07779112750740644
2024-03-22,3,179,179,-0.0658563298035764
2024-03-22,4,179,179,-0.03352689679575102
2024-03-22,5,179,179,0.00010845541660313483
2024-03-25,1,179,179,-0.0674985716570595
2024-03-25,2,179,179,-0.053657649112175236
2024-03-25,3,179,178,-0.03250040022274997
2024-03-25,4,179,179,-0.020056006027402835
2024-03-25,5,179,179,0.014145552401973266
2024-03-26,1,180,179,-0.06300850807303622
2024-03-26,2,179,179,-0.04748197798850596
2024-03-26,3,180,180,-0.020396029694751423
2024-03-26,4,179,179,-0.02111787154277237
2024-03-26,5,179,179,0.015347684459928259
2024-03-27,1,178,178,-0.013244800896477138
2024-03-27,2,178,178,0.009053792693212529
2024-03-27,3,178,178,0.01535047287350439
2024-03-27,4,178,178,0.028426387486790605
2024-03-27,5,177,177,0.04666998115335658
2024-03-28,1,179,176,0.0020744195349734484
2024-03-28,2,179,178,0.01626091870732669
2024-03-28,3,179,178,0.020143336014439163
2024-03-28,4,179,178,0.03143754301557047
2024-03-28,5,178,177,0.04287238429861165
2024-03-29,1,179,179,-0.0063023724231140174
2024-03-29,2,179,178,0.009655787445218411
2024-03-29,3,179,179,0.01416024501313316
2024-03-29,4,179,179,0.013639527855291022
2024-03-29,5,178,178,0.034970978423986096
2024-04-01,1,180,180,-0.020821953568956386
2024-04-01,2,180,179,-0.0007638052802480393
2024-04-01,3,179,179,0.00341572714441162
2024-04-01,4,180,180,0.010694957183124163
2024-04-01,5,179,179,0.024498332725653073
2024-04-02,1,180,180,-0.004910150615415565
2024-04-02,2,180,179,0.008967647018794545
2024-04-02,3,180,180,0.005273928803534616
2024-04-02,4,180,180,0.015311955460038969
2024-04-02,5,180,180,0.026002516772653417
2024-04-03,1,181,181,-0.0013920106224315253
2024-04-03,2,180,179,0.0011171448269249008
2024-04-03,3,181,181,0.0012481142579188744
2024-04-03,4,180,180,0.005056509763384252
2024-04-03,5,180,180,0.01830173279872335
2024-04-08,1,179,179,0.0381863105522548
2024-04-08,2,179,178,0.029741963488819512
2024-04-08,3,179,179,0.02745929267144518
2024-04-08,4,179,179,0.03441701081010097
2024-04-08,5,179,179,0.04670933327934964
2024-04-09,1,180,180,0.004233538506469392
2024-04-09,2,180,179,0.007630603022498548
2024-04-09,3,180,180,-0.0004540393640004982
2024-04-09,4,180,180,0.026514114148456495
2024-04-09,5,179,178,0.034515691785843725
2024-04-10,1,180,180,0.028004070763290714
2024-04-10,2,180,180,0.025662728004934306
2024-04-10,3,179,178,0.031688884115552624
2024-04-10,4,180,180,0.041027458394591515
2024-04-10,5,179,179,0.05466675433828968
2024-04-11,1,180,180,0.021630067564173152
2024-04-11,2,180,180,0.021445629419297882
2024-04-11,3,180,179,0.021827941094320246
2024-04-11,4,180,180,0.04754956617209767
2024-04-11,5,180,180,0.036698509129803575
2024-04-12,1,180,180,0.03719446515370881
2024-04-12,2,179,178,0.01984018425720221
2024-04-12,3,179,179,0.032218111861135185
2024-04-12,4,179,179,0.048920790510100065
2024-04-12,5,179,179,0.03952495663521137
2024-04-15,1,179,179,0.06427607391119793
2024-04-15,2,179,179,0.04047029013078087
2024-04-15,3,179,179,0.046228816398977406
2024-04-15,4,179,179,0.04085392452429004
2024-04-15,5,178,178,0.03815202078730243
2024-04-16,1,177,176,0.11638857551341308
2024-04-16,2,177,177,0.09302201075764757
2024-04-16,3,177,177,0.09079226772000698
2024-04-16,4,177,177,0.09194101712629223
2024-04-16,5,176,175,0.06760710331428116
2024-04-17,1,179,179,0.07782414090187119
2024-04-17,2,179,179,0.06687914178462387
2024-04-17,3,179,179,0.05116685095956233
2024-04-17,4,179,179,0.06296304303049628
2024-04-17,5,178,177,0.047126735451596805
2024-04-18,1,179,179,0.07159271282290025
2024-04-18,2,179,179,0.065749369424039
2024-04-18,3,179,179,0.0464676106437492
2024-04-18,4,179,179,0.059321041058317585
2024-04-18,5,179,179,0.03950568057896522
2024-04-19,1,179,179,0.08146032245880915
2024-04-19,2,178,178,0.06946514948542769
2024-04-19,3,178,178,0.05095134249468684
2024-04-19,4,178,178,0.05402821691912606
2024-04-19,5,178,178,0.040646489247341364
2024-04-22,1,178,178,0.055065774339051084
2024-04-22,2,178,178,0.04789314675334043
2024-04-22,3,177,177,0.04605908364193025
2024-04-22,4,178,178,0.0366046068960077
2024-04-22,5,177,177,0.030427188323604124
2024-04-23,1,178,178,0.0448271656801055
2024-04-23,2,178,178,0.04891922073345861
2024-04-23,3,178,178,0.03560231689788444
2024-04-23,4,178,178,0.03613152010848295
2024-04-23,5,177,177,0.024090568366076606
2024-04-24,1,178,178,0.051060196026262966
2024-04-24,2,178,178,0.042302314558079375
2024-04-24,3,178,177,0.03495123372917202
2024-04-24,4,178,178,0.02717934806902226
2024-04-24,5,178,178,0.029575941320229147
2024-04-25,1,178,178,0.02975462664088092
2024-04-25,2,178,178,0.024360714997028753
2024-04-25,3,178,177,0.021380071999184142
2024-04-25,4,178,178,0.015434456090793363
2024-04-25,5,177,177,0.014226790410148907
2024-04-26,1,180,180,0.0026219358728206076
2024-04-26,2,180,180,0.0008430278758265051
2024-04-26,3,179,179,0.012242660524680146
2024-04-26,4,180,180,-0.006027732815698925
2024-04-26,5,179,179,-0.005668315407452067
2024-04-29,1,181,179,-0.023178530928258195
2024-04-29,2,180,178,-0.012130585108779693
2024-04-29,3,180,180,-0.01563052580911022
2024-04-29,4,180,180,-0.016442684028920133
2024-04-29,5,180,179,-0.02881841735209541
2024-04-30,1,179,179,-0.02486009645650563
2024-04-30,2,179,179,-0.018270268113029824
2024-04-30,3,179,179,-0.029124214783819314
2024-04-30,4,179,179,-0.027290815057727864
2024-04-30,5,178,178,-0.028411763783044962
2024-05-06,1,181,181,-0.04734167829683663
2024-05-06,2,180,180,-0.04108780462554883
2024-05-06,3,180,180,-0.053253799051442445
2024-05-06,4,180,180,-0.03968165544617148
2024-05-06,5,180,180,-0.050611090806703375
2024-05-07,1,180,180,-0.04841368027540847
2024-05-07,2,180,180,-0.04185754993699009
2024-05-07,3,180,180,-0.045774185081815785
2024-05-07,4,180,180,-0.03372408111182024
2024-05-07,5,180,180,-0.04527400756060691
2024-05-08,1,180,180,-0.04195052654630139
2024-05-08,2,180,180,-0.04252809448156569
2024-05-08,3,180,180,-0.04223728307697583
2024-05-08,4,180,180,-0.03548331772321365
2024-05-08,5,179,179,-0.04250823879307286
2024-05-09,1,180,180,-0.07282784816409321
2024-05-09,2,180,180,-0.06990410607553477
2024-05-09,3,180,180,-0.080126623415472
2024-05-09,4,180,180,-0.05234380622184628
2024-05-09,5,179,179,-0.0696405826611118
2024-05-10,1,180,179,-0.06258778661105538
2024-05-10,2,180,180,-0.058046178257401694
2024-05-10,3,180,180,-0.06815658350835027
2024-05-10,4,180,180,-0.05234960681313847
2024-05-10,5,180,180,-0.061098333546250945
2024-05-13,1,180,180,-0.05166096962465422
2024-05-13,2,179,179,-0.05553499682706455
2024-05-13,3,180,180,-0.05664608568237973
2024-05-13,4,179,179,-0.04835195003654947
2024-05-13,5,179,179,-0.06291256283136916
2024-05-14,1,180,180,-0.0435636021186879
2024-05-14,2,180,180,-0.05099741070826713
2024-05-14,3,179,179,-0.05502997442777744
2024-05-14,4,180,180,-0.049848500135853416
2024-05-14,5,179,179,-0.05555636030740397
2024-05-15,1,180,180,-0.054634893433469854
2024-05-15,2,180,180,-0.05933562899662522
2024-05-15,3,180,180,-0.05911257309854812
2024-05-15,4,180,180,-0.05567739113119479
2024-05-15,5,179,179,-0.05798431729901864
2024-05-16,1,180,180,-0.057522103879032366
2024-05-16,2,180,180,-0.059024822303681924
2024-05-16,3,180,180,-0.0539180646193973
2024-05-16,4,180,180,-0.05094720134212023
2024-05-16,5,179,179,-0.05439783943202955
2024-05-17,1,181,180,-0.08189891948514672
2024-05-17,2,181,181,-0.058046185459477824
2024-05-17,3,181,180,-0.06522746256342896
2024-05-17,4,181,181,-0.05726026146446931
2024-05-17,5,180,180,-0.06653275469754633
2024-05-20,1,180,180,-0.06810950019402302
2024-05-20,2,180,180,-0.06026761061757622
2024-05-20,3,180,180,-0.05373956455695673
2024-05-20,4,180,180,-0.06146766106370786
2024-05-20,5,179,179,-0.053116222994738
2024-05-21,1,180,180,-0.07780048788555306
2024-05-21,2,180,180,-0.05895773230262845
2024-05-21,3,180,180,-0.054870803119242736
2024-05-21,4,180,180,-0.06985018415578577
2024-05-21,5,179,179,-0.05884562180659682
2024-05-22,1,180,180,-0.10944479915908864
2024-05-22,2,180,180,-0.07732056834336985
2024-05-22,3,180,180,-0.08179595383289408
2024-05-22,4,180,180,-0.07404307875726487
2024-05-22,5,180,180,-0.06193498214879329
2024-05-23,1,179,179,-0.09561040238582419
2024-05-23,2,179,179,-0.06017075242331504
2024-05-23,3,179,179,-0.06213001907029788
2024-05-23,4,179,179,-0.061893854916452565
2024-05-23,5,178,178,-0.04691963013383892
2024-05-24,1,179,179,-0.10771284890775916
2024-05-24,2,179,179,-0.07133044235060244
2024-05-24,3,179,179,-0.07442890765816575
2024-05-24,4,179,179,-0.0753226461631009
2024-05-24,5,178,178,-0.05742053622416433
2024-05-27,1,179,179,-0.11007349684015674
2024-05-27,2,179,179,-0.09309282154641892
2024-05-27,3,179,179,-0.08068852805208006
2024-05-27,4,179,179,-0.08828216053001368
2024-05-27,5,179,179,-0.07063584972769847
2024-05-28,1,179,179,-0.08449619362463326
2024-05-28,2,179,179,-0.05149232209888712
2024-05-28,3,178,178,-0.05232365005304861
2024-05-28,4,179,179,-0.058980034476185585
2024-05-28,5,178,178,-0.05152312021200303
2024-05-29,1,179,179,-0.10322009303583939
2024-05-29,2,178,178,-0.058400565474922166
2024-05-29,3,179,179,-0.06778421914567975
2024-05-29,4,178,178,-0.07223450717524317
2024-05-29,5,178,178,-0.07282132742024187
2024-05-30,1,178,178,-0.10039493010905749
2024-05-30,2,178,178,-0.059201635440538185
2024-05-30,3,178,178,-0.06395841847982858
2024-05-30,4,178,178,-0.06213565826339658
2024-05-30,5,178,178,-0.05933766497464482
2024-05-31,1,178,178,-0.0902196776793383
2024-05-31,2,177,177,-0.06396342537387993
2024-05-31,3,178,178,-0.04857764940169193
2024-05-31,4,177,177,-0.04993766608912118
2024-05-31,5,177,177,-0.042115418089400655
2024-06-03,1,177,177,-0.08072853003627514
2024-06-03,2,177,177,-0.048935833048569716
2024-06-03,3,177,177,-0.0473312693609226
2024-06-03,4,177,177,-0.0357272899010838
2024-06-03,5,177,177,-0.043792545949142045
2024-06-04,1,177,177,-0.07608133161333798
2024-06-04,2,176,176,-0.05965749179381986
2024-06-04,3,176,176,-0.05721604056584829
2024-06-04,4,176,176,-0.046566100574734676
2024-06-04,5,176,176,-0.06117193459769958
2024-06-05,1,176,176,-0.09360339791163018
2024-06-05,2,176,176,-0.07582324042292479
2024-06-05,3,176,176,-0.06669879441599476
2024-06-05,4,176,176,-0.056736693961575616
2024-06-05,5,175,175,-0.06967033050780863
2024-06-06,1,176,176,-0.062357336897146
2024-06-06,2,176,176,-0.05488668775109887
2024-06-06,3,175,174,-0.05330252101328155
2024-06-06,4,176,176,-0.04201397171317589
2024-06-06,5,175,175,-0.051710117497561645
2024-06-07,1,176,176,-0.08579956158686429
2024-06-07,2,176,176,-0.0692746172368599
2024-06-07,3,176,175,-0.06631171289296171
2024-06-07,4,176,176,-0.06189994274067783
2024-06-07,5,176,176,-0.06312444279353667
2024-06-11,1,176,176,-0.08317814128960349
2024-06-11,2,175,175,-0.07141632093559638
2024-06-11,3,175,175,-0.05395725189716334
2024-06-11,4,175,175,-0.053227783751409116
2024-06-11,5,175,175,-0.03925905441681958
2024-06-12,1,176,176,-0.08375717135669089
2024-06-12,2,175,175,-0.05922505696848053
2024-06-12,3,176,176,-0.05302538774659509
2024-06-12,4,175,175,-0.04629595643943419
2024-06-12,5,175,175,-0.03506227501259984
2024-06-13,1,175,175,-0.05538879669351035
2024-06-13,2,175,175,-0.04630835870027511
2024-06-13,3,174,174,-0.03258070159184321
2024-06-13,4,175,175,-0.0265487077095897
2024-06-13,5,174,174,-0.013856403486845782
2024-06-14,1,175,175,-0.0565947706739613
2024-06-14,2,175,175,-0.047994089654326826
2024-06-14,3,175,175,-0.038952767443763706
2024-06-14,4,175,175,-0.030854531670071107
2024-06-14,5,175,175,-0.027663616984895164
2024-06-17,1,175,175,-0.06663055641333593
2024-06-17,2,175,175,-0.06377662582116704
2024-06-17,3,174,174,-0.04396611147485004
2024-06-17,4,175,175,-0.03864808548737731
2024-06-17,5,174,174,-0.03651670190909188
2024-06-18,1,175,175,-0.0703881313881442
2024-06-18,2,175,175,-0.06333796187321201
2024-06-18,3,175,175,-0.037143926848698654
2024-06-18,4,175,175,-0.04979486382578449
2024-06-18,5,174,174,-0.044712300322311715
2024-06-19,1,175,175,-0.06051013592453818
2024-06-19,2,174,174,-0.06374052360596366
2024-06-19,3,175,175,-0.04727901496784363
2024-06-19,4,174,174,-0.040096683975613646
2024-06-19,5,174,174,-0.0525357688830298
2024-06-20,1,175,175,-0.03860991284782765
2024-06-20,2,174,174,-0.037386041821016305
2024-06-20,3,174,174,-0.02715638466511217
2024-06-20,4,174,174,-0.02113740877954479
2024-06-20,5,174,174,-0.02964491917120136
2024-06-21,1,175,175,-0.028919517696983327
2024-06-21,2,174,174,-0.0161413996500296
2024-06-21,3,175,175,-0.02073790260490594
2024-06-21,4,174,174,-0.014697198153540456
2024-06-21,5,174,174,-0.02991685450385193
2024-06-24,1,174,174,-0.0003732802352212666
2024-06-24,2,173,173,-0.006746686948421835
2024-06-24,3,173,173,0.003715295106151967
2024-06-24,4,173,173,0.0016906102713914464
2024-06-24,5,173,173,-0.016490702219851702
2024-06-25,1,174,174,-0.023416159014422882
2024-06-25,2,173,173,-0.01819154777547071
2024-06-25,3,173,173,-0.020544864308290556
2024-06-25,4,173,173,-0.018209858683274273
2024-06-25,5,173,173,-0.04281280107265077
2024-06-26,1,174,174,-0.06856819827408532
2024-06-26,2,174,174,-0.053995216909825755
2024-06-26,3,174,174,-0.055842305426268925
2024-06-26,4,174,174,-0.044481322396602026
2024-06-26,5,174,174,-0.06797179744525658
2024-06-27,1,174,174,-0.03685655650518689
2024-06-27,2,174,174,-0.03470691801993175
2024-06-27,3,174,174,-0.02613605450103344
2024-06-27,4,174,174,-0.030801061751497997
2024-06-27,5,174,174,-0.04740489754932326
2024-06-28,1,174,174,-0.030587538482590996
2024-06-28,2,174,174,-0.02553377370468062
2024-06-28,3,173,173,-0.02109534124115169
2024-06-28,4,174,174,-0.02118956857606015
2024-06-28,5,173,173,-0.04238410727289048
2024-07-01,1,174,174,-0.04271327913820874
2024-07-01,2,174,174,-0.04426948769599281
2024-07-01,3,174,174,-0.0278273022914993
2024-07-01,4,174,174,-0.04446702336448957
2024-07-01,5,173,173,-0.06312235905383488
2024-07-02,1,174,173,-0.028252296575661494
2024-07-02,2,174,174,-0.03830695464297561
2024-07-02,3,174,174,-0.023901889785415718
2024-07-02,4,174,174,-0.024285620719300648
2024-07-02,5,173,173,-0.06504353367093886
2024-07-03,1,174,173,0.013284379407028483
2024-07-03,2,174,174,3.7927168984962855e-05
2024-07-03,3,173,173,0.018668404732055593
2024-07-03,4,174,173,0.0098604001961498
2024-07-03,5,173,173,-0.013252430965402032
2024-07-04,1,173,172,0.024038774497953174
2024-07-04,2,173,173,0.027651657631782667
2024-07-04,3,172,172,0.01873072197539135
2024-07-04,4,173,172,0.01506136533225032
2024-07-04,5,172,172,-0.0053326276302657575
2024-07-05,1,173,173,0.014250848519891453
2024-07-05,2,172,172,0.015494976529027671
2024-07-05,3,172,170,-0.002780813947913733
2024-07-05,4,172,172,-0.0022405555169751094
2024-07-05,5,172,172,-0.028199647177763035
2024-07-08,1,171,171,0.029760425577071876
2024-07-08,2,171,171,0.031157892813741022
2024-07-08,3,170,170,0.024819148287213304
2024-07-08,4,171,170,0.011056801223191973
2024-07-08,5,170,170,-0.014387349798837414
2024-07-09,1,171,171,0.022884025666614575
2024-07-09,2,170,170,0.012408483789620057
2024-07-09,3,170,170,0.014536774693535499
2024-07-09,4,170,169,0.0013875717411284676
2024-07-09,5,170,170,-0.03051332388776562
2024-07-10,1,170,170,-0.00021049295834138601
2024-07-10,2,169,168,0.008527142724141097
2024-07-10,3,170,170,-0.003383748270914299
2024-07-10,4,169,169,-0.024678088563290207
2024-07-10,5,169,169,-0.03787150994378834
2024-07-11,1,171,171,-0.008384997483339658
2024-07-11,2,171,170,-0.005332265291232925
2024-07-11,3,171,171,-0.003310976217159055
2024-07-11,4,171,171,-0.014561321545062404
2024-07-11,5,171,171,-0.03899831424306255
2024-07-12,1,172,172,-0.022288121968260476
2024-07-12,2,171,170,-0.011022225517975907
2024-07-12,3,172,172,-0.0175237646391304
2024-07-12,4,171,171,-0.015080689448793818
2024-07-12,5,171,171,-0.04650557115640545
2024-07-15,1,171,171,-0.01530568275698714
2024-07-15,2,171,170,-0.009256061213684398
2024-07-15,3,171,171,-0.014096373612106137
2024-07-15,4,171,171,-0.01340233038378307
2024-07-15,5,170,170,-0.039810923633352834
2024-07-16,1,171,171,-0.01779629147741292
2024-07-16,2,170,169,-0.009961216648153935
2024-07-16,3,171,171,-0.012124650487392018
2024-07-16,4,170,170,-0.01655647286500755
2024-07-16,5,170,170,-0.04154450987324827
2024-07-17,1,171,171,-0.015223464234621129
2024-07-17,2,171,171,-0.020082720408767744
2024-07-17,3,170,170,-0.006248065071634928
2024-07-17,4,171,171,-0.018958590335422392
2024-07-17,5,170,170,-0.03568858282269769
2024-07-18,1,171,171,-0.0038744343233720305
2024-07-18,2,170,170,-0.002361249851180077
2024-07-18,3,171,171,-0.010094550427298534
2024-07-18,4,170,170,-0.013551229245546963
2024-07-18,5,170,170,-0.024027561092452358
2024-07-19,1,170,170,-0.022218651267518024
2024-07-19,2,170,170,-0.02059744573066993
2024-07-19,3,170,170,-0.024399852536517257
2024-07-19,4,170,170,-0.023151271972116437
2024-07-19,5,170,170,-0.03639219181656386
2024-07-22,1,169,169,-0.028202134756059784
2024-07-22,2,169,169,-0.01092700592991884
2024-07-22,3,169,169,-0.016845558034582233
2024-07-22,4,169,169,-0.015185277952247835
2024-07-22,5,169,169,-0.04522355824537564
2024-07-23,1,169,169,-0.018995638158835242
2024-07-23,2,168,168,-0.010110336005863006
2024-07-23,3,169,169,-0.005384726691648918
2024-07-23,4,168,168,-0.013760408784890458
2024-07-23,5,168,168,-0.03202646403858776
2024-07-24,1,168,168,-0.008275963638673878
2024-07-24,2,167,167,0.007012706356132298
2024-07-24,3,167,167,0.0011140173553656997
2024-07-24,4,167,166,0.001157466723753088
2024-07-24,5,167,167,-0.012370498607013908
2024-07-25,1,168,168,-0.03817099715993154
2024-07-25,2,168,168,-0.020269100687439097
2024-07-25,3,168,168,-0.023614662395445834
2024-07-25,4,168,168,-0.015370630813043665
2024-07-25,5,167,166,-0.03392355085274989
2024-07-26,1,169,169,-0.05175546248592411
2024-07-26,2,169,169,-0.024542206578828656
2024-07-26,3,168,168,-0.022651025855238694
2024-07-26,4,169,169,-0.02824189026489102
2024-07-26,5,168,167,-0.03928249947713207
2024-07-29,1,169,169,-0.0323613355369455
2024-07-29,2,168,168,-0.017470681981993676
2024-07-29,3,168,168,-0.018578800740595754
2024-07-29,4,168,167,-0.02193261545549781
2024-07-29,5,168,168,-0.037331006501928964
2024-07-30,1,168,167,-0.05457394059836952
2024-07-30,2,168,168,-0.03452212028093454
2024-07-30,3,168,168,-0.03235892831486241
2024-07-30,4,168,167,-0.03204465088406104
2024-07-30,5,167,167,-0.04992977828517286
2024-07-31,1,169,169,-0.09176691421064495
2024-07-31,2,169,168,-0.07289961562876418
2024-07-31,3,169,169,-0.06603681845125026
2024-07-31,4,169,167,-0.06401773457018922
2024-07-31,5,169,169,-0.0815901969338681
2024-08-01,1,169,169,-0.061778674146281624
2024-08-01,2,168,168,-0.045870907778863816
2024-08-01,3,169,169,-0.04184971836109832
2024-08-01,4,168,167,-0.0394520560661256
2024-08-01,5,168,168,-0.06539661269775816
2024-08-02,1,169,169,-0.030074493642322266
2024-08-02,2,169,169,-0.02261268586906504
2024-08-02,3,169,169,-0.01743371982370314
2024-08-02,4,169,168,-0.02336400978211978
2024-08-02,5,169,169,-0.028727805312845026
2024-08-05,1,170,170,-0.04718692373673384
2024-08-05,2,169,169,-0.03926648652027155
2024-08-05,3,170,170,-0.030701699919428997
2024-08-05,4,169,167,-0.031925329172927806
2024-08-05,5,169,168,-0.03827403691580797
2024-08-06,1,169,169,-0.04251976122819983
2024-08-06,2,169,169,-0.03854907488803229
2024-08-06,3,169,168,-0.03760569022525601
2024-08-06,4,169,168,-0.03075243456273263
2024-08-06,5,168,167,-0.02660034678519488
2024-08-07,1,169,169,-0.031915082115802476
2024-08-07,2,169,169,-0.03703548230771593
2024-08-07,3,169,168,-0.028341242680777253
2024-08-07,4,169,169,-0.033427435950804614
2024-08-07,5,169,168,-0.02337305299918664
2024-08-08,1,169,169,-0.028880897952963964
2024-08-08,2,169,169,-0.033928288680966305
2024-08-08,3,168,168,-0.03236769734041517
2024-08-08,4,169,168,-0.03447108583653759
2024-08-08,5,168,165,-0.027469902214445664
2024-08-09,1,169,169,-0.03324899435149249
2024-08-09,2,168,168,-0.042682849622604824
2024-08-09,3,169,169,-0.0374531949408539
2024-08-09,4,168,166,-0.0436107330654202
2024-08-09,5,168,166,-0.03953096317696316
2024-08-12,1,169,169,-0.0336441590803741
2024-08-12,2,169,169,-0.03499324504794296
2024-08-12,3,169,169,-0.03772824513418148
2024-08-12,4,169,167,-0.03731039797447734
2024-08-12,5,168,166,-0.040898043693046546
2024-08-13,1,169,169,-0.04467350578852008
2024-08-13,2,169,169,-0.038305610318787126
2024-08-13,3,169,169,-0.04323539913754598
2024-08-13,4,169,168,-0.050802279080548345
2024-08-13,5,168,165,-0.04427246824648987
2024-08-14,1,170,170,-0.034807889291984695
2024-08-14,2,169,169,-0.0204041075132089
2024-08-14,3,170,170,-0.030146015294775796
2024-08-14,4,169,168,-0.03983873987310861
2024-08-14,5,169,166,-0.038013703835381656
2024-08-15,1,170,170,-0.04886967224589762
2024-08-15,2,170,170,-0.04379413441907168
2024-08-15,3,169,169,-0.04099668680073986
2024-08-15,4,170,169,-0.05173025703947465
2024-08-15,5,169,166,-0.05619702393738684
2024-08-16,1,170,170,-0.05871613809209514
2024-08-16,2,170,170,-0.04689172792599502
2024-08-16,3,170,170,-0.044110000201973476
2024-08-16,4,170,169,-0.052832345815213524
2024-08-16,5,170,167,-0.055116470804042604
2024-08-19,1,171,171,-0.05836123827198509
2024-08-19,2,170,170,-0.03968932005513782
2024-08-19,3,170,170,-0.03838107120367382
2024-08-19,4,170,170,-0.05119252167213046
2024-08-19,5,170,168,-0.05657262868211756
2024-08-20,1,170,170,-0.020498573581556476
2024-08-20,2,169,169,-0.0010394828221892876
2024-08-20,3,170,170,-0.007004080831534506
2024-08-20,4,169,168,-0.01873725745094536
2024-08-20,5,169,168,-0.028462041161346912
2024-08-21,1,170,170,-0.022830034238282004
2024-08-21,2,169,169,0.003825335061008433
2024-08-21,3,169,168,-0.0025985911145596347
2024-08-21,4,169,169,-0.02194081197831773
2024-08-21,5,169,167,-0.02945749439126872
2024-08-22,1,169,169,0.008754619498032815
2024-08-22,2,169,169,0.026927371905612427
2024-08-22,3,168,168,0.024463523849534045
2024-08-22,4,169,167,0.0005215227230748446
2024-08-22,5,168,168,-0.0070243441060367055
2024-08-23,1,169,169,0.050178272614935245
2024-08-23,2,168,168,0.052971634772907894
2024-08-23,3,169,169,0.06382680875008831
2024-08-23,4,168,167,0.043276888211611145
2024-08-23,5,168,167,0.027518742441750593
2024-08-26,1,170,170,0.042760532232892105
2024-08-26,2,169,169,0.055793237847767706
2024-08-26,3,170,170,0.04989513942560937
2024-08-26,4,169,168,0.046538308656111506
2024-08-26,5,169,168,0.021535429243657284
2024-08-27,1,170,170,0.14462553752058377
2024-08-27,2,169,169,0.14134170230974766
2024-08-27,3,170,170,0.12623338592846894
2024-08-27,4,169,169,0.11153620677058103
2024-08-27,5,169,167,0.08867636003561197
2024-08-28,1,169,169,0.24650571626308157
2024-08-28,2,169,169,0.22872590322984004
2024-08-28,3,169,169,0.2163146558276032
2024-08-28,4,169,168,0.19296488495293818
2024-08-28,5,169,168,0.16117513618942478
2024-08-29,1,169,169,0.39552255471948194
2024-08-29,2,169,169,0.3687893176944867
2024-08-29,3,168,168,0.37023996633683964
2024-08-29,4,169,168,0.3565908883196077
2024-08-29,5,168,167,0.31121361851718554
2024-08-30,1,170,170,0.27791144792375316
2024-08-30,2,170,170,0.2655231710258288
2024-08-30,3,169,169,0.27483609735366077
2024-08-30,4,170,168,0.267515940457386
2024-08-30,5,169,169,0.21618060957848734
2024-09-02,1,169,169,0.23666107803096542
2024-09-02,2,169,169,0.23883135392194663
2024-09-02,3,169,169,0.21563291063648443
2024-09-02,4,169,168,0.231074175071493
2024-09-02,5,168,167,0.17378224662918212
2024-09-03,1,168,168,0.21585196008072677
2024-09-03,2,168,168,0.20581892971325144
2024-09-03,3,168,168,0.2063726246049616
2024-09-03,4,168,168,0.20280848924886316
2024-09-03,5,168,168,0.17379658142577714
2024-09-04,1,168,168,0.17776057536481735
2024-09-04,2,167,167,0.18603316115123494
2024-09-04,3,168,168,0.16023115214633019
2024-09-04,4,167,167,0.18418500329650397
2024-09-04,5,167,167,0.1452003932381962
2024-09-05,1,168,168,0.1884729254078531
2024-09-05,2,168,168,0.19750533980005766
2024-09-05,3,168,168,0.17492942464608105
2024-09-05,4,168,166,0.17400562177360354
2024-09-05,5,167,167,0.16221441794202718
2024-09-06,1,168,168,0.18641576981169053
2024-09-06,2,167,167,0.18466071163504608
2024-09-06,3,168,168,0.16330431371268275
2024-09-06,4,167,167,0.16210138540121022
2024-09-06,5,167,167,0.1603803753680112
2024-09-09,1,167,167,0.21599704377677903
2024-09-09,2,167,167,0.2242884132050157
2024-09-09,3,167,167,0.18168201056484568
2024-09-09,4,167,167,0.20393290419470037
2024-09-09,5,167,167,0.1780851137627989
2024-09-10,1,166,166,0.19658967823030493
2024-09-10,2,166,165,0.20338871263125627
2024-09-10,3,166,166,0.1673204454515124
2024-09-10,4,166,166,0.18908881446411885
2024-09-10,5,166,166,0.16492748295971388
2024-09-11,1,166,166,0.2383358968968537
2024-09-11,2,166,164,0.24322949407143898
2024-09-11,3,165,165,0.21040895238361648
2024-09-11,4,166,166,0.2238761113996966
2024-09-11,5,165,165,0.2138208214858188
2024-09-12,1,166,165,0.2633232050230001
2024-09-12,2,166,166,0.24309997913273923
2024-09-12,3,165,165,0.22311678633186038
2024-09-12,4,166,166,0.2433925148454044
2024-09-12,5,165,164,0.2290543660234119
2024-09-13,1,166,165,0.3010544494981696
2024-09-13,2,166,166,0.26342355493821357
2024-09-13,3,166,166,0.25538229879909585
2024-09-13,4,166,166,0.24367284167116413
2024-09-13,5,165,164,0.2775887079605915
2024-09-18,1,167,167,0.27740122206903095
2024-09-18,2,166,165,0.2676555218237592
2024-09-18,3,166,166,0.24431291164631377
2024-09-18,4,166,166,0.250723689377622
2024-09-18,5,166,165,0.26693284170658194
2024-09-19,1,167,167,0.2508152153538001
2024-09-19,2,166,165,0.24656893371349095
2024-09-19,3,167,167,0.2286935203267691
2024-09-19,4,166,166,0.23367900105841463
2024-09-19,5,166,165,0.25152094135020586
2024-09-20,1,167,167,0.2893160437369715
2024-09-20,2,166,165,0.26307420853109503
2024-09-20,3,167,167,0.25804763867369973
2024-09-20,4,166,166,0.27046149486988685
2024-09-20,5,166,165,0.24486807281146486
2024-09-23,1,167,167,0.2956522680680791
2024-09-23,2,166,165,0.27753079990787954
2024-09-23,3,167,167,0.2739556194867264
2024-09-23,4,166,166,0.2875196626551401
2024-09-23,5,166,165,0.26698257978171586
2024-09-24,1,169,168,0.2052588176366425
2024-09-24,2,169,168,0.1945901780642383
2024-09-24,3,168,168,0.20797479064641197
2024-09-24,4,169,169,0.20222204997589152
2024-09-24,5,168,167,0.20152413487343074
2024-09-25,1,171,170,0.21498608175841302
2024-09-25,2,171,171,0.19351650897435083
2024-09-25,3,170,170,0.23105111820037916
2024-09-25,4,171,171,0.2063993604264868
2024-09-25,5,170,169,0.23280668328504076
2024-09-26,1,173,172,0.12948153443475044
2024-09-26,2,172,172,0.15955996161742456
2024-09-26,3,173,173,0.1689198153100153
2024-09-26,4,172,172,0.15490143842155854
2024-09-26,5,172,172,0.1803357571881925
2024-09-27,1,176,175,0.026999791512033817
2024-09-27,2,175,175,0.04119969552186735
2024-09-27,3,176,176,0.07361828109389808
2024-09-27,4,175,175,0.056705118186240064
2024-09-27,5,175,175,0.09392461258690582
2024-09-30,1,180,179,-0.07938516207672726
2024-09-30,2,179,179,-0.07677666075624576
2024-09-30,3,180,180,-0.05366410071674503
2024-09-30,4,179,179,-0.06082908609485058
2024-09-30,5,179,179,-0.018245764806827044
2024-10-08,1,182,182,0.008563403738983443
2024-10-08,2,182,182,0.014341793711527035
2024-10-08,3,182,181,0.0256184771117759
2024-10-08,4,182,182,0.026615345179446807
2024-10-08,5,182,182,0.07817318892129704
2024-10-09,1,180,180,0.05474057444841996
2024-10-09,2,180,180,0.06979539081105145
2024-10-09,3,180,179,0.0861688924902887
2024-10-09,4,180,179,0.07023480713353521
2024-10-09,5,179,179,0.1326560873418669
2024-10-10,1,180,180,0.10813078517798402
2024-10-10,2,180,180,0.11607485590584583
2024-10-10,3,179,178,0.15389775385234525
2024-10-10,4,180,180,0.13030450654461417
2024-10-10,5,179,179,0.18414760762133092
2024-10-11,1,180,180,0.13406169392901093
2024-10-11,2,179,179,0.11954159612222373
2024-10-11,3,179,179,0.1667087467387346
2024-10-11,4,179,178,0.1395829053053487
2024-10-11,5,179,179,0.1772648914960677
2024-10-14,1,180,180,0.13591622357609967
2024-10-14,2,180,180,0.1435424521835393
2024-10-14,3,179,179,0.1614964984275228
2024-10-14,4,180,179,0.1422309738259682
2024-10-14,5,179,179,0.17988295108207197
2024-10-15,1,180,180,0.16707127446074643
2024-10-15,2,180,180,0.1278297198402613
2024-10-15,3,180,179,0.1830380488433589
2024-10-15,4,180,180,0.16357974550486437
2024-10-15,5,179,179,0.19639416670865542
2024-10-16,1,180,180,0.13825524729538005
2024-10-16,2,180,180,0.10841450790529075
2024-10-16,3,180,180,0.15573929584994742
2024-10-16,4,180,179,0.13997518788296637
2024-10-16,5,179,179,0.16950093330256102
2024-10-17,1,180,180,0.11719532559322583
2024-10-17,2,179,179,0.12431140726886797
2024-10-17,3,179,179,0.13158432860747735
2024-10-17,4,179,178,0.11476313407418559
2024-10-17,5,179,178,0.15121451919895346
2024-10-18,1,180,179,0.07053774953892508
2024-10-18,2,180,180,0.07520661954742583
2024-10-18,3,180,180,0.07693087649391141
2024-10-18,4,180,179,0.07629724736312761
2024-10-18,5,179,179,0.09802534684883263
2024-10-21,1,180,180,0.034037789859259406
2024-10-21,2,180,180,0.05799491692966304
2024-10-21,3,180,180,0.05222957941954708
2024-10-21,4,180,179,0.03931443420178498
2024-10-21,5,179,179,0.06979862805767248
2024-10-22,1,181,181,0.04195472230255034
2024-10-22,2,180,180,0.05731195836159652
2024-10-22,3,180,180,0.0480179341614135
2024-10-22,4,180,180,0.055391687512627484
2024-10-22,5,180,180,0.06432993508265496
2024-10-23,1,181,181,0.06396177796671518
2024-10-23,2,180,180,0.06764385007422921
2024-10-23,3,180,180,0.07078847636067276
2024-10-23,4,180,180,0.08167199235606562
2024-10-23,5,180,180,0.07450405469341333
2024-10-24,1,181,181,0.07821983621607574
2024-10-24,2,180,180,0.06705464950772431
2024-10-24,3,180,180,0.0621417610440083
2024-10-24,4,180,180,0.08874621220301934
2024-10-24,5,180,180,0.06655600537682697
2024-10-25,1,181,181,0.0279836575082423
2024-10-25,2,181,181,0.018048683464039927
2024-10-25,3,181,180,0.0012782183269106284
2024-10-25,4,181,181,0.052520779379749166
2024-10-25,5,180,180,0.020253301759318047
2024-10-28,1,182,182,0.0074386284917111615
2024-10-28,2,182,182,0.0008553384492296623
2024-10-28,3,182,181,-0.01712747648590987
2024-10-28,4,182,182,0.029433087770789634
2024-10-28,5,181,181,-0.0021028997610463974
2024-10-29,1,182,182,0.021524298962158416
2024-10-29,2,181,179,0.018045109997356173
2024-10-29,3,181,181,0.001804118283480718
2024-10-29,4,181,181,0.03733504888355473
2024-10-29,5,181,181,0.0008022785179605444
2024-10-30,1,182,181,0.04020696884839277
2024-10-30,2,181,181,0.03213764472775209
2024-10-30,3,181,180,0.025110631737150217
2024-10-30,4,181,181,0.04923082850256477
2024-10-30,5,181,181,0.0206364493748096
2024-10-31,1,182,182,0.013082428162893784
2024-10-31,2,182,182,0.020509667193434167
2024-10-31,3,182,181,0.0332109223713704
2024-10-31,4,182,182,0.027300233101434097
2024-10-31,5,181,181,-0.0022054345088675285
2024-11-01,1,182,182,0.049648187022076185
2024-11-01,2,181,181,0.04327940037737515
2024-11-01,3,181,180,0.05175022258687503
2024-11-01,4,181,181,0.06266216483193501
2024-11-01,5,181,180,0.04183950993656954
2024-11-04,1,182,182,0.04243064692544759
2024-11-04,2,182,182,0.04408844483954201
2024-11-04,3,181,180,0.057954105561189434
2024-11-04,4,182,182,0.04841059827283099
2024-11-04,5,181,180,0.05713461582679178
2024-11-05,1,184,184,0.00467201649989418
2024-11-05,2,183,183,0.01958195966431234
2024-11-05,3,183,182,0.026488414506504587
2024-11-05,4,183,182,0.009641916368686668
2024-11-05,5,183,182,0.019500507670226246
2024-11-06,1,183,183,0.0019886454218190647
2024-11-06,2,183,183,0.013848118829369153
2024-11-06,3,183,183,0.005484385629789549
2024-11-06,4,183,183,0.00012522440723999003
2024-11-06,5,182,179,-0.0019169147183482067
2024-11-07,1,184,184,-0.01939522623100052
2024-11-07,2,184,184,-0.016369403988659315
2024-11-07,3,184,184,-0.013928195200486063
2024-11-07,4,184,184,-0.03758904505524356
2024-11-07,5,184,182,-0.032977224742702586
2024-11-08,1,184,184,0.0036451452642852922
2024-11-08,2,183,183,0.005726452118691083
2024-11-08,3,184,184,0.007700513210629669
2024-11-08,4,183,183,-0.004250597707458911
2024-11-08,5,183,182,-0.004787011494473891
2024-11-11,1,184,184,0.012519381845581571
2024-11-11,2,184,184,0.006585535329705772
2024-11-11,3,183,183,0.021509008600367165
2024-11-11,4,184,184,-0.005059987270423155
2024-11-11,5,183,182,0.0035531213015106314
2024-11-12,1,183,183,-0.0009576108584311541
2024-11-12,2,183,183,0.02013321330401161
2024-11-12,3,183,183,-0.0061549527917019635
2024-11-12,4,183,183,-0.0077174081418811425
2024-11-12,5,183,182,-0.008752024459649533
2024-11-13,1,183,183,0.010423612100828723
2024-11-13,2,183,183,0.03447103628615848
2024-11-13,3,183,183,0.009180096337309526
2024-11-13,4,183,183,0.002204502184033133
2024-11-13,5,182,181,0.002938815102927733
2024-11-14,1,183,183,0.04925671582707497
2024-11-14,2,182,182,0.061078489393833466
2024-11-14,3,182,182,0.048552802307917975
2024-11-14,4,182,182,0.034336075531616786
2024-11-14,5,182,181,0.03953959876108683
2024-11-15,1,182,182,0.053802987195179716
2024-11-15,2,182,182,0.04537827511084088
2024-11-15,3,182,182,0.04321096802179222
2024-11-15,4,182,182,0.03811148870111768
2024-11-15,5,182,182,0.02682497569894195
2024-11-18,1,183,183,0.05569631506544566
2024-11-18,2,182,181,0.05619272928124538
2024-11-18,3,182,182,0.0583786313314941
2024-11-18,4,182,182,0.03554398864023266
2024-11-18,5,182,182,0.04281112104691722
2024-11-19,1,183,183,0.026083762204046738
2024-11-19,2,182,181,0.02054348335548557
2024-11-19,3,183,183,0.019362784839196
2024-11-19,4,182,182,0.013234175138611286
2024-11-19,5,182,182,0.011480659730937448
2024-11-20,1,183,183,-0.0027085274070634663
2024-11-20,2,182,181,0.01012074478955319
2024-11-20,3,183,183,0.006693198135507385
2024-11-20,4,182,182,-0.008136873956014576
2024-11-20,5,182,182,-0.01684150293570121
2024-11-21,1,183,183,0.003553002253514526
2024-11-21,2,182,181,0.01891122166599845
2024-11-21,3,183,183,0.003997906024957084
2024-11-21,4,182,182,-0.010409910609384036
2024-11-21,5,182,182,-0.003419251784455219
2024-11-22,1,182,181,0.04326515948225407
2024-11-22,2,182,182,0.04510493013266851
2024-11-22,3,182,181,0.04712414183375124
2024-11-22,4,182,182,0.029567199524671208
2024-11-22,5,182,181,0.028798016494676434
2024-11-25,1,182,181,0.03082633209212644
2024-11-25,2,182,182,0.01737881768375217
2024-11-25,3,182,181,0.011742064993015576
2024-11-25,4,182,182,0.004468487884951501
2024-11-25,5,181,181,0.004171597778358602
2024-11-26,1,182,181,0.0453038221903931
2024-11-26,2,182,182,0.04321244952597663
2024-11-26,3,182,181,0.025997373255141374
2024-11-26,4,182,182,0.020922332660796454
2024-11-26,5,181,181,0.028612509957479316
2024-11-27,1,183,182,0.010544653672077632
2024-11-27,2,182,182,-0.0006684578397711636
2024-11-27,3,183,182,-0.0031576948473825404
2024-11-27,4,182,182,-0.013301523698563125
2024-11-27,5,182,181,-0.012596196054532226
2024-11-28,1,183,183,0.028445234453354912
2024-11-28,2,182,180,0.01293346230849775
2024-11-28,3,182,182,0.005613138173545285
2024-11-28,4,182,182,-0.003699299649872557
2024-11-28,5,182,182,0.004580136668783116
2024-11-29,1,182,182,0.01936440940341149
2024-11-29,2,182,180,-0.004749889396110333
2024-11-29,3,182,182,-0.001977078971878749
2024-11-29,4,182,182,-0.011605347131631057
2024-11-29,5,182,179,-0.013492506680460613
2024-12-02,1,183,183,-0.00517948600159163
2024-12-02,2,183,182,-0.008856963929992523
2024-12-02,3,182,182,-0.026570489804452525
2024-12-02,4,183,183,-0.023981395109212832
2024-12-02,5,182,180,-0.04436637914436273
2024-12-03,1,183,183,-0.030378922321765214
2024-12-03,2,183,182,-0.038462784636372184
2024-12-03,3,182,182,-0.042018584168539125
2024-12-03,4,183,183,-0.04708553232405658
2024-12-03,5,182,178,-0.07635545421066843
2024-12-04,1,183,183,-0.0261658880758232
2024-12-04,2,183,182,-0.050191924719517125
2024-12-04,3,183,183,-0.05343985801087805
2024-12-04,4,183,183,-0.055444943621673654
2024-12-04,5,182,179,-0.08004936617164717
2024-12-05,1,184,184,-0.06633306089246929
2024-12-05,2,183,182,-0.0707839812349566
2024-12-05,3,183,183,-0.07848951454167963
2024-12-05,4,183,183,-0.09721092681904556
2024-12-05,5,183,180,-0.13624317326220023
2024-12-06,1,184,184,-0.07303132177870637
2024-12-06,2,183,183,-0.08363562534960976
2024-12-06,3,184,184,-0.08929700370346937
2024-12-06,4,183,183,-0.09868477381673421
2024-12-06,5,183,180,-0.14569028426980798
2024-12-09,1,184,184,-0.0850194438861291
2024-12-09,2,184,184,-0.10348860106323043
2024-12-09,3,183,183,-0.10740656014709317
2024-12-09,4,184,184,-0.10875784967392359
2024-12-09,5,183,180,-0.1583742759176182
2024-12-10,1,184,184,-0.07385860769567679
2024-12-10,2,183,183,-0.08678049228646954
2024-12-10,3,184,184,-0.0878825258203093
2024-12-10,4,183,183,-0.1054916514731183
2024-12-10,5,183,180,-0.12874464755607457
2024-12-11,1,184,184,-0.08144172372040773
2024-12-11,2,184,184,-0.10138469214259942
2024-12-11,3,184,184,-0.09749143824092191
2024-12-11,4,184,184,-0.10817723143356245
2024-12-11,5,183,180,-0.13818557211600743
2024-12-12,1,185,185,-0.11345771270503698
2024-12-12,2,184,184,-0.13004713933839954
2024-12-12,3,184,184,-0.1366412188465925
2024-12-12,4,184,184,-0.13381602330946923
2024-12-12,5,184,181,-0.1764477456254341
2024-12-13,1,184,184,-0.09253630033714015
2024-12-13,2,183,183,-0.1082221089389937
2024-12-13,3,183,183,-0.10412532365553656
2024-12-13,4,183,183,-0.11041777091223916
2024-12-13,5,183,182,-0.1551088921805938
2024-12-16,1,184,183,-0.051631834267975824
2024-12-16,2,183,183,-0.07579037406095443
2024-12-16,3,184,184,-0.06997743658825156
2024-12-16,4,183,182,-0.07760045716782829
2024-12-16,5,183,183,-0.09779876721846505
2024-12-17,1,183,183,-0.03855446483273226
2024-12-17,2,182,182,-0.06388396883206691
2024-12-17,3,183,183,-0.05385562762603104
2024-12-17,4,182,182,-0.06257984071138604
2024-12-17,5,182,181,-0.07445198084770699
2024-12-18,1,183,183,-0.03087729426954135
2024-12-18,2,183,183,-0.05799351579213396
2024-12-18,3,182,182,-0.05401762000715825
2024-12-18,4,183,183,-0.06034401361794
2024-12-18,5,182,181,-0.07396178330058108
2024-12-19,1,183,183,-0.02889393902947413
2024-12-19,2,183,183,-0.05560762627533383
2024-12-19,3,183,183,-0.04687139595516817
2024-12-19,4,183,183,-0.045607211296998275
2024-12-19,5,183,182,-0.0770478020188531
2024-12-20,1,183,183,-0.02549643142934354
2024-12-20,2,183,183,-0.05360405267840012
2024-12-20,3,183,182,-0.061242329671771026
2024-12-20,4,183,182,-0.04452824899338499
2024-12-20,5,182,182,-0.07430931004084014
2024-12-23,1,182,182,-0.01815510868672366
2024-12-23,2,182,182,-0.03835599676112248
2024-12-23,3,181,181,-0.049174015402978055
2024-12-23,4,182,182,-0.04101926740559272
2024-12-23,5,181,180,-0.05371920146276668
2024-12-24,1,182,182,-0.018538669502083376
2024-12-24,2,182,182,-0.04556988817158918
2024-12-24,3,182,182,-0.056105437190323924
2024-12-24,4,182,182,-0.04520170349906048
2024-12-24,5,182,182,-0.05793450074413004
2024-12-25,1,182,182,-0.025288052475627217
2024-12-25,2,182,182,-0.04926096135842442
2024-12-25,3,181,181,-0.049370363678487336
2024-12-25,4,182,182,-0.052325566361599074
2024-12-25,5,181,181,-0.04971681499294304
2024-12-26,1,182,182,-0.024367897194074707
2024-12-26,2,181,181,-0.038483751736102086
2024-12-26,3,182,182,-0.0447084560138771
2024-12-26,4,181,181,-0.02815695576115073
2024-12-26,5,181,181,-0.052256663561918736
2024-12-27,1,182,182,-0.02677011339572717
2024-12-27,2,182,182,-0.04315677303305221
2024-12-27,3,181,181,-0.0496189929946357
2024-12-27,4,182,182,-0.03191812067103888
2024-12-27,5,181,179,-0.06160479729915509
2024-12-30,1,181,181,-0.037388477306587856
2024-12-30,2,181,181,-0.049299156205094674
2024-12-30,3,181,181,-0.05073137223630109
2024-12-30,4,181,181,-0.04279537604104666
2024-12-30,5,181,181,-0.04931159643950034
2024-12-31,1,181,181,0.014167913056186487
2024-12-31,2,181,181,-0.009143294329120201
2024-12-31,3,181,181,-0.0010365263324336935
2024-12-31,4,181,179,-0.009367499377921605
2024-12-31,5,180,180,0.013810919978899746
2025-01-02,1,180,180,0.06452874204221949
2025-01-02,2,180,180,0.03081015071670587
2025-01-02,3,179,179,0.02876818190360213
2025-01-02,4,180,180,0.023723103259044857
2025-01-02,5,179,179,0.05523210781710953
2025-01-03,1,179,179,0.09983139367232759
2025-01-03,2,179,179,0.053829354015705565
2025-01-03,3,179,179,0.05938831854121312
2025-01-03,4,179,179,0.07863397803488255
2025-01-03,5,178,177,0.12223864577734325
2025-01-06,1,180,180,0.08735182535855353
2025-01-06,2,179,179,0.05443915048532985
2025-01-06,3,179,179,0.042602694902023584
2025-01-06,4,179,178,0.07386277777784207
2025-01-06,5,179,179,0.1224831722216943
2025-01-07,1,180,180,0.09589197025564115
2025-01-07,2,179,179,0.06170601011380168
2025-01-07,3,179,178,0.0598152982227326
2025-01-07,4,179,179,0.06480091324025135
2025-01-07,5,179,179,0.1284435498968694
2025-01-08,1,179,179,0.09507222077463845
2025-01-08,2,179,179,0.05515070850921395
2025-01-08,3,179,179,0.07026910602514654
2025-01-08,4,179,178,0.061374964925299064
2025-01-08,5,179,179,0.12116858995711179
2025-01-09,1,180,180,0.09746310965182173
2025-01-09,2,179,179,0.07694834872321149
2025-01-09,3,179,178,0.06894360293617804
2025-01-09,4,179,178,0.06900924963410854
2025-01-09,5,179,179,0.11525580558824772
2025-01-10,1,179,178,0.1307511280603272
2025-01-10,2,178,178,0.09616859375380679
2025-01-10,3,178,178,0.1070520884411273
2025-01-10,4,178,177,0.09955152552220571
2025-01-10,5,178,178,0.16389154177719686
2025-01-13,1,178,177,0.10196537675930387
2025-01-13,2,178,178,0.05611904341890928
2025-01-13,3,178,177,0.07586491258005701
2025-01-13,4,178,178,0.06977449709721703
2025-01-13,5,178,178,0.10872245917622528
2025-01-14,1,179,179,0.09333256771116026
2025-01-14,2,179,178,0.04197863721414358
2025-01-14,3,179,178,0.042978390244780756
2025-01-14,4,179,179,0.054400391701991256
2025-01-14,5,179,179,0.08565992860615154
2025-01-15,1,179,179,0.09824689406538824
2025-01-15,2,179,178,0.03696721831380414
2025-01-15,3,179,178,0.06020391915076662
2025-01-15,4,179,179,0.06629715066734627
2025-01-15,5,179,178,0.08540802611618027
2025-01-16,1,179,179,0.10430948487159186
2025-01-16,2,179,178,0.06777660570809542
2025-01-16,3,179,178,0.05816748176678861
2025-01-16,4,179,179,0.06575346769254654
2025-01-16,5,179,179,0.10683632964920944
2025-01-17,1,179,178,0.07139517820159579
2025-01-17,2,179,177,0.03404423891540834
2025-01-17,3,179,179,0.03835143788956196
2025-01-17,4,179,179,0.04007913188678056
2025-01-17,5,179,179,0.091610373640017
2025-01-20,1,180,179,0.07364088074855671
2025-01-20,2,179,178,0.02905869665982826
2025-01-20,3,179,178,0.03040369190801893
2025-01-20,4,179,179,0.03920982983997573
2025-01-20,5,179,179,0.09704686985664053
2025-01-21,1,179,178,0.09668437359613895
2025-01-21,2,179,179,0.06410936422533603
2025-01-21,3,179,178,0.05515170872946169
2025-01-21,4,179,178,0.055234739397577046
2025-01-21,5,179,179,0.11029688777513526
2025-01-22,1,178,177,0.08843172285657437
2025-01-22,2,178,177,0.05324489834874602
2025-01-22,3,178,178,0.03590239870140503
2025-01-22,4,178,178,0.05499230523377952
2025-01-22,5,177,177,0.08871057313554495
2025-01-23,1,178,177,0.07559083620073843
2025-01-23,2,178,177,0.05262943795788487
2025-01-23,3,178,178,0.037602499244011676
2025-01-23,4,178,178,0.05163125880926544
2025-01-23,5,177,177,0.07133012586843779
2025-01-24,1,178,177,0.055204740570342616
2025-01-24,2,178,177,0.0373244968602248
2025-01-24,3,178,178,0.028364447202678528
2025-01-24,4,178,178,0.01848641042733026
2025-01-24,5,178,178,0.031810390082693936
2025-01-27,1,179,178,0.07109395354806444
2025-01-27,2,179,179,0.04230413605310635
2025-01-27,3,179,178,0.04126963506228829
2025-01-27,4,179,179,0.03612689211950966
2025-01-27,5,179,179,0.060488424389745984
2025-02-05,1,180,179,0.07275983695685942
2025-02-05,2,179,179,0.07383309505949373
2025-02-05,3,179,177,0.045326018825636215
2025-02-05,4,179,179,0.04282751420689855
2025-02-05,5,179,179,0.07980867190473152
2025-02-06,1,179,178,0.06388664609019733
2025-02-06,2,179,179,0.05870899873552384
2025-02-06,3,179,179,0.03954523419352121
2025-02-06,4,179,179,0.04127892128323259
2025-02-06,5,179,179,0.050422365952969964
2025-02-07,1,180,179,0.04622403094496619
2025-02-07,2,180,180,0.0421636665910573
2025-02-07,3,180,180,0.021040985796556482
2025-02-07,4,180,180,0.026177288021593147
2025-02-07,5,180,180,0.030062242889690834
2025-02-10,1,181,181,0.016794263144367046
2025-02-10,2,180,180,0.0195553985090995
2025-02-10,3,180,180,0.009326753531019673
2025-02-10,4,180,180,0.0009504544112413236
2025-02-10,5,180,180,0.013756184735409809
2025-02-11,1,180,180,0.0640114151172729
2025-02-11,2,180,180,0.029638151084257977
2025-02-11,3,180,180,0.042142802361140895
2025-02-11,4,180,180,0.023269416416114134
2025-02-11,5,180,180,0.031805513700477565
2025-02-12,1,180,180,0.030398756651251448
2025-02-12,2,180,180,0.02245660445990954
2025-02-12,3,180,180,0.023876711113877708
2025-02-12,4,180,180,0.019906192937519357
2025-02-12,5,180,180,0.018623600410927067
2025-02-13,1,180,180,0.02502463428201184
2025-02-13,2,180,180,0.02675358000355903
2025-02-13,3,180,180,0.021208410290080387
2025-02-13,4,180,180,0.016376605560098373
2025-02-13,5,180,180,0.028117741184567193
2025-02-14,1,180,179,0.03727676327126467
2025-02-14,2,180,180,0.035961312913900874
2025-02-14,3,180,179,0.027796427583143477
2025-02-14,4,180,180,0.031034026878580194
2025-02-14,5,180,179,0.047375690341475166
2025-02-17,1,181,181,0.039358371445348116
2025-02-17,2,180,180,0.032161240740255094
2025-02-17,3,180,179,0.0304247539841054
2025-02-17,4,180,180,0.05086034078159206
2025-02-17,5,180,179,0.03720168475875793
2025-02-18,1,180,180,0.0549338784421558
2025-02-18,2,180,180,0.05749658335814232
2025-02-18,3,180,179,0.04961226144945307
2025-02-18,4,180,180,0.05509912715227389
2025-02-18,5,179,177,0.06895990269357177
2025-02-19,1,180,180,0.02910327121180696
2025-02-19,2,180,180,0.03925895016927258
2025-02-19,3,180,179,0.03576687995017911
2025-02-19,4,180,180,0.05018058241075833
2025-02-19,5,179,177,0.03941857805290157
2025-02-20,1,180,180,0.016381424501071884
2025-02-20,2,180,180,0.028337664447415277
2025-02-20,3,180,179,0.024375504994932566
2025-02-20,4,180,180,0.03515734943304806
2025-02-20,5,180,178,0.024696245144666347
2025-02-21,1,181,181,-0.00859444199441373
2025-02-21,2,181,181,0.004078272967858216
2025-02-21,3,180,179,0.022955697294596185
2025-02-21,4,181,181,0.011012864232006503
2025-02-21,5,180,178,0.0009479814007267711
2025-02-24,1,181,181,-0.015423789122458452
2025-02-24,2,180,179,0.019178387283398438
2025-02-24,3,181,180,0.010213661492039752
2025-02-24,4,180,180,0.012791576543269612
2025-02-24,5,180,178,0.009424793688892489
2025-02-25,1,180,180,-0.02589596028897516
2025-02-25,2,180,180,0.01568030363312283
2025-02-25,3,180,179,0.015838241461139796
2025-02-25,4,180,180,0.020195759475017387
2025-02-25,5,180,178,-0.01556422874783696
2025-02-26,1,181,181,-0.029549098544524494
2025-02-26,2,181,181,-0.001772649320310664
2025-02-26,3,180,179,0.006470222510842327
2025-02-26,4,181,181,0.016153978643089078
2025-02-26,5,180,179,-0.027890308372174523
2025-02-27,1,181,181,-0.020358320683942818
2025-02-27,2,181,180,0.0017499969803393628
2025-02-27,3,181,180,0.012491002090001934
2025-02-27,4,181,181,0.014495521747813728
2025-02-27,5,180,179,-0.015311417651273739
2025-02-28,1,180,179,-0.011069487336395782
2025-02-28,2,180,180,0.004870855347815038
2025-02-28,3,180,180,0.01413951542442305
2025-02-28,4,180,180,0.018594010588128304
2025-02-28,5,180,180,-0.0035106086640729166
2025-03-03,1,181,179,-0.020551794773752304
2025-03-03,2,180,180,0.00012157428233037781
2025-03-03,3,180,180,0.012545394423025182
2025-03-03,4,180,180,0.01701173490752228
2025-03-03,5,180,180,0.011732295499647084
2025-03-04,1,181,179,-0.02506842136775423
2025-03-04,2,180,180,-0.00495368777554927
2025-03-04,3,181,181,-0.0002653033590761761
2025-03-04,4,180,180,0.015330988628128287
2025-03-04,5,180,180,-0.008431901453034487
2025-03-05,1,181,178,-0.032333281196906295
2025-03-05,2,180,180,-0.019613232559725757
2025-03-05,3,181,181,-0.017134657651139078
2025-03-05,4,180,180,0.00906161921801196
2025-03-05,5,180,180,-0.026943838695593837
2025-03-06,1,181,178,-0.09695708830613098
2025-03-06,2,181,181,-0.05572580327064855
2025-03-06,3,180,180,-0.04981395383032474
2025-03-06,4,181,181,-0.04468287667738717
2025-03-06,5,180,180,-0.10758853285119949
2025-03-07,1,181,178,-0.13292953045476336
2025-03-07,2,180,180,-0.09247818523606388
2025-03-07,3,180,180,-0.09385458210445571
2025-03-07,4,180,180,-0.07979978951695368
2025-03-07,5,180,180,-0.16105850905335883
2025-03-10,1,181,180,-0.12744322390105767
2025-03-10,2,180,180,-0.09568909547049648
2025-03-10,3,180,179,-0.07640646646481847
2025-03-10,4,180,180,-0.06932104690777702
2025-03-10,5,180,180,-0.16837909221654582
2025-03-11,1,181,179,-0.09904491197761911
2025-03-11,2,180,180,-0.0788781249290634
2025-03-11,3,180,180,-0.06457142514565664
2025-03-11,4,180,180,-0.05589957653842717
2025-03-11,5,180,180,-0.1251383991279486
2025-03-12,1,181,179,-0.10230328800885778
2025-03-12,2,180,180,-0.07101795762476001
2025-03-12,3,181,181,-0.06554950299354195
2025-03-12,4,180,180,-0.04565090024227479
2025-03-12,5,180,180,-0.12972126727253502
2025-03-13,1,181,181,-0.0686666857867347
2025-03-13,2,180,178,-0.06356023664639333
2025-03-13,3,180,180,-0.057785383707919385
2025-03-13,4,180,180,-0.039343184366879135
2025-03-13,5,180,180,-0.08246619071966567
2025-03-14,1,181,180,-0.08906821692526644
2025-03-14,2,180,178,-0.08138145829510134
2025-03-14,3,181,180,-0.06419924349804912
2025-03-14,4,180,180,-0.05487952673784778
2025-03-14,5,180,180,-0.10330545055599916
2025-03-17,1,181,181,-0.09221086521432202
2025-03-17,2,180,179,-0.08234054953648236
2025-03-17,3,181,181,-0.0631742196383717
2025-03-17,4,180,180,-0.06726641313824286
2025-03-17,5,180,180,-0.1135891703851139
2025-03-18,1,181,181,-0.09975135560947589
2025-03-18,2,180,179,-0.08681373428250388
2025-03-18,3,181,181,-0.08416538949049997
2025-03-18,4,180,180,-0.06483690459255931
2025-03-18,5,180,179,-0.1276050106371906
2025-03-19,1,181,181,-0.08670770516767708
2025-03-19,2,180,179,-0.07883070733654343
2025-03-19,3,180,180,-0.06545161606178625
2025-03-19,4,180,180,-0.06567210482056095
2025-03-19,5,180,180,-0.12309541000805256
2025-03-20,1,181,181,-0.08603149276920197
2025-03-20,2,180,179,-0.06479740873181919
2025-03-20,3,180,180,-0.055304081807801074
2025-03-20,4,180,179,-0.062463897875224314
2025-03-20,5,180,180,-0.12327566371805922
2025-03-21,1,180,180,-0.06549942262103113
2025-03-21,2,180,178,-0.03714781630905415
2025-03-21,3,180,180,-0.04694655662383869
2025-03-21,4,180,179,-0.03778719110797447
2025-03-21,5,180,180,-0.08372290360065929
2025-03-24,1,180,180,-0.04863779662176527
2025-03-24,2,180,178,-0.02751133595565758
2025-03-24,3,180,179,-0.022267829033230217
2025-03-24,4,180,180,-0.03171891691539548
2025-03-24,5,179,179,-0.07810601601106047
2025-03-25,1,180,178,-0.04632526696048497
2025-03-25,2,180,180,-0.03358611013571248
2025-03-25,3,180,179,-0.036664166203841324
2025-03-25,4,180,180,-0.03341223796459518
2025-03-25,5,180,180,-0.05885946905884416
2025-03-26,1,180,180,-0.053111974449674665
2025-03-26,2,180,179,-0.03789740486535289
2025-03-26,3,180,180,-0.04091309092320535
2025-03-26,4,180,179,-0.02787129250882581
2025-03-26,5,180,180,-0.07300108536046503
2025-03-27,1,180,180,-0.05692770398221738
2025-03-27,2,180,179,-0.04156352632385106
2025-03-27,3,180,180,-0.044738292186444144
2025-03-27,4,180,180,-0.036539064220755826
2025-03-27,5,180,180,-0.06716904472419481
2025-03-28,1,180,180,-0.059947382658149334
2025-03-28,2,180,180,-0.04163352159377048
2025-03-28,3,179,178,-0.04210229762989178
2025-03-28,4,180,180,-0.04060340323981808
2025-03-28,5,179,179,-0.05480963644706542
2025-03-31,1,179,178,-0.04788913795548169
2025-03-31,2,179,178,-0.03397441227490977
2025-03-31,3,179,179,-0.02244285921669784
2025-03-31,4,179,179,-0.03389327795606959
2025-03-31,5,179,178,-0.03928066242121894
2025-04-01,1,179,178,-0.04663203181823387
2025-04-01,2,179,179,-0.03831692786543787
2025-04-01,3,179,179,-0.02379503925319585
2025-04-01,4,179,178,-0.026527109255893796
2025-04-01,5,179,179,-0.01852715279863239
2025-04-02,1,180,179,-0.010481435117035661
2025-04-02,2,179,179,-0.014669488944004532
2025-04-02,3,179,179,-0.0004867702929369554
2025-04-02,4,179,179,0.0030009914984767284
2025-04-02,5,179,178,0.021460313055352464
2025-04-03,1,180,179,0.034578154193095616
2025-04-03,2,179,179,0.019064383457070448
2025-04-03,3,180,180,0.03157384654800099
2025-04-03,4,179,179,0.04530886124529375
2025-04-03,5,179,178,0.07270917351161994
2025-04-07,1,178,177,0.09700308520651188
2025-04-07,2,178,178,0.08562403128137276
2025-04-07,3,178,178,0.08168814809210195
2025-04-07,4,178,178,0.0864671362347205
2025-04-07,5,178,177,0.14356483235234913
2025-04-08,1,178,177,0.09566694069481456
2025-04-08,2,178,178,0.09099278571044278
2025-04-08,3,177,177,0.08125359983342562
2025-04-08,4,178,177,0.09995346605228815
2025-04-08,5,177,177,0.1702037766032594
2025-04-09,1,178,178,0.06314768081620398
2025-04-09,2,178,178,0.056942621953063176
2025-04-09,3,178,176,0.04728724829451822
2025-04-09,4,178,177,0.064731032406805
2025-04-09,5,177,177,0.1108974765260304
2025-04-10,1,179,179,0.05756322213662792
2025-04-10,2,179,178,0.04699474449671965
2025-04-10,3,178,177,0.04418675816259425
2025-04-10,4,179,178,0.053307968311903944
2025-04-10,5,178,178,0.09815521454678476
2025-04-11,1,179,179,0.03223628583420864
2025-04-11,2,179,178,0.041704187553998885
2025-04-11,3,178,178,0.044019324524956584
2025-04-11,4,179,177,0.03900993952378371
2025-04-11,5,178,178,0.05886162045896951
2025-04-14,1,180,180,0.022089237909516883
2025-04-14,2,179,179,0.030763082707558346
2025-04-14,3,179,177,0.019023422030462745
2025-04-14,4,179,178,0.031236541354952095
2025-04-14,5,179,179,0.03694082383933569
2025-04-15,1,180,180,0.03510965734226324
2025-04-15,2,179,179,0.03443696967925245
2025-04-15,3,179,178,0.026372937533471162
2025-04-15,4,179,177,0.04431361011948888
2025-04-15,5,179,179,0.049303645483756396
2025-04-16,1,179,179,0.04967602868420855
2025-04-16,2,179,179,0.04698150619794628
2025-04-16,3,179,177,0.04375968844498444
2025-04-16,4,179,178,0.05989479160912928
2025-04-16,5,178,178,0.0729634665209898
2025-04-17,1,180,180,0.05320183362972535
2025-04-17,2,180,180,0.041013914028203244
2025-04-17,3,179,177,0.049528673256958804
2025-04-17,4,180,180,0.050919337523560315
2025-04-17,5,179,178,0.06947117797124294
2025-04-18,1,180,180,0.045883133180351345
2025-04-18,2,180,180,0.04532184172699282
2025-04-18,3,180,178,0.044278084573838104
2025-04-18,4,180,180,0.052693521413457255
2025-04-18,5,179,177,0.05883871324426506
2025-04-21,1,180,180,0.019408952350294276
2025-04-21,2,179,177,0.030537395202008905
2025-04-21,3,180,180,0.03475401589320814
2025-04-21,4,179,178,0.02700949000369645
2025-04-21,5,179,178,0.03137861338477869
2025-04-22,1,180,179,0.0024535622213804446
2025-04-22,2,179,179,0.011087838231952765
2025-04-22,3,179,178,0.02193320536631603
2025-04-22,4,179,179,0.013292785907910769
2025-04-22,5,179,178,0.014361894303652584
2025-04-23,1,179,178,0.008216178062459506
2025-04-23,2,179,179,0.015984887870872662
2025-04-23,3,179,178,0.029687241031872733
2025-04-23,4,179,179,0.019152730145775055
2025-04-23,5,179,178,0.01770459623830384
2025-04-24,1,180,179,0.01877028188693053
2025-04-24,2,179,179,0.020642059327323665
2025-04-24,3,179,179,0.027866732560842884
2025-04-24,4,179,178,0.025105090517671784
2025-04-24,5,179,178,0.022873917906185405
2025-04-25,1,180,179,0.017260627708428795
2025-04-25,2,179,178,0.014713678401243277
2025-04-25,3,179,179,0.032903526011506666
2025-04-25,4,179,179,0.026802453830148107
2025-04-25,5,179,178,0.017670997800482584
2025-04-28,1,179,177,0.04928115996778629
2025-04-28,2,179,179,0.04273895704261704
2025-04-28,3,179,179,0.04750973732052029
2025-04-28,4,179,179,0.051801169799080345
2025-04-28,5,179,179,0.03888161100829082
2025-04-29,1,180,176,0.034468805018629874
2025-04-29,2,179,179,0.026638795596837
2025-04-29,3,180,180,0.03196298620723072
2025-04-29,4,179,179,0.038884226388960795
2025-04-29,5,179,179,0.01868935124085814
2025-04-30,1,179,178,0.026031366821279014
2025-04-30,2,179,179,0.032216178064968466
2025-04-30,3,179,178,0.03382978059317101
2025-04-30,4,179,179,0.035397144533024505
2025-04-30,5,178,178,0.021872684545190875
2025-05-06,1,179,178,0.006771911842741194
2025-05-06,2,179,179,0.013753251355349917
2025-05-06,3,178,178,0.021569245627084822
2025-05-06,4,179,178,0.02437292729464504
2025-05-06,5,178,178,0.004383918302986109
2025-05-07,1,180,179,0.018980968583298577
2025-05-07,2,179,178,0.02511033132556502
2025-05-07,3,179,179,0.025701105273190368
2025-05-07,4,179,179,0.033192983612716186
2025-05-07,5,179,178,0.024127204713236705
2025-05-08,1,180,179,0.011854908690183777
2025-05-08,2,180,180,0.01754629490072825
2025-05-08,3,179,179,0.0203420333977701
2025-05-08,4,180,180,0.023803260912177403
2025-05-08,5,179,177,0.015494404056917778
2025-05-09,1,180,180,0.027216951564248977
2025-05-09,2,179,179,0.03419245286364547
2025-05-09,3,180,180,0.034944545999227854
2025-05-09,4,179,178,0.02849377750327259
2025-05-09,5,179,179,0.025910215104728872
2025-05-12,1,180,179,0.0016882857817725877
2025-05-12,2,179,179,0.018538264816250455
2025-05-12,3,179,179,0.011329682949472319
2025-05-12,4,179,179,0.019805368915597272
2025-05-12,5,179,179,0.0015335070938742468
2025-05-13,1,179,179,0.013861377742257017
2025-05-13,2,179,179,0.030175758938035424
2025-05-13,3,179,179,0.023176720153817117
2025-05-13,4,179,179,0.02803228820566908
2025-05-13,5,179,179,0.01909325640148597
2025-05-14,1,180,180,0.02079493028325865
2025-05-14,2,179,179,0.02382897199825673
2025-05-14,3,179,179,0.014708895446399072
2025-05-14,4,179,179,0.024645343716647297
2025-05-14,5,179,179,0.023552275602949167
2025-05-15,1,179,179,0.01706707390089612
2025-05-15,2,179,179,0.020720588393959256
2025-05-15,3,179,179,0.014826981143297896
2025-05-15,4,179,179,0.01577327631124027
2025-05-15,5,179,179,0.022739502733723993
2025-05-16,1,179,179,0.029868568429895638
2025-05-16,2,179,179,0.01689436243975588
2025-05-16,3,179,179,0.025076965107014404
2025-05-16,4,179,178,0.014169658886095041
2025-05-16,5,179,179,0.03192019082286949
2025-05-19,1,180,180,0.023087295307534894
2025-05-19,2,179,179,0.011028930944905282
2025-05-19,3,179,179,0.012114680090804082
2025-05-19,4,179,179,0.015535311078299108
2025-05-19,5,179,179,0.014762498531941746
2025-05-20,1,179,179,0.013495666057075308
2025-05-20,2,179,179,0.0012616368919570907
2025-05-20,3,179,179,0.007914338047568928
2025-05-20,4,179,179,0.0033805185919304954
2025-05-20,5,179,179,0.006897927981633318
2025-05-21,1,179,179,0.004816903248804392
2025-05-21,2,179,179,-0.006573693277431643
2025-05-21,3,179,179,-0.002346299564530775
2025-05-21,4,179,179,-0.002550544997470974
2025-05-21,5,179,179,-0.0142309916518735
2025-05-22,1,179,179,-0.008997350821651304
2025-05-22,2,179,179,-0.0036542112230728563
2025-05-22,3,179,179,-0.007835529074827992
2025-05-22,4,179,179,-0.007081381931708526
2025-05-22,5,179,179,-0.009165939588176174
2025-05-23,1,179,179,0.018810450034833184
2025-05-23,2,179,179,0.031387839474339665
2025-05-23,3,179,178,0.0158614944984752
2025-05-23,4,179,179,0.018019869205270187
2025-05-23,5,179,179,0.0163633961986833
2025-05-26,1,179,179,0.03767676488068713
2025-05-26,2,179,179,0.0406985728807602
2025-05-26,3,179,179,0.03598409173396701
2025-05-26,4,179,179,0.02093163424434201
2025-05-26,5,178,178,0.034104062599521784
2025-05-27,1,179,179,0.05785479228188152
2025-05-27,2,179,179,0.04520035799355946
2025-05-27,3,179,179,0.041039894071010614
2025-05-27,4,179,179,0.036133622391724456
2025-05-27,5,178,178,0.03961396142946982
2025-05-28,1,179,179,0.06038095440029916
2025-05-28,2,179,179,0.04508358123594204
2025-05-28,3,178,178,0.04124476365773281
2025-05-28,4,179,179,0.04823303077508605
2025-05-28,5,178,178,0.035929109950807406
2025-05-29,1,179,179,0.0498384364616309
2025-05-29,2,179,179,0.04180381939808171
2025-05-29,3,179,179,0.027984927734680948
2025-05-29,4,179,179,0.03515403971009108
2025-05-29,5,179,179,0.02841848054181632
2025-05-30,1,179,179,0.06078251587359262
2025-05-30,2,179,179,0.06217082856237486
2025-05-30,3,179,179,0.05000736355369238
2025-05-30,4,179,179,0.0493716636496008
2025-05-30,5,178,178,0.04465460893716314
2025-06-03,1,179,179,0.04738142556666898
2025-06-03,2,179,179,0.05117111035072265
2025-06-03,3,179,179,0.04392915119365861
2025-06-03,4,179,179,0.04093731208193374
2025-06-03,5,179,179,0.035772925254147686
2025-06-04,1,179,179,0.03187883521168576
2025-06-04,2,179,179,0.039826130269646536
2025-06-04,3,179,179,0.027070798362720153
2025-06-04,4,179,178,0.0354378345483867
2025-06-04,5,179,179,0.027344622637276918
2025-06-05,1,179,179,0.039175770570879315
2025-06-05,2,178,178,0.034561623299822715
2025-06-05,3,179,179,0.04341766263422274
2025-06-05,4,178,177,0.03563187852108223
2025-06-05,5,178,178,0.031092779220078904
2025-06-06,1,179,178,0.025465788277886755
2025-06-06,2,178,178,0.035871747831808604
2025-06-06,3,179,179,0.030542635533970068
2025-06-06,4,178,178,0.02904043468019892
2025-06-06,5,178,178,0.0297572671869655
2025-06-09,1,179,179,0.02037292507708122
2025-06-09,2,179,179,0.018655571545463188
2025-06-09,3,179,179,0.02656900837718751
2025-06-09,4,179,179,0.03207691294286062
2025-06-09,5,179,179,0.02241478711035886
2025-06-10,1,179,179,0.039944982765256695
2025-06-10,2,179,179,0.040586940510615045
2025-06-10,3,179,179,0.053498186231065475
2025-06-10,4,179,179,0.0457712977082072
2025-06-10,5,179,179,0.04331780682121666
2025-06-11,1,179,179,0.029476891221536784
2025-06-11,2,179,179,0.03767235930473874
2025-06-11,3,179,179,0.04421151080374689
2025-06-11,4,179,179,0.03869068433861997
2025-06-11,5,179,179,0.03804087752315347
2025-06-12,1,179,179,0.042516929557249776
2025-06-12,2,179,179,0.041584683039934275
2025-06-12,3,179,179,0.05219575444309378
2025-06-12,4,179,179,0.04445898731849543
2025-06-12,5,179,179,0.03720022236949179
2025-06-13,1,179,179,0.0665798757022839
2025-06-13,2,178,178,0.06682547006633409
2025-06-13,3,179,179,0.06870082219590491
2025-06-13,4,178,178,0.058354792003066806
2025-06-13,5,178,178,0.05549521327746823
2025-06-16,1,179,179,0.0604993367448649
2025-06-16,2,179,179,0.05162196377063358
2025-06-16,3,179,179,0.049745425359122575
2025-06-16,4,179,179,0.052955542719534454
2025-06-16,5,178,178,0.043766560106680986
2025-06-17,1,179,179,0.05820816786202968
2025-06-17,2,179,179,0.05037603382795156
2025-06-17,3,178,178,0.04695741762316993
2025-06-17,4,179,179,0.05150538758057686
2025-06-17,5,178,178,0.045526505718047054
2025-06-18,1,179,179,0.06978883416899528
2025-06-18,2,179,179,0.05634724591931679
2025-06-18,3,178,178,0.04889099739152763
2025-06-18,4,179,179,0.05548885245808199
2025-06-18,5,178,178,0.054361990373822125
2025-06-19,1,179,179,0.08373561397386038
2025-06-19,2,179,178,0.08902508898760506
2025-06-19,3,178,178,0.07819041583906353
2025-06-19,4,179,179,0.07629290049796937
2025-06-19,5,178,178,0.08840580126944898
2025-06-20,1,179,179,0.10881033260353953
2025-06-20,2,179,179,0.09497861192988441
2025-06-20,3,178,178,0.09379077495137414
2025-06-20,4,179,179,0.10218765233248091
2025-06-20,5,178,178,0.09249013738624183
2025-06-23,1,179,179,0.10912339606520009
2025-06-23,2,179,179,0.09065477272521412
2025-06-23,3,178,177,0.07167252009743973
2025-06-23,4,179,179,0.09842364909412199
2025-06-23,5,178,178,0.09032050696428472
2025-06-24,1,179,179,0.0928085432931666
2025-06-24,2,179,179,0.09081055578692944
2025-06-24,3,178,177,0.06910002990947971
2025-06-24,4,179,179,0.07897858657710875
2025-06-24,5,178,178,0.0799592967864388
2025-06-25,1,179,179,0.07251418822642972
2025-06-25,2,179,179,0.06551331053022424
2025-06-25,3,178,177,0.05354110590784661
2025-06-25,4,179,179,0.060258396411930204
2025-06-25,5,178,178,0.060302095528139935
2025-06-26,1,179,179,0.09902196743165372
2025-06-26,2,179,178,0.08648746247068292
2025-06-26,3,179,179,0.07624641055516489
2025-06-26,4,179,179,0.07582148472635025
2025-06-26,5,179,179,0.06875983154283696
2025-06-27,1,180,180,0.0833054892669976
2025-06-27,2,179,178,0.08077287771053103
2025-06-27,3,179,179,0.06951045935404583
2025-06-27,4,179,179,0.061860667956898846
2025-06-27,5,179,179,0.07530212677447155
2025-06-30,1,180,180,0.07792661952003078
2025-06-30,2,180,180,0.07305289316162698
2025-06-30,3,179,179,0.06828867521932125
2025-06-30,4,180,180,0.05602244100315757
2025-06-30,5,179,179,0.06586733837770331
2025-07-01,1,180,180,0.08242420052774063
2025-07-01,2,180,180,0.08143957201178
2025-07-01,3,179,179,0.05871680762090577
2025-07-01,4,180,180,0.0633388090971753
2025-07-01,5,179,179,0.0648129326715683
2025-07-02,1,180,180,0.07516342876992028
2025-07-02,2,180,180,0.06226706866443088
2025-07-02,3,180,180,0.0637594554180632
2025-07-02,4,180,180,0.06021099155933168
2025-07-02,5,180,180,0.06215499479325145
2025-07-03,1,180,180,0.05489766294215719
2025-07-03,2,180,180,0.04219002367530803
2025-07-03,3,179,179,0.03614258424473152
2025-07-03,4,180,180,0.041293385299862824
2025-07-03,5,179,179,0.05217934463700676
2025-07-04,1,180,179,0.0554788261828774
2025-07-04,2,180,180,0.05215416361794425
2025-07-04,3,179,179,0.040471932236806195
2025-07-04,4,180,180,0.03856399455128684
2025-07-04,5,179,177,0.0512728562353306
2025-07-07,1,180,180,0.05884452325845897
2025-07-07,2,179,179,0.056092864624451136
2025-07-07,3,180,179,0.05017668093072099
2025-07-07,4,179,179,0.04351421759085586
2025-07-07,5,179,178,0.07331134540259476
2025-07-08,1,181,181,0.048339039079613
2025-07-08,2,180,180,0.04877797216181095
2025-07-08,3,180,179,0.04306093489807647
2025-07-08,4,180,179,0.03788066527820992
2025-07-08,5,180,179,0.06160795114900754
2025-07-09,1,181,181,0.06166670288204476
2025-07-09,2,180,179,0.0576837267679654
2025-07-09,3,180,179,0.049597683519027824
2025-07-09,4,180,180,0.05104301064437623
2025-07-09,5,180,179,0.06868661803740274
2025-07-10,1,181,181,0.05742035307654141
2025-07-10,2,181,181,0.044209095675792204
2025-07-10,3,180,178,0.03977000335870022
2025-07-10,4,181,181,0.04098755151925069
2025-07-10,5,180,179,0.05999703036606265
2025-07-11,1,181,181,0.053877658106763274
2025-07-11,2,181,181,0.04402647396791775
2025-07-11,3,181,180,0.04160993470452577
2025-07-11,4,181,181,0.03889571637493151
2025-07-11,5,181,180,0.060853891116499415
2025-07-14,1,181,181,0.07296664273179397
2025-07-14,2,181,181,0.05322973669479867
2025-07-14,3,180,179,0.046973699303526316
2025-07-14,4,181,181,0.048281357018654734
2025-07-14,5,180,179,0.06963372980765362
2025-07-15,1,181,181,0.07336355911195173
2025-07-15,2,181,181,0.06590522069152273
2025-07-15,3,181,181,0.06005302106969345
2025-07-15,4,181,180,0.050947093710461425
2025-07-15,5,180,178,0.07644595945512124
2025-07-16,1,181,181,0.0744738661089302
2025-07-16,2,181,181,0.06923027480604739
2025-07-16,3,180,180,0.056721728537425714
2025-07-16,4,181,179,0.058896524639813326
2025-07-16,5,180,179,0.09145168074159196
2025-07-17,1,181,181,0.04654886727065403
2025-07-17,2,181,181,0.03689555135166589
2025-07-17,3,181,180,0.03790467827652005
2025-07-17,4,181,179,0.03070958705666977
2025-07-17,5,180,179,0.06268131661370802
2025-07-18,1,181,181,0.06271853771155951
2025-07-18,2,181,181,0.054333652784475966
2025-07-18,3,181,181,0.04925429918671981
2025-07-18,4,181,180,0.053518978106132674
2025-07-18,5,180,179,0.0871863389005871
2025-07-21,1,181,181,0.05379310794849388
2025-07-21,2,181,181,0.04624413315073095
2025-07-21,3,181,180,0.04157302712126189
2025-07-21,4,181,180,0.05244972430630799
2025-07-21,5,180,180,0.08433316148607105
2025-07-22,1,181,181,0.04826380615074657
2025-07-22,2,181,181,0.03060957753040724
2025-07-22,3,181,181,0.02636407895777219
2025-07-22,4,181,180,0.05372187111728117
2025-07-22,5,180,180,0.08737608480028597
2025-07-23,1,181,181,0.07257798669559493
2025-07-23,2,181,181,0.05699474490337382
2025-07-23,3,180,180,0.052990537155021916
2025-07-23,4,181,180,0.07915105047550527
2025-07-23,5,180,180,0.10217031818730084
2025-07-24,1,182,182,0.047289285658097785
2025-07-24,2,181,181,0.03713209061707569
2025-07-24,3,181,181,0.04810962363468948
2025-07-24,4,181,180,0.04778899930468945
2025-07-24,5,181,181,0.07339745904419251
2025-07-25,1,182,182,0.07343938682984572
2025-07-25,2,181,180,0.05561058369371743
2025-07-25,3,182,182,0.05769985943076876
2025-07-25,4,181,180,0.06404172799066749
2025-07-25,5,181,181,0.09582066117517185
2025-07-28,1,182,182,0.08422621055110706
2025-07-28,2,181,181,0.058058636904622866
2025-07-28,3,181,180,0.06263771602969188
2025-07-28,4,181,181,0.07662479604922666
2025-07-28,5,181,181,0.09013980455167607
2025-07-29,1,182,182,0.09753763171283651
2025-07-29,2,181,181,0.061483694467640335
2025-07-29,3,182,182,0.06737244752459073
2025-07-29,4,181,180,0.0728244791763155
2025-07-29,5,181,180,0.0845371019993572
2025-07-30,1,182,182,0.09580643643437996
2025-07-30,2,181,181,0.04315978244989987
2025-07-30,3,182,182,0.04662836711076443
2025-07-30,4,181,180,0.04329944312982337
2025-07-30,5,181,181,0.0671782533792412
2025-07-31,1,181,181,0.11155183189778364
2025-07-31,2,181,181,0.07291866445786709
2025-07-31,3,181,181,0.07402511684556962
2025-07-31,4,181,180,0.06489610541386741
2025-07-31,5,181,181,0.09496412944675836
2025-08-01,1,182,182,0.11259401766299725
2025-08-01,2,181,180,0.0745893396484614
2025-08-01,3,181,181,0.08325626199625516
2025-08-01,4,181,180,0.0679561061831237
2025-08-01,5,181,180,0.11119060366904022
2025-08-04,1,181,181,0.0972943980636639
2025-08-04,2,180,180,0.08136182212380226
2025-08-04,3,181,181,0.0615654091338277
2025-08-04,4,180,179,0.06811842887504525
2025-08-04,5,180,180,0.09626789274614646
2025-08-05,1,181,181,0.07196105652926216
2025-08-05,2,181,181,0.06254137947468708
2025-08-05,3,181,180,0.054438614464764126
2025-08-05,4,181,181,0.03794440353795417
2025-08-05,5,181,181,0.07610210996674747
2025-08-06,1,181,181,0.037428812418625224
2025-08-06,2,181,181,0.029113540756584712
2025-08-06,3,181,180,0.030769667453293438
2025-08-06,4,181,181,0.02383344376395828
2025-08-06,5,180,180,0.050671798915694934
2025-08-07,1,181,181,0.020514740693986514
2025-08-07,2,181,181,0.027720952016698316
2025-08-07,3,180,179,0.021424728278870077
2025-08-07,4,181,181,0.016896171320547774
2025-08-07,5,180,180,0.0386323916100729
2025-08-08,1,181,181,0.051501560575433196
2025-08-08,2,181,181,0.03732412332154894
2025-08-08,3,180,180,0.036035712205535204
2025-08-08,4,181,180,0.033992958486536176
2025-08-08,5,180,180,0.06406397071245958
2025-08-11,1,181,181,0.05037798615065196
2025-08-11,2,181,181,0.04310463524212436
2025-08-11,3,180,179,0.04377794982968381
2025-08-11,4,181,181,0.03365057669638744
2025-08-11,5,180,180,0.04662553205830273
2025-08-12,1,181,181,0.03461090410518889
2025-08-12,2,181,181,0.03953051886099589
2025-08-12,3,181,181,0.029142315639928994
2025-08-12,4,181,179,0.023994197567304948
2025-08-12,5,180,180,0.052853959199352187
2025-08-13,1,181,181,0.024645777532520473
2025-08-13,2,181,181,0.036910846042584836
2025-08-13,3,181,181,0.015286608396327821
2025-08-13,4,181,181,0.021952719128025426
2025-08-13,5,180,180,0.046891388895564635
2025-08-14,1,181,181,0.0622059116932302
2025-08-14,2,180,180,0.06271170830179087
2025-08-14,3,180,180,0.053455303846878306
2025-08-14,4,180,180,0.05897527423034437
2025-08-14,5,180,180,0.07893714712654164
2025-08-15,1,181,181,0.03819137565374834
2025-08-15,2,180,180,0.046983730405874606
2025-08-15,3,181,180,0.026765569198790622
2025-08-15,4,180,180,0.037201893690963335
2025-08-15,5,180,180,0.04917380684808052
2025-08-18,1,182,182,0.03389463427779355
2025-08-18,2,181,181,0.03434562734987978
2025-08-18,3,181,181,0.029517173684834537
2025-08-18,4,181,180,0.02413324219046771
2025-08-18,5,181,181,0.04509136175793763
2025-08-19,1,182,182,0.03617122123419352
2025-08-19,2,181,181,0.037041366987279695
2025-08-19,3,182,182,0.027462276619808098
2025-08-19,4,181,180,0.027768322215793267
2025-08-19,5,181,181,0.05472302703822403
2025-08-20,1,182,182,0.013293532942156759
2025-08-20,2,181,181,0.03475273708484662
2025-08-20,3,182,182,0.016625790318168545
2025-08-20,4,181,180,0.021074394995639168
2025-08-20,5,181,181,0.039482485638227253
2025-08-21,1,182,182,0.011738134778037994
2025-08-21,2,181,181,0.011349528606949193
2025-08-21,3,182,181,-0.0010852027773131136
2025-08-21,4,181,181,0.015862686566356924
2025-08-21,5,181,181,0.04140922605256649
2025-08-22,1,182,180,0.0007028657623401157
2025-08-22,2,181,179,-0.0006836135047685221
2025-08-22,3,182,182,-0.015888581332316156
2025-08-22,4,181,181,0.0017233685391662876
2025-08-22,5,181,181,0.022133436729483823
2025-08-25,1,182,182,0.0024346433974395325
2025-08-25,2,182,181,-0.018630899744084835
2025-08-25,3,182,182,-0.020788931109608468
2025-08-25,4,182,182,-0.008615495939974998
2025-08-25,5,181,181,0.017529859296940994
2025-08-26,1,182,181,-0.021743270955441606
2025-08-26,2,182,182,-0.04215073675903674
2025-08-26,3,181,181,-0.032495829181333036
2025-08-26,4,182,182,-0.03386976409871941
2025-08-26,5,181,181,-0.0014278312067874967
2025-08-27,1,182,182,0.00959720073266559
2025-08-27,2,182,181,0.010269597759716562
2025-08-27,3,181,180,0.009008113836482938
2025-08-27,4,182,182,0.015773502782861146
2025-08-27,5,181,181,0.024801491518506837
2025-08-28,1,182,182,-0.003936787077322584
2025-08-28,2,181,180,-0.0003055063401953039
2025-08-28,3,182,181,-0.017096825456919953
2025-08-28,4,181,181,0.0019523817171785071
2025-08-28,5,181,181,0.006895275114289258
2025-08-29,1,182,181,-0.008039141719376837
2025-08-29,2,181,181,-0.01028739147550422
2025-08-29,3,182,181,-0.012669768539724301
2025-08-29,4,181,181,0.004233319771878454
2025-08-29,5,181,180,-0.017058899462597008
2025-09-01,1,182,181,-0.006488696440672126
2025-09-01,2,181,181,0.00022506320562039442
2025-09-01,3,182,181,0.0036918650017004544
2025-09-01,4,181,181,0.0015506716188872858
2025-09-01,5,181,180,0.0018657165707647453
2025-09-02,1,182,181,0.026569827416331456
2025-09-02,2,181,180,0.016218629357590275
2025-09-02,3,181,181,0.008454738376993003
2025-09-02,4,181,180,0.024906059923291216
2025-09-02,5,181,180,0.03545632002353416
2025-09-03,1,182,182,0.03962014394806347
2025-09-03,2,181,180,0.0451080397027166
2025-09-03,3,181,180,0.03174762032815206
2025-09-03,4,181,180,0.04948021798668177
2025-09-03,5,181,180,0.06157537142655577
2025-09-04,1,182,182,0.020522931056722555
2025-09-04,2,181,181,0.023916602110938122
2025-09-04,3,181,180,0.01279834676139661
2025-09-04,4,181,180,0.027217130467438993
2025-09-04,5,181,180,0.03032538774408132
2025-09-05,1,182,182,0.046513615666356076
2025-09-05,2,182,182,0.028118929799023182
2025-09-05,3,181,179,0.018123024752669418
2025-09-05,4,182,182,0.03765461260642313
2025-09-05,5,181,181,0.04293098995491128
2025-09-08,1,182,182,0.014256186570336685
2025-09-08,2,182,181,0.009354509254355851
2025-09-08,3,182,181,0.0031650521833443876
2025-09-08,4,182,182,0.01341159093342577
2025-09-08,5,181,181,0.017839041717370926
2025-09-09,1,182,182,0.025560921534863026
2025-09-09,2,182,181,0.01951746083892894
2025-09-09,3,182,181,0.024079962995888982
2025-09-09,4,182,182,0.025786532142043746
2025-09-09,5,181,181,0.036281295457749246
2025-09-10,1,182,182,0.019875230503905633
2025-09-10,2,182,182,0.01431575556833002
2025-09-10,3,182,182,0.018788258658423356
2025-09-10,4,182,182,0.026582423209829453
2025-09-10,5,182,182,0.024150291444983204
2025-09-11,1,182,182,-0.01634581394283763
2025-09-11,2,182,182,-0.003690129334038603
2025-09-11,3,182,182,-0.007762569622361691
2025-09-11,4,182,182,-0.006789288275854522
2025-09-11,5,182,182,-0.021815629846962194
2025-09-12,1,182,182,-0.01164887407863055
2025-09-12,2,182,182,-0.006076696062564458
2025-09-12,3,182,181,-0.007240901568443295
2025-09-12,4,182,182,-0.0015167789878562
2025-09-12,5,182,182,-0.02292148677743832
2025-09-15,1,182,182,-0.007524254169734009
2025-09-15,2,182,182,0.005142457321462753
2025-09-15,3,182,182,-0.006047061536311575
2025-09-15,4,182,182,-0.0010406283199394305
2025-09-15,5,182,182,-0.010304145286460705
2025-09-16,1,183,183,-0.0042700511145584595
2025-09-16,2,183,183,0.001895104973099329
2025-09-16,3,182,182,-0.009427839433818566
2025-09-16,4,183,183,-0.00831296668830457
2025-09-16,5,182,182,-0.01890227268784487
2025-09-17,1,183,183,0.0010633426660856355
2025-09-17,2,183,183,0.006504225556892711
2025-09-17,3,182,182,-0.00028163228021405886
2025-09-17,4,183,183,-0.011848752444703379
2025-09-17,5,182,182,-0.021690892355098162
2025-09-18,1,183,183,0.0171520126343033
2025-09-18,2,183,183,0.023308372945534322
2025-09-18,3,182,182,0.018699683590530026
2025-09-18,4,183,182,0.015128596006604954
2025-09-18,5,182,182,0.004976803258133336
2025-09-19,1,182,182,0.017864129013098178
2025-09-19,2,182,181,0.018701983426788547
2025-09-19,3,182,181,0.02316609717425608
2025-09-19,4,182,181,0.013939188533599628
2025-09-19,5,182,182,0.005447669737656975
2025-09-22,1,182,182,0.009706613764115817
2025-09-22,2,181,181,0.03186604742012325
2025-09-22,3,182,182,0.02571733479383405
2025-09-22,4,181,180,0.01834400904929993
2025-09-22,5,181,181,0.0029796991338061074
2025-09-23,1,182,182,0.035668577321237134
2025-09-23,2,181,181,0.04993392385687295
2025-09-23,3,181,180,0.03795202869814159
2025-09-23,4,181,181,0.03948502389252139
2025-09-23,5,181,181,0.03890185544924911
2025-09-24,1,182,181,0.01667542782918556
2025-09-24,2,181,180,0.021667587126431128
2025-09-24,3,182,182,0.02521779583017875
2025-09-24,4,181,181,0.0068137291535897366
2025-09-24,5,181,181,0.0034611551850009885
2025-09-25,1,181,180,0.027721234278597705
2025-09-25,2,181,181,0.034872150404167045
2025-09-25,3,181,181,0.032830061181985955
2025-09-25,4,181,181,0.018375762459362906
2025-09-25,5,180,180,0.01384118261415853
2025-09-26,1,181,180,0.03240353188103706
2025-09-26,2,181,180,0.03135085360385058
2025-09-26,3,181,181,0.0465346132486338
2025-09-26,4,181,181,0.02494290307708757
2025-09-26,5,180,179,0.022891648747313396
2025-09-29,1,181,180,0.008022365261155266
2025-09-29,2,180,180,0.019252514629905595
2025-09-29,3,181,181,0.01882788592880763
2025-09-29,4,180,180,-0.004924494271594691
2025-09-29,5,180,180,-0.03063948382151338
2025-09-30,1,181,180,0.017794207169839198
2025-09-30,2,180,180,0.015108543165922386
2025-09-30,3,180,180,0.028436662066051843
2025-09-30,4,180,179,0.002958304815047735
2025-09-30,5,180,180,-0.019416254440338312
2025-10-09,1,181,181,0.016006038251218848
2025-10-09,2,180,179,0.012695045317357635
2025-10-09,3,181,181,0.024081861067539664
2025-10-09,4,180,180,0.006284090558341276
2025-10-09,5,180,180,-0.016715281948187374
2025-10-10,1,181,181,0.04967807697612665
2025-10-10,2,181,181,0.0458320135298419
2025-10-10,3,181,181,0.04534272375548617
2025-10-10,4,181,181,0.04330549902091405
2025-10-10,5,180,180,0.05042060770475886
2025-10-13,1,181,181,0.02430426274527972
2025-10-13,2,181,181,0.028040469254992557
2025-10-13,3,181,181,0.027531475403867606
2025-10-13,4,181,181,0.01577214716263678
2025-10-13,5,180,180,0.009312803079326342
2025-10-14,1,181,181,0.04163294288563315
2025-10-14,2,181,181,0.026860594837285444
2025-10-14,3,181,181,0.031236604427780867
2025-10-14,4,181,181,0.024219041295721718
2025-10-14,5,180,180,0.02744212633242743
2025-10-15,1,181,181,0.02692257769248014
2025-10-15,2,181,181,0.024823273606524348
2025-10-15,3,181,181,0.0016705679167199755
2025-10-15,4,181,181,0.012300529660481611
2025-10-15,5,180,180,0.016501049726230094
2025-10-16,1,181,181,0.031692709406880445
2025-10-16,2,181,181,0.03201987478555862
2025-10-16,3,180,180,0.026766428805806274
2025-10-16,4,181,181,0.024664976118271984
2025-10-16,5,180,180,0.02892000729459169
2025-10-17,1,181,181,0.04975511083987165
2025-10-17,2,181,181,0.03688532540207497
2025-10-17,3,180,180,0.03573259310240785
2025-10-17,4,181,181,0.03991423914276517
2025-10-17,5,180,180,0.04203800791059928
2025-10-20,1,181,181,0.052074628684349075
2025-10-20,2,181,181,0.028713559271125226
2025-10-20,3,180,180,0.04047114183609772
2025-10-20,4,181,181,0.04126312566386392
2025-10-20,5,180,180,0.026806423291169414
2025-10-21,1,181,181,0.03404764040321688
2025-10-21,2,181,181,0.02601268989698775
2025-10-21,3,181,181,0.025960498293799712
2025-10-21,4,181,181,0.020635378274112492
2025-10-21,5,180,180,0.0061432115393179115
2025-10-22,1,181,181,0.02718274808597158
2025-10-22,2,181,181,0.02636804483204493
2025-10-22,3,181,181,0.018186000389708742
2025-10-22,4,181,180,0.025836625418846987
2025-10-22,5,181,181,0.005236909414465008
2025-10-23,1,181,181,0.003568497491102677
2025-10-23,2,181,181,-0.0020177121635483386
2025-10-23,3,181,181,0.006902050304877809
2025-10-23,4,181,180,-0.01514750124656732
2025-10-23,5,181,181,-0.02696761787100024
2025-10-24,1,181,181,-0.011760576546615487
2025-10-24,2,181,180,-0.01765715665037745
2025-10-24,3,181,181,-0.026158033764002855
2025-10-24,4,181,179,-0.03408336295945261
2025-10-24,5,181,181,-0.06264183701568836
2025-10-27,1,181,181,-0.004486266527357297
2025-10-27,2,181,180,-0.014192914707499208
2025-10-27,3,181,181,-0.01983160097630223
2025-10-27,4,181,180,-0.03322978289541389
2025-10-27,5,180,180,-0.04962015005840645
2025-10-28,1,181,181,-0.000643114710036726
2025-10-28,2,181,180,-0.0005684171275734464
2025-10-28,3,181,181,-0.008830614522307881
2025-10-28,4,181,180,-0.017929590287892348
2025-10-28,5,180,180,-0.05182285566907614
2025-10-29,1,181,181,-0.01019105914783359
2025-10-29,2,181,181,-0.013562419576826669
2025-10-29,3,181,180,-0.009234954180408015
2025-10-29,4,181,180,-0.033932541081686175
2025-10-29,5,181,181,-0.05651681876841508
2025-10-30,1,181,181,-0.012709961608164257
2025-10-30,2,181,181,-0.0001877278343553479
2025-10-30,3,181,180,-0.003872460474894739
2025-10-30,4,181,180,-0.03163894103641687
2025-10-30,5,181,181,-0.041175995017721526
2025-10-31,1,181,180,-2.4007033251065444e-05
2025-10-31,2,181,180,-0.004029352367977736
2025-10-31,3,180,180,-0.009095070313637689
2025-10-31,4,181,180,-0.015445492870049706
2025-10-31,5,180,179,-0.029861123833087033
2025-11-03,1,181,181,-0.00033447449676963207
2025-11-03,2,181,180,-0.004711258079703436
2025-11-03,3,180,180,-0.0027651709613184393
2025-11-03,4,181,179,-0.020324509461587485
2025-11-03,5,180,179,-0.026979194450737282
2025-11-04,1,181,181,0.00687674360878189
2025-11-04,2,180,179,0.005908997882988738
2025-11-04,3,181,181,0.005819477811057281
2025-11-04,4,180,179,-0.004677623075281892
2025-11-04,5,180,178,0.00535403793474874
2025-11-05,1,181,181,-0.013938743684088492
2025-11-05,2,181,180,-0.006071522825983543
2025-11-05,3,181,180,-0.0195971318954862
2025-11-05,4,181,181,-0.023115718834650467
2025-11-05,5,180,178,-0.022490255947408274
2025-11-06,1,181,181,-0.022716380480821124
2025-11-06,2,181,180,-0.012901632497108347
2025-11-06,3,181,180,-0.028146460928501725
2025-11-06,4,181,181,-0.02989077553677846
2025-11-06,5,180,178,-0.028779056135894234
2025-11-07,1,181,181,-0.013224614022581804
2025-11-07,2,181,181,-0.01633171044757494
2025-11-07,3,180,179,-0.014553497363472855
2025-11-07,4,181,181,-0.010286284904898815
2025-11-07,5,180,178,-0.029112273677850083
2025-11-10,1,181,181,-0.015336908086039928
2025-11-10,2,181,181,-0.016410031943452485
2025-11-10,3,181,180,-0.03102393851170056
2025-11-10,4,181,181,-0.01997338434482592
2025-11-10,5,181,180,-0.027737761617055007
2025-11-11,1,182,182,-0.02003748112182506
2025-11-11,2,181,180,-0.011967267902973259
2025-11-11,3,182,181,-0.0426238187877717
2025-11-11,4,181,180,-0.03042123572898387
2025-11-11,5,181,180,-0.018848125352593427
2025-11-12,1,182,181,0.003556307076922873
2025-11-12,2,181,181,-0.021975061761733892
2025-11-12,3,182,181,-0.02412804106631713
2025-11-12,4,181,180,-0.022483015573214686
2025-11-12,5,181,180,-0.004249137873106828
2025-11-13,1,182,181,-0.012895128041068222
2025-11-13,2,182,182,-0.03988777214844818
2025-11-13,3,182,182,-0.04699650784861924
2025-11-13,4,182,180,-0.03437534007543223
2025-11-13,5,181,180,-0.03274804096899873
2025-11-14,1,182,181,-0.0161154527228063
2025-11-14,2,182,182,-0.038828714263798324
2025-11-14,3,182,182,-0.04560439548295251
2025-11-14,4,182,181,-0.03399728338189648
2025-11-14,5,182,180,-0.03638314453934402
2025-11-17,1,182,181,-0.01780073277161167
2025-11-17,2,182,182,-0.043681879406360764
2025-11-17,3,182,182,-0.03885513668630239
2025-11-17,4,182,180,-0.017590055541655665
2025-11-17,5,182,182,-0.03640638024060346
2025-11-18,1,182,181,-0.021066674350643147
2025-11-18,2,182,182,-0.04295879078953571
2025-11-18,3,182,182,-0.04454284358099812
2025-11-18,4,182,181,-0.027611332161561156
2025-11-18,5,181,181,-0.033338276795849026
2025-11-19,1,182,181,-0.020583029092112473
2025-11-19,2,182,181,-0.03912437963896771
2025-11-19,3,181,180,-0.0396998599829159
2025-11-19,4,182,181,-0.011907511410208132
2025-11-19,5,181,181,-0.02719063940854047
2025-11-20,1,182,181,0.0035289687935376474
2025-11-20,2,181,180,-0.010325603067028013
2025-11-20,3,182,180,-0.01330089110098238
2025-11-20,4,181,181,-0.0069127057400922825
2025-11-20,5,181,181,0.01490844653094465
2025-11-21,1,182,181,0.016513496848031873
2025-11-21,2,181,181,0.018908339011160073
2025-11-21,3,182,180,0.022896895023507665
2025-11-21,4,181,180,0.026206253578633217
2025-11-21,5,181,179,0.05689563808571289
2025-11-24,1,182,181,0.014615438996789838
2025-11-24,2,181,180,0.006132354846566957
2025-11-24,3,182,181,0.01695863961578312
2025-11-24,4,181,180,0.02793325805395165
2025-11-24,5,181,181,0.06252134721882763
2025-11-25,1,182,181,0.005498180584123833
2025-11-25,2,181,181,-0.008793934234787363
2025-11-25,3,181,179,-0.00021900618421857507
2025-11-25,4,181,181,0.016548730864956035
2025-11-25,5,181,181,0.04859488274691624
2025-11-26,1,182,182,0.016514138591431915
2025-11-26,2,181,181,0.004554895405656801
2025-11-26,3,182,182,0.013888209479983985
2025-11-26,4,181,180,0.027776540922945955
2025-11-26,5,181,181,0.06386774082354761
2025-11-27,1,182,182,0.017709684996389672
2025-11-27,2,182,182,0.016922286914237538
2025-11-27,3,181,181,0.010711260034994284
2025-11-27,4,182,181,0.042361515938930304
2025-11-27,5,181,181,0.07543862493602581
2025-11-28,1,182,182,0.017702652166988558
2025-11-28,2,182,181,0.012996906725327608
2025-11-28,3,182,182,0.008719341659828394
2025-11-28,4,182,181,0.022996924683496803
2025-11-28,5,182,181,0.06190802823719356
2025-12-01,1,182,181,0.00688397602890543
2025-12-01,2,182,182,0.001912508109868986
2025-12-01,3,181,180,-0.006114898418443923
2025-12-01,4,182,181,0.009600984857882924
2025-12-01,5,181,181,0.05109558245914016
2025-12-02,1,182,181,0.020721561849483042
2025-12-02,2,181,181,-0.0012365329233948931
2025-12-02,3,182,181,0.014641178317240383
2025-12-02,4,181,181,0.0009525589062710894
2025-12-02,5,181,181,0.0702117989035914
2025-12-03,1,182,181,0.031096713684127458
2025-12-03,2,182,182,0.005219198980223334
2025-12-03,3,181,180,0.01766137493320522
2025-12-03,4,182,182,0.019658654137720766
2025-12-03,5,181,181,0.08525394798304353
2025-12-04,1,182,181,0.04326755907404532
2025-12-04,2,181,181,0.019105019015900122
2025-12-04,3,181,181,0.03141099227354189
2025-12-04,4,181,180,0.047503670402370426
2025-12-04,5,181,181,0.09336891379002368
2025-12-05,1,182,182,0.041402037150434494
2025-12-05,2,181,181,0.025416413906738825
2025-12-05,3,182,181,0.035248533439463596
2025-12-05,4,181,181,0.04744420432335012
2025-12-05,5,181,180,0.0815829809653479
2025-12-08,1,182,182,0.04092248911474639
2025-12-08,2,181,181,0.027406456351073097
2025-12-08,3,182,182,0.02633879968960443
2025-12-08,4,181,180,0.03997832127007353
2025-12-08,5,181,180,0.08108508655473146
2025-12-09,1,181,181,0.054701287255126685
2025-12-09,2,181,181,0.04636495328024637
2025-12-09,3,181,179,0.053380298384821924
2025-12-09,4,181,181,0.05434834874339626
2025-12-09,5,181,180,0.09327851680177258
2025-12-10,1,182,181,0.07071840908255572
2025-12-10,2,181,181,0.05112666772881601
2025-12-10,3,181,180,0.0650304863242874
2025-12-10,4,181,181,0.07142092028884837
2025-12-10,5,181,181,0.11337816669145927
2025-12-11,1,181,179,0.09905482644112647
2025-12-11,2,181,181,0.0866461940291271
2025-12-11,3,181,180,0.0931880896609863
2025-12-11,4,181,180,0.0957709307172113
2025-12-11,5,180,180,0.1588390911879077
2025-12-12,1,181,179,0.0872708847061786
2025-12-12,2,181,180,0.06891301392470521
2025-12-12,3,181,180,0.07964608964048232
2025-12-12,4,181,180,0.09900517729042377
2025-12-12,5,180,179,0.12460512809951761
2025-12-15,1,181,179,0.0935419898966681
2025-12-15,2,181,181,0.0752337227939081
2025-12-15,3,180,179,0.07015947415346609
2025-12-15,4,181,181,0.08389613109697648
2025-12-15,5,180,179,0.11573842090701557
2025-12-16,1,181,179,0.109009250286606
2025-12-16,2,181,181,0.08300559285357614
2025-12-16,3,180,179,0.09724109598114611
2025-12-16,4,181,181,0.08323082012681803
2025-12-16,5,180,179,0.14631366888079034
2025-12-17,1,181,179,0.09235035848378195
2025-12-17,2,181,180,0.0701523612625349
2025-12-17,3,180,179,0.06342971906178266
2025-12-17,4,181,181,0.07305377662134598
2025-12-17,5,180,179,0.12708832458613792
2025-12-18,1,181,179,0.1045498512435706
2025-12-18,2,180,179,0.07813154835768012
2025-12-18,3,180,180,0.07050880412296143
2025-12-18,4,180,180,0.07703643290638905
2025-12-18,5,180,180,0.12886864200772866
2025-12-19,1,180,179,0.08707638794851168
2025-12-19,2,180,178,0.04563374309459555
2025-12-19,3,180,180,0.06669568374258271
2025-12-19,4,180,180,0.06583293309311246
2025-12-19,5,180,180,0.08742494885324831
2025-12-22,1,180,180,0.09837481711287993
2025-12-22,2,180,178,0.059549566974720705
2025-12-22,3,180,180,0.06800886772670302
2025-12-22,4,180,180,0.07095803506412073
2025-12-22,5,179,179,0.08793188676632914
2025-12-23,1,180,180,0.1089883738411923
2025-12-23,2,180,179,0.07629929992085557
2025-12-23,3,180,180,0.08382850499999213
2025-12-23,4,180,180,0.08870805241813245
2025-12-23,5,179,179,0.10534774565594313
2025-12-24,1,180,179,0.10967683819217759
2025-12-24,2,180,180,0.09252309215979682
2025-12-24,3,180,180,0.07590316999006116
2025-12-24,4,180,180,0.07671990393956012
2025-12-24,5,179,179,0.11573644389642422
2025-12-25,1,180,180,0.08598950833611525
2025-12-25,2,180,180,0.06686744905006202
2025-12-25,3,179,179,0.06993513671016632
2025-12-25,4,180,180,0.06438384840881078
2025-12-25,5,179,179,0.08522244892306809
2025-12-26,1,180,180,0.08504073624122911
2025-12-26,2,180,180,0.06788291919197093
2025-12-26,3,179,178,0.063432719324194
2025-12-26,4,180,180,0.05692183705751878
2025-12-26,5,179,179,0.07501745483583222
2025-12-29,1,180,179,0.08910651158483131
2025-12-29,2,179,179,0.08008859260231029
2025-12-29,3,180,180,0.07113778004242484
2025-12-29,4,179,179,0.06715958540924148
2025-12-29,5,179,179,0.09169326014463723
2025-12-30,1,180,180,0.07344512846953392
2025-12-30,2,179,179,0.07727103645502958
2025-12-30,3,180,180,0.06871157417498476
2025-12-30,4,179,179,0.060476074944029484
2025-12-30,5,179,179,0.062013892414083574
2025-12-31,1,180,179,0.04784094220911023
2025-12-31,2,179,179,0.058715063355089255
2025-12-31,3,180,180,0.05624924579741134
2025-12-31,4,179,179,0.03974546554043484
2025-12-31,5,179,179,0.037494661294707424
2026-01-05,1,180,179,0.030613003141023293
2026-01-05,2,179,179,0.028663529246872817
2026-01-05,3,180,180,0.020237200246646183
2026-01-05,4,179,179,0.025668736731108747
2026-01-05,5,179,179,0.01859106711192782
2026-01-06,1,180,179,0.02203489192298813
2026-01-06,2,180,180,0.02819624565239617
2026-01-06,3,179,179,0.010393990735180676
2026-01-06,4,180,180,0.022538429095075432
2026-01-06,5,179,179,0.016082592008887137
2026-01-07,1,180,180,0.03572084047478422
2026-01-07,2,180,179,0.02704528120575612
2026-01-07,3,179,179,0.02792141693503805
2026-01-07,4,180,180,0.025942405521912845
2026-01-07,5,179,179,0.011483929136501533
2026-01-08,1,180,180,0.018483978032734365
2026-01-08,2,180,179,0.005677428921696774
2026-01-08,3,180,180,0.01581402179210424
2026-01-08,4,180,179,0.004693197041479214
2026-01-08,5,180,180,-0.006177951705879503
2026-01-09,1,180,179,0.012517065198225425
2026-01-09,2,180,180,0.017889998051145717
2026-01-09,3,180,180,0.0043456020180806555
2026-01-09,4,180,179,0.01278290140420335
2026-01-09,5,180,179,-0.01134448849415703
2026-01-12,1,180,178,0.003230165832645155
2026-01-12,2,180,180,0.008413122690152108
2026-01-12,3,180,180,-0.0005249503549565999
2026-01-12,4,180,179,0.008546118722158394
2026-01-12,5,180,179,-0.012473801381859016
2026-01-13,1,181,181,0.02699228551716987
2026-01-13,2,180,180,0.018693414691329843
2026-01-13,3,180,180,0.00012695865781779824
2026-01-13,4,180,180,0.013526563979922713
2026-01-13,5,180,178,0.0074989073105803175
2026-01-14,1,180,180,0.030574523583377783
2026-01-14,2,180,180,0.017369252082141434
2026-01-14,3,180,180,0.008899760163249976
2026-01-14,4,180,180,0.012790391557246735
2026-01-14,5,180,179,0.017253709900860403
2026-01-15,1,180,180,0.01459554645151057
2026-01-15,2,180,180,0.010041946312227785
2026-01-15,3,180,180,-0.007246395368505322
2026-01-15,4,180,180,0.02329126705837035
2026-01-15,5,179,178,0.0026098042112346403
2026-01-16,1,180,180,0.027892142216309018
2026-01-16,2,179,179,0.016452850690161332
2026-01-16,3,180,179,0.023678798098123694
2026-01-16,4,179,179,0.025371116670507832
2026-01-16,5,179,179,0.018037600132653715
2026-01-19,1,180,179,0.014185060374426562
2026-01-19,2,179,179,0.015214611600041467
2026-01-19,3,180,180,0.009555854300464106
2026-01-19,4,179,178,0.020014344069566814
2026-01-19,5,179,179,0.004193810172511739
2026-01-20,1,180,180,0.031143566865508395
2026-01-20,2,180,178,0.028390091672948706
2026-01-20,3,180,180,0.019511965667437618
2026-01-20,4,180,180,0.029077950639746556
2026-01-20,5,179,179,0.034672332727335456
2026-01-21,1,180,178,0.016808922352685246
2026-01-21,2,180,180,-0.0038190540315370934
2026-01-21,3,179,179,0.017325920309655025
2026-01-21,4,180,180,0.014284705032420169
2026-01-21,5,179,179,0.021345955038425082
2026-01-22,1,180,179,0.006058048072992144
2026-01-22,2,180,178,0.0050196462064558975
2026-01-22,3,179,179,0.007317346539214931
2026-01-22,4,180,180,0.01203625441966231
2026-01-22,5,179,178,0.012510933460117144
2026-01-23,1,181,180,-0.0010778077834689185
2026-01-23,2,180,177,-0.004440000151424635
2026-01-23,3,180,180,-0.0015349543404478015
2026-01-23,4,180,180,0.008470353152392942
2026-01-23,5,180,180,0.007432017256674298
2026-01-26,1,180,179,-0.02961537659282881
2026-01-26,2,180,178,-0.03388933255151652
2026-01-26,3,179,179,-0.01971931409875962
2026-01-26,4,180,180,-0.02575787985076091
2026-01-26,5,179,179,-0.029695375567032858
2026-01-27,1,180,179,-0.023944532990458168
2026-01-27,2,180,179,-0.009693977796221
2026-01-27,3,179,178,-0.02220276244231605
2026-01-27,4,180,180,0.0005925573151234654
2026-01-27,5,179,179,-0.010556342306498103
2026-01-28,1,180,179,-0.029423068687087408
2026-01-28,2,180,180,-0.03001198562693878
2026-01-28,3,180,178,-0.021959534960926015
2026-01-28,4,180,180,-0.013334830129405568
2026-01-28,5,179,179,-0.014780896257853176
2026-01-29,1,180,179,-0.020560066673944995
2026-01-29,2,180,180,-0.011570185350383424
2026-01-29,3,180,179,-0.018586054505536395
2026-01-29,4,180,180,-0.012894973053181095
2026-01-29,5,179,179,0.0015623610670616604
2026-01-30,1,180,178,0.009067913023892706
2026-01-30,2,180,180,0.009412974884807768
2026-01-30,3,180,179,-0.005510706752310095
2026-01-30,4,180,180,0.003096295431072123
2026-01-30,5,179,179,0.016000049675814018
2026-02-02,1,180,180,0.03241148576214796
2026-02-02,2,180,179,0.03089987464572478
2026-02-02,3,179,179,0.024565161669652266
2026-02-02,4,180,180,0.019123623319558365
2026-02-02,5,179,179,0.02593069413629479
2026-02-03,1,180,180,0.032829139268837605
2026-02-03,2,180,180,0.013530205807405457
2026-02-03,3,179,178,0.019639428419087824
2026-02-03,4,180,180,0.016349941138145876
2026-02-03,5,179,179,0.005133525471553974
2026-02-04,1,180,180,0.010665306615977567
2026-02-04,2,180,180,0.005528170604948811
2026-02-04,3,180,179,0.015195139051569771
2026-02-04,4,180,180,0.012187604530035236
2026-02-04,5,179,179,-0.0026870297285542465
2026-02-05,1,180,180,0.014088649771695508
2026-02-05,2,180,180,0.0076436515141891405
2026-02-05,3,180,180,0.020222755116746236
2026-02-05,4,180,180,0.009295442398200803
2026-02-05,5,179,178,0.006333513073112098
2026-02-06,1,180,179,-0.006907652615891013
2026-02-06,2,180,180,-0.013526236420447127
2026-02-06,3,179,179,0.011658690242126327
2026-02-06,4,180,180,-0.004608056492298675
2026-02-06,5,179,179,-0.024645228196259993
2026-02-09,1,180,180,-0.028781181455728375
2026-02-09,2,180,180,-0.025256556390049725
2026-02-09,3,179,179,-0.012339946878197042
2026-02-09,4,180,180,-0.016316090077215854
2026-02-09,5,179,179,-0.06002987380681435
2026-02-10,1,180,179,-0.04384912581493025
2026-02-10,2,180,180,-0.03044519326144822
2026-02-10,3,180,180,-0.017023249272854143
2026-02-10,4,180,180,-0.017706923333610156
2026-02-10,5,180,180,-0.0679168380935528
2026-02-11,1,180,179,-0.0504305203460163
2026-02-11,2,180,180,-0.04527372119893016
2026-02-11,3,180,180,-0.0262810172097704
2026-02-11,4,180,180,-0.034912189456369015
2026-02-11,5,180,180,-0.07715662862344681
2026-02-12,1,180,180,-0.08495520033678963
2026-02-12,2,180,180,-0.06554882832733032
2026-02-12,3,180,180,-0.053917313686377505
2026-02-12,4,180,180,-0.06263422151777369
2026-02-12,5,179,179,-0.11626555765706284
2026-02-13,1,180,180,-0.09691415610678236
2026-02-13,2,180,180,-0.07647337517480123
2026-02-13,3,179,179,-0.07607946980795333
2026-02-13,4,180,180,-0.08739488043876631
2026-02-13,5,179,178,-0.13184962061212285
2026-02-24,1,180,179,-0.08665892990746657
2026-02-24,2,180,180,-0.06519535764553554
2026-02-24,3,179,179,-0.07091022499459626
2026-02-24,4,180,180,-0.07548380724127483
2026-02-24,5,179,179,-0.12107073572418488
2026-02-25,1,180,180,-0.08648588311078405
2026-02-25,2,180,180,-0.06463868378223948
2026-02-25,3,179,179,-0.06639285996572168
2026-02-25,4,180,180,-0.07749139183512047
2026-02-25,5,179,179,-0.11878932023919456
2026-02-26,1,180,180,-0.09883855082639763
2026-02-26,2,179,179,-0.07271652302455195
2026-02-26,3,180,180,-0.08619607696110809
2026-02-26,4,179,179,-0.08509625896501993
2026-02-26,5,179,179,-0.14979873639534685
2026-02-27,1,180,180,-0.07784036045399453
2026-02-27,2,179,179,-0.07019473789182622
2026-02-27,3,180,180,-0.07099823445780853
2026-02-27,4,179,178,-0.08654573151263682
2026-02-27,5,179,178,-0.13325286813792978
2026-03-02,1,180,180,-0.06902181736334738
2026-03-02,2,179,179,-0.05716981503734883
2026-03-02,3,179,179,-0.05425020866174525
2026-03-02,4,179,179,-0.07522406403909117
2026-03-02,5,179,179,-0.12438383850484368
2026-03-03,1,179,179,-0.024477879696589377
2026-03-03,2,179,179,-0.02376488915777793
2026-03-03,3,179,179,-0.03516688481717445
2026-03-03,4,179,179,-0.04126130453974935
2026-03-03,5,179,179,-0.056930696043071806
2026-03-04,1,179,179,-0.042991258214349314
2026-03-04,2,179,179,-0.03341845716918846
2026-03-04,3,178,178,-0.04020926215806521
2026-03-04,4,179,179,-0.04357565578097206
2026-03-04,5,178,178,-0.09478221274630755
2026-03-05,1,179,179,-0.04280609978182674
2026-03-05,2,179,179,-0.035265926271721294
2026-03-05,3,179,179,-0.035313800235280544
2026-03-05,4,179,179,-0.04754759798789402
2026-03-05,5,179,179,-0.08868811966731474
2026-03-06,1,180,180,-0.06382179992814303
2026-03-06,2,179,179,-0.062286195760064174
2026-03-06,3,179,179,-0.05567050781031705
2026-03-06,4,179,179,-0.07413356168155598
2026-03-06,5,179,179,-0.09981840668808294
2026-03-09,1,180,180,-0.0544888529425732
2026-03-09,2,179,179,-0.05460163764465778
2026-03-09,3,179,179,-0.03638616639988238
2026-03-09,4,179,179,-0.05670092884661222
2026-03-09,5,179,179,-0.08060782918028908
2026-03-10,1,180,180,-0.04971102371145191
2026-03-10,2,179,179,-0.06049533565269142
2026-03-10,3,179,179,-0.042243802453296966
2026-03-10,4,179,179,-0.05539099252835821
2026-03-10,5,179,179,-0.07288662949628354
2026-03-11,1,180,180,-0.05300189272451341
2026-03-11,2,179,179,-0.04975901487365516
2026-03-11,3,180,180,-0.04803009457336086
2026-03-11,4,179,179,-0.061765063879603656
2026-03-11,5,179,179,-0.05808345213977005
2026-03-12,1,180,180,-0.03962858804916446
2026-03-12,2,180,180,-0.05360924828822701
2026-03-12,3,179,179,-0.04104026418579614
2026-03-12,4,180,180,-0.06492460615493326
2026-03-12,5,179,179,-0.05848160964428287
2026-03-13,1,180,180,-0.02138364109125686
2026-03-13,2,180,180,-0.03303716842644522
2026-03-13,3,180,180,-0.037950660475290304
2026-03-13,4,180,180,-0.044089191220971616
2026-03-13,5,179,179,-0.038901469525226176
2026-03-16,1,180,180,-0.0175112449333828
2026-03-16,2,180,180,-0.028041362253236328
2026-03-16,3,180,180,-0.030423831702218684
2026-03-16,4,180,180,-0.03684801462638387
2026-03-16,5,180,180,-0.02498117202075371
2026-03-17,1,180,180,-0.014951823757609412
2026-03-17,2,180,180,-0.014788546464699837
2026-03-17,3,180,180,-0.022264373662218923
2026-03-17,4,180,180,-0.02747577945226908
2026-03-17,5,180,180,-0.014946211472568312
2026-03-18,1,180,180,0.007412397641459682
2026-03-18,2,180,179,-0.009954540794807162
2026-03-18,3,180,180,-0.013990363381905145
2026-03-18,4,180,180,-0.011416023646729341
2026-03-18,5,180,180,0.0027730094103447195
2026-03-19,1,180,180,0.023139351306292244
2026-03-19,2,180,179,-0.005334792682326284
2026-03-19,3,179,179,-0.0005425581988694129
2026-03-19,4,180,180,0.002346001793757866
2026-03-19,5,179,179,0.026509071706532494
2026-03-20,1,180,180,0.06260360675439831
2026-03-20,2,179,178,0.029446359069015108
2026-03-20,3,179,179,0.03880841385569338
2026-03-20,4,179,179,0.04636031912075111
2026-03-20,5,179,179,0.08508087556449798
2026-03-23,1,179,179,0.07779844771100078
2026-03-23,2,178,177,0.04784171400087794
2026-03-23,3,178,178,0.0473209666002931
2026-03-23,4,178,178,0.0592321259895849
2026-03-23,5,178,178,0.09441220928488346
2026-03-24,1,180,180,0.07449148689534722
2026-03-24,2,179,178,0.03244352878197129
2026-03-24,3,179,178,0.04149782517195891
2026-03-24,4,179,179,0.06030020410257317
2026-03-24,5,179,179,0.09217996039607582
2026-03-25,1,180,180,0.03799666952831185
2026-03-25,2,180,179,0.015062437092190477
2026-03-25,3,179,178,0.016882865851035284
2026-03-25,4,180,180,0.03275184027901688
2026-03-25,5,179,179,0.0749753021503848
2026-03-26,1,180,179,0.0674711961695796
2026-03-26,2,179,178,0.03411339196559397
2026-03-26,3,180,178,0.02142611551074159
2026-03-26,4,179,179,0.06383124899415324
2026-03-26,5,179,179,0.10291497460556917
2026-03-27,1,180,180,0.051699487283625285
2026-03-27,2,180,179,0.01572666804523233
2026-03-27,3,180,180,0.019067226882591232
2026-03-27,4,180,179,0.031819182637204645
2026-03-27,5,179,179,0.09161472760577716
2026-03-30,1,180,178,0.02316525789221817
2026-03-30,2,180,179,0.00515410396155695
2026-03-30,3,180,180,0.005223766699889452
2026-03-30,4,180,179,0.0015579537248759387
2026-03-30,5,180,180,0.05954707248096713
2026-03-31,1,181,179,0.0395338094718387
2026-03-31,2,180,178,0.014619970305873312
2026-03-31,3,180,179,0.02709071045631176
2026-03-31,4,180,179,0.02317973187610454
2026-03-31,5,180,180,0.0662706864609516
2026-04-01,1,180,180,0.050033201679053826
2026-04-01,2,180,179,0.028927171075358783
2026-04-01,3,180,180,0.020129911674638516
2026-04-01,4,180,179,0.01734579754377003
2026-04-01,5,179,179,0.08619975008903084
2026-04-02,1,180,180,0.06361341141716816
2026-04-02,2,180,180,0.058241438625743776
2026-04-02,3,180,180,0.03704006136141107
2026-04-02,4,180,179,0.03481187874627072
2026-04-02,5,180,180,0.1135837252258597
2026-04-03,1,180,180,0.08913876195970119
2026-04-03,2,180,180,0.05480882170065057
2026-04-03,3,180,180,0.059521728255810875
2026-04-03,4,180,180,0.0670095012037127
2026-04-03,5,179,179,0.13359206324087275
2026-04-07,1,180,180,0.07770573466739059
2026-04-07,2,180,180,0.044631363221704586
2026-04-07,3,180,180,0.050889961160175454
2026-04-07,4,180,180,0.047867310366740336
2026-04-07,5,179,179,0.13247998572411138
2026-04-08,1,180,180,0.07112020720680637
2026-04-08,2,180,180,0.04636018625564388
2026-04-08,3,180,180,0.029410807270151565
2026-04-08,4,180,180,0.054666655429236065
2026-04-08,5,180,180,0.12491865176669265
2026-04-09,1,180,180,0.05232649024141838
2026-04-09,2,180,180,0.023719936194406568
2026-04-09,3,180,180,0.02962021121638829
2026-04-09,4,180,180,0.02517419742220625
2026-04-09,5,179,179,0.1048348925049284
2026-04-10,1,180,180,0.06249884159728158
2026-04-10,2,180,180,0.03728484705336597
2026-04-10,3,180,180,0.044405185361036076
2026-04-10,4,180,180,0.03682399524435053
2026-04-10,5,180,180,0.12944870235622857
2026-04-13,1,180,180,0.01643426037851106
2026-04-13,2,180,180,0.025157534167346063
2026-04-13,3,180,180,-0.005571391597774538
2026-04-13,4,180,180,0.024813711283783364
2026-04-13,5,180,180,0.0740127277381947
2026-04-14,1,181,181,-0.001446945107784481
2026-04-14,2,180,180,-0.006968371863310739
2026-04-14,3,181,181,-0.01467775843167523
2026-04-14,4,180,180,-0.0031232762256578357
2026-04-14,5,180,180,0.042379572874919585
2026-04-15,1,181,181,0.006675131849673177
2026-04-15,2,180,180,0.004150023493906585
2026-04-15,3,181,181,-0.007333940214761998
2026-04-15,4,180,180,-0.0016684765815488266
2026-04-15,5,180,180,0.03568215355550002
2026-04-16,1,181,181,-0.0043916061864812395
2026-04-16,2,180,180,0.011801406991546358
2026-04-16,3,180,180,-0.01438725220035098
2026-04-16,4,180,180,-0.019479881121941513
2026-04-16,5,180,180,0.05298905925946161
2026-04-17,1,181,181,-0.0005550036896529427
2026-04-17,2,180,179,-0.0006237796686598645
2026-04-17,3,181,181,-0.00818306400363017
2026-04-17,4,180,180,-0.013923186221144692
2026-04-17,5,180,180,0.038606313813718096
2026-04-20,1,181,181,-0.022177401929216627
2026-04-20,2,180,180,-0.013408214116138992
2026-04-20,3,181,181,-0.03305856606156346
2026-04-20,4,180,180,-0.035319930727526136
2026-04-20,5,180,180,0.00297197178607278
2026-04-21,1,181,181,0.00779543730281505
2026-04-21,2,180,180,0.00438841405661965
2026-04-21,3,180,180,-0.030315786389450986
2026-04-21,4,180,180,-0.028450147739530564
2026-04-21,5,180,180,0.01259528774489149
2026-04-22,1,181,181,0.003734302088587118
2026-04-22,2,181,180,-0.023105230380418052
2026-04-22,3,180,180,-0.03274904503458536
2026-04-22,4,181,181,-0.027965032602353238
2026-04-22,5,180,180,-0.017594258761755112
2026-04-23,1,180,180,0.023516113545489128
2026-04-23,2,180,180,-0.015048176077600239
2026-04-23,3,180,180,-0.026881177590526415
2026-04-23,4,180,180,-0.01870708966260937
2026-04-23,5,180,180,-0.008166464567370432
2026-04-24,1,181,180,0.020348731286555913
2026-04-24,2,180,180,-0.027837708377739547
2026-04-24,3,180,180,-0.031728977656823774
2026-04-24,4,180,180,-0.032397922069821054
2026-04-24,5,180,179,-0.039055099353381605
2026-04-27,1,180,180,0.02519616972330728
2026-04-27,2,180,180,-0.034146182792337075
2026-04-27,3,180,180,-0.01836259479126299
2026-04-27,4,180,180,-0.02696284858922699
2026-04-27,5,180,180,-0.01671679521271279
2026-04-28,1,180,178,-0.0024697614432637564
2026-04-28,2,180,180,-0.00545486374348312
2026-04-28,3,180,180,-0.0422320043516809
2026-04-28,4,180,180,-0.034382257630175286
2026-04-28,5,180,180,-0.026955387506787516
2026-04-29,1,180,177,-0.009304445009377727
2026-04-29,2,180,180,-0.02094416261548459
2026-04-29,3,180,180,-0.030670036418671397
2026-04-29,4,180,179,-0.03434109778280618
2026-04-29,5,180,180,-0.04834615479634664
2026-04-30,1,180,180,-0.005792040944264705
2026-04-30,2,180,180,-0.03738178392047933
2026-04-30,3,179,179,-0.04379881904740004
2026-04-30,4,180,180,-0.06124291025841168
2026-04-30,5,179,179,-0.05079003768349192
2026-05-06,1,180,180,-0.029620711621091624
2026-05-06,2,180,180,-0.045237529909945215
2026-05-06,3,180,180,-0.07342740000032016
2026-05-06,4,180,180,-0.0715684388535125
2026-05-06,5,179,179,-0.0750082348322125
2026-05-07,1,181,181,-0.04662412530450861
2026-05-07,2,180,180,-0.04290611200872104
2026-05-07,3,181,181,-0.08073449474734004
2026-05-07,4,180,180,-0.0749344468009204
2026-05-07,5,180,180,-0.07376013529981323
2026-05-08,1,181,181,-0.08942733070806252
2026-05-08,2,180,180,-0.06703758664359093
2026-05-08,3,181,181,-0.08807860941451813
2026-05-08,4,180,180,-0.10502370544130903
2026-05-08,5,180,180,-0.11674077987141401
2026-05-11,1,181,181,-0.09710095111648849
2026-05-11,2,181,181,-0.07228561134548114
2026-05-11,3,181,181,-0.09686394516031126
2026-05-11,4,181,181,-0.10520956094494976
2026-05-11,5,180,180,-0.11359656319057972
2026-05-12,1,181,181,-0.08821341612922338
2026-05-12,2,180,180,-0.06781699772479292
2026-05-12,3,181,181,-0.10315371904142352
2026-05-12,4,180,180,-0.0799154197375744
2026-05-12,5,180,180,-0.10289992920494302
2026-05-13,1,181,181,-0.11588346501962153
2026-05-13,2,181,181,-0.08011915622628452
2026-05-13,3,180,180,-0.08952476367599549
2026-05-13,4,181,181,-0.1128452561214101
2026-05-13,5,180,180,-0.1116100959246848
2026-05-14,1,180,180,-0.08655812004359387
2026-05-14,2,180,180,-0.05741423870051599
2026-05-14,3,180,180,-0.08329372242828473
2026-05-14,4,180,180,-0.09407340467438666
2026-05-14,5,180,180,-0.07144696549546611
2026-05-15,1,180,180,-0.06350451764262982
2026-05-15,2,180,180,-0.03235115789489391
2026-05-15,3,179,179,-0.05313276567601671
2026-05-15,4,180,180,-0.07566255756838212
2026-05-15,5,179,179,-0.04249038225091741
2026-05-18,1,180,180,-0.04904882941326832
2026-05-18,2,180,180,-0.029411897604796088
2026-05-18,3,180,180,-0.04110941322488052
2026-05-18,4,180,180,-0.053937267079067534
2026-05-18,5,179,179,-0.027170072227979056
2026-05-19,1,180,180,-0.04118773992029213
2026-05-19,2,180,180,-0.04093075768989057
2026-05-19,3,180,180,-0.064647678852907
2026-05-19,4,180,180,-0.04731335881750862
2026-05-19,5,179,179,-0.03253356246262636
2026-05-20,1,180,180,-0.038409212172010404
2026-05-20,2,179,179,-0.057533153384564883
2026-05-20,3,180,180,-0.06752181084627606
2026-05-20,4,179,179,-0.046359315279286925
2026-05-20,5,179,179,-0.03982224908863713
2026-05-21,1,180,180,-0.02363798869031166
2026-05-21,2,179,179,-0.03396495596409802
2026-05-21,3,179,179,-0.058713099822061986
2026-05-21,4,179,179,-0.04572712780868294
2026-05-21,5,179,179,-0.006215932462825906
2026-05-22,1,180,180,-0.019289336540496204
2026-05-22,2,179,179,-0.04308654989124818
2026-05-22,3,179,179,-0.050294728611557316
2026-05-22,4,179,179,-0.040900632027165665
2026-05-22,5,179,179,0.004735340211193682
2026-05-25,1,180,180,-0.04769304633399874
2026-05-25,2,179,179,-0.04816794516112831
2026-05-25,3,180,180,-0.049372283670542354
2026-05-25,4,179,179,-0.04714626247372833
2026-05-25,5,179,179,0.003918709104747835
2026-05-26,1,180,180,-0.05195152998347906
2026-05-26,2,179,179,-0.046950163713996844
2026-05-26,3,180,180,-0.05045466141396076
2026-05-26,4,179,179,-0.04791823740165869
2026-05-26,5,179,179,-0.002002128820110462
2026-05-27,1,179,179,-0.029318584847282374
2026-05-27,2,179,179,-0.03521346968106479
2026-05-27,3,179,179,-0.03008475693806457
2026-05-27,4,179,179,-0.046378413708487276
2026-05-27,5,178,178,0.008527570886821458
2026-05-28,1,179,179,-0.047077257834627594
2026-05-28,2,178,178,-0.0683730339392981
2026-05-28,3,179,179,-0.05266211588238065
2026-05-28,4,178,178,-0.08355909354363798
2026-05-28,5,178,177,-0.0324542560241325
2026-05-29,1,179,179,-0.04211537119106829
2026-05-29,2,178,178,-0.051407625813070255
2026-05-29,3,178,177,-0.035748640138976856
2026-05-29,4,178,177,-0.05886044996100585
2026-05-29,5,178,178,-0.010943717091156812
2026-06-01,1,179,179,-0.0341143441184182
2026-06-01,2,179,179,-0.04382336487091
2026-06-01,3,179,179,-0.0719377305090296
2026-06-01,4,179,179,-0.052360154046935135
2026-06-01,5,178,177,0.010790355451619306
2026-06-02,1,179,179,-0.02987297448819522
2026-06-02,2,178,178,-0.03883810298394885
2026-06-02,3,179,179,-0.03788396303875694
2026-06-02,4,178,178,-0.03032705455591249
2026-06-02,5,178,177,0.013975575541563994
2026-06-03,1,179,179,-0.022642166635814233
2026-06-03,2,178,178,-0.028359390929351105
2026-06-03,3,178,178,-0.035383360237296956
2026-06-03,4,178,177,-0.010581329371694228
2026-06-03,5,178,178,0.020611149861348044
2026-06-04,1,178,178,-0.011259699440883451
2026-06-04,2,178,178,-0.02616509599636905
2026-06-04,3,178,178,-0.033900444376120914
2026-06-04,4,178,178,0.010808902588926438
2026-06-04,5,178,178,0.03549052325612009
2026-06-05,1,178,178,-0.010619013318994336
2026-06-05,2,178,178,-0.024624038342245753
2026-06-05,3,178,178,-0.0195601025553494
2026-06-05,4,178,178,0.018187841448256404
2026-06-05,5,178,178,0.05355073987041911
2026-06-08,1,178,178,-0.034154759892107346
2026-06-08,2,177,177,-0.030719795964233982
2026-06-08,3,178,178,-0.03414513513295069
2026-06-08,4,177,177,-0.01820720268442878
2026-06-08,5,177,177,0.03663410512731654
2026-06-09,1,178,178,-0.04749502962618078
2026-06-09,2,178,178,-0.037826996122453826
2026-06-09,3,178,178,-0.03708725114879205
2026-06-09,4,178,178,-0.03049398347096679
2026-06-09,5,177,177,0.013119837949756885
2026-06-10,1,178,178,-0.034358405172954305
2026-06-10,2,177,177,-0.039073645739187826
2026-06-10,3,177,177,-0.030151012112975977
2026-06-10,4,177,177,-0.016786095084944518
2026-06-10,5,177,177,0.02850362044855799
2026-06-11,1,178,178,-0.03374371848038616
2026-06-11,2,177,177,-0.03978490284152345
2026-06-11,3,177,177,-0.03157239633692246
2026-06-11,4,177,177,-0.012140194348034506
2026-06-11,5,177,177,0.0009126082900013975
2026-06-12,1,178,178,-0.07087422485895746
2026-06-12,2,178,178,-0.07341879835999923
2026-06-12,3,177,177,-0.05000777077207529
2026-06-12,4,178,178,-0.04366085189951366
2026-06-12,5,177,177,-0.041717030737321706
2026-06-15,1,178,178,-0.08003182511188393
2026-06-15,2,178,178,-0.06476180406321459
2026-06-15,3,177,177,-0.046207675278588205
2026-06-15,4,178,178,-0.03504154426592646
2026-06-15,5,177,177,-0.04684108201548511
2026-06-16,1,178,178,-0.07040532506069516
2026-06-16,2,178,178,-0.05397840731905993
2026-06-16,3,177,177,-0.030886536568601807
2026-06-16,4,178,178,-0.025160481918152164
2026-06-16,5,177,177,-0.07650539902649263
2026-06-17,1,178,178,-0.06512307620031017
2026-06-17,2,177,177,-0.03460555767851272
2026-06-17,3,178,178,-0.018187034925694123
2026-06-17,4,177,177,-0.02055329653502939
2026-06-17,5,177,177,-0.08954899333917538
2026-06-18,1,177,177,-0.07842299340888909
2026-06-18,2,177,177,-0.0392603874477675
2026-06-18,3,177,177,-0.030359339223834218
2026-06-18,4,177,177,-0.028582621032203437
2026-06-18,5,177,177,-0.15143095139211993
2026-06-22,1,178,178,-0.08439035479890032
2026-06-22,2,178,178,-0.05356891105843684
2026-06-22,3,177,177,-0.043717284376881056
2026-06-22,4,178,178,-0.03585393579593024
2026-06-22,5,177,177,-0.19773633230210216
2026-06-23,1,178,178,-0.05895416034653432
2026-06-23,2,178,178,-0.03916842247083598
2026-06-23,3,177,177,-0.04610614598795561
2026-06-23,4,178,178,-0.036872600344780855
2026-06-23,5,177,177,-0.16947339454643034
2026-06-24,1,178,178,-0.04912893716257284
2026-06-24,2,177,176,-0.021103541865427813
2026-06-24,3,177,177,-0.024874217491446218
2026-06-24,4,177,177,-0.015461151061665297
2026-06-24,5,177,177,-0.186952334410576
2026-06-25,1,177,176,-0.03883018094177105
2026-06-25,2,177,177,-0.005072379047496783
2026-06-25,3,177,177,-0.0038073103026913047
2026-06-25,4,177,177,-0.01482707455141939
2026-06-25,5,177,177,-0.18457329025536928
2026-06-26,1,177,176,-0.027958955852786935
2026-06-26,2,176,176,-0.007356730832719452
2026-06-26,3,177,177,0.0030196349562979083
2026-06-26,4,176,176,-0.01855312768748454
2026-06-26,5,176,175,-0.1708334254595681
2026-06-29,1,176,175,-0.02171616605962736
2026-06-29,2,176,176,-0.008079632485736498
2026-06-29,3,176,176,0.01009602834169404
2026-06-29,4,176,176,-0.002945815249249596
2026-06-29,5,176,176,-0.14219776099473433
2026-06-30,1,176,175,-0.026002240149191766
2026-06-30,2,175,175,0.010060564003878508
2026-06-30,3,176,176,0.0142411155993162
2026-06-30,4,175,175,-0.006562407006531365
2026-06-30,5,175,175,-0.1661706719637088
2026-07-01,1,177,177,-0.02056004077227021
2026-07-01,2,177,177,-0.009298627607945559
2026-07-01,3,177,177,0.020817981873902682
2026-07-01,4,177,177,-0.012597099713400025
2026-07-01,5,177,177,-0.16284240160189728
2026-07-02,1,177,177,-0.01708977355013553
2026-07-02,2,176,176,0.0012762248450937097
2026-07-02,3,177,177,0.0005905363053447021
2026-07-02,4,176,176,-0.017529867074584957
2026-07-02,5,176,176,-0.1681247513561108
2026-07-03,1,177,177,-0.005616137621184657
2026-07-03,2,176,176,0.008326783419744799
2026-07-03,3,177,177,0.005677094246020873
2026-07-03,4,176,176,-0.014938458322164568
2026-07-03,5,176,176,-0.1800904561068989
2026-07-06,1,179,179,0.004490562403282286
2026-07-06,2,178,178,0.03686760360300739
2026-07-06,3,178,178,0.020629214733675214
2026-07-06,4,178,178,-0.0080049955696491
2026-07-06,5,178,178,-0.14831368258071523
2026-07-07,1,178,178,0.026544576264695988
2026-07-07,2,178,178,0.041153338721380675
2026-07-07,3,177,177,0.05178786484357167
2026-07-07,4,178,178,0.011320692038785161
2026-07-07,5,177,177,-0.1253583260247244
2026-07-08,1,178,178,0.053531449884366894
2026-07-08,2,177,177,0.06190191033278079
2026-07-08,3,178,178,0.05360920172318193
2026-07-08,4,177,177,0.035037307314575966
2026-07-08,5,177,177,-0.08336971310764658
2026-07-09,1,178,178,0.05157728579602872
2026-07-09,2,177,177,0.0558368150524102
2026-07-09,3,178,178,0.05219952226707271
2026-07-09,4,177,177,0.038526597085215636
2026-07-09,5,177,177,-0.08468590766272695
2026-07-10,1,178,178,0.04991436924019991
2026-07-10,2,178,178,0.045388749267870364
2026-07-10,3,178,178,0.04816467495675122
2026-07-10,4,178,178,0.04245687745191865
2026-07-10,5,177,177,-0.0494743033667666
2026-07-13,1,178,178,0.08937130212607332
2026-07-13,2,178,178,0.07995621764459428
2026-07-13,3,177,177,0.06480361792438252
2026-07-13,4,178,177,0.06271164206252841
2026-07-13,5,177,177,-0.004138423913813853
2026-07-14,1,178,178,0.06889499441252457
2026-07-14,2,178,178,0.058903359770673354
2026-07-14,3,177,176,0.055971221094585716
2026-07-14,4,178,178,0.04434897457583364
2026-07-14,5,177,177,-0.0294250952059918
2026-07-15,1,179,179,0.07845141785969623
2026-07-15,2,178,178,0.0602487190768358
2026-07-15,3,179,179,0.04901141655230888
2026-07-15,4,178,177,0.04299893879519225
2026-07-15,5,178,178,0.020391760081160698
2026-07-16,1,179,179,0.05339007449811273
2026-07-16,2,179,179,0.04100545151938031
2026-07-16,3,179,179,0.03836177284577274
2026-07-16,4,179,178,0.026143184062861032
2026-07-16,5,178,178,0.029206781065740574
2026-07-17,1,178,178,0.08481980070980775
2026-07-17,2,178,178,0.05762379446553575
2026-07-17,3,178,178,0.059112569808067846
2026-07-17,4,178,177,0.05274028377366351
2026-07-17,5,178,178,0.07897820693771289
2026-07-20,1,179,179,0.0962092532685294
2026-07-20,2,178,178,0.056565191909910724
2026-07-20,3,178,177,0.05693541421554802
2026-07-20,4,178,178,0.06459374127896331
2026-07-20,5,178,178,0.17485877017682366
2026-07-21,1,178,178,0.06992280400971201
2026-07-21,2,178,178,0.046978860871753465
2026-07-21,3,177,177,0.04910140101599304
2026-07-21,4,178,177,0.06505467020400305
2026-07-21,5,177,177,0.10869066702837933
2026-07-22,1,178,177,0.04483114410260681
2026-07-22,2,178,177,0.040085484854948464
2026-07-22,3,177,177,0.039997249733988556
2026-07-22,4,178,177,0.050405556680765976
2026-07-22,5,177,177,0.08732228068679843
2026-07-23,1,178,178,0.032586901218281256
2026-07-23,2,178,177,0.034772049834512805
2026-07-23,3,177,177,0.033373443238835176
2026-07-23,4,178,178,0.04418850449820048
2026-07-23,5,177,176,0.0741933695036636
2026-07-24,1,177,177,0.0663287115913474
2026-07-24,2,177,176,0.04730640067276661
2026-07-24,3,177,177,0.05907730748524373
2026-07-24,4,177,177,0.057616806382237644
2026-07-24,5,177,176,0.103465474185252
2026-07-27,1,179,179,0.04328945990167023
2026-07-27,2,178,177,0.012006737190622178
2026-07-27,3,178,178,0.03603927712747485
2026-07-27,4,178,178,0.033587097439471345
2026-07-27,5,178,178,0.04752817635978064
2026-07-28,1,179,178,0.04680191634747209
2026-07-28,2,178,177,0.01388488145379169
2026-07-28,3,179,179,0.04612300689204197
2026-07-28,4,178,178,0.03853315930804784
2026-07-28,5,178,178,0.08654892615321579
2026-07-29,1,180,179,0.03957252047083735
2026-07-29,2,179,179,0.01560702739894075
2026-07-29,3,180,180,0.042678981555234446
2026-07-29,4,179,179,0.02469866181821645
2026-07-29,5,179,179,0.09274993341611358
2026-07-30,1,180,179,0.06263433047103342
2026-07-30,2,180,180,0.019675131506236322
2026-07-30,3,180,180,0.0439910943588934
2026-07-30,4,180,180,0.034973548836576454
2026-07-30,5,179,179,0.11465147633404976
2026-07-31,1,181,180,0.04867447658782973
2026-07-31,2,181,181,0.019884303303657428
2026-07-31,3,180,180,0.028783654820236322
2026-07-31,4,181,181,0.016958258272526595
2026-07-31,5,180,180,0.10691340505502447
2026-08-03,1,181,181,0.04172895538523279
2026-08-03,2,181,180,0.009829977012891676
2026-08-03,3,181,181,0.011939058045022703
2026-08-03,4,181,181,0.013551355941424637
2026-08-03,5,181,181,0.11432176921749701
2026-08-04,1,181,181,0.03894533609932623
2026-08-04,2,180,180,0.013582795365523086
2026-08-04,3,180,180,0.031061939372851288
2026-08-04,4,180,180,0.02125814647225663
2026-08-04,5,180,180,0.06271816699447473
2026-08-05,1,181,181,0.023485400554233402
2026-08-05,2,180,180,-0.006643454719898268
2026-08-05,3,180,180,0.031885902411251964
2026-08-05,4,180,180,0.009941241865842785
2026-08-05,5,180,180,0.02742732249303793
2026-08-06,1,181,181,0.01100916966560103
2026-08-06,2,180,180,0.004841792162901212
2026-08-06,3,181,181,0.022010739315976934
2026-08-06,4,180,180,0.017834092382821593
2026-08-06,5,180,180,0.006286328890953088
2026-08-07,1,181,181,0.0026772404985690858
2026-08-07,2,180,180,0.0025701160332519215
2026-08-07,3,181,181,0.014876340173939977
2026-08-07,4,180,180,0.01503527840972557
2026-08-07,5,180,180,-0.026670117376253986
2026-08-10,1,181,180,-0.0020379338221516562
2026-08-10,2,181,181,-0.004292604173563251
2026-08-10,3,181,181,0.008654509600416863
2026-08-10,4,181,181,0.005461394743216035
2026-08-10,5,180,180,-0.00838631675659992
2026-08-11,1,181,181,0.004333142419899933
2026-08-11,2,180,180,0.00529050067545444
2026-08-11,3,181,181,0.0222885526411231
2026-08-11,4,180,180,0.019077999036831966
2026-08-11,5,180,180,-0.0024512500435908283
2026-08-12,1,181,181,-0.022334901229279256
2026-08-12,2,180,180,-0.0005930170820840032
2026-08-12,3,181,181,0.009843377690456212
2026-08-12,4,180,180,0.0017120998420482104
2026-08-12,5,180,180,-0.020821244374352878
2026-08-13,1,181,181,-0.02080001113483868
2026-08-13,2,181,181,-0.0028623957318878353
2026-08-13,3,181,181,0.005798215318381731
2026-08-13,4,181,181,-0.00039657215856130887
2026-08-13,5,181,181,-0.024410888591071597
2026-08-14,1,180,180,-0.04047761400032037
2026-08-14,2,179,178,-0.012522745383459254
2026-08-14,3,180,180,-0.006294934398735615
2026-08-14,4,179,179,-0.015041059653550048
2026-08-14,5,179,179,-0.03774418821397231
2026-08-17,1,180,180,-0.05123770153707295
2026-08-17,2,180,180,-0.020047958859137467
2026-08-17,3,180,178,-0.004414656403743851
2026-08-17,4,180,180,-0.015356888339234829
2026-08-17,5,180,180,-0.04003013922520288
2026-08-18,1,180,180,-0.04676097485568813
2026-08-18,2,180,179,-0.024163189894945345
2026-08-18,3,180,179,-0.010971858564594919
2026-08-18,4,180,180,-0.022831178507806138
2026-08-18,5,179,179,-0.03350979631383707
