date,assets_total,factor_count,factor_coverage,valid_pairs,ic,rank_ic,factor_mean,factor_std,factor_min,factor_max
2023-01-03,1000,904,0.904,904,-0.09688617653487454,-0.015234417813371736,-2.7902950353411013e-16,0.9999999999999993,-4.733545089277943,2.4073926531017897
2023-01-04,1000,905,0.905,905,-0.09706779720819189,-0.032135145256915375,-1.7272862084775916e-16,1.0,-4.950034139797993,2.358556821739297
2023-01-05,1000,906,0.906,906,-0.09111125386306328,-0.022419022038570328,3.137054021015895e-17,0.9999999999999997,-4.860480285627599,2.4182571637569
2023-01-06,1000,906,0.906,905,-0.08430126839593655,-0.025065601261622987,-1.254821608406358e-16,1.0000000000000002,-5.163860604766006,2.4216706072959058
2023-01-09,1000,905,0.905,905,-0.06854224062793308,-0.005769535491706216,-2.6694423221926416e-16,1.0,-5.139231256597597,2.5648400338312296
2023-01-10,1000,905,0.905,905,-0.06223943342253833,-0.012505071948009195,-2.355390284287625e-17,0.9999999999999993,-4.88805439298535,2.5495485739726123
2023-01-11,1000,903,0.903,902,-0.059757249310447194,-0.014261920150190762,-1.180303547774253e-16,0.9999999999999998,-4.61194594258111,2.6040205585226563
2023-01-12,1000,902,0.902,902,-0.05080764794083303,-0.006031060794163676,-5.5141897453666315e-17,1.0000000000000009,-4.759002979657651,2.628923082800275
2023-01-13,1000,902,0.902,902,-0.05534181152644719,0.0026679960794249455,6.301931137561864e-17,1.0000000000000004,-4.623862933864853,2.649822291271693
2023-01-16,1000,905,0.905,905,-0.03483998714094834,0.0044051247685747644,-3.925650473812708e-17,1.0000000000000002,-4.406294771268304,2.610212437876392
2023-01-17,1000,906,0.906,906,-0.009713004322822466,0.010874147855260944,-4.705581031523842e-17,1.0000000000000002,-4.135289475060103,2.6809672495740746
2023-01-18,1000,909,0.909,909,0.012636337363469545,0.039396174792497296,-3.5957058135274596e-16,0.9999999999999993,-4.365291259223687,2.707080659310183
2023-01-19,1000,907,0.907,907,-0.0011350852004925593,0.022976158365285125,-6.26719061309901e-17,0.9999999999999991,-4.216366630325646,2.7275418952594563
2023-01-20,1000,912,0.912,912,-0.06222397167433739,-0.042570171377938684,7.791038769299344e-18,0.9999999999999996,-4.326895372900435,2.619328203450853
2023-01-30,1000,913,0.913,913,-0.034561070783052386,-0.018213040668350763,9.33900638457963e-17,1.0,-4.479597257089276,2.6480194034319613
2023-01-31,1000,914,0.914,914,-0.02812029055912201,-0.055844005367961094,6.219192435536982e-17,1.0000000000000004,-4.6881988195075035,2.5128751181241262
2023-02-01,1000,916,0.916,916,-0.021175637640747844,-0.055687206288868175,2.1719646944631882e-16,1.0000000000000018,-4.626503579854089,2.4672198419472
2023-02-02,1000,917,0.917,917,-0.03864036899547107,-0.08232463132741703,1.549711528375355e-17,1.0000000000000009,-4.696993433226089,2.4146752210502176
2023-02-03,1000,919,0.919,918,0.00024599043516502497,-0.05269818287217419,3.0153609025727863e-16,1.000000000000001,-4.8984352004590015,2.3764538861090307
2023-02-06,1000,918,0.918,917,-0.027112703208253607,-0.07371114125737306,1.0062152031461113e-16,1.0000000000000002,-5.386059478220001,2.3932464733257905
2023-02-07,1000,919,0.919,918,-0.01720449581402094,-0.08788093920596661,2.3195083865944513e-16,0.9999999999999993,-5.306963831939418,2.2857216813159345
2023-02-08,1000,919,0.919,918,-0.008394532268225311,-0.05755182511825513,1.932923655495376e-16,1.0000000000000004,-5.1891253465824265,2.3365345923377037
2023-02-09,1000,921,0.921,920,-0.06362005036967924,-0.117257224031251,-1.5429809679915313e-16,0.9999999999999998,-5.514547641530854,2.3025775667596404
2023-02-10,1000,921,0.921,921,-0.0811121736584929,-0.13183386321059137,1.6972790647906845e-16,0.9999999999999983,-5.634152166443545,2.315625857807383
2023-02-13,1000,920,0.92,920,-0.10281822666911945,-0.150634805086331,3.8616453030440226e-17,0.9999999999999989,-5.624118573268506,2.442664037297035
2023-02-14,1000,921,0.921,921,-0.08285540353128261,-0.13820145141794313,-2.1601733551881439e-16,1.0000000000000004,-5.482278450758192,2.480311571563639
2023-02-15,1000,922,0.922,922,-0.07326202618283055,-0.12377115615932142,-1.0789152169893061e-16,1.0,-4.925521771705894,2.5030613459014246
2023-02-16,1000,922,0.922,922,-0.07821081958972557,-0.13412980492070725,-1.7725035707681459e-16,0.9999999999999999,-4.988584305808776,2.479610687373228
2023-02-17,1000,922,0.922,922,-0.04140448461108606,-0.07098496779096204,3.082614905683732e-17,0.9999999999999994,-5.255027017036969,2.4239640547353343
2023-02-20,1000,926,0.926,926,-0.06197654511715423,-0.08772406988947748,1.841579444734601e-16,0.9999999999999996,-5.505172274100266,2.455977966314796
2023-02-21,1000,931,0.931,931,-0.0699927467913934,-0.09949186814902015,2.1369706338649628e-16,0.9999999999999993,-5.1526459464698116,2.503975668908505
2023-02-22,1000,930,0.93,930,-0.065802333078589,-0.10122646840183526,-9.168293364646454e-17,0.9999999999999999,-5.231511262853453,2.5003073427555726
2023-02-23,1000,929,0.929,929,-0.052578332074760994,-0.07423866917069492,1.9886018438926377e-16,1.0,-5.074920069270676,2.576211797325376
2023-02-24,1000,929,0.929,929,-0.02492828408228246,-0.05299809210101308,9.178162356427559e-17,0.9999999999999999,-5.009215676397186,2.643276745427143
2023-02-27,1000,924,0.924,924,-0.038795930591211794,-0.06066144073910774,-3.844928223810066e-17,0.9999999999999994,-4.722918987907017,2.6650446625189717
2023-02-28,1000,927,0.927,927,-0.0382557657355273,-0.07576762737773857,6.898473162719419e-17,1.0000000000000004,-4.682666289665887,2.6491329784578883
2023-03-01,1000,930,0.93,930,-0.044698064590435314,-0.08320495237407557,-7.640244470538712e-17,1.0,-4.6133684556454675,2.695910766479747
2023-03-02,1000,930,0.93,930,-0.03938724752089448,-0.07959402725105105,0.0,1.0,-4.727896375212023,2.77575780811665
2023-03-03,1000,931,0.931,930,-0.04793115816836062,-0.08746141400746192,-6.105630382471323e-17,1.0000000000000004,-4.757965184947593,2.8766336682257783
2023-03-06,1000,929,0.929,929,0.007025693265754575,-0.03415805843047632,3.05938745214252e-16,0.999999999999999,-5.114143297173357,2.861567334156272
2023-03-07,1000,927,0.927,927,0.02661823827867096,-0.030622125742984695,-2.6060898614717804e-16,0.9999999999999999,-4.632268237220689,2.827146120611889
2023-03-08,1000,928,0.928,928,0.028406114881031858,-0.04622063756694987,-1.914177628664063e-16,0.9999999999999996,-4.7467875179072685,2.7854556342500425
2023-03-09,1000,928,0.928,928,0.048971581007557684,-0.02177161844414312,-1.148506577198438e-16,0.9999999999999999,-4.753870055402312,2.853511988145305
2023-03-10,1000,923,0.923,923,0.05951167415679754,0.0008322847492932359,-1.539637563943879e-17,1.0,-4.933133815664303,2.894388198971263
2023-03-13,1000,922,0.922,922,0.0660791878181887,0.028765534048651023,1.310111334915586e-16,1.0000000000000002,-4.800179117138986,2.877892616023471
2023-03-14,1000,922,0.922,922,0.03839312471056314,0.005887563865690264,7.70653726420933e-17,0.9999999999999994,-4.8559342106926,2.9675501065277468
2023-03-15,1000,925,0.925,925,0.04324962491260866,-0.0059966939628860825,1.7667549105386274e-16,0.9999999999999993,-4.746597464155254,3.0561547826419524
2023-03-16,1000,921,0.921,920,0.03182742847826437,-0.0074408410388526825,-1.5429809679915314e-17,0.9999999999999997,-4.95213607925706,3.0654621764941195
2023-03-17,1000,922,0.922,922,0.013737310093042104,-0.030844252541359553,3.2367456509679186e-16,1.0,-5.056987249051429,3.12564922003265
2023-03-20,1000,921,0.921,921,0.034676605792316274,-0.015480533853081,2.3916205003868737e-16,1.0000000000000007,-4.986985370852831,3.099337816492817
2023-03-21,1000,922,0.922,922,0.02982145167198227,-0.0486058115828509,1.3871767075576793e-16,1.0000000000000007,-5.130844522148074,3.1998592562545984
2023-03-22,1000,923,0.923,923,0.03414222544248692,-0.04749350226488403,1.1547281729579092e-16,1.0000000000000004,-5.068265212857798,3.1835319020125805
2023-03-23,1000,921,0.921,921,0.020322100131909493,-0.05530888205286536,1.6972790647906845e-16,0.9999999999999998,-5.092215798702296,3.188864033145375
2023-03-24,1000,924,0.924,924,0.008637901902321088,-0.05449538107478294,-1.3841741605716237e-16,1.0000000000000004,-5.1169603592828645,3.0852657669582646
2023-03-27,1000,918,0.918,918,-0.010349669935570047,-0.07888166477952498,7.74011694727778e-18,1.0000000000000002,-4.734702566469573,3.2629109789924993
2023-03-28,1000,917,0.917,914,-0.024177010929706293,-0.07544171116271217,2.3245672925630322e-17,0.9999999999999998,-4.66782869935539,3.3414639078858572
2023-03-29,1000,912,0.912,910,-0.028329263535941653,-0.08735286722025581,1.3634317846273853e-16,1.0000000000000002,-4.576920087773894,3.406546691226671
2023-03-30,1000,910,0.91,908,-0.02320930951368548,-0.0804513913929688,2.889019914628979e-16,1.0000000000000004,-4.555562461833708,3.4182241052959155
2023-03-31,1000,908,0.908,907,-0.03344943090122732,-0.08745255874548748,1.095550473638921e-16,1.0000000000000007,-4.87532501598279,3.4822940443615686
2023-04-03,1000,910,0.91,909,-0.05687247760807449,-0.1131350736218076,2.3424485794289017e-17,1.0000000000000002,-4.925191121730684,3.437654038608912
2023-04-04,1000,911,0.911,910,-0.07571165180061717,-0.12024888376936502,-3.1198363809444576e-17,0.9999999999999999,-4.902214598416906,3.4418514334333423
2023-04-06,1000,911,0.911,909,-0.07805542719109909,-0.1144712534594641,1.247934552377783e-16,0.9999999999999998,-4.969416980776119,3.4658413370834453
2023-04-07,1000,911,0.911,909,-0.07989950841019504,-0.10723021036188918,5.4597136666528006e-17,0.9999999999999993,-4.951656107681088,3.412352144631441
2023-04-10,1000,909,0.909,907,-0.08502496121995905,-0.10359599023958097,-2.1886904951906276e-16,1.0000000000000007,-4.946493089971906,3.395381010411738
2023-04-11,1000,911,0.911,909,-0.10704247738056981,-0.1200914020641626,9.359509142833372e-17,0.9999999999999997,-5.166755893556499,3.337453455154875
2023-04-12,1000,916,0.916,915,-0.10942302826116976,-0.1193872101508171,4.654210059563975e-17,1.0,-4.863109881593221,3.3047926937104313
2023-04-13,1000,917,0.917,916,-0.10445461593073892,-0.11361674247911092,-3.09942305675071e-17,1.0000000000000007,-5.24798879973745,3.2010106774467424
2023-04-14,1000,917,0.917,915,-0.12091383899303842,-0.11654726915846354,3.09942305675071e-17,1.0000000000000004,-5.602807291239023,3.195247795705103
2023-04-17,1000,917,0.917,916,-0.10124253928553228,-0.10214303677417928,-7.748557641876774e-17,0.9999999999999999,-5.624190590488727,3.1089616532921607
2023-04-18,1000,917,0.917,916,-0.11656743085123293,-0.1108941188667353,6.973701877689097e-17,0.9999999999999998,-5.813217867933153,3.1140197154401554
2023-04-19,1000,915,0.915,914,-0.11086882397314152,-0.11532926061266517,-1.397788988380525e-16,1.0000000000000002,-5.306194729198118,2.870186284848707
2023-04-20,1000,915,0.915,915,-0.14595418478881697,-0.11325528982785844,-1.7084087635761973e-16,0.9999999999999997,-5.753682450137844,2.7782456349724924
2023-04-21,1000,911,0.911,911,-0.13070066341415407,-0.09260933618348834,9.359509142833372e-17,1.0000000000000009,-5.721159693777362,2.811726584211322
2023-04-24,1000,911,0.911,911,-0.12947888471118246,-0.09605197258524407,2.1838854666611202e-16,0.9999999999999998,-5.594357738259132,2.7676975844945746
2023-04-25,1000,911,0.911,911,-0.11474385807142151,-0.05746741992192335,2.2618813761847318e-16,1.0000000000000002,-5.677546188110498,2.6695134654841715
2023-04-26,1000,912,0.912,910,-0.07046015418441583,-0.05595191464819818,2.1035804677108228e-16,1.0,-5.366176609087866,2.673217599245028
2023-04-27,1000,910,0.91,909,-0.07121354664046883,-0.05359746878645463,-6.246529545143738e-17,1.0000000000000002,-5.121586951535656,2.688727134804552
2023-04-28,1000,913,0.913,912,-0.07540726921746024,-0.06323915677375047,-1.3230259044821142e-16,0.9999999999999996,-4.90042327672643,2.6018185849251814
2023-05-04,1000,913,0.913,913,-0.05024053933481992,-0.05104964975829397,-5.4477537243381174e-17,0.9999999999999994,-4.934766322734172,2.583567764392466
2023-05-05,1000,913,0.913,913,-0.03279898960187545,-0.010150884736960873,2.568226755759398e-16,1.0000000000000009,-5.266916324608597,2.569414885500208
2023-05-08,1000,917,0.917,917,-0.049641649342136926,-0.03204274303763352,-1.7046826812128903e-16,1.0,-5.116781788309496,2.6418822002089706
2023-05-09,1000,916,0.916,915,-0.06637387394164909,-0.04158761753298563,-1.5514033531879916e-17,0.9999999999999996,-4.638277651458936,2.68032510158111
2023-05-10,1000,915,0.915,914,-0.049598833943256475,-0.04877561640683904,1.397788988380525e-16,0.9999999999999999,-4.612468169195913,2.640852526117327
2023-05-11,1000,916,0.916,915,-0.047932695218692166,-0.06601173724331036,-3.878508382969979e-17,0.9999999999999997,-4.7139252522973365,2.9344678513543734
2023-05-12,1000,914,0.914,913,-0.01145039214618836,-0.03850464776607117,-1.477058203440033e-16,0.9999999999999991,-4.437309394935674,2.929392432693506
2023-05-15,1000,915,0.915,914,0.016727782774054564,-0.0035104218386364018,7.765494379891805e-17,0.9999999999999989,-4.424354196911429,3.1385826248074773
2023-05-16,1000,913,0.913,912,0.024360513043386666,0.0033967507936755086,-2.3347515961449076e-16,0.9999999999999999,-4.467006663305897,3.1047922543217115
2023-05-17,1000,912,0.912,910,0.027376568652946395,0.012085917581999573,-3.2722362831057244e-16,0.9999999999999987,-4.3784006198886525,2.9231886998577097
2023-05-18,1000,911,0.911,909,0.023745167175576135,0.035251813491999275,-1.0919427333305601e-16,0.9999999999999997,-4.338564269286983,2.943625455641165
2023-05-19,1000,908,0.908,907,0.051603285307896964,0.041224618608783244,1.4085648946786128e-16,1.0000000000000002,-4.3204446713230285,2.839078008545912
2023-05-22,1000,907,0.907,906,0.05494516594539601,0.06036270528431779,-4.700392959824257e-17,0.9999999999999984,-4.745611973990033,2.6377780273233453
2023-05-23,1000,904,0.904,904,0.037464344421174224,0.046798624310523715,-1.5719972030090712e-17,1.0,-5.115780898646182,2.354089630185765
2023-05-24,1000,904,0.904,904,0.027094689453487742,0.018790224455543115,1.414797482708164e-16,0.9999999999999997,-5.160681247291106,2.344590337760003
2023-05-25,1000,904,0.904,904,0.027220565617813153,0.023832632729149875,1.7291969233099783e-16,1.0000000000000002,-4.960471413943691,2.298735905148812
2023-05-26,1000,905,0.905,905,0.016229741920758683,0.008539057932130155,-1.5702601895250834e-17,1.0,-5.247460507854775,2.2449202180558085
2023-05-29,1000,903,0.903,903,0.02836931194295712,0.018973482838255167,4.0917189656174097e-16,0.9999999999999994,-4.943493533112374,2.2285367534620404
2023-05-30,1000,902,0.902,902,-0.014795321133389959,-0.027905739378920488,1.5754827843904662e-16,0.9999999999999996,-4.988236534562532,2.1594157522579707
2023-05-31,1000,900,0.9,900,-0.012054707136091206,-0.017368037902927454,-7.894919286223335e-18,1.0,-4.661703794537472,2.1830773134339694
2023-06-01,1000,901,0.901,900,-0.013792167242552191,-0.024698097351482238,-1.8926776535230193e-16,1.0000000000000004,-4.847369906409181,2.2503957244101924
2023-06-02,1000,901,0.901,900,-0.02744141261788527,-0.0670100253910191,-3.9430784448396236e-17,1.0000000000000002,-4.872983957367541,2.3678677107608053
2023-06-05,1000,899,0.899,898,-0.02282977011578289,-0.0480391769308893,2.0944808117511295e-16,0.9999999999999992,-4.949101807845951,2.16583796844515
2023-06-06,1000,897,0.897,897,-0.010635133448121625,-0.03126523260012577,-1.3862316472465722e-16,0.999999999999999,-5.04145895138784,2.2393916508229954
2023-06-07,1000,896,0.896,895,-0.01548810883548702,-0.042453369822945286,-7.930164461608261e-17,1.0,-4.758561048725919,2.1410579984372857
2023-06-08,1000,897,0.897,897,-0.017200762309607757,-0.028030252911048645,7.52525751362425e-17,0.9999999999999992,-4.72655625840459,2.493160445772238
2023-06-09,1000,895,0.895,895,-0.030527756941831984,-0.051615656954823445,-1.548109871209157e-16,0.9999999999999997,-4.6975186893558165,2.2890491201526024
2023-06-12,1000,896,0.896,896,-0.06960240028601193,-0.0710487575917576,-2.339398516174437e-16,1.0000000000000002,-5.046409944743053,2.4496548940067537
2023-06-13,1000,898,0.898,898,-0.07947113727443919,-0.0780426674277711,8.703752887929957e-17,0.9999999999999999,-4.948762365368444,2.5974509408290993
2023-06-14,1000,895,0.895,895,-0.11267757640035804,-0.10597700126269799,-1.2305488719867656e-16,1.0000000000000009,-5.014321749306932,2.680870393095485
2023-06-15,1000,896,0.896,896,-0.1218690614337228,-0.1207817125187176,-1.2688263138573217e-16,1.0000000000000004,-4.866247026917621,2.3945044061564684
2023-06-16,1000,898,0.898,898,-0.15074357889732903,-0.13947292475012787,-2.017688169474672e-16,0.9999999999999992,-4.7342740494105895,2.418828559816626
2023-06-19,1000,898,0.898,898,-0.14659797652031736,-0.13923309042257082,-5.934376969043154e-17,0.9999999999999999,-4.844242371149919,2.420207484493431
2023-06-20,1000,898,0.898,898,-0.14779803399028724,-0.1366929146306206,-1.5429380119512197e-16,0.9999999999999982,-4.648425833435889,2.2959921425907632
2023-06-21,1000,900,0.9,900,-0.14964361472885182,-0.09687075333837862,-1.1250259982868254e-16,1.0000000000000004,-4.715159537097679,2.179824886555312
2023-06-26,1000,901,0.901,901,-0.14935639228277386,-0.11630981008023875,-1.5575159857116513e-16,0.9999999999999997,-4.46807113765927,2.172671402613905
2023-06-27,1000,904,0.904,904,-0.14733603348968588,-0.11264360663402186,1.611297133084298e-16,0.9999999999999993,-4.634169167322912,2.1248188557627543
2023-06-28,1000,902,0.902,902,-0.1307691277220311,-0.10626653394232305,-1.0831444142684454e-16,1.0000000000000007,-4.631747077396706,2.1469371006509874
2023-06-29,1000,902,0.902,902,-0.11875030968393767,-0.09405365209458476,-5.5141897453666315e-17,0.9999999999999992,-4.5656687529819555,2.1530841336587754
2023-06-30,1000,906,0.906,906,-0.11173123917729601,-0.08894934474513393,-2.2743641652365236e-16,0.9999999999999999,-4.5447626502260485,2.145345139725973
2023-07-03,1000,907,0.907,906,-0.1073364353216308,-0.07433064772051354,-7.833988266373762e-18,0.9999999999999994,-4.572226632923791,2.3094061959562673
2023-07-04,1000,906,0.906,906,-0.08342638455931166,-0.07724399903679086,1.5293138352452487e-16,1.0,-4.532136527257432,2.092693765524308
2023-07-05,1000,900,0.9,900,-0.08471693145333466,-0.07063228792856609,-7.894919286223336e-17,0.9999999999999998,-4.4843718308820275,2.1004004588482807
2023-07-06,1000,899,0.899,899,-0.07925734609421861,-0.07812609637307226,-1.1855551764629035e-16,1.0000000000000002,-4.342048374415556,2.1180207733772147
2023-07-07,1000,901,0.901,901,-0.05830341755235886,-0.07278280092790883,-1.0252003956583022e-16,0.9999999999999996,-4.39743588574229,2.101873692923707
2023-07-10,1000,900,0.9,900,-0.05204797022917912,-0.08467256152255502,-2.052679014418067e-16,0.9999999999999998,-4.329637490838379,2.0580975078353783
2023-07-11,1000,900,0.9,900,-0.06480161835198897,-0.09401426614959331,5.131697536045168e-17,0.9999999999999999,-4.267525275238497,2.098736105446448
2023-07-12,1000,897,0.897,897,-0.07723406807856693,-0.10055728296870449,1.742691213681405e-16,0.9999999999999996,-4.243832087506183,2.183810265682801
2023-07-13,1000,899,0.899,899,-0.08895623685015641,-0.10872964525872246,2.726776905864678e-16,1.0,-4.4093213673032166,2.101467941223802
2023-07-14,1000,897,0.897,897,-0.09022955959033058,-0.09055963594572815,-1.0297720808117394e-16,0.9999999999999999,-4.321396802678853,2.267204854217759
2023-07-17,1000,897,0.897,897,-0.07530596526039711,-0.08407452169254369,7.52525751362425e-17,1.000000000000001,-4.336828133434102,2.0988408182906095
2023-07-18,1000,897,0.897,897,-0.08043474237199619,-0.08234524059764617,-1.5248548119712294e-16,1.0000000000000002,-4.2772078576900485,2.1426571948480255
2023-07-19,1000,896,0.896,896,-0.0774018034307805,-0.08466426749147654,-1.1102230246251565e-16,1.0000000000000009,-4.515162830431934,2.4641961528824887
2023-07-20,1000,895,0.895,895,-0.05315627074533601,-0.06849800526551722,-1.8458233079801486e-16,1.000000000000001,-4.322458833798668,2.5096984498203616
2023-07-21,1000,897,0.897,897,-0.050447948668958194,-0.10308541036215695,-1.148591936290017e-16,1.0000000000000002,-4.380325250701058,2.4703704628640155
2023-07-24,1000,896,0.896,896,-0.049449205386024896,-0.08600025113644164,2.101493582326189e-16,1.000000000000001,-4.451062816796775,2.499618821684607
2023-07-25,1000,900,0.9,900,-0.027115933583617895,-0.08564391230745201,-9.473903143468003e-17,0.9999999999999999,-4.2194649318257955,2.5172670955674583
2023-07-26,1000,908,0.908,908,-0.004965348235012805,-0.05218377086435682,3.8344266577362237e-16,1.0000000000000004,-3.861020434351205,2.509266411331102
2023-07-27,1000,909,0.909,909,-0.022069431693710534,-0.057364935057314964,9.770939710672445e-17,0.9999999999999989,-3.893600111645257,2.4774133520427104
2023-07-28,1000,911,0.911,911,-0.021960727421123302,-0.06755792971477145,1.0919427333305601e-16,1.0000000000000002,-4.026326743383025,2.4205455187055263
2023-07-31,1000,913,0.913,912,-0.056959877115069474,-0.09702503779831911,-5.4477537243381174e-17,0.9999999999999999,-3.8829716699707477,2.448348348789856
2023-08-01,1000,913,0.913,912,-0.03397672680125176,-0.062108008748005254,3.385389814410116e-16,0.9999999999999988,-3.8400263973350786,2.4812157992977535
2023-08-02,1000,916,0.916,915,-0.029847807670301693,-0.07891378234539943,-1.1635525148909938e-16,1.0000000000000002,-4.1294805536295875,2.4234123594763384
2023-08-03,1000,915,0.915,914,-0.047106416695407466,-0.07749238571508263,-4.659296627935083e-17,1.0000000000000007,-4.269150133972922,2.4504067352290457
2023-08-04,1000,918,0.918,917,-0.08543261921902208,-0.12322998049250275,-1.935029236819445e-16,1.0,-4.512403764499514,2.2511084285028575
2023-08-07,1000,919,0.919,918,-0.07921982959635804,-0.10934743485663438,3.865847310990752e-17,1.0000000000000002,-4.2953243049428105,2.0881721148581236
2023-08-08,1000,919,0.919,918,-0.07472762865760063,-0.09769648122202468,3.0153609025727863e-16,1.0000000000000007,-4.689802175949935,2.207952795220721
2023-08-09,1000,921,0.921,920,-0.0415083645303207,-0.06490501269781795,-6.557669113964009e-17,0.9999999999999997,-5.031672685437374,2.301930943350684
2023-08-10,1000,920,0.92,919,-0.046881865157489294,-0.0738891051055156,-2.9734668833438976e-16,1.0,-4.901787830907853,2.2717806619752876
2023-08-11,1000,915,0.915,914,-0.05122284800038613,-0.06602301088033476,-2.2519933701686235e-16,0.9999999999999992,-5.028591954402736,2.343888415423955
2023-08-14,1000,916,0.916,916,-0.08443154332733727,-0.08094581182955785,2.2495348621225877e-16,1.0000000000000002,-4.94193363301646,2.2890538958870326
2023-08-15,1000,912,0.912,912,-0.07761052270388574,-0.06667146740963345,-2.1814908554038162e-16,1.0,-4.567826962077741,2.348599159712891
2023-08-16,1000,913,0.913,913,-0.09128986136728608,-0.08281337656948529,-3.2297397080004555e-16,0.9999999999999988,-4.5807390089076865,2.41444587728116
2023-08-17,1000,915,0.915,915,-0.0785304888378975,-0.0748472836548059,-1.8248911792745742e-16,1.000000000000001,-4.5807985055625045,2.4583833063633893
2023-08-18,1000,913,0.913,913,-0.051201736364590446,-0.057370265788940215,-7.782505320483025e-18,1.0000000000000002,-4.529799775669203,2.4861693603132533
2023-08-21,1000,913,0.913,913,-0.0764375335530158,-0.08574068756767385,-2.918439495181134e-16,0.9999999999999994,-4.312997663133665,2.4386979551719477
2023-08-22,1000,912,0.912,912,-0.10306960634074899,-0.11320411639137085,2.298356436943307e-16,1.0000000000000007,-4.381772506854343,2.3771333230222864
2023-08-23,1000,912,0.912,912,-0.08730014368192664,-0.09833502411321526,-1.947759692324836e-17,0.9999999999999993,-4.508631913774996,2.4374261028370285
2023-08-24,1000,913,0.913,913,-0.08045876022686299,-0.07915548236223162,-3.8523401336390975e-16,1.0000000000000004,-4.482812622407429,2.4332288004559866
2023-08-25,1000,910,0.91,910,-0.07218022923352962,-0.08398175865497128,-1.6006731959430828e-16,1.0000000000000002,-4.819256458900232,2.3260723923041517
2023-08-28,1000,913,0.913,912,-0.042706946793598426,-0.03550701824399997,-2.9962645483859644e-16,0.999999999999999,-4.6317210932211745,2.334818346087411
2023-08-29,1000,915,0.915,915,-0.055742208224217236,-0.05194329581799037,-2.873232920559968e-16,1.0,-4.844285567512092,2.3322392379285466
2023-08-30,1000,914,0.914,914,-0.00369420600873101,-0.011452714462393222,9.717488180526534e-17,1.0,-4.935674457319553,2.304274531146211
2023-08-31,1000,911,0.911,911,-0.02213351796374316,-0.01311987822503346,-1.5989161452340345e-16,1.0000000000000002,-4.728489144448141,2.4437784023301248
2023-09-01,1000,909,0.909,909,-0.020196897292021412,-0.023898836097149007,-3.126700707415182e-17,1.0000000000000009,-4.8848876819378635,2.5312413314211444
2023-09-04,1000,912,0.912,912,-0.018946178581681378,-0.017180843863778748,-1.1686558153949016e-16,1.0000000000000002,-4.916726309575722,2.6959311579620526
2023-09-05,1000,913,0.913,913,0.002731414680967173,-0.0009052102244274593,-7.782505320483025e-18,0.9999999999999996,-4.944482239902208,2.69989770625305
2023-09-06,1000,915,0.915,915,0.004384820290217251,0.0002950578668848228,-6.988944941902625e-17,1.0000000000000013,-4.9131538082086195,2.6473910440076214
2023-09-07,1000,913,0.913,913,0.01686264388917989,0.011897190758297822,3.8912526602415124e-17,1.0000000000000002,-4.885498426777758,2.6204998849600525
2023-09-08,1000,911,0.911,911,0.010731426092628917,0.004647586002492198,2.339877285708343e-17,1.0000000000000007,-4.897136738513876,2.681666394865
2023-09-11,1000,912,0.912,912,-0.00807489960995788,-0.016502159526982224,8.570142646229278e-17,0.9999999999999999,-4.986899806972698,2.7147532028487595
2023-09-12,1000,912,0.912,912,-0.03170453929466347,-0.03820474211202673,-3.739698609263685e-16,0.9999999999999993,-4.8217775439705255,2.7288328774159116
2023-09-13,1000,911,0.911,911,-0.04204839780801626,-0.030852852659578944,6.239672761888915e-17,0.9999999999999997,-5.024882290901104,2.7968502110178806
2023-09-14,1000,912,0.912,912,-0.049074927711005155,-0.0430828156829289,-1.5971629477063656e-16,1.0000000000000009,-5.071273324870938,2.823274724042019
2023-09-15,1000,913,0.913,913,-0.04710085010074911,-0.05209904013727017,2.3347515961449076e-16,1.0,-4.804064735168056,2.8123535061408993
2023-09-18,1000,912,0.912,912,-0.0583286347731533,-0.05495345496933237,-3.895519384649672e-17,0.9999999999999999,-4.732811804437958,2.8458818687863014
2023-09-19,1000,912,0.912,912,-0.05618448381829549,-0.05427235708754317,4.285071323114639e-17,0.9999999999999998,-4.902621817343736,2.8711569394179812
2023-09-20,1000,912,0.912,912,-0.04865884742578749,-0.035616913563701204,-6.232831015439475e-17,1.0,-5.005544882719477,2.90776891993529
2023-09-21,1000,912,0.912,912,-0.04347372286317315,-0.041800111474852804,1.791938916938849e-16,0.9999999999999994,-4.764696525659276,2.918880274558999
2023-09-22,1000,911,0.911,911,-0.025572577930048763,-0.015483751980306932,2.339877285708343e-17,1.0000000000000007,-4.979549723554052,2.945314534871679
2023-09-25,1000,910,0.91,910,-0.04085313055505424,-0.03801586922281715,7.808161931429672e-18,0.9999999999999999,-4.778403871158341,2.9849595040468984
2023-09-26,1000,910,0.91,910,-0.060842851809820374,-0.0654084852554787,3.1623055822290174e-16,0.9999999999999996,-4.668781527756715,2.989785123162458
2023-09-27,1000,908,0.908,908,-0.10005018573813483,-0.09142225418607339,-7.825360525992294e-18,0.9999999999999997,-3.9489002683482863,3.035755355485419
2023-09-28,1000,908,0.908,908,-0.1090233712891956,-0.07859505695555186,4.303948289295761e-17,0.9999999999999991,-4.218831806148357,3.0266458941825025
2023-10-09,1000,908,0.908,908,-0.15878866856220225,-0.06823769674635674,-1.095550473638921e-16,0.9999999999999999,-4.254833159074153,3.142898269403678
2023-10-10,1000,907,0.907,907,-0.14169849234746235,-0.0650675683380215,4.308693546505569e-16,1.0,-4.267714150690857,3.4966795725076767
2023-10-11,1000,907,0.907,907,-0.14336942835240127,-0.07006481074118344,1.1359282986241955e-16,0.9999999999999999,-4.223111789715807,3.583749049006261
2023-10-12,1000,907,0.907,907,-0.13193618287003028,-0.06739705123366081,-7.833988266373762e-18,1.0000000000000009,-4.363579127020042,3.603147292848899
2023-10-13,1000,908,0.908,908,-0.12566362749000692,-0.09301322721099868,7.825360525992294e-18,1.0000000000000009,-4.428792049759873,3.6669495438350492
2023-10-16,1000,907,0.907,907,-0.11281693778598328,-0.06602957803299639,1.9584970665934404e-16,1.0000000000000004,-4.5213136106868985,3.677130608834851
2023-10-17,1000,909,0.909,909,-0.07783652927416441,-0.02559111612499021,-5.471726237976569e-17,1.0000000000000009,-4.918741050191507,3.651139258971568
2023-10-18,1000,910,0.91,909,-0.06808264283557007,-0.038238374505730865,-1.171224289714451e-16,1.0000000000000007,-4.803956212777422,3.7473247331230892
2023-10-19,1000,908,0.908,907,-0.052571892458262874,-0.03325364712639384,4.695216315595376e-17,1.0000000000000002,-4.909193393514037,3.817355495611161
2023-10-20,1000,908,0.908,907,-0.04957680274281873,-0.029386512437902794,8.607896578591522e-17,0.9999999999999998,-4.928534208527379,3.8730315908781634
2023-10-23,1000,904,0.904,904,-0.06323113368070198,-0.03153325528739684,-5.501990210531749e-17,1.0000000000000007,-4.90375961718779,4.188640794044276
2023-10-24,1000,906,0.906,906,-0.079934053875669,-0.0599756502964491,4.705581031523842e-17,1.0,-4.853416572620239,4.2661165995178685
2023-10-25,1000,910,0.91,910,-0.07664698318199267,-0.06178999714200438,1.952040482857418e-16,0.9999999999999999,-4.75409624191622,4.054190034237602
2023-10-26,1000,909,0.909,909,-0.06535152244546928,-0.04034179109292346,3.830208366583598e-16,0.9999999999999999,-4.876589674335291,4.166277739602031
2023-10-27,1000,913,0.913,913,-0.07748660430017944,-0.06478622078189747,4.513853085880155e-16,0.9999999999999993,-4.848662906908055,4.227450907929798
2023-10-30,1000,912,0.912,912,-0.13062756718440047,-0.09646696435570039,6.232831015439475e-17,1.0000000000000007,-4.763827132072198,4.151362243850812
2023-10-31,1000,913,0.913,913,-0.11189527120328462,-0.09164846073946546,-9.33900638457963e-17,1.0,-4.8524412776327415,3.926554563412712
2023-11-01,1000,913,0.913,912,-0.08416134292535431,-0.08821094997319606,-8.560755852531328e-17,1.0,-4.643681257637523,3.979645815217745
2023-11-02,1000,914,0.914,913,-0.10516080864895544,-0.08692194718843535,-1.6325380143284578e-16,0.9999999999999997,-4.5448533950106595,3.8633291563420546
2023-11-03,1000,912,0.912,910,-0.10879491841162306,-0.07826245090816843,-6.232831015439475e-17,1.0000000000000002,-4.620615909606545,3.8022004622920953
2023-11-06,1000,912,0.912,910,-0.12101850741850577,-0.08092968627663587,-1.5582077538598687e-17,0.9999999999999994,-4.570118425884297,3.7466327980706122
2023-11-07,1000,913,0.913,911,-0.15581214503247517,-0.1289673402438883,-3.11300212819321e-17,1.0,-4.383288060956037,3.5622578780708745
2023-11-08,1000,913,0.913,911,-0.17258843184231074,-0.14062518556560957,6.22600425638642e-17,0.9999999999999998,-4.441461879228076,3.446674553948836
2023-11-09,1000,912,0.912,911,-0.1365337494235855,-0.09232831468404623,1.8698493046318425e-16,1.0000000000000007,-4.539091022899755,3.572029733656434
2023-11-10,1000,911,0.911,910,-0.1419900765902357,-0.09202860882780546,0.0,0.9999999999999986,-4.510565829939587,3.5317539113801657
2023-11-13,1000,912,0.912,911,-0.14583916767252092,-0.10804816132040691,1.0907454277019081e-16,0.9999999999999999,-4.454872617082486,3.6183777611344485
2023-11-14,1000,913,0.913,913,-0.17011166289733043,-0.14340798832904955,-1.4008509576869446e-16,1.0000000000000009,-4.372390485224113,3.584302906402098
2023-11-15,1000,915,0.915,914,-0.17041261233782587,-0.1360449116388917,7.765494379891805e-17,0.9999999999999998,-4.201317440364798,3.581111675736462
2023-11-16,1000,914,0.914,914,-0.1830991699910173,-0.1595391898713254,-6.996591489979105e-17,1.0000000000000007,-4.174719805323273,3.5814380065386233
2023-11-17,1000,914,0.914,913,-0.17094438678114446,-0.1474996519665659,2.332197163326368e-16,1.0000000000000007,-4.141543870652773,3.619775592262993
2023-11-20,1000,912,0.912,911,-0.16788353429518502,-0.17617289830439636,2.415222018482797e-16,1.0000000000000004,-4.086781525897469,3.5709645273651183
2023-11-21,1000,914,0.914,913,-0.14286878495704716,-0.16271970947244074,-6.219192435536982e-17,1.0000000000000002,-4.577532643127164,3.224051408666003
2023-11-22,1000,914,0.914,914,-0.15293482933775956,-0.17268671140578917,1.6325380143284578e-16,1.0000000000000007,-4.583924126700099,3.1927446990149293
2023-11-23,1000,914,0.914,914,-0.1338158340311949,-0.15687942259259705,-2.4876769742147927e-16,0.9999999999999997,-4.46387525200653,3.124055425952837
2023-11-24,1000,914,0.914,914,-0.12460590090868683,-0.17261585008229968,4.664394326652736e-17,1.0000000000000004,-4.4854748516798555,2.8281816935306923
2023-11-27,1000,913,0.913,913,-0.1004238094136767,-0.1606517245307382,-3.2686522346028703e-16,0.9999999999999999,-4.767187685816792,2.984098629123531
2023-11-28,1000,914,0.914,914,-0.0903708850969026,-0.14667097495762657,-6.219192435536982e-17,1.0000000000000009,-4.631982477412524,3.043317674275017
2023-11-29,1000,914,0.914,913,-0.09053225483769331,-0.13154224847342363,-1.0883586762189718e-16,1.0000000000000002,-4.404108560036542,2.96785793819056
2023-11-30,1000,912,0.912,912,-0.0763534229854087,-0.13691239232725558,-9.349246523159212e-17,1.0000000000000002,-4.574770828702976,3.0983289670342065
2023-12-01,1000,913,0.913,912,-0.1099291716682406,-0.16538787802343094,9.33900638457963e-17,0.9999999999999998,-4.089709228369144,3.0069026165218884
2023-12-04,1000,913,0.913,913,-0.1349749634013223,-0.18830914942246144,1.245200851277284e-16,1.0000000000000002,-4.654035192471408,2.688914322231653
2023-12-05,1000,913,0.913,912,-0.08551573228882085,-0.1570676405000863,1.1673757980724538e-16,1.000000000000001,-4.767386720734227,2.7075076498770265
2023-12-06,1000,912,0.912,912,-0.09088298285107642,-0.1447940940416774,1.4802973661668753e-16,0.9999999999999998,-4.63558084065496,2.7074600884518962
2023-12-07,1000,912,0.912,912,-0.08828600094840022,-0.14381495346479672,-4.674623261579606e-17,0.9999999999999996,-4.564181034553729,2.721501412311435
2023-12-08,1000,909,0.909,909,-0.09756900417075187,-0.13971652875501495,7.816751768537956e-17,1.0000000000000004,-4.614864633780072,2.7882527023682586
2023-12-11,1000,909,0.909,909,-0.09780306650134946,-0.13346822078251014,-3.126700707415182e-17,1.0,-4.547209477292634,2.8493305988400945
2023-12-12,1000,910,0.91,910,-0.10752159530041239,-0.13944279667025639,-1.0931426704001542e-16,1.0000000000000004,-4.56130964855938,2.899447345894094
2023-12-13,1000,910,0.91,909,-0.06347988630126299,-0.10910323810640667,-1.8739588635431214e-16,1.0000000000000007,-4.440955821297795,2.9426879342159116
2023-12-14,1000,910,0.91,910,-0.06565343533071867,-0.09107588567659088,-1.6397140056002313e-16,0.9999999999999996,-4.44533624945051,2.8215615657548603
2023-12-15,1000,911,0.911,910,-0.061368189629919016,-0.08331545841963853,-1.247934552377783e-16,0.9999999999999996,-4.329196994389887,2.842340750086871
2023-12-18,1000,906,0.906,906,-0.07419801200311314,-0.0893504172052027,5.4898445367778163e-17,1.0000000000000007,-4.837201769994509,2.927299383801905
2023-12-19,1000,906,0.906,906,-0.06391468378041477,-0.0957325441385101,-2.1959378147111265e-16,1.0000000000000002,-4.823942798836068,2.992208239587375
2023-12-20,1000,903,0.903,903,-0.014567772691777486,-0.039027732846138294,-1.5737380636990039e-16,0.9999999999999996,-4.629755761792274,3.0681169248384315
2023-12-21,1000,904,0.904,904,-0.059300508973901864,-0.06261632521159982,-1.964996503761339e-16,0.999999999999999,-4.504693037571266,3.221329676065503
2023-12-22,1000,905,0.905,905,-0.0719358951857061,-0.07667712113945752,9.4215611371505e-17,0.9999999999999993,-4.262936511418145,3.2841711881664555
2023-12-25,1000,904,0.904,904,-0.05458107728274447,-0.050273368219274334,-1.257597762407257e-16,0.9999999999999996,-4.313604074955574,3.187600725351546
2023-12-26,1000,900,0.9,900,-0.06243383241995592,-0.06307335384806381,4.7369515717340015e-17,0.9999999999999994,-4.292215389145628,3.197348641537812
2023-12-27,1000,902,0.902,902,-0.06016657219441868,-0.06952101995557836,-1.4179345059514194e-16,1.0000000000000002,-4.332153854033943,3.296980233742327
2023-12-28,1000,907,0.907,907,-0.05474829797764918,-0.05458622157662372,5.483791786461633e-17,0.9999999999999999,-4.421339976795117,3.260964103267468
2023-12-29,1000,906,0.906,905,-0.04639831314303595,-0.054959408045838765,2.744922268388908e-16,1.0000000000000002,-4.32832623967963,3.208274256504352
2024-01-02,1000,907,0.907,906,-0.034444017633858494,-0.05351482504279844,5.875491199780322e-17,1.0,-4.368822540936232,3.189155573576634
2024-01-03,1000,907,0.907,906,-0.027950034034032293,-0.061001367417252955,2.1151768319209157e-16,1.0,-4.239839498197758,3.155562908561873
2024-01-04,1000,905,0.905,903,0.004226916765100638,-0.037858789014665356,0.0,1.0000000000000007,-4.273705980281505,3.0538480305858027
2024-01-05,1000,904,0.904,902,0.030299346628858234,-0.007034832740789612,-1.964996503761339e-17,1.0000000000000002,-4.240028492875931,3.0298516811898217
2024-01-08,1000,903,0.903,903,0.011783189050229067,-0.025145539314346703,-1.8491422248463295e-16,1.0000000000000002,-4.13666694587856,2.910307398251705
2024-01-09,1000,901,0.901,901,0.049486414253941326,-0.006664084279013839,5.126001978291511e-17,0.999999999999999,-4.373524308492257,3.031412462164093
2024-01-10,1000,901,0.901,901,0.0934031253583651,0.024345003967608476,1.813816084626227e-16,1.0000000000000002,-4.7720541306264135,2.9297179671944744
2024-01-11,1000,905,0.905,904,0.07057476217899446,0.0014196554644376198,-2.747955331668896e-17,1.0,-4.944545639069586,2.8599039275901865
2024-01-12,1000,903,0.903,903,0.07907004792502692,0.007568573196910016,6.294952254796015e-17,1.0000000000000002,-4.832398370050187,2.926926326222687
2024-01-15,1000,903,0.903,903,0.0895599395628709,0.016615231640393652,-9.442428382194023e-17,0.9999999999999988,-4.836414505960221,3.042016092110926
2024-01-16,1000,901,0.901,901,0.09016437437041902,0.018843413853568417,7.886156889679247e-18,0.9999999999999999,-4.628028574933785,3.090536589730844
2024-01-17,1000,898,0.898,898,0.10749431252239436,0.04507128117780585,6.72562723158224e-17,1.0000000000000004,-4.578706644317408,3.323382309085651
2024-01-18,1000,899,0.899,899,0.07799826039898428,0.025871460401143683,-1.1065181646987099e-16,1.0000000000000002,-4.788856610915163,3.337736897596715
2024-01-19,1000,897,0.897,897,0.08709042576882259,0.044474597593865114,-2.1783640171017564e-16,1.0000000000000009,-4.5965918892508,3.3660580440046615
2024-01-22,1000,892,0.892,892,0.0987378238900149,0.06352587923683763,-7.567439450359811e-17,1.0,-4.652587094835226,3.3491498652241227
2024-01-23,1000,893,0.893,893,0.07365647200751832,0.016294935541071292,-3.978402775812431e-18,1.0,-4.600350098277008,3.232610689941345
2024-01-24,1000,901,0.901,901,0.12134044593355152,0.05495297692046566,1.7349545157294345e-16,1.0000000000000002,-5.605211363194197,3.2270834786371925
2024-01-25,1000,908,0.908,908,0.1465175431805218,0.06800112577888462,1.8780865262381503e-16,0.9999999999999994,-5.646839729645122,3.2012249575647105
2024-01-26,1000,908,0.908,908,0.143626230815258,0.09056523431723146,-2.973636999877071e-16,0.9999999999999996,-5.5448550747567396,3.0964421984932398
2024-01-29,1000,904,0.904,903,0.15578801474956896,0.10934784972794105,1.414797482708164e-16,1.0000000000000002,-5.591012703219776,3.0037271945121997
2024-01-30,1000,899,0.899,899,0.1825137780904326,0.14718981783099608,-4.4260726587948397e-16,0.9999999999999996,-4.675126284976976,2.945637298152362
2024-01-31,1000,887,0.887,887,0.16459084977545832,0.12498044996525895,5.407174144735824e-17,0.9999999999999993,-4.596144311667436,2.7996884086021323
2024-02-01,1000,887,0.887,886,0.13999768868061266,0.11823841806862201,2.2029227997071876e-17,1.0000000000000007,-4.4294868589466585,2.75259600826578
2024-02-02,1000,883,0.883,883,0.11358006090635676,0.12858809460353612,-5.854131826336046e-16,1.0,-4.480423413987863,2.704937537183431
2024-02-05,1000,874,0.874,874,0.05517192154967349,0.10613538825160342,-5.4876012201151904e-17,1.0000000000000004,-4.3181665793664825,2.5910501104006296
2024-02-06,1000,880,0.88,880,0.014703644247622834,0.049638577993212134,2.62416351275037e-17,0.9999999999999994,-4.434536563187612,2.6200740831354716
2024-02-07,1000,878,0.878,878,-0.04782009985686166,0.003838949212114807,-4.046370932574603e-17,1.0000000000000004,-4.368765773377945,2.7684515256579236
2024-02-08,1000,888,0.888,887,-0.013505947676153424,0.01446727958851328,4.400884061577197e-17,1.0000000000000004,-4.6200406596093515,2.796876677083587
2024-02-19,1000,890,0.89,889,-0.014792651825307562,0.04130855022257245,-1.476970855231669e-16,0.9999999999999997,-4.868484670902157,2.813240212254023
2024-02-20,1000,893,0.893,891,-0.05812745090056895,0.019029050347999198,-5.052571525281788e-16,0.9999999999999993,-4.703191967145022,2.627558672677108
2024-02-21,1000,893,0.893,891,-0.08550751773029361,0.016477892349689566,1.8101732629946562e-16,1.0000000000000007,-4.87565990193263,2.667635294084435
2024-02-22,1000,895,0.895,893,-0.09284741012294628,-0.010049245950153848,3.969512490279889e-18,1.0,-4.888652772075502,2.8110053479459167
2024-02-23,1000,895,0.895,893,-0.05063058630340121,-0.001783744884451851,-3.969512490279889e-18,0.9999999999999997,-4.81034934626189,2.8181358550632223
2024-02-26,1000,896,0.896,895,-0.055179138354130755,-0.031511190386609794,-7.930164461608261e-17,1.0,-5.240226758069828,2.84066034140413
2024-02-27,1000,897,0.897,897,-0.08720444300641879,-0.06448374298341353,-1.8615110691596828e-16,0.9999999999999994,-5.30026039025044,2.8850408577504454
2024-02-28,1000,895,0.895,895,-0.1814081449945384,-0.12384371727325302,-9.526829976671734e-17,0.9999999999999997,-5.191133886609367,2.964339950246996
2024-02-29,1000,896,0.896,896,-0.18802716973390565,-0.14443507289101212,-2.7755575615628914e-16,1.000000000000001,-5.059102569168054,3.0161829242075853
2024-03-01,1000,896,0.896,896,-0.18282019723955306,-0.12957738661654433,2.5376526277146434e-16,1.0000000000000004,-5.063182461546486,3.042750419025231
2024-03-04,1000,895,0.895,895,-0.22127765140854433,-0.13529826863662603,1.3496342466951624e-16,1.0000000000000004,-5.2327870762167645,3.1164529479477046
2024-03-05,1000,896,0.896,896,-0.22727370177829495,-0.1161478896875538,2.3790493384824782e-17,1.0000000000000002,-5.212608890866597,3.1191282173883064
2024-03-06,1000,895,0.895,895,-0.19643574512593598,-0.12151598047596876,1.1908537470839668e-16,1.0000000000000002,-5.382453063962482,3.222886940984117
2024-03-07,1000,894,0.894,894,-0.15696989690038518,-0.1030643066430067,5.563533725190941e-17,1.0000000000000002,-5.386340263679645,3.2764203723686243
2024-03-08,1000,893,0.893,893,-0.18648116948216326,-0.09792106296318544,2.58596180427808e-16,0.9999999999999999,-5.227159308537161,3.211671592837349
2024-03-11,1000,896,0.896,896,-0.1563629292491719,-0.11816992603983387,1.8635886484779414e-16,1.0000000000000002,-4.91821969717623,3.278610539527143
2024-03-12,1000,899,0.899,899,-0.10964468409316598,-0.11228925714477066,-3.121961964685646e-16,0.9999999999999998,-5.109683751853949,3.3767121713978323
2024-03-13,1000,898,0.898,898,-0.09027715854273763,-0.11032784140953979,5.5387518377736097e-17,1.0000000000000002,-5.319239357488388,3.297221982481425
2024-03-14,1000,897,0.897,896,-0.023245881924744805,-0.06566215300799305,-1.2674117917682946e-16,0.9999999999999991,-5.2113731790593745,3.2653984983943074
2024-03-15,1000,901,0.901,901,0.005701820745170428,-0.05163413837696431,1.0252003956583022e-16,0.9999999999999994,-5.32378009730372,3.353731301890676
2024-03-18,1000,902,0.902,902,-0.008860926993463004,-0.05607233859019584,-2.5207724550247457e-16,1.0000000000000009,-5.126533821929256,3.3871848129300557
2024-03-19,1000,900,0.9,899,0.024132908714594833,-0.02950377949849234,-1.5395092608135505e-16,0.9999999999999991,-5.34583055232912,3.4512051208174355
2024-03-20,1000,900,0.9,900,0.044081953833318435,-0.01779491930806811,-1.223712489364617e-16,1.0000000000000002,-5.357885717571048,3.4023050395070458
2024-03-21,1000,902,0.902,902,0.05165978427693614,-0.014437234896723676,5.5141897453666315e-17,0.9999999999999992,-5.265873766573855,3.409393142489703
2024-03-22,1000,899,0.899,899,0.008275572759557698,-0.04141692085147935,1.659777247048065e-16,0.9999999999999996,-5.143787514881567,3.3172601380936904
2024-03-25,1000,898,0.898,897,0.00483303022952801,-0.04375133732732076,-1.9979069129111949e-16,0.9999999999999998,-4.69829978957489,3.263553395660676
2024-03-26,1000,899,0.899,898,-0.009205317839209772,-0.06346000922275925,9.879626470524196e-18,1.0000000000000002,-4.684996773769759,3.2751873213865608
2024-03-27,1000,891,0.891,891,0.037001483238961956,0.007475911291565286,-3.2297397080004555e-16,1.0000000000000007,-4.766778746079241,3.2263782117480106
2024-03-28,1000,896,0.896,889,-0.005063154058291173,-0.0133422484048743,-1.249000902703301e-16,1.0000000000000002,-4.121216317354919,3.0989894655367753
2024-03-29,1000,896,0.896,895,-0.015239148441930143,-0.02470980740777341,-2.4781763942525816e-16,1.0000000000000004,-3.991645678800581,3.0002212433993423
2024-04-01,1000,900,0.9,899,-0.02797316544526326,-0.0345787011567159,-1.7960941376158088e-16,1.000000000000001,-4.024262578565434,2.7819770256388296
2024-04-02,1000,902,0.902,901,-0.032191963744759994,-0.039767243390517494,4.9233837012202066e-17,1.0000000000000002,-3.792387116697724,2.9392040552469987
2024-04-03,1000,904,0.904,903,-0.05268391461343541,-0.05745279176714895,-7.270487063916955e-17,0.9999999999999997,-4.248829697714546,2.848740918763018
2024-04-08,1000,897,0.897,896,-0.05775490947144085,-0.04047036631264615,2.8714798407250425e-16,0.9999999999999997,-4.17041375278029,2.93372695149343
2024-04-09,1000,901,0.901,899,-0.0332729415196034,-0.04149476675165113,2.0898315757650005e-16,1.0000000000000007,-4.310432267442022,2.8503405943117
2024-04-10,1000,900,0.9,899,0.002029040059522838,-0.010232668876851762,1.736882242969134e-16,1.0,-4.240756630698218,2.805805619553809
2024-04-11,1000,902,0.902,901,-0.011231797062470126,-0.01002619291486147,6.498866485610672e-17,0.9999999999999998,-4.3362015797800115,2.7404398023954677
2024-04-12,1000,898,0.898,897,-0.02969376829019616,-0.02456084588922712,3.2342354481285186e-16,0.9999999999999999,-4.3480404503702035,2.7439510656431247
2024-04-15,1000,896,0.896,896,-0.08652338641895188,-0.0668759584205064,2.3790493384824782e-17,1.0,-4.344674178683152,2.791973268566901
2024-04-16,1000,886,0.886,884,-0.11011827646745795,-0.05540008648503558,2.8670319191223007e-16,1.0000000000000002,-4.13484456421725,3.1461891233464874
2024-04-17,1000,896,0.896,895,-0.04614940204191859,-0.025072402263770017,2.577303450022685e-17,0.9999999999999997,-4.127773479415804,3.0523394430914084
2024-04-18,1000,896,0.896,896,-0.05168426879269634,-0.036679013720996516,1.4076041919354663e-16,0.9999999999999997,-4.064188607118915,3.006604596139426
2024-04-19,1000,892,0.892,892,-0.052638658986573855,-0.04530741411902325,2.519160764396095e-16,1.0,-4.230402913397106,3.006670163941278
2024-04-22,1000,889,0.889,889,-0.05134921829432998,-0.0647804385241038,-1.5985213402926887e-16,0.9999999999999989,-4.36811856869142,2.947393432325232
2024-04-23,1000,890,0.89,890,-0.01939034291374827,-0.036666987971995815,1.9060907658733026e-16,0.9999999999999992,-4.238731932880783,3.0997247684346636
2024-04-24,1000,891,0.891,890,-0.006655408557340056,-0.031571506180413926,1.046674905370518e-16,1.0000000000000002,-4.090328618249571,3.1116511210441686
2024-04-25,1000,891,0.891,890,-0.00849039857509414,-0.038115755662833,-8.971499188890154e-17,0.9999999999999993,-3.9600348098988274,3.121525735930333
2024-04-26,1000,901,0.901,901,-0.03337321504004624,-0.06868302831548401,2.661577950266746e-16,0.9999999999999998,-4.074146192989821,3.1296530315586626
2024-04-29,1000,904,0.904,899,-0.03523562121222921,-0.04206129474185404,-9.824982518806695e-18,1.0000000000000002,-3.88385314083375,2.9858106233155106
2024-04-30,1000,897,0.897,897,-0.02735110757064,-0.041082197860990356,-1.3862316472465722e-16,0.9999999999999991,-4.251100345103238,2.8573530565821614
2024-05-06,1000,904,0.904,904,0.0311681300806257,-0.021625655556640637,-7.761736189857289e-17,0.9999999999999999,-4.227152467588384,2.881954602715921
2024-05-07,1000,903,0.903,903,0.1142726533109236,0.039131004784442196,-1.652424966883954e-16,1.0000000000000002,-4.226645198649978,2.8891666415397013
2024-05-08,1000,902,0.902,902,0.12613867911358745,0.057265477164276664,4.923383701220207e-18,1.0000000000000002,-4.116296208830243,2.906730345663458
2024-05-09,1000,902,0.902,902,0.14424647599400456,0.060568909605586196,-1.5951763191953468e-16,1.0000000000000004,-4.156322892092033,2.927767283470865
2024-05-10,1000,903,0.903,902,0.10899162705118169,0.04491310517027609,-4.7212141910970113e-17,0.9999999999999994,-4.299690887906485,3.0201791873094486
2024-05-13,1000,900,0.9,900,0.08211294332178906,0.041191507982861766,9.079157179156836e-17,0.9999999999999996,-4.435347825836346,3.140589188848304
2024-05-14,1000,901,0.901,901,0.06342913037130457,0.02467877225791864,-3.943078444839624e-18,1.0,-4.644628434735901,3.134009752765568
2024-05-15,1000,901,0.901,901,0.05800581295425173,0.0002563547288606596,-2.641862558042548e-16,1.0000000000000004,-4.753511590288965,3.141457951247517
2024-05-16,1000,901,0.901,901,0.10089473070574026,0.02924440540831451,-3.1150319714233027e-16,1.0000000000000002,-4.735412651118027,3.2040203227836295
2024-05-17,1000,906,0.906,904,0.11283157654531428,0.048173439892796266,-1.3724611341944541e-17,1.000000000000001,-4.562681336829263,2.9631122862288692
2024-05-20,1000,901,0.901,901,0.08545399351669931,0.03821082461723013,2.7601549113877367e-17,0.9999999999999997,-4.825811604993551,3.146729108974548
2024-05-21,1000,901,0.901,901,0.05515301165188727,0.0056396481762468415,1.0252003956583022e-16,0.9999999999999989,-5.045680929961966,3.1869271168265367
2024-05-22,1000,902,0.902,902,0.03924784251168985,-0.009606672790367884,-1.5754827843904662e-16,0.9999999999999998,-5.0281959370221,3.0884193524982004
2024-05-23,1000,896,0.896,896,0.061446464807575145,0.0191463982226369,2.260096871558354e-16,1.0000000000000007,-4.732256777047681,3.341239302398831
2024-05-24,1000,896,0.896,896,0.06887889301142762,0.012210928039564512,-1.030921380009074e-16,1.0,-5.141208537941076,3.2023620408893163
2024-05-27,1000,897,0.897,897,0.05920492233832179,0.011119355614664178,-1.544658121217609e-16,1.0000000000000002,-5.225470103089049,3.101195065903365
2024-05-28,1000,895,0.895,895,0.049402844899790306,0.008150037260198162,-3.969512490279889e-18,0.9999999999999998,-5.056779151647131,3.149343451597855
2024-05-29,1000,894,0.894,894,0.03820567489634439,-0.019421281494903343,-2.8811156791167374e-16,0.9999999999999994,-5.054121527660764,3.2922731063396085
2024-05-30,1000,892,0.892,892,0.03547413936904138,-0.016167894097929524,-2.788004008027299e-17,0.9999999999999994,-4.820675853057634,3.2620416607777005
2024-05-31,1000,889,0.889,889,0.05094264551201489,0.015754530400704517,-4.9953791884146526e-17,1.000000000000001,-4.524178476580331,3.239255897725246
2024-06-03,1000,887,0.887,887,-0.04337002810326633,-0.08217051842221118,2.1628696578943297e-16,0.9999999999999996,-4.6307052374703295,3.2824027433223963
2024-06-04,1000,883,0.883,883,-0.10218546782857409,-0.15022339757597783,-8.851608259752098e-17,0.9999999999999991,-4.57745953654326,3.143420849064293
2024-06-05,1000,881,0.881,881,-0.10456476594377205,-0.1548737281087374,2.580858972113871e-16,1.0000000000000004,-4.445098370934253,3.3649489113370565
2024-06-06,1000,880,0.88,879,-0.16350382395309063,-0.20245256547342813,-1.4836616783627093e-16,1.0,-4.3363572765468295,3.0577930079517364
2024-06-07,1000,882,0.882,881,-0.1113049030543135,-0.16362954654096246,3.9474596431116675e-16,1.0000000000000009,-4.077042015982747,3.3383959098250715
2024-06-11,1000,878,0.878,878,-0.08272244998064333,-0.13551911898845093,-1.3150705530867457e-16,1.0000000000000007,-4.0573596930876406,3.324177471997712
2024-06-12,1000,879,0.879,879,-0.05269537967812197,-0.1220404123146438,4.648032685575172e-16,0.9999999999999999,-4.306893068595589,3.2688763173773756
2024-06-13,1000,875,0.875,875,-0.07363523501821997,-0.14768962601632246,-1.2586757033464631e-16,0.9999999999999988,-4.3483072866506,3.038961281348707
2024-06-14,1000,877,0.877,877,-0.10985339728245302,-0.1838789170325332,-1.2152954431472638e-16,0.9999999999999994,-4.370259661110416,3.0782640072927085
2024-06-17,1000,875,0.875,875,-0.12384213662361308,-0.1981225800830825,-3.248195363474744e-17,0.9999999999999996,-4.478075408780522,3.1079724949128154
2024-06-18,1000,876,0.876,876,-0.1086491792654454,-0.18154541336456748,-3.852828761256251e-17,0.9999999999999992,-4.342154914918317,3.0754357579640113
2024-06-19,1000,874,0.874,874,-0.11431513529308751,-0.17049081767839958,6.198956933833826e-17,0.9999999999999993,-4.419558329242139,3.0458489879213033
2024-06-20,1000,874,0.874,874,-0.07297165497466811,-0.1308816675722925,9.806546624835479e-17,1.0000000000000002,-4.2268075434990795,3.032141063189728
2024-06-21,1000,875,0.875,875,-0.0996094971474626,-0.17299709306396788,-8.628018934229787e-18,0.9999999999999999,-4.156289717964583,3.045279165018463
2024-06-24,1000,869,0.869,869,-0.10996596765536833,-0.156312858957876,6.234624119874297e-17,1.0000000000000004,-4.140087784773116,2.8097785396685495
2024-06-25,1000,869,0.869,869,-0.13084459847553595,-0.17638289775169716,4.9059337336715775e-17,0.9999999999999994,-4.0270273955898785,2.8744932957507907
2024-06-26,1000,872,0.872,872,-0.11960834386885154,-0.15734703767779265,-1.120408556961167e-16,1.0000000000000002,-4.045681511045687,2.71251480376395
2024-06-27,1000,871,0.871,871,-0.11343037185347078,-0.14002499372578064,1.0809059987165703e-16,0.9999999999999993,-3.962603937562408,2.744161217352748
2024-06-28,1000,869,0.869,869,-0.09241223456468393,-0.14741308693822727,2.8413532874181224e-16,1.0000000000000004,-3.867155838761003,2.7485929881745226
2024-07-01,1000,870,0.87,870,-0.13450905070693167,-0.193092999043994,-5.104473676437501e-17,1.0000000000000002,-3.8904712047979104,2.773846235474954
2024-07-02,1000,870,0.87,869,-0.0972463201088117,-0.12089101431761462,9.392231564645002e-17,1.0,-3.7828866872427316,2.759729638124313
2024-07-03,1000,869,0.869,867,-0.014329625666846176,-0.0523205860626547,2.1872287895952452e-16,1.0000000000000009,-3.7130693393882113,2.7792511923123158
2024-07-04,1000,864,0.864,862,-0.026445195698398056,-0.055806881706797686,1.2747005097548094e-16,0.9999999999999993,-3.8189469528546542,2.6672967891364894
2024-07-05,1000,862,0.862,860,-0.05170293822666016,-0.06528453960653176,-2.2874200600165636e-16,0.9999999999999997,-3.791807286699864,2.8231570567106496
2024-07-08,1000,854,0.854,853,-0.02671385417300378,-0.05553567772522784,1.2064250197331913e-16,0.9999999999999993,-3.9245181261031172,2.7170889915729797
2024-07-09,1000,852,0.852,851,-0.06914507348769179,-0.07178263647833501,1.167558485990775e-16,0.9999999999999987,-3.8997388509948485,2.458112093948882
2024-07-10,1000,848,0.848,847,-0.09734708952501116,-0.09866454061827883,-6.28428127146315e-17,1.0000000000000004,-3.996573073833063,2.4422318758978343
2024-07-11,1000,856,0.856,855,-0.08541553062725951,-0.0900185447179878,-2.6977381906779505e-17,0.9999999999999997,-4.033008688415574,2.464372163048047
2024-07-12,1000,858,0.858,857,-0.07540425115186304,-0.07771520579686608,-2.2359736440003155e-16,1.0000000000000009,-4.008135975670439,2.4534661488523004
2024-07-15,1000,855,0.855,854,-0.09607910569370115,-0.08502984523971938,-3.32417654156772e-17,0.9999999999999988,-4.765623025717722,2.6780153683270402
2024-07-16,1000,853,0.853,852,-0.09388869288980908,-0.0823540062157948,4.1649632811260266e-18,0.9999999999999994,-4.795576494220627,3.029093182669885
2024-07-17,1000,854,0.854,854,-0.11939421240450938,-0.09865768324671638,5.40811215742465e-17,0.9999999999999996,-4.649644863756315,2.8078066186453863
2024-07-18,1000,853,0.853,853,-0.13630079385098332,-0.1362094127640307,-4.4356858943992186e-16,0.9999999999999993,-4.996930221298596,2.856760138087681
2024-07-19,1000,851,0.851,851,-0.16414691396477454,-0.1315865499863164,-3.2145587928042135e-16,0.9999999999999989,-4.877003401508923,2.891744958217973
2024-07-22,1000,847,0.847,847,-0.15682876057987913,-0.14826916407949267,-7.340317518182853e-17,1.0000000000000007,-5.205432488580622,2.9016671638602216
2024-07-23,1000,844,0.844,844,-0.12811422566599678,-0.13002206373697342,-2.483532074043004e-16,1.0000000000000004,-5.18307529338134,2.8597575093604846
2024-07-24,1000,838,0.838,837,-0.13117200892163683,-0.14043876898942959,-1.9501769597234254e-16,1.0000000000000002,-4.998312234091228,2.9392700598972668
2024-07-25,1000,841,0.841,840,-0.14139601940970506,-0.1633459650413027,2.9993183257412077e-16,1.0000000000000004,-4.787685342300541,2.9204321513988623
2024-07-26,1000,845,0.845,844,-0.13480418280611797,-0.1656347660004774,2.1021974430772194e-17,1.0000000000000007,-4.494355574600022,3.032910865650785
2024-07-29,1000,843,0.843,842,-0.16733313902080263,-0.1834671461414013,-4.635806698316193e-17,1.000000000000001,-4.9625603313248865,3.0486587456169345
2024-07-30,1000,841,0.841,839,-0.14580426353224785,-0.18743920101747613,-1.1194638821428452e-16,1.0,-4.883861361250584,3.31981020516611
2024-07-31,1000,847,0.847,844,-0.2024302047220125,-0.2487355502136793,2.3069569342860397e-17,1.0,-4.738486602870328,3.2841812360483043
2024-08-01,1000,844,0.844,843,-0.18000992646156497,-0.2431151039361425,2.7360946578439876e-17,1.0000000000000002,-4.940781742166019,3.316097798690233
2024-08-02,1000,847,0.847,846,-0.14402811930415466,-0.20019880440395682,1.0695891240780728e-16,1.0000000000000007,-4.553021403212268,3.3110104785761814
2024-08-05,1000,849,0.849,846,-0.20746966345217446,-0.22782391127216453,-7.427640494547572e-17,1.0,-4.201759136242225,3.3812337986920498
2024-08-06,1000,846,0.846,843,-0.17971621508831598,-0.18789293338398533,2.0787154503619953e-16,1.0000000000000018,-4.507798687982724,3.360063844277193
2024-08-07,1000,848,0.848,846,-0.16315255962208577,-0.18691093350344473,1.6967559432950507e-16,0.9999999999999999,-4.20330051035584,3.2684267681589985
2024-08-08,1000,846,0.846,842,-0.1461030383805843,-0.1625425312388762,2.0997125761232276e-16,1.000000000000001,-4.078116385065639,3.3998763329050297
2024-08-09,1000,845,0.845,841,-0.13731385370007496,-0.16652677029151114,1.6397140056002313e-16,0.9999999999999997,-4.124024772152705,3.3304784471172084
2024-08-12,1000,847,0.847,843,-0.1510348369206923,-0.14976340423953313,1.4680635036365707e-17,0.9999999999999998,-4.051249199443872,3.054218888965003
2024-08-13,1000,847,0.847,843,-0.18112335736631355,-0.18236714698848905,3.2507120437666923e-16,1.0000000000000002,-4.095589482334597,2.716029507151201
2024-08-14,1000,850,0.85,846,-0.1316339210997368,-0.13941314811596298,-1.4419837872778504e-16,0.9999999999999992,-4.029572465763812,2.6989184791618137
2024-08-15,1000,850,0.85,846,-0.16471072974967832,-0.1727895986648832,1.6927635763696504e-16,0.9999999999999996,-4.044815092816232,2.708461770259777
2024-08-16,1000,852,0.852,848,-0.1523267466694115,-0.17452928542256113,0.0,0.9999999999999997,-3.995638103944763,2.64031470208021
2024-08-19,1000,853,0.853,851,-0.13199792229662555,-0.1395991785968255,-1.0204160038758766e-16,0.9999999999999988,-4.087194484870363,2.6497672137838153
2024-08-20,1000,849,0.849,847,-0.13658956089367846,-0.1255416324379775,-2.7199810261723506e-16,1.0000000000000004,-3.983580294600289,2.7337940603347484
2024-08-21,1000,848,0.848,845,-0.10549911330293003,-0.10622854019837905,-2.93266459334947e-17,1.0000000000000002,-4.035976029735492,2.7106770756449596
2024-08-22,1000,845,0.845,843,-0.0789725968134136,-0.058381182793310844,-1.1982525425540152e-16,1.0,-4.011496304669796,2.6295418307969474
2024-08-23,1000,844,0.844,842,-0.10187041093171101,-0.0634291354988997,-2.1467819623083595e-16,0.9999999999999997,-3.944818085239279,2.5082290779052694
2024-08-26,1000,849,0.849,847,-0.06222217974934499,-0.040286518332954435,9.206089627044879e-17,0.9999999999999997,-3.963238722193861,2.623095336973031
2024-08-27,1000,849,0.849,847,0.024477101632028167,0.0301185410241457,8.159943078517052e-17,0.9999999999999999,-3.956546033170097,2.4732038610269473
2024-08-28,1000,847,0.847,845,0.09973886637091552,0.08429877335234293,7.969487591169954e-17,0.9999999999999993,-3.935265941314958,2.4029981658018005
2024-08-29,1000,845,0.845,843,0.0861256973959464,0.0753821256823261,-9.039449005232044e-17,0.9999999999999999,-4.123872621930359,2.477464586365929
2024-08-30,1000,850,0.85,848,0.03439239184786445,0.020061983176810124,5.433562096989002e-17,0.9999999999999997,-4.459230430830901,2.5192810157093235
2024-09-02,1000,847,0.847,845,0.08707302111698571,0.06861539603775832,-4.152522481714871e-16,1.0000000000000004,-4.296081578252382,2.5965681820059143
2024-09-03,1000,843,0.843,843,0.061395938458504794,0.043422301672986684,1.3485983122374382e-16,0.9999999999999991,-4.173632006456633,2.586633960118808
2024-09-04,1000,840,0.84,840,0.04742889258355349,0.03334033532067048,2.516505522483688e-16,1.0000000000000004,-4.218310900842323,2.6579060952178963
2024-09-05,1000,842,0.842,840,0.05959303620118752,0.04716685522901643,-6.118093627388035e-17,1.0000000000000009,-4.098196592673163,2.612372399307977
2024-09-06,1000,840,0.84,840,0.05471193386915765,0.052039857786686294,-8.247371040072592e-17,1.0,-4.019709668529382,2.553603120395201
2024-09-09,1000,838,0.838,838,0.04902246104410648,0.06004741734213057,-8.479030259667066e-17,0.9999999999999996,-4.110536948934319,2.2951277178810794
2024-09-10,1000,833,0.833,832,0.06595054620324535,0.09246546882220122,-2.9854736796642867e-16,1.0,-3.8922772375470167,2.395889601364804
2024-09-11,1000,831,0.831,829,0.07828519768335963,0.11153009853190544,2.1376135251507227e-18,1.0000000000000009,-3.960778713397411,2.6647717229803836
2024-09-12,1000,832,0.832,830,0.08948564488005989,0.1433156916508615,-2.914335439641036e-16,1.0000000000000004,-3.850650470973888,2.6858284836117288
2024-09-13,1000,833,0.833,831,0.1334241608599784,0.19001328587405691,-2.4630157857230365e-16,0.9999999999999991,-3.965490690055188,2.6258762652451995
2024-09-18,1000,834,0.834,832,0.08569307865552268,0.13410135368071147,-1.395100395452235e-16,1.000000000000001,-3.8290082714369262,2.629164545016186
2024-09-19,1000,835,0.835,833,0.07878416936655765,0.11525541031604643,5.850277015988849e-17,0.9999999999999999,-4.034023662611565,2.551668902512286
2024-09-20,1000,835,0.835,833,0.05041955405596711,0.11533436474341775,1.8082674413056441e-16,0.9999999999999994,-4.385265283650086,2.48122417762548
2024-09-23,1000,835,0.835,833,0.011782441130620226,0.09755580183327967,-8.08401914936641e-17,1.0000000000000009,-4.911379426782632,2.4969735682401457
2024-09-24,1000,846,0.846,843,0.017810063616531372,0.0829360654636255,1.8897413185109048e-16,1.0,-4.514699906987758,2.454420550025783
2024-09-25,1000,856,0.856,854,0.025907466516479325,0.12773653873954455,-3.9428481248370044e-17,0.9999999999999992,-4.574966505202224,2.765214110791579
2024-09-26,1000,865,0.865,864,-0.0008322611813628432,0.07959785991341742,-2.3410945629090004e-16,1.0,-4.574875763722794,2.63705450514059
2024-09-27,1000,880,0.88,879,0.0009381543531027057,0.042957562523932014,-1.473568741775208e-16,1.0000000000000004,-4.536192051575395,2.5457178737429804
2024-09-30,1000,900,0.9,899,0.0206620952411633,0.039979876179750094,3.552713678800501e-17,1.000000000000001,-4.434743120476446,2.6308871997126873
2024-10-08,1000,913,0.913,912,0.04465359088079616,0.07960989284284252,-2.3347515961449075e-17,0.9999999999999994,-4.046763255912198,2.83001312121641
2024-10-09,1000,902,0.902,900,0.04728112638107846,0.09695855711293336,3.7023845433175954e-16,1.0000000000000007,-4.161582102977368,3.008748985181833
2024-10-10,1000,901,0.901,900,0.05868213311920368,0.09112568489230928,4.455678642668775e-16,0.9999999999999991,-4.270672206701957,3.100913641931082
2024-10-11,1000,898,0.898,897,0.06059230921743431,0.08909569711694625,-5.934376969043154e-17,0.9999999999999993,-4.384159829829551,3.1118516342238114
2024-10-14,1000,901,0.901,900,0.05695936125453196,0.08289352654712547,-6.308925511743398e-17,1.0000000000000007,-4.5149216856999255,3.190014456489871
2024-10-15,1000,902,0.902,901,0.053257398666716124,0.08474079504640403,2.363224176585699e-17,0.9999999999999998,-4.456476689655058,3.235750654315301
2024-10-16,1000,902,0.902,901,0.052503529000186025,0.07212744972286668,-1.5360957147807043e-16,1.0000000000000002,-4.372261563730938,3.2053943190409266
2024-10-17,1000,899,0.899,897,0.028472026376759604,0.06028640440879266,3.9518505882096786e-17,1.0000000000000002,-4.393908806383449,3.2720218359957705
2024-10-18,1000,902,0.902,900,0.004817618535081032,0.05653655655822942,8.271284618049947e-17,0.9999999999999999,-4.395268398563444,3.363715635562796
2024-10-21,1000,902,0.902,901,-0.02704772396884158,-0.0025239182700141066,7.87741392195233e-18,1.0000000000000004,-4.398382356553895,3.2130462424700585
2024-10-22,1000,904,0.904,904,-0.0019352116532124755,-0.002589739527960528,1.6505970631595249e-16,1.0000000000000004,-4.222008976774015,3.182171939662545
2024-10-23,1000,904,0.904,904,0.0004296646989855633,0.023617643912265184,1.414797482708164e-16,1.0000000000000002,-4.288454668104273,3.153885875817796
2024-10-24,1000,906,0.906,906,0.004182709280971474,0.03180956602987997,3.921317526269869e-17,1.0000000000000002,-4.089353641478059,3.161453753249956
2024-10-25,1000,909,0.909,908,0.02192302343640506,0.022574995778889995,-2.7358631189882845e-17,1.0,-3.999977642561543,3.137524847273799
2024-10-28,1000,914,0.914,913,0.024523812090491322,0.031529714956143685,1.5547981088842454e-16,0.9999999999999999,-4.346449677487251,3.0840019851959943
2024-10-29,1000,911,0.911,909,-0.0005893814515380857,0.027775510068523915,1.8719018285666744e-16,0.9999999999999991,-4.296974577947978,3.208892252469942
2024-10-30,1000,911,0.911,909,0.033143635202061435,0.04679348847148853,-3.899795476180572e-17,1.0,-4.5183855129851205,3.2421625302327675
2024-10-31,1000,914,0.914,913,0.0320125779653299,0.01988169283541855,-8.940089126084412e-17,0.9999999999999998,-4.58982424761671,3.339487303889832
2024-11-01,1000,911,0.911,909,0.014228912870201884,0.04252845275537802,2.339877285708343e-17,1.0000000000000002,-4.670762512382596,3.513209058104389
2024-11-04,1000,913,0.913,911,-0.009741813591824933,0.010618681868713894,-1.0895507448676235e-16,1.0000000000000002,-4.777262366675864,3.5585212885846778
2024-11-05,1000,921,0.921,918,-0.021639900274083346,-4.053154790598072e-05,3.085961935983063e-17,1.000000000000001,-4.936224213867071,3.6445684795973863
2024-11-06,1000,918,0.918,915,-0.017052765445371265,-0.05195398658367764,-1.8189274826102783e-16,0.9999999999999998,-4.703637716092787,3.492144711408875
2024-11-07,1000,926,0.926,924,-0.03344288364122315,-0.06421399811102485,1.304452106687009e-16,0.9999999999999994,-5.301392460247791,3.451288995815301
2024-11-08,1000,923,0.923,922,-0.06958362401329903,-0.054461000845503094,-1.3471828684508942e-17,0.9999999999999993,-4.897437965560228,3.2661333840115554
2024-11-11,1000,924,0.924,923,-0.09552410283758403,-0.09131158501978288,2.114710523095536e-17,1.0000000000000002,-4.995871885569573,3.2948008160475255
2024-11-12,1000,921,0.921,920,-0.07542142302454274,-0.10655809648244348,-2.1215988309883556e-17,0.9999999999999993,-4.956480047103868,3.1864936188304434
2024-11-13,1000,920,0.92,919,-0.08380670620013869,-0.08008683718293542,2.896233977283017e-17,0.9999999999999999,-4.515000211740964,3.1724103215402564
2024-11-14,1000,917,0.917,916,-0.10808251590127955,-0.055209076572333086,-1.6659398930035064e-16,0.9999999999999997,-4.537712145946839,3.247196090901589
2024-11-15,1000,916,0.916,916,-0.10525086427366266,-0.07032889688679661,-5.817762574454969e-17,0.9999999999999999,-4.43675831611127,3.3090399984394816
2024-11-18,1000,916,0.916,915,-0.10939109052273278,-0.06944293014820503,-1.105374889146444e-16,1.0000000000000004,-4.385276766205664,3.269915923745938
2024-11-19,1000,917,0.917,916,-0.107208589532767,-0.10830804157053683,-3.254394209588245e-16,0.9999999999999998,-4.536232702344311,3.3145629662301155
2024-11-20,1000,917,0.917,916,-0.08163262148423003,-0.10206212620312718,7.942271582923693e-17,0.9999999999999998,-4.614405471351514,3.252901573434151
2024-11-21,1000,917,0.917,916,-0.058386628863089055,-0.08359044836723414,-1.2785120109096678e-16,1.0000000000000002,-4.766948672584417,3.1487311431335105
2024-11-22,1000,915,0.915,912,-0.028110789608669935,-0.032865633339782256,8.736181177378281e-17,1.0,-4.660396649736177,3.3561067902048975
2024-11-25,1000,914,0.914,912,0.072182220048543,0.018813409396407608,9.717488180526534e-17,0.9999999999999998,-4.697121496531882,3.4651594414865214
2024-11-26,1000,914,0.914,912,0.08585607062013785,0.05675714209384407,1.2827084398295026e-16,0.9999999999999993,-4.890728324367879,3.3481194354195423
2024-11-27,1000,917,0.917,914,0.024314131112231907,0.00846386268692855,2.1308533515161128e-16,0.9999999999999993,-5.111290548979961,3.353291649588581
2024-11-28,1000,917,0.917,915,0.04321954908489147,0.014115861721611772,-1.8790252281551177e-16,0.9999999999999984,-4.90771758232479,3.1945043070722123
2024-11-29,1000,917,0.917,912,0.036695331557734356,-0.008963579704529037,-1.1235408580721323e-16,0.9999999999999997,-4.7508291023986855,3.4380048843656916
2024-12-02,1000,920,0.92,917,0.07818598568278837,-0.002623422449195425,-1.5832745742480493e-16,1.0000000000000009,-5.03811672250989,3.4383375937218874
2024-12-03,1000,920,0.92,915,0.059729445587737066,-0.01698214139844964,-2.3169871818264135e-17,1.0000000000000007,-5.279971021733104,3.468212876423775
2024-12-04,1000,922,0.922,918,0.01524761647538656,-0.029239614459253143,-2.3119611792627988e-17,1.0000000000000007,-5.342030289564428,3.5876753737969174
2024-12-05,1000,924,0.924,920,-0.003129029728441031,-0.047146420751190986,2.8067976033813482e-16,0.9999999999999998,-5.630595738905361,3.27167384967914
2024-12-06,1000,925,0.925,922,-0.0227809837788825,-0.060544914696990706,2.765355512147417e-16,1.0000000000000004,-5.714849399294843,3.3046387017574967
2024-12-09,1000,925,0.925,922,-0.04299205655156878,-0.08001730360581367,9.217851707158056e-17,1.0000000000000004,-5.579478184040657,3.188431985229022
2024-12-10,1000,924,0.924,921,-0.060667468065464386,-0.11983398082271714,2.3069569342860397e-17,0.9999999999999999,-5.550423986294236,3.2176137631435493
2024-12-11,1000,926,0.926,923,-0.06610832461072644,-0.11773497391725232,-1.1509871529591256e-17,0.9999999999999999,-5.4243243931867315,3.2198915548909586
2024-12-12,1000,928,0.928,925,-0.0377279748339165,-0.11123790967251558,-7.656710514656253e-17,1.0000000000000002,-5.620406702477123,3.261242814295673
2024-12-13,1000,923,0.923,922,-0.026410232579510237,-0.0966376946326486,-3.079275127887758e-17,1.0000000000000002,-5.475001577517589,3.1008170618133075
2024-12-16,1000,924,0.924,922,-0.003253265289831716,-0.07694684174351668,8.843334914763152e-17,1.0,-5.318351519692692,3.1953900503359463
2024-12-17,1000,919,0.919,918,-0.04624599301691143,-0.06495634132052253,1.3530465588467632e-16,0.9999999999999996,-5.29326023242737,3.3051560405477485
2024-12-18,1000,921,0.921,920,-0.04118147058843878,-0.054140677616510646,-1.620130016391108e-16,0.9999999999999996,-5.49702764677313,3.228041199189215
2024-12-19,1000,921,0.921,920,-0.04692087784320095,-0.06098314241671579,2.1215988309883556e-16,1.0,-5.436293269343397,3.2074858592955926
2024-12-20,1000,920,0.92,918,-0.06968639012378426,-0.10824285732295669,-2.934850430313457e-16,0.999999999999999,-5.626759563740933,3.3328140039930614
2024-12-23,1000,914,0.914,913,-0.06632052413916639,-0.10239896581287157,1.8657577306610945e-16,0.9999999999999999,-5.707526787074444,3.3800921449682977
2024-12-24,1000,916,0.916,916,-0.05014769672649782,-0.07581028054120807,-5.042060897860973e-17,1.0000000000000009,-5.745598143101536,3.4140908915900696
2024-12-25,1000,914,0.914,914,-0.03352978076508522,-0.050676566777925126,-6.219192435536982e-17,1.0,-5.427800419699652,3.338344186110645
2024-12-26,1000,913,0.913,913,-0.0018787919926740806,-0.024079900845199342,7.393380054458874e-17,1.0000000000000007,-5.192405951081015,3.4819149233096796
2024-12-27,1000,915,0.915,913,-0.012433659014490464,-0.040792112908740324,1.397788988380525e-16,1.0000000000000002,-4.918127112235441,3.394209454411989
2024-12-30,1000,912,0.912,910,-0.02042446645086644,-0.010356063934368989,7.011934892369409e-17,0.9999999999999999,-4.873409170944274,3.2493555407960417
2024-12-31,1000,911,0.911,907,0.037337430119122175,0.031456294882617884,2.339877285708343e-17,1.0,-4.544421880856505,2.8184786101172588
2025-01-02,1000,905,0.905,904,0.06756835697775927,0.03191014169073826,-3.140520379050167e-17,1.0,-4.447236102393138,2.841165161807185
2025-01-03,1000,899,0.899,898,0.06182933580909785,0.012180817962727554,1.8968882823406458e-16,1.0,-4.281582955057696,2.775590921440194
2025-01-06,1000,901,0.901,900,0.06263995531937545,0.03138709495990743,-1.9321084379714157e-16,1.0000000000000002,-4.682087594305635,2.671269781935162
2025-01-07,1000,902,0.902,901,0.08845845846538375,0.05780416812622218,5.1203190492690145e-17,0.9999999999999996,-4.408504930230513,2.5902192673367503
2025-01-08,1000,901,0.901,900,0.09520594309316711,0.08784147044731407,1.340646671245472e-16,0.9999999999999997,-4.4181204465412,2.5966432504313346
2025-01-09,1000,902,0.902,900,0.07567909698519375,0.05964521519893908,-2.363224176585699e-17,0.9999999999999996,-4.35049383494381,2.595407971615634
2025-01-10,1000,897,0.897,895,0.05101413316832687,0.028600060838051906,-1.2278051732755355e-16,0.9999999999999997,-4.215662320287119,2.49766121063562
2025-01-13,1000,896,0.896,894,0.06219820474384741,0.013397619460209443,1.5860328923216522e-16,1.0000000000000007,-4.208870197095888,2.5786209128797233
2025-01-14,1000,901,0.901,899,0.04832008646758922,-0.006743424978557919,3.5882013848040576e-16,1.0000000000000002,-4.629375092410502,2.523946366751626
2025-01-15,1000,901,0.901,898,0.04741057666639764,-0.014121532429338432,2.7601549113877364e-16,0.9999999999999997,-4.584752000695262,2.4127577302550414
2025-01-16,1000,901,0.901,899,0.05443892246985717,-0.0032715061442787955,-3.7459245225976424e-16,1.0000000000000007,-4.533413011745647,2.50984782575274
2025-01-17,1000,901,0.901,898,0.04543891892897525,-0.02163570894157546,2.681293342490944e-16,0.9999999999999997,-4.586390417500988,2.545426239418564
2025-01-20,1000,902,0.902,899,0.052925456877527484,-0.026834554958136452,-1.9299664108783208e-16,0.9999999999999998,-4.645183655742449,2.4670830329922158
2025-01-21,1000,901,0.901,898,0.05127247025458865,-0.014612403550540774,1.6166621623842456e-16,1.0000000000000002,-4.44077751864203,2.4045343864774136
2025-01-22,1000,895,0.895,893,0.031308475634495944,-0.03290241962685787,8.335976229587767e-17,0.9999999999999994,-4.445519799686883,2.197991738182555
2025-01-23,1000,895,0.895,893,0.0337590357695666,-0.010686368108006352,-5.160366237363856e-17,0.9999999999999996,-4.459570597689692,2.208018832671372
2025-01-24,1000,895,0.895,893,-0.008564885830301506,-0.04989860985717526,1.2702439968895645e-16,1.0,-4.612939253556148,2.2099335867466783
2025-01-27,1000,899,0.899,897,0.0348405241394561,0.002112250115421036,1.304110694109194e-16,0.9999999999999996,-4.546377385668919,2.2771017511530074
2025-02-05,1000,900,0.9,897,0.02971159513029376,-0.014611333313916236,2.486899575160351e-16,1.0000000000000009,-4.455273693122402,2.29682144639831
2025-02-06,1000,900,0.9,899,-0.003627153538590048,-0.055974473376612016,-2.684272557315934e-16,0.9999999999999996,-4.698091212937935,2.3631122037444903
2025-02-07,1000,904,0.904,903,-0.013729061353631394,-0.0382802692651565,5.1089909097794814e-17,1.0000000000000002,-4.754085373455472,2.3423701164652435
2025-02-10,1000,905,0.905,905,-0.030839878257281173,-0.025634190724263175,-1.845055722691973e-16,1.0,-4.8007936196533025,2.3256347163803754
2025-02-11,1000,904,0.904,904,-0.02815659464991919,-0.01143496092627481,7.07398741354082e-17,1.0000000000000002,-4.96713419544549,2.453629179164223
2025-02-12,1000,905,0.905,905,-0.053154078693259735,-0.0410669302700143,3.533085426431437e-17,1.0000000000000002,-4.81012972135629,2.5278044336057452
2025-02-13,1000,905,0.905,905,-0.06837838842913187,-0.05098309332786636,1.5702601895250834e-17,1.0000000000000002,-4.866204924405104,2.509222763010193
2025-02-14,1000,905,0.905,902,-0.05524840286280329,-0.000671530699393956,-7.851300947625416e-17,0.9999999999999994,-4.899589067060679,2.4484648386197017
2025-02-17,1000,906,0.906,904,-0.02850344722977101,-0.0070857316104489376,-9.019030310420698e-17,1.0000000000000007,-4.807169744157636,2.482495098684191
2025-02-18,1000,904,0.904,901,-0.03336772478796584,-0.0003605996334104738,-5.501990210531749e-17,0.9999999999999996,-4.790734501737773,2.3850534635478566
2025-02-19,1000,904,0.904,901,-0.03798459406334112,-0.017107383576135924,1.8863966436108854e-16,0.9999999999999998,-4.782140722360056,2.322212941982173
2025-02-20,1000,905,0.905,902,-0.01987434948209237,0.0005771161124089384,1.0206691231913042e-16,1.0000000000000002,-4.849219754014683,2.142303119108971
2025-02-21,1000,907,0.907,904,-0.052632363302088286,-0.036305123266671104,-2.3501964799121287e-16,0.9999999999999997,-4.635912765334585,2.109156784969852
2025-02-24,1000,906,0.906,902,-0.048146869034383276,-0.018218501895181313,1.999871938397633e-16,0.9999999999999998,-5.178022936821823,2.0544592105930284
2025-02-25,1000,904,0.904,901,-0.04915987005407182,-0.03269942605730831,1.414797482708164e-16,0.9999999999999991,-5.220210434152539,2.0270266205742646
2025-02-26,1000,907,0.907,905,-0.07973444515886881,-0.05179498340139234,-4.700392959824257e-17,0.9999999999999999,-4.866245740814195,2.0373353512427697
2025-02-27,1000,908,0.908,905,-0.06359377266777887,-0.03783012780444865,4.303948289295761e-17,1.0000000000000007,-4.999516407484489,2.0749181483485657
2025-02-28,1000,905,0.905,904,-0.05569665507228453,-0.03326952467939588,-6.281040758100334e-17,0.9999999999999989,-4.8346742519203705,2.1308667618880794
2025-03-03,1000,906,0.906,904,-0.06002364007270407,-0.026044999965665623,1.2156084331436593e-16,1.0000000000000002,-4.766437089351189,2.1514794159349435
2025-03-04,1000,906,0.906,904,-0.11205928223414613,-0.06154114569515675,-1.1763952578809607e-16,1.0000000000000002,-4.536107845468406,2.2600598443044557
2025-03-05,1000,906,0.906,903,-0.12796643837217545,-0.06814775612900895,1.882232412609537e-16,1.0000000000000004,-4.434303362588221,2.181986475751275
2025-03-06,1000,907,0.907,904,-0.15560202743001453,-0.09073035684219502,1.5667976532747524e-17,1.0000000000000004,-4.420227531722619,2.2023287228763824
2025-03-07,1000,905,0.905,902,-0.15352689958014926,-0.12567947534024762,1.5702601895250834e-17,1.0000000000000002,-4.433006283488828,2.154851220454409
2025-03-10,1000,906,0.906,904,-0.10603516585481762,-0.10846180448442287,1.5293138352452487e-16,0.9999999999999988,-4.492067771613205,2.213468638726423
2025-03-11,1000,906,0.906,904,-0.11254244299797567,-0.12162057858781102,-3.254693546803991e-16,0.9999999999999993,-4.689234909641117,2.220311467788185
2025-03-12,1000,906,0.906,904,-0.13084148171114487,-0.12738008252361457,1.2940347836690566e-16,0.9999999999999998,-4.641397407870386,2.2785956544292154
2025-03-13,1000,905,0.905,903,-0.11301948742892771,-0.11085137524637963,-2.433903293763879e-16,0.9999999999999993,-4.75845130402006,2.3049290135532394
2025-03-14,1000,906,0.906,902,-0.1132906863164882,-0.10561619393730608,3.921317526269869e-17,0.9999999999999997,-4.994235613673348,2.314220225599826
2025-03-17,1000,906,0.906,905,-0.12087409233842104,-0.11945002902349551,-2.7449222683889082e-17,0.999999999999999,-4.641983184562817,2.263876085920755
2025-03-18,1000,906,0.906,904,-0.10754640291678323,-0.12104089306284284,1.6469533610333448e-16,1.0000000000000002,-4.561582976813002,2.3211762234270656
2025-03-19,1000,905,0.905,904,-0.1547522706039012,-0.14421591055701286,-6.673605805481604e-17,0.999999999999999,-4.813130314412667,2.6402179996510093
2025-03-20,1000,905,0.905,903,-0.134320240908987,-0.15336118185476283,4.71078056857525e-17,1.0,-4.652267697837425,2.62441598326368
2025-03-21,1000,904,0.904,901,-0.11827988279521519,-0.12232884100333963,-9.431983218054427e-17,1.0000000000000013,-4.417678411225729,2.4935985675169863
2025-03-24,1000,903,0.903,900,-0.17285327811058154,-0.14109320938266723,5.508083222946513e-17,0.9999999999999999,-4.3614042796409995,2.4901469595401404
2025-03-25,1000,904,0.904,901,-0.1651937838712733,-0.1321248655985239,3.694193427071317e-16,0.9999999999999998,-4.880296328083831,2.459246505743902
2025-03-26,1000,904,0.904,902,-0.16244097289817033,-0.12414959992866079,-6.287988812036285e-17,0.9999999999999987,-4.952272803807819,2.535608098528683
2025-03-27,1000,904,0.904,903,-0.14641665982993352,-0.11603247619393608,1.6505970631595249e-16,1.0000000000000002,-5.230555227999438,2.4772714567988077
2025-03-28,1000,903,0.903,902,-0.1511681941646966,-0.12191630280684562,1.4950511605140536e-16,0.9999999999999999,-5.173636568143345,2.6136768975146665
2025-03-31,1000,900,0.9,897,-0.17989604575383808,-0.13242588682784476,8.289665250534503e-17,0.9999999999999991,-5.027069842059241,2.739678164412607
2025-04-01,1000,900,0.9,898,-0.14603071982018137,-0.11734140870132198,1.973729821555834e-17,0.9999999999999999,-4.8949558472885935,2.5429060007582573
2025-04-02,1000,901,0.901,899,-0.1331190863808402,-0.12248987924134416,3.154462755871699e-17,1.0000000000000004,-4.9337101013477564,2.623592410319885
2025-04-03,1000,901,0.901,899,-0.08114059769447458,-0.10163431525895969,3.9430784448396236e-17,1.0000000000000004,-4.881483294119432,2.718239806596284
2025-04-07,1000,894,0.894,892,-0.07781953336508217,-0.07875666595498897,1.589581064340269e-16,1.0,-4.8392692576767775,2.5105647546860714
2025-04-08,1000,892,0.892,890,-0.06837042782178654,-0.06928921112171675,1.0355443458387111e-16,1.0000000000000002,-4.948916250479484,2.412606107295491
2025-04-09,1000,894,0.894,891,-0.09342681056593315,-0.08807153278770412,-7.550510055616278e-17,1.0000000000000002,-4.852922307851984,2.438289725303802
2025-04-10,1000,897,0.897,894,-0.08523928454941254,-0.08030302669601173,2.336790491072793e-16,1.0000000000000004,-4.989629856175606,2.3441727893612563
2025-04-11,1000,897,0.897,894,-0.12462022278370372,-0.11955818853517086,1.1089853177972579e-16,0.9999999999999999,-4.77281972317839,2.3648883885727363
2025-04-14,1000,900,0.9,897,-0.12896343080150965,-0.1326689993011412,-2.2105774001425338e-16,0.9999999999999986,-4.78750005461219,2.3011870576497206
2025-04-15,1000,900,0.9,897,-0.11461959492194068,-0.11244431093621252,-7.894919286223335e-18,1.0000000000000007,-4.569204555634232,2.307605106016104
2025-04-16,1000,899,0.899,896,-0.13869609089959836,-0.11022101435918921,1.4226662117554843e-16,1.0,-4.711941230136448,2.5809561023166454
2025-04-17,1000,902,0.902,899,-0.10416098364154885,-0.08915137159866131,9.452896706342796e-17,0.9999999999999989,-4.692403828103392,2.606261373782946
2025-04-18,1000,903,0.903,899,-0.11159358876240925,-0.10841038057488282,1.5737380636990037e-17,1.0,-4.675328334848101,2.613502391880337
2025-04-21,1000,901,0.901,897,-0.1390660315843578,-0.1490945312649027,2.8390164802845293e-16,1.0000000000000002,-4.711002210642538,2.606557160783982
2025-04-22,1000,900,0.9,897,-0.09774293293254875,-0.10737128444863447,-1.9737298215558337e-16,0.9999999999999994,-4.67892258286443,2.4607834543186997
2025-04-23,1000,899,0.899,896,-0.12543900200669672,-0.1538497886785459,-2.726776905864678e-16,0.9999999999999999,-4.658741680374837,2.4754720157339385
2025-04-24,1000,900,0.9,897,-0.11129662428871148,-0.12709965921984398,1.578983857244667e-17,0.9999999999999994,-4.737664363023059,2.4694269255453327
2025-04-25,1000,901,0.901,898,-0.09733529891243635,-0.12785892352541567,9.85769611209906e-17,1.0000000000000004,-4.826813905776322,2.4645262871031792
2025-04-28,1000,899,0.899,897,-0.11267919215401488,-0.11152979721918448,-3.9518505882096784e-18,0.9999999999999997,-4.697683148090158,2.4479912496489247
2025-04-29,1000,902,0.902,898,-0.11455593003575114,-0.10296406156099432,1.9693534804880827e-17,0.9999999999999998,-5.078976518456912,2.444549098059007
2025-04-30,1000,899,0.899,897,-0.0965187138457843,-0.1270367421327139,0.0,1.0000000000000002,-5.290152298213807,2.327651319270122
2025-05-06,1000,898,0.898,896,-0.09968758986027339,-0.12745024276890835,-2.9671884845215765e-16,0.9999999999999998,-5.340252272623243,2.185917608609619
2025-05-07,1000,901,0.901,898,-0.05782217151820139,-0.12267075983064102,1.853246869074623e-16,1.0000000000000007,-5.401235635188474,2.1711121174361065
2025-05-08,1000,903,0.903,900,-0.07513361365199793,-0.12708400381622745,-1.1803035477742528e-17,0.9999999999999999,-5.3704202343127365,2.341394235999218
2025-05-09,1000,901,0.901,900,-0.0759413010846806,-0.09783126284487467,0.0,1.0,-5.105402016334584,2.384608282674591
2025-05-12,1000,901,0.901,900,-0.08216501771415052,-0.07938083711660386,8.674772578647172e-17,0.9999999999999999,-4.805450569782244,2.403066370474376
2025-05-13,1000,900,0.9,900,-0.09475494275918038,-0.08886749422595783,1.1052887000712669e-16,1.0,-4.924282200333013,2.3543904770768136
2025-05-14,1000,901,0.901,901,-0.09276614527828862,-0.08254116393974198,7.886156889679247e-18,1.0000000000000002,-4.987839390400314,2.268954300257329
2025-05-15,1000,900,0.9,900,-0.0712156762867038,-0.08794630547639555,-2.6053233644537007e-16,0.9999999999999999,-4.756434279377102,2.2413119057281707
2025-05-16,1000,900,0.9,899,-0.05533111350018255,-0.07823607712048643,-2.6053233644537007e-16,1.0000000000000002,-5.0740979096041,1.9972180320364679
2025-05-19,1000,901,0.901,901,-0.04734633456903093,-0.06816723075826848,1.4195082401422646e-16,0.9999999999999994,-4.616105034929108,2.024223434509185
2025-05-20,1000,900,0.9,900,-0.055835771184536136,-0.09120242205458946,-8.68441121484567e-17,0.9999999999999992,-4.9299710396209395,2.5949243431720235
2025-05-21,1000,900,0.9,900,-0.0731582801542303,-0.10566010792729595,-1.9737298215558337e-16,0.9999999999999996,-4.859346133046153,2.4532725256467622
2025-05-22,1000,900,0.9,900,-0.06590036841326347,-0.10719279180611624,1.9737298215558337e-16,0.9999999999999999,-4.577745718115462,2.6015697219593705
2025-05-23,1000,900,0.9,899,-0.07800979444860695,-0.1155819642521288,-6.315935428978668e-17,1.0000000000000002,-4.878808523154069,2.5270240055125455
2025-05-26,1000,899,0.899,899,-0.07547576549789706,-0.10221427316543175,-1.1855551764629035e-16,1.0000000000000002,-4.588156351658714,2.5343401725943058
2025-05-27,1000,899,0.899,899,-0.039366936748798424,-0.04991528278116373,-1.5807402352838714e-17,0.9999999999999998,-4.829459600537988,2.643052635067926
2025-05-28,1000,899,0.899,899,-0.04818018615601993,-0.039152899393141184,0.0,0.9999999999999999,-4.8747434411173955,2.753037761712338
2025-05-29,1000,901,0.901,901,-0.04375595155969072,-0.05092801773265068,-1.0252003956583022e-16,1.0,-4.7319139303946,2.565229566925881
2025-05-30,1000,900,0.9,900,-0.04382020091428574,-0.015743953722938367,1.5789838572446671e-16,1.0000000000000002,-4.394867843606671,2.552822283605704
2025-06-03,1000,901,0.901,901,-0.06200033170966201,-0.04116328839338112,4.731694133807548e-17,0.9999999999999998,-4.511526645051389,2.7905567403929425
2025-06-04,1000,902,0.902,901,-0.0852765970852389,-0.0944980754425377,1.1816120882928494e-16,0.9999999999999999,-4.535208906327052,2.743265232354021
2025-06-05,1000,900,0.9,899,-0.11218758938848575,-0.11114301896831388,3.157967714489334e-17,1.0000000000000002,-4.671936336522662,2.773027943566722
2025-06-06,1000,900,0.9,899,-0.08263575513935072,-0.09481865105909042,-9.473903143468003e-17,0.9999999999999992,-4.847603989721579,2.7165399283221294
2025-06-09,1000,903,0.903,903,-0.0972238976109804,-0.1162279687544267,1.8884856764388045e-16,0.9999999999999991,-4.819122932463579,2.6727829879544793
2025-06-10,1000,901,0.901,901,-0.08843855194763778,-0.09260336211137751,-2.3658470669037744e-16,1.0000000000000002,-4.787348088471828,2.4526142048511015
2025-06-11,1000,902,0.902,902,-0.07582144146395993,-0.09929132415393485,3.9387069609761654e-17,0.9999999999999996,-4.559413231923236,2.4433220217308604
2025-06-12,1000,902,0.902,902,-0.07498539718001777,-0.07028335403863818,3.7811586825371185e-16,1.0,-4.847135746756961,2.537668336283387
2025-06-13,1000,898,0.898,898,-0.050493036076973495,-0.028540543842231543,-4.7475015752345225e-17,0.9999999999999994,-4.466647143577433,2.458516131723591
2025-06-16,1000,900,0.9,900,-0.08915412662826087,-0.07517654665854989,-4.7369515717340015e-17,1.0000000000000004,-4.459984309242464,2.39857944425965
2025-06-17,1000,901,0.901,901,-0.07996661830453669,-0.0782185440519694,-1.7349545157294345e-16,1.0000000000000002,-4.384467443366199,2.2113650147444774
2025-06-18,1000,901,0.901,901,-0.0908296262056506,-0.08950359779097225,3.9430784448396236e-17,0.9999999999999991,-4.447530243008806,2.2385404343229163
2025-06-19,1000,901,0.901,900,-0.038954618497515366,-0.03995877377609427,2.2081239291101894e-16,0.9999999999999997,-4.455517691626835,2.3492422522816776
2025-06-20,1000,901,0.901,901,-0.03217412406995382,-0.008802496872623605,1.813816084626227e-16,1.0000000000000002,-4.79719171770206,2.3714375708259996
2025-06-23,1000,901,0.901,900,-0.04852414021618211,-0.027710215850270923,-2.2081239291101894e-16,1.0000000000000004,-4.7615292252171875,2.344199898536599
2025-06-24,1000,902,0.902,901,-0.05226400697799247,-0.05088889594810267,-7.87741392195233e-18,1.0000000000000004,-4.743468855278273,2.49371984701544
2025-06-25,1000,902,0.902,901,-0.0533568583055629,-0.053597834167979856,2.1662888285368908e-16,0.9999999999999997,-4.883364900239468,2.4370945790161382
2025-06-26,1000,903,0.903,902,-0.03740098370842096,-0.015251899490964681,1.0229297414043524e-16,0.9999999999999993,-4.671802431067928,2.6063594261821184
2025-06-27,1000,904,0.904,903,-0.044220147333858366,-0.03039684917002213,1.257597762407257e-16,0.9999999999999999,-4.531708274683962,2.708807082453001
2025-06-30,1000,906,0.906,906,-0.05352876482482544,-0.047153140156729036,-2.9409881447024017e-16,1.0000000000000007,-4.645343513329619,2.7499351025365355
2025-07-01,1000,906,0.906,906,-0.027862166258001395,-0.03306672693373611,1.2156084331436593e-16,0.9999999999999994,-4.565903175101953,2.7404473177845445
2025-07-02,1000,908,0.908,908,0.00711116575831541,-0.01120969140878552,2.0345937367579962e-16,1.0000000000000007,-4.568011122763675,2.7189194980715126
2025-07-03,1000,907,0.907,907,0.02034520919409412,-0.0015493155943721224,-1.7626473599340964e-16,1.000000000000001,-4.674328384767315,2.6949480637609624
2025-07-04,1000,907,0.907,904,-0.006760055288177714,-0.016078456583236148,-2.389366421243997e-16,1.000000000000001,-4.730531448949373,2.5602944213168235
2025-07-07,1000,905,0.905,903,-0.0019699911743504333,-0.004123667942056993,1.6095166942632102e-16,0.9999999999999993,-4.762798310920208,2.6076642133924977
2025-07-08,1000,910,0.91,907,-0.0021242107572763823,-0.035047123788139914,1.0150610510858574e-16,1.0000000000000002,-4.721413379514276,2.571721780921025
2025-07-09,1000,911,0.911,908,0.006278171280988146,-0.029296693093121294,7.799590952361144e-18,0.9999999999999999,-4.879508794223067,2.5721094413469565
2025-07-10,1000,914,0.914,911,0.019911995539882134,-0.0249202636517059,8.162690071642289e-17,1.0000000000000002,-4.967061068120483,2.527544238454078
2025-07-11,1000,917,0.917,915,-0.020337388536124133,-0.049512002462003935,3.874278820938387e-17,1.0000000000000002,-4.6606722428212075,2.8048419372615934
2025-07-14,1000,915,0.915,913,0.013592530563967191,-0.017955340187151957,-1.1648241569837709e-16,0.9999999999999999,-4.919715175998011,2.8032359777676294
2025-07-15,1000,916,0.916,913,0.019686910859150947,-0.002018861977338502,-1.1635525148909938e-16,1.0,-4.965849669922033,2.7425557677537693
2025-07-16,1000,915,0.915,912,0.045927962854529825,0.003914544370661136,7.765494379891805e-17,0.9999999999999996,-5.044654096054042,2.8334576745338205
2025-07-17,1000,916,0.916,912,0.04562572602223888,0.012351678229780762,8.532718442533954e-17,1.0000000000000007,-4.695368526082544,2.7296468992329896
2025-07-18,1000,916,0.916,914,0.05611151604116044,0.042727362055132945,-3.102806706375983e-17,1.0000000000000002,-4.8833233198722334,2.7484741879159826
2025-07-21,1000,916,0.916,914,0.08437237366627907,0.0761935183681833,-4.1887890536075774e-16,1.0000000000000004,-4.8947328638604795,2.710723756886236
2025-07-22,1000,916,0.916,915,0.0800597679393303,0.08920614728380723,3.878508382969979e-17,0.9999999999999996,-5.100033958558283,2.619910164811686
2025-07-23,1000,915,0.915,914,0.08399064347055317,0.08729498996234025,-4.659296627935083e-17,0.9999999999999998,-5.030423364330012,2.5588820596756627
2025-07-24,1000,917,0.917,916,0.05657664185214474,0.06244269909675096,-7.748557641876774e-17,1.0,-4.811184940875732,2.6083257124320673
2025-07-25,1000,917,0.917,915,0.0843924340912062,0.07709762604815443,1.0847980698627483e-16,1.0000000000000002,-4.781309632862627,2.5880384088320008
2025-07-28,1000,916,0.916,915,0.09490441959299345,0.08656176085974782,0.0,1.0,-4.944538134763555,2.710974840131629
2025-07-29,1000,917,0.917,915,0.09183017611663599,0.0866791321662012,6.973701877689097e-17,0.9999999999999998,-4.802464903696123,2.6584700132851182
2025-07-30,1000,916,0.916,915,0.10997140916026103,0.09924377553726792,-6.205613412751966e-17,1.0000000000000002,-4.940095672523134,2.8017580032696063
2025-07-31,1000,913,0.913,912,0.11451473648775258,0.08006306477910505,1.6343261173014352e-16,1.0000000000000009,-5.130030768094492,2.7958092718200476
2025-08-01,1000,914,0.914,911,0.1126002488994797,0.0626783410001873,3.8869952722106136e-17,0.9999999999999997,-5.142252710567584,2.880132062058072
2025-08-04,1000,910,0.91,909,0.10785193363046376,0.06788777738248042,0.0,0.9999999999999994,-5.158223275722621,2.7125259192880953
2025-08-05,1000,913,0.913,912,0.0901282408244014,0.043684124490204555,-9.33900638457963e-17,0.9999999999999999,-5.11943347977274,2.765798360498603
2025-08-06,1000,912,0.912,911,0.0720946826642006,0.04094557091416841,-2.1814908554038162e-16,0.9999999999999997,-5.046578696265653,2.767385384021676
2025-08-07,1000,911,0.911,910,0.04160784495003015,0.013587147817673097,4.679754571416686e-17,1.0000000000000004,-5.044705110333186,2.756915416284133
2025-08-08,1000,911,0.911,910,0.0738134660015335,0.03463358000315538,-4.679754571416686e-17,0.9999999999999999,-4.9990202312549,2.8052705553504995
2025-08-11,1000,911,0.911,910,0.07080011283740087,0.03954684571470623,-1.7939059190430631e-16,0.9999999999999999,-5.0148208575775834,2.788914862634204
2025-08-12,1000,911,0.911,909,0.07414144231620737,0.02682549865157904,-3.899795476180572e-17,0.9999999999999996,-4.930348165192945,2.729119029960936
2025-08-13,1000,910,0.91,910,0.05887541210233247,0.0019097097130164975,-1.5616323862859345e-17,1.0000000000000013,-5.173679770879132,2.6181648506954587
2025-08-14,1000,907,0.907,907,0.041547004222944856,-0.014996387355124163,2.3501964799121286e-17,0.9999999999999998,-5.0272280577336215,2.6181312324850765
2025-08-15,1000,908,0.908,907,0.012410561307158069,-0.0369400034837621,-2.5823689735774565e-16,0.9999999999999994,-5.063593049296459,2.64536048830204
2025-08-18,1000,913,0.913,912,-0.008852488328480464,-0.03934261054062392,1.0117256916627933e-16,0.999999999999999,-4.361602000225583,2.7646868872806833
2025-08-19,1000,913,0.913,912,0.008389814192771726,-0.030120933383761674,-1.245200851277284e-16,0.999999999999999,-4.942799371068083,2.7295284035495544
2025-08-20,1000,913,0.913,912,-0.005324212509680293,-0.04148201608068121,-5.4477537243381174e-17,0.9999999999999999,-5.07473665784774,2.797306997227579
2025-08-21,1000,913,0.913,912,0.0201545443950166,-0.021045698319650287,-2.801701915373889e-16,1.0000000000000002,-5.0461221413522654,2.806798110064846
2025-08-22,1000,913,0.913,909,-0.005287472313233751,-0.034860612649445635,8.560755852531328e-17,0.9999999999999992,-4.934084230705586,2.8754375156309884
2025-08-25,1000,914,0.914,913,-0.010002450507001204,-0.05412592149580418,-9.328788653305473e-17,0.9999999999999994,-4.815502630840681,2.826622333982466
2025-08-26,1000,913,0.913,912,-0.01667734051443583,-0.06943489952857458,-9.33900638457963e-17,1.0000000000000004,-4.887688935509923,2.74594960653658
2025-08-27,1000,913,0.913,911,-0.021907955899682165,-0.07542572808760935,3.8912526602415124e-17,1.0000000000000002,-5.145454743593419,2.6549594669249528
2025-08-28,1000,912,0.912,910,-0.041910751792709484,-0.07889692275797976,3.661788221570692e-16,1.0000000000000002,-5.139880815829787,2.65781487993618
2025-08-29,1000,912,0.912,909,-0.05840956331090374,-0.07933789082315798,-6.232831015439475e-17,0.9999999999999999,-4.917006092277743,2.606251027746358
2025-09-01,1000,912,0.912,909,-0.05192395322829765,-0.08564467027833174,7.791038769299344e-18,1.0000000000000004,-5.0968848430078815,2.5376049901357005
2025-09-02,1000,909,0.909,905,-0.019701376599354035,-0.04498534717958936,-7.03507659168416e-17,1.0000000000000002,-4.854313248401124,2.682182470493308
2025-09-03,1000,908,0.908,904,-0.0020875225490410137,-0.009856349050371041,-1.3303112894186898e-16,1.0000000000000002,-4.6017146815382945,2.496795335877436
2025-09-04,1000,908,0.908,905,-0.010010936278031912,-0.009744397102194862,3.051890605136994e-16,1.0,-4.6647837032040504,2.4709642688845155
2025-09-05,1000,909,0.909,907,-0.03056288209049183,-0.011394272650646905,-4.6900510611227736e-17,0.999999999999999,-4.349210914278595,2.4903715769751478
2025-09-08,1000,911,0.911,909,-0.05975112867749313,-0.03606906751954619,-1.247934552377783e-16,0.9999999999999999,-4.616024653954096,2.6646700401007877
2025-09-09,1000,911,0.911,909,-0.04746464567348438,-0.040612446527841406,7.799590952361144e-17,0.9999999999999997,-4.648641339260376,2.6960848856675956
2025-09-10,1000,912,0.912,912,-0.05381115091787749,-0.05315486221131932,-7.011934892369409e-17,1.0000000000000004,-4.327616039787794,2.5513578618336235
2025-09-11,1000,913,0.913,913,-0.07410579836230571,-0.0711929470488501,-2.3347515961449075e-17,0.9999999999999996,-4.3913796243884695,2.5737222370344326
2025-09-12,1000,913,0.913,912,-0.0824032818496855,-0.09713003329363032,-7.393380054458874e-17,0.9999999999999996,-4.550340342373348,2.5885283162431483
2025-09-15,1000,914,0.914,914,-0.10492644484074437,-0.11655535550561742,-3.1873361232127034e-16,0.9999999999999992,-4.54123086399833,2.696597683366247
2025-09-16,1000,918,0.918,918,-0.13781794427880975,-0.13390309285953547,-5.418081863094446e-17,1.0000000000000002,-4.356812255916927,2.717853522855294
2025-09-17,1000,918,0.918,918,-0.1574178150146267,-0.16648454164650459,-6.966105252550002e-17,0.9999999999999999,-4.23186241258711,2.755231314113388
2025-09-18,1000,918,0.918,917,-0.152609661308439,-0.17070953540584508,-2.9412444399655564e-16,1.0000000000000002,-4.549928964378082,2.756065939312039
2025-09-19,1000,915,0.915,912,-0.17608941468475434,-0.17202346810861024,-5.047571346929674e-17,1.0000000000000002,-4.53909753526195,2.8225196582734124
2025-09-22,1000,912,0.912,911,-0.18495930505606556,-0.15704193482171033,1.4023869784738819e-16,1.000000000000001,-4.4495024057400085,2.7041614869237893
2025-09-23,1000,911,0.911,910,-0.13103280687837168,-0.12833051790173597,-4.679754571416686e-17,1.0000000000000002,-4.442965867542733,2.6809043978690066
2025-09-24,1000,912,0.912,910,-0.13764718124352518,-0.13382474404765274,1.7140285292458556e-16,0.9999999999999999,-4.524963654036052,2.805697940246966
2025-09-25,1000,909,0.909,908,-0.11192941623508224,-0.13270539981498658,-2.3450255305613868e-17,1.0,-4.4929689422538175,2.715345534400636
2025-09-26,1000,909,0.909,906,-0.11356598109803785,-0.11518409004787622,-3.908375884268978e-17,0.9999999999999996,-4.623635080016065,2.7406432429273164
2025-09-29,1000,907,0.907,906,-0.15332869805240254,-0.1343074908056795,8.813236799670482e-17,1.0000000000000007,-4.606330046476348,2.7578928781460967
2025-09-30,1000,906,0.906,904,-0.15874786844591507,-0.13098946155553245,-2.2743641652365236e-16,0.9999999999999999,-4.480020638795851,2.680920568403584
2025-10-09,1000,907,0.907,906,-0.16835249294719454,-0.1423419625200377,-6.26719061309901e-17,0.9999999999999997,-4.874303587708006,2.717266014777912
2025-10-10,1000,909,0.909,909,-0.1187341269005617,-0.10902042985325507,-4.2992134726958756e-17,0.9999999999999994,-4.7054433502409605,2.572087749527043
2025-10-13,1000,909,0.909,909,-0.14698030486032743,-0.1117682254568323,-1.5633503537075913e-16,0.9999999999999996,-4.719574751197246,2.448244440534222
2025-10-14,1000,909,0.909,909,-0.12704795325989518,-0.11408629354238504,3.51753829584208e-17,0.9999999999999999,-4.620040442268082,2.348658649279457
2025-10-15,1000,909,0.909,909,-0.13548680097016963,-0.1316253457223132,-1.055261488752624e-16,0.9999999999999994,-4.604568238383813,2.386819598126148
2025-10-16,1000,908,0.908,908,-0.09604916754921963,-0.09403391830792497,2.2302277499078035e-16,0.9999999999999999,-4.7924619003763755,2.3992202589901512
2025-10-17,1000,908,0.908,908,-0.07232507872349257,-0.0888232182194811,-7.042824473393064e-17,0.9999999999999993,-4.8654424821482865,2.5124051317619074
2025-10-20,1000,908,0.908,908,-0.05868424670630452,-0.08288011378107941,2.7388761840973026e-16,0.9999999999999999,-4.909984368409381,2.591416548627507
2025-10-21,1000,908,0.908,908,-0.06071615992577038,-0.09451942882258592,-1.447691697308574e-16,1.0000000000000013,-4.626650230045126,2.4558649738027274
2025-10-22,1000,909,0.909,908,-0.03925906225451767,-0.09934913800331178,-1.1725127652806934e-17,0.9999999999999999,-4.586929908250806,2.532434687882109
2025-10-23,1000,909,0.909,908,-0.05067323989989015,-0.0888183608891296,-1.6415178713929706e-16,1.0000000000000009,-4.473029273247249,2.7090352036379413
2025-10-24,1000,909,0.909,906,-0.06027734668909466,-0.09677197705364973,2.7358631189882845e-17,1.0,-4.265082753647255,2.549322991628023
2025-10-27,1000,908,0.908,906,-0.0678743157243428,-0.1042298999786806,3.912680262996147e-18,1.0,-4.255900590128725,2.5184347969371177
2025-10-28,1000,908,0.908,906,-0.06662145886092724,-0.11152194669095485,-5.86902039449422e-17,1.0,-4.212438002222204,2.6106530137828887
2025-10-29,1000,909,0.909,907,-0.09241427398146851,-0.11572724615311124,-8.598426945391751e-17,1.0,-4.224583083216697,2.7612985153553864
2025-10-30,1000,909,0.909,907,-0.11095561475685871,-0.13683825911903671,-5.667145032190018e-17,0.9999999999999991,-4.445866802415847,2.700450866517411
2025-10-31,1000,907,0.907,903,-0.14826944859160976,-0.1944683110924785,5.875491199780321e-18,0.9999999999999998,-4.8501960454977615,3.003097234751293
2025-11-03,1000,907,0.907,903,-0.10662930636667077,-0.1512746771954888,1.3317780052835394e-16,1.0000000000000002,-4.806736034561125,2.79805107816707
2025-11-04,1000,907,0.907,903,-0.08610673908234835,-0.15651814789008828,-6.463040319758354e-17,0.9999999999999997,-4.800765815141271,2.753711167040974
2025-11-05,1000,909,0.909,905,-0.10608370416298803,-0.15160340348147391,-2.794488757252319e-16,1.0,-4.802526236328048,2.877013197003842
2025-11-06,1000,909,0.909,905,-0.09681670150346194,-0.1355173991022788,3.9865434019543574e-16,1.0000000000000002,-4.789753081703118,2.8063320593153636
2025-11-07,1000,908,0.908,905,-0.08622578557594136,-0.1550332543476527,1.1933674802138246e-16,1.0000000000000002,-4.912169336111084,2.717037271914464
2025-11-10,1000,910,0.91,908,-0.07642242363931712,-0.1350347063961355,2.264366960114605e-16,1.0,-4.740519970086517,2.7472828959356863
2025-11-11,1000,912,0.912,908,-0.08250143362446738,-0.13689123430554326,1.129700621548405e-16,0.9999999999999998,-4.689225332005628,2.7488240048815267
2025-11-12,1000,912,0.912,908,-0.04692652156246297,-0.0959553376569486,6.232831015439475e-17,0.9999999999999992,-4.641362917801286,2.731441730903355
2025-11-13,1000,914,0.914,910,-0.01661742690900292,-0.07585897538782055,5.441793381094859e-17,0.9999999999999999,-4.751773197501003,2.7527706818983178
2025-11-14,1000,916,0.916,912,0.015430996220891884,-0.06015365608179791,7.757016765939958e-18,0.9999999999999996,-4.678439615756871,2.893984631736286
2025-11-17,1000,916,0.916,913,-0.009287577031251682,-0.08532550458701735,-7.757016765939958e-17,1.000000000000001,-4.850730010529384,2.818808821088698
2025-11-18,1000,914,0.914,912,-0.012139381505402683,-0.09352887050418883,-3.8869952722106136e-18,1.000000000000001,-4.433392963903011,2.8449558368296115
2025-11-19,1000,912,0.912,908,-0.010296792430000316,-0.06854241498284404,2.337311630789803e-16,0.9999999999999997,-4.855555134736094,2.7687911243478895
2025-11-20,1000,911,0.911,907,-0.012597049770615732,-0.0741803517754451,-9.74948869045143e-17,1.0,-4.8268743215900445,2.639447097965039
2025-11-21,1000,911,0.911,905,-0.02626408783031172,-0.06906381658892219,-9.359509142833372e-17,0.999999999999999,-4.975504455176265,2.8122404771370246
2025-11-24,1000,911,0.911,907,0.007206537810296403,-0.02738730307324812,1.3259304619013943e-16,0.9999999999999997,-5.107256941590774,2.722935540817601
2025-11-25,1000,910,0.91,907,-0.017566697901063095,-0.04666303078880707,-4.099285014000578e-17,1.0000000000000004,-5.101544681215068,2.704817155829639
2025-11-26,1000,911,0.911,910,-0.00042710101436947684,-0.016928404119256234,2.4178731952319543e-16,1.0000000000000002,-5.032696262157142,2.702589188097443
2025-11-27,1000,912,0.912,911,-0.0010764753712496917,-0.0004427523233813301,3.895519384649672e-17,0.9999999999999999,-5.012242796400857,2.62992358943965
2025-11-28,1000,914,0.914,911,-0.012460469573854834,-0.005382564134471149,-2.332197163326368e-16,1.0000000000000004,-4.844796966128224,2.6203930072182877
2025-12-01,1000,912,0.912,909,-0.026312906339779334,-0.021895496817109294,3.7007434154171886e-16,1.0000000000000009,-5.058864743717153,2.659100847231948
2025-12-02,1000,911,0.911,909,-0.019546803939127548,-0.003631721123337971,-1.2089365976159771e-16,1.0000000000000002,-4.6968866393289,2.7063518240517404
2025-12-03,1000,912,0.912,910,-0.0087099294208506,0.016347063508665393,1.5582077538598687e-17,0.9999999999999996,-4.856809884824832,2.566251316916974
2025-12-04,1000,910,0.91,908,-0.008909144149593113,0.028900287543214852,-1.834918053885973e-16,1.0000000000000004,-4.556097453128546,2.564260646436205
2025-12-05,1000,911,0.911,909,0.0435253683552666,0.03768024127399201,-1.3454294392822974e-16,0.9999999999999993,-4.506339633133783,2.6263934584043693
2025-12-08,1000,911,0.911,909,0.01891297950414882,0.0015885268315278438,-1.7159100095194516e-16,0.9999999999999993,-4.5804945815329186,2.722474325785112
2025-12-09,1000,909,0.909,906,0.019531318447696483,0.01345907026668372,1.8760204244491094e-16,0.9999999999999994,-4.740277375181474,2.5863124458270366
2025-12-10,1000,911,0.911,909,0.018221692977971153,0.021108957435837922,-4.289775023798629e-17,0.9999999999999996,-4.625292656243733,2.5339497701050866
2025-12-11,1000,909,0.909,905,0.016970053330961785,0.019032996446091723,9.184683328032098e-17,1.0000000000000009,-4.885469505601814,2.562142564552873
2025-12-12,1000,909,0.909,903,-0.0016174814821919828,-0.016369743720860416,-2.305941771718697e-16,1.0000000000000004,-4.781484587627133,2.4345895556989188
2025-12-15,1000,908,0.908,904,0.03722458676222907,0.014777421094663006,1.6433257104583814e-16,0.9999999999999996,-5.04166241104376,2.412029873432893
2025-12-16,1000,908,0.908,904,0.04735850242390252,0.02781104558259141,-8.607896578591522e-17,1.0000000000000002,-5.116974153563158,2.2769924339139633
2025-12-17,1000,908,0.908,903,0.04246887901792699,0.035110328096552255,-4.303948289295761e-17,0.9999999999999996,-5.0248461914594245,2.3558585447992932
2025-12-18,1000,906,0.906,903,0.05914203332663755,0.05303829089094665,-1.1763952578809607e-16,1.000000000000001,-4.941921718243373,2.4323799240192834
2025-12-19,1000,905,0.905,902,0.03684989536850773,0.02818913378341918,-1.0991821326675584e-16,1.0,-4.768778364273036,2.346145526891689
2025-12-22,1000,904,0.904,902,0.03403682434169746,0.02416960360422263,1.257597762407257e-16,1.0,-4.779223922775825,2.2124412225588674
2025-12-23,1000,904,0.904,903,0.04243531360565653,0.05173580287082666,3.929993007522678e-17,1.0000000000000004,-4.881641345413063,2.0525232104504627
2025-12-24,1000,904,0.904,903,0.06100163483423245,0.0739678816707768,7.859986015045356e-18,1.0,-5.364344557820625,2.079249452711805
2025-12-25,1000,903,0.903,903,0.03747927272897512,0.044464302293989205,-1.4163642573291033e-16,1.0000000000000002,-5.340834061227037,2.1142875457920445
2025-12-26,1000,903,0.903,902,0.011849594362071024,0.012961505438390818,-4.7212141910970113e-17,0.9999999999999996,-5.47941105281239,2.2444890956454393
2025-12-29,1000,903,0.903,902,0.03645968845479557,0.05213791938758148,3.1474761273980073e-17,1.0,-5.3398746074990795,2.215625407205993
2025-12-30,1000,902,0.902,902,0.030212735941006368,0.04138179123188322,4.2538035178542584e-16,0.9999999999999994,-5.249944235268656,2.169357444095357
2025-12-31,1000,902,0.902,901,0.013371512761624026,0.02633095903780899,2.363224176585699e-16,1.0,-4.9878075048319435,2.2122772652421037
2026-01-05,1000,902,0.902,901,-0.007970624518158184,0.003973064076364982,-1.1422250186830879e-16,1.0000000000000007,-5.003737490891516,2.3136325943859055
2026-01-06,1000,903,0.903,902,-0.0005289778379357207,0.014353653616925418,5.114648707021762e-17,0.9999999999999993,-4.878327737069162,2.310635038133612
2026-01-07,1000,904,0.904,903,-0.017084090375124,-0.007081387157873205,-7.859986015045356e-18,1.0000000000000007,-4.74407781552861,2.2861848651000383
2026-01-08,1000,906,0.906,904,-0.014947958591524578,-0.0011949851314156756,1.9606587631349342e-16,1.0,-5.075606785535577,2.242383618268053
2026-01-09,1000,906,0.906,903,-0.04035290240479806,-0.03563534165258422,3.9213175262698686e-18,0.9999999999999998,-5.695257957416267,2.3022707819077324
2026-01-12,1000,906,0.906,902,-0.034402043227495856,-0.0434243472476835,4.313449278896855e-17,0.9999999999999997,-6.1018000042664085,2.409904821451068
2026-01-13,1000,905,0.905,903,-0.014892375648185874,-0.019227935360931873,1.805799217953846e-16,1.0000000000000002,-6.048237481291573,2.440836194692485
2026-01-14,1000,904,0.904,903,-0.03146063287448801,-0.043120757387480536,2.515195524814514e-16,0.9999999999999998,-5.833922170545336,2.425103776708288
2026-01-15,1000,903,0.903,902,-0.00691529892900953,-0.00020563863642894103,-2.3212636439560303e-16,1.0000000000000004,-5.779040475574002,2.30169070180741
2026-01-16,1000,901,0.901,900,-0.012284603137400919,-0.024220002560992052,3.469909031458869e-16,1.0000000000000004,-5.564139326010392,2.4417044198350455
2026-01-19,1000,902,0.902,900,-0.021381568449578045,-0.03392450557959594,4.726448353171398e-17,0.9999999999999998,-5.604355285452614,2.495896143359188
2026-01-20,1000,904,0.904,902,0.02801422830258665,0.04349967800693654,-5.501990210531749e-17,0.9999999999999996,-5.469975113136707,2.4984171508887814
2026-01-21,1000,903,0.903,901,0.007863761704805065,0.011323898125579702,7.081821286645516e-17,1.0,-5.468011096038318,2.4722693998556187
2026-01-22,1000,904,0.904,900,0.008935334751227993,-0.01915399927084683,9.431983218054427e-17,0.9999999999999994,-5.584886812092328,2.509686389384609
2026-01-23,1000,908,0.908,904,-0.004475369849187861,-0.061790755264483514,0.0,0.9999999999999999,-5.685226530890955,2.39079906344383
2026-01-26,1000,905,0.905,902,-0.021752835034459055,-0.06822268416968201,-9.4215611371505e-17,1.0,-5.571472974010203,2.2424429154429477
2026-01-27,1000,905,0.905,902,-0.006487570721661388,-0.043711430568563525,-1.5702601895250834e-17,0.9999999999999994,-5.711042414874718,2.166861854741627
2026-01-28,1000,906,0.906,903,-0.034271422438605134,-0.08176792420574391,-1.0195425568301659e-16,0.9999999999999996,-4.701971728085825,2.1337984591696304
2026-01-29,1000,906,0.906,904,-0.03687687629812222,-0.07391360387502202,-3.137054021015895e-17,1.0000000000000002,-4.762334204379397,2.0330210411240768
2026-01-30,1000,906,0.906,903,0.005417365375425563,-0.04603645200034801,-3.137054021015895e-17,1.0000000000000007,-4.767718889520336,2.009111344442653
2026-02-02,1000,905,0.905,904,0.022327823411746005,-0.02561938923916913,1.4132341705725748e-16,0.9999999999999998,-4.590349305606362,2.1286373252279263
2026-02-03,1000,905,0.905,904,0.027007961319701134,-0.016335499346510424,3.140520379050167e-17,0.9999999999999999,-4.651797935325628,2.0737061091842452
2026-02-04,1000,907,0.907,906,0.0306297123003214,-0.011473013566585345,-4.308693546505569e-16,0.9999999999999994,-4.576443819098174,2.0912659258602178
2026-02-05,1000,907,0.907,906,0.02210169924613594,-0.026554781988860972,-6.26719061309901e-17,1.0,-4.559951853402484,2.060730908349074
2026-02-06,1000,905,0.905,904,0.008074042177408296,-0.018169589866727155,-2.276877274811371e-16,0.9999999999999996,-4.638629949814436,2.136481386847902
2026-02-09,1000,905,0.905,905,-0.012317476408874987,-0.03695667606823636,4.71078056857525e-17,0.9999999999999999,-4.829962849400963,2.194016347216111
2026-02-10,1000,907,0.907,906,-0.02845392108079045,-0.045273122322883934,-1.0184184746285891e-16,0.9999999999999992,-4.692085924852425,2.190062038185361
2026-02-11,1000,907,0.907,906,-0.041337668988146774,-0.06037656858530748,-1.4884577706110147e-16,0.9999999999999999,-4.729899780435967,2.1864417254375432
2026-02-12,1000,907,0.907,907,-0.0753944557199755,-0.08079872910366188,-4.700392959824257e-17,1.0000000000000004,-4.828107931606711,2.2131358185758274
2026-02-13,1000,906,0.906,905,-0.06920581788637363,-0.07872903892400053,1.0195425568301659e-16,1.0,-4.752188510451719,2.222392863733773
2026-02-24,1000,906,0.906,905,-0.08525130526380229,-0.09724886169829869,8.62689855779371e-17,1.0000000000000004,-4.707084642074607,2.3602903808068314
2026-02-25,1000,907,0.907,907,-0.10682658462873096,-0.12196305287498355,1.64513753593849e-16,1.0000000000000007,-4.463280989844082,2.365869528005143
2026-02-26,1000,906,0.906,906,-0.1119860977796057,-0.11092308446419702,2.2743641652365236e-16,0.9999999999999994,-4.285041536511985,2.3853260028437004
2026-02-27,1000,906,0.906,904,-0.10639233133027576,-0.10271467581015366,-2.0390851136603317e-16,0.9999999999999996,-4.459800963571197,2.354249555652724
2026-03-02,1000,906,0.906,906,-0.10923289035244571,-0.09191477928453642,1.1763952578809607e-16,1.0000000000000004,-4.405697190362239,2.2756453038625377
2026-03-03,1000,906,0.906,906,-0.0687000472805801,-0.05627283477915718,-1.0195425568301659e-16,1.0,-4.423253265030037,2.268049353867318
2026-03-04,1000,905,0.905,905,-0.10377287331296667,-0.08972327465285608,-1.2954646563581938e-16,0.9999999999999998,-4.379957134355498,2.3461307679814167
2026-03-05,1000,906,0.906,906,-0.09865520685117561,-0.07627686168049858,-1.6861665362960435e-16,1.0000000000000004,-4.401410864272562,2.2288042380984003
2026-03-06,1000,907,0.907,907,-0.0558794219602203,-0.056787462697301797,3.407784895872586e-16,0.9999999999999996,-4.353598366750408,2.1702963826380577
2026-03-09,1000,907,0.907,907,-0.0876472072228898,-0.07832866346983701,-1.3317780052835394e-16,1.0000000000000016,-4.43652024717507,2.18105268638021
2026-03-10,1000,909,0.909,909,-0.07124737165243022,-0.07039609533100231,1.3288478006514525e-16,1.0000000000000007,-4.5362004428382425,2.1334648526354796
2026-03-11,1000,910,0.91,910,-0.05910929507773188,-0.07280392487235234,-6.246529545143738e-17,0.9999999999999994,-4.787642551175562,2.1948798198806694
2026-03-12,1000,910,0.91,910,-0.06820609557362221,-0.07974089608469292,1.2493059090287476e-16,0.9999999999999999,-5.109527229811148,2.1495434097093575
2026-03-13,1000,910,0.91,910,-0.018460913292863437,-0.03719596706515138,-8.58897812457264e-17,1.0000000000000009,-5.126397776123319,2.0887930501214527
2026-03-16,1000,911,0.911,911,-0.006904730597289701,-0.03331764152945602,-6.629652309506971e-17,0.9999999999999993,-5.090238480018669,2.1832081097623495
2026-03-17,1000,912,0.912,912,0.024476705481939063,-0.0003747362006761712,-1.675073335399359e-16,1.0,-5.282485754831213,2.272214309967199
2026-03-18,1000,912,0.912,911,0.028807437498241873,0.008598478003763394,-1.8698493046318425e-16,0.9999999999999994,-5.144801294566735,2.452883827780217
2026-03-19,1000,910,0.91,909,0.04294284433664697,0.03197320349926213,0.0,0.9999999999999991,-5.192679258519856,2.5248787125724266
2026-03-20,1000,909,0.909,907,0.04519063794635838,0.027440089920504167,1.0161777299099343e-16,1.0000000000000004,-5.003228961266038,2.4598673988628943
2026-03-23,1000,904,0.904,902,0.0021089142335969225,0.014118566196000965,3.1439944060181424e-17,1.0000000000000002,-5.09171026590359,2.4817277909738156
2026-03-24,1000,908,0.908,905,0.04561824511264983,0.05159676297866095,5.477752368194605e-17,1.0000000000000002,-4.900666201821366,2.436961098474371
2026-03-25,1000,910,0.91,907,0.031020056410955413,0.03909008578643701,-3.9040809657148365e-17,0.9999999999999997,-4.899734649755449,2.446027824338359
2026-03-26,1000,909,0.909,905,0.04957036942718083,0.03721312472795495,-5.471726237976569e-17,1.0000000000000002,-4.6412547061627265,2.43112673313384
2026-03-27,1000,910,0.91,908,0.010151079337777359,-0.0032219946490739055,-1.834918053885973e-16,1.0000000000000002,-4.531620415320418,2.3576961574360573
2026-03-30,1000,910,0.91,906,-0.005583372638310709,-0.03576907351255855,2.3034077697717535e-16,0.9999999999999999,-4.4275811679092305,2.408603417141851
2026-03-31,1000,911,0.911,905,0.008125649410597053,-0.04795641109988914,-1.1309406880923659e-16,1.0000000000000004,-4.481907631059209,2.3548692703883645
2026-04-01,1000,909,0.909,907,0.013594673583663274,-0.037853840508434614,3.0485331897298027e-16,1.0000000000000004,-4.46916337057441,2.327550519238856
2026-04-02,1000,910,0.91,909,0.04433053770452161,0.003355114789009018,0.0,1.0,-4.633073723720235,2.6049206316289704
2026-04-03,1000,909,0.909,909,0.039057316790090425,0.011562610674373414,-1.563350353707591e-17,0.9999999999999996,-4.63323900118791,2.633312188796171
2026-04-07,1000,910,0.91,910,0.0491393035981871,0.014786304010008055,1.0931426704001542e-16,0.9999999999999989,-4.545515278640326,2.56857070119018
2026-04-08,1000,911,0.911,911,0.033570916760557006,0.0007270562789500806,2.7298568333264004e-16,0.9999999999999994,-4.605236686657931,2.570233764167209
2026-04-09,1000,910,0.91,910,0.00010229007889958691,-0.023418541028155226,-3.435591249829056e-16,0.9999999999999999,-4.556202638316168,2.5567556389308788
2026-04-10,1000,910,0.91,910,0.01496745617018614,0.0022222781869471186,2.420530198743198e-16,0.9999999999999998,-4.590185893109713,2.5634434605489393
2026-04-13,1000,910,0.91,910,-0.02986962552319713,-0.03181827971582161,-2.7328566760003855e-16,1.0000000000000004,-4.7539238797460595,2.6256203078010123
2026-04-14,1000,913,0.913,913,-0.05897573677049711,-0.047248482451597275,-1.51758853749419e-16,1.0000000000000007,-4.661774012290252,2.5935996313547034
2026-04-15,1000,913,0.913,913,-0.0675037471727538,-0.058472440737914834,-3.5021273942173615e-17,0.9999999999999998,-4.63297026318149,2.5572888799914297
2026-04-16,1000,912,0.912,912,-0.08492526532423234,-0.074939300830952,3.5059674461847047e-17,1.000000000000001,-4.823178427685233,2.5316720365210963
2026-04-17,1000,913,0.913,912,-0.08279334082992848,-0.10063399997560639,-4.280377926265664e-17,0.9999999999999992,-4.744920436909986,2.4873784813319313
2026-04-20,1000,912,0.912,911,-0.07955134179969377,-0.09191028153707288,1.0128350400089147e-16,1.0000000000000007,-4.800636150311963,2.4357769057805
2026-04-21,1000,911,0.911,911,-0.06961310885691101,-0.09231280339895272,9.359509142833372e-17,0.9999999999999999,-4.9565026572953075,2.354079286620891
2026-04-22,1000,913,0.913,912,-0.0996595491596639,-0.1266326451873096,2.7238768621690587e-17,1.0000000000000002,-5.16902020969211,2.3120427454989483
2026-04-23,1000,909,0.909,909,-0.06698745736738985,-0.10077775160554081,-2.7358631189882845e-17,0.9999999999999991,-5.081295900341494,2.204728459529329
2026-04-24,1000,910,0.91,908,-0.06682765418447223,-0.09540048749472961,-5.856121448572254e-17,1.0,-5.195179371704609,2.2090127743273498
2026-04-27,1000,909,0.909,909,-0.03599942256191803,-0.07722090098203432,2.3450255305613868e-17,0.9999999999999996,-5.276688305294037,2.310875585803783
2026-04-28,1000,909,0.909,906,-0.023859779420049947,-0.05701920314788484,1.5633503537075913e-16,0.9999999999999997,-5.286823077105067,2.2794475213709413
2026-04-29,1000,908,0.908,903,-0.026822319104406942,-0.0528292203979805,-8.607896578591522e-17,1.0,-5.370115940755046,2.3225880842817577
2026-04-30,1000,905,0.905,904,-0.012596009557277096,-0.05082798208614743,1.0206691231913042e-16,1.0,-5.473909275813807,2.5219044823996004
2026-05-06,1000,906,0.906,905,-0.020256929522515316,-0.05941913207011493,8.234766805166724e-17,1.0,-5.31381013693103,2.5138690464181446
2026-05-07,1000,909,0.909,909,-0.013479764542746802,-0.055437987522429455,-2.0323554598198686e-16,1.0,-5.08297263696718,2.5429106674726736
2026-05-08,1000,909,0.909,909,-0.05020941509472465,-0.08550113906680401,7.816751768537955e-18,0.9999999999999999,-4.98105787824156,2.4954287846525562
2026-05-11,1000,910,0.91,910,-0.04953318482617711,-0.06738252310412161,3.669836107771946e-16,1.0000000000000002,-4.959535376794437,2.367738910167045
2026-05-12,1000,908,0.908,908,-0.0318128993996454,-0.05200899951428938,0.0,1.0,-4.990328799702721,2.4096917122978363
2026-05-13,1000,909,0.909,909,-0.03606032247972857,-0.042306198475780196,-1.5242665948649013e-16,1.0,-4.701559690628528,2.4424847201306346
2026-05-14,1000,906,0.906,906,0.0024047270548079244,-0.04000841978994335,-8.62689855779371e-17,1.0000000000000007,-4.8870294360247835,2.5279946226581096
2026-05-15,1000,904,0.904,904,0.00850060038360377,-0.038925594422542044,-4.7159916090272136e-17,1.0000000000000004,-5.0065519030910375,2.5932236650015277
2026-05-18,1000,904,0.904,904,0.03561926170297866,0.010779295837890128,8.252985315797624e-17,0.9999999999999997,-4.830924404000741,2.6283603918480716
2026-05-19,1000,904,0.904,904,0.05320451756679224,0.01651249537068657,-2.3579958045136068e-17,1.0000000000000002,-4.925907889347861,2.5458988362552475
2026-05-20,1000,902,0.902,902,0.05023526895205439,0.00013031465007368756,2.835869011902839e-16,1.0000000000000002,-4.867149146532724,2.5388436478162797
2026-05-21,1000,900,0.9,900,0.05300388922909416,-0.001811236811449713,-1.0658141036401502e-16,1.0000000000000007,-4.5737990624762555,2.619655446682585
2026-05-22,1000,900,0.9,900,0.052132510934624766,0.0022859452466146295,-1.223712489364617e-16,1.0,-4.653202609773318,2.60853932912941
2026-05-25,1000,900,0.9,900,0.04063035836922769,0.01338880720382813,-9.473903143468003e-17,0.9999999999999992,-4.49545839731765,2.6444619482724643
2026-05-26,1000,900,0.9,900,0.06192912755351356,0.030597307782463022,3.5921882752316176e-16,0.9999999999999992,-4.55277668015876,2.567419469765052
2026-05-27,1000,897,0.897,897,0.07526711640994709,0.0358133638536345,5.940992773913881e-17,0.9999999999999999,-4.502209634138444,2.5580234691326886
2026-05-28,1000,896,0.896,895,0.07123236450749958,0.020028793312158198,-2.339398516174437e-16,1.0000000000000002,-4.660543515785657,2.493614905396984
2026-05-29,1000,895,0.895,893,0.07584532139337333,0.023732344015029768,-9.526829976671734e-17,1.0000000000000002,-4.599570614502797,2.454620973144516
2026-06-01,1000,898,0.898,897,0.1068491727701151,0.07722943936570836,-1.463812985697311e-16,0.9999999999999991,-4.522637428633579,2.4383378811702667
2026-06-02,1000,896,0.896,895,0.12007552877525349,0.09370417039373959,1.9032394707859825e-16,1.0,-4.822861865965552,2.4476951467268284
2026-06-03,1000,895,0.895,894,0.11339850502140321,0.08400873100002548,1.3099391217923636e-16,0.9999999999999988,-4.583468296271901,2.4998787246584206
2026-06-04,1000,895,0.895,895,0.07858929732725568,0.035509341487767195,1.9847562451399447e-17,0.9999999999999999,-4.5752373119810565,2.471608768385898
2026-06-05,1000,895,0.895,895,0.08327396112328479,0.03942897783574455,2.4214026190707324e-16,1.0000000000000002,-4.363499573420672,2.56414335813683
2026-06-08,1000,892,0.892,892,0.07761111555797695,0.026523646022112504,-3.1862902948883416e-17,1.0000000000000002,-4.36826266381786,2.558113496575609
2026-06-09,1000,894,0.894,894,0.028070167690206208,-0.015650679311935655,-7.947905321701344e-18,1.0000000000000007,-4.321223347439804,2.5481098059486493
2026-06-10,1000,891,0.891,891,0.029926643827917876,-0.016783265791313926,-1.275946551308822e-16,1.0000000000000002,-4.467168556339834,2.495049585569907
2026-06-11,1000,891,0.891,891,0.002651612855451704,-0.016210763455090763,-5.980999459260102e-17,0.9999999999999998,-4.512509049664016,2.3702527907093818
2026-06-12,1000,892,0.892,892,-0.008619908403444893,-0.02929507163564343,-1.9914314343052136e-16,0.9999999999999999,-4.673117805041937,2.3879349345128467
2026-06-15,1000,892,0.892,892,-0.07468411881936796,-0.1028097597480798,0.0,1.0000000000000004,-4.503746172024322,2.45664908350773
2026-06-16,1000,892,0.892,892,-0.11139606816050718,-0.13000667642734542,-2.4295463498523606e-16,1.0000000000000004,-4.528452091841761,2.6799050885299107
2026-06-17,1000,892,0.892,892,-0.13123848908208718,-0.14169820698047053,-4.3811491554714695e-17,1.0000000000000002,-4.478869078257185,2.7097061703042753
2026-06-18,1000,890,0.89,890,-0.1385829937245219,-0.13593378287707228,1.037871411784416e-16,1.0000000000000004,-4.390328748549686,2.6506511464966622
2026-06-22,1000,892,0.892,892,-0.1369820037423467,-0.13332856758669542,-1.5134878900719622e-16,1.0,-4.433088028507416,2.5753294279208503
2026-06-23,1000,892,0.892,892,-0.0978499587755407,-0.11140785315760014,9.558870884665025e-17,1.0000000000000002,-4.437388037412276,2.6216640626422985
2026-06-24,1000,890,0.89,889,-0.10283836319472127,-0.1076630707800212,-2.3950878733486524e-17,0.9999999999999994,-4.421209040097191,2.573621886430661
2026-06-25,1000,889,0.889,888,-0.11599008465590266,-0.1127017585764906,-1.9182256083512265e-16,0.9999999999999996,-4.403642498586613,2.5258419600333704
2026-06-26,1000,886,0.886,884,-0.14172163618606354,-0.1368552359174104,-4.0098348519193013e-16,1.0,-4.4352131397573995,2.5367168818926036
2026-06-29,1000,884,0.884,883,-0.1227020167750002,-0.12094023131048842,-2.652478538470962e-16,1.0000000000000004,-4.721702112213593,2.5391373806322175
2026-06-30,1000,881,0.881,880,-0.15199141828172671,-0.142394744048342,2.6615108149924297e-16,1.0000000000000009,-4.815566935310247,2.5503159910950837
2026-07-01,1000,889,0.889,889,-0.1539038303948549,-0.1438443331230456,-1.0390388711902478e-16,0.9999999999999997,-4.802576959093762,2.6230161424238236
2026-07-02,1000,886,0.886,886,-0.18670214825941264,-0.17216051506936966,-1.1227537585374044e-16,1.0000000000000009,-4.047236464058394,2.757975467691635
2026-07-03,1000,886,0.886,886,-0.14260002487776466,-0.1208400091606457,2.0049174259596506e-16,1.0000000000000007,-4.171506335145005,2.812348558723336
2026-07-06,1000,898,0.898,898,-0.12085920085301757,-0.12217512451379506,1.9781256563477178e-16,1.0000000000000004,-4.864739965792519,2.4043918655000582
2026-07-07,1000,895,0.895,895,-0.11832474052478494,-0.11858311863607876,5.557317486391845e-17,0.9999999999999994,-4.902058359563341,2.42217810672278
2026-07-08,1000,894,0.894,894,-0.08230187095758454,-0.07158992059604657,-1.3511439046892285e-16,0.9999999999999993,-4.455707710057494,2.402853268538654
2026-07-09,1000,894,0.894,894,-0.09414331273422673,-0.09909243372990706,7.15311478953121e-17,1.0000000000000002,-4.702261775130344,2.377425664544523
2026-07-10,1000,896,0.896,896,-0.08177575747673951,-0.09019219176586522,3.806478941571965e-16,0.9999999999999999,-4.65402934712592,2.3530091000303277
2026-07-13,1000,895,0.895,894,-0.0856472974635887,-0.09298838849630595,-1.5878049961119556e-17,1.0,-4.553696282304175,2.3517103696816672
2026-07-14,1000,895,0.895,894,-0.060002772338679754,-0.057877980289616625,-7.1451224825038e-17,1.0,-4.461881383562936,2.3374629086230527
2026-07-15,1000,899,0.899,898,-0.02131731885600907,-0.0063165771356733045,7.903701176419357e-18,0.9999999999999997,-4.556636798513974,2.2634472496413056
2026-07-16,1000,901,0.901,900,-0.0043310069565902975,0.00214399472526024,-2.2081239291101894e-16,0.9999999999999997,-4.502477171765053,2.267184041830333
2026-07-17,1000,897,0.897,896,0.0073686973814960114,0.055175832816284145,2.614036820522108e-16,1.0000000000000007,-4.488309089788854,2.3364522349100176
2026-07-20,1000,898,0.898,897,0.047575082734715314,0.11946569879201671,-6.330002100312696e-17,1.0000000000000002,-4.38670639704082,2.413466489886905
2026-07-21,1000,895,0.895,894,-0.04300611514628617,0.07719399587680406,-3.175609992223911e-17,1.0,-4.374511056446903,2.4152597717057143
2026-07-22,1000,895,0.895,892,-0.07437716905727,0.04323109804092596,-2.85804899300152e-16,1.0000000000000009,-4.486857976731284,2.5797876654582694
2026-07-23,1000,896,0.896,894,-0.0958519830838487,0.031892706624652066,1.189524669241239e-16,1.0,-4.459222077586632,2.568465578483961
2026-07-24,1000,892,0.892,890,-0.07691983149068694,0.034967106595805056,1.1152016032109196e-16,1.0000000000000004,-4.378161222291788,2.521878237885515
2026-07-27,1000,897,0.897,896,-0.15753065230867924,-0.07314482642534417,3.1685294794207366e-17,0.9999999999999999,-4.731207357925714,2.3617729926261353
2026-07-28,1000,898,0.898,896,-0.124842323301076,-0.03228634988536777,4.7475015752345225e-17,1.0000000000000002,-4.774263772306878,2.424746597542133
2026-07-29,1000,903,0.903,902,-0.13055649058510815,-0.05569393840444037,-3.1474761273980073e-17,0.9999999999999983,-4.652663709718286,2.3736092707661363
2026-07-30,1000,904,0.904,903,-0.08204890751346722,0.011122671949765166,-7.07398741354082e-17,0.9999999999999989,-4.821901597800426,2.2957923661757444
2026-07-31,1000,907,0.907,906,-0.0943601272608398,-0.041824061904989863,-1.5667976532747524e-17,1.0,-4.688798947445769,2.0652177187016365
2026-08-03,1000,908,0.908,907,-0.08932282017796538,-0.07489001379046323,1.5650721051984587e-17,1.0000000000000007,-4.729792542991972,1.9869406131637426
2026-08-04,1000,904,0.904,904,-0.12409503225097929,-0.07796805007510561,2.1221962240622462e-16,1.0000000000000004,-4.8400809041194615,2.049494944073834
2026-08-05,1000,904,0.904,904,-0.1639326093086742,-0.09794741699945644,-3.929993007522678e-17,1.0000000000000007,-4.86044861629654,2.109321596629857
2026-08-06,1000,905,0.905,905,-0.14897029023291866,-0.06935871175747972,-9.4215611371505e-17,0.9999999999999997,-4.908593176891935,2.1843333399956606
2026-08-07,1000,905,0.905,905,-0.17415609358069942,-0.0873231126908841,2.6694423221926416e-16,1.0,-5.048791044021807,2.114506241995353
2026-08-10,1000,907,0.907,906,-0.16439638905109089,-0.08063509070375996,7.833988266373762e-18,0.9999999999999997,-4.932545756910006,2.2380231829428276
2026-08-11,1000,905,0.905,905,-0.14080973416541762,-0.08300426154732168,0.0,0.9999999999999991,-4.902997626114575,2.1630898871001825
2026-08-12,1000,905,0.905,905,-0.1598337685977431,-0.11461575426748698,-2.355390284287625e-17,0.9999999999999996,-5.184597775813599,2.1417231650376443
2026-08-13,1000,907,0.907,907,-0.15864715877837599,-0.12096897145411381,-8.617387093011138e-17,1.0000000000000002,-5.265957491463096,2.189357240384852
2026-08-14,1000,899,0.899,898,-0.17678433646766845,-0.1312539250853192,1.462184717637581e-16,0.9999999999999999,-5.086998851380462,2.2788411643493336
2026-08-17,1000,902,0.902,900,-0.1425549468442367,-0.10973953212915351,-3.7023845433175954e-16,1.0000000000000007,-5.1272714281392515,2.2226328840196854
2026-08-18,1000,901,0.901,899,-0.0885813607287969,-0.08672159106688361,-7.097541200711323e-17,0.9999999999999998,-5.105685349183452,2.2476466953927425
