date,group,formed_count,valid_count,mean_forward_return
2023-01-03,1,181,181,0.08110679691556277
2023-01-03,2,181,181,0.06019836806198083
2023-01-03,3,181,181,0.06484592536460644
2023-01-03,4,181,181,0.07659879112788777
2023-01-03,5,180,180,0.06988569970188932
2023-01-04,1,181,181,0.06465912470619124
2023-01-04,2,181,181,0.0425522022216748
2023-01-04,3,181,181,0.05929459776044206
2023-01-04,4,181,181,0.05737754188792709
2023-01-04,5,181,181,0.05182701846953791
2023-01-05,1,182,182,0.07261313119370676
2023-01-05,2,181,181,0.05285948872481288
2023-01-05,3,181,181,0.06990123008791801
2023-01-05,4,181,181,0.06163558547051812
2023-01-05,5,181,181,0.06376128954072409
2023-01-06,1,182,182,0.06820545018734021
2023-01-06,2,181,180,0.04797348884990132
2023-01-06,3,181,181,0.06300053230879864
2023-01-06,4,181,181,0.05978395671234955
2023-01-06,5,181,181,0.059164862354034994
2023-01-09,1,181,181,0.07322033805075626
2023-01-09,2,181,181,0.056646401841727236
2023-01-09,3,181,181,0.07188631630320279
2023-01-09,4,181,181,0.06711392516505157
2023-01-09,5,181,181,0.06972774771245278
2023-01-10,1,181,181,0.07438113099085479
2023-01-10,2,181,181,0.05887524720990927
2023-01-10,3,181,181,0.06407435695766908
2023-01-10,4,181,181,0.07283439586745964
2023-01-10,5,181,181,0.06958957144535934
2023-01-11,1,181,181,0.07749642845873582
2023-01-11,2,181,181,0.06522348658607109
2023-01-11,3,180,180,0.07690482978472359
2023-01-11,4,181,180,0.07709186192433719
2023-01-11,5,180,180,0.07214930527580812
2023-01-12,1,181,181,0.059030123681024595
2023-01-12,2,180,180,0.049307792988050006
2023-01-12,3,181,181,0.05795177209535658
2023-01-12,4,180,180,0.05860449414428145
2023-01-12,5,180,180,0.05598142207083888
2023-01-13,1,181,181,0.04629701411685838
2023-01-13,2,180,180,0.03758196536397323
2023-01-13,3,181,181,0.04287541611498614
2023-01-13,4,180,180,0.044455607000813066
2023-01-13,5,180,180,0.047743496895202055
2023-01-16,1,181,181,0.05131707500817861
2023-01-16,2,181,181,0.04438701428135043
2023-01-16,3,181,181,0.053159943641332655
2023-01-16,4,181,181,0.05031936143671798
2023-01-16,5,181,181,0.059389268165099915
2023-01-17,1,182,182,0.049023468692418824
2023-01-17,2,181,181,0.046153923598367445
2023-01-17,3,181,181,0.048696036220487786
2023-01-17,4,181,181,0.054904447967739835
2023-01-17,5,181,181,0.055789398306849196
2023-01-18,1,182,182,0.04970484489485126
2023-01-18,2,182,182,0.05413357636643195
2023-01-18,3,182,182,0.04551260470040889
2023-01-18,4,182,182,0.06667351524470067
2023-01-18,5,181,181,0.06088257258390162
2023-01-19,1,182,182,0.04227006358746689
2023-01-19,2,181,181,0.04224374906048263
2023-01-19,3,182,182,0.027836914451766805
2023-01-19,4,181,181,0.04612376133947517
2023-01-19,5,181,181,0.04836225538189554
2023-01-20,1,183,183,0.024315994674483244
2023-01-20,2,182,182,0.014482052594138182
2023-01-20,3,183,183,0.007397323553938746
2023-01-20,4,182,182,0.010655544768463279
2023-01-20,5,182,182,0.02521830698193938
2023-01-30,1,183,183,0.025835541151277144
2023-01-30,2,183,183,0.020361655806584222
2023-01-30,3,182,182,0.012625404275770082
2023-01-30,4,183,183,0.02441817910342433
2023-01-30,5,182,182,0.026450399938128644
2023-01-31,1,183,183,0.02432015633595742
2023-01-31,2,183,183,0.02613989493900095
2023-01-31,3,183,183,0.019871457633650988
2023-01-31,4,183,183,0.02491489491138909
2023-01-31,5,182,182,0.022894056622460048
2023-02-01,1,184,184,0.020167729084530323
2023-02-01,2,183,183,0.01816485043500566
2023-02-01,3,183,183,0.017301370918372746
2023-02-01,4,183,183,0.008999548299443922
2023-02-01,5,183,183,0.020414009560331653
2023-02-02,1,184,184,0.023594280441363726
2023-02-02,2,183,183,0.029292878094210998
2023-02-02,3,184,184,0.017998341866752178
2023-02-02,4,183,183,0.01082268442164616
2023-02-02,5,183,183,0.01735616440055353
2023-02-03,1,184,184,0.027832768950700405
2023-02-03,2,184,184,0.029213578076922042
2023-02-03,3,184,184,0.033597657367986075
2023-02-03,4,184,184,0.01568658621440957
2023-02-03,5,183,182,0.027854406903283748
2023-02-06,1,184,184,0.027041265903275487
2023-02-06,2,184,184,0.02279395552716531
2023-02-06,3,183,183,0.03448833836115866
2023-02-06,4,184,184,0.012607259025197133
2023-02-06,5,183,182,0.023510145084019683
2023-02-07,1,184,184,0.0011962784346029175
2023-02-07,2,184,184,0.004124667275514815
2023-02-07,3,184,184,0.0035877319399516792
2023-02-07,4,184,184,-0.010563876900460983
2023-02-07,5,183,182,-0.006030897666203994
2023-02-08,1,184,184,0.015341316208798923
2023-02-08,2,184,184,0.023930984585934286
2023-02-08,3,184,184,0.020176489197018525
2023-02-08,4,184,184,0.0050932270481181905
2023-02-08,5,183,182,0.01644239947848459
2023-02-09,1,185,185,-0.00033231782599664884
2023-02-09,2,184,184,0.001761468054664058
2023-02-09,3,184,184,-0.00500359658532081
2023-02-09,4,184,184,-0.016706364089644477
2023-02-09,5,184,183,-0.016466156048176982
2023-02-10,1,185,185,-0.008777919292165516
2023-02-10,2,184,184,-0.006958953889454903
2023-02-10,3,184,184,-0.009799971628197372
2023-02-10,4,184,184,-0.028953339511477338
2023-02-10,5,184,184,-0.03161468419179143
2023-02-13,1,184,184,-0.009078224970385025
2023-02-13,2,184,184,-0.005390580881878892
2023-02-13,3,184,184,-0.013768087971285883
2023-02-13,4,184,184,-0.030090357017462627
2023-02-13,5,184,184,-0.04176659086605441
2023-02-14,1,185,185,-0.01744037517363711
2023-02-14,2,184,184,-0.012883182666109484
2023-02-14,3,184,184,-0.015427688339607885
2023-02-14,4,184,184,-0.036592486072059845
2023-02-14,5,184,184,-0.045012002503018234
2023-02-15,1,185,185,-0.022756271566574303
2023-02-15,2,184,184,-0.016037503037514854
2023-02-15,3,185,185,-0.016635996682792
2023-02-15,4,184,184,-0.04013577021508951
2023-02-15,5,184,184,-0.04277838137947596
2023-02-16,1,185,185,-0.005475247226949472
2023-02-16,2,184,184,-0.005218360375351281
2023-02-16,3,185,185,-0.0003511232569051452
2023-02-16,4,184,184,-0.030315778352911077
2023-02-16,5,184,184,-0.031755518508042695
2023-02-17,1,185,185,-0.0012220165267614103
2023-02-17,2,184,184,0.005973593476813178
2023-02-17,3,185,185,0.0010114802579985652
2023-02-17,4,184,184,-0.016059681197117922
2023-02-17,5,184,184,-0.01641926223019869
2023-02-20,1,186,186,-0.021249380703472456
2023-02-20,2,185,185,-0.018581736511981
2023-02-20,3,185,185,-0.01839863881781394
2023-02-20,4,185,185,-0.03801150907720618
2023-02-20,5,185,185,-0.03803586319336776
2023-02-21,1,187,187,-0.005392338864308499
2023-02-21,2,186,186,-0.007960237274577422
2023-02-21,3,186,186,-0.012066313124108803
2023-02-21,4,186,186,-0.020334112382864762
2023-02-21,5,186,186,-0.02396513542463929
2023-02-22,1,186,186,-0.0039039994990045586
2023-02-22,2,186,186,-0.009795835648559813
2023-02-22,3,186,186,-0.019358395775455846
2023-02-22,4,186,186,-0.016907435968131133
2023-02-22,5,186,186,-0.025985979203653767
2023-02-23,1,186,186,0.005553567709431138
2023-02-23,2,186,186,-0.00024273822821393502
2023-02-23,3,186,186,-0.005493192621820235
2023-02-23,4,186,186,-0.003074556126118641
2023-02-23,5,185,185,-0.012109165336332791
2023-02-24,1,186,186,0.005378423894002068
2023-02-24,2,186,186,0.003569117241220569
2023-02-24,3,186,186,-0.0004638213156965721
2023-02-24,4,186,186,0.006898267885683396
2023-02-24,5,185,185,-0.0015601404512364414
2023-02-27,1,185,185,0.009277081396734315
2023-02-27,2,185,185,0.004505396199882052
2023-02-27,3,185,185,0.0008370498970321061
2023-02-27,4,185,185,0.00036103643353598567
2023-02-27,5,184,184,0.0017618779307345346
2023-02-28,1,186,186,-0.0030691230360695
2023-02-28,2,185,185,-0.0024978399957623194
2023-02-28,3,186,186,-0.013278119476842442
2023-02-28,4,185,185,-0.007278693623778248
2023-02-28,5,185,185,-0.015613443925292738
2023-03-01,1,186,186,-0.021216051083063504
2023-03-01,2,186,186,-0.011202086367770743
2023-03-01,3,186,186,-0.02295128314982548
2023-03-01,4,186,186,-0.023328711322488576
2023-03-01,5,186,186,-0.032159321919196154
2023-03-02,1,186,186,-0.020911129643135826
2023-03-02,2,186,186,-0.011910040135182947
2023-03-02,3,186,186,-0.018959654692018657
2023-03-02,4,186,186,-0.018482934360006007
2023-03-02,5,186,186,-0.03341610359874146
2023-03-03,1,187,187,-0.009360390084623672
2023-03-03,2,186,186,-0.008048485895668853
2023-03-03,3,186,186,-0.00895768881474691
2023-03-03,4,186,186,-0.014703646757023589
2023-03-03,5,186,185,-0.022787397884353033
2023-03-06,1,186,186,-0.006100098855031162
2023-03-06,2,186,186,0.003947031006509277
2023-03-06,3,186,186,0.012645230876086457
2023-03-06,4,186,186,-0.0017534633585090198
2023-03-06,5,185,185,-0.0007613184128641843
2023-03-07,1,186,186,0.009383413243911296
2023-03-07,2,185,185,0.022290917870865755
2023-03-07,3,186,186,0.028509533643180356
2023-03-07,4,185,185,0.02536653024879843
2023-03-07,5,185,185,0.014863975366515611
2023-03-08,1,186,186,0.0052264948609073185
2023-03-08,2,186,186,0.015678184064183878
2023-03-08,3,185,185,0.033492301088803966
2023-03-08,4,186,186,0.015202832735537878
2023-03-08,5,185,185,0.01052200890069898
2023-03-09,1,186,186,0.019574924496470015
2023-03-09,2,186,186,0.03291537069043896
2023-03-09,3,185,185,0.048016812817884315
2023-03-09,4,186,186,0.030525363459858568
2023-03-09,5,185,185,0.033863066016560375
2023-03-10,1,185,185,0.017925900963189047
2023-03-10,2,185,185,0.03147797482105509
2023-03-10,3,184,184,0.04962825308805072
2023-03-10,4,185,185,0.024226004859137357
2023-03-10,5,184,184,0.03229101648494714
2023-03-13,1,185,185,0.013030190336404394
2023-03-13,2,184,184,0.024003331687588468
2023-03-13,3,185,185,0.04768417113126908
2023-03-13,4,184,184,0.016562128683909504
2023-03-13,5,184,184,0.036021555369336
2023-03-14,1,185,185,0.025192352783546007
2023-03-14,2,184,184,0.03701449178190861
2023-03-14,3,185,185,0.05276277963141238
2023-03-14,4,184,184,0.02696614725177066
2023-03-14,5,184,184,0.041408626702607434
2023-03-15,1,185,185,0.019891074948832892
2023-03-15,2,185,185,0.03952666318184128
2023-03-15,3,185,185,0.05411482812633168
2023-03-15,4,185,185,0.029101052474734004
2023-03-15,5,185,185,0.03003092513954921
2023-03-16,1,185,185,0.0253626367106844
2023-03-16,2,184,184,0.04358230183485241
2023-03-16,3,184,184,0.05348403649619551
2023-03-16,4,184,184,0.03650888693275362
2023-03-16,5,184,183,0.025842944617579574
2023-03-17,1,185,185,0.028910765030416327
2023-03-17,2,184,184,0.0436145123573933
2023-03-17,3,185,185,0.05147546542806395
2023-03-17,4,184,184,0.03826581612730977
2023-03-17,5,184,184,0.022509783927545646
2023-03-20,1,185,185,0.029180495243234787
2023-03-20,2,184,184,0.04995087778426697
2023-03-20,3,184,184,0.048969329870969684
2023-03-20,4,184,184,0.03640767337355006
2023-03-20,5,184,184,0.030984603434967707
2023-03-21,1,185,185,0.010650313706134371
2023-03-21,2,184,184,0.03670061608137315
2023-03-21,3,185,185,0.026283060279920663
2023-03-21,4,184,184,0.022956800979922965
2023-03-21,5,184,184,0.008041200680940249
2023-03-22,1,185,185,0.007663657313541751
2023-03-22,2,185,185,0.0351762351585115
2023-03-22,3,184,184,0.020069879265929798
2023-03-22,4,185,185,0.02542574267906504
2023-03-22,5,184,184,0.0030859554478150004
2023-03-23,1,185,185,-0.01951220807222688
2023-03-23,2,184,184,-0.0003951465201598671
2023-03-23,3,184,184,-0.009557876053315236
2023-03-23,4,184,184,-0.017877911381431237
2023-03-23,5,184,184,-0.026468865182297942
2023-03-24,1,185,185,-0.022947847632269272
2023-03-24,2,185,185,-0.010231674400700067
2023-03-24,3,185,185,-0.008662234944098983
2023-03-24,4,185,185,-0.023040020604113177
2023-03-24,5,184,184,-0.03141374494460498
2023-03-27,1,184,184,-0.034464926590373535
2023-03-27,2,184,184,-0.020573075999205312
2023-03-27,3,183,183,-0.02968473824872167
2023-03-27,4,184,184,-0.04137668920297209
2023-03-27,5,183,183,-0.05149481223654763
2023-03-28,1,184,182,-0.026125925365034122
2023-03-28,2,183,183,-0.02187262551996276
2023-03-28,3,184,184,-0.021291116436390537
2023-03-28,4,183,182,-0.031695975142005096
2023-03-28,5,183,183,-0.04254517262952035
2023-03-29,1,183,182,-0.019555316395158878
2023-03-29,2,182,181,-0.009911379999532984
2023-03-29,3,183,183,-0.00855526131443169
2023-03-29,4,182,182,-0.024245271279974463
2023-03-29,5,182,182,-0.039667337490367126
2023-03-30,1,182,181,-0.005138877628741762
2023-03-30,2,182,182,0.0046809480885960444
2023-03-30,3,182,182,0.0022005318991659578
2023-03-30,4,182,182,-0.018071312437897488
2023-03-30,5,182,181,-0.023840964913418076
2023-03-31,1,182,181,-0.003905312847935694
2023-03-31,2,182,182,0.00011606340244084824
2023-03-31,3,181,181,-0.000841668472441709
2023-03-31,4,182,182,-0.019232994245309866
2023-03-31,5,181,181,-0.021503220303381913
2023-04-03,1,182,181,-0.00981061757076671
2023-04-03,2,182,182,-0.02673142559293187
2023-04-03,3,182,182,-0.015580034194550573
2023-04-03,4,182,182,-0.03780854095134539
2023-04-03,5,182,182,-0.04320085597652838
2023-04-04,1,183,182,0.007807311288379637
2023-04-04,2,182,182,-0.019167766122073233
2023-04-04,3,182,182,-0.011938824762386864
2023-04-04,4,182,182,-0.02636603760324333
2023-04-04,5,182,182,-0.03692368244772752
2023-04-06,1,183,182,-0.0032688048393565063
2023-04-06,2,182,182,-0.040793227762656994
2023-04-06,3,182,182,-0.02860267750591076
2023-04-06,4,182,181,-0.04448654343642465
2023-04-06,5,182,182,-0.0448461945808377
2023-04-07,1,183,182,-0.009228103782463951
2023-04-07,2,182,182,-0.05295754699349415
2023-04-07,3,182,182,-0.037949208269319794
2023-04-07,4,182,181,-0.04495674587617693
2023-04-07,5,182,182,-0.04727112124457406
2023-04-10,1,182,181,-0.0008221313274343648
2023-04-10,2,182,182,-0.04232312773452023
2023-04-10,3,182,182,-0.029998698333920736
2023-04-10,4,182,181,-0.037784749127335024
2023-04-10,5,181,181,-0.03743472694151235
2023-04-11,1,183,182,-0.012493667103561765
2023-04-11,2,182,182,-0.057183949417354454
2023-04-11,3,182,182,-0.052345934675999434
2023-04-11,4,182,181,-0.05524009295502305
2023-04-11,5,182,182,-0.05190883352527758
2023-04-12,1,184,184,-0.009117536552918568
2023-04-12,2,183,183,-0.04788914686733431
2023-04-12,3,183,183,-0.049315878286079876
2023-04-12,4,183,182,-0.043618769007570356
2023-04-12,5,183,183,-0.052593191181279836
2023-04-13,1,184,184,-0.02044772513610414
2023-04-13,2,183,183,-0.05837824606358456
2023-04-13,3,184,184,-0.05571521384945505
2023-04-13,4,183,182,-0.057288702368219875
2023-04-13,5,183,183,-0.05695933743216855
2023-04-14,1,184,184,-0.014668842139790689
2023-04-14,2,183,183,-0.04828245647852784
2023-04-14,3,184,184,-0.052188330888361084
2023-04-14,4,183,182,-0.04787680115075889
2023-04-14,5,183,182,-0.05358741222125685
2023-04-17,1,184,184,-0.027523319735620253
2023-04-17,2,183,183,-0.0549428624150462
2023-04-17,3,184,184,-0.052574208087579094
2023-04-17,4,183,182,-0.05946723144907938
2023-04-17,5,183,183,-0.049633906926290015
2023-04-18,1,184,184,-0.024386863472551663
2023-04-18,2,183,183,-0.052969949701711525
2023-04-18,3,184,184,-0.0520887174876551
2023-04-18,4,183,182,-0.05045601387093286
2023-04-18,5,183,183,-0.05429541097072537
2023-04-19,1,183,183,-0.01945310901779003
2023-04-19,2,183,183,-0.04416712143161018
2023-04-19,3,183,183,-0.046295027047647694
2023-04-19,4,183,182,-0.04458448243355691
2023-04-19,5,183,183,-0.044125919313881656
2023-04-20,1,183,183,-0.020494769050968278
2023-04-20,2,183,183,-0.05819557060175019
2023-04-20,3,183,183,-0.058594484220343294
2023-04-20,4,183,183,-0.051090826699809994
2023-04-20,5,183,183,-0.05644208855369023
2023-04-21,1,183,183,-0.005888257390342452
2023-04-21,2,182,182,-0.04158324790511484
2023-04-21,3,182,182,-0.042906224356555035
2023-04-21,4,182,182,-0.03201740024217528
2023-04-21,5,182,182,-0.03496809640501617
2023-04-24,1,183,183,-0.0014919017670373751
2023-04-24,2,182,182,-0.036146439758129735
2023-04-24,3,182,182,-0.03555135385117675
2023-04-24,4,182,182,-0.02659469291444321
2023-04-24,5,182,182,-0.03892621724940673
2023-04-25,1,183,183,0.020228883961417424
2023-04-25,2,182,182,-0.0092040769675898
2023-04-25,3,182,182,-0.008039599109243243
2023-04-25,4,182,182,0.006290300863067448
2023-04-25,5,182,182,-0.006190433934671411
2023-04-26,1,183,181,0.0007720817011896944
2023-04-26,2,182,182,-0.011605479080643893
2023-04-26,3,183,183,-0.014075898192133623
2023-04-26,4,182,182,-0.00700179839126484
2023-04-26,5,182,182,-0.013709611101714769
2023-04-27,1,182,181,-0.000526048365259025
2023-04-27,2,182,182,-0.006094014784891923
2023-04-27,3,182,182,-0.018526117018306237
2023-04-27,4,182,182,-0.005853781724653381
2023-04-27,5,182,182,-0.014933870976935909
2023-04-28,1,183,182,-0.01664502242325985
2023-04-28,2,183,183,-0.025004569273728478
2023-04-28,3,182,182,-0.026640809334143374
2023-04-28,4,183,183,-0.025906863651360194
2023-04-28,5,182,182,-0.0321248920368541
2023-05-04,1,183,183,-0.01779303523928768
2023-05-04,2,183,183,-0.02637854491509168
2023-05-04,3,182,182,-0.030332025367442766
2023-05-04,4,183,183,-0.024903835045460815
2023-05-04,5,182,182,-0.033074032042606914
2023-05-05,1,183,183,-0.008641047403331173
2023-05-05,2,183,183,-0.01444780237794264
2023-05-05,3,182,182,-0.014502180378769498
2023-05-05,4,183,183,-0.0068168642826852794
2023-05-05,5,182,182,-0.015053545268558545
2023-05-08,1,184,184,-0.010352281954845544
2023-05-08,2,183,183,-0.022046094732451085
2023-05-08,3,184,184,-0.018179941457419673
2023-05-08,4,183,183,-0.02091676027059341
2023-05-08,5,183,183,-0.023911840405775073
2023-05-09,1,184,184,-0.013740536198751869
2023-05-09,2,183,183,-0.02948258020276613
2023-05-09,3,183,183,-0.020724139949433344
2023-05-09,4,183,182,-0.02804810778834212
2023-05-09,5,183,183,-0.026749928922030757
2023-05-10,1,183,182,-0.020085872690211174
2023-05-10,2,183,183,-0.02214026241636146
2023-05-10,3,183,183,-0.024132971836212675
2023-05-10,4,183,183,-0.027454975585607673
2023-05-10,5,183,183,-0.02778912377032134
2023-05-11,1,184,183,-0.01443916381349084
2023-05-11,2,183,183,-0.02255188462750626
2023-05-11,3,183,183,-0.01726491704938561
2023-05-11,4,183,183,-0.02444046680698699
2023-05-11,5,183,183,-0.028897329192641638
2023-05-12,1,183,182,-0.0036689803974405016
2023-05-12,2,183,183,-0.01103526587101256
2023-05-12,3,183,183,0.0005948863940346146
2023-05-12,4,183,183,-0.010400357561102596
2023-05-12,5,182,182,-0.012711903744483213
2023-05-15,1,183,182,-0.009702577150695387
2023-05-15,2,183,183,-0.010286361271178653
2023-05-15,3,183,183,-0.003447476261941728
2023-05-15,4,183,183,-0.015464249995448941
2023-05-15,5,183,183,-0.004427073288888818
2023-05-16,1,183,182,0.004218321938256598
2023-05-16,2,183,183,0.006814612877550651
2023-05-16,3,182,182,0.012624565862477986
2023-05-16,4,183,183,0.006591196011499476
2023-05-16,5,182,182,0.015729496385093498
2023-05-17,1,183,182,0.0016448753787164816
2023-05-17,2,182,182,-0.0013370798461027245
2023-05-17,3,183,183,0.004100723847470417
2023-05-17,4,182,181,0.005527243521791424
2023-05-17,5,182,182,0.008196717018503337
2023-05-18,1,183,182,0.006235874010417274
2023-05-18,2,182,182,0.005712110996003539
2023-05-18,3,182,182,0.015949711370206104
2023-05-18,4,182,181,0.011008063450266191
2023-05-18,5,182,182,0.012681885894472831
2023-05-19,1,182,181,0.010153490620542811
2023-05-19,2,182,182,0.014980906534756666
2023-05-19,3,181,181,0.021415887968744007
2023-05-19,4,182,182,0.01795193011886791
2023-05-19,5,181,181,0.02303287022410853
2023-05-22,1,182,181,0.007212188197700649
2023-05-22,2,181,181,0.008156148403285749
2023-05-22,3,182,182,0.016814692033258315
2023-05-22,4,181,181,0.01333727735371231
2023-05-22,5,181,181,0.021014625533677604
2023-05-23,1,181,181,0.01860338439251327
2023-05-23,2,181,181,0.02328744648361077
2023-05-23,3,181,181,0.02378228571435172
2023-05-23,4,181,181,0.026279489836952313
2023-05-23,5,180,180,0.031053935471961
2023-05-24,1,181,181,0.0010543733073177708
2023-05-24,2,181,181,0.007105356141411514
2023-05-24,3,181,181,0.011360446145237272
2023-05-24,4,181,181,0.004041775454407404
2023-05-24,5,180,180,0.010470661980995737
2023-05-25,1,181,181,-0.006758185320269166
2023-05-25,2,181,181,-0.0036497684175135032
2023-05-25,3,181,181,0.0026311749167203568
2023-05-25,4,181,181,-0.004749296238457764
2023-05-25,5,180,180,-0.0017801814585222096
2023-05-26,1,181,181,0.0004248631311769901
2023-05-26,2,181,181,0.0014648775821183267
2023-05-26,3,181,181,0.004921469202357555
2023-05-26,4,181,181,-0.005243464659362902
2023-05-26,5,181,181,0.006055253642544272
2023-05-29,1,181,181,0.0009403425490333379
2023-05-29,2,181,181,0.0015157293613805775
2023-05-29,3,180,180,0.011776223111479838
2023-05-29,4,181,181,-0.007321908383544773
2023-05-29,5,180,180,0.012668079999121912
2023-05-30,1,181,181,0.009214342560838808
2023-05-30,2,180,180,0.002469947974736417
2023-05-30,3,181,181,0.005424366721645888
2023-05-30,4,180,180,-0.0008522696595958106
2023-05-30,5,180,180,0.005942911336128318
2023-05-31,1,180,180,0.027021009096768186
2023-05-31,2,180,180,0.01918133614732445
2023-05-31,3,180,180,0.023103170458186488
2023-05-31,4,180,180,0.01294940815209117
2023-05-31,5,180,180,0.02651390250063178
2023-06-01,1,181,181,0.02631428169321192
2023-06-01,2,180,180,0.022239578619851253
2023-06-01,3,180,180,0.02160524313334787
2023-06-01,4,180,180,0.008040613323945811
2023-06-01,5,180,179,0.025267149289572417
2023-06-02,1,181,181,0.02241616198431117
2023-06-02,2,180,180,0.015665349474460688
2023-06-02,3,180,180,0.010986585400645862
2023-06-02,4,180,180,0.0064614290379897184
2023-06-02,5,180,179,0.010648126634316194
2023-06-05,1,180,180,0.011117072716689031
2023-06-05,2,180,180,0.010145604559147111
2023-06-05,3,180,180,0.004738636726136407
2023-06-05,4,180,180,9.741345320767191e-05
2023-06-05,5,179,178,0.006893257338376501
2023-06-06,1,180,180,0.022897742100464285
2023-06-06,2,179,179,0.02477740852333502
2023-06-06,3,180,180,0.015115118101495715
2023-06-06,4,179,179,0.01145950278852944
2023-06-06,5,179,179,0.025038089209980637
2023-06-07,1,180,180,0.020235088638342356
2023-06-07,2,179,178,0.02973692164663656
2023-06-07,3,179,179,0.019865222836499837
2023-06-07,4,179,179,0.010638267207781162
2023-06-07,5,179,179,0.0226079166997904
2023-06-08,1,180,180,0.022370769859031837
2023-06-08,2,179,179,0.022197346052057795
2023-06-08,3,180,180,0.014728143791437973
2023-06-08,4,179,179,0.011829678804923142
2023-06-08,5,179,179,0.022459112733676106
2023-06-09,1,179,179,0.027862761055440735
2023-06-09,2,179,179,0.02611184856109605
2023-06-09,3,179,179,0.019237525123458415
2023-06-09,4,179,179,0.016374684823019996
2023-06-09,5,179,179,0.022227834897872625
2023-06-12,1,180,180,0.015508706843739516
2023-06-12,2,179,179,0.015961793176619946
2023-06-12,3,179,179,0.001793776605702417
2023-06-12,4,179,179,-0.0026635289391298018
2023-06-12,5,179,179,0.003915209746938908
2023-06-13,1,180,180,0.021312500688480968
2023-06-13,2,180,180,0.019462598662003117
2023-06-13,3,179,179,0.01110091101250779
2023-06-13,4,180,180,0.0067979321808128105
2023-06-13,5,179,179,0.004817255913246655
2023-06-14,1,179,179,0.019065872426014836
2023-06-14,2,179,179,0.011891898463474361
2023-06-14,3,179,179,0.009866843254517884
2023-06-14,4,179,179,-0.002250671435208966
2023-06-14,5,179,179,-0.0038846121941320754
2023-06-15,1,180,180,0.01661064332021952
2023-06-15,2,179,179,0.00017803244641142885
2023-06-15,3,179,179,-0.0011341671737239056
2023-06-15,4,179,179,-0.00801239315832025
2023-06-15,5,179,179,-0.009525186944244127
2023-06-16,1,180,180,0.010917153827549682
2023-06-16,2,180,180,-0.011345915652660677
2023-06-16,3,179,179,-0.0075481498863725375
2023-06-16,4,180,180,-0.015948263874136438
2023-06-16,5,179,179,-0.022119073891917154
2023-06-19,1,180,180,0.01645078851077674
2023-06-19,2,180,180,-0.008139451753460926
2023-06-19,3,179,179,-0.0015068857303914079
2023-06-19,4,180,180,-0.009246516085087647
2023-06-19,5,179,179,-0.016842674251251244
2023-06-20,1,180,180,0.008380153639318919
2023-06-20,2,180,180,-0.01833122955278878
2023-06-20,3,179,179,-0.013846076145056957
2023-06-20,4,180,180,-0.01618920071330835
2023-06-20,5,179,179,-0.022088232505734332
2023-06-21,1,180,180,0.03436730590864832
2023-06-21,2,180,180,-0.005812356312597656
2023-06-21,3,180,180,0.012888918858218273
2023-06-21,4,180,180,-0.0008038229130040678
2023-06-21,5,180,180,0.003930468698877166
2023-06-26,1,181,181,0.054088653078571816
2023-06-26,2,180,180,0.023220556781799934
2023-06-26,3,180,180,0.029375109534509287
2023-06-26,4,180,180,0.02660308749776452
2023-06-26,5,180,180,0.02371040092894018
2023-06-27,1,181,181,0.041520926793220066
2023-06-27,2,181,181,0.02133999025541315
2023-06-27,3,181,181,0.023233435397530446
2023-06-27,4,181,181,0.02196666453538823
2023-06-27,5,180,180,0.017101656178484553
2023-06-28,1,181,181,0.04017263233557496
2023-06-28,2,180,180,0.02098766771512665
2023-06-28,3,181,181,0.023319702319189166
2023-06-28,4,180,180,0.02212030961708333
2023-06-28,5,180,180,0.016153036457801542
2023-06-29,1,181,181,0.02690426821761861
2023-06-29,2,180,180,0.010176738948916176
2023-06-29,3,181,181,0.008285649636690949
2023-06-29,4,180,180,0.012597603898745464
2023-06-29,5,180,180,0.0034241942897969765
2023-06-30,1,182,182,0.03329282076106655
2023-06-30,2,181,181,0.02217661592762186
2023-06-30,3,181,181,0.011432015914651471
2023-06-30,4,181,181,0.020333373219369382
2023-06-30,5,181,181,0.008749277096620385
2023-07-03,1,182,182,0.029311810614456323
2023-07-03,2,181,181,0.02086168336736755
2023-07-03,3,182,182,0.01075150260128038
2023-07-03,4,181,181,0.015932261747723664
2023-07-03,5,181,180,0.01176193641511782
2023-07-04,1,182,182,0.023711141806780744
2023-07-04,2,181,181,0.016970356473511486
2023-07-04,3,181,181,0.008418134362841351
2023-07-04,4,181,181,0.01589428949844186
2023-07-04,5,181,181,0.002148295730372856
2023-07-05,1,180,180,0.02576163703003969
2023-07-05,2,180,180,0.02113897583004108
2023-07-05,3,180,180,0.006749203712855098
2023-07-05,4,180,180,0.019640857841548905
2023-07-05,5,180,180,0.012103218536406836
2023-07-06,1,180,180,0.04104633348461075
2023-07-06,2,180,180,0.03519353973643604
2023-07-06,3,180,180,0.023672896456817544
2023-07-06,4,180,180,0.03165752353352779
2023-07-06,5,179,179,0.025946210504234006
2023-07-07,1,181,181,0.03131668975089647
2023-07-07,2,180,180,0.0321652176276864
2023-07-07,3,180,180,0.02371928099129452
2023-07-07,4,180,180,0.025569581644118954
2023-07-07,5,180,180,0.021257769345752377
2023-07-10,1,180,180,0.026660199119376195
2023-07-10,2,180,180,0.02554374793100008
2023-07-10,3,180,180,0.019561272749252033
2023-07-10,4,180,180,0.01630342902915609
2023-07-10,5,180,180,0.020208168505660574
2023-07-11,1,180,180,0.016090011899563144
2023-07-11,2,180,180,0.020433361116500123
2023-07-11,3,180,180,0.010760999525552949
2023-07-11,4,180,180,0.007633112892632679
2023-07-11,5,180,180,0.005005089609163486
2023-07-12,1,180,180,0.018013053873758452
2023-07-12,2,179,179,0.02238270519621955
2023-07-12,3,180,180,0.01403199699762265
2023-07-12,4,179,179,0.008617890291324114
2023-07-12,5,179,179,0.0038866468624602223
2023-07-13,1,180,180,0.012719008262263283
2023-07-13,2,180,180,0.013536138555475757
2023-07-13,3,180,180,0.01059305514264077
2023-07-13,4,180,180,-0.0005317873263638318
2023-07-13,5,179,179,-0.0031620630941074763
2023-07-14,1,180,180,-0.013924221209428773
2023-07-14,2,179,179,-0.009299991978494829
2023-07-14,3,180,180,-0.01792117152203562
2023-07-14,4,179,179,-0.019775289070280547
2023-07-14,5,179,179,-0.028899835321072046
2023-07-17,1,180,180,-0.0045541111634178075
2023-07-17,2,179,179,-0.002744478505699895
2023-07-17,3,180,180,-0.008189367455089563
2023-07-17,4,179,179,-0.01077392285027133
2023-07-17,5,179,179,-0.01685872509565389
2023-07-18,1,180,180,-0.010786137178930202
2023-07-18,2,179,179,-0.00973978503053811
2023-07-18,3,180,180,-0.014489285760563133
2023-07-18,4,179,179,-0.0189527232824865
2023-07-18,5,179,179,-0.02114450418661093
2023-07-19,1,180,180,-0.019426633208808868
2023-07-19,2,179,179,-0.018079497677501683
2023-07-19,3,179,179,-0.026800619983485402
2023-07-19,4,179,179,-0.03081868100398959
2023-07-19,5,179,179,-0.031707908597082446
2023-07-20,1,179,179,-0.004178358192666695
2023-07-20,2,179,179,0.007669310423704668
2023-07-20,3,179,179,-0.0023963035228438062
2023-07-20,4,179,179,-0.003906894179887068
2023-07-20,5,179,179,-0.008692325668705017
2023-07-21,1,180,180,-0.022039449908788804
2023-07-21,2,179,179,-0.010106166699349677
2023-07-21,3,180,180,-0.016959433802011162
2023-07-21,4,179,179,-0.030747816873785038
2023-07-21,5,179,179,-0.027631922507423957
2023-07-24,1,180,180,-0.03896905054758904
2023-07-24,2,179,179,-0.027093448861785288
2023-07-24,3,179,179,-0.03847207702722427
2023-07-24,4,179,179,-0.043590044193370106
2023-07-24,5,179,179,-0.04131077210412884
2023-07-25,1,180,180,-0.04468447859392345
2023-07-25,2,180,180,-0.03170549556796799
2023-07-25,3,180,180,-0.04764725115456811
2023-07-25,4,180,180,-0.04535506454850046
2023-07-25,5,180,180,-0.052375356920373206
2023-07-26,1,182,182,-0.054631793169276265
2023-07-26,2,182,182,-0.043899910008192815
2023-07-26,3,181,181,-0.05522779905090433
2023-07-26,4,182,182,-0.05263960413772347
2023-07-26,5,181,181,-0.05549394093962462
2023-07-27,1,182,182,-0.05281227641637307
2023-07-27,2,182,182,-0.03656647474162848
2023-07-27,3,182,182,-0.05201895732724028
2023-07-27,4,182,182,-0.04844031234492798
2023-07-27,5,181,181,-0.056518210651077046
2023-07-28,1,183,183,-0.03228629740276484
2023-07-28,2,182,182,-0.01854200282751929
2023-07-28,3,182,182,-0.02986558476000392
2023-07-28,4,182,182,-0.02975486673418471
2023-07-28,5,182,182,-0.03677373268881489
2023-07-31,1,183,182,-0.07008330254123157
2023-07-31,2,183,183,-0.06242279199018809
2023-07-31,3,182,182,-0.07259046185230239
2023-07-31,4,183,183,-0.07254343127943223
2023-07-31,5,182,182,-0.08489068277389458
2023-08-01,1,183,182,-0.045560525194048275
2023-08-01,2,183,183,-0.04334809742313832
2023-08-01,3,182,182,-0.04734708942498034
2023-08-01,4,183,183,-0.046141189073597315
2023-08-01,5,182,182,-0.05434437563239024
2023-08-02,1,184,183,-0.044793936103751625
2023-08-02,2,183,183,-0.04263847747327831
2023-08-02,3,183,183,-0.04302227100027526
2023-08-02,4,183,183,-0.04700990708882586
2023-08-02,5,183,183,-0.051514619078632494
2023-08-03,1,183,182,-0.051728050117034956
2023-08-03,2,183,183,-0.05889544326199538
2023-08-03,3,183,183,-0.057877428553598745
2023-08-03,4,183,183,-0.0568742088274626
2023-08-03,5,183,183,-0.06366111025213726
2023-08-04,1,184,183,-0.04282405643959731
2023-08-04,2,184,184,-0.04669394029202929
2023-08-04,3,183,183,-0.047818703437490714
2023-08-04,4,184,184,-0.048571796893150866
2023-08-04,5,183,183,-0.061736119734446024
2023-08-07,1,184,183,-0.02473286642399773
2023-08-07,2,184,184,-0.03631429934630836
2023-08-07,3,184,184,-0.032521375448691346
2023-08-07,4,184,184,-0.03619864343625719
2023-08-07,5,183,183,-0.03981936565740073
2023-08-08,1,184,183,-0.02995359571538968
2023-08-08,2,184,184,-0.03798029271110361
2023-08-08,3,184,184,-0.038076327436468806
2023-08-08,4,184,184,-0.04164546981898684
2023-08-08,5,183,183,-0.042229280700688245
2023-08-09,1,185,184,-0.02177447063744903
2023-08-09,2,184,184,-0.03981815089246628
2023-08-09,3,184,184,-0.020813446815112605
2023-08-09,4,184,184,-0.036172948751863075
2023-08-09,5,184,184,-0.027449536536566208
2023-08-10,1,184,183,-0.03943328571107553
2023-08-10,2,184,184,-0.0542945033054614
2023-08-10,3,184,184,-0.04630793231909254
2023-08-10,4,184,184,-0.051099644071082646
2023-08-10,5,184,184,-0.04759013026057366
2023-08-11,1,183,183,-0.007340780444118064
2023-08-11,2,183,182,-0.022576433701076787
2023-08-11,3,183,183,-0.01715841530774379
2023-08-11,4,183,183,-0.01564196705662736
2023-08-11,5,183,183,-0.013425410421665547
2023-08-14,1,184,184,-0.0045374094044631184
2023-08-14,2,183,183,-0.020592995393656537
2023-08-14,3,183,183,-0.02182822805920632
2023-08-14,4,183,183,-0.013867137185689474
2023-08-14,5,183,183,-0.017434507052214138
2023-08-15,1,183,183,0.00443287719344293
2023-08-15,2,182,182,-0.017453988741626666
2023-08-15,3,183,183,-0.015694498538490823
2023-08-15,4,182,182,-0.008650686223236745
2023-08-15,5,182,182,-0.005546008446220854
2023-08-16,1,183,183,0.006004355441497585
2023-08-16,2,183,183,-0.015908643098703195
2023-08-16,3,182,182,-0.018020530597707387
2023-08-16,4,183,183,-0.009705456052519285
2023-08-16,5,182,182,-0.008089011549585426
2023-08-17,1,183,183,-0.01019125028454248
2023-08-17,2,183,183,-0.024852873215999466
2023-08-17,3,183,183,-0.016371481435298135
2023-08-17,4,183,183,-0.03136656467891073
2023-08-17,5,183,183,-0.017868017013603285
2023-08-18,1,183,183,0.0002234750356253257
2023-08-18,2,183,183,-0.008365725842135628
2023-08-18,3,182,182,-0.005107262396513104
2023-08-18,4,183,183,-0.008803126889338448
2023-08-18,5,182,182,-0.00598511606420377
2023-08-21,1,183,183,0.014486272302046148
2023-08-21,2,183,183,0.0018341432596353706
2023-08-21,3,182,182,0.007929994893485117
2023-08-21,4,183,183,-0.002697256178841834
2023-08-21,5,182,182,0.0045346119044648225
2023-08-22,1,183,183,0.010146448553017298
2023-08-22,2,182,182,-0.0065386705949549585
2023-08-22,3,183,183,0.002951189026243918
2023-08-22,4,182,182,-0.008495500957377054
2023-08-22,5,182,182,-0.011345847377622387
2023-08-23,1,183,183,0.016644672136728066
2023-08-23,2,182,182,-0.0017637527017052763
2023-08-23,3,183,183,0.007042299064722668
2023-08-23,4,182,182,0.0033230148668878363
2023-08-23,5,182,182,-0.0020261165967481133
2023-08-24,1,183,183,0.014191391528394035
2023-08-24,2,183,183,-0.0007387988985935906
2023-08-24,3,182,182,0.0022857220933400137
2023-08-24,4,183,183,-0.0023544332015085633
2023-08-24,5,182,182,0.001702358161322183
2023-08-25,1,182,182,-0.007513304143808061
2023-08-25,2,182,182,-0.02700975946500014
2023-08-25,3,182,182,-0.022729441768823085
2023-08-25,4,182,182,-0.029813357049173997
2023-08-25,5,182,182,-0.01672719980124872
2023-08-28,1,183,183,0.026885995903856895
2023-08-28,2,183,182,0.00401932510566025
2023-08-28,3,182,182,0.01170898351343189
2023-08-28,4,183,183,-0.0010456345166147158
2023-08-28,5,182,182,0.03078521940713161
2023-08-29,1,183,183,-0.006600997605939609
2023-08-29,2,183,183,-0.021977725289468505
2023-08-29,3,183,183,-0.015631366401697284
2023-08-29,4,183,183,-0.02504522767193296
2023-08-29,5,183,183,-0.008924410550862339
2023-08-30,1,183,183,-0.00457810827979471
2023-08-30,2,183,183,-0.013550302413742273
2023-08-30,3,183,183,-0.007984830966932739
2023-08-30,4,183,183,-0.013593787990903291
2023-08-30,5,182,182,-0.0011467762287989244
2023-08-31,1,183,183,0.00218978773793472
2023-08-31,2,182,182,-0.012893082507023361
2023-08-31,3,182,182,-0.0025332121822223825
2023-08-31,4,182,182,-0.01440836621537006
2023-08-31,5,182,182,0.010568628772914564
2023-09-01,1,182,182,-0.002847180966368704
2023-09-01,2,182,182,-0.019600521695227587
2023-09-01,3,182,182,-0.008063038464511146
2023-09-01,4,182,182,-0.02109725604611871
2023-09-01,5,181,181,0.003442155671215281
2023-09-04,1,183,183,-0.017439727667281295
2023-09-04,2,182,182,-0.03175795519821908
2023-09-04,3,183,183,-0.02509797585374277
2023-09-04,4,182,182,-0.029280785993386658
2023-09-04,5,182,182,-0.01324736702140238
2023-09-05,1,183,183,-0.005425395346063781
2023-09-05,2,183,183,-0.018099849483814885
2023-09-05,3,182,182,-0.015645892115151924
2023-09-05,4,183,183,-0.014046345325721767
2023-09-05,5,182,182,-0.0011498381158145845
2023-09-06,1,183,183,-0.0040290138336529675
2023-09-06,2,183,183,-0.022961942098949212
2023-09-06,3,183,183,-0.02234833478414647
2023-09-06,4,183,183,-0.013551959355061855
2023-09-06,5,183,183,-0.0049025223993970895
2023-09-07,1,183,183,0.012303427954047432
2023-09-07,2,183,183,-0.005369231739494036
2023-09-07,3,182,182,-0.007114764768002522
2023-09-07,4,183,183,0.005806772584160031
2023-09-07,5,182,182,0.011850860162780296
2023-09-08,1,183,183,0.003076060647298933
2023-09-08,2,182,182,-0.016207951607244423
2023-09-08,3,182,182,-0.020096103925251994
2023-09-08,4,182,182,-0.00966139569670643
2023-09-08,5,182,182,0.0031436534271515135
2023-09-11,1,183,183,-0.009173376333239306
2023-09-11,2,182,182,-0.02726356870146958
2023-09-11,3,183,183,-0.029127579925875977
2023-09-11,4,182,182,-0.02515773185503145
2023-09-11,5,182,182,-0.014773881556675228
2023-09-12,1,183,183,-0.017444142740706412
2023-09-12,2,182,182,-0.04203319275743232
2023-09-12,3,183,183,-0.03986708403397074
2023-09-12,4,182,182,-0.04663176043673292
2023-09-12,5,182,182,-0.026724201358768157
2023-09-13,1,183,183,-0.024386803954892268
2023-09-13,2,182,182,-0.04886981951845209
2023-09-13,3,182,182,-0.04492560832643128
2023-09-13,4,182,182,-0.04468447216539124
2023-09-13,5,182,182,-0.03465249001552902
2023-09-14,1,183,183,-0.027120806281826178
2023-09-14,2,182,182,-0.058879084831081764
2023-09-14,3,183,183,-0.057967933678063126
2023-09-14,4,182,182,-0.05065496389727313
2023-09-14,5,182,182,-0.039786620789842735
2023-09-15,1,183,183,-0.03229556601237546
2023-09-15,2,183,183,-0.06556519651128102
2023-09-15,3,182,182,-0.06527093538889578
2023-09-15,4,183,183,-0.057115395340604745
2023-09-15,5,182,182,-0.05059388726812613
2023-09-18,1,183,183,-0.023584011416921756
2023-09-18,2,182,182,-0.050281249492120345
2023-09-18,3,183,183,-0.056046402362620755
2023-09-18,4,182,182,-0.05017290820004483
2023-09-18,5,182,182,-0.03288387490971174
2023-09-19,1,183,183,-0.01580978175418455
2023-09-19,2,182,182,-0.04499476329212596
2023-09-19,3,183,183,-0.05403568274797456
2023-09-19,4,182,182,-0.040354966735644635
2023-09-19,5,182,182,-0.03033674331127383
2023-09-20,1,183,183,-0.006649647048136428
2023-09-20,2,182,182,-0.031478589589890936
2023-09-20,3,183,183,-0.04375182504573265
2023-09-20,4,182,182,-0.029268697886261644
2023-09-20,5,182,182,-0.01607357002834698
2023-09-21,1,183,183,0.015084138835965938
2023-09-21,2,182,182,-0.013916040319150329
2023-09-21,3,183,183,-0.021864976536740254
2023-09-21,4,182,182,-0.0041705678789362415
2023-09-21,5,182,182,0.0011071063229811016
2023-09-22,1,183,183,0.004325579018186092
2023-09-22,2,182,182,-0.01741726933129218
2023-09-22,3,182,182,-0.01769007571722893
2023-09-22,4,182,182,-0.013373344350606985
2023-09-22,5,182,182,-0.001221225972066046
2023-09-25,1,182,182,0.012553037298141338
2023-09-25,2,182,182,-0.010633957734844147
2023-09-25,3,182,182,-0.01842288309227061
2023-09-25,4,182,182,-0.0074250645082939645
2023-09-25,5,182,182,0.0007281898235694184
2023-09-26,1,182,182,0.019177559536095883
2023-09-26,2,182,182,-0.008566275731502593
2023-09-26,3,182,182,-0.013965326215880284
2023-09-26,4,182,182,-0.005573868047162794
2023-09-26,5,182,182,-0.0005784895142583851
2023-09-27,1,182,182,0.012841095043264873
2023-09-27,2,182,182,-0.023360775271832914
2023-09-27,3,181,181,-0.028105964336664745
2023-09-27,4,182,182,-0.019624392594378603
2023-09-27,5,181,181,-0.014694993599795274
2023-09-28,1,182,182,0.019852872300719363
2023-09-28,2,182,182,-0.006588644894018454
2023-09-28,3,181,181,-0.01631569966116052
2023-09-28,4,182,182,-0.006199698671045952
2023-09-28,5,181,181,-0.006307749282278436
2023-10-09,1,182,182,0.03502440337359032
2023-10-09,2,182,182,0.00033302936314169064
2023-10-09,3,181,181,-0.0038271201383970528
2023-10-09,4,182,182,0.0005491328342811842
2023-10-09,5,181,181,0.005110207498324666
2023-10-10,1,182,182,0.038131133932343325
2023-10-10,2,181,181,0.0023898318670428475
2023-10-10,3,182,182,0.0012593580321977771
2023-10-10,4,181,181,0.00790594227479565
2023-10-10,5,181,181,0.014216284496905865
2023-10-11,1,182,182,0.036948281250595225
2023-10-11,2,181,181,-0.003652218013178671
2023-10-11,3,182,182,-0.0031113403073641343
2023-10-11,4,181,181,0.005166064265375391
2023-10-11,5,181,181,0.009013733086851338
2023-10-12,1,182,182,0.021046653599967304
2023-10-12,2,181,181,-0.01028973433862892
2023-10-12,3,182,182,-0.006035634172406081
2023-10-12,4,181,181,-0.0017890657213026641
2023-10-12,5,181,181,-0.0015875847310962915
2023-10-13,1,182,182,0.02269617350621849
2023-10-13,2,182,182,-0.009339042425966901
2023-10-13,3,181,181,-0.002726149273350168
2023-10-13,4,182,182,0.0020971593622647338
2023-10-13,5,181,181,-0.0021841747893993043
2023-10-16,1,182,182,0.03027873373085539
2023-10-16,2,181,181,3.7552274912560423e-06
2023-10-16,3,182,182,0.007590908027671615
2023-10-16,4,181,181,0.011177000850619508
2023-10-16,5,181,181,0.011206292882827349
2023-10-17,1,182,182,0.04353415878741393
2023-10-17,2,182,182,0.013488666316082002
2023-10-17,3,182,182,0.020896675790161415
2023-10-17,4,182,182,0.029528699548965937
2023-10-17,5,181,181,0.03094669180005887
2023-10-18,1,182,182,0.052227054552260635
2023-10-18,2,182,182,0.03508745717057001
2023-10-18,3,182,181,0.03206244933239233
2023-10-18,4,182,182,0.03703334427424366
2023-10-18,5,182,182,0.043129894936918226
2023-10-19,1,182,182,0.06293366227013542
2023-10-19,2,182,182,0.0370194729440275
2023-10-19,3,181,180,0.043886610076122996
2023-10-19,4,182,182,0.04070609939659698
2023-10-19,5,181,181,0.05469329385927805
2023-10-20,1,182,182,0.08076600501687133
2023-10-20,2,182,182,0.05676393275763826
2023-10-20,3,181,180,0.061588510458743535
2023-10-20,4,182,182,0.055764987347327336
2023-10-20,5,181,181,0.07559521040615906
2023-10-23,1,181,181,0.10863373300558016
2023-10-23,2,181,181,0.07937337543246292
2023-10-23,3,181,181,0.08557182691642581
2023-10-23,4,181,181,0.0725776314256983
2023-10-23,5,180,180,0.10241402561444463
2023-10-24,1,182,182,0.08073687565397583
2023-10-24,2,181,181,0.05738281634955568
2023-10-24,3,181,181,0.05644285863186383
2023-10-24,4,181,181,0.050616672438292085
2023-10-24,5,181,181,0.06899526048368897
2023-10-25,1,182,182,0.07093027565892157
2023-10-25,2,182,182,0.05643649674677812
2023-10-25,3,182,182,0.05178795310807342
2023-10-25,4,182,182,0.04817437796008238
2023-10-25,5,182,182,0.05949877071584597
2023-10-26,1,182,182,0.07090153675380474
2023-10-26,2,182,182,0.056889739519910186
2023-10-26,3,182,182,0.057335985542717675
2023-10-26,4,182,182,0.04973456088785924
2023-10-26,5,181,181,0.06647989504517535
2023-10-27,1,183,183,0.046175772133730086
2023-10-27,2,183,183,0.028142750670321036
2023-10-27,3,182,182,0.028277616671717746
2023-10-27,4,183,183,0.02253968035863021
2023-10-27,5,182,182,0.04147469000739853
2023-10-30,1,183,183,0.031519063010329675
2023-10-30,2,182,182,0.012940974300926097
2023-10-30,3,183,183,0.014479241834199307
2023-10-30,4,182,182,0.003935880109585147
2023-10-30,5,182,182,0.018337893521242182
2023-10-31,1,183,183,0.037604526663957055
2023-10-31,2,183,183,0.021138058875795864
2023-10-31,3,182,182,0.021794638378535583
2023-10-31,4,183,183,0.012936876251380899
2023-10-31,5,182,182,0.025498585452453378
2023-11-01,1,183,183,0.030551409667295092
2023-11-01,2,183,183,0.015092480344751849
2023-11-01,3,182,182,0.01524302213861532
2023-11-01,4,183,182,0.008040695104401814
2023-11-01,5,182,182,0.021944935563174603
2023-11-02,1,183,183,0.03773033216779388
2023-11-02,2,183,183,0.019748337871727636
2023-11-02,3,183,183,0.02278457333645003
2023-11-02,4,183,182,0.015329050461148333
2023-11-02,5,182,182,0.024368720179374977
2023-11-03,1,183,183,0.03453714866667291
2023-11-03,2,182,182,0.006124493302158219
2023-11-03,3,183,183,0.009718183789073536
2023-11-03,4,182,181,0.003329963194601664
2023-11-03,5,182,181,0.018268419768068835
2023-11-06,1,183,183,0.02130007895404993
2023-11-06,2,182,182,-0.007433841383653867
2023-11-06,3,183,183,-0.001235617600812927
2023-11-06,4,182,181,-0.012690967914333573
2023-11-06,5,182,181,0.0029165612865139218
2023-11-07,1,183,183,0.012339986308000983
2023-11-07,2,183,183,-0.03029468469182558
2023-11-07,3,182,182,-0.020716458537402452
2023-11-07,4,183,181,-0.03085645980608938
2023-11-07,5,182,182,-0.023585192217296404
2023-11-08,1,183,183,0.011167263841833702
2023-11-08,2,183,183,-0.020632095273928945
2023-11-08,3,182,182,-0.017438172581235784
2023-11-08,4,183,181,-0.024391294878758532
2023-11-08,5,182,182,-0.021759580091692966
2023-11-09,1,183,183,0.01646990504086932
2023-11-09,2,182,182,-0.012910360146971209
2023-11-09,3,183,183,-0.009149585440190535
2023-11-09,4,182,181,-0.020660459050793552
2023-11-09,5,182,182,-0.006744491445174866
2023-11-10,1,183,183,0.007629008628581935
2023-11-10,2,182,182,-0.02575812773302577
2023-11-10,3,182,182,-0.019090927141340613
2023-11-10,4,182,181,-0.027032828394835264
2023-11-10,5,182,182,-0.023627955078033978
2023-11-13,1,183,183,0.020346975674470108
2023-11-13,2,182,182,-0.01577056992507203
2023-11-13,3,183,183,-0.003643993271150486
2023-11-13,4,182,181,-0.019497976287083007
2023-11-13,5,182,182,-0.013099795326808283
2023-11-14,1,183,183,0.01926779940170832
2023-11-14,2,183,183,-0.027925179250259603
2023-11-14,3,182,182,-0.012032111399469315
2023-11-14,4,183,183,-0.026902564698130946
2023-11-14,5,182,182,-0.026347412495885656
2023-11-15,1,183,183,0.021612389345504666
2023-11-15,2,183,182,-0.027167363753703662
2023-11-15,3,183,183,-0.01619215824198672
2023-11-15,4,183,183,-0.028191785303299383
2023-11-15,5,183,183,-0.028832437511623288
2023-11-16,1,183,183,0.020981741585377103
2023-11-16,2,183,183,-0.026287570244112775
2023-11-16,3,183,183,-0.018034839362040932
2023-11-16,4,183,183,-0.029153460194220604
2023-11-16,5,182,182,-0.029577540170319362
2023-11-17,1,183,183,0.004319036722590393
2023-11-17,2,183,183,-0.039581643348135
2023-11-17,3,183,182,-0.0382559548984823
2023-11-17,4,183,183,-0.043965249937379616
2023-11-17,5,182,182,-0.045569314951567366
2023-11-20,1,183,183,-0.013794577038020034
2023-11-20,2,182,182,-0.05137315582222121
2023-11-20,3,183,182,-0.050761461266101295
2023-11-20,4,182,182,-0.06748235931453193
2023-11-20,5,182,182,-0.06630630478705542
2023-11-21,1,183,183,-0.012633686283213357
2023-11-21,2,183,183,-0.04346729762433099
2023-11-21,3,183,182,-0.04576134508693926
2023-11-21,4,183,183,-0.05787226915012621
2023-11-21,5,182,182,-0.058581445517499164
2023-11-22,1,183,183,-0.024555146556276893
2023-11-22,2,183,183,-0.05972947069915654
2023-11-22,3,183,183,-0.05663612290558598
2023-11-22,4,183,183,-0.06823828241438926
2023-11-22,5,182,182,-0.06910781396314473
2023-11-23,1,183,183,-0.02706510333443541
2023-11-23,2,183,183,-0.0549067538115111
2023-11-23,3,183,183,-0.054149092762543545
2023-11-23,4,183,183,-0.06318917974427196
2023-11-23,5,182,182,-0.06689178754655035
2023-11-24,1,183,183,-0.03467465664101176
2023-11-24,2,183,183,-0.04798399466157973
2023-11-24,3,183,183,-0.06132733564642692
2023-11-24,4,183,183,-0.06855998822708545
2023-11-24,5,182,182,-0.06429797203715344
2023-11-27,1,183,183,-0.03253268831377942
2023-11-27,2,183,183,-0.04649170435958266
2023-11-27,3,182,182,-0.048115883583341276
2023-11-27,4,183,183,-0.06603555788966468
2023-11-27,5,182,182,-0.054177310065350565
2023-11-28,1,183,183,-0.048373254135028486
2023-11-28,2,183,183,-0.06133231002527194
2023-11-28,3,183,183,-0.06921012462154826
2023-11-28,4,183,183,-0.07456300344061256
2023-11-28,5,182,182,-0.07245303237580604
2023-11-29,1,183,183,-0.039327202144924446
2023-11-29,2,183,182,-0.0506251712832114
2023-11-29,3,183,183,-0.05370811571650367
2023-11-29,4,183,183,-0.06326759482849212
2023-11-29,5,182,182,-0.06119203906314181
2023-11-30,1,183,183,-0.023611877291956462
2023-11-30,2,182,182,-0.0329660441021804
2023-11-30,3,183,183,-0.042605870057823465
2023-11-30,4,182,182,-0.04512013837610312
2023-11-30,5,182,182,-0.039953293318059344
2023-12-01,1,183,183,-0.0148833915706456
2023-12-01,2,183,183,-0.023696492527130113
2023-12-01,3,182,182,-0.03653970466204191
2023-12-01,4,183,183,-0.03493591554417874
2023-12-01,5,182,181,-0.03825487082755587
2023-12-04,1,183,183,-0.015970231408350622
2023-12-04,2,183,183,-0.026465666705296192
2023-12-04,3,182,182,-0.038169107381772795
2023-12-04,4,183,183,-0.031334295507719344
2023-12-04,5,182,182,-0.04783977111944201
2023-12-05,1,183,183,-0.0032030711561158135
2023-12-05,2,183,183,-0.013068295196991795
2023-12-05,3,182,181,-0.01940661744756968
2023-12-05,4,183,183,-0.017020548155995956
2023-12-05,5,182,182,-0.028547920804225364
2023-12-06,1,183,183,-0.015117555043611562
2023-12-06,2,182,182,-0.019509519693184176
2023-12-06,3,183,183,-0.03080786167814947
2023-12-06,4,182,182,-0.03143229374302434
2023-12-06,5,182,182,-0.04006665383400914
2023-12-07,1,183,183,-0.031299012572589595
2023-12-07,2,182,182,-0.03267569407716702
2023-12-07,3,183,183,-0.043129553505238914
2023-12-07,4,182,182,-0.04784472248990808
2023-12-07,5,182,182,-0.05763791461569615
2023-12-08,1,182,182,-0.03835114042880159
2023-12-08,2,182,182,-0.04451616206029308
2023-12-08,3,182,182,-0.045985159566503585
2023-12-08,4,182,182,-0.0603768008195867
2023-12-08,5,181,181,-0.06188470929317812
2023-12-11,1,182,182,-0.048522834795225143
2023-12-11,2,182,182,-0.05978271223233661
2023-12-11,3,182,182,-0.062023056653574424
2023-12-11,4,182,182,-0.0707870238132929
2023-12-11,5,181,181,-0.0754292689024129
2023-12-12,1,182,182,-0.055140930970116846
2023-12-12,2,182,182,-0.06519520430156861
2023-12-12,3,182,182,-0.07061917686572969
2023-12-12,4,182,182,-0.0774191784738056
2023-12-12,5,182,182,-0.08422409038336677
2023-12-13,1,182,182,-0.04542182173163263
2023-12-13,2,182,182,-0.05151360495278686
2023-12-13,3,182,182,-0.05874100361384569
2023-12-13,4,182,182,-0.05881141232308254
2023-12-13,5,182,181,-0.06350059924051552
2023-12-14,1,182,182,-0.04647025006439319
2023-12-14,2,182,182,-0.049633829881467494
2023-12-14,3,182,182,-0.06232407813474173
2023-12-14,4,182,182,-0.05589269458902496
2023-12-14,5,182,182,-0.06311069134025044
2023-12-15,1,183,183,-0.041489211901429665
2023-12-15,2,182,182,-0.037879911609190325
2023-12-15,3,182,181,-0.047415562334373544
2023-12-15,4,182,182,-0.04867711039851899
2023-12-15,5,182,182,-0.05480330461197252
2023-12-18,1,182,182,-0.030518778898000542
2023-12-18,2,181,181,-0.03333745932625772
2023-12-18,3,181,181,-0.04035427437179994
2023-12-18,4,181,181,-0.03995325589638983
2023-12-18,5,181,181,-0.046887573684292166
2023-12-19,1,182,182,-0.05842944586501558
2023-12-19,2,181,181,-0.05544410933107536
2023-12-19,3,181,181,-0.06571496846301722
2023-12-19,4,181,181,-0.06577947604087106
2023-12-19,5,181,181,-0.07490482587346735
2023-12-20,1,181,181,-0.04523815926101749
2023-12-20,2,181,181,-0.04075520418120102
2023-12-20,3,180,180,-0.044877949433580845
2023-12-20,4,181,181,-0.042128754984917735
2023-12-20,5,180,180,-0.05261301811160158
2023-12-21,1,181,181,-0.058535497255178225
2023-12-21,2,181,181,-0.06009423253886051
2023-12-21,3,181,181,-0.05938666756189155
2023-12-21,4,181,181,-0.06757411366086193
2023-12-21,5,180,180,-0.07226059939077566
2023-12-22,1,181,181,-0.09396725550744756
2023-12-22,2,181,181,-0.09269434878883204
2023-12-22,3,181,181,-0.09392929073051183
2023-12-22,4,181,181,-0.0966070941346316
2023-12-22,5,181,181,-0.11761339914003954
2023-12-25,1,181,181,-0.08231486461984758
2023-12-25,2,181,181,-0.07763736546123752
2023-12-25,3,181,181,-0.08436063819581006
2023-12-25,4,181,181,-0.0780229291456822
2023-12-25,5,180,180,-0.09962154279095548
2023-12-26,1,180,180,-0.0544543297402597
2023-12-26,2,180,180,-0.0649743765886475
2023-12-26,3,180,180,-0.05560397178535208
2023-12-26,4,180,180,-0.058497738615458525
2023-12-26,5,180,180,-0.07812727455017403
2023-12-27,1,181,181,-0.029609963325570293
2023-12-27,2,180,180,-0.046085081834748444
2023-12-27,3,181,181,-0.03626804481069214
2023-12-27,4,180,180,-0.03681358386107922
2023-12-27,5,180,180,-0.05262369828179678
2023-12-28,1,182,182,-0.04676378808082975
2023-12-28,2,181,181,-0.05830736060755844
2023-12-28,3,182,182,-0.0506434279501779
2023-12-28,4,181,181,-0.04462509180286747
2023-12-28,5,181,181,-0.07163622191956408
2023-12-29,1,182,182,-0.08755471509699024
2023-12-29,2,181,181,-0.08650495486660437
2023-12-29,3,181,181,-0.08849275005244464
2023-12-29,4,181,181,-0.08037079360576435
2023-12-29,5,181,180,-0.11411312988125537
2024-01-02,1,182,182,-0.1096894154390159
2024-01-02,2,181,181,-0.10376996014647952
2024-01-02,3,182,182,-0.10734785667370017
2024-01-02,4,181,181,-0.0990064234260382
2024-01-02,5,181,180,-0.13152751400148416
2024-01-03,1,182,182,-0.13608713576948528
2024-01-03,2,181,181,-0.1291113617733584
2024-01-03,3,182,182,-0.1278141379703791
2024-01-03,4,181,181,-0.13245010306315683
2024-01-03,5,181,180,-0.16370290055504813
2024-01-04,1,181,180,-0.1417218893069771
2024-01-04,2,181,181,-0.11994174387907629
2024-01-04,3,181,181,-0.12831123537165962
2024-01-04,4,181,181,-0.12282303116244912
2024-01-04,5,181,180,-0.15899071953181795
2024-01-05,1,181,180,-0.16913055274025646
2024-01-05,2,181,181,-0.14373488202215223
2024-01-05,3,181,181,-0.1420988781942334
2024-01-05,4,181,181,-0.14232504752240432
2024-01-05,5,180,179,-0.1782503046552431
2024-01-08,1,181,181,-0.2033724673689221
2024-01-08,2,181,181,-0.1689119325667401
2024-01-08,3,180,180,-0.15782523765787904
2024-01-08,4,181,181,-0.16719026282177063
2024-01-08,5,180,180,-0.2261302497849518
2024-01-09,1,181,181,-0.16534365952956154
2024-01-09,2,180,180,-0.10423313551460854
2024-01-09,3,180,180,-0.10390628178701668
2024-01-09,4,180,180,-0.11045792053566304
2024-01-09,5,180,180,-0.16783212788632998
2024-01-10,1,181,181,-0.15552908346603997
2024-01-10,2,180,180,-0.06890690546663576
2024-01-10,3,180,180,-0.06914961212539913
2024-01-10,4,180,180,-0.07892148852729863
2024-01-10,5,180,180,-0.1349579246955615
2024-01-11,1,181,181,-0.12207470187964627
2024-01-11,2,181,181,-0.04868327714889667
2024-01-11,3,181,181,-0.04484339453241847
2024-01-11,4,181,181,-0.05889188497060637
2024-01-11,5,181,180,-0.1125306694601164
2024-01-12,1,181,181,-0.11278923865231232
2024-01-12,2,181,181,-0.04518379295403465
2024-01-12,3,180,180,-0.051050856232192035
2024-01-12,4,181,181,-0.058156423655758994
2024-01-12,5,180,180,-0.10451344846677524
2024-01-15,1,181,181,-0.11464422628488229
2024-01-15,2,181,181,-0.047490593954460536
2024-01-15,3,180,180,-0.042976949744226375
2024-01-15,4,181,181,-0.057118300201179084
2024-01-15,5,180,180,-0.09969726661513244
2024-01-16,1,181,181,-0.09486171586332938
2024-01-16,2,180,180,-0.04042566984039611
2024-01-16,3,180,180,-0.027428472454503024
2024-01-16,4,180,180,-0.034919435876371925
2024-01-16,5,180,180,-0.08714919689053985
2024-01-17,1,180,180,-0.05421339243628878
2024-01-17,2,180,180,0.00203006815352537
2024-01-17,3,179,179,0.009856596842921492
2024-01-17,4,180,180,0.007938635515673486
2024-01-17,5,179,179,-0.03586473736025038
2024-01-18,1,180,180,-0.03452440705211476
2024-01-18,2,180,180,0.004740163102240143
2024-01-18,3,180,180,0.009834661783326138
2024-01-18,4,180,180,0.019918740708771664
2024-01-18,5,179,179,-0.0326446245024549
2024-01-19,1,180,180,-0.02730782551546621
2024-01-19,2,179,179,0.0057045066859880734
2024-01-19,3,180,180,0.020008336445006717
2024-01-19,4,179,179,0.01916314352971933
2024-01-19,5,179,179,-0.0196525879857459
2024-01-22,1,179,179,0.052872537041887095
2024-01-22,2,178,178,0.07928671450896543
2024-01-22,3,179,179,0.10032050043815174
2024-01-22,4,178,178,0.09737635336466598
2024-01-22,5,178,178,0.07132062532319447
2024-01-23,1,179,179,-0.01365019108331258
2024-01-23,2,179,179,0.027000446182235325
2024-01-23,3,178,178,0.03871542978391865
2024-01-23,4,179,179,0.03380331744746518
2024-01-23,5,178,178,-0.008348171558788847
2024-01-24,1,181,181,0.007973205945250526
2024-01-24,2,180,180,0.04950831810608258
2024-01-24,3,180,180,0.06836259127508258
2024-01-24,4,180,180,0.05848301132105009
2024-01-24,5,180,180,0.028275986158499754
2024-01-25,1,182,182,-0.014812709873863128
2024-01-25,2,182,182,0.028914501062707938
2024-01-25,3,181,181,0.04755940028666387
2024-01-25,4,182,182,0.04340669067227225
2024-01-25,5,181,181,0.007781717211571296
2024-01-26,1,182,182,-0.019413971829125493
2024-01-26,2,182,182,0.023831677165153012
2024-01-26,3,181,181,0.03653649981678487
2024-01-26,4,182,182,0.04261827758697154
2024-01-26,5,181,181,0.0008477471114935639
2024-01-29,1,181,181,0.003891152987049464
2024-01-29,2,181,181,0.04671308780039107
2024-01-29,3,181,180,0.05907975287651668
2024-01-29,4,181,181,0.061859154370481874
2024-01-29,5,180,180,0.037261358232756565
2024-01-30,1,180,180,0.03421484857139885
2024-01-30,2,180,180,0.07623282709611645
2024-01-30,3,180,180,0.0947947711502468
2024-01-30,4,180,180,0.09501820640316269
2024-01-30,5,179,179,0.08262687791750101
2024-01-31,1,178,178,0.0688762886040195
2024-01-31,2,177,177,0.10139961059794822
2024-01-31,3,178,178,0.1180925980432171
2024-01-31,4,177,177,0.115621345668381
2024-01-31,5,177,177,0.11164287716882335
2024-02-01,1,178,177,0.08761180002406564
2024-02-01,2,177,177,0.10806398860718651
2024-02-01,3,178,178,0.12821521499583796
2024-02-01,4,177,177,0.12612573802406726
2024-02-01,5,177,177,0.11768693883357305
2024-02-02,1,177,177,0.16024302815354435
2024-02-02,2,177,177,0.1683181382777345
2024-02-02,3,176,176,0.18753051104789772
2024-02-02,4,177,177,0.19542765699642925
2024-02-02,5,176,176,0.20013608370583016
2024-02-05,1,175,175,0.25774537756517785
2024-02-05,2,175,175,0.23105663360514106
2024-02-05,3,175,175,0.25596344446103575
2024-02-05,4,175,175,0.25271721683129483
2024-02-05,5,174,174,0.3069194228637129
2024-02-06,1,176,176,0.19011210439588827
2024-02-06,2,176,176,0.16079312271296897
2024-02-06,3,176,176,0.16487254732167073
2024-02-06,4,176,176,0.15826575992614417
2024-02-06,5,176,176,0.2181008544791838
2024-02-07,1,176,176,0.1741436648444277
2024-02-07,2,176,176,0.13469599158618817
2024-02-07,3,175,175,0.10959297870455176
2024-02-07,4,176,176,0.10435246504780124
2024-02-07,5,175,175,0.18365432426492
2024-02-08,1,178,177,0.12603049849086118
2024-02-08,2,178,178,0.10439315364557963
2024-02-08,3,177,177,0.08708316019883543
2024-02-08,4,178,178,0.09098580084270884
2024-02-08,5,177,177,0.1389274213539302
2024-02-19,1,178,177,0.12946996226167662
2024-02-19,2,178,178,0.1150290914518749
2024-02-19,3,178,178,0.10247750683134216
2024-02-19,4,178,178,0.10662550400103958
2024-02-19,5,178,178,0.1520630655820305
2024-02-20,1,179,178,0.12134685483534652
2024-02-20,2,179,179,0.1142712367988156
2024-02-20,3,178,177,0.09249561766355523
2024-02-20,4,179,179,0.09517219815010065
2024-02-20,5,178,178,0.1385168047239612
2024-02-21,1,179,178,0.11640568379853482
2024-02-21,2,179,179,0.10833831090236493
2024-02-21,3,178,177,0.09046364888572749
2024-02-21,4,179,179,0.09919429174483724
2024-02-21,5,178,178,0.11889856119383763
2024-02-22,1,179,178,0.09505392024854105
2024-02-22,2,179,179,0.0722979722838829
2024-02-22,3,179,178,0.07275696778235646
2024-02-22,4,179,179,0.07229743092592937
2024-02-22,5,179,179,0.09139324596000328
2024-02-23,1,179,178,0.06307847648091675
2024-02-23,2,179,179,0.04296499207768839
2024-02-23,3,179,178,0.05092660230388346
2024-02-23,4,179,179,0.0492071832694684
2024-02-23,5,179,179,0.05809315046536021
2024-02-26,1,180,180,0.04421711757591582
2024-02-26,2,179,179,0.03360697772344525
2024-02-26,3,179,178,0.03792900008652143
2024-02-26,4,179,179,0.03411054728010483
2024-02-26,5,179,179,0.03193566753125498
2024-02-27,1,180,180,0.02159539880639209
2024-02-27,2,179,179,0.010084271158909858
2024-02-27,3,180,180,0.0005983966201171075
2024-02-27,4,179,179,0.006026962179706877
2024-02-27,5,179,179,0.0026260449184658504
2024-02-28,1,179,179,0.055474486538538564
2024-02-28,2,179,179,0.028465379318456913
2024-02-28,3,179,179,0.017039326842532197
2024-02-28,4,179,179,0.01807615493087204
2024-02-28,5,179,179,0.01946889739410904
2024-02-29,1,180,180,0.03248145146782118
2024-02-29,2,179,179,0.011862186710973062
2024-02-29,3,179,179,-0.011430984148921316
2024-02-29,4,179,179,-0.005787891101746142
2024-02-29,5,179,179,-0.0019364634717262215
2024-03-01,1,180,180,0.03651554356824567
2024-03-01,2,179,179,0.011785357358217488
2024-03-01,3,179,179,-0.00525902084856469
2024-03-01,4,179,179,-0.0009210838005007849
2024-03-01,5,179,179,0.006224521128604862
2024-03-04,1,179,179,0.06263298408795492
2024-03-04,2,179,179,0.03384528519936119
2024-03-04,3,179,179,0.014802109254874117
2024-03-04,4,179,179,0.022312464527018502
2024-03-04,5,179,179,0.027430873397601207
2024-03-05,1,180,180,0.0635587815620572
2024-03-05,2,179,179,0.027515430091632778
2024-03-05,3,179,179,0.016761834664687662
2024-03-05,4,179,179,0.026157492400610296
2024-03-05,5,179,179,0.025113566151248073
2024-03-06,1,179,179,0.04993320779454188
2024-03-06,2,179,179,0.015513972824262218
2024-03-06,3,179,179,0.0053772143924162965
2024-03-06,4,179,179,0.019932860168098518
2024-03-06,5,179,179,0.010645689093257676
2024-03-07,1,179,179,0.03705262568310635
2024-03-07,2,179,179,0.0088141906417416
2024-03-07,3,179,179,0.005499052109911914
2024-03-07,4,179,179,0.0132110238527465
2024-03-07,5,178,178,0.011495529500941012
2024-03-08,1,179,179,0.03926629944675644
2024-03-08,2,179,179,0.007221441993458937
2024-03-08,3,178,178,0.0036383892689118096
2024-03-08,4,179,179,0.01692082149174344
2024-03-08,5,178,178,0.009859827081939101
2024-03-11,1,180,180,-0.003975078836164658
2024-03-11,2,179,179,-0.024105667246905153
2024-03-11,3,179,179,-0.03364182731357348
2024-03-11,4,179,179,-0.02977980590072192
2024-03-11,5,179,179,-0.031306425526535606
2024-03-12,1,180,180,-0.00046020835611998185
2024-03-12,2,180,180,-0.01920049440579669
2024-03-12,3,180,180,-0.018131343004691533
2024-03-12,4,180,180,-0.03034535401378168
2024-03-12,5,179,179,-0.03110539484132828
2024-03-13,1,180,180,-0.013595516040995115
2024-03-13,2,180,180,-0.027361608432824504
2024-03-13,3,179,179,-0.0321735634856514
2024-03-13,4,180,180,-0.03899409516316089
2024-03-13,5,179,179,-0.03838732693399834
2024-03-14,1,180,179,-0.026208689092945825
2024-03-14,2,179,179,-0.019748497810168866
2024-03-14,3,180,180,-0.034860127709767534
2024-03-14,4,179,179,-0.03480340208582304
2024-03-14,5,179,179,-0.04391679508742377
2024-03-15,1,181,181,-0.07348183951353388
2024-03-15,2,180,180,-0.06224445798305038
2024-03-15,3,180,180,-0.06891075101352326
2024-03-15,4,180,180,-0.06899859609254672
2024-03-15,5,180,180,-0.08956561337579909
2024-03-18,1,181,181,-0.051274202940782054
2024-03-18,2,180,180,-0.0439782325607964
2024-03-18,3,181,181,-0.05432049348360716
2024-03-18,4,180,180,-0.050256715273239966
2024-03-18,5,180,180,-0.06802386987452798
2024-03-19,1,180,180,-0.05247645318348476
2024-03-19,2,180,180,-0.05143426922091583
2024-03-19,3,180,179,-0.03319276159552814
2024-03-19,4,180,180,-0.04745763619305248
2024-03-19,5,180,180,-0.06618880901012676
2024-03-20,1,180,180,-0.0660099711123707
2024-03-20,2,180,180,-0.06406414344427933
2024-03-20,3,180,180,-0.048667879693781384
2024-03-20,4,180,180,-0.05441524525038676
2024-03-20,5,180,180,-0.08031813940456674
2024-03-21,1,181,181,-0.07348601517146011
2024-03-21,2,180,180,-0.062296302508865226
2024-03-21,3,181,181,-0.05377394692230932
2024-03-21,4,180,180,-0.045665825888367664
2024-03-21,5,180,180,-0.08311319353346326
2024-03-22,1,180,180,-0.05459626373295566
2024-03-22,2,180,180,-0.04927602169530611
2024-03-22,3,180,180,-0.044411126275773365
2024-03-22,4,180,180,-0.041468044405037846
2024-03-22,5,179,179,-0.07520312709440466
2024-03-25,1,180,180,-0.033320350087600405
2024-03-25,2,180,180,-0.029495683065411782
2024-03-25,3,179,179,-0.021624951126074862
2024-03-25,4,180,179,-0.023496753021718948
2024-03-25,5,179,179,-0.050957156663234325
2024-03-26,1,180,180,-0.028167501728992173
2024-03-26,2,180,179,-0.022649213737367908
2024-03-26,3,180,180,-0.01879399408183803
2024-03-26,4,180,180,-0.019836041345410678
2024-03-26,5,179,179,-0.0462196110337692
2024-03-27,1,179,179,0.009914634809191795
2024-03-27,2,178,178,0.015396988885037582
2024-03-27,3,178,178,0.023747884682275767
2024-03-27,4,178,178,0.027403064134025792
2024-03-27,5,178,178,0.010069259101458384
2024-03-28,1,180,179,0.023974448663695587
2024-03-28,2,179,178,0.01744866172632493
2024-03-28,3,179,177,0.02920621061446327
2024-03-28,4,179,176,0.032453610085236645
2024-03-28,5,179,179,0.010577777107351591
2024-03-29,1,180,179,0.013882248229295577
2024-03-29,2,179,179,0.00931040855148377
2024-03-29,3,179,179,0.019177222320374998
2024-03-29,4,179,179,0.0222021456166996
2024-03-29,5,179,179,0.0019437747202511349
2024-04-01,1,180,179,0.006148370850714347
2024-04-01,2,180,180,0.004940175957967854
2024-04-01,3,180,180,0.003132347337637919
2024-04-01,4,180,180,0.004996182718604382
2024-04-01,5,180,180,-0.0014752328551696614
2024-04-02,1,181,180,0.010433701243848226
2024-04-02,2,180,180,0.017495180119104264
2024-04-02,3,181,181,0.009286985541129939
2024-04-02,4,180,180,0.015889545555701393
2024-04-02,5,180,180,-0.0016128679608880907
2024-04-03,1,181,180,0.007971909319480218
2024-04-03,2,181,181,0.01033817561392833
2024-04-03,3,181,181,0.00855777334951911
2024-04-03,4,181,181,0.003354314927271651
2024-04-03,5,180,180,-0.005258049672791114
2024-04-08,1,180,179,0.039396948791677586
2024-04-08,2,179,179,0.041131686755313604
2024-04-08,3,180,180,0.03597588992925845
2024-04-08,4,179,179,0.03916106981897689
2024-04-08,5,179,179,0.021543732649824777
2024-04-09,1,181,180,0.014973194415661138
2024-04-09,2,180,180,0.019531200571777572
2024-04-09,3,180,180,0.019379944730367957
2024-04-09,4,180,180,0.015322291046036959
2024-04-09,5,180,179,0.0037562131067790565
2024-04-10,1,180,179,0.028121141096846318
2024-04-10,2,180,180,0.03954814961693999
2024-04-10,3,180,180,0.043087201707247794
2024-04-10,4,180,180,0.05038684714657157
2024-04-10,5,180,180,0.02041197738430014
2024-04-11,1,181,180,0.03175715997605
2024-04-11,2,180,180,0.023096419255084773
2024-04-11,3,181,181,0.03488364989561589
2024-04-11,4,180,180,0.037757850906988105
2024-04-11,5,180,180,0.02216237100354106
2024-04-12,1,180,179,0.03457012247650972
2024-04-12,2,180,180,0.041290409381793666
2024-04-12,3,179,179,0.029705295342998456
2024-04-12,4,180,180,0.04071588540116482
2024-04-12,5,179,179,0.03173965826664791
2024-04-15,1,180,180,0.0663930501158257
2024-04-15,2,179,179,0.04034675348965006
2024-04-15,3,179,179,0.029176478506930417
2024-04-15,4,179,179,0.04440503663349631
2024-04-15,5,179,179,0.04958824085030126
2024-04-16,1,178,178,0.12130745517951061
2024-04-16,2,177,177,0.07809706881376656
2024-04-16,3,177,177,0.0634689175428454
2024-04-16,4,177,176,0.08796961512418543
2024-04-16,5,177,176,0.1086876157398872
2024-04-17,1,180,180,0.07627478915524688
2024-04-17,2,179,179,0.04570470894527446
2024-04-17,3,179,179,0.04454153816019952
2024-04-17,4,179,178,0.0654107268379951
2024-04-17,5,179,179,0.0737132785326643
2024-04-18,1,180,180,0.07190040196355875
2024-04-18,2,179,179,0.04685281059867837
2024-04-18,3,179,179,0.038514594381283976
2024-04-18,4,179,179,0.05364215837929057
2024-04-18,5,179,179,0.07139559600760048
2024-04-19,1,179,179,0.07891579269418927
2024-04-19,2,178,178,0.04417943568376342
2024-04-19,3,179,179,0.04306485613625888
2024-04-19,4,178,178,0.059155047249113
2024-04-19,5,178,178,0.07104304172903284
2024-04-22,1,178,178,0.06253303038656277
2024-04-22,2,178,178,0.03186448642719844
2024-04-22,3,178,178,0.027521479975815652
2024-04-22,4,178,178,0.04165226368736389
2024-04-22,5,177,177,0.05225775234399351
2024-04-23,1,178,178,0.043572614384089825
2024-04-23,2,178,178,0.03252917570258469
2024-04-23,3,178,178,0.02931722693338298
2024-04-23,4,178,178,0.03792907805085709
2024-04-23,5,178,178,0.04609165317569697
2024-04-24,1,179,179,0.04631658439026604
2024-04-24,2,178,178,0.02845464857050612
2024-04-24,3,178,178,0.02220185836231979
2024-04-24,4,178,178,0.045272180545329686
2024-04-24,5,178,177,0.042636707086139064
2024-04-25,1,179,178,0.024410563945054274
2024-04-25,2,178,178,0.018377949322255532
2024-04-25,3,178,178,0.012681334772982496
2024-04-25,4,178,178,0.02720386316586294
2024-04-25,5,178,178,0.02196027039950598
2024-04-26,1,181,181,0.0037760605171605747
2024-04-26,2,180,180,0.005147636945209126
2024-04-26,3,180,180,-0.003526377242639138
2024-04-26,4,180,180,0.0008567075994796885
2024-04-26,5,180,180,-0.0029262985961051166
2024-04-29,1,181,179,-0.014557171371352694
2024-04-29,2,181,179,-0.01908193352286243
2024-04-29,3,181,181,-0.017373174219414648
2024-04-29,4,181,180,-0.022954500262229057
2024-04-29,5,180,180,-0.02263863591111382
2024-04-30,1,180,180,-0.023096028502303818
2024-04-30,2,179,179,-0.02247924301339143
2024-04-30,3,180,180,-0.02526747053218617
2024-04-30,4,179,179,-0.028503983657090497
2024-04-30,5,179,179,-0.02879748485455126
2024-05-06,1,181,181,-0.05005179750351844
2024-05-06,2,181,181,-0.03912712519268451
2024-05-06,3,181,181,-0.04276640248241392
2024-05-06,4,181,181,-0.0470519637593858
2024-05-06,5,180,180,-0.05317522566176759
2024-05-07,1,181,181,-0.0580609900716469
2024-05-07,2,181,181,-0.036064018393382496
2024-05-07,3,180,180,-0.03825134270764568
2024-05-07,4,181,181,-0.0388006205696351
2024-05-07,5,180,180,-0.04416327647586992
2024-05-08,1,181,181,-0.0585702079446676
2024-05-08,2,180,180,-0.03441560362810477
2024-05-08,3,181,181,-0.029662762689626657
2024-05-08,4,180,180,-0.03622598833559256
2024-05-08,5,180,180,-0.046027154163565794
2024-05-09,1,181,181,-0.09154829530795293
2024-05-09,2,180,180,-0.06396171801881777
2024-05-09,3,181,181,-0.052205102382469
2024-05-09,4,180,180,-0.06185915795348031
2024-05-09,5,180,180,-0.075209279361025
2024-05-10,1,181,181,-0.07409504941641741
2024-05-10,2,181,181,-0.051357442541577696
2024-05-10,3,180,180,-0.05098116005909716
2024-05-10,4,181,181,-0.06259942920752763
2024-05-10,5,180,179,-0.06302683557803125
2024-05-13,1,180,180,-0.06585317357227075
2024-05-13,2,180,180,-0.04781966043624119
2024-05-13,3,180,180,-0.04738216047331352
2024-05-13,4,180,180,-0.05662665499464878
2024-05-13,5,180,180,-0.05722820484730594
2024-05-14,1,181,181,-0.06031814143589815
2024-05-14,2,180,180,-0.03987116229013362
2024-05-14,3,180,180,-0.047919184723595964
2024-05-14,4,180,180,-0.051192836401670876
2024-05-14,5,180,180,-0.05578986683192473
2024-05-15,1,181,181,-0.06753374107052071
2024-05-15,2,180,180,-0.04451239873496134
2024-05-15,3,180,180,-0.053097416920771204
2024-05-15,4,180,180,-0.05531765286011144
2024-05-15,5,180,180,-0.06694973579571604
2024-05-16,1,181,181,-0.07314265699900523
2024-05-16,2,180,180,-0.04036824323249618
2024-05-16,3,180,180,-0.04918342716562123
2024-05-16,4,180,180,-0.04933731035481426
2024-05-16,5,180,180,-0.06423474182565364
2024-05-17,1,182,182,-0.08908610688013137
2024-05-17,2,181,181,-0.049810940760423916
2024-05-17,3,181,181,-0.05382927957224107
2024-05-17,4,181,179,-0.06518206926078268
2024-05-17,5,181,181,-0.07080796963939222
2024-05-20,1,181,181,-0.07513245545271946
2024-05-20,2,180,180,-0.048943914677389955
2024-05-20,3,180,180,-0.04881086900443779
2024-05-20,4,180,180,-0.06088650885656626
2024-05-20,5,180,180,-0.0628890690610396
2024-05-21,1,181,181,-0.07642229088354062
2024-05-21,2,180,180,-0.053171404375852306
2024-05-21,3,180,180,-0.05642724843214598
2024-05-21,4,180,180,-0.06345339181224985
2024-05-21,5,180,180,-0.07021786246246492
2024-05-22,1,181,181,-0.0926230387707397
2024-05-22,2,180,180,-0.06678085046485134
2024-05-22,3,181,181,-0.07277072402385416
2024-05-22,4,180,180,-0.0816697568828319
2024-05-22,5,180,180,-0.09006579928715593
2024-05-23,1,180,180,-0.08122309957323755
2024-05-23,2,179,179,-0.051254213855299505
2024-05-23,3,179,179,-0.051251851772804426
2024-05-23,4,179,179,-0.06919090817134946
2024-05-23,5,179,179,-0.07298659036265366
2024-05-24,1,180,180,-0.09398232956083256
2024-05-24,2,179,179,-0.058490919771093795
2024-05-24,3,179,179,-0.06581122286191757
2024-05-24,4,179,179,-0.08160260151968367
2024-05-24,5,179,179,-0.08547407090317716
2024-05-27,1,180,180,-0.10426649821876019
2024-05-27,2,179,179,-0.07047194580838337
2024-05-27,3,180,180,-0.07906776180877818
2024-05-27,4,179,179,-0.09123531851857121
2024-05-27,5,179,179,-0.0969495518477654
2024-05-28,1,179,179,-0.07415352165427493
2024-05-28,2,179,179,-0.04362935770935083
2024-05-28,3,179,179,-0.04943542868238396
2024-05-28,4,179,179,-0.06554657340067573
2024-05-28,5,179,179,-0.06522966276584505
2024-05-29,1,179,179,-0.08658379456823538
2024-05-29,2,179,179,-0.058072838972429416
2024-05-29,3,179,179,-0.06330178700702041
2024-05-29,4,179,179,-0.08281386056092134
2024-05-29,5,178,178,-0.08268049444212715
2024-05-30,1,179,179,-0.07922785767576022
2024-05-30,2,178,178,-0.052088520898532754
2024-05-30,3,179,179,-0.059432784150787024
2024-05-30,4,178,178,-0.07748961087382998
2024-05-30,5,178,178,-0.07578431569246132
2024-05-31,1,178,178,-0.06783826220294335
2024-05-31,2,178,178,-0.048099803676913314
2024-05-31,3,178,178,-0.05417117778427636
2024-05-31,4,178,178,-0.0584724652719046
2024-05-31,5,177,177,-0.06558127174816862
2024-06-03,1,178,178,-0.045387336699174136
2024-06-03,2,177,177,-0.042126488708864256
2024-06-03,3,178,178,-0.04699251586444365
2024-06-03,4,177,177,-0.05999332782840047
2024-06-03,5,177,177,-0.06162096280920212
2024-06-04,1,177,177,-0.04330528735408573
2024-06-04,2,177,177,-0.05248189951608938
2024-06-04,3,176,176,-0.06201060075357424
2024-06-04,4,177,177,-0.07270454896815919
2024-06-04,5,176,176,-0.06943564162854476
2024-06-05,1,177,177,-0.05775289446466387
2024-06-05,2,176,176,-0.062173878846165744
2024-06-05,3,176,176,-0.07037979241825272
2024-06-05,4,176,176,-0.08792841612122461
2024-06-05,5,176,176,-0.08350211272193754
2024-06-06,1,176,176,-0.030538273073352638
2024-06-06,2,176,176,-0.04409951998309
2024-06-06,3,176,175,-0.05967836158737532
2024-06-06,4,176,176,-0.06506958751441067
2024-06-06,5,176,176,-0.06423149771861414
2024-06-07,1,177,177,-0.05239700545276669
2024-06-07,2,176,175,-0.05634948125225157
2024-06-07,3,177,177,-0.07518979659565334
2024-06-07,4,176,176,-0.07868324488297139
2024-06-07,5,176,176,-0.08273986207325197
2024-06-11,1,176,176,-0.04333690956015802
2024-06-11,2,176,176,-0.05165986832276561
2024-06-11,3,175,175,-0.057746159954453966
2024-06-11,4,176,176,-0.07652129258526968
2024-06-11,5,175,175,-0.07081297568395316
2024-06-12,1,176,176,-0.0454753872290273
2024-06-12,2,176,176,-0.04150477224026625
2024-06-12,3,176,176,-0.053256064409884625
2024-06-12,4,176,176,-0.06829850880071789
2024-06-12,5,175,175,-0.06732391981925037
2024-06-13,1,175,175,-0.020605431840926593
2024-06-13,2,175,175,-0.02441829316941224
2024-06-13,3,175,175,-0.0413376435961573
2024-06-13,4,175,175,-0.04357383376445095
2024-06-13,5,175,175,-0.0432861580187516
2024-06-14,1,176,176,-0.02065932116475319
2024-06-14,2,175,175,-0.028175274511579574
2024-06-14,3,176,176,-0.044921120480874446
2024-06-14,4,175,175,-0.05731912269156551
2024-06-14,5,175,175,-0.04934479968789473
2024-06-17,1,175,175,-0.026321860347416574
2024-06-17,2,175,175,-0.039591310132568634
2024-06-17,3,175,175,-0.05380800143607855
2024-06-17,4,175,175,-0.06671835658074152
2024-06-17,5,175,175,-0.06181261294837286
2024-06-18,1,176,176,-0.03306506799485171
2024-06-18,2,175,175,-0.037709684597968335
2024-06-18,3,175,175,-0.05571467195080277
2024-06-18,4,175,175,-0.06990949688528485
2024-06-18,5,175,175,-0.06724479182141274
2024-06-19,1,175,175,-0.0379349411588917
2024-06-19,2,175,175,-0.0313393039769655
2024-06-19,3,175,175,-0.05682807098840265
2024-06-19,4,175,175,-0.06794706715387179
2024-06-19,5,174,174,-0.06850034989340735
2024-06-20,1,175,175,-0.022579531838588837
2024-06-20,2,175,175,-0.0073766156188553745
2024-06-20,3,175,175,-0.037099068510966976
2024-06-20,4,175,175,-0.04054647716852095
2024-06-20,5,174,174,-0.04497481839659009
2024-06-21,1,175,175,-0.012463010083573355
2024-06-21,2,175,175,0.004978537138186689
2024-06-21,3,175,175,-0.03369858273718551
2024-06-21,4,175,175,-0.03041150611036763
2024-06-21,5,175,175,-0.037677399347681155
2024-06-24,1,174,174,0.008734251104760744
2024-06-24,2,174,174,0.018262641034349224
2024-06-24,3,174,174,-0.01969175356572534
2024-06-24,4,174,174,-0.01040490681379631
2024-06-24,5,173,173,-0.013735107360741908
2024-06-25,1,174,174,-0.0108056508049955
2024-06-25,2,174,174,0.0020910340229062636
2024-06-25,3,174,174,-0.03848511043880611
2024-06-25,4,174,174,-0.03710160484569524
2024-06-25,5,173,173,-0.03770885509246948
2024-06-26,1,175,175,-0.042665736048420694
2024-06-26,2,174,174,-0.03809813249461163
2024-06-26,3,175,175,-0.06783857016755063
2024-06-26,4,174,174,-0.06708952154023708
2024-06-26,5,174,174,-0.07502342788417267
2024-06-27,1,175,175,-0.023471622174852616
2024-06-27,2,174,174,-0.017697748094043102
2024-06-27,3,174,174,-0.04166746597905342
2024-06-27,4,174,174,-0.04761177251368143
2024-06-27,5,174,174,-0.04576111447398717
2024-06-28,1,174,174,-0.021375112675667208
2024-06-28,2,174,174,-0.009015957255366617
2024-06-28,3,174,174,-0.035296512002061416
2024-06-28,4,174,174,-0.035454776511347055
2024-06-28,5,173,173,-0.04001269531157516
2024-07-01,1,174,174,-0.028743134772835344
2024-07-01,2,174,174,-0.028375855711470083
2024-07-01,3,174,174,-0.05227907896403202
2024-07-01,4,174,174,-0.04985489480834186
2024-07-01,5,174,174,-0.0634881464155881
2024-07-02,1,174,174,-0.026657949283063077
2024-07-02,2,174,174,-0.024127661138731122
2024-07-02,3,174,174,-0.0392170477867668
2024-07-02,4,174,174,-0.04292451413121869
2024-07-02,5,174,173,-0.04723637758146438
2024-07-03,1,174,174,0.004896988597079545
2024-07-03,2,174,173,0.016411463601470933
2024-07-03,3,174,174,0.002603583415733507
2024-07-03,4,174,173,-0.0009298363042455365
2024-07-03,5,173,173,0.0051771502631601
2024-07-04,1,173,173,0.020862130205355895
2024-07-04,2,173,172,0.021930547493550476
2024-07-04,3,173,173,0.004732045702653146
2024-07-04,4,173,172,0.015204044072806294
2024-07-04,5,172,172,0.017076675493974923
2024-07-05,1,173,173,0.007183136183140316
2024-07-05,2,172,170,0.006875661955356893
2024-07-05,3,173,173,-0.011573215073265038
2024-07-05,4,172,172,-0.006746549118107795
2024-07-05,5,172,172,0.0006374741146890518
2024-07-08,1,171,171,0.022011922753564395
2024-07-08,2,171,170,0.020034884545642253
2024-07-08,3,171,171,0.006920282688805803
2024-07-08,4,171,171,0.013540575238526607
2024-07-08,5,170,170,0.019855424189748633
2024-07-09,1,171,171,0.016618334896113793
2024-07-09,2,170,169,0.003430453842882774
2024-07-09,3,171,171,0.0013642283199031878
2024-07-09,4,170,170,-0.005007236917231048
2024-07-09,5,170,170,0.004062865652969324
2024-07-10,1,170,170,0.006550992846486917
2024-07-10,2,170,169,-0.01624798295249598
2024-07-10,3,169,169,-0.010709622907438234
2024-07-10,4,170,170,-0.024239143318397993
2024-07-10,5,169,169,-0.01329487273671891
2024-07-11,1,172,172,-0.0005758213724371763
2024-07-11,2,171,170,-0.013835405051834894
2024-07-11,3,171,171,-0.016414995680690877
2024-07-11,4,171,171,-0.024089208708927938
2024-07-11,5,171,171,-0.016206131987738792
2024-07-12,1,172,172,-0.01284139614958296
2024-07-12,2,172,171,-0.01932838236181362
2024-07-12,3,171,171,-0.02470966201569746
2024-07-12,4,172,172,-0.028024144569615397
2024-07-12,5,171,171,-0.02785655113657512
2024-07-15,1,171,171,-0.005995864968104633
2024-07-15,2,171,170,-0.01608239740977409
2024-07-15,3,171,171,-0.02313306426930427
2024-07-15,4,171,171,-0.024587339891539335
2024-07-15,5,171,171,-0.022318120867617534
2024-07-16,1,171,171,-0.0040435770888177115
2024-07-16,2,171,170,-0.024516746613765794
2024-07-16,3,170,170,-0.02183884124584321
2024-07-16,4,171,171,-0.033576898907683214
2024-07-16,5,170,170,-0.01427890987633536
2024-07-17,1,171,171,0.0006444443076946417
2024-07-17,2,171,171,-0.02427448868164736
2024-07-17,3,171,171,-0.02657445986287291
2024-07-17,4,171,171,-0.028952852662259936
2024-07-17,5,170,170,-0.017331198899717622
2024-07-18,1,171,171,0.013754787887842113
2024-07-18,2,171,171,-0.015676349476808682
2024-07-18,3,170,170,-0.023384452163536046
2024-07-18,4,171,171,-0.019112792283828495
2024-07-18,5,170,170,-0.009847859505463047
2024-07-19,1,171,171,0.00104274701743883
2024-07-19,2,170,170,-0.0313394560773021
2024-07-19,3,170,170,-0.03858543625083908
2024-07-19,4,170,170,-0.032401451437656346
2024-07-19,5,170,170,-0.02580476243266378
2024-07-22,1,170,170,0.001692796564170382
2024-07-22,2,169,169,-0.023112501334076736
2024-07-22,3,170,170,-0.03887846964327098
2024-07-22,4,169,169,-0.03007728074422063
2024-07-22,5,169,169,-0.02703681469800549
2024-07-23,1,169,169,0.0052132953277531065
2024-07-23,2,169,169,-0.014875090916205468
2024-07-23,3,169,169,-0.029787176817664112
2024-07-23,4,169,169,-0.024160958185223718
2024-07-23,5,168,168,-0.017591751111336363
2024-07-24,1,168,168,0.021255873897805647
2024-07-24,2,168,167,-0.0015925864085923034
2024-07-24,3,167,167,-0.016365424988430344
2024-07-24,4,168,168,-0.012036256033209044
2024-07-24,5,167,167,-0.002911936657289689
2024-07-25,1,169,169,-0.0013124812330875544
2024-07-25,2,168,167,-0.02530118353747402
2024-07-25,3,168,168,-0.03805648140223901
2024-07-25,4,168,168,-0.037320109352587554
2024-07-25,5,168,168,-0.029832259533997294
2024-07-26,1,169,169,-0.007750585145821623
2024-07-26,2,169,168,-0.031145057502498092
2024-07-26,3,169,169,-0.04357066083943483
2024-07-26,4,169,169,-0.04660223722991787
2024-07-26,5,169,169,-0.03773280877317055
2024-07-29,1,169,169,0.0015619367360842006
2024-07-29,2,169,168,-0.02682303786555756
2024-07-29,3,168,168,-0.030606336406457452
2024-07-29,4,169,169,-0.03825220047517398
2024-07-29,5,168,168,-0.03397956796285882
2024-07-30,1,169,169,-0.012652563921740818
2024-07-30,2,168,167,-0.041450637464695794
2024-07-30,3,168,168,-0.04422551298100208
2024-07-30,4,168,168,-0.054940604721733406
2024-07-30,5,168,167,-0.05062639921528551
2024-07-31,1,170,169,-0.04265650379312292
2024-07-31,2,169,168,-0.06669168667830487
2024-07-31,3,170,170,-0.07983923360416725
2024-07-31,4,169,169,-0.09537240212815513
2024-07-31,5,169,168,-0.09236424070536395
2024-08-01,1,169,169,-0.022659589751368146
2024-08-01,2,169,168,-0.03991253746016815
2024-08-01,3,169,169,-0.05820786086438529
2024-08-01,4,169,169,-0.06766395404584817
2024-08-01,5,168,168,-0.06630236564839029
2024-08-02,1,170,170,-0.000500419893689428
2024-08-02,2,169,168,-0.015345660438717556
2024-08-02,3,170,170,-0.03023927868190235
2024-08-02,4,169,169,-0.03974474330373306
2024-08-02,5,169,169,-0.03658050091116425
2024-08-05,1,170,168,-0.005546843305992742
2024-08-05,2,170,169,-0.028001788298496904
2024-08-05,3,170,170,-0.04375280586259972
2024-08-05,4,170,170,-0.056097677882703305
2024-08-05,5,169,169,-0.05353913950382219
2024-08-06,1,170,168,-0.004628826165921846
2024-08-06,2,169,168,-0.029799538442541636
2024-08-06,3,169,169,-0.043893239167250166
2024-08-06,4,169,169,-0.05105171404611675
2024-08-06,5,169,169,-0.04626083092398199
2024-08-07,1,170,168,-0.002488449134113773
2024-08-07,2,170,170,-0.026330862643583267
2024-08-07,3,169,169,-0.03935944531348429
2024-08-07,4,170,170,-0.044507874194741594
2024-08-07,5,169,169,-0.040772521408090324
2024-08-08,1,170,168,-0.004810867134652884
2024-08-08,2,169,167,-0.03224047047090195
2024-08-08,3,169,169,-0.03290430526981996
2024-08-08,4,169,169,-0.04469327714495759
2024-08-08,5,169,169,-0.041846313710329215
2024-08-09,1,169,167,-0.013475414784512644
2024-08-09,2,169,167,-0.041964905422665295
2024-08-09,3,169,169,-0.04117401960112981
2024-08-09,4,169,169,-0.05314830270237577
2024-08-09,5,169,169,-0.045977712146640315
2024-08-12,1,170,168,-0.010159090546213658
2024-08-12,2,169,167,-0.038982047682407796
2024-08-12,3,170,170,-0.04048585642493687
2024-08-12,4,169,169,-0.051285882763324436
2024-08-12,5,169,169,-0.042807771358966726
2024-08-13,1,170,168,-0.013227381908778526
2024-08-13,2,169,167,-0.045649834489842576
2024-08-13,3,170,170,-0.04866061972466861
2024-08-13,4,169,169,-0.05777626907187115
2024-08-13,5,169,169,-0.055049252060818274
2024-08-14,1,170,168,-0.008935618999775194
2024-08-14,2,170,168,-0.035532331609704454
2024-08-14,3,170,170,-0.03190761822489687
2024-08-14,4,170,170,-0.042366777218563634
2024-08-14,5,170,170,-0.04358603113204448
2024-08-15,1,170,168,-0.02448652898120379
2024-08-15,2,170,168,-0.04504699809571835
2024-08-15,3,170,170,-0.050125310712064254
2024-08-15,4,170,170,-0.058686440341894255
2024-08-15,5,170,170,-0.06193859039573471
2024-08-16,1,171,169,-0.030157240901465134
2024-08-16,2,170,168,-0.04628888874524302
2024-08-16,3,171,171,-0.055105970403446364
2024-08-16,4,170,170,-0.058986554484124994
2024-08-16,5,170,170,-0.06615060361516353
2024-08-19,1,171,171,-0.029233699615849255
2024-08-19,2,171,169,-0.049244820658116514
2024-08-19,3,170,170,-0.048100223051969135
2024-08-19,4,171,171,-0.05635957558106879
2024-08-19,5,170,170,-0.060452873330475144
2024-08-20,1,170,170,0.004160368988502596
2024-08-20,2,170,168,-0.013484886542359988
2024-08-20,3,170,170,-0.020597962870252003
2024-08-20,4,170,170,-0.02129098329176251
2024-08-20,5,169,169,-0.023476397044437693
2024-08-21,1,170,170,0.0005432663898304762
2024-08-21,2,170,167,-0.013893666117365863
2024-08-21,3,169,169,-0.018188627842961585
2024-08-21,4,170,170,-0.02085353146777312
2024-08-21,5,169,169,-0.02062320489994833
2024-08-22,1,169,169,0.02190046824506905
2024-08-22,2,169,167,0.007165694818989309
2024-08-22,3,169,169,0.01076128482106798
2024-08-22,4,169,169,0.006896077369990555
2024-08-22,5,169,169,0.007038209168399258
2024-08-23,1,169,169,0.06238325399970404
2024-08-23,2,169,167,0.04027676473375709
2024-08-23,3,169,169,0.05138840518862335
2024-08-23,4,169,169,0.04465667339795012
2024-08-23,5,168,168,0.03910722681833896
2024-08-26,1,170,170,0.04960723028516189
2024-08-26,2,170,168,0.03616126548584276
2024-08-26,3,170,170,0.04660784452038894
2024-08-26,4,170,170,0.04724474759802212
2024-08-26,5,169,169,0.03682994846341879
2024-08-27,1,170,170,0.11665230207180602
2024-08-27,2,170,168,0.11044278614717497
2024-08-27,3,170,170,0.12319158257347534
2024-08-27,4,170,170,0.13983591040303084
2024-08-27,5,169,169,0.12241708889813381
2024-08-28,1,170,170,0.18170278961342443
2024-08-28,2,169,167,0.20042898588481012
2024-08-28,3,170,170,0.21155132214878986
2024-08-28,4,169,169,0.23332768419808236
2024-08-28,5,169,169,0.2186535205982395
2024-08-29,1,169,169,0.3421479951969055
2024-08-29,2,169,167,0.3424859616922563
2024-08-29,3,169,169,0.3669002298950808
2024-08-29,4,169,169,0.38425956647044496
2024-08-29,5,169,169,0.36639818611030867
2024-08-30,1,170,170,0.24735435521444268
2024-08-30,2,170,168,0.25293670201610496
2024-08-30,3,170,170,0.2703015627899279
2024-08-30,4,170,170,0.27452982290502875
2024-08-30,5,170,170,0.25607801227677596
2024-09-02,1,170,168,0.19055488611469726
2024-09-02,2,169,169,0.22111441301167847
2024-09-02,3,170,170,0.21224218431742928
2024-09-02,4,169,169,0.24246321572294216
2024-09-02,5,169,169,0.22811655789765975
2024-09-03,1,169,169,0.18552691542832694
2024-09-03,2,169,169,0.20646053553341276
2024-09-03,3,168,168,0.19669140520298645
2024-09-03,4,169,169,0.2127362041333625
2024-09-03,5,168,168,0.20110606384787677
2024-09-04,1,168,168,0.16070237146580982
2024-09-04,2,168,168,0.1745867381858687
2024-09-04,3,168,168,0.16102123054412892
2024-09-04,4,168,168,0.18573639122758068
2024-09-04,5,168,168,0.16971504433111734
2024-09-05,1,169,169,0.16703274969339177
2024-09-05,2,168,166,0.17967338729906646
2024-09-05,3,169,169,0.16663510836711687
2024-09-05,4,168,168,0.19194617931225222
2024-09-05,5,168,168,0.1905814754794767
2024-09-06,1,168,168,0.1607162067466269
2024-09-06,2,168,168,0.1629633262073576
2024-09-06,3,168,168,0.1589683441459257
2024-09-06,4,168,168,0.1899898353280108
2024-09-06,5,168,168,0.18294035196647368
2024-09-09,1,168,168,0.18901847524871784
2024-09-09,2,168,168,0.18870856875411685
2024-09-09,3,167,167,0.18947931031319412
2024-09-09,4,168,168,0.21688519355505434
2024-09-09,5,167,167,0.21835037273613808
2024-09-10,1,167,166,0.16666134945739222
2024-09-10,2,167,167,0.1769557363427084
2024-09-10,3,166,166,0.17546582102611294
2024-09-10,4,167,167,0.19529781621927106
2024-09-10,5,166,166,0.20529906177162544
2024-09-11,1,167,166,0.2028929049665057
2024-09-11,2,166,166,0.21670962807047447
2024-09-11,3,166,166,0.217374543256701
2024-09-11,4,166,165,0.2452637910768291
2024-09-11,5,166,166,0.2459026575715134
2024-09-12,1,167,167,0.2105797506796454
2024-09-12,2,166,165,0.22106036812502666
2024-09-12,3,167,167,0.2375664576928366
2024-09-12,4,166,165,0.2644975759073536
2024-09-12,5,166,166,0.266478555136257
2024-09-13,1,167,166,0.230467369582936
2024-09-13,2,167,167,0.24244336552116957
2024-09-13,3,166,166,0.2652523704893626
2024-09-13,4,167,166,0.2956416508199076
2024-09-13,5,166,166,0.3050267806313143
2024-09-18,1,167,166,0.23394013360560312
2024-09-18,2,167,167,0.237489665629304
2024-09-18,3,167,167,0.26341831966230733
2024-09-18,4,167,167,0.2807016076563193
2024-09-18,5,166,165,0.2900077234516015
2024-09-19,1,167,167,0.21307443237007195
2024-09-19,2,167,166,0.22760028010960318
2024-09-19,3,167,167,0.24779204301423394
2024-09-19,4,167,166,0.2511635143101823
2024-09-19,5,167,167,0.26982743675666626
2024-09-20,1,167,167,0.2445615487386309
2024-09-20,2,167,166,0.2340023223300163
2024-09-20,3,167,167,0.29023879965847804
2024-09-20,4,167,166,0.2675531850311619
2024-09-20,5,167,167,0.28759375981208507
2024-09-23,1,167,167,0.2668055735791867
2024-09-23,2,167,167,0.26034429071513904
2024-09-23,3,167,166,0.28917399622163875
2024-09-23,4,167,167,0.2783113080711969
2024-09-23,5,167,166,0.3057301941725672
2024-09-24,1,170,170,0.20367305737947503
2024-09-24,2,169,167,0.16807605212086085
2024-09-24,3,169,169,0.2081777362275177
2024-09-24,4,169,169,0.20187813843913485
2024-09-24,5,169,168,0.22802498250282668
2024-09-25,1,172,172,0.21438340493727037
2024-09-25,2,171,170,0.1796965311430786
2024-09-25,3,171,170,0.21133616304940386
2024-09-25,4,171,171,0.22629154530088644
2024-09-25,5,171,171,0.24515874011368438
2024-09-26,1,173,173,0.16824774036387938
2024-09-26,2,173,173,0.1271097153018473
2024-09-26,3,173,172,0.15096567100265804
2024-09-26,4,173,173,0.1615469381501679
2024-09-26,5,173,173,0.18467950763368018
2024-09-27,1,176,176,0.06424056751484392
2024-09-27,2,176,176,0.045446038769408566
2024-09-27,3,176,175,0.04971439199412808
2024-09-27,4,176,176,0.05332979535557189
2024-09-27,5,176,176,0.07968685951584277
2024-09-30,1,180,180,-0.06177551877888655
2024-09-30,2,180,180,-0.06181583671149703
2024-09-30,3,180,180,-0.06765786243010423
2024-09-30,4,180,179,-0.06156915553618555
2024-09-30,5,180,180,-0.036080776272105326
2024-10-08,1,183,183,0.020719030745911235
2024-10-08,2,183,183,0.02990726269642517
2024-10-08,3,182,182,0.015533923274565365
2024-10-08,4,183,183,0.030505735602687364
2024-10-08,5,182,181,0.05709429934572487
2024-10-09,1,181,181,0.07603664728364179
2024-10-09,2,180,180,0.0740839158228662
2024-10-09,3,181,180,0.0652147846800896
2024-10-09,4,180,180,0.07831315945485715
2024-10-09,5,180,179,0.12154408767957402
2024-10-10,1,181,181,0.11940013015526284
2024-10-10,2,180,180,0.13882962345299565
2024-10-10,3,180,180,0.12305721738409194
2024-10-10,4,180,180,0.14571191327139574
2024-10-10,5,180,179,0.1672322532017569
2024-10-11,1,180,180,0.11679660199086991
2024-10-11,2,180,180,0.15352543805412872
2024-10-11,3,179,179,0.1376497325698879
2024-10-11,4,180,180,0.16363073039677692
2024-10-11,5,179,178,0.16452825648371022
2024-10-14,1,181,181,0.11866526719407983
2024-10-14,2,180,180,0.15877584595411232
2024-10-14,3,180,180,0.15073976859138155
2024-10-14,4,180,180,0.1660410247823516
2024-10-14,5,180,179,0.16724240610514038
2024-10-15,1,181,181,0.13666157483576832
2024-10-15,2,180,180,0.1731400941987171
2024-10-15,3,181,181,0.16706813702157
2024-10-15,4,180,180,0.1733608774035752
2024-10-15,5,180,179,0.1860413976472552
2024-10-16,1,181,181,0.11355222467568363
2024-10-16,2,180,180,0.15035054968634576
2024-10-16,3,181,181,0.14309654461388327
2024-10-16,4,180,180,0.14222787002489592
2024-10-16,5,180,179,0.160485607609519
2024-10-17,1,180,180,0.11063733402169619
2024-10-17,2,180,179,0.13535111381964585
2024-10-17,3,180,180,0.1225728787520107
2024-10-17,4,180,180,0.1261264899653215
2024-10-17,5,179,178,0.1425238232051691
2024-10-18,1,181,181,0.07484628326776176
2024-10-18,2,180,180,0.0794684999963087
2024-10-18,3,181,181,0.07211739649387948
2024-10-18,4,180,180,0.07036116163286928
2024-10-18,5,180,178,0.0987273204753582
2024-10-21,1,181,181,0.0588105471297393
2024-10-21,2,180,180,0.05113685340530319
2024-10-21,3,181,181,0.03905417334733645
2024-10-21,4,180,180,0.050910295473929564
2024-10-21,5,180,179,0.052211038679953505
2024-10-22,1,181,181,0.05332452109581589
2024-10-22,2,181,181,0.05116970795907342
2024-10-22,3,181,181,0.05334082027220104
2024-10-22,4,181,181,0.0478339037809598
2024-10-22,5,180,180,0.059969897954306
2024-10-23,1,181,181,0.07411531542086212
2024-10-23,2,181,181,0.062329775615091315
2024-10-23,3,181,181,0.06742426497108549
2024-10-23,4,181,181,0.06678642797361047
2024-10-23,5,180,180,0.08649443003005029
2024-10-24,1,182,182,0.07638955075327235
2024-10-24,2,181,181,0.0623469065003063
2024-10-24,3,181,181,0.05627983905880314
2024-10-24,4,181,181,0.07920382935393215
2024-10-24,5,181,181,0.08602920737402615
2024-10-25,1,182,182,0.029359937784364475
2024-10-25,2,182,181,0.01459176413369807
2024-10-25,3,182,182,0.005097565729007168
2024-10-25,4,182,182,0.02261647813291071
2024-10-25,5,181,181,0.04664867697846539
2024-10-28,1,183,183,0.0025306378298482336
2024-10-28,2,183,182,-0.0020351337170023613
2024-10-28,3,183,183,-0.008222700231017531
2024-10-28,4,183,183,0.0011656296928094958
2024-10-28,5,182,182,0.0233466243497134
2024-10-29,1,183,183,0.023315065478611743
2024-10-29,2,182,181,0.003935780582438491
2024-10-29,3,182,181,0.004386645032243343
2024-10-29,4,182,182,0.013798954290482786
2024-10-29,5,182,182,0.03214351257129548
2024-10-30,1,183,183,0.03661653762457736
2024-10-30,2,182,181,0.017468334521621616
2024-10-30,3,182,182,0.020087113156469456
2024-10-30,4,182,181,0.037708534517092336
2024-10-30,5,182,182,0.053493949109983785
2024-10-31,1,183,183,0.02842447174110563
2024-10-31,2,183,182,-0.001757809569767981
2024-10-31,3,183,183,0.013658329232601032
2024-10-31,4,183,183,0.01702732814802179
2024-10-31,5,182,182,0.03312902760770887
2024-11-01,1,183,182,0.059519599358635544
2024-11-01,2,182,181,0.02783531722817422
2024-11-01,3,182,182,0.04333949753013623
2024-11-01,4,182,182,0.052339000864857696
2024-11-01,5,182,182,0.06385841595490463
2024-11-04,1,183,182,0.06895022142565922
2024-11-04,2,183,182,0.024426761178408984
2024-11-04,3,182,182,0.03831244254597222
2024-11-04,4,183,183,0.05544978852767923
2024-11-04,5,182,182,0.06078616359827467
2024-11-05,1,185,184,0.035157669401544245
2024-11-05,2,184,183,-0.0073347777156111404
2024-11-05,3,184,184,0.004029603618005557
2024-11-05,4,184,184,0.016410803982380567
2024-11-05,5,184,183,0.029729786420848336
2024-11-06,1,184,183,0.01980566308732815
2024-11-06,2,184,183,-0.006848846892992805
2024-11-06,3,183,183,-0.005660465465927751
2024-11-06,4,184,183,-0.003110080558308878
2024-11-06,5,183,183,0.014513651701443638
2024-11-07,1,186,185,-0.0046462520845704765
2024-11-07,2,185,184,-0.040219653148150264
2024-11-07,3,185,185,-0.029782948947126138
2024-11-07,4,185,185,-0.04026849366470163
2024-11-07,5,185,185,-0.007879696080098558
2024-11-08,1,185,184,0.02174472391625504
2024-11-08,2,185,185,-0.014649450888162031
2024-11-08,3,184,184,-0.014734776704141443
2024-11-08,4,185,185,-0.0049390823868510165
2024-11-08,5,184,184,0.018959023211813062
2024-11-11,1,185,184,0.03928319706711232
2024-11-11,2,185,185,-0.015364177173435361
2024-11-11,3,185,185,-0.01502796651767384
2024-11-11,4,185,185,0.005376714453934047
2024-11-11,5,184,184,0.023609244726852555
2024-11-12,1,185,184,0.024504249440428866
2024-11-12,2,184,184,-0.023132446101284156
2024-11-12,3,184,184,-0.01679294476429279
2024-11-12,4,184,184,-0.0037346178620342257
2024-11-12,5,184,184,0.01433942316514409
2024-11-13,1,184,184,0.03524186839066624
2024-11-13,2,184,184,-0.008745903422761337
2024-11-13,3,184,184,-0.002456259782622685
2024-11-13,4,184,183,0.004645464887052687
2024-11-13,5,184,184,0.02848503163540147
2024-11-14,1,184,184,0.07502090055276815
2024-11-14,2,183,183,0.020224942146315258
2024-11-14,3,184,184,0.03604317604151896
2024-11-14,4,183,182,0.03152531626069642
2024-11-14,5,183,183,0.06711910141776194
2024-11-15,1,184,184,0.0675307430191105
2024-11-15,2,183,183,0.02322320327456968
2024-11-15,3,183,183,0.02142563845287753
2024-11-15,4,183,183,0.0385303794435047
2024-11-15,5,183,183,0.05394868489450461
2024-11-18,1,184,184,0.07949224874200611
2024-11-18,2,183,183,0.028908855362554706
2024-11-18,3,183,182,0.027655376460103163
2024-11-18,4,183,183,0.04491997584970486
2024-11-18,5,183,183,0.06481652268649292
2024-11-19,1,184,184,0.043757524247482506
2024-11-19,2,183,183,0.0032552923764493317
2024-11-19,3,184,183,0.0076795116490473185
2024-11-19,4,183,183,0.01308141231527193
2024-11-19,5,183,183,0.021646298640096588
2024-11-20,1,184,184,0.01879634826414033
2024-11-20,2,183,183,-0.015090241183808707
2024-11-20,3,184,183,-0.018015075358167494
2024-11-20,4,183,183,-0.005257313492674813
2024-11-20,5,183,183,0.007457761839076632
2024-11-21,1,184,184,0.01757892706971963
2024-11-21,2,183,183,-0.0020470672963295196
2024-11-21,3,184,183,-0.009830423520698926
2024-11-21,4,183,183,-8.3632955549652e-05
2024-11-21,5,183,183,0.005809434032870484
2024-11-22,1,183,183,0.052601861624469046
2024-11-22,2,183,183,0.029086787468127394
2024-11-22,3,183,180,0.022939020270991248
2024-11-22,4,183,183,0.03547590323396097
2024-11-22,5,183,183,0.0524686557651299
2024-11-25,1,183,183,0.0069753193947316855
2024-11-25,2,183,183,0.02020339852310993
2024-11-25,3,183,181,0.0025279470294338148
2024-11-25,4,183,183,0.013095017467518717
2024-11-25,5,182,182,0.02552710792301658
2024-11-26,1,183,183,0.027552848808832586
2024-11-26,2,183,183,0.03350469582479691
2024-11-26,3,183,181,0.02294324113738949
2024-11-26,4,183,183,0.03748248793009862
2024-11-26,5,182,182,0.04215784598777203
2024-11-27,1,184,184,-0.0028468354642666146
2024-11-27,2,183,182,0.004001440051945135
2024-11-27,3,184,183,-0.021850436206458837
2024-11-27,4,183,182,-0.00038420932398705376
2024-11-27,5,183,183,0.0020416833345166807
2024-11-28,1,184,184,0.005077356169178412
2024-11-28,2,183,182,0.01787532732470303
2024-11-28,3,184,183,-0.004625193345725556
2024-11-28,4,183,183,0.018212039293538977
2024-11-28,5,183,183,0.011253390599709994
2024-11-29,1,184,183,-0.007291177676558641
2024-11-29,2,183,182,0.007888007272161105
2024-11-29,3,184,183,-0.011267802338651484
2024-11-29,4,183,183,-0.002060276709709041
2024-11-29,5,183,181,-0.0002830844556138003
2024-12-02,1,184,183,-0.033214663882389216
2024-12-02,2,184,184,-0.006445588308648927
2024-12-02,3,184,184,-0.02844230477302719
2024-12-02,4,184,183,-0.020605564960700335
2024-12-02,5,184,183,-0.02084431029696994
2024-12-03,1,184,183,-0.0548045382548297
2024-12-03,2,184,184,-0.03597701155903752
2024-12-03,3,184,184,-0.047616163614578315
2024-12-03,4,184,182,-0.04739927059123298
2024-12-03,5,184,182,-0.048574795117712184
2024-12-04,1,185,184,-0.052193168661229895
2024-12-04,2,184,184,-0.04700707835403719
2024-12-04,3,185,185,-0.05759834432970984
2024-12-04,4,184,182,-0.05269018768230244
2024-12-04,5,184,183,-0.057041275937798154
2024-12-05,1,185,184,-0.08832862687656305
2024-12-05,2,185,185,-0.08020158925319426
2024-12-05,3,185,184,-0.09224086040871517
2024-12-05,4,185,184,-0.09248002933697083
2024-12-05,5,184,183,-0.09666656036904199
2024-12-06,1,185,184,-0.0909291857978897
2024-12-06,2,185,185,-0.0907460117808289
2024-12-06,3,185,184,-0.10074172448186032
2024-12-06,4,185,185,-0.10429565241815907
2024-12-06,5,185,184,-0.10394807061467941
2024-12-09,1,185,184,-0.10385785299704771
2024-12-09,2,185,185,-0.10015347279974052
2024-12-09,3,185,184,-0.11441939674754986
2024-12-09,4,185,185,-0.11750242966590867
2024-12-09,5,185,184,-0.12705102579732186
2024-12-10,1,185,184,-0.08453367414276702
2024-12-10,2,185,185,-0.0830586048722919
2024-12-10,3,185,184,-0.09288058017720827
2024-12-10,4,185,185,-0.11289480887785375
2024-12-10,5,184,183,-0.10981523928329452
2024-12-11,1,186,185,-0.09349410441269297
2024-12-11,2,185,185,-0.09002298762030943
2024-12-11,3,185,184,-0.10633551019016294
2024-12-11,4,185,185,-0.10976355092524438
2024-12-11,5,185,184,-0.1268324954793407
2024-12-12,1,186,185,-0.1311371640012476
2024-12-12,2,186,186,-0.1250780212956088
2024-12-12,3,185,184,-0.12336048225596583
2024-12-12,4,186,186,-0.14294206414324515
2024-12-12,5,185,184,-0.16695412682338034
2024-12-13,1,185,185,-0.11055489065667652
2024-12-13,2,185,185,-0.09824869066402973
2024-12-13,3,184,183,-0.10430552780424156
2024-12-13,4,185,185,-0.11843906862141972
2024-12-13,5,184,184,-0.13807931525085024
2024-12-16,1,185,185,-0.07688319694492222
2024-12-16,2,185,184,-0.060036214368349945
2024-12-16,3,185,184,-0.05893815644152585
2024-12-16,4,185,185,-0.08143207979482754
2024-12-16,5,184,184,-0.09511162540146721
2024-12-17,1,184,184,-0.055402933473737176
2024-12-17,2,184,184,-0.047371751105489385
2024-12-17,3,184,183,-0.050248076908039715
2024-12-17,4,184,184,-0.06642777184553847
2024-12-17,5,183,183,-0.07409086169210045
2024-12-18,1,185,185,-0.055752060863567834
2024-12-18,2,184,184,-0.040659409316819224
2024-12-18,3,184,183,-0.05444988310435866
2024-12-18,4,184,184,-0.05880898471669914
2024-12-18,5,184,184,-0.06765028286436708
2024-12-19,1,185,185,-0.04635529925554504
2024-12-19,2,184,184,-0.04175202006030234
2024-12-19,3,184,183,-0.04376184471173925
2024-12-19,4,184,184,-0.058091759334513084
2024-12-19,5,184,184,-0.06401274311917522
2024-12-20,1,184,184,-0.04368839552116744
2024-12-20,2,184,184,-0.03793715879197597
2024-12-20,3,184,184,-0.04245938793879502
2024-12-20,4,184,182,-0.06881496743854086
2024-12-20,5,184,184,-0.06619087800872835
2024-12-23,1,183,183,-0.033955735771522354
2024-12-23,2,183,183,-0.029602421452259903
2024-12-23,3,183,183,-0.03133352025852129
2024-12-23,4,183,182,-0.05522167493800465
2024-12-23,5,182,182,-0.049578281005056485
2024-12-24,1,184,184,-0.04250980693237739
2024-12-24,2,183,183,-0.02788785273519699
2024-12-24,3,183,183,-0.040344818278243794
2024-12-24,4,183,183,-0.05421544671918736
2024-12-24,5,183,183,-0.05795336875504933
2024-12-25,1,183,183,-0.0470256607425084
2024-12-25,2,183,183,-0.0363893440158697
2024-12-25,3,183,183,-0.035201999686840874
2024-12-25,4,183,183,-0.05403115298104394
2024-12-25,5,182,182,-0.05281274517588589
2024-12-26,1,183,183,-0.04208163094668414
2024-12-26,2,183,183,-0.028714548634528086
2024-12-26,3,182,182,-0.035745657244419735
2024-12-26,4,183,183,-0.03928875855044679
2024-12-26,5,182,182,-0.040315030840891185
2024-12-27,1,183,182,-0.04222311916645523
2024-12-27,2,183,183,-0.039798065639651437
2024-12-27,3,183,183,-0.03294204289655385
2024-12-27,4,183,182,-0.05002889753937888
2024-12-27,5,183,183,-0.04600142409060395
2024-12-30,1,183,182,-0.04455958752927878
2024-12-30,2,182,181,-0.04832539313133761
2024-12-30,3,183,183,-0.04157987385005306
2024-12-30,4,182,182,-0.04911964414294622
2024-12-30,5,182,182,-0.043408250312182185
2024-12-31,1,183,183,-0.00575560472554228
2024-12-31,2,182,179,-0.004888749802184645
2024-12-31,3,182,182,0.0033350507763509627
2024-12-31,4,182,181,0.006096202222056227
2024-12-31,5,182,182,0.012592857573735124
2025-01-02,1,181,181,0.027165574838513788
2025-01-02,2,181,180,0.036046253346732116
2025-01-02,3,181,181,0.051157255316078926
2025-01-02,4,181,181,0.03833695943438129
2025-01-02,5,181,181,0.052875555584157796
2025-01-03,1,180,180,0.0715073281743362
2025-01-03,2,180,179,0.07051462973288243
2025-01-03,3,180,180,0.08942737819970979
2025-01-03,4,180,180,0.08320631829170266
2025-01-03,5,179,179,0.10206360762285875
2025-01-06,1,181,181,0.0637268656065351
2025-01-06,2,180,179,0.061961764984609854
2025-01-06,3,180,180,0.08643784986822604
2025-01-06,4,180,180,0.0726140419993487
2025-01-06,5,180,180,0.09846702355689022
2025-01-07,1,181,180,0.06264275721188904
2025-01-07,2,180,180,0.06822463727880393
2025-01-07,3,181,181,0.0858175908554128
2025-01-07,4,180,180,0.0911706356806019
2025-01-07,5,180,180,0.10586499426278337
2025-01-08,1,181,181,0.05900990109862325
2025-01-08,2,180,179,0.0713140130179918
2025-01-08,3,180,180,0.09173452790929232
2025-01-08,4,180,180,0.0763219060844633
2025-01-08,5,180,180,0.107138046781636
2025-01-09,1,181,181,0.06798054769403233
2025-01-09,2,180,179,0.07629119783661763
2025-01-09,3,181,180,0.09168959347201408
2025-01-09,4,180,180,0.0938155510939674
2025-01-09,5,180,180,0.09880362870242032
2025-01-10,1,180,180,0.10875185763496185
2025-01-10,2,179,178,0.11028199693526936
2025-01-10,3,180,180,0.12005490888917948
2025-01-10,4,179,178,0.11959505714940014
2025-01-10,5,179,179,0.1393172527611406
2025-01-13,1,180,180,0.07054618701851709
2025-01-13,2,179,178,0.07573764932351117
2025-01-13,3,179,179,0.08044269480932521
2025-01-13,4,179,178,0.08640949236346787
2025-01-13,5,179,179,0.09962021376576964
2025-01-14,1,181,180,0.05141212521068331
2025-01-14,2,180,180,0.06085664937967072
2025-01-14,3,180,180,0.06431248719949083
2025-01-14,4,180,179,0.0678289971029787
2025-01-14,5,180,180,0.07436498936798501
2025-01-15,1,181,181,0.0534981669688975
2025-01-15,2,180,179,0.07217363133909124
2025-01-15,3,180,179,0.06636869085137906
2025-01-15,4,180,179,0.07142525715807689
2025-01-15,5,180,180,0.08455091850621894
2025-01-16,1,181,181,0.06040786947475812
2025-01-16,2,180,179,0.08486761160846426
2025-01-16,3,180,180,0.08236083725413632
2025-01-16,4,180,179,0.08777156704449174
2025-01-16,5,180,180,0.08790062727764503
2025-01-17,1,181,181,0.04412282343035096
2025-01-17,2,180,179,0.047029991384147665
2025-01-17,3,180,180,0.061420598105342096
2025-01-17,4,180,179,0.058589681149908854
2025-01-17,5,180,179,0.06497290424913102
2025-01-20,1,181,180,0.039010040044963744
2025-01-20,2,180,180,0.051120397515661796
2025-01-20,3,181,181,0.06368184609449641
2025-01-20,4,180,179,0.05020942567320828
2025-01-20,5,180,179,0.06551558902362381
2025-01-21,1,181,180,0.0644277981207246
2025-01-21,2,180,180,0.06878264319314942
2025-01-21,3,180,180,0.07944969736269708
2025-01-21,4,180,179,0.07393244933620217
2025-01-21,5,180,179,0.09453923455335117
2025-01-22,1,179,178,0.06291782700983946
2025-01-22,2,179,179,0.05681000298275065
2025-01-22,3,179,179,0.056073183333422934
2025-01-22,4,179,179,0.06753758977514274
2025-01-22,5,179,178,0.07760890273116783
2025-01-23,1,179,178,0.047795648827059035
2025-01-23,2,179,179,0.05587814561640875
2025-01-23,3,179,179,0.05074939739769608
2025-01-23,4,179,179,0.060052979118804015
2025-01-23,5,179,178,0.07418238222949919
2025-01-24,1,179,178,0.031090501669214923
2025-01-24,2,179,179,0.033493780002040965
2025-01-24,3,179,179,0.03308627265608627
2025-01-24,4,179,179,0.033872133890094025
2025-01-24,5,179,178,0.03924560112168421
2025-01-27,1,180,179,0.04119848288733258
2025-01-27,2,180,180,0.044524337112227225
2025-01-27,3,180,180,0.05571693526381206
2025-01-27,4,180,180,0.04982190599023188
2025-01-27,5,179,178,0.05928944262813378
2025-02-05,1,180,180,0.054477543411640086
2025-02-05,2,180,178,0.05666120141628641
2025-02-05,3,180,180,0.06868672921770438
2025-02-05,4,180,180,0.06061126237116391
2025-02-05,5,180,179,0.07339647731065865
2025-02-06,1,180,180,0.05273201454252734
2025-02-06,2,180,180,0.04522756838774906
2025-02-06,3,180,180,0.04855529342036908
2025-02-06,4,180,180,0.05275635864543244
2025-02-06,5,180,179,0.054100636859037946
2025-02-07,1,181,181,0.03536166851928727
2025-02-07,2,181,181,0.027925924236288917
2025-02-07,3,181,181,0.028970080231356977
2025-02-07,4,181,181,0.039159025575579445
2025-02-07,5,180,179,0.03429721310206442
2025-02-10,1,181,181,0.011964142718015209
2025-02-10,2,181,181,0.012043043447155205
2025-02-10,3,181,181,0.0069525798237093225
2025-02-10,4,181,181,0.018775395677509507
2025-02-10,5,181,181,0.011007865426212654
2025-02-11,1,181,181,0.038772026006033085
2025-02-11,2,181,181,0.03642573206902162
2025-02-11,3,181,181,0.04164785357964055
2025-02-11,4,181,181,0.04129382348210821
2025-02-11,5,180,180,0.033608232074469786
2025-02-12,1,181,181,0.025215985733403702
2025-02-12,2,181,181,0.02790059569599282
2025-02-12,3,181,181,0.0208525647440898
2025-02-12,4,181,181,0.02627443976409033
2025-02-12,5,181,181,0.014923114154239444
2025-02-13,1,181,181,0.02762144830216061
2025-02-13,2,181,181,0.025509108353324234
2025-02-13,3,181,181,0.022959246626503508
2025-02-13,4,181,181,0.023870860791468093
2025-02-13,5,181,181,0.01712571940422877
2025-02-14,1,181,181,0.03903748701018529
2025-02-14,2,181,181,0.04026492069199342
2025-02-14,3,181,179,0.02621696318481734
2025-02-14,4,181,180,0.029105684126038728
2025-02-14,5,181,181,0.043655988524614005
2025-02-17,1,182,182,0.0367863076101147
2025-02-17,2,181,181,0.04253725727147265
2025-02-17,3,181,180,0.04086073524619147
2025-02-17,4,181,180,0.036423837425889456
2025-02-17,5,181,181,0.0327172921393362
2025-02-18,1,181,181,0.05610301413923552
2025-02-18,2,181,180,0.056125910508515786
2025-02-18,3,181,180,0.05999869610443209
2025-02-18,4,181,180,0.056381979278333834
2025-02-18,5,180,180,0.056668771479322505
2025-02-19,1,181,181,0.03973696100660944
2025-02-19,2,181,180,0.034371584119752524
2025-02-19,3,181,180,0.04108461487712346
2025-02-19,4,181,180,0.041597267531663366
2025-02-19,5,180,180,0.036157537748758926
2025-02-20,1,181,181,0.027971371962419698
2025-02-20,2,181,180,0.019354259950143147
2025-02-20,3,181,180,0.02587439382317098
2025-02-20,4,181,180,0.028707557342085015
2025-02-20,5,181,181,0.026522011603736375
2025-02-21,1,182,182,0.014288079617105598
2025-02-21,2,181,180,-1.0822534083545128e-05
2025-02-21,3,182,181,0.00194239343115312
2025-02-21,4,181,180,0.01001714735528315
2025-02-21,5,181,181,0.0034125477453256577
2025-02-24,1,182,182,0.015478035008121158
2025-02-24,2,181,180,0.0020688774112354066
2025-02-24,3,181,180,0.005971515948510612
2025-02-24,4,181,180,0.008499429780554532
2025-02-24,5,181,180,0.003437793573372724
2025-02-25,1,181,181,0.011679481860273799
2025-02-25,2,181,180,-0.000451637967107719
2025-02-25,3,181,180,-0.005376679846754988
2025-02-25,4,181,180,0.0056674135893188225
2025-02-25,5,180,180,-0.0018308669292809677
2025-02-26,1,182,182,0.005941192808396695
2025-02-26,2,181,181,-0.011973399391543524
2025-02-26,3,182,181,-0.01401635322348706
2025-02-26,4,181,180,-0.004444191792569594
2025-02-26,5,181,181,-0.012462530236928632
2025-02-27,1,182,182,0.006693818465437887
2025-02-27,2,182,182,-0.007251132213045148
2025-02-27,3,181,179,-0.005479806419802313
2025-02-27,4,182,181,0.008629083916114028
2025-02-27,5,181,181,-0.009600532064546167
2025-02-28,1,181,181,0.010678764442319157
2025-02-28,2,181,181,0.0009245482172909681
2025-02-28,3,181,181,0.0019680877139132314
2025-02-28,4,181,180,0.010044603060125681
2025-02-28,5,181,181,-0.0007715930950079461
2025-03-03,1,182,182,0.010326789607553209
2025-03-03,2,181,181,0.001127306812943567
2025-03-03,3,181,180,0.005852944330859857
2025-03-03,4,181,180,0.008821979042526499
2025-03-03,5,181,181,-0.005085328242481352
2025-03-04,1,182,182,0.010013856354221484
2025-03-04,2,181,181,-0.009962247153614528
2025-03-04,3,181,180,-0.007923382317456842
2025-03-04,4,181,181,0.0003386848225306425
2025-03-04,5,181,180,-0.016660504565783305
2025-03-05,1,182,182,-0.0015536861575553037
2025-03-05,2,181,181,-0.022226434445474157
2025-03-05,3,181,179,-0.02265113104550663
2025-03-05,4,181,180,-0.011350487874806846
2025-03-05,5,181,181,-0.02973075850622563
2025-03-06,1,182,182,-0.04477084847385384
2025-03-06,2,181,181,-0.07401666545291065
2025-03-06,3,182,180,-0.08470008784971775
2025-03-06,4,181,180,-0.06570601226441047
2025-03-06,5,181,181,-0.08652192247319679
2025-03-07,1,181,181,-0.08577986712859673
2025-03-07,2,181,181,-0.10932536281682444
2025-03-07,3,181,179,-0.11731834064293292
2025-03-07,4,181,180,-0.10938473831373587
2025-03-07,5,181,181,-0.1392082217222697
2025-03-10,1,182,182,-0.08207436641899413
2025-03-10,2,181,181,-0.10412507104896888
2025-03-10,3,181,179,-0.11461554451010796
2025-03-10,4,181,181,-0.1058655972503901
2025-03-10,5,181,181,-0.1319317506792417
2025-03-11,1,182,182,-0.06164060621672968
2025-03-11,2,181,181,-0.07711886817369429
2025-03-11,3,181,179,-0.09586520347901889
2025-03-11,4,181,181,-0.08170556717103855
2025-03-11,5,181,181,-0.10890666259170241
2025-03-12,1,182,182,-0.05582537041277354
2025-03-12,2,181,181,-0.07615482490676005
2025-03-12,3,181,179,-0.09394867380822222
2025-03-12,4,181,181,-0.07858169881506806
2025-03-12,5,181,181,-0.11096656606141385
2025-03-13,1,181,181,-0.04132126641033971
2025-03-13,2,181,181,-0.056686093400129874
2025-03-13,3,181,179,-0.06956308504955702
2025-03-13,4,181,181,-0.06559988792085548
2025-03-13,5,181,181,-0.07991840854331632
2025-03-14,1,182,182,-0.05688971785298187
2025-03-14,2,181,181,-0.07588757567940908
2025-03-14,3,181,177,-0.0858501798684583
2025-03-14,4,181,181,-0.08115087239740963
2025-03-14,5,181,181,-0.09433839205172478
2025-03-17,1,182,182,-0.05634966569651841
2025-03-17,2,181,181,-0.08539512936471683
2025-03-17,3,181,181,-0.09286769468178646
2025-03-17,4,181,180,-0.08463693671757615
2025-03-17,5,181,181,-0.1002712587586427
2025-03-18,1,182,181,-0.06662940803591058
2025-03-18,2,181,181,-0.09168095982735967
2025-03-18,3,181,181,-0.0963070713573782
2025-03-18,4,181,180,-0.09990909319714432
2025-03-18,5,181,181,-0.1092907694628474
2025-03-19,1,181,181,-0.0514989689724062
2025-03-19,2,181,181,-0.08084487724118869
2025-03-19,3,181,180,-0.09617720689445759
2025-03-19,4,181,181,-0.08831232119820186
2025-03-19,5,181,181,-0.1038077850359674
2025-03-20,1,181,181,-0.052138296389753036
2025-03-20,2,181,181,-0.07266382035336376
2025-03-20,3,181,180,-0.08131132673224628
2025-03-20,4,181,180,-0.0834596730152301
2025-03-20,5,181,181,-0.10305741032317949
2025-03-21,1,181,180,-0.0347690256995503
2025-03-21,2,181,181,-0.04875244742722762
2025-03-21,3,181,179,-0.0566641988705126
2025-03-21,4,181,181,-0.058675862536664875
2025-03-21,5,180,180,-0.07288613636351281
2025-03-24,1,181,180,-0.010330004348027102
2025-03-24,2,181,181,-0.04192206192413255
2025-03-24,3,180,179,-0.050242330225821266
2025-03-24,4,181,180,-0.04795587290129991
2025-03-24,5,180,180,-0.05846493790200886
2025-03-25,1,181,180,-0.020168139941925664
2025-03-25,2,181,181,-0.040567970551170146
2025-03-25,3,181,180,-0.04406870159367905
2025-03-25,4,181,180,-0.05273898996769553
2025-03-25,5,180,180,-0.052014037360863095
2025-03-26,1,181,181,-0.020203510441714333
2025-03-26,2,181,181,-0.04386863812261862
2025-03-26,3,181,180,-0.05064653068910379
2025-03-26,4,181,180,-0.059787567865206864
2025-03-26,5,180,180,-0.05931714059951558
2025-03-27,1,181,181,-0.03091809225433945
2025-03-27,2,181,181,-0.04810668158032582
2025-03-27,3,181,180,-0.05322776859980747
2025-03-27,4,181,181,-0.05787648649990295
2025-03-27,5,180,180,-0.05748927463496849
2025-03-28,1,181,181,-0.03214293462263602
2025-03-28,2,181,181,-0.04122970941072807
2025-03-28,3,180,179,-0.04938437249340878
2025-03-28,4,181,181,-0.06233888817875681
2025-03-28,5,180,180,-0.05607153940673501
2025-03-31,1,180,179,-0.013439302025742318
2025-03-31,2,180,180,-0.03533900477065322
2025-03-31,3,180,179,-0.03349867989287781
2025-03-31,4,180,180,-0.05435969646827432
2025-03-31,5,180,179,-0.04222255974398686
2025-04-01,1,180,180,-0.015582941104016444
2025-04-01,2,180,180,-0.026062095510909294
2025-04-01,3,180,179,-0.04144985858443811
2025-04-01,4,180,179,-0.03724206863123553
2025-04-01,5,180,180,-0.03509082012781314
2025-04-02,1,181,181,0.011870333068247162
2025-04-02,2,180,180,0.003965835658261194
2025-04-02,3,180,179,-0.004804503199435781
2025-04-02,4,180,179,-0.014885721520222958
2025-04-02,5,180,180,0.0009488753347585662
2025-04-03,1,181,181,0.0463148341002052
2025-04-03,2,180,180,0.043088570993603005
2025-04-03,3,180,179,0.03895498839181196
2025-04-03,4,180,179,0.03686690740435858
2025-04-03,5,180,180,0.03671752871881105
2025-04-07,1,179,179,0.11013765072853224
2025-04-07,2,179,179,0.08955414948374099
2025-04-07,3,179,178,0.09366199676445539
2025-04-07,4,179,178,0.09458406952633412
2025-04-07,5,178,178,0.10436110592475574
2025-04-08,1,179,179,0.12322078373574692
2025-04-08,2,178,178,0.09559478805612374
2025-04-08,3,179,178,0.10206733531286834
2025-04-08,4,178,177,0.10092259412245318
2025-04-08,5,178,178,0.11397350494648202
2025-04-09,1,179,179,0.08585424505958142
2025-04-09,2,179,179,0.05536764082986187
2025-04-09,3,179,178,0.06287502818680503
2025-04-09,4,179,177,0.06902073608421835
2025-04-09,5,178,178,0.0685081999402864
2025-04-10,1,180,180,0.07616286104421495
2025-04-10,2,179,178,0.04907217779617086
2025-04-10,3,180,180,0.05479164512795096
2025-04-10,4,179,177,0.06187526200730252
2025-04-10,5,179,179,0.05754617508494062
2025-04-11,1,180,180,0.06299473787294606
2025-04-11,2,179,178,0.04093922610048383
2025-04-11,3,180,180,0.030151238048534364
2025-04-11,4,179,177,0.040430247761245285
2025-04-11,5,179,179,0.03983578166874767
2025-04-14,1,180,180,0.04858740846579133
2025-04-14,2,180,180,0.02400940211119548
2025-04-14,3,180,179,0.025531398270457164
2025-04-14,4,180,178,0.015475010045748316
2025-04-14,5,180,180,0.02534776059900651
2025-04-15,1,180,180,0.05560562151079125
2025-04-15,2,180,180,0.03392210163095565
2025-04-15,3,180,180,0.0325242920009799
2025-04-15,4,180,178,0.030801490174522734
2025-04-15,5,180,179,0.03598378799952413
2025-04-16,1,180,180,0.07922106479589909
2025-04-16,2,180,180,0.05129602338667694
2025-04-16,3,180,180,0.04165455295790584
2025-04-16,4,180,178,0.0472012942717306
2025-04-16,5,179,178,0.053644273772246745
2025-04-17,1,181,181,0.06401732157683271
2025-04-17,2,180,180,0.05852204050372979
2025-04-17,3,181,181,0.04120230238257398
2025-04-17,4,180,178,0.0477952697921163
2025-04-17,5,180,179,0.052047677908770094
2025-04-18,1,181,181,0.06680350662112682
2025-04-18,2,181,181,0.050104672839549044
2025-04-18,3,180,180,0.03804183906111337
2025-04-18,4,181,179,0.04290970129200548
2025-04-18,5,180,178,0.04857912138342373
2025-04-21,1,181,180,0.04771873872508969
2025-04-21,2,180,180,0.028570188502701186
2025-04-21,3,180,180,0.025999564107029895
2025-04-21,4,180,178,0.01473882269822972
2025-04-21,5,180,179,0.02526220509988201
2025-04-22,1,180,180,0.024232576085976957
2025-04-22,2,180,179,0.012742059594956784
2025-04-22,3,180,180,0.012056224631645544
2025-04-22,4,180,179,0.005633227902064056
2025-04-22,5,180,179,0.008204006696972924
2025-04-23,1,180,180,0.029802094693512672
2025-04-23,2,180,179,0.026228344054604707
2025-04-23,3,180,180,0.014211907561387512
2025-04-23,4,180,179,0.006043807788756621
2025-04-23,5,179,178,0.014086672892727792
2025-04-24,1,180,180,0.03695434780169903
2025-04-24,2,180,179,0.02891346028727905
2025-04-24,3,180,180,0.015278195972709074
2025-04-24,4,180,179,0.011797069311752065
2025-04-24,5,180,179,0.021799496174698688
2025-04-25,1,181,181,0.03701626490638198
2025-04-25,2,180,179,0.02266213478248848
2025-04-25,3,180,180,0.017319221141073905
2025-04-25,4,180,179,0.007476845493720079
2025-04-25,5,180,179,0.023763284168332798
2025-04-28,1,180,180,0.05856983931326447
2025-04-28,2,180,179,0.04981372281276918
2025-04-28,3,180,180,0.037733212108323214
2025-04-28,4,180,179,0.03707263680880358
2025-04-28,5,179,179,0.04587210804060462
2025-04-29,1,181,178,0.047383806405731324
2025-04-29,2,180,179,0.028601549068980707
2025-04-29,3,181,181,0.02219834455182069
2025-04-29,4,180,180,0.022592599145290628
2025-04-29,5,180,180,0.02888295354105682
2025-04-30,1,180,180,0.048404921959773105
2025-04-30,2,180,178,0.02917167186320955
2025-04-30,3,180,180,0.01351662938674054
2025-04-30,4,180,180,0.02716956026490405
2025-04-30,5,179,179,0.03011651117574759
2025-05-06,1,180,179,0.037644154822196296
2025-05-06,2,180,179,0.00872712047120253
2025-05-06,3,179,179,0.001413352342344034
2025-05-06,4,180,180,0.012579726602024811
2025-05-06,5,179,179,0.008887396582063046
2025-05-07,1,181,180,0.041008179646547065
2025-05-07,2,180,179,0.027569582727015048
2025-05-07,3,180,180,0.010333042988089137
2025-05-07,4,180,180,0.025069298653295935
2025-05-07,5,180,179,0.02217651432130389
2025-05-08,1,181,180,0.03400335741367235
2025-05-08,2,181,180,0.014060238835698272
2025-05-08,3,180,180,0.010225402980328632
2025-05-08,4,181,181,0.019778094737065183
2025-05-08,5,180,179,0.010266462848321438
2025-05-09,1,181,180,0.046753353559359605
2025-05-09,2,180,180,0.019784820565693473
2025-05-09,3,180,180,0.02188758686843736
2025-05-09,4,180,180,0.03580526098803837
2025-05-09,5,180,180,0.025675073660519666
2025-05-12,1,181,181,0.03263323722780548
2025-05-12,2,180,180,-0.0016060890720704737
2025-05-12,3,180,180,-0.001238710988410199
2025-05-12,4,180,179,0.014689537254131238
2025-05-12,5,180,180,0.007431796935315359
2025-05-13,1,180,180,0.04501436885004502
2025-05-13,2,180,180,0.014792779102957516
2025-05-13,3,180,180,0.009109250126316103
2025-05-13,4,180,180,0.02681912288393561
2025-05-13,5,180,180,0.017687515055613695
2025-05-14,1,181,181,0.04144998278160358
2025-05-14,2,180,180,0.010638201194717275
2025-05-14,3,180,180,0.015577160633342638
2025-05-14,4,180,180,0.02048457651696023
2025-05-14,5,180,180,0.018284900498739657
2025-05-15,1,180,180,0.031230380820477195
2025-05-15,2,180,180,0.01346399085758381
2025-05-15,3,180,180,0.015799707537160007
2025-05-15,4,180,180,0.01705634247841792
2025-05-15,5,180,180,0.012975670894186534
2025-05-16,1,180,180,0.03542884526473313
2025-05-16,2,180,180,0.01861458755419714
2025-05-16,3,180,180,0.02210803203339748
2025-05-16,4,180,180,0.019948292857874618
2025-05-16,5,180,179,0.0208958782682497
2025-05-19,1,181,181,0.02413738472578994
2025-05-19,2,180,180,0.004634882072129435
2025-05-19,3,180,180,0.01921031219666362
2025-05-19,4,180,180,0.014792440417163486
2025-05-19,5,180,180,0.013127300781792379
2025-05-20,1,180,180,0.016710925010454267
2025-05-20,2,180,180,-0.0025475106322242888
2025-05-20,3,180,180,0.017396692103908602
2025-05-20,4,180,180,-0.0024613718667966258
2025-05-20,5,180,180,0.0029165439162142687
2025-05-21,1,180,180,0.008021298013397253
2025-05-21,2,180,180,-0.0167644415042745
2025-05-21,3,180,180,0.0042505697051475454
2025-05-21,4,180,180,-0.010204756469546194
2025-05-21,5,180,180,-0.006609288136044738
2025-05-22,1,180,180,0.004243905336031499
2025-05-22,2,180,180,-0.01886666860223318
2025-05-22,3,180,180,-0.004112672071400415
2025-05-22,4,180,180,-0.00779454996649317
2025-05-22,5,180,180,-0.010381719113238834
2025-05-23,1,180,180,0.038136428839769386
2025-05-23,2,180,179,0.0033880645324103793
2025-05-23,3,180,180,0.020500547059563157
2025-05-23,4,180,180,0.017678425443452803
2025-05-23,5,180,180,0.019956082662596266
2025-05-26,1,180,180,0.05064797391946187
2025-05-26,2,180,180,0.021038645884971105
2025-05-26,3,180,180,0.029577978699286255
2025-05-26,4,180,180,0.03515131873959547
2025-05-26,5,179,179,0.032716081592576024
2025-05-27,1,180,180,0.05466025944642643
2025-05-27,2,180,180,0.033128711430563285
2025-05-27,3,180,180,0.040512266174567796
2025-05-27,4,180,180,0.04575714714339859
2025-05-27,5,179,179,0.04635972200711164
2025-05-28,1,180,180,0.05498870364183025
2025-05-28,2,180,180,0.03265975447975511
2025-05-28,3,180,180,0.04827082296837168
2025-05-28,4,180,180,0.048125047020025236
2025-05-28,5,179,179,0.04771951790856053
2025-05-29,1,181,181,0.04809360899553764
2025-05-29,2,180,180,0.02525452838272911
2025-05-29,3,180,180,0.0400814235199314
2025-05-29,4,180,180,0.03844536042382568
2025-05-29,5,180,180,0.03218229742805994
2025-05-30,1,180,180,0.06768294011315187
2025-05-30,2,180,180,0.037317968693803424
2025-05-30,3,180,180,0.05437015842039173
2025-05-30,4,180,180,0.054483050079210296
2025-05-30,5,180,180,0.05382138116388134
2025-06-03,1,181,181,0.05553359472766139
2025-06-03,2,180,180,0.034468213066586845
2025-06-03,3,180,180,0.033839567875503476
2025-06-03,4,180,180,0.056817122402911195
2025-06-03,5,180,180,0.03861668909122564
2025-06-04,1,181,180,0.04298987904689484
2025-06-04,2,180,180,0.02741279090196076
2025-06-04,3,181,181,0.0246259669794309
2025-06-04,4,180,180,0.041296883216362844
2025-06-04,5,180,180,0.02534127141214975
2025-06-05,1,180,180,0.053202143781163044
2025-06-05,2,180,180,0.027714164734950527
2025-06-05,3,180,180,0.0343695981754173
2025-06-05,4,180,179,0.04313077226383665
2025-06-05,5,180,180,0.025451064684715093
2025-06-06,1,180,179,0.03979139927672014
2025-06-06,2,180,180,0.025463793744071747
2025-06-06,3,180,180,0.032102226441196015
2025-06-06,4,180,180,0.032387335210178385
2025-06-06,5,180,180,0.0210929544005798
2025-06-09,1,181,181,0.03658044245851496
2025-06-09,2,181,181,0.019424397640354748
2025-06-09,3,180,180,0.027650605811469168
2025-06-09,4,181,181,0.021850968587132064
2025-06-09,5,180,180,0.015156870984697656
2025-06-10,1,181,181,0.057575961296105094
2025-06-10,2,180,180,0.03925030270202427
2025-06-10,3,180,180,0.046566771963782554
2025-06-10,4,180,180,0.04306176022153631
2025-06-10,5,180,180,0.03723285785413707
2025-06-11,1,181,181,0.04903293364053433
2025-06-11,2,180,180,0.03355726426558113
2025-06-11,3,181,181,0.035485486689094285
2025-06-11,4,180,180,0.040693249919326845
2025-06-11,5,180,180,0.03131647677426656
2025-06-12,1,181,181,0.055956413868523736
2025-06-12,2,180,180,0.03829690844325912
2025-06-12,3,181,181,0.040886112849434206
2025-06-12,4,180,180,0.045826289215981426
2025-06-12,5,180,180,0.038930913124484996
2025-06-13,1,180,180,0.07537159667827124
2025-06-13,2,180,180,0.05494300177528667
2025-06-13,3,179,179,0.057939836296893435
2025-06-13,4,180,180,0.0678682245906705
2025-06-13,5,179,179,0.06226910738486016
2025-06-16,1,180,180,0.0672182122693031
2025-06-16,2,180,180,0.04528044725523211
2025-06-16,3,180,180,0.05441485418938345
2025-06-16,4,180,180,0.04933058515472385
2025-06-16,5,180,180,0.045268184427756375
2025-06-17,1,181,181,0.06712635833141802
2025-06-17,2,180,180,0.04350395105814364
2025-06-17,3,180,180,0.050202646664335604
2025-06-17,4,180,180,0.05371889812495466
2025-06-17,5,180,180,0.040220937663679186
2025-06-18,1,181,181,0.07386507434180628
2025-06-18,2,180,180,0.05017507883819496
2025-06-18,3,180,180,0.05395309536752507
2025-06-18,4,180,180,0.058934158991263745
2025-06-18,5,180,180,0.050584467510610014
2025-06-19,1,181,181,0.09749514220421167
2025-06-19,2,180,180,0.0739042541101187
2025-06-19,3,180,179,0.07816974462032049
2025-06-19,4,180,180,0.08306054601295662
2025-06-19,5,180,180,0.08507847874031903
2025-06-20,1,181,181,0.11042396510240758
2025-06-20,2,180,180,0.08957599438175716
2025-06-20,3,180,180,0.09258254839048487
2025-06-20,4,180,180,0.10149322161301634
2025-06-20,5,180,180,0.1004848369810518
2025-06-23,1,181,181,0.09892749458582073
2025-06-23,2,180,180,0.09118581844833007
2025-06-23,3,180,180,0.094926616995308
2025-06-23,4,180,179,0.08645357689246361
2025-06-23,5,180,180,0.09169551490088158
2025-06-24,1,181,181,0.09161713829494378
2025-06-24,2,180,180,0.07825416595328533
2025-06-24,3,181,181,0.09036660420529409
2025-06-24,4,180,179,0.07986292234445813
2025-06-24,5,180,180,0.07457987092976352
2025-06-25,1,181,181,0.06988997737941494
2025-06-25,2,180,180,0.06404225711480911
2025-06-25,3,181,181,0.06527669615131733
2025-06-25,4,180,179,0.057005162902495084
2025-06-25,5,180,180,0.05831198701618092
2025-06-26,1,181,181,0.0818576030002012
2025-06-26,2,181,181,0.08461993797636376
2025-06-26,3,180,180,0.08944712004008377
2025-06-26,4,181,180,0.0744371408662883
2025-06-26,5,180,180,0.07842144677837042
2025-06-27,1,181,181,0.07687140098400892
2025-06-27,2,181,181,0.071467473503905
2025-06-27,3,181,181,0.08181422745930683
2025-06-27,4,181,180,0.06812811012965596
2025-06-27,5,180,180,0.07458220879860507
2025-06-30,1,182,182,0.06904352031466791
2025-06-30,2,181,181,0.07433209963373982
2025-06-30,3,181,181,0.07112399457658052
2025-06-30,4,181,181,0.059636128263769045
2025-06-30,5,181,181,0.06844678251708565
2025-07-01,1,182,182,0.0644906230667045
2025-07-01,2,181,181,0.08284179501727869
2025-07-01,3,181,181,0.06938164832302254
2025-07-01,4,181,181,0.06747762264047624
2025-07-01,5,181,181,0.06815040749686203
2025-07-02,1,182,182,0.054826731142980034
2025-07-02,2,182,182,0.08106278792020738
2025-07-02,3,181,181,0.060287948606851556
2025-07-02,4,182,182,0.0597637670751472
2025-07-02,5,181,181,0.06868995695524906
2025-07-03,1,182,182,0.038069852173660226
2025-07-03,2,181,181,0.0574540821459736
2025-07-03,3,182,182,0.03854611624757807
2025-07-03,4,181,181,0.04269559790667861
2025-07-03,5,181,181,0.050838815042425343
2025-07-04,1,182,180,0.04498372485408313
2025-07-04,2,181,181,0.05427204090567559
2025-07-04,3,182,182,0.04208802446624461
2025-07-04,4,181,181,0.04278918641926113
2025-07-04,5,181,180,0.054252431864817235
2025-07-07,1,181,180,0.05042405453247571
2025-07-07,2,181,181,0.059083497082871354
2025-07-07,3,181,181,0.0594001642879089
2025-07-07,4,181,181,0.05773661404105236
2025-07-07,5,181,180,0.05594405729377759
2025-07-08,1,182,181,0.04444999153570085
2025-07-08,2,182,182,0.05654988600594128
2025-07-08,3,182,182,0.04399576901843551
2025-07-08,4,182,181,0.0497329147686716
2025-07-08,5,182,181,0.04601341205998919
2025-07-09,1,183,182,0.05297354842775973
2025-07-09,2,182,182,0.06572666056742367
2025-07-09,3,182,182,0.051871398560529094
2025-07-09,4,182,181,0.06246378775319798
2025-07-09,5,182,181,0.05579082263298757
2025-07-10,1,183,182,0.04251205676319615
2025-07-10,2,183,183,0.054753230782951114
2025-07-10,3,183,183,0.04280590853845576
2025-07-10,4,183,182,0.05227492974991107
2025-07-10,5,182,181,0.04987411244132358
2025-07-11,1,184,183,0.050941598506482666
2025-07-11,2,183,183,0.051907862739942454
2025-07-11,3,184,184,0.035575783320017706
2025-07-11,4,183,182,0.05104898867842081
2025-07-11,5,183,183,0.048888876341814116
2025-07-14,1,183,182,0.05414259969900658
2025-07-14,2,183,183,0.05588306951536737
2025-07-14,3,183,183,0.05935284658409184
2025-07-14,4,183,182,0.05514957436634207
2025-07-14,5,183,183,0.0651468471609259
2025-07-15,1,184,182,0.06270199759371288
2025-07-15,2,183,182,0.06235472777510974
2025-07-15,3,183,183,0.06377784954692782
2025-07-15,4,183,183,0.05864230818840121
2025-07-15,5,183,183,0.0781519732637529
2025-07-16,1,183,181,0.06261322648511686
2025-07-16,2,183,182,0.072685210611341
2025-07-16,3,183,183,0.06583888811009281
2025-07-16,4,183,183,0.06333945544800196
2025-07-16,5,183,183,0.08489788381114266
2025-07-17,1,184,182,0.04025775085595399
2025-07-17,2,183,182,0.03730919451133708
2025-07-17,3,183,183,0.04037349636946939
2025-07-17,4,183,182,0.03734519905186942
2025-07-17,5,183,183,0.05892578718381256
2025-07-18,1,184,183,0.05480846586111177
2025-07-18,2,183,182,0.062298448651021535
2025-07-18,3,183,183,0.048139891562520805
2025-07-18,4,183,183,0.05952199370383736
2025-07-18,5,183,183,0.08102602570052377
2025-07-21,1,184,184,0.04236959674381912
2025-07-21,2,183,182,0.05642010779230634
2025-07-21,3,183,183,0.047822982690055575
2025-07-21,4,183,182,0.05695227153162165
2025-07-21,5,183,183,0.07385887084959562
2025-07-22,1,184,184,0.04235088280131517
2025-07-22,2,183,182,0.03937543803379202
2025-07-22,3,183,183,0.03838638705809087
2025-07-22,4,183,183,0.05183977290735252
2025-07-22,5,183,183,0.07275264039866236
2025-07-23,1,183,183,0.06306162323089096
2025-07-23,2,183,182,0.06329566726338808
2025-07-23,3,183,183,0.06849486995320406
2025-07-23,4,183,183,0.07122032346480692
2025-07-23,5,183,183,0.09546138769151855
2025-07-24,1,184,184,0.04954576341047843
2025-07-24,2,183,182,0.04112759643072262
2025-07-24,3,184,184,0.04727707193254566
2025-07-24,4,183,183,0.043473072246308087
2025-07-24,5,183,183,0.07145023748623354
2025-07-25,1,184,183,0.06095449288256499
2025-07-25,2,183,182,0.0604319443028487
2025-07-25,3,184,184,0.07164180484926551
2025-07-25,4,183,183,0.06260559150110136
2025-07-25,5,183,183,0.08927015105817726
2025-07-28,1,184,184,0.055868050931411554
2025-07-28,2,183,182,0.07890391764237813
2025-07-28,3,183,183,0.07780728393110382
2025-07-28,4,183,183,0.06508617202372026
2025-07-28,5,183,183,0.09391809446207122
2025-07-29,1,184,184,0.05843653811526611
2025-07-29,2,183,182,0.07651310151324048
2025-07-29,3,184,184,0.07690399784866866
2025-07-29,4,183,183,0.07331330341213467
2025-07-29,5,183,182,0.09945019652630961
2025-07-30,1,184,184,0.03437813460107576
2025-07-30,2,183,182,0.05772323201768278
2025-07-30,3,183,183,0.06332104512961124
2025-07-30,4,183,183,0.06044391789587187
2025-07-30,5,183,183,0.08162467835976009
2025-07-31,1,183,183,0.05649763232635778
2025-07-31,2,183,182,0.09201552234373832
2025-07-31,3,182,182,0.0836893901716162
2025-07-31,4,183,183,0.08700442814427521
2025-07-31,5,182,182,0.1003217691907918
2025-08-01,1,183,182,0.05987357631792058
2025-08-01,2,183,182,0.10730852164955826
2025-08-01,3,183,183,0.08906336118173733
2025-08-01,4,183,183,0.09511451510018473
2025-08-01,5,182,181,0.09952540763105097
2025-08-04,1,182,182,0.053201769739987206
2025-08-04,2,182,181,0.10003815751081756
2025-08-04,3,182,182,0.06989497122481308
2025-08-04,4,182,182,0.08845993542464632
2025-08-04,5,182,182,0.0947244011986586
2025-08-05,1,183,183,0.03818404970645406
2025-08-05,2,183,182,0.07583553944506949
2025-08-05,3,182,182,0.05667965012830334
2025-08-05,4,183,183,0.07042392127940549
2025-08-05,5,182,182,0.06389302515289166
2025-08-06,1,183,183,0.018930735238721918
2025-08-06,2,182,181,0.048768832679722825
2025-08-06,3,183,183,0.022295725057942004
2025-08-06,4,182,182,0.04827429883872612
2025-08-06,5,182,182,0.03576039401589211
2025-08-07,1,183,183,0.019562383269766406
2025-08-07,2,182,181,0.03067937534863932
2025-08-07,3,182,182,0.014195651474802114
2025-08-07,4,182,182,0.0383702142990339
2025-08-07,5,182,182,0.024493888930778057
2025-08-08,1,183,183,0.025528973374428242
2025-08-08,2,182,181,0.05871042396793325
2025-08-08,3,182,182,0.03443432748672408
2025-08-08,4,182,182,0.062008838053513884
2025-08-08,5,182,182,0.04510761114474415
2025-08-11,1,183,183,0.02453672307759391
2025-08-11,2,182,181,0.05419969012713374
2025-08-11,3,182,182,0.04306639822675179
2025-08-11,4,182,182,0.05976834456562494
2025-08-11,5,182,182,0.03984054302888228
2025-08-12,1,183,182,0.01657403062977087
2025-08-12,2,182,181,0.04505818622051259
2025-08-12,3,182,182,0.03901255412333714
2025-08-12,4,182,182,0.0521651146566321
2025-08-12,5,182,182,0.03035190109981116
2025-08-13,1,182,182,0.009911661383828384
2025-08-13,2,182,182,0.04271681831902677
2025-08-13,3,182,182,0.03297502453950952
2025-08-13,4,182,182,0.039823076016040064
2025-08-13,5,182,182,0.021642238915114194
2025-08-14,1,182,182,0.044718988056212126
2025-08-14,2,181,181,0.08124403763284585
2025-08-14,3,182,182,0.06776521462873603
2025-08-14,4,181,181,0.07794595030635426
2025-08-14,5,181,181,0.04639033363662538
2025-08-15,1,182,181,0.026590890992001855
2025-08-15,2,182,182,0.05621659517257894
2025-08-15,3,181,181,0.04983480735367385
2025-08-15,4,182,182,0.04034318284600654
2025-08-15,5,181,181,0.028034254567416615
2025-08-18,1,183,182,0.024764834999551958
2025-08-18,2,183,183,0.05084752302078253
2025-08-18,3,182,182,0.03593274731315053
2025-08-18,4,183,183,0.03934904907692921
2025-08-18,5,182,182,0.018409866621980655
2025-08-19,1,183,182,0.026927692569485483
2025-08-19,2,183,183,0.05661363086735952
2025-08-19,3,182,182,0.034980736003161185
2025-08-19,4,183,183,0.047680898600511716
2025-08-19,5,182,182,0.018820118638706057
2025-08-20,1,183,182,0.01178839942844441
2025-08-20,2,183,183,0.049620252426603215
2025-08-20,3,182,182,0.026851805495415472
2025-08-20,4,183,183,0.024594671082805414
2025-08-20,5,182,182,0.014086123233610207
2025-08-21,1,183,182,-0.00038312116313065703
2025-08-21,2,183,183,0.03888693300035343
2025-08-21,3,182,182,0.01620896068043547
2025-08-21,4,183,183,0.019122732294944243
2025-08-21,5,182,182,0.006978971518301462
2025-08-22,1,183,181,-0.007482912436281379
2025-08-22,2,183,183,0.02062746966274727
2025-08-22,3,182,182,0.005792485156277165
2025-08-22,4,183,181,-0.000169654122316402
2025-08-22,5,182,182,-0.010257943934977906
2025-08-25,1,183,182,-0.014521515483289699
2025-08-25,2,183,183,0.017100671176603476
2025-08-25,3,183,183,-0.007214905263594714
2025-08-25,4,183,183,-0.01289725459674615
2025-08-25,5,182,182,-0.00971137061362725
2025-08-26,1,183,182,-0.030898754226568664
2025-08-26,2,183,183,-0.009428226706074523
2025-08-26,3,182,182,-0.01972907665797097
2025-08-26,4,183,183,-0.035796695782026766
2025-08-26,5,182,182,-0.03486583942440847
2025-08-27,1,183,182,0.014591106779792735
2025-08-27,2,183,183,0.024861179677795036
2025-08-27,3,182,181,0.024461105835869933
2025-08-27,4,183,183,-0.00032708518500838856
2025-08-27,5,182,182,0.007054346182692402
2025-08-28,1,183,182,-0.0006616572017828552
2025-08-28,2,182,182,0.013468954954658786
2025-08-28,3,183,182,0.007072968664632217
2025-08-28,4,182,182,-0.019415498723367088
2025-08-28,5,182,182,-0.011571914808740391
2025-08-29,1,183,182,-0.007417672326495016
2025-08-29,2,182,182,0.012238614668182548
2025-08-29,3,183,182,-0.007839087457623293
2025-08-29,4,182,182,-0.023396837820118924
2025-08-29,5,182,181,-0.016047797213354198
2025-09-01,1,183,182,0.00047952765997998065
2025-09-01,2,182,182,0.02118780543756678
2025-09-01,3,183,183,0.0033903298546201087
2025-09-01,4,182,181,-0.011339141972952724
2025-09-01,5,182,181,-0.011903433890012496
2025-09-02,1,182,181,0.010629110580556893
2025-09-02,2,182,182,0.04661497946086149
2025-09-02,3,182,181,0.03065531206390619
2025-09-02,4,182,181,0.02376503013058035
2025-09-02,5,181,180,-0.0011521426593986658
2025-09-03,1,182,181,0.035756890535867565
2025-09-03,2,182,182,0.056181381298880735
2025-09-03,3,181,180,0.06089137049965387
2025-09-03,4,182,181,0.042085211737612295
2025-09-03,5,181,180,0.03158331260553198
2025-09-04,1,182,181,0.015320037497632744
2025-09-04,2,182,182,0.032002380853075274
2025-09-04,3,181,181,0.03845612676038026
2025-09-04,4,182,181,0.0225117166787636
2025-09-04,5,181,180,0.005791064724513409
2025-09-05,1,182,181,0.029597356287865896
2025-09-05,2,182,182,0.0407119098107558
2025-09-05,3,182,182,0.04813682412467384
2025-09-05,4,182,181,0.04142439132376511
2025-09-05,5,181,181,0.013212975218344873
2025-09-08,1,183,182,0.014978089507277845
2025-09-08,2,182,182,0.016253950285585177
2025-09-08,3,182,182,0.01618569840984527
2025-09-08,4,182,181,0.018138261934188143
2025-09-08,5,182,182,-0.008119880346173496
2025-09-09,1,183,182,0.02567268770447528
2025-09-09,2,182,182,0.03270934434889476
2025-09-09,3,182,182,0.03646814407982438
2025-09-09,4,182,181,0.027740844772693642
2025-09-09,5,182,182,0.007905112494532615
2025-09-10,1,183,183,0.023188048207882193
2025-09-10,2,182,182,0.027563718946782067
2025-09-10,3,183,183,0.026296408649534097
2025-09-10,4,182,182,0.029108193035016064
2025-09-10,5,182,182,-0.0031717823254106153
2025-09-11,1,183,183,-0.00275842346261917
2025-09-11,2,183,183,-0.009890744291832407
2025-09-11,3,182,182,-0.009222700826470578
2025-09-11,4,183,183,-0.006085709672428371
2025-09-11,5,182,182,-0.02794083590747401
2025-09-12,1,183,182,-0.0006386625596179514
2025-09-12,2,183,183,-0.006795575568230748
2025-09-12,3,182,182,-0.007189902183149252
2025-09-12,4,183,183,-0.008079307977794936
2025-09-12,5,182,182,-0.0262950686854185
2025-09-15,1,183,183,0.010946355444693277
2025-09-15,2,183,183,-0.00584037483986291
2025-09-15,3,183,183,0.0009284658136447136
2025-09-15,4,183,183,-0.005692377914879022
2025-09-15,5,182,182,-0.019346246934031017
2025-09-16,1,184,184,0.01217159738553615
2025-09-16,2,184,184,-0.005641793478242218
2025-09-16,3,183,183,-0.003587012793858479
2025-09-16,4,184,184,-0.014171722109385968
2025-09-16,5,183,183,-0.02656163250214772
2025-09-17,1,184,184,0.01830221055367639
2025-09-17,2,184,184,0.0013498135967306092
2025-09-17,3,183,183,-0.005102396968647507
2025-09-17,4,184,184,-0.012006130869877752
2025-09-17,5,183,183,-0.027437230985535462
2025-09-18,1,184,184,0.039273078532771066
2025-09-18,2,184,184,0.020110776350129433
2025-09-18,3,183,182,0.017850078413922957
2025-09-18,4,184,184,0.008736413471880183
2025-09-18,5,183,183,-0.0052688792376434125
2025-09-19,1,183,182,0.04281162091543099
2025-09-19,2,183,183,0.017831086135427353
2025-09-19,3,183,182,0.015173312836434343
2025-09-19,4,183,183,0.0145592638457364
2025-09-19,5,183,182,-0.009987261498680745
2025-09-22,1,183,183,0.04665978960305733
2025-09-22,2,182,182,0.021359860987986513
2025-09-22,3,183,182,0.014047257788627213
2025-09-22,4,182,182,0.011675792818025067
2025-09-22,5,182,182,-0.003548278107846174
2025-09-23,1,183,183,0.05747038129667385
2025-09-23,2,182,182,0.047369124364198524
2025-09-23,3,182,181,0.04044023688928141
2025-09-23,4,182,182,0.03979346767479437
2025-09-23,5,182,182,0.018512116827151207
2025-09-24,1,183,183,0.031013905340465896
2025-09-24,2,182,182,0.0202719749868216
2025-09-24,3,183,182,0.021801962429295583
2025-09-24,4,182,181,0.008164633729348102
2025-09-24,5,182,182,-0.005589476975105187
2025-09-25,1,182,182,0.042267912410918186
2025-09-25,2,182,181,0.027769780345758752
2025-09-25,3,182,182,0.02553345493875943
2025-09-25,4,182,182,0.01211286687610631
2025-09-25,5,181,181,0.02171804906631735
2025-09-26,1,182,181,0.047459080966602285
2025-09-26,2,182,181,0.030585431438112282
2025-09-26,3,182,182,0.03489458872172037
2025-09-26,4,182,182,0.02178072762157165
2025-09-26,5,181,180,0.02450885285458446
2025-09-29,1,182,181,0.027096537926172854
2025-09-29,2,181,181,0.002391291994988567
2025-09-29,3,182,182,-0.0027488709998003016
2025-09-29,4,181,181,-0.010995965188547901
2025-09-29,5,181,181,-0.0037172447155796864
2025-09-30,1,182,181,0.03767050615905477
2025-09-30,2,181,181,0.0052649614316078435
2025-09-30,3,181,180,-0.00488096003984579
2025-09-30,4,181,181,0.0011159705324923631
2025-09-30,5,181,181,0.00656312042501334
2025-10-09,1,182,182,0.0362162738735944
2025-10-09,2,181,180,0.004090467280813772
2025-10-09,3,182,182,6.913813470226616e-05
2025-10-09,4,181,181,-0.00464530907416259
2025-10-09,5,181,181,0.007443602579059641
2025-10-10,1,182,182,0.06596370409034275
2025-10-10,2,182,182,0.04396522742273975
2025-10-10,3,182,182,0.03901378229724841
2025-10-10,4,182,182,0.03373167062001554
2025-10-10,5,181,181,0.052756491822910354
2025-10-13,1,182,182,0.04507368744713065
2025-10-13,2,182,182,0.021500817175700963
2025-10-13,3,182,182,0.006191570007515919
2025-10-13,4,182,182,0.009899226683694369
2025-10-13,5,181,181,0.023128099925159507
2025-10-14,1,182,182,0.057844796229239964
2025-10-14,2,182,182,0.02228812319044678
2025-10-14,3,182,182,0.017597015115473975
2025-10-14,4,182,182,0.020606487643110103
2025-10-14,5,181,181,0.033669627775202444
2025-10-15,1,182,182,0.03968501291199571
2025-10-15,2,182,182,0.015008864535077287
2025-10-15,3,182,182,0.007858051823053503
2025-10-15,4,182,182,0.0014455289303998279
2025-10-15,5,181,181,0.01921211258934844
2025-10-16,1,182,182,0.049842833177241586
2025-10-16,2,182,182,0.022544465324394445
2025-10-16,3,181,181,0.01720676644045717
2025-10-16,4,182,182,0.01836154030753052
2025-10-16,5,181,181,0.03683168615034049
2025-10-17,1,182,182,0.06125942506942365
2025-10-17,2,182,182,0.03288530268747616
2025-10-17,3,181,181,0.029756798289347866
2025-10-17,4,182,182,0.028241025340585604
2025-10-17,5,181,181,0.053091712320891396
2025-10-20,1,182,182,0.05211340651652974
2025-10-20,2,182,182,0.03625799484821084
2025-10-20,3,181,181,0.02606400703926841
2025-10-20,4,182,182,0.028633825316834706
2025-10-20,5,181,181,0.04751073413806099
2025-10-21,1,182,182,0.0343661778266584
2025-10-21,2,182,182,0.027220556722785668
2025-10-21,3,181,181,0.01052792190159716
2025-10-21,4,182,182,0.009488510494793084
2025-10-21,5,181,181,0.03213542484141091
2025-10-22,1,182,182,0.026597300194171416
2025-10-22,2,182,182,0.029049998332333838
2025-10-22,3,182,181,0.012365799273708613
2025-10-22,4,182,182,0.009828613853589387
2025-10-22,5,181,181,0.025734935327735124
2025-10-23,1,182,182,0.002075338290238623
2025-10-23,2,182,182,-0.005055077726812317
2025-10-23,3,182,181,-0.01448093028509175
2025-10-23,4,182,182,-0.014116315646656144
2025-10-23,5,181,181,-0.0012867987775579848
2025-10-24,1,182,182,-0.021047829932376125
2025-10-24,2,182,181,-0.025194648979941867
2025-10-24,3,182,180,-0.03563885633948349
2025-10-24,4,182,182,-0.04659343485962635
2025-10-24,5,181,181,-0.02305843593597808
2025-10-27,1,182,182,-0.012967818177357203
2025-10-27,2,182,181,-0.02745163475958535
2025-10-27,3,181,180,-0.022120960596707723
2025-10-27,4,182,182,-0.03754443645367315
2025-10-27,5,181,181,-0.020541962574303067
2025-10-28,1,182,182,-0.005544445888713927
2025-10-28,2,182,181,-0.013463038147590655
2025-10-28,3,181,180,-0.023886866826899805
2025-10-28,4,182,182,-0.022711993468426003
2025-10-28,5,181,181,-0.013491096135519694
2025-10-29,1,182,182,-0.006815723533088701
2025-10-29,2,182,181,-0.02713508631672441
2025-10-29,3,182,181,-0.028862682253019564
2025-10-29,4,182,182,-0.04051242400775047
2025-10-29,5,181,181,-0.019674240189014463
2025-10-30,1,182,182,0.0026524130865413493
2025-10-30,2,182,181,-0.023404613173564404
2025-10-30,3,182,181,-0.01891785439745977
2025-10-30,4,182,182,-0.0370791763893262
2025-10-30,5,181,181,-0.012786297314099386
2025-10-31,1,182,181,0.010691727274497376
2025-10-31,2,181,181,-0.010067848537735851
2025-10-31,3,182,180,-0.013917405868784491
2025-10-31,4,181,181,-0.024788956065269874
2025-10-31,5,181,180,-0.019558665291586255
2025-11-03,1,182,182,0.008501341194998797
2025-11-03,2,181,180,-0.011209375393931286
2025-11-03,3,182,181,-0.013790078840643753
2025-11-03,4,181,180,-0.020985188662497104
2025-11-03,5,181,180,-0.016931710792052815
2025-11-04,1,182,182,0.020515392967024964
2025-11-04,2,181,181,0.0030796148333998162
2025-11-04,3,182,180,0.00010928111729745812
2025-11-04,4,181,180,-0.0002939362746959242
2025-11-04,5,181,180,-0.0034803864286686026
2025-11-05,1,182,182,0.002220626443580134
2025-11-05,2,182,181,-0.01610558242790979
2025-11-05,3,182,181,-0.020132045984113382
2025-11-05,4,182,181,-0.025133283714894837
2025-11-05,5,181,180,-0.02496452522366325
2025-11-06,1,182,182,-0.005588783668821686
2025-11-06,2,182,181,-0.0321385525231333
2025-11-06,3,182,182,-0.019546423185334554
2025-11-06,4,182,180,-0.03664239437037465
2025-11-06,5,181,180,-0.027975499234950747
2025-11-07,1,182,182,8.046989353773585e-05
2025-11-07,2,182,181,-0.020734563678315148
2025-11-07,3,181,180,-0.007221652980978497
2025-11-07,4,182,181,-0.02728197566780474
2025-11-07,5,181,181,-0.027211224365321224
2025-11-10,1,182,182,-0.0065303230041578045
2025-11-10,2,182,182,-0.032064646713085704
2025-11-10,3,182,181,-0.007720106149209168
2025-11-10,4,182,181,-0.03231171202388343
2025-11-10,5,182,182,-0.03070464590346495
2025-11-11,1,183,181,-0.010990007907709279
2025-11-11,2,182,182,-0.030037768720561943
2025-11-11,3,183,182,-0.006012970707026243
2025-11-11,4,182,181,-0.03604266325949299
2025-11-11,5,182,182,-0.040212427654087085
2025-11-12,1,183,181,-0.005892007546292384
2025-11-12,2,182,182,-0.020076180692264998
2025-11-12,3,183,182,-0.001577938695177707
2025-11-12,4,182,181,-0.012527321300737217
2025-11-12,5,182,182,-0.028818921755656514
2025-11-13,1,183,181,-0.03241626880868724
2025-11-13,2,183,183,-0.03619244523313035
2025-11-13,3,183,182,-0.017083324271471956
2025-11-13,4,183,182,-0.03254084938614768
2025-11-13,5,182,182,-0.0487518350914829
2025-11-14,1,184,182,-0.040353604838855944
2025-11-14,2,183,183,-0.028843008281935097
2025-11-14,3,183,183,-0.02021316838156917
2025-11-14,4,183,182,-0.032630101452394686
2025-11-14,5,183,182,-0.04985340338551617
2025-11-17,1,184,183,-0.035240420051205236
2025-11-17,2,183,182,-0.01575677450754968
2025-11-17,3,183,183,-0.026544510709293017
2025-11-17,4,183,182,-0.024868361086288742
2025-11-17,5,183,183,-0.05310044008995671
2025-11-18,1,183,183,-0.040504909595798666
2025-11-18,2,183,182,-0.020324590292150266
2025-11-18,3,183,183,-0.015199052450819688
2025-11-18,4,183,182,-0.03530001635447248
2025-11-18,5,182,182,-0.05925332859119546
2025-11-19,1,183,182,-0.036244445406291424
2025-11-19,2,182,181,-0.01209931113388973
2025-11-19,3,183,183,-0.01455421814082037
2025-11-19,4,182,181,-0.028536649688865726
2025-11-19,5,182,181,-0.047380379357589396
2025-11-20,1,183,182,-0.013685343037137448
2025-11-20,2,182,181,0.01598839163543856
2025-11-20,3,182,182,0.012851178386383555
2025-11-20,4,182,182,-0.0011070702031091614
2025-11-20,5,182,180,-0.026246976737574586
2025-11-21,1,183,179,0.02359134425995294
2025-11-21,2,182,182,0.038907114011361654
2025-11-21,3,182,182,0.04544353770915646
2025-11-21,4,182,182,0.018296860343977216
2025-11-21,5,182,180,0.015478781827555717
2025-11-24,1,183,180,0.012939041385750824
2025-11-24,2,182,182,0.033684829407987366
2025-11-24,3,182,182,0.04402256109444347
2025-11-24,4,182,182,0.030736740655807872
2025-11-24,5,182,181,0.007588699116426855
2025-11-25,1,182,180,0.005601281303081676
2025-11-25,2,182,182,0.022434053031602823
2025-11-25,3,182,182,0.0326573575123872
2025-11-25,4,182,182,0.013789029636372229
2025-11-25,5,182,181,-0.011806933505109272
2025-11-26,1,183,182,0.015148670969835973
2025-11-26,2,182,182,0.028506377436389528
2025-11-26,3,182,182,0.04923796137325356
2025-11-26,4,182,182,0.02489611342020654
2025-11-26,5,182,182,0.010054449583607645
2025-11-27,1,183,182,0.022714947549171235
2025-11-27,2,182,182,0.035023623102953184
2025-11-27,3,183,183,0.053536211837323086
2025-11-27,4,182,182,0.03663467575869211
2025-11-27,5,182,182,0.016088017515000858
2025-11-28,1,183,183,0.01874703449120777
2025-11-28,2,183,182,0.030391154349051756
2025-11-28,3,183,182,0.04224839556044432
2025-11-28,4,183,183,0.02868018771501838
2025-11-28,5,182,181,0.005515217515545984
2025-12-01,1,183,183,0.013976845928723248
2025-12-01,2,182,182,0.014362490203899982
2025-12-01,3,183,180,0.02946805669524733
2025-12-01,4,182,182,0.017288458709292336
2025-12-01,5,182,182,-0.009438594556568335
2025-12-02,1,183,183,0.020935850939232215
2025-12-02,2,182,181,0.02170763816412232
2025-12-02,3,182,181,0.03733799548681188
2025-12-02,4,182,182,0.026634160429381055
2025-12-02,5,182,182,0.0009518669457360935
2025-12-03,1,183,183,0.025299271647341352
2025-12-03,2,182,182,0.0356818236188264
2025-12-03,3,183,181,0.0476646211592545
2025-12-03,4,182,182,0.043912343230821244
2025-12-03,5,182,182,0.008142862615388746
2025-12-04,1,182,182,0.041710452357148105
2025-12-04,2,182,182,0.050132385925609486
2025-12-04,3,182,180,0.05493380230878421
2025-12-04,4,182,182,0.061210915665139934
2025-12-04,5,182,182,0.02837542223978111
2025-12-05,1,183,182,0.02802841749661322
2025-12-05,2,182,182,0.057720617633071084
2025-12-05,3,182,181,0.05630791373201951
2025-12-05,4,182,182,0.05709470277538821
2025-12-05,5,182,182,0.033062411645638244
2025-12-08,1,183,182,0.03093467100762881
2025-12-08,2,182,182,0.04995768290758888
2025-12-08,3,182,181,0.05771033827954389
2025-12-08,4,182,182,0.05944735524000977
2025-12-08,5,182,182,0.018866231077931162
2025-12-09,1,182,181,0.046823754619824194
2025-12-09,2,182,181,0.07014118885139353
2025-12-09,3,182,181,0.07782520496848447
2025-12-09,4,182,182,0.06376785403006725
2025-12-09,5,181,181,0.0448352688147199
2025-12-10,1,183,183,0.06834332192293038
2025-12-10,2,182,182,0.08002129664704818
2025-12-10,3,182,181,0.0841168645312184
2025-12-10,4,182,181,0.08359346720141461
2025-12-10,5,182,182,0.057168746720291416
2025-12-11,1,182,182,0.09078352986078475
2025-12-11,2,182,182,0.11885845506869551
2025-12-11,3,182,180,0.124105406133486
2025-12-11,4,182,180,0.10683351020312241
2025-12-11,5,181,181,0.09391025439288056
2025-12-12,1,182,182,0.08329795249402008
2025-12-12,2,182,182,0.09892365470476969
2025-12-12,3,182,180,0.11802515079293596
2025-12-12,4,182,179,0.08034778414089888
2025-12-12,5,181,180,0.07974939138559035
2025-12-15,1,182,182,0.06868712306788995
2025-12-15,2,182,182,0.09826644273468516
2025-12-15,3,181,180,0.11170264339765418
2025-12-15,4,182,179,0.08433060493466288
2025-12-15,5,181,181,0.07719605913763591
2025-12-16,1,182,182,0.08289698490901323
2025-12-16,2,182,182,0.11262715173263313
2025-12-16,3,181,180,0.12144625982989064
2025-12-16,4,182,179,0.1028112852049706
2025-12-16,5,181,181,0.10143676103878387
2025-12-17,1,182,182,0.06464624697954527
2025-12-17,2,182,181,0.08421795137873193
2025-12-17,3,181,181,0.10721542518397505
2025-12-17,4,182,179,0.09214949733320882
2025-12-17,5,181,180,0.08024193035901885
2025-12-18,1,182,182,0.07008245566011496
2025-12-18,2,181,181,0.09275673781638724
2025-12-18,3,181,181,0.11450111120693925
2025-12-18,4,181,179,0.09822108219931856
2025-12-18,5,181,180,0.08616177740996181
2025-12-19,1,181,180,0.05171877814828692
2025-12-19,2,181,181,0.07328693636714766
2025-12-19,3,181,181,0.09337521676224957
2025-12-19,4,181,179,0.06373887209378784
2025-12-19,5,181,181,0.07260344261407264
2025-12-22,1,181,181,0.051951375572158086
2025-12-22,2,181,181,0.0796177398251129
2025-12-22,3,181,181,0.10404543362361263
2025-12-22,4,181,179,0.077831197878504
2025-12-22,5,180,180,0.07439496368043295
2025-12-23,1,181,181,0.06551805597886096
2025-12-23,2,181,181,0.09654511851850808
2025-12-23,3,181,181,0.10542650807514709
2025-12-23,4,181,180,0.11012553195711597
2025-12-23,5,180,180,0.08745467121807414
2025-12-24,1,181,180,0.06403053948428719
2025-12-24,2,181,181,0.08929099457509239
2025-12-24,3,181,181,0.11359813276092603
2025-12-24,4,181,181,0.11014836286465368
2025-12-24,5,180,180,0.09437035807846567
2025-12-25,1,181,181,0.05447732820640373
2025-12-25,2,181,181,0.07260869786523326
2025-12-25,3,180,180,0.08123959203959462
2025-12-25,4,181,181,0.09184371934054737
2025-12-25,5,180,180,0.07358037699269765
2025-12-26,1,181,181,0.05326076364173613
2025-12-26,2,181,181,0.06579764393726925
2025-12-26,3,180,180,0.08697217508349671
2025-12-26,4,181,180,0.08225635290352357
2025-12-26,5,180,180,0.06189383191427454
2025-12-29,1,181,181,0.05218878299097275
2025-12-29,2,181,180,0.08741302836703063
2025-12-29,3,180,180,0.08608488971214548
2025-12-29,4,181,181,0.09545099858527797
2025-12-29,5,180,180,0.08029106785150877
2025-12-30,1,181,181,0.0495676116479795
2025-12-30,2,180,180,0.06919391555964075
2025-12-30,3,181,181,0.06905882898888188
2025-12-30,4,180,180,0.09007247269757723
2025-12-30,5,180,180,0.06561678959148516
2025-12-31,1,181,180,0.033593431716246624
2025-12-31,2,180,180,0.04550111930079692
2025-12-31,3,181,181,0.054561331430890404
2025-12-31,4,180,180,0.06338092629164097
2025-12-31,5,180,180,0.04555920782550607
2026-01-05,1,181,180,0.016694299147495553
2026-01-05,2,180,180,0.021222651426864324
2026-01-05,3,181,181,0.03217565660669483
2026-01-05,4,180,180,0.03385677062403374
2026-01-05,5,180,180,0.022597571074133613
2026-01-06,1,181,180,0.0079548295946631
2026-01-06,2,181,181,0.01592743242461855
2026-01-06,3,180,180,0.03131526396000159
2026-01-06,4,181,181,0.027240016533402238
2026-01-06,5,180,180,0.020065216236501274
2026-01-07,1,181,180,0.017386226908399794
2026-01-07,2,181,181,0.018792496232073286
2026-01-07,3,181,181,0.03624570522765967
2026-01-07,4,181,181,0.032602753736455214
2026-01-07,5,180,180,0.024314610365114342
2026-01-08,1,182,181,0.00399015485185908
2026-01-08,2,181,181,-0.001256232748632383
2026-01-08,3,181,181,0.021176189705693807
2026-01-08,4,181,181,0.010392823618048504
2026-01-08,5,181,180,0.005349079070636446
2026-01-09,1,182,182,0.009928068191579263
2026-01-09,2,181,181,-0.0024531661884616613
2026-01-09,3,181,181,0.018855630110030937
2026-01-09,4,181,180,0.00885792711027089
2026-01-09,5,181,179,0.001848094154180447
2026-01-12,1,182,182,0.0048140420841245165
2026-01-12,2,181,181,-0.008427407233259052
2026-01-12,3,181,180,0.008071865776645532
2026-01-12,4,181,180,0.004025568363724933
2026-01-12,5,181,179,0.0002959781580106154
2026-01-13,1,181,181,0.011725578667596732
2026-01-13,2,181,181,0.004091907338275555
2026-01-13,3,181,181,0.020653813384812397
2026-01-13,4,181,181,0.014607092040036102
2026-01-13,5,181,179,0.015849022267833034
2026-01-14,1,181,181,0.01640116281716786
2026-01-14,2,181,181,0.01648735116192132
2026-01-14,3,181,181,0.011488270385627938
2026-01-14,4,181,181,0.019410173999201592
2026-01-14,5,180,179,0.022454725460661514
2026-01-15,1,181,181,0.00027280558440010257
2026-01-15,2,181,181,0.0026580433341113294
2026-01-15,3,180,180,0.01452882948098825
2026-01-15,4,181,181,0.02489411445081146
2026-01-15,5,180,179,0.000434969870455222
2026-01-16,1,181,181,0.017395247983920975
2026-01-16,2,180,180,0.01738858277341849
2026-01-16,3,180,179,0.028398553310375812
2026-01-16,4,180,180,0.03214366693209127
2026-01-16,5,180,180,0.015963697016989804
2026-01-19,1,181,181,0.012027421321055578
2026-01-19,2,180,179,0.009761026749306772
2026-01-19,3,181,180,0.010078929306262235
2026-01-19,4,180,180,0.021918737841162682
2026-01-19,5,180,180,0.009028169054089596
2026-01-20,1,181,181,0.020331926895584072
2026-01-20,2,181,180,0.021435436781387866
2026-01-20,3,181,180,0.02518712572795406
2026-01-20,4,181,181,0.04258252044668947
2026-01-20,5,180,180,0.03302461924895681
2026-01-21,1,181,181,0.009638621056664805
2026-01-21,2,181,180,0.007674507845235186
2026-01-21,3,180,179,0.012723613632609852
2026-01-21,4,181,181,0.020834458309535567
2026-01-21,5,180,180,0.01439674636655532
2026-01-22,1,181,181,0.00030728814246107003
2026-01-22,2,181,180,0.010549340288249213
2026-01-22,3,181,179,0.009836321990590528
2026-01-22,4,181,181,0.021491478878980685
2026-01-22,5,180,179,-0.0015487506979303914
2026-01-23,1,182,181,-0.006014575397971254
2026-01-23,2,182,181,0.008131662052597433
2026-01-23,3,181,179,0.002378534513289632
2026-01-23,4,182,182,0.018651903868194913
2026-01-23,5,181,181,-0.017575808185212025
2026-01-26,1,181,181,-0.03058007691686663
2026-01-26,2,181,180,-0.01588535441053632
2026-01-26,3,181,179,-0.023475130877040964
2026-01-26,4,181,181,-0.022938164566682812
2026-01-26,5,181,181,-0.04816580810949655
2026-01-27,1,181,181,-0.017591899571298013
2026-01-27,2,181,180,-0.003752315906832416
2026-01-27,3,181,179,-0.017212689413686318
2026-01-27,4,181,181,-0.002874355459526569
2026-01-27,5,181,181,-0.026299468678793344
2026-01-28,1,182,182,-0.025771252683232413
2026-01-28,2,181,180,-0.008040181706905989
2026-01-28,3,181,179,-0.021014497857111916
2026-01-28,4,181,181,-0.018846171964274457
2026-01-28,5,181,181,-0.03641542484796599
2026-01-29,1,182,182,-0.019828852484306596
2026-01-29,2,181,180,0.006260921044088619
2026-01-29,3,181,180,-0.017271257331036606
2026-01-29,4,181,181,0.002531052369749953
2026-01-29,5,181,181,-0.034604147499194625
2026-01-30,1,182,181,-0.006866775497643439
2026-01-30,2,181,180,0.021379510843841074
2026-01-30,3,181,181,0.002888603638958765
2026-01-30,4,181,180,0.02889599601820216
2026-01-30,5,181,181,-0.01510583394179734
2026-02-02,1,181,181,0.014405509290044232
2026-02-02,2,181,181,0.03273742656367223
2026-02-02,3,181,181,0.022812017251194402
2026-02-02,4,181,180,0.05299872328865243
2026-02-02,5,181,181,0.008884432399627972
2026-02-03,1,181,181,0.004310919307475961
2026-02-03,2,181,181,0.024478494047500316
2026-02-03,3,181,181,0.01507566235913371
2026-02-03,4,181,180,0.04546717825397922
2026-02-03,5,181,181,-0.0033201082213578244
2026-02-04,1,182,182,-0.008647100965291987
2026-02-04,2,181,181,0.02151709144684736
2026-02-04,3,182,182,0.007693803683946398
2026-02-04,4,181,180,0.030916963347003296
2026-02-04,5,181,181,-0.01152846240073562
2026-02-05,1,182,182,-0.003430848866653654
2026-02-05,2,181,181,0.02402088808615911
2026-02-05,3,182,182,0.009717008785477212
2026-02-05,4,181,181,0.03313335314045626
2026-02-05,5,181,180,-0.007804136719900888
2026-02-06,1,181,181,-0.016755736286306038
2026-02-06,2,181,181,0.0015836220448732466
2026-02-06,3,181,181,-0.008351166658454185
2026-02-06,4,181,181,0.0060044916831196934
2026-02-06,5,181,180,-0.0208940711529678
2026-02-09,1,181,181,-0.030375077821710013
2026-02-09,2,181,181,-0.014967477434669892
2026-02-09,3,181,181,-0.03310566280361139
2026-02-09,4,181,181,-0.02435881581688591
2026-02-09,5,181,181,-0.03976652929230603
2026-02-10,1,182,182,-0.034360363146400764
2026-02-10,2,181,180,-0.02232024055465601
2026-02-10,3,182,182,-0.0409320523169593
2026-02-10,4,181,181,-0.03172188913939568
2026-02-10,5,181,181,-0.047343002796441686
2026-02-11,1,182,182,-0.047343627036962585
2026-02-11,2,181,180,-0.027933891499961304
2026-02-11,3,182,182,-0.057133221133393766
2026-02-11,4,181,181,-0.03765078217204312
2026-02-11,5,181,181,-0.0635042000055651
2026-02-12,1,182,182,-0.06931469013758684
2026-02-12,2,181,181,-0.06385926516443825
2026-02-12,3,182,182,-0.08223709340696503
2026-02-12,4,181,181,-0.07342873746113902
2026-02-12,5,181,181,-0.0947401777043307
2026-02-13,1,182,182,-0.09312255583031642
2026-02-13,2,181,180,-0.08067863165721931
2026-02-13,3,181,181,-0.08834425275539555
2026-02-13,4,181,181,-0.09319525881960385
2026-02-13,5,181,181,-0.11419591402549267
2026-02-24,1,182,182,-0.07734228931996555
2026-02-24,2,181,180,-0.06979948935308088
2026-02-24,3,181,181,-0.08421796044933172
2026-02-24,4,181,181,-0.08455664449241435
2026-02-24,5,181,181,-0.10428387875970194
2026-02-25,1,182,182,-0.07285472402894275
2026-02-25,2,181,181,-0.0736608267445175
2026-02-25,3,182,182,-0.0748522590849659
2026-02-25,4,181,181,-0.09001909910826612
2026-02-25,5,181,181,-0.10358768276088359
2026-02-26,1,182,182,-0.08518115899948596
2026-02-26,2,181,181,-0.09533428126610684
2026-02-26,3,181,181,-0.09276551614414844
2026-02-26,4,181,181,-0.10485838437392626
2026-02-26,5,181,181,-0.11590988170068062
2026-02-27,1,182,182,-0.07516924914489188
2026-02-27,2,181,181,-0.08572347610747467
2026-02-27,3,181,180,-0.08021382465322699
2026-02-27,4,181,180,-0.09709117955582383
2026-02-27,5,181,181,-0.10081605932556187
2026-03-02,1,182,182,-0.060401835501425874
2026-03-02,2,181,181,-0.0765182823514232
2026-03-02,3,181,181,-0.07520388299730381
2026-03-02,4,181,181,-0.08664314733213498
2026-03-02,5,181,181,-0.0817887911896297
2026-03-03,1,182,182,-0.025889902887845533
2026-03-03,2,181,181,-0.03849996400899764
2026-03-03,3,181,181,-0.03357724909076312
2026-03-03,4,181,181,-0.04360940520856099
2026-03-03,5,181,181,-0.04027948402084193
2026-03-04,1,181,181,-0.04056450319961025
2026-03-04,2,181,181,-0.0480255555507631
2026-03-04,3,181,181,-0.04758676479485421
2026-03-04,4,181,181,-0.059600682852953286
2026-03-04,5,181,181,-0.06030439684641174
2026-03-05,1,182,182,-0.037434582040819626
2026-03-05,2,181,181,-0.0480955481436052
2026-03-05,3,181,181,-0.056062877408998145
2026-03-05,4,181,181,-0.05025177617761985
2026-03-05,5,181,181,-0.058282847760264794
2026-03-06,1,182,182,-0.06739206504236907
2026-03-06,2,181,181,-0.06177461026646626
2026-03-06,3,182,182,-0.07329703850527154
2026-03-06,4,181,181,-0.0768936724531137
2026-03-06,5,181,181,-0.0768130424532732
2026-03-09,1,182,182,-0.04545356650767042
2026-03-09,2,181,181,-0.05354269803659565
2026-03-09,3,182,182,-0.05672422984225123
2026-03-09,4,181,181,-0.06690247090927604
2026-03-09,5,181,181,-0.06071330558661756
2026-03-10,1,182,182,-0.046986308577584714
2026-03-10,2,182,182,-0.05925383961230086
2026-03-10,3,182,182,-0.054407891961318976
2026-03-10,4,182,182,-0.057634837771782445
2026-03-10,5,181,181,-0.06450920359320225
2026-03-11,1,182,182,-0.04572067580519878
2026-03-11,2,182,182,-0.05449888044402783
2026-03-11,3,182,182,-0.057913488754004455
2026-03-11,4,182,182,-0.05040575188189467
2026-03-11,5,182,182,-0.06279471345243126
2026-03-12,1,182,182,-0.040967476150205205
2026-03-12,2,182,182,-0.05296552227825834
2026-03-12,3,182,182,-0.054529802623880096
2026-03-12,4,182,182,-0.047286006393257876
2026-03-12,5,182,182,-0.06196685456240978
2026-03-13,1,182,182,-0.03217066808484019
2026-03-13,2,182,182,-0.036785082640256865
2026-03-13,3,182,182,-0.036797072724917786
2026-03-13,4,182,182,-0.031227382622559526
2026-03-13,5,182,182,-0.03886821314179005
2026-03-16,1,183,183,-0.029281806648955
2026-03-16,2,182,182,-0.025320645230393506
2026-03-16,3,182,182,-0.029949940669136147
2026-03-16,4,182,182,-0.019934701681759544
2026-03-16,5,182,182,-0.03452914515460825
2026-03-17,1,183,183,-0.02759878425427802
2026-03-17,2,182,182,-0.016792315654885478
2026-03-17,3,183,183,-0.01543076532334933
2026-03-17,4,182,182,-0.013786129479471753
2026-03-17,5,182,182,-0.02278905239988223
2026-03-18,1,183,183,-0.014868226975293606
2026-03-18,2,182,181,0.0006782708220609704
2026-03-18,3,183,183,-0.006846827356508497
2026-03-18,4,182,182,0.0010826291902293797
2026-03-18,5,182,182,-0.007101998917406581
2026-03-19,1,182,182,-0.0034949951611694874
2026-03-19,2,182,182,0.012808904750391642
2026-03-19,3,182,181,0.0009090757171099093
2026-03-19,4,182,182,0.02592864973584583
2026-03-19,5,182,182,0.008300858255374695
2026-03-20,1,182,182,0.04312107053817349
2026-03-20,2,182,182,0.05148264097398866
2026-03-20,3,182,181,0.04256471494877693
2026-03-20,4,182,182,0.06798654345191749
2026-03-20,5,181,180,0.055552913650894396
2026-03-23,1,181,181,0.06542506812545801
2026-03-23,2,181,181,0.06320008367252924
2026-03-23,3,181,180,0.05155536923243006
2026-03-23,4,181,181,0.07286096348901418
2026-03-23,5,180,179,0.07209020338947396
2026-03-24,1,182,181,0.04992849286277054
2026-03-24,2,182,181,0.05920497544748583
2026-03-24,3,181,181,0.04821728460335236
2026-03-24,4,182,182,0.07819405424228591
2026-03-24,5,181,180,0.06462069601691321
2026-03-25,1,182,181,0.030937943952928697
2026-03-25,2,182,181,0.03477284000174364
2026-03-25,3,182,182,0.021034741610689585
2026-03-25,4,182,182,0.04976448910988496
2026-03-25,5,182,181,0.03955272403671854
2026-03-26,1,182,181,0.05265358181299314
2026-03-26,2,182,180,0.05113624719317736
2026-03-26,3,182,182,0.04687274189312999
2026-03-26,4,182,182,0.07336064389513795
2026-03-26,5,181,180,0.06471550724767877
2026-03-27,1,182,181,0.04342375947184015
2026-03-27,2,182,181,0.039877441719912754
2026-03-27,3,182,182,0.03023346039390096
2026-03-27,4,182,182,0.053438810349491696
2026-03-27,5,182,182,0.04106113567928195
2026-03-30,1,182,180,0.02168001210252017
2026-03-30,2,182,181,0.014449816989318678
2026-03-30,3,182,182,0.012186063541103352
2026-03-30,4,182,182,0.026641991282234573
2026-03-30,5,182,181,0.017300558535983765
2026-03-31,1,183,181,0.03649274949935659
2026-03-31,2,182,181,0.019283947860367877
2026-03-31,3,182,180,0.03272824654651986
2026-03-31,4,182,182,0.04178145556355085
2026-03-31,5,182,181,0.03888714965132301
2026-04-01,1,182,181,0.043288686709635246
2026-04-01,2,182,181,0.025317669583487686
2026-04-01,3,182,182,0.03860394828887545
2026-04-01,4,182,182,0.04956884870360148
2026-04-01,5,181,181,0.04490700259578076
2026-04-02,1,182,181,0.05476245883465391
2026-04-02,2,182,182,0.045413728790188755
2026-04-02,3,182,182,0.06305129974249482
2026-04-02,4,182,182,0.061906514405545864
2026-04-02,5,182,182,0.08157287784992216
2026-04-03,1,182,182,0.07531191681374906
2026-04-03,2,182,182,0.06616194314697343
2026-04-03,3,182,182,0.07431457175083664
2026-04-03,4,182,182,0.07933108075059385
2026-04-03,5,181,181,0.10822278156374673
2026-04-07,1,182,182,0.06568284631583443
2026-04-07,2,182,182,0.062376989456132986
2026-04-07,3,182,182,0.06401088852506592
2026-04-07,4,182,182,0.06034482713473185
2026-04-07,5,182,182,0.10137695987299487
2026-04-08,1,183,183,0.062151898274748076
2026-04-08,2,182,182,0.05664566763922943
2026-04-08,3,182,182,0.0626272670274993
2026-04-08,4,182,182,0.06519462437386622
2026-04-08,5,182,182,0.08042409836842854
2026-04-09,1,182,182,0.05340846188140539
2026-04-09,2,182,182,0.037883167707372774
2026-04-09,3,182,182,0.046431753086084826
2026-04-09,4,182,182,0.04389249355759399
2026-04-09,5,182,182,0.05331788428552166
2026-04-10,1,182,182,0.0604468857948622
2026-04-10,2,182,182,0.05550654439393216
2026-04-10,3,182,182,0.0601654579293522
2026-04-10,4,182,182,0.06511079726925473
2026-04-10,5,182,182,0.0690961596070949
2026-04-13,1,182,182,0.033809765416719664
2026-04-13,2,182,182,0.023603776125569766
2026-04-13,3,182,182,0.016624569378781356
2026-04-13,4,182,182,0.025782991101682355
2026-04-13,5,182,182,0.033521159612193555
2026-04-14,1,183,183,0.025251278724485474
2026-04-14,2,183,183,-0.006222433149819482
2026-04-14,3,182,182,-0.017308276362937816
2026-04-14,4,183,183,0.003629929328358289
2026-04-14,5,182,182,0.01026382132881943
2026-04-15,1,183,183,0.02959439806658604
2026-04-15,2,183,183,0.0028307565334702843
2026-04-15,3,182,182,-0.016742534321976074
2026-04-15,4,183,183,0.012984172981073088
2026-04-15,5,182,182,0.009390079597649014
2026-04-16,1,183,183,0.029916181909598334
2026-04-16,2,182,182,-0.0010826006458400745
2026-04-16,3,183,183,-0.0148320377603622
2026-04-16,4,182,182,0.015381356228830068
2026-04-16,5,182,182,-0.0016706844380371772
2026-04-17,1,183,183,0.02800017373571841
2026-04-17,2,183,182,0.0004431444643545143
2026-04-17,3,182,182,-0.014815217532076262
2026-04-17,4,183,183,0.010625711869394386
2026-04-17,5,182,182,-0.007504096867902948
2026-04-20,1,183,183,0.00028212992864006144
2026-04-20,2,182,182,-0.02335790049179445
2026-04-20,3,183,183,-0.029513607971813512
2026-04-20,4,182,182,-0.017040293779059086
2026-04-20,5,182,181,-0.02946952802938847
2026-04-21,1,183,183,0.017957257925929823
2026-04-21,2,182,182,-0.02132068774632602
2026-04-21,3,182,182,-0.016996251751339245
2026-04-21,4,182,182,0.006103410614809061
2026-04-21,5,182,182,-0.018392538705330835
2026-04-22,1,183,182,0.008641887063780924
2026-04-22,2,183,183,-0.02619558788817339
2026-04-22,3,182,182,-0.02905027434405614
2026-04-22,4,183,183,-0.02026696707342281
2026-04-22,5,182,182,-0.030542805760968083
2026-04-23,1,182,182,0.013479451929786605
2026-04-23,2,182,182,-0.01674093994291679
2026-04-23,3,182,182,-0.017464121978168753
2026-04-23,4,182,182,-0.004647120647890321
2026-04-23,5,181,181,-0.020359945798999062
2026-04-24,1,182,182,0.006929832798105578
2026-04-24,2,182,182,-0.027724774861920428
2026-04-24,3,182,182,-0.03022484530382771
2026-04-24,4,182,181,-0.02260199031081974
2026-04-24,5,182,181,-0.037642601119472666
2026-04-27,1,182,182,0.004246578300207388
2026-04-27,2,182,182,-0.021399852458610806
2026-04-27,3,182,182,-0.03219220124463442
2026-04-27,4,182,182,-0.0006915614845424323
2026-04-27,5,181,181,-0.02164498242164979
2026-04-28,1,182,181,-0.0030543988225246697
2026-04-28,2,182,182,-0.03435954712644441
2026-04-28,3,182,182,-0.03957462501617349
2026-04-28,4,182,182,-0.007660842441254311
2026-04-28,5,181,179,-0.02948579167177926
2026-04-29,1,182,180,-0.004552204516767645
2026-04-29,2,182,182,-0.04126532787080542
2026-04-29,3,181,180,-0.045959228099679034
2026-04-29,4,182,182,-0.02491092119847251
2026-04-29,5,181,179,-0.02809727354101256
2026-04-30,1,181,181,-0.019059439559942642
2026-04-30,2,181,181,-0.044572452334878505
2026-04-30,3,181,181,-0.055836419362689994
2026-04-30,4,181,181,-0.039649510982656705
2026-04-30,5,181,180,-0.04162226773171333
2026-05-06,1,182,182,-0.03692960035234659
2026-05-06,2,181,181,-0.06848842042834623
2026-05-06,3,181,181,-0.07185322091973816
2026-05-06,4,181,181,-0.05876797824207798
2026-05-06,5,181,180,-0.061162062616738004
2026-05-07,1,182,182,-0.04764794843007241
2026-05-07,2,182,182,-0.06843179487481839
2026-05-07,3,182,182,-0.0823803760825629
2026-05-07,4,182,182,-0.06051701363656461
2026-05-07,5,181,181,-0.06271277257546098
2026-05-08,1,182,182,-0.07127303322519114
2026-05-08,2,182,182,-0.10112160755762804
2026-05-08,3,182,182,-0.10389548623140171
2026-05-08,4,182,182,-0.0932603431840052
2026-05-08,5,181,181,-0.10035159619738158
2026-05-11,1,182,182,-0.07406624622506719
2026-05-11,2,182,182,-0.10129124011994631
2026-05-11,3,182,182,-0.11837576850111596
2026-05-11,4,182,182,-0.0848266848416922
2026-05-11,5,182,182,-0.10690313426882708
2026-05-12,1,182,182,-0.06853145439568155
2026-05-12,2,182,182,-0.09445153533922487
2026-05-12,3,181,181,-0.10725500351284958
2026-05-12,4,182,182,-0.07472024701284215
2026-05-12,5,181,181,-0.09798961240835026
2026-05-13,1,182,182,-0.08446291147978562
2026-05-13,2,182,182,-0.10880757384757074
2026-05-13,3,182,182,-0.11624074679010883
2026-05-13,4,182,182,-0.09385017518178006
2026-05-13,5,181,181,-0.10794204950888467
2026-05-14,1,182,182,-0.06751898417557284
2026-05-14,2,181,181,-0.0879221245335503
2026-05-14,3,181,181,-0.0753281546294061
2026-05-14,4,181,181,-0.07889693131773402
2026-05-14,5,181,181,-0.08437048140886674
2026-05-15,1,181,181,-0.04648747147776067
2026-05-15,2,181,181,-0.05252065688340966
2026-05-15,3,181,181,-0.05000503008573072
2026-05-15,4,181,181,-0.05461175503624141
2026-05-15,5,180,180,-0.06468183867529999
2026-05-18,1,181,181,-0.04124982062989118
2026-05-18,2,181,181,-0.04162029313979281
2026-05-18,3,181,181,-0.04056865959080606
2026-05-18,4,181,181,-0.03811017724420769
2026-05-18,5,180,180,-0.039964912039233295
2026-05-19,1,181,181,-0.04967734604677832
2026-05-19,2,181,181,-0.04637308976642576
2026-05-19,3,181,181,-0.04435720422027043
2026-05-19,4,181,181,-0.051095014446842855
2026-05-19,5,180,180,-0.036150227357411295
2026-05-20,1,181,181,-0.05402779973399132
2026-05-20,2,180,180,-0.04884463261070008
2026-05-20,3,181,181,-0.05209548708649016
2026-05-20,4,180,180,-0.05129548148063403
2026-05-20,5,180,180,-0.04440932839256093
2026-05-21,1,180,180,-0.036895285045640255
2026-05-21,2,180,180,-0.03205400941390783
2026-05-21,3,180,180,-0.035570791350321984
2026-05-21,4,180,180,-0.0451242595973079
2026-05-21,5,180,180,-0.018562613603353238
2026-05-22,1,180,180,-0.036217778865780544
2026-05-22,2,180,180,-0.022863175181709734
2026-05-22,3,180,180,-0.025213352113120674
2026-05-22,4,180,180,-0.045228013734513635
2026-05-22,5,180,180,-0.019664432167703402
2026-05-25,1,180,180,-0.03823049650226154
2026-05-25,2,180,180,-0.031715286596765445
2026-05-25,3,180,180,-0.0418133360312357
2026-05-25,4,180,180,-0.04661969777888827
2026-05-25,5,180,180,-0.0313318380238433
2026-05-26,1,180,180,-0.04589859196873408
2026-05-26,2,180,180,-0.03308893910768308
2026-05-26,3,180,180,-0.04668788912740835
2026-05-26,4,180,180,-0.04472722211609446
2026-05-26,5,180,180,-0.030227657575308767
2026-05-27,1,180,180,-0.04265222250665263
2026-05-27,2,179,179,-0.0239948942914107
2026-05-27,3,180,180,-0.026232111590534377
2026-05-27,4,179,179,-0.028593991517278424
2026-05-27,5,179,179,-0.012308945346563523
2026-05-28,1,180,179,-0.07038804691654703
2026-05-28,2,179,179,-0.05759654427850514
2026-05-28,3,179,179,-0.050773289395905266
2026-05-28,4,179,179,-0.055430090163529025
2026-05-28,5,179,179,-0.05033931859042089
2026-05-29,1,179,178,-0.057411975977999075
2026-05-29,2,179,179,-0.041815805291732164
2026-05-29,3,179,179,-0.0288253212290833
2026-05-29,4,179,179,-0.045222351340344316
2026-05-29,5,179,178,-0.025334560825426136
2026-06-01,1,180,179,-0.06382138178878739
2026-06-01,2,180,180,-0.04595173664290998
2026-06-01,3,179,179,-0.027858602295083818
2026-06-01,4,180,180,-0.04993125310163947
2026-06-01,5,179,179,-0.003826942463564569
2026-06-02,1,180,179,-0.05431014299523715
2026-06-02,2,179,179,-0.033102343136960075
2026-06-02,3,179,179,-0.020528621013267745
2026-06-02,4,179,179,-0.01823458022097127
2026-06-02,5,179,179,0.00428886406923498
2026-06-03,1,179,178,-0.04668745018430699
2026-06-03,2,179,179,-0.01773429540068692
2026-06-03,3,179,179,-0.012148869344274879
2026-06-03,4,179,179,-0.006056939291487857
2026-06-03,5,179,179,0.008743235569950526
2026-06-04,1,179,179,-0.02412248882640321
2026-06-04,2,179,179,0.0048462893695881875
2026-06-04,3,179,179,-0.010070428930748826
2026-06-04,4,179,179,-0.0015474890656418736
2026-06-04,5,179,179,0.008764605206505615
2026-06-05,1,179,179,-0.01659727285289461
2026-06-05,2,179,179,0.0063451216172685145
2026-06-05,3,179,179,0.0025290331410202605
2026-06-05,4,179,179,0.0011703286969611093
2026-06-05,5,179,179,0.02593502721306269
2026-06-08,1,179,179,-0.039791350669264314
2026-06-08,2,178,178,-0.013829044933238041
2026-06-08,3,179,179,-0.0051728664104345335
2026-06-08,4,178,178,-0.013654961886274124
2026-06-08,5,178,178,-0.006889617721752439
2026-06-09,1,179,179,-0.03829438443494662
2026-06-09,2,179,179,-0.016020046314526297
2026-06-09,3,179,179,-0.02297360025604942
2026-06-09,4,179,179,-0.02888669567852106
2026-06-09,5,178,178,-0.03281287855941769
2026-06-10,1,179,179,-0.030208321335099285
2026-06-10,2,178,178,0.00030414088095125595
2026-06-10,3,178,178,-0.01568110267485392
2026-06-10,4,178,178,-0.0210806657233584
2026-06-10,5,178,178,-0.024266256287712194
2026-06-11,1,179,179,-0.025889258883554513
2026-06-11,2,178,178,-0.015668218755199158
2026-06-11,3,178,178,-0.02048907283251765
2026-06-11,4,178,178,-0.02806121751145821
2026-06-11,5,178,178,-0.025608808179387512
2026-06-12,1,179,179,-0.05445724134126109
2026-06-12,2,178,178,-0.0432976574642445
2026-06-12,3,179,179,-0.06022196628753288
2026-06-12,4,178,178,-0.06595443965341383
2026-06-12,5,178,178,-0.056327993421947234
2026-06-15,1,179,179,-0.0409127845435112
2026-06-15,2,178,178,-0.040383160017308885
2026-06-15,3,179,179,-0.059049764892311354
2026-06-15,4,178,178,-0.06769986375467214
2026-06-15,5,178,178,-0.0649884358829113
2026-06-16,1,179,179,-0.02444869983369423
2026-06-16,2,178,178,-0.03958975659210473
2026-06-16,3,179,179,-0.061685151967086405
2026-06-16,4,178,178,-0.0673082724122191
2026-06-16,5,178,178,-0.06479026414672129
2026-06-17,1,179,179,-0.009626033080590492
2026-06-17,2,178,178,-0.03945089324045321
2026-06-17,3,179,179,-0.05486064728715725
2026-06-17,4,178,178,-0.06342523275292664
2026-06-17,5,178,178,-0.06105661212512355
2026-06-18,1,178,178,-0.026916248414858786
2026-06-18,2,178,178,-0.06028812598128668
2026-06-18,3,178,178,-0.07030711959984065
2026-06-18,4,178,178,-0.07640099243239651
2026-06-18,5,178,178,-0.09443863556664103
2026-06-22,1,179,179,-0.0415511429617745
2026-06-22,2,178,178,-0.07403203970590455
2026-06-22,3,179,179,-0.08805167108023398
2026-06-22,4,178,178,-0.10367851049210815
2026-06-22,5,178,178,-0.10935163433687306
2026-06-23,1,179,179,-0.046853849476987716
2026-06-23,2,178,178,-0.05834426039692164
2026-06-23,3,179,179,-0.06242334841715095
2026-06-23,4,178,178,-0.08726917752436354
2026-06-23,5,178,178,-0.09738031747813591
2026-06-24,1,178,178,-0.025629595284196675
2026-06-24,2,178,178,-0.052512802351779686
2026-06-24,3,178,178,-0.055836047002570915
2026-06-24,4,178,178,-0.07162942229993902
2026-06-24,5,178,177,-0.0945318041624668
2026-06-25,1,178,178,-0.011545586571412289
2026-06-25,2,178,178,-0.0449194718177249
2026-06-25,3,178,178,-0.046149893114790105
2026-06-25,4,178,178,-0.06915458346263903
2026-06-25,5,177,176,-0.07829334966164042
2026-06-26,1,178,177,-0.002033278205233079
2026-06-26,2,177,177,-0.0304674423586773
2026-06-26,3,177,177,-0.04325764576688874
2026-06-26,4,177,177,-0.06142822320486099
2026-06-26,5,177,176,-0.0863033445385408
2026-06-29,1,177,177,0.0005379656816985962
2026-06-29,2,177,177,-0.02246658119852036
2026-06-29,3,177,177,-0.03903356701128309
2026-06-29,4,177,177,-0.04004936741736975
2026-06-29,5,176,175,-0.06685141748542818
2026-06-30,1,177,177,0.011308498117903184
2026-06-30,2,176,176,-0.03327201581265975
2026-06-30,3,176,176,-0.03103745747325807
2026-06-30,4,176,175,-0.04982174213595725
2026-06-30,5,176,176,-0.0745414752482842
2026-07-01,1,178,178,0.007205645627417167
2026-07-01,2,178,178,-0.03402494174157176
2026-07-01,3,178,178,-0.03530420349212185
2026-07-01,4,178,178,-0.04960314416387633
2026-07-01,5,177,177,-0.07503559851013884
2026-07-02,1,178,178,0.008120400503100329
2026-07-02,2,177,177,-0.03180282443031935
2026-07-02,3,177,177,-0.034264831875557226
2026-07-02,4,177,177,-0.054010046039760604
2026-07-02,5,177,177,-0.09121565081658929
2026-07-03,1,178,178,-0.000724315306742863
2026-07-03,2,177,177,-0.034599031578853155
2026-07-03,3,177,177,-0.03378300436896835
2026-07-03,4,177,177,-0.040611787428143344
2026-07-03,5,177,177,-0.0793660345884192
2026-07-06,1,180,180,0.00954756321943847
2026-07-06,2,180,180,-0.016262425096712177
2026-07-06,3,179,179,-0.014237093053950585
2026-07-06,4,180,180,-0.03151908906519723
2026-07-06,5,179,179,-0.04558535005895978
2026-07-07,1,179,179,0.030837806602648423
2026-07-07,2,179,179,-0.0018758138305893745
2026-07-07,3,179,179,0.0069748292425040595
2026-07-07,4,179,179,-0.006271391566890055
2026-07-07,5,179,179,-0.02706292382373903
2026-07-08,1,179,179,0.039459187392335664
2026-07-08,2,179,179,0.026614218942870763
2026-07-08,3,179,179,0.02780369130488152
2026-07-08,4,179,179,0.024601147407282982
2026-07-08,5,178,178,-0.0004515520814152022
2026-07-09,1,179,179,0.04245088464401487
2026-07-09,2,179,179,0.02471528878514663
2026-07-09,3,179,179,0.020720042589361633
2026-07-09,4,179,179,0.0219726951994031
2026-07-09,5,178,178,0.0016007820567235332
2026-07-10,1,180,180,0.040526338346763585
2026-07-10,2,179,179,0.0310921191270476
2026-07-10,3,179,179,0.023295532715050374
2026-07-10,4,179,179,0.022980394644339066
2026-07-10,5,179,179,0.01596307293713471
2026-07-13,1,179,179,0.0706088097620542
2026-07-13,2,179,179,0.06144671348152139
2026-07-13,3,179,178,0.057566870173394215
2026-07-13,4,179,179,0.06302895426569016
2026-07-13,5,179,179,0.03766942161774834
2026-07-14,1,179,179,0.044124401219007084
2026-07-14,2,179,179,0.03907365364495321
2026-07-14,3,179,178,0.04020141060459494
2026-07-14,4,179,179,0.049699542725221056
2026-07-14,5,179,179,0.024409215911731046
2026-07-15,1,180,180,0.04757522831744388
2026-07-15,2,180,180,0.05401278834618943
2026-07-15,3,180,179,0.04776483788293069
2026-07-15,4,180,180,0.05110051169693642
2026-07-15,5,179,179,0.049995558797456166
2026-07-16,1,181,181,0.032160178315866754
2026-07-16,2,180,180,0.04265972680744098
2026-07-16,3,180,179,0.03335971881414367
2026-07-16,4,180,180,0.03809277029845573
2026-07-16,5,180,180,0.041606729014389
2026-07-17,1,180,180,0.05766611734576935
2026-07-17,2,179,179,0.06891453195817161
2026-07-17,3,180,179,0.06495368145152872
2026-07-17,4,179,179,0.06353000678438273
2026-07-17,5,179,179,0.07769866244906126
2026-07-20,1,180,180,0.07399367663463835
2026-07-20,2,180,179,0.08707625259407363
2026-07-20,3,179,179,0.07413720828236103
2026-07-20,4,180,180,0.09185079882069169
2026-07-20,5,179,179,0.12373815623158045
2026-07-21,1,179,179,0.0768532249229452
2026-07-21,2,179,179,0.05459839820054223
2026-07-21,3,179,178,0.05295088005469948
2026-07-21,4,179,179,0.061811308641348116
2026-07-21,5,179,179,0.09507900707208046
2026-07-22,1,179,179,0.06770254426908856
2026-07-22,2,179,177,0.030022646595466145
2026-07-22,3,179,178,0.05055442191324022
2026-07-22,4,179,179,0.041855221149346
2026-07-22,5,179,179,0.07328092502856075
2026-07-23,1,180,180,0.06095775761543728
2026-07-23,2,179,178,0.02768787359070809
2026-07-23,3,179,178,0.03182144077955195
2026-07-23,4,179,179,0.03741402157233455
2026-07-23,5,179,179,0.062439609850367096
2026-07-24,1,179,179,0.08113380666337568
2026-07-24,2,178,177,0.04696493953510156
2026-07-24,3,179,178,0.06256667916458124
2026-07-24,4,178,178,0.05937512304053669
2026-07-24,5,178,178,0.08479763395174673
2026-07-27,1,180,180,0.0572254211914974
2026-07-27,2,179,179,0.025059560457379795
2026-07-27,3,180,179,0.032288122147257174
2026-07-27,4,179,179,0.02340258603166959
2026-07-27,5,179,179,0.03483966140096871
2026-07-28,1,180,180,0.0709274430861945
2026-07-28,2,180,180,0.03211138057865766
2026-07-28,3,179,177,0.03571222382527061
2026-07-28,4,180,180,0.04286568791737379
2026-07-28,5,179,179,0.04959464459682677
2026-07-29,1,181,181,0.06984017217105969
2026-07-29,2,181,181,0.034625914480205175
2026-07-29,3,180,180,0.02674338607155511
2026-07-29,4,181,180,0.03214543959484893
2026-07-29,5,180,180,0.05115752704616069
2026-07-30,1,181,181,0.07573643842087514
2026-07-30,2,181,181,0.03888394957775422
2026-07-30,3,181,181,0.04009928565619271
2026-07-30,4,181,180,0.050510643771084676
2026-07-30,5,180,180,0.06997077247589244
2026-07-31,1,182,182,0.07068552697653185
2026-07-31,2,181,181,0.027048572625102976
2026-07-31,3,182,182,0.02502100919889131
2026-07-31,4,181,180,0.046638016076637465
2026-07-31,5,181,181,0.05094694805126638
2026-08-03,1,182,182,0.06523893846415786
2026-08-03,2,182,182,0.020485599883001034
2026-08-03,3,181,181,0.021263611055432556
2026-08-03,4,182,181,0.03988246659231305
2026-08-03,5,181,181,0.04575694942962153
2026-08-04,1,181,181,0.06420349196120083
2026-08-04,2,181,181,0.015263958204483632
2026-08-04,3,181,181,0.019782271090881744
2026-08-04,4,181,181,0.02672567904387594
2026-08-04,5,180,180,0.0418948690605433
2026-08-05,1,181,181,0.05175829710329974
2026-08-05,2,181,181,-2.3105603765225597e-05
2026-08-05,3,181,181,0.0016243433046648568
2026-08-05,4,181,181,0.016658782708116365
2026-08-05,5,180,180,0.01636743794557234
2026-08-06,1,181,181,0.04092073107965315
2026-08-06,2,181,181,-0.006604953473787863
2026-08-06,3,181,181,0.002458648351258603
2026-08-06,4,181,181,0.01436916168113039
2026-08-06,5,181,181,0.011250016647565069
2026-08-07,1,181,181,0.03696315870994183
2026-08-07,2,181,181,-0.020588575915371964
2026-08-07,3,181,181,-0.008310960770738956
2026-08-07,4,181,181,-0.0010587389155751496
2026-08-07,5,181,181,0.0016805959991865694
2026-08-10,1,182,182,0.03181587121324359
2026-08-10,2,181,180,-0.018272598765874764
2026-08-10,3,182,182,-0.016052349780280348
2026-08-10,4,181,181,-0.0006474342696158157
2026-08-10,5,181,181,0.0021883274315889186
2026-08-11,1,181,181,0.03913378141868572
2026-08-11,2,181,181,-0.007088762564292023
2026-08-11,3,181,181,-0.0054504242505428535
2026-08-11,4,181,181,0.007582752423470349
2026-08-11,5,181,181,0.013976294020927017
2026-08-12,1,181,181,0.02448243392883819
2026-08-12,2,181,181,-0.01833934903091504
2026-08-12,3,181,181,-0.01254237044393139
2026-08-12,4,181,181,-0.013211813217442784
2026-08-12,5,181,181,-0.013696470158985678
2026-08-13,1,182,182,0.02334188167967324
2026-08-13,2,181,181,-0.019691215647523377
2026-08-13,3,182,182,-0.013150010627307349
2026-08-13,4,181,181,-0.02057311709827731
2026-08-13,5,181,181,-0.013975631740392475
2026-08-14,1,180,180,0.013400012058121667
2026-08-14,2,180,179,-0.03663303651104221
2026-08-14,3,180,180,-0.025057100645886718
2026-08-14,4,180,180,-0.03029725721023505
2026-08-14,5,179,179,-0.03451428293437678
2026-08-17,1,181,181,0.0012680253743930082
2026-08-17,2,180,179,-0.040829599273116066
2026-08-17,3,181,180,-0.0263827844940006
2026-08-17,4,180,180,-0.029983015406391346
2026-08-17,5,180,180,-0.03695040002091703
2026-08-18,1,181,181,-0.01144469924464418
2026-08-18,2,180,179,-0.036448783495164824
2026-08-18,3,180,179,-0.025544347001434764
2026-08-18,4,180,180,-0.027142002930732958
2026-08-18,5,180,180,-0.038625675328222926
