date,assets_total,factor_count,factor_coverage,valid_pairs,ic,rank_ic,factor_mean,factor_std,factor_min,factor_max
2023-01-03,1000,720,0.72,720,0.004884178059082069,0.013537578424956993,-7.401486830834377e-18,0.9999999999999992,-2.3751815782616283,4.426091064391474
2023-01-04,1000,722,0.722,722,-0.00031144513623893743,0.02443635881089057,-3.936524851856511e-17,1.0000000000000013,-2.35654220391861,4.437967915339201
2023-01-05,1000,722,0.722,722,0.0067850108084175345,0.037153941761806634,-3.198426442133415e-17,0.9999999999999998,-2.368704108142588,4.451757511182863
2023-01-06,1000,722,0.722,721,0.033156701304026814,0.04299513749852002,-1.4761968194461916e-17,0.9999999999999999,-2.3922705873705894,4.508320521209338
2023-01-09,1000,721,0.721,721,0.03286460414706881,0.03471013447919338,4.927480830513871e-17,1.0000000000000004,-2.4147917328698054,4.5071915953495925
2023-01-10,1000,720,0.72,720,0.06707242415613501,0.06968592223045474,9.86864910777917e-18,1.0000000000000007,-2.421858673907499,4.459816680482752
2023-01-11,1000,718,0.718,717,0.05763955500083106,0.07575210495040219,4.700665731003448e-17,0.9999999999999993,-2.420479545646741,4.453597264777818
2023-01-12,1000,718,0.718,718,0.09070378927852395,0.1159345224192405,5.937683028635935e-17,1.0,-2.419056648193333,4.457689491760723
2023-01-13,1000,718,0.718,718,0.10125024401481995,0.1311954118365727,0.0,1.0,-2.4265490928138638,4.524623298485473
2023-01-16,1000,719,0.719,719,0.13569613734622127,0.16789879512727846,1.4823561942143954e-17,0.9999999999999996,-2.4697808244454653,4.486999021320708
2023-01-17,1000,721,0.721,721,0.16747929939180295,0.19438136668750278,-3.941984664411097e-17,0.9999999999999996,-2.4594885961407305,4.547924311923291
2023-01-18,1000,724,0.724,724,0.1708952280568967,0.18664784582203361,-9.323419875305182e-17,0.9999999999999987,-2.4688098705811576,4.553466771022792
2023-01-19,1000,724,0.724,724,0.16663121801857322,0.16801141209317141,-4.661709937652591e-17,0.999999999999999,-2.481963935694581,4.556862355441549
2023-01-20,1000,726,0.726,726,0.18244379825508902,0.19069624091455872,9.787090024243804e-18,0.9999999999999994,-2.4064548070912717,4.88953185415665
2023-01-30,1000,728,0.728,728,0.18864516606089424,0.20701399833807527,-2.4400506035717726e-17,0.9999999999999994,-2.40727380724746,4.902977036035484
2023-01-31,1000,728,0.728,728,0.2089945529402354,0.22494111602369898,-9.760202414287091e-18,0.9999999999999996,-2.4121769315986774,4.908608902561947
2023-02-01,1000,728,0.728,728,0.21286395518336546,0.22988787059187718,-1.4640303621430636e-17,1.000000000000001,-2.408346770482403,4.967292365878307
2023-02-02,1000,731,0.731,731,0.23290854295481977,0.25616793292975637,-9.720146864023258e-18,1.0000000000000002,-2.4222128894867274,4.959513414756131
2023-02-03,1000,732,0.732,731,0.25358974546709845,0.26727789023572174,5.338777386175616e-17,1.0000000000000007,-2.412895894603167,4.978559750696855
2023-02-06,1000,731,0.731,730,0.2620776419929734,0.28295010051596936,3.4020514024081404e-17,0.9999999999999999,-2.3920543214129832,4.944948946106439
2023-02-07,1000,732,0.732,731,0.2664546725458962,0.27825806263572994,-2.912060392459427e-17,1.0,-2.4148087380868257,4.975460803481137
2023-02-08,1000,732,0.732,731,0.24896162123414042,0.2679173883357746,4.3680905886891404e-17,1.0000000000000004,-2.3997430194304923,4.950251449658392
2023-02-09,1000,734,0.734,733,0.2630317169780014,0.2766624997374909,3.872167497330246e-17,1.0000000000000009,-2.4030699796770296,4.9889083307411655
2023-02-10,1000,734,0.734,734,0.2385385753069757,0.2568604567668638,8.228355931826773e-17,1.0000000000000002,-2.375832077803514,5.0050131411688925
2023-02-13,1000,733,0.733,733,0.24917995702037654,0.27250938013988096,-4.119790759864155e-17,1.0000000000000009,-2.413747450971855,5.024326938244704
2023-02-14,1000,734,0.734,734,0.21485359786614294,0.24622084895477114,4.840209371662808e-18,0.9999999999999996,-2.3859951416754512,5.034542710274488
2023-02-15,1000,734,0.734,734,0.22743233269711163,0.24029928346897156,-7.986345463243632e-17,0.9999999999999998,-2.389455792021768,5.005553324104103
2023-02-16,1000,734,0.734,734,0.21847920215863803,0.23520200217021914,3.146136091580825e-17,1.0000000000000004,-2.371908198675596,4.980556985008627
2023-02-17,1000,734,0.734,734,0.1888083081450149,0.24175314722009392,-2.9041256229976844e-17,1.0,-2.3764958239811063,4.944949691900365
2023-02-20,1000,738,0.738,738,0.17630351772766817,0.22418857171393994,7.220962761789636e-17,1.0,-2.4763645376927124,4.971751671075147
2023-02-21,1000,743,0.743,743,0.1377738076245615,0.17144643266165877,-2.868947789071737e-17,0.9999999999999996,-2.6530712851121834,5.378080804055546
2023-02-22,1000,742,0.742,742,0.14300927442055322,0.16881391494255185,2.394011912938343e-18,1.0,-2.6605634368507096,5.331257368297582
2023-02-23,1000,740,0.74,740,0.12968170539104878,0.1700300424035901,9.601928861622976e-18,0.9999999999999996,-2.6841296160683106,5.285919783539032
2023-02-24,1000,741,0.741,741,0.11276733510770898,0.14819137098343124,1.9177941585967616e-17,0.999999999999999,-2.687696280978493,5.262556581089282
2023-02-27,1000,738,0.738,738,0.11208603806008184,0.1490647449582284,-5.054673933252745e-17,0.9999999999999996,-2.620000068413438,5.443118775286861
2023-02-28,1000,740,0.74,740,0.10749807949103411,0.14404636140752491,9.601928861622976e-18,0.999999999999999,-2.62177253949765,5.443236269401322
2023-03-01,1000,742,0.742,742,0.10173014729099934,0.12793342377591932,-7.900239312696531e-17,1.0,-2.6183932293877383,5.41835093344275
2023-03-02,1000,742,0.742,742,0.08914796167276824,0.1027367499992308,-2.394011912938343e-17,1.0,-2.549069630501146,5.375413635740737
2023-03-03,1000,743,0.743,742,0.0730004458295133,0.09963127081513226,4.781579648452895e-18,0.9999999999999988,-2.5096722968877963,5.353317464051633
2023-03-06,1000,741,0.741,741,0.06305132178606537,0.09571341373666045,-2.397242698245952e-18,0.9999999999999996,-2.505502215347538,5.339983846050491
2023-03-07,1000,740,0.74,740,0.07319036190231801,0.10556570617572926,-4.800964430811488e-18,0.9999999999999993,-2.4769651268561095,5.347223166922591
2023-03-08,1000,741,0.741,741,0.057849280573016276,0.08908649781712143,7.191728094737856e-18,1.0000000000000009,-2.5065662566839393,5.327383402608652
2023-03-09,1000,741,0.741,741,0.03957058125198152,0.05388630016383836,1.0068419332632999e-16,1.0,-2.4661188216532524,5.301020722817833
2023-03-10,1000,739,0.739,739,0.04502314167307745,0.05184452926922058,-4.56708794974354e-17,0.9999999999999999,-2.4270371775920903,5.339581468732708
2023-03-13,1000,739,0.739,739,0.03514434805110669,0.041095284332535835,1.922984399892017e-17,1.0000000000000007,-2.429059102495473,5.2789909964027135
2023-03-14,1000,738,0.738,738,0.06612189948760944,0.0773973880255858,-4.0918788983474605e-17,0.999999999999999,-2.416747208823667,5.249684884171195
2023-03-15,1000,740,0.74,740,0.04311193030900778,0.045016614399667886,3.120626880027467e-17,1.0000000000000009,-2.4379984426169585,5.188937304104815
2023-03-16,1000,738,0.738,737,0.004095079931080209,-0.005661180316279832,-4.0918788983474605e-17,1.0000000000000002,-2.3612424347770773,5.25436583770008
2023-03-17,1000,739,0.739,739,0.006369832506985759,-0.0036077835462490953,-8.893802849500577e-17,1.000000000000001,-2.4284163950931172,5.313323378647076
2023-03-20,1000,736,0.736,736,0.0343081074114649,0.02708142444454403,-4.827056628805028e-18,0.9999999999999996,-2.3170169917949734,5.015073083085552
2023-03-21,1000,737,0.737,737,0.060754746540111836,0.07638969054964055,-7.471785891642845e-17,1.0000000000000002,-2.361259945841363,5.01284528348492
2023-03-22,1000,737,0.737,737,0.06190007236399092,0.08017934173159344,2.4102535134331758e-17,1.000000000000001,-2.3474723511310973,5.088279613091112
2023-03-23,1000,735,0.735,735,0.09484289868425479,0.10466260498527162,7.250436079184696e-18,1.0000000000000007,-2.339987067138463,5.080687790447579
2023-03-24,1000,735,0.735,735,0.09373926394922528,0.09101473801432862,-4.833624052789797e-17,0.9999999999999994,-2.3500674361867584,5.1188127332149005
2023-03-27,1000,735,0.735,735,0.11332258124414699,0.1216175376993103,1.6917684184764292e-17,0.9999999999999998,-2.3413390996822865,5.184229932170651
2023-03-28,1000,735,0.735,734,0.11934591886663617,0.11757905997248772,1.9334496211159187e-17,0.9999999999999998,-2.321928292217169,5.171041495286801
2023-03-29,1000,733,0.733,732,0.11346613463488393,0.11911998180950674,-4.846812658663712e-18,1.0000000000000016,-2.3070799658375525,5.188520156340527
2023-03-30,1000,731,0.731,730,0.09443274493703575,0.11049064073182902,2.9160440592069775e-17,1.0000000000000002,-2.3154723862129205,5.074486585141812
2023-03-31,1000,730,0.73,729,0.10362387491103431,0.11514791445272435,1.9466924267400005e-17,0.9999999999999996,-2.3164555648511875,5.172052349375292
2023-04-03,1000,730,0.73,729,0.11339768865103636,0.1251268198680199,-3.406711746795001e-17,1.0000000000000002,-2.34263371798848,5.161119230989059
2023-04-04,1000,730,0.73,729,0.11169310935156304,0.13468511161181188,-2.4333655334250007e-18,1.0,-2.318630012509415,5.219609884732336
2023-04-06,1000,730,0.73,728,0.12942339322024132,0.14677366440098386,1.4600193200550002e-17,0.9999999999999997,-2.315524678958,5.208875612707037
2023-04-07,1000,730,0.73,728,0.13430303915532782,0.13818171209581556,-1.4600193200550002e-17,1.0000000000000009,-2.329195426542206,5.159684691317627
2023-04-10,1000,729,0.729,727,0.12365043664751356,0.13417063535972085,0.0,1.0,-2.3790975328111235,4.798666490804842
2023-04-11,1000,730,0.73,728,0.13856193702398245,0.1439713455031675,-4.866731066850001e-18,0.9999999999999998,-2.389878771185613,4.803873196980068
2023-04-12,1000,734,0.734,733,0.09991958603881425,0.11645965458171921,4.840209371662808e-18,1.0000000000000007,-2.3882213494668796,4.8361887805020505
2023-04-13,1000,731,0.731,730,0.10649222983470509,0.12555369283977544,7.290110148017444e-17,1.0000000000000002,-2.349397470461295,4.79196034881302
2023-04-14,1000,731,0.731,729,0.11645964067360261,0.15518399559113852,5.1030771036122106e-17,0.9999999999999998,-2.346628768018134,4.952022749740946
2023-04-17,1000,730,0.73,729,0.10641009089685376,0.14992335326683906,8.516779366987502e-17,0.9999999999999994,-2.345356334730479,4.935720603480829
2023-04-18,1000,729,0.729,728,0.08641244666541617,0.14122037029483303,3.167714528422943e-17,1.0000000000000013,-2.346310114642905,4.775458963429258
2023-04-19,1000,727,0.727,726,0.07626401573694468,0.13293451394959718,1.954725545419808e-17,1.0000000000000004,-2.3619757365683687,4.7678442820973315
2023-04-20,1000,729,0.729,729,0.06088213826803975,0.10662956003872759,-1.218351741701132e-18,0.9999999999999999,-2.3865762102288435,4.737884058795482
2023-04-21,1000,727,0.727,727,0.037869185070979215,0.0938220243499787,-2.44340693177476e-18,1.0000000000000007,-2.379956480046584,4.764723589743601
2023-04-24,1000,725,0.725,725,0.03592018118243316,0.09251132679470303,-1.1025663141105002e-17,0.9999999999999992,-2.3668742375365253,4.840751160702031
2023-04-25,1000,726,0.726,726,0.02730026396695985,0.09070258998229637,7.462656143485901e-17,0.9999999999999998,-2.3946183822470135,4.838223054878872
2023-04-26,1000,723,0.723,722,0.060700646859549935,0.13948912114740347,-7.370775267220956e-17,1.0000000000000007,-2.386206019873667,4.916191034731693
2023-04-27,1000,718,0.718,718,0.06072442702054176,0.14213238197946507,7.422103785794919e-18,0.9999999999999994,-2.461751928049505,5.85555826533326
2023-04-28,1000,720,0.72,720,0.06460916651148771,0.15354215695495668,2.4671622769447924e-18,1.000000000000001,-2.388239518738656,5.785886469922769
2023-05-04,1000,715,0.715,715,0.03263798871026519,0.10708749374475329,-3.7266227400005256e-17,1.0000000000000004,-2.355320712493101,5.00923665216176
2023-05-05,1000,710,0.71,710,-0.006148404722810863,0.03503891112192909,5.003822082817607e-18,0.9999999999999989,-2.2395525156310923,4.9715925914723655
2023-05-08,1000,713,0.713,713,-0.0029488604212032092,0.02391654693969791,1.2456920332400073e-18,0.9999999999999999,-2.573818021239637,5.7650810133750054
2023-05-09,1000,709,0.709,708,0.013499888576234072,0.04908307033944598,2.004351863921298e-17,1.0000000000000004,-2.562330209281535,5.801862135144468
2023-05-10,1000,705,0.705,704,0.037123954032782805,0.08663589136826097,-3.0235861096174476e-17,1.0,-2.2462442326473826,5.052896669063175
2023-05-11,1000,705,0.705,704,0.06648285869603542,0.11892763947078906,-3.275551618752235e-17,1.0000000000000002,-2.228258555032508,5.134270837796118
2023-05-12,1000,708,0.708,707,0.01822323102711183,0.06579748922354076,-2.007182869378814e-17,1.0000000000000004,-2.2096364796106633,5.088583346682891
2023-05-15,1000,706,0.706,705,0.003115681544055625,0.04329202824649251,-4.969270195206083e-17,1.0000000000000002,-2.407825792570361,4.984859105100443
2023-05-16,1000,705,0.705,704,-0.018173834349060027,0.0342857095690241,-1.1338447911065428e-17,1.0000000000000009,-2.417835265571236,5.009787182245655
2023-05-17,1000,702,0.702,701,-0.024991096529494407,0.013411505747467195,-1.1386902816668272e-17,0.9999999999999991,-2.474515054980801,5.07696972739232
2023-05-18,1000,700,0.7,699,-0.05285816190155925,-0.033914997299589335,1.2688263138573217e-17,0.9999999999999998,-2.450660482225296,5.170824145093197
2023-05-19,1000,697,0.697,696,-0.04347711281106817,-0.023006955172269847,3.568005129354879e-17,0.9999999999999999,-2.457220742165553,5.772262400627965
2023-05-22,1000,689,0.689,688,-0.05232113058301793,-0.024907537607968613,1.0312666701888246e-17,1.0000000000000004,-2.554026273566126,5.716186354923112
2023-05-23,1000,689,0.689,689,-0.05268415978680727,-0.015478207281099325,4.1250666807552986e-17,0.9999999999999993,-2.552277886773674,5.707769784447707
2023-05-24,1000,688,0.688,688,-0.027692638598049525,0.04571895175569019,3.872871016134267e-17,1.0000000000000004,-2.5520523736633893,5.587658688510311
2023-05-25,1000,686,0.686,686,-0.03565605903425294,0.0153925792309604,-7.768324370555031e-18,1.0,-2.5008363454699296,5.0678622935539455
2023-05-26,1000,682,0.682,682,-0.029890698872302224,0.005909136300032734,2.799975956532653e-17,0.9999999999999989,-2.3817276053376095,5.144146060077808
2023-05-29,1000,673,0.673,673,-0.06062089559714073,-0.04040552662383184,1.319730192719354e-18,0.9999999999999996,-2.473858053938247,5.511224951816125
2023-05-30,1000,670,0.67,670,-0.04847939646033527,-0.0264890696845873,-2.1210230918211946e-17,0.9999999999999997,-2.6210286292844676,6.25803094677339
2023-05-31,1000,673,0.673,673,-0.04767111520016281,-0.05428594947797025,-5.278920770877416e-18,1.0,-2.6696468951227676,5.498559941098951
2023-06-01,1000,677,0.677,676,-0.026444143938968063,-0.047454578921821366,-2.8862518808571275e-17,1.0000000000000004,-2.7060640469772497,5.577680726389619
2023-06-02,1000,666,0.666,665,-0.04143446518595989,-0.04124010944163202,-2.13376196924955e-17,1.0,-2.6403612924964803,5.578226937940139
2023-06-05,1000,672,0.672,671,-0.04768206871293609,-0.05745850404294131,1.3216940769347101e-17,0.9999999999999997,-2.6496134597296854,5.60699006075935
2023-06-06,1000,669,0.669,669,-0.049716610158973065,-0.06923536522981331,2.920766103647647e-17,1.0000000000000002,-2.6151359301349992,5.997124331366995
2023-06-07,1000,675,0.675,674,-0.039985762072565365,-0.07313677095566985,-5.2632795241488905e-17,1.0,-2.6557627204449665,6.031086537664807
2023-06-08,1000,667,0.667,667,-0.050536330504500536,-0.10133622653102692,3.99480548590761e-17,1.0,-3.2045016034158995,5.995903734624365
2023-06-09,1000,669,0.669,669,-0.03647621671244308,-0.06720309734068168,2.6552419124069512e-17,1.0,-3.378507027153168,5.961984423026339
2023-06-12,1000,660,0.66,660,-0.01795723172286858,-0.037009512328490264,-3.229739708000455e-17,0.9999999999999998,-3.3450693519450456,6.001556776359229
2023-06-13,1000,661,0.661,661,0.005522383314469256,-0.0009149871749720201,2.1499023774889567e-17,1.0000000000000002,-3.2482246035032314,6.411494815818324
2023-06-14,1000,666,0.666,666,0.01765279087215295,0.03307535405759524,8.001607384685813e-18,1.0000000000000009,-3.2436834421284253,6.337039209157681
2023-06-15,1000,671,0.671,671,0.04894426362817829,0.08733115164534817,5.29465525901714e-18,1.0000000000000004,-3.2761870741170234,6.209044835579582
2023-06-16,1000,669,0.669,669,0.06325923534466726,0.09468265987299866,2.1241935299255612e-17,1.0,-3.5683850387906064,6.099308997477823
2023-06-19,1000,659,0.659,659,0.08056494275555659,0.08719150628451647,-2.1564271191505317e-17,0.9999999999999999,-3.808776899164427,6.316187354330706
2023-06-20,1000,666,0.666,666,0.08568544790448517,0.08034355267689368,-3.200642953874325e-17,1.000000000000001,-3.855828670578618,6.524277457381927
2023-06-21,1000,673,0.673,673,0.058238007611759235,0.0434663817488599,2.639460385438708e-18,0.9999999999999999,-4.335033614827055,6.764592650420234
2023-06-26,1000,659,0.659,659,0.0847046241841455,0.06770419300790459,6.738834747345412e-18,1.0000000000000007,-4.227886522015627,6.86006197248142
2023-06-27,1000,658,0.658,658,0.07976237209529112,0.07417122358017841,-2.6996304550155782e-18,1.0000000000000004,-4.210287411704076,6.821934268424179
2023-06-28,1000,658,0.658,658,0.06079740460355823,0.0640501686463525,5.939187001034272e-17,0.9999999999999998,-4.013148359946042,6.602978659284725
2023-06-29,1000,662,0.662,662,0.06462768727539514,0.03662397283632533,-3.0858162617980184e-17,0.9999999999999998,-4.153754587382677,6.637034065332555
2023-06-30,1000,667,0.667,667,0.08185906938596804,0.05182147661849357,5.3264073145434795e-18,1.0,-4.112510481949324,6.598715356116972
2023-07-03,1000,666,0.666,665,0.07201335304628788,0.054466418250365925,2.267122092327647e-17,0.9999999999999997,-3.7038972911425287,6.350971765490177
2023-07-04,1000,665,0.665,665,0.05088088819950767,0.025318466522806,5.075305255429287e-17,0.9999999999999993,-3.691147424823021,6.342843098432547
2023-07-05,1000,667,0.667,667,0.032375106552187276,0.026483157782687776,1.3316018286358699e-18,0.9999999999999997,-3.9158296940960087,6.628812799047689
2023-07-06,1000,665,0.665,665,0.03438561407420924,0.006776710650534578,-1.8698493046318426e-17,0.9999999999999999,-3.795971870860386,6.504521406105303
2023-07-07,1000,674,0.674,674,0.02058661495060095,0.02636451343745845,4.8757569033983137e-17,1.0,-3.8630874645695403,6.553286990220733
2023-07-10,1000,670,0.67,670,0.0026600485871971944,0.019115127314586013,7.95383659432948e-18,0.9999999999999999,-4.028942076200663,6.647203551437845
2023-07-11,1000,670,0.67,670,0.020348862169949213,0.03650601456638536,-6.097941388985935e-17,1.0000000000000007,-3.829270501182924,6.252938693005268
2023-07-12,1000,668,0.668,668,0.026180145988234507,0.038719859331899184,2.393295142904529e-17,1.0000000000000002,-3.3288291808370447,6.385902303684824
2023-07-13,1000,672,0.672,672,0.02732793141666867,0.02806923763473229,2.3790493384824782e-17,1.0000000000000004,-3.167110050640107,6.438290621940696
2023-07-14,1000,675,0.675,675,0.05756230251726244,0.024873416567015083,-5.789607476563779e-17,0.9999999999999989,-3.3339192655447847,6.38281782523038
2023-07-17,1000,672,0.672,672,0.033914111496422976,0.0225685080681764,1.586032892321652e-17,1.0000000000000009,-3.7023707924666254,6.62505081125623
2023-07-18,1000,675,0.675,675,0.03632690840582222,0.04145757653442874,5.2632795241488905e-17,1.0000000000000002,-3.7156149408877375,6.620699184325836
2023-07-19,1000,674,0.674,674,0.039038165094572204,0.04608974432397413,-1.0542177088428787e-16,1.0000000000000002,-3.730561592384052,6.662581509939293
2023-07-20,1000,675,0.675,675,0.015981310133910402,0.043749095684639534,-7.894919286223335e-18,1.0,-3.624890789886983,6.473308221856184
2023-07-21,1000,679,0.679,679,0.053859729102379295,0.07132654881944454,-1.0464546918410901e-17,0.9999999999999999,-3.6264061831498777,6.51666871376922
2023-07-24,1000,679,0.679,679,0.06433791593055178,0.07064360169317044,-3.6625914214438153e-17,1.0000000000000004,-3.6523654716702048,6.537529610803764
2023-07-25,1000,681,0.681,681,0.05839783195961414,0.08668783692002416,-7.825360525992293e-17,0.9999999999999993,-3.6206062891779283,6.518041860110656
2023-07-26,1000,689,0.689,689,0.07920275903900195,0.13247938987497623,-4.382883348302505e-17,1.0000000000000004,-3.634569102148361,6.532175730542082
2023-07-27,1000,691,0.691,691,0.08134244293233678,0.11063885062496023,-1.0282818173083938e-17,0.9999999999999986,-3.643840187223225,6.533052417497915
2023-07-28,1000,691,0.691,691,0.05580190817606901,0.09559751858868253,1.7994931802896893e-17,0.9999999999999998,-3.773755070164523,6.478562604486667
2023-07-31,1000,692,0.692,691,0.10436204417975209,0.1490587355419383,1.0267958609250002e-17,0.9999999999999991,-3.825415932580955,6.53131272936403
2023-08-01,1000,692,0.692,691,0.09082829758050562,0.14257602048962553,-5.390678269856251e-17,1.0000000000000007,-3.8208859623537315,6.497290281422727
2023-08-02,1000,695,0.695,694,0.11152511725502635,0.14048837556016083,3.322681857870972e-17,0.9999999999999998,-3.85605025768002,6.572627076106794
2023-08-03,1000,694,0.694,693,0.10459040419780814,0.1416906292291067,-1.023836795043372e-17,1.0000000000000013,-3.8790363480949237,6.611336066391911
2023-08-04,1000,697,0.697,696,0.13296012202915625,0.1411396766513026,-3.568005129354879e-17,1.0000000000000004,-3.904442597106251,6.637702513432753
2023-08-07,1000,694,0.694,693,0.13888992179549123,0.1472815296585884,-4.095347180173488e-17,0.9999999999999993,-3.9472206777184593,6.655922246996224
2023-08-08,1000,695,0.695,694,0.1594420209042432,0.16692408117810603,-7.667727364317628e-18,0.9999999999999994,-3.945505575977125,6.677735125821368
2023-08-09,1000,695,0.695,694,0.15131378627511727,0.17433218732088954,2.5559091214392094e-17,1.0,-3.9483944187443942,6.701190805762826
2023-08-10,1000,695,0.695,694,0.163889775200286,0.1858240600146016,-4.2172500503746954e-17,1.0,-3.86214648202105,6.4967802372961465
2023-08-11,1000,699,0.699,698,0.10871193764319698,0.1531185352382015,0.0,1.0000000000000002,-3.8544777494973763,6.499662854048981
2023-08-14,1000,697,0.697,697,0.12616557909401957,0.15703418331443167,-1.5291450554378052e-17,0.9999999999999999,-3.8753973221259046,6.5532629874840955
2023-08-15,1000,696,0.696,696,0.12969251050605932,0.13476618542039176,-5.870144727903127e-17,0.9999999999999999,-3.85177454285385,6.493160224235257
2023-08-16,1000,695,0.695,695,0.12673895888903539,0.11482014295909747,-2.81150003358313e-17,1.0000000000000004,-3.857515975957325,6.498058599095129
2023-08-17,1000,693,0.693,693,0.15863353154073426,0.1206385009216964,7.433527899366128e-17,1.0000000000000004,-3.8979881598778476,6.598960087800343
2023-08-18,1000,698,0.698,698,0.12919465081866868,0.08034308087209614,1.7814466870776152e-17,0.9999999999999994,-3.8594387266420664,6.496600421611886
2023-08-21,1000,697,0.697,697,0.13103969035751845,0.07749208491649849,-4.587435166313416e-17,1.0000000000000002,-3.9087563440512945,6.579034281807296
2023-08-22,1000,698,0.698,698,0.14312172986350452,0.08900085445944106,1.9086928790117303e-17,1.0000000000000004,-3.9102177667716544,6.541750897502531
2023-08-23,1000,698,0.698,698,0.14414485854863587,0.08725878867842554,-3.053908606418769e-17,0.9999999999999991,-3.8409293765282237,6.4463119743790305
2023-08-24,1000,700,0.7,700,0.13771488947889987,0.08094905857962935,3.0451831532575724e-17,1.0000000000000002,-3.8617752275514325,6.519448337426508
2023-08-25,1000,701,0.701,701,0.11694986208172096,0.0943752072960511,-1.520419548702069e-17,0.9999999999999996,-3.904484572904954,6.534602815161037
2023-08-28,1000,701,0.701,700,0.08594644620362528,0.07063572502376499,-2.027226064936092e-17,0.9999999999999996,-3.9500656615075322,6.441426320348207
2023-08-29,1000,700,0.7,700,0.11786670603782408,0.09417323490279597,-1.2688263138573217e-17,1.0000000000000004,-3.9745364112272084,6.516218678947024
2023-08-30,1000,700,0.7,700,0.09735270093567105,0.05852043358576267,4.0602442043434296e-17,1.0000000000000004,-4.041582960495536,6.583211579552553
2023-08-31,1000,701,0.701,701,0.10184931112600817,0.08385359738836895,-1.2670162905850574e-18,1.0000000000000004,-3.9812642516670422,6.493259210549593
2023-09-01,1000,701,0.701,701,0.0753152687993042,0.08695702761821258,4.054452129872184e-17,0.9999999999999994,-3.850927716756093,6.2706714446255205
2023-09-04,1000,702,0.702,702,0.07357765068007718,0.08139615309917593,2.024338278518804e-17,1.0000000000000007,-3.7604698894163326,6.114447508686738
2023-09-05,1000,703,0.703,703,0.03202109598515501,0.057781212386475544,4.548282092347725e-17,0.9999999999999999,-3.710540276851406,6.032885259772574
2023-09-06,1000,702,0.702,702,0.07043912655757308,0.08397477426615262,1.012169139259402e-16,1.0000000000000002,-3.6735785286722726,5.948749612379399
2023-09-07,1000,702,0.702,702,0.05129145914117848,0.07386256411069521,3.7956342722227575e-17,1.0000000000000004,-3.6465323366840234,5.874873363971119
2023-09-08,1000,701,0.701,701,0.05305936321521083,0.08406785736649207,-1.2670162905850574e-17,0.9999999999999997,-3.6984135169626104,5.97420555004548
2023-09-11,1000,701,0.701,701,0.06681833213687802,0.11490236723165526,2.2806293230531032e-17,0.9999999999999993,-3.6410111524069113,5.904428089144615
2023-09-12,1000,701,0.701,701,0.05111629811297645,0.10127733453438524,4.3078553879891954e-17,0.9999999999999989,-3.662793363151717,5.933602894912381
2023-09-13,1000,700,0.7,700,0.043691483201178404,0.08332305197034416,7.612957883143931e-18,1.0,-3.615986961048925,5.870399231162127
2023-09-14,1000,700,0.7,700,0.03881518994981118,0.08552120077212985,-4.694657361272091e-17,1.0,-3.502699753361017,5.702541175346708
2023-09-15,1000,702,0.702,702,0.03932094346257934,0.11638667145837353,-1.012169139259402e-17,0.9999999999999997,-3.4939968531095595,5.719905769507741
2023-09-18,1000,701,0.701,701,0.043015645361125926,0.11249073896257344,9.375920550329425e-17,1.0000000000000004,-3.4720937655123376,5.665285126606904
2023-09-19,1000,701,0.701,701,0.02143549096426254,0.05888883868636431,4.054452129872184e-17,1.0,-3.510723873064672,5.692375311976351
2023-09-20,1000,701,0.701,701,0.017051024128364105,0.050269229898331186,1.013613032468046e-17,0.9999999999999999,-3.520995939987961,5.778520754040863
2023-09-21,1000,701,0.701,701,-0.002608939280127627,0.016983431743543807,6.335081452925287e-17,1.0000000000000007,-3.5312936353634017,5.825914428787737
2023-09-22,1000,700,0.7,700,-0.019576717266665374,-0.022352163016734903,1.0150610510858574e-17,1.000000000000001,-3.5621167409581225,5.847881661306647
2023-09-25,1000,699,0.699,699,-0.0267040815400106,-0.02942352617730194,5.082566064092276e-18,0.9999999999999994,-3.563024921195074,5.903973288271758
2023-09-26,1000,699,0.699,699,-0.01746367852151883,-0.02418614137846263,4.5743094576830484e-17,0.9999999999999993,-3.5865584432288906,5.957699465571167
2023-09-27,1000,696,0.696,696,0.0026838768209918565,-0.0006105125397453441,-1.2761184191093753e-18,1.0000000000000013,-3.4272998886832466,5.714317386218321
2023-09-28,1000,696,0.696,696,-0.021362970512154234,-0.026528184622320906,4.594026308793751e-17,0.9999999999999998,-3.4324866252116593,5.793628477257573
2023-10-09,1000,696,0.696,696,-0.02726116651591873,-0.03885146604891241,8.932828933765627e-18,0.9999999999999998,-3.4552718109739824,5.817181213210315
2023-10-10,1000,695,0.695,695,-0.037090949274805836,-0.02944929385287805,8.690091012893312e-17,0.9999999999999998,-3.4578027514963536,5.710990617011124
2023-10-11,1000,697,0.697,697,-0.027109475861852986,-0.033048175301173856,-2.803432601635976e-17,1.0000000000000004,-3.4838263047167732,5.7551089581206885
2023-10-12,1000,697,0.697,697,-0.06671368970649122,-0.047993066109297974,-2.5485750923963423e-18,0.9999999999999988,-3.5073060057399257,5.720761596018608
2023-10-13,1000,697,0.697,697,-0.07681321564692026,-0.06491493547071489,2.548575092396342e-17,1.0000000000000004,-3.4901893040230774,5.748563404634815
2023-10-16,1000,696,0.696,696,-0.07593463277415859,-0.056579125001437074,-5.870144727903127e-17,1.0,-3.4227183942523633,5.63563033566306
2023-10-17,1000,698,0.698,698,-0.08284593884634575,-0.07470599145233667,-2.5449238386823074e-17,0.9999999999999997,-3.42562286496697,5.586635780108973
2023-10-18,1000,699,0.699,698,-0.07150983683142088,-0.07877995090101048,2.2871547288415242e-17,0.9999999999999991,-3.4071977220059164,5.536891564365537
2023-10-19,1000,699,0.699,698,-0.0807401409535408,-0.07317368463471463,-5.209630215694583e-17,1.0,-3.3957175022052843,5.503645107666327
2023-10-20,1000,700,0.7,699,-0.09678996018612142,-0.09391679880100653,1.1419436824715896e-17,1.0000000000000002,-3.4197890080191917,5.489862376558214
2023-10-23,1000,698,0.698,698,-0.09131831940158708,-0.08519262125374916,4.199124333825807e-17,1.0,-3.4272143344891037,5.517213309576137
2023-10-24,1000,698,0.698,698,-0.0830328221350559,-0.0737280096116404,1.6542004951434998e-17,1.0000000000000007,-3.433868874099972,5.504185961346284
2023-10-25,1000,700,0.7,700,-0.06149944904733186,-0.04952676863074175,-3.0451831532575724e-17,0.9999999999999993,-3.3685997997076877,5.417622623122166
2023-10-26,1000,699,0.699,699,-0.0570548542330594,-0.055956547115253094,-3.0495396384553656e-17,0.9999999999999993,-3.3991600698185738,5.459115518451585
2023-10-27,1000,701,0.701,701,-0.014045711503853454,0.015297909954026136,-5.574871678574252e-17,0.9999999999999996,-3.472577183905868,5.651049357939928
2023-10-30,1000,699,0.699,699,0.009526981388899857,0.03848025237118458,-7.623849096138414e-18,1.0000000000000004,-3.477653853939692,5.796150572593185
2023-10-31,1000,701,0.701,701,0.01903731250571515,0.03525844559376169,2.534032581170115e-18,1.0000000000000002,-3.4492059550692344,5.7488824535503245
2023-11-01,1000,701,0.701,700,0.005895025549348907,0.016808243529551927,8.615710775978391e-17,1.0000000000000004,-3.45585464906178,5.742162483819528
2023-11-02,1000,702,0.702,701,-0.011344536365994657,0.007463750104725807,1.012169139259402e-17,0.9999999999999994,-3.447175921568543,5.728870611684679
2023-11-03,1000,701,0.701,700,0.0157258445472879,0.03767819921560051,4.5612586461062064e-17,1.0000000000000004,-3.4760149362690225,5.8053574561508405
2023-11-06,1000,700,0.7,699,0.03564472603103593,0.045984674141101,-4.0602442043434296e-17,1.000000000000001,-3.5439941965718456,5.977893747662443
2023-11-07,1000,701,0.701,700,0.05162191340510233,0.06844602652784973,3.040839097404138e-17,1.0000000000000013,-3.516588545851327,5.891997600855179
2023-11-08,1000,701,0.701,700,0.0830903288003963,0.0849667062987912,5.321468420457241e-17,0.9999999999999998,-3.552413279158255,5.923765237599607
2023-11-09,1000,701,0.701,701,0.07039148258392867,0.06905187505132891,-4.1811537589306896e-17,1.0000000000000004,-3.4502038162352036,5.751710996960643
2023-11-10,1000,700,0.7,700,0.07294401186637393,0.07748370670801842,3.679596310186233e-17,0.9999999999999993,-3.4163954330348236,5.728275267319371
2023-11-13,1000,700,0.7,700,0.07353362052107092,0.07875998103436228,1.1419436824715896e-17,0.9999999999999998,-3.4161258185108463,5.719985682682878
2023-11-14,1000,700,0.7,700,0.08423071458748559,0.09757574549001698,-8.120488408686859e-17,0.9999999999999996,-3.4551085154361276,5.761011029663361
2023-11-15,1000,701,0.701,700,0.07621648628645883,0.07291127416295018,3.801048871755172e-17,1.0000000000000002,-3.426725188893608,5.732705895800592
2023-11-16,1000,700,0.7,700,0.0919616669234966,0.07292898165548516,-1.395708945243054e-17,1.0000000000000007,-3.39194164485026,5.673789859389613
2023-11-17,1000,700,0.7,699,0.0820249629387396,0.08064319708231804,2.5376526277146434e-17,1.0000000000000013,-3.384485965762624,5.694249156913447
2023-11-20,1000,699,0.699,698,0.0981687880531573,0.09324167758118487,2.414218880443831e-17,1.0,-3.436964751875409,5.794179181757827
2023-11-21,1000,701,0.701,700,0.10776727490075569,0.09002311492002278,1.520419548702069e-17,1.0000000000000002,-3.3878625629833796,5.667162903863181
2023-11-22,1000,701,0.701,701,0.12473433763082728,0.10961036119870107,1.013613032468046e-17,1.0,-3.370163200320219,5.6440791621870465
2023-11-23,1000,700,0.7,700,0.0988108157540759,0.06774479724111393,-6.090366306515145e-17,0.9999999999999999,-3.360578868273568,5.696599787491634
2023-11-24,1000,701,0.701,701,0.11975419355146433,0.07750223864777954,3.927750500813678e-17,1.0,-3.344531868586548,5.759535969487303
2023-11-27,1000,701,0.701,701,0.13965396186092724,0.08637856318799475,4.3078553879891954e-17,1.0000000000000004,-3.245179775038811,5.671347718807799
2023-11-28,1000,702,0.702,702,0.14956876274376782,0.08687563316289196,-4.554761126667309e-17,1.0000000000000002,-3.2433654718269973,5.6606817452289935
2023-11-29,1000,702,0.702,701,0.1569780891596841,0.10244694915165674,5.819972550741561e-17,1.0000000000000009,-3.2084407979249785,5.65092224370458
2023-11-30,1000,702,0.702,702,0.16020999659935148,0.09838693707263163,4.048676557037608e-17,1.0000000000000002,-3.2027419816170304,5.691141368110969
2023-12-01,1000,702,0.702,702,0.14697234435377082,0.0916928858073527,5.06084569629701e-18,0.9999999999999994,-3.229985072673201,5.755915406262352
2023-12-04,1000,702,0.702,702,0.1778624705900864,0.13271850335289134,-8.856479968519767e-18,0.9999999999999996,-3.186867370529439,5.650883520608733
2023-12-05,1000,701,0.701,701,0.1981964369112632,0.16122810100834759,-1.2670162905850574e-17,0.9999999999999996,-3.2004592051040723,5.654123670297836
2023-12-06,1000,701,0.701,701,0.18113768199677452,0.17107502103222505,-5.06806516234023e-18,0.9999999999999998,-3.216434149807779,5.644706241337764
2023-12-07,1000,701,0.701,701,0.20047346690590223,0.17592022475898644,-3.5476456136381605e-17,1.0000000000000007,-3.2276420377962576,5.729309484513309
2023-12-08,1000,701,0.701,701,0.20573373644235513,0.18409472323590395,5.06806516234023e-18,0.9999999999999996,-3.241527513070837,5.750298079857018
2023-12-11,1000,701,0.701,701,0.2073485484491198,0.17587698297339022,1.013613032468046e-17,1.000000000000001,-3.173328065254082,5.723278589641248
2023-12-12,1000,702,0.702,702,0.20184681177121377,0.16266155696949372,2.7834651329633556e-17,0.9999999999999999,-3.1778928489629714,5.749823176353747
2023-12-13,1000,702,0.702,701,0.20392464142123762,0.15899488290737232,-6.579099405186112e-17,0.9999999999999998,-3.189622310500927,5.788407932583465
2023-12-14,1000,702,0.702,702,0.18540479066816976,0.1518651834112241,5.06084569629701e-18,1.0,-3.1772847044807007,5.760647127640849
2023-12-15,1000,702,0.702,701,0.18931518584671117,0.1664206955847376,9.868649107779169e-17,1.0000000000000007,-3.1817240390499744,5.719453546798704
2023-12-18,1000,700,0.7,700,0.17033300815075136,0.15059775719784094,3.0451831532575724e-17,1.0000000000000004,-3.1781182442937785,5.726511870309025
2023-12-19,1000,701,0.701,701,0.1813156651416393,0.16320117982519192,-1.520419548702069e-17,0.9999999999999994,-3.199736562145098,5.73574229110344
2023-12-20,1000,700,0.7,700,0.15924902225206977,0.13047710180811448,-1.2688263138573217e-17,0.9999999999999989,-3.1331485457676833,5.621392516526955
2023-12-21,1000,700,0.7,700,0.16525908749911758,0.12694993838179844,2.4107699963289113e-17,0.9999999999999996,-3.1255235990844605,5.59966588752961
2023-12-22,1000,701,0.701,701,0.1508372028246245,0.11681728004124582,6.461783081983793e-17,0.9999999999999994,-3.0865101093956615,5.444833274898694
2023-12-25,1000,698,0.698,698,0.1402930006000315,0.11160176244203895,7.380279132178691e-17,0.9999999999999993,-3.0424855569093525,5.306031338134559
2023-12-26,1000,697,0.697,697,0.11831692592449096,0.11416200416849948,-6.244008976371038e-17,1.0,-3.072920107708147,5.2704492378622305
2023-12-27,1000,698,0.698,698,0.12574392733975864,0.13293470321848008,-3.817385758023461e-18,0.9999999999999997,-3.086417710246287,5.243200324892928
2023-12-28,1000,700,0.7,700,0.14851670397504582,0.14672287016525828,-2.5376526277146435e-18,0.9999999999999996,-3.153460787314084,5.428492247308623
2023-12-29,1000,700,0.7,700,0.17705118208497522,0.17058241226731366,1.1419436824715896e-17,1.0000000000000002,-3.219641695296681,5.504627626630728
2024-01-02,1000,701,0.701,701,0.15329779448081038,0.1343291036730112,2.1539276939945977e-17,0.9999999999999998,-3.1377434030988023,5.271199216533211
2024-01-03,1000,701,0.701,701,0.13786203868015867,0.12099071107128632,2.1539276939945977e-17,0.9999999999999996,-3.1434539926075757,5.292429242618948
2024-01-04,1000,700,0.7,699,0.13967149266339063,0.1140265170347441,6.026924990822278e-17,1.0000000000000004,-3.1582407017147682,5.291819902361559
2024-01-05,1000,699,0.699,698,0.13203222813312063,0.1080576680712282,1.1435773644207621e-17,1.000000000000001,-3.157202885256283,5.262443751057773
2024-01-08,1000,699,0.699,699,0.13586662073711092,0.11958427353605795,-2.541283032046138e-17,0.9999999999999994,-3.145551650887299,5.157021380523406
2024-01-09,1000,697,0.697,697,0.11111220418348697,0.10768232037797666,3.0582901108756104e-17,0.9999999999999989,-3.147727631772861,5.141079478772722
2024-01-10,1000,697,0.697,697,0.10380425783941698,0.11081381567112544,1.0385443501515094e-16,0.9999999999999992,-3.158037291980549,5.108537251067521
2024-01-11,1000,700,0.7,699,0.1034098475674543,0.11496810643151499,9.643079985315645e-17,1.0000000000000002,-3.1993518005093478,5.236644802064127
2024-01-12,1000,699,0.699,699,0.1190194148645084,0.11736860505359097,-1.6518339708299897e-17,1.0,-3.1538944035346597,5.149404445537093
2024-01-15,1000,697,0.697,697,0.12779617415986008,0.12789667547779474,4.714863920933233e-17,1.0000000000000002,-3.160505123194847,5.15687213830277
2024-01-16,1000,697,0.697,697,0.12395481793050041,0.13058275471690992,4.969721430172867e-17,0.9999999999999998,-3.1627852156123066,5.165356950085098
2024-01-17,1000,696,0.696,696,0.10386693229322716,0.10180470442324165,6.508203937457814e-17,0.9999999999999998,-3.1477626388290787,5.192720116306963
2024-01-18,1000,697,0.697,697,0.11711931321490102,0.1253229086348905,9.047441578007015e-17,1.0,-3.160891890850303,5.224439317543471
2024-01-19,1000,697,0.697,697,0.11703618394615527,0.13250139594975405,9.939442860345734e-17,0.9999999999999998,-3.1648044100571275,5.176172127690534
2024-01-22,1000,697,0.697,697,0.08376665002274956,0.1300083551437931,-2.421146337776525e-17,1.0000000000000007,-3.1612410945738256,5.159375120596343
2024-01-23,1000,697,0.697,697,0.11294291289419127,0.14742116409860295,-1.2742875461981711e-18,0.9999999999999996,-3.111912532465582,5.094029603164332
2024-01-24,1000,701,0.701,701,0.09444315353850127,0.12372978855358525,1.963875250406839e-17,0.9999999999999991,-3.1065163980237553,4.982621526340021
2024-01-25,1000,703,0.703,703,0.05915217826676615,0.07762416053127705,6.569740800057826e-17,1.0,-3.1157155482032226,4.944973265718817
2024-01-26,1000,702,0.702,702,0.04302557811962803,0.05624412982037224,-7.591268544445516e-18,0.9999999999999989,-3.1138960382639262,4.961845196006115
2024-01-29,1000,701,0.701,701,0.010707254888058746,0.008359556411111862,-1.900524435877586e-17,0.9999999999999999,-3.1909151231156807,5.174010392746154
2024-01-30,1000,701,0.701,701,0.019060781013184744,0.015035384781163705,7.095291227276321e-17,1.0,-3.162099387514267,5.166816566174033
2024-01-31,1000,699,0.699,699,0.011389617350900653,-0.002766176135777057,1.0165132128184552e-17,0.9999999999999998,-3.1283190396896132,5.160327152662641
2024-02-01,1000,699,0.699,698,0.008941437777792348,-0.004420819814774879,-6.480271731717652e-17,1.0000000000000002,-3.136856432753298,5.185788366055468
2024-02-02,1000,698,0.698,698,-0.022020975779370556,-0.04931425800182008,3.817385758023461e-18,1.0000000000000002,-3.0984838472405074,5.116605739267269
2024-02-05,1000,693,0.693,693,-0.04724287054600374,-0.08447222903087373,-3.844928223810066e-18,0.9999999999999988,-3.0069625039680017,4.86086900502803
2024-02-06,1000,697,0.697,697,-0.0466935431357741,-0.09409910152077734,5.097150184792684e-17,1.0000000000000004,-3.087738685563033,5.028171960396243
2024-02-07,1000,697,0.697,697,-0.004950821692977102,-0.059868960730995346,5.0971501847926845e-18,0.9999999999999992,-3.061456117693926,4.967627448241887
2024-02-08,1000,700,0.7,700,-0.03272011380260605,-0.0937994342303273,-2.791417890486108e-17,1.0000000000000002,-3.1000952313129093,5.033813175152982
2024-02-19,1000,700,0.7,700,-0.07532113252459269,-0.12857900742930994,-3.8064789415719655e-18,0.9999999999999998,-3.054756454300038,4.817349229339329
2024-02-20,1000,702,0.702,701,-0.07818121841894166,-0.12894249527907115,1.2652114240742525e-17,0.9999999999999991,-2.9280371793098174,4.548822521222163
2024-02-21,1000,702,0.702,701,-0.08572004162160672,-0.1350803348330521,6.452578262778688e-17,0.9999999999999998,-2.9721308160175357,4.706208463696701
2024-02-22,1000,702,0.702,701,-0.08602688729690466,-0.1306907332261682,-6.3260571203712625e-18,0.9999999999999991,-2.927374453134352,4.574826693569127
2024-02-23,1000,702,0.702,701,-0.08739443898386832,-0.1331312033099784,-3.7956342722227575e-17,0.9999999999999991,-3.018959847292465,4.75395172122397
2024-02-26,1000,702,0.702,701,-0.07894444889552725,-0.10700477591234975,4.175197699445033e-17,0.9999999999999992,-3.0580390895393554,4.926540675852189
2024-02-27,1000,702,0.702,702,-0.05812304768005609,-0.08043383952756995,-2.150859420926229e-17,1.0000000000000007,-3.1347182778171616,5.0510364577521125
2024-02-28,1000,702,0.702,702,-0.051873357080666115,-0.0765662144026434,2.2773805633336544e-17,0.9999999999999994,-3.0820115361662603,4.7811829451124765
2024-02-29,1000,702,0.702,702,-0.04977000925615951,-0.06547806617262786,6.579099405186112e-17,1.0000000000000002,-3.117111519844577,4.605102901544708
2024-03-01,1000,702,0.702,702,-0.04564342432896431,-0.059978706143989466,-3.795634272222758e-18,0.9999999999999998,-3.200568610135372,4.6787625714699335
2024-03-04,1000,702,0.702,702,-0.05544989099800017,-0.057012351939451575,-5.06084569629701e-17,1.0000000000000007,-3.17475898693493,4.75792489839438
2024-03-05,1000,702,0.702,702,-0.0540733060380857,-0.06176140926005261,1.2652114240742525e-18,0.9999999999999998,-3.194600586768077,4.90987174842082
2024-03-06,1000,702,0.702,702,-0.04246235989232851,-0.05335796504049424,-7.464747402038089e-17,0.9999999999999987,-3.211726754149787,4.922692237633576
2024-03-07,1000,701,0.701,701,-0.04778163177960874,-0.05381707048687406,2.7240850247578733e-17,0.9999999999999992,-3.185753585943865,4.871746577735886
2024-03-08,1000,701,0.701,701,-0.06555240268311084,-0.07246519841099228,3.927750500813678e-17,1.0000000000000004,-3.2627168548414263,4.945334549260459
2024-03-11,1000,702,0.702,702,-0.02022067974375506,-0.01810898568099468,0.0,1.0,-3.318169266856273,4.8554897263390435
2024-03-12,1000,702,0.702,702,-0.006752420685688654,0.00721692337686171,-5.06084569629701e-18,1.0000000000000002,-3.3088008660482426,4.839017297859919
2024-03-13,1000,702,0.702,702,0.008091783611417613,0.029265174800134453,3.416070845000482e-17,0.9999999999999998,-3.2992838112389284,4.838370555896851
2024-03-14,1000,702,0.702,702,0.010247928345955039,0.047747291609443424,-2.4671622769447922e-17,0.9999999999999982,-3.3609308259926878,4.911017789458249
2024-03-15,1000,704,0.704,704,0.05904876811169172,0.08780245094257728,-3.1540426835941946e-18,0.9999999999999991,-3.3934710974129634,4.91717352952348
2024-03-18,1000,705,0.705,705,0.06083528624611086,0.08389968444519552,-4.409396409858778e-18,1.0000000000000004,-3.4475763888537605,4.919890579033287
2024-03-19,1000,704,0.704,703,0.061519081312306934,0.0850604821765472,-1.829344756484633e-17,0.9999999999999997,-3.428605015105111,4.951473981036989
2024-03-20,1000,704,0.704,704,0.08828211152862243,0.1080118108770476,-1.1354553660939102e-17,1.0000000000000009,-3.4490309635501903,4.9561046072701584
2024-03-21,1000,704,0.704,704,0.09415891676052911,0.11738824894512091,-5.046468293750712e-18,1.0,-3.4772277400279252,5.077273007324639
2024-03-22,1000,703,0.703,703,0.07290717741416242,0.10189046159194086,5.0536467692752505e-18,0.9999999999999993,-3.4770026218170806,5.15186077961681
2024-03-25,1000,703,0.703,702,0.036836161312973896,0.09247246750062277,-2.400482215405744e-17,0.9999999999999999,-3.4653227258461814,5.260405430270411
2024-03-26,1000,704,0.704,704,0.026394115190267124,0.07244126692598413,-8.200510977344907e-18,0.9999999999999992,-3.454098878601421,5.128981481382389
2024-03-27,1000,699,0.699,699,-0.044417455826489725,-0.003339136606473079,4.764905685086509e-17,0.9999999999999991,-3.467075497512478,5.217584135311378
2024-03-28,1000,701,0.701,700,-0.03204265341130468,0.009000053352878562,-1.0769638469972989e-17,1.0000000000000007,-3.5206879117153607,5.284143908953048
2024-03-29,1000,701,0.701,701,-0.02009965769692457,0.02955531892826504,1.3303671051143102e-17,0.9999999999999999,-3.554799738678352,5.297708982849572
2024-04-01,1000,701,0.701,701,-0.021635617506824304,0.023117542638984006,-1.520419548702069e-17,1.0000000000000007,-3.559333182923338,5.142831817500689
2024-04-02,1000,702,0.702,702,-0.030688317381968533,0.017062075247633448,-1.2652114240742525e-17,1.0000000000000007,-3.529874531922634,5.123924235254622
2024-04-03,1000,704,0.704,704,-0.045676045786405745,-0.0016042913628910287,-2.1447490248440524e-17,0.9999999999999998,-3.4306835884318985,4.988915344057006
2024-04-08,1000,700,0.7,700,-0.041289697009732194,-0.008358280179430152,-9.516197353929913e-18,1.000000000000001,-3.3697638322734305,4.931342280043235
2024-04-09,1000,702,0.702,702,-0.027526110930375228,0.01981366003844501,-2.4671622769447922e-17,0.9999999999999999,-3.3679642828675713,4.855779511298505
2024-04-10,1000,702,0.702,702,-0.034940384821307645,0.0016096828709162784,3.9221554146301825e-17,0.9999999999999989,-3.3389016165113112,4.910291952276106
2024-04-11,1000,702,0.702,702,-0.039352104475187825,-9.811309798758196e-05,2.530422848148505e-18,1.0000000000000002,-3.371754253713718,5.037254768820892
2024-04-12,1000,699,0.699,699,-0.025297174615680422,0.005090255289179168,5.082566064092276e-18,0.9999999999999999,-3.3477639740946197,5.049263398512688
2024-04-15,1000,699,0.699,699,-0.020571123686121236,0.0181509056497027,-5.082566064092276e-17,1.0000000000000007,-3.29398844667167,4.971766760759823
2024-04-16,1000,696,0.696,695,-0.04571143622501481,-0.024773870879411783,-1.2761184191093753e-18,1.0000000000000007,-3.2367283322063813,5.022637477770359
2024-04-17,1000,699,0.699,699,-0.03458936321190637,-0.024033193059553468,-5.209630215694583e-17,0.9999999999999997,-3.253825060710951,5.065687340923955
2024-04-18,1000,700,0.7,700,-0.03305222936426257,-0.03454651667334466,3.0451831532575724e-17,0.9999999999999993,-3.2314204846074577,5.016213684086156
2024-04-19,1000,699,0.699,699,-0.03570022207243524,-0.04926304287102152,-1.0165132128184552e-17,1.0000000000000007,-3.2671794034982358,5.1458161372616695
2024-04-22,1000,695,0.695,695,-0.036385787493326986,-0.03102076169900276,2.9392954896550907e-17,1.0,-3.398367699069837,5.268081168763523
2024-04-23,1000,693,0.693,693,-0.0010647135994664885,0.012626701426365329,-1.1534784671430199e-17,1.0000000000000002,-3.4404715298509596,5.312228854014515
2024-04-24,1000,694,0.694,693,0.006110157682808346,0.025615591541735965,1.8557041910161117e-17,0.9999999999999999,-3.4951919360742156,5.340913894485773
2024-04-25,1000,693,0.693,693,0.01909299288420449,0.046498653049699135,-5.126570965080088e-18,1.0,-3.464097138640923,5.374595456274463
2024-04-26,1000,697,0.697,697,0.05835643611493264,0.08716237336657555,-2.803432601635976e-17,0.9999999999999998,-3.446813748899786,5.11624517118466
2024-04-29,1000,692,0.692,691,0.0388937250114932,0.07736546963328354,5.133979304625001e-18,1.0,-3.411623894663534,4.886306009644704
2024-04-30,1000,692,0.692,692,0.054657688337524366,0.08175433855136027,-5.647377235087501e-17,0.9999999999999998,-3.378655759648299,4.890648530890283
2024-05-06,1000,689,0.689,689,0.03868013133641673,0.05834716319778238,2.5781666754720616e-18,1.0000000000000007,-3.2094642671824136,4.848853760662607
2024-05-07,1000,688,0.688,688,0.03924967837789355,0.061509380900786385,5.163828021512356e-18,1.0000000000000004,-3.1979049069325134,4.818133322260734
2024-05-08,1000,687,0.687,687,0.030085898888599836,0.060327752218268964,2.0685378042506557e-17,1.0,-3.129985897471345,4.7241336286861095
2024-05-09,1000,689,0.689,689,0.027545839711088465,0.066186878796926,-2.0625333403776493e-17,0.9999999999999992,-3.150725891439703,4.7566900271194426
2024-05-10,1000,692,0.692,692,0.03317773126865968,0.06050788730661245,3.593785513237501e-17,0.9999999999999982,-3.1964005698391653,4.836985625352013
2024-05-13,1000,677,0.677,677,0.009514024021068898,0.059565973685748064,2.0990922769870022e-17,1.0000000000000009,-3.2124230108937146,4.84572398335504
2024-05-14,1000,680,0.68,680,0.012940655337695981,0.06107849794652133,1.8286026287943755e-17,1.000000000000001,-3.259903730906338,4.912008594615387
2024-05-15,1000,673,0.673,673,0.003467062169690456,0.05906117666399808,-3.4312985010703205e-17,1.0000000000000013,-3.1095887151461534,4.791890953374784
2024-05-16,1000,668,0.668,668,0.008601893667385436,0.05971228289885561,1.3296084127247384e-17,0.9999999999999994,-3.1028857370956944,5.262589324872524
2024-05-17,1000,668,0.668,667,0.008452364170539923,0.05151405523973731,-5.318433650898954e-18,1.0000000000000004,-3.112908074696596,5.351974223792021
2024-05-20,1000,659,0.659,659,-0.011784180105693029,0.04417391603327741,-2.4259805090443482e-17,0.9999999999999999,-3.1189441698527127,5.18376031094378
2024-05-21,1000,663,0.663,663,-0.015560862308317018,0.042886244709532166,1.071708500392308e-17,0.9999999999999993,-3.1087361737559767,5.744403204511536
2024-05-22,1000,663,0.663,663,-0.039412773478891966,0.0184792294063051,-1.071708500392308e-17,1.0000000000000009,-3.033160555137053,5.558715629108821
2024-05-23,1000,661,0.661,661,-0.03563847585939112,0.00966883713431789,1.0749511887444784e-17,0.9999999999999992,-3.0309155468044486,5.519861930867051
2024-05-24,1000,659,0.659,659,-0.051942073146598725,-0.0010696371186890165,4.3128542383010635e-17,1.0000000000000002,-3.397183409818291,5.7816000089143325
2024-05-27,1000,652,0.652,652,-0.04924156692791006,0.014790670219237663,-3.8142631520864275e-17,1.0,-3.393191661104909,5.888117342258765
2024-05-28,1000,656,0.656,656,-0.04355916141084117,0.02839951404847103,1.3539305178355567e-17,1.0,-3.3728868322524015,5.824109341662889
2024-05-29,1000,662,0.662,662,-0.03054136869172324,0.05346648822547256,2.1466547908160126e-17,1.0000000000000002,-3.485956997456547,5.7536393089319
2024-05-30,1000,660,0.66,660,-0.00704908619654604,0.05797091528509645,-4.306319610667274e-17,1.0,-3.4073295203116087,5.4778752915673
2024-05-31,1000,656,0.656,656,0.006892168354514487,0.07545704688651221,2.166288828536891e-17,1.0000000000000002,-3.3610275406547387,5.349125702013551
2024-06-03,1000,648,0.648,648,0.01877306561738659,0.08769357755552185,1.644774851296528e-17,0.9999999999999997,-3.37077018075586,5.40678591500492
2024-06-04,1000,650,0.65,650,0.010131778307172849,0.05973313728371137,2.1862853408003083e-17,1.0000000000000009,-3.4485432827533797,5.488782987895173
2024-06-05,1000,652,0.652,652,0.03171047445619342,0.08118148024724833,-2.7244736800617338e-17,0.9999999999999997,-3.4028135857847484,5.412178464215534
2024-06-06,1000,656,0.656,656,-0.018247551116392542,0.007072333399139271,-2.7078610356711135e-17,1.0000000000000009,-3.316196827177757,5.2677945620885325
2024-06-07,1000,657,0.657,657,-0.029561664577445707,0.017415932684538157,1.757430663029167e-17,0.9999999999999996,-3.2399374777144843,5.224156505298035
2024-06-11,1000,631,0.631,631,-0.016089945072347723,0.014745340628045993,-5.630291091601428e-18,1.0000000000000004,-2.8458812722200943,5.146121241834406
2024-06-12,1000,634,0.634,634,-0.013293579102342442,0.02457177453712331,1.1207298671294955e-17,0.9999999999999999,-2.7699533201407425,5.061390252238787
2024-06-13,1000,634,0.634,634,-0.004592571941541194,0.02439015460662536,-2.941915901214926e-17,0.9999999999999999,-2.7692457565743416,4.725980900647469
2024-06-14,1000,640,0.64,640,-0.021326896183007416,-0.0092163855551847,-2.7755575615628915e-18,0.9999999999999994,-2.7167971358936542,5.12040617527969
2024-06-17,1000,614,0.614,614,-0.016134063830022822,-0.0014098028538884737,1.5911991232412668e-17,0.9999999999999997,-2.823499034014925,5.119402419163423
2024-06-18,1000,622,0.622,622,-0.013381370606198153,0.006854212087499919,-2.8558791630229107e-18,1.0,-2.8177987707118772,5.243950830339423
2024-06-19,1000,632,0.632,632,0.0013896200224698728,0.025093317363461348,2.810691201582675e-17,1.0000000000000002,-2.995968107807392,5.079672391324986
2024-06-20,1000,631,0.631,631,-0.0025251335449912146,0.023259387314422314,2.815145545800714e-18,1.0000000000000002,-2.736464976319621,5.073097655584375
2024-06-21,1000,629,0.629,629,-0.039319913049166766,-0.006963503209668385,-1.4826507801035477e-17,1.000000000000001,-2.4859601202225345,5.192848530978067
2024-06-24,1000,637,0.637,637,-0.05899878437337654,-0.02664191464265821,6.971573153062207e-18,1.0000000000000002,-2.4619024942030667,5.104041225045104
2024-06-25,1000,642,0.642,642,-0.04686309785299962,-0.012831352343193,-6.605999928454981e-17,1.0000000000000002,-2.4807221882654975,5.087499009430218
2024-06-26,1000,647,0.647,647,-0.06390509243098202,-0.020817881600988644,8.236585035858966e-18,0.9999999999999999,-2.52990770458731,5.176321830799471
2024-06-27,1000,653,0.653,653,-0.055777586276214715,-0.014805741071034067,4.624512445605553e-17,0.9999999999999997,-2.4580693268268585,5.088781092149164
2024-06-28,1000,658,0.658,658,-0.03893987240014748,-0.02400473455065375,7.42398375129284e-18,1.0000000000000002,-2.5232323039200644,5.023816079877296
2024-07-01,1000,650,0.65,650,-0.06934840256371021,-0.03304944372194236,2.7328566760003855e-17,0.9999999999999999,-2.6366993963150906,4.550994163279039
2024-07-02,1000,652,0.652,651,-0.07937431846761807,-0.040483577816720545,1.6346842080370404e-17,0.9999999999999998,-2.6084473944394944,4.341786710344824
2024-07-03,1000,651,0.651,649,-0.07220758344385073,-0.042202418328053735,-1.7736281806607723e-17,0.9999999999999994,-2.6949407074988674,4.283168698144305
2024-07-04,1000,652,0.652,650,-0.07288532545972251,-0.05871165723119563,-1.3622368400308669e-17,1.0000000000000004,-2.650303122610814,4.19989203566032
2024-07-05,1000,659,0.659,657,-0.06668743499484307,-0.05657503924827298,2.6955338989381647e-17,0.9999999999999997,-2.7316295357893092,4.422051421837427
2024-07-08,1000,645,0.645,644,-0.055429112254485276,-0.046225140017476636,1.3770208057366282e-17,1.0000000000000007,-2.6490193039543075,4.387924717629499
2024-07-09,1000,653,0.653,652,-0.015987581840833535,0.0007919120456788349,-4.080452157887252e-17,1.0000000000000004,-2.61016714156197,4.484079802172182
2024-07-10,1000,654,0.654,653,0.008064419401506467,0.008800669962466189,-3.8025987387772944e-17,0.9999999999999994,-2.6971193860445384,4.413763616319911
2024-07-11,1000,664,0.664,663,0.001207581512381002,0.005218411317704247,-1.0433421195272556e-16,1.0,-2.7558095079728298,4.886365654593681
2024-07-12,1000,677,0.677,676,0.021359099621962436,0.029241282651696628,6.428470098272693e-17,0.9999999999999996,-2.6319825217095825,4.653677425044089
2024-07-15,1000,672,0.672,671,0.030230875428141443,0.046333580325302715,1.057355261547768e-17,1.0000000000000004,-2.6680166046675584,4.361443437456949
2024-07-16,1000,680,0.68,679,0.045904839288064776,0.061177915968288234,4.702121045471251e-17,0.9999999999999993,-2.608026376260675,4.3317900090624635
2024-07-17,1000,681,0.681,681,0.02519692440426666,0.03712071888936979,-5.216907017328195e-18,1.0000000000000004,-2.5609859844308285,4.242262767331265
2024-07-18,1000,682,0.682,682,-0.0037788429373818693,-0.005851767787996519,2.865091676452017e-17,0.9999999999999993,-2.792244094461706,4.298236564163418
2024-07-19,1000,685,0.685,685,0.008396822399762667,0.02079002451571101,-4.0194935782049466e-17,1.000000000000001,-2.7630932927137613,4.208715707206782
2024-07-22,1000,676,0.676,676,0.03516225468766543,0.060984564146637,4.4671695665390914e-17,1.0000000000000002,-2.8398985884053864,4.393092427438444
2024-07-23,1000,676,0.676,676,0.013848265221938999,0.042514239232707876,-9.197113813462836e-18,1.0000000000000009,-2.8259095131423955,4.367025642237563
2024-07-24,1000,678,0.678,677,-0.010418263217417928,0.011629023906249609,9.169983684219582e-18,1.0000000000000002,-2.811355414973883,4.399036099100483
2024-07-25,1000,680,0.68,679,-0.040521868551383414,-0.01478213179957384,3.918434204559376e-18,0.9999999999999998,-2.855065847140771,4.459278212596483
2024-07-26,1000,682,0.682,681,-0.05426277899989116,-0.023301826786113557,1.1720829585485524e-17,0.9999999999999994,-2.7722693556758835,4.335341596929477
2024-07-29,1000,678,0.678,677,-0.043231214751237194,-0.008086719539095696,3.01299463910072e-17,1.0000000000000004,-2.739308107746783,4.381972645700885
2024-07-30,1000,679,0.679,677,-0.003236406430077575,0.03752344101985418,2.7469435660828616e-17,0.9999999999999999,-2.7590482238215266,4.417098350676376
2024-07-31,1000,687,0.687,684,-0.016587743002508214,0.02630793625130995,6.205613412751966e-17,1.0,-2.7263032950733748,4.3317266534156715
2024-08-01,1000,687,0.687,686,0.00467680252193287,0.04233247714100486,-5.4299117361579706e-17,0.9999999999999988,-2.733657248849601,4.409352472245995
2024-08-02,1000,688,0.688,687,-0.0006340298586832282,0.041639992518552764,0.0,1.0000000000000002,-2.7611985795362632,4.393292216430491
2024-08-05,1000,690,0.69,688,-0.0015994392101337245,0.04464149219419305,-3.089316242435218e-17,0.9999999999999996,-2.7858464340812974,4.391477167654163
2024-08-06,1000,689,0.689,687,-0.01407780792241451,0.03359451756179419,5.156333350944123e-18,1.0000000000000007,-2.7817706026831055,4.317049676508528
2024-08-07,1000,692,0.692,691,-0.01692172313600621,0.023009785145708627,4.6205813741625014e-17,1.0000000000000004,-2.7706553243990704,4.314297559927605
2024-08-08,1000,693,0.693,690,-0.027793451793355937,0.017728392520499375,-1.281642741270022e-17,1.0,-2.8153687860822147,4.212337263325786
2024-08-09,1000,697,0.697,693,-0.02271930086408898,0.0068481574355442575,-4.969721430172867e-17,1.0000000000000007,-2.7841927702471367,4.2004787869171105
2024-08-12,1000,694,0.694,690,-0.08482289967504253,-0.07505085099720173,-1.3437857934944258e-17,1.0,-2.817813990307539,4.447386899963925
2024-08-13,1000,695,0.695,691,-0.09821649304522645,-0.0863955273725002,4.952073922788468e-17,1.0000000000000002,-2.8559126275487268,4.421247021001045
2024-08-14,1000,699,0.699,695,-0.09859968667502486,-0.0883537656597002,-2.2871547288415242e-17,0.9999999999999999,-2.844917347134913,4.477460296943069
2024-08-15,1000,701,0.701,697,-0.08007449739082961,-0.07175481260459712,5.1947667913987355e-17,1.0000000000000009,-2.815153287486801,4.512024840966499
2024-08-16,1000,706,0.706,702,-0.07366093641190964,-0.06132797111225699,-8.806301611757615e-18,1.0000000000000002,-2.7714668842343486,4.548736867424594
2024-08-19,1000,710,0.71,708,-0.06281908217549018,-0.051116103228165295,-2.5019110414088036e-18,0.9999999999999996,-2.7633985758284165,4.60168139125645
2024-08-20,1000,710,0.71,708,-0.03908982465288319,-0.02990290343935184,-4.878726530747167e-17,0.999999999999999,-2.8018836117165438,4.496650200678443
2024-08-21,1000,711,0.711,708,-0.024386119687710966,-0.008627056317586035,2.4983921791846e-18,0.9999999999999996,-2.805666830554733,4.292750059621211
2024-08-22,1000,713,0.713,711,-0.013143085007977996,-0.0014207203703484994,-8.096998216060047e-18,0.9999999999999996,-2.7869103688973125,4.3620141842837965
2024-08-23,1000,712,0.712,710,0.04189127240306549,0.036674436239380846,-1.1226974406321807e-17,1.0000000000000007,-2.788175992220487,4.4272417092591
2024-08-26,1000,715,0.715,713,0.06223158730324126,0.03504845060776424,0.0,0.9999999999999989,-2.842179421263148,4.4997738127987885
2024-08-27,1000,719,0.719,717,0.10315087455240825,0.0762231814651727,1.235296828511996e-18,0.9999999999999997,-2.8375776628134495,4.481108022351084
2024-08-28,1000,717,0.717,715,0.10434932878709971,0.06264223884302092,-9.90994052664017e-18,1.0,-2.8264944432226122,4.49808775434896
2024-08-29,1000,715,0.715,713,0.07273681106691955,0.038093221120002296,-3.7266227400005254e-18,1.0000000000000004,-2.8480153275886,4.397085070085637
2024-08-30,1000,717,0.717,715,0.03287374737213186,-0.006139851048390503,4.954970263320085e-18,1.0000000000000004,-2.846459647474296,4.3370721684251645
2024-09-02,1000,716,0.716,714,0.017390986195309318,-0.011890576314952897,-2.6049925717461774e-17,1.0000000000000007,-2.7517253398712884,4.341746989407678
2024-09-03,1000,713,0.713,713,0.05127969126321734,0.019715560875699534,5.2319065396080307e-17,1.0000000000000002,-2.778224890952639,4.286588027993255
2024-09-04,1000,712,0.712,712,0.034917207174739756,0.01598612356447131,1.1850695206673019e-17,1.0,-2.78451047629937,4.294177169602527
2024-09-05,1000,713,0.713,711,0.026049514177038036,0.003576415141199096,-1.2456920332400073e-17,0.9999999999999996,-2.8252325096766002,4.259942292849953
2024-09-06,1000,712,0.712,712,0.020492757515057733,-0.0010138597542435274,6.237208003512115e-19,1.0000000000000004,-2.8267494784873404,4.257249042874443
2024-09-09,1000,710,0.71,710,0.04964114999247848,0.04249797380090391,2.064076609162263e-17,1.0000000000000004,-2.8823895396779733,4.269107711178479
2024-09-10,1000,705,0.705,704,0.05987663030926199,0.056482374110993896,-2.897603355050054e-17,1.0,-2.8569992510137934,4.232673787790194
2024-09-11,1000,704,0.704,702,0.029763230753096736,0.04445648826869071,-2.523234146875356e-18,1.0000000000000002,-2.92891191971139,4.276203838719751
2024-09-12,1000,704,0.704,702,0.030866601008409128,0.04852312605180095,-5.424953415782015e-17,0.9999999999999998,-2.8778264570787373,4.195298373353058
2024-09-13,1000,705,0.705,703,0.02738173499507189,0.04195697159558032,-2.2676895822130856e-17,1.0000000000000002,-2.882749595295121,4.184209649811726
2024-09-18,1000,706,0.706,704,0.012628959893919765,0.02891127370772878,-1.6354560136121285e-17,1.0,-2.829428771167944,4.1619807083240214
2024-09-19,1000,707,0.707,705,-0.02165604229531131,0.004811292171098482,-6.155692017723641e-17,0.9999999999999988,-2.8531265220235884,4.229481559122967
2024-09-20,1000,707,0.707,705,-0.0006028645033439074,-0.013129208993454223,-2.7637800895902057e-17,0.9999999999999998,-2.8730416728706745,4.431877465383314
2024-09-23,1000,706,0.706,704,-0.012339977112413577,-0.03616698048992472,-6.290215436969726e-17,0.9999999999999997,-2.7948571783064553,4.460692372449204
2024-09-24,1000,713,0.713,710,-0.08609605189701156,-0.07993676359461553,4.422206718002026e-17,1.0000000000000002,-2.754360847494568,4.239576970645151
2024-09-25,1000,720,0.72,718,-0.10719287894034953,-0.10393622199027562,-2.4671622769447924e-18,1.0000000000000004,-2.75020426925879,4.318069189546228
2024-09-26,1000,727,0.727,726,-0.14546740239672937,-0.12853634096078906,-6.1085173294369e-17,1.0000000000000007,-2.856496020197578,4.485586295069645
2024-09-27,1000,735,0.735,734,-0.16943841718253494,-0.12308569291816736,4.833624052789797e-18,1.0,-2.9229585943481697,4.47847174189962
2024-09-30,1000,748,0.748,747,-0.15963123823066463,-0.13462625050481677,0.0,1.0,-2.9408559810338804,4.50016450970307
2024-10-08,1000,757,0.757,756,-0.13939621126732418,-0.1011704667192686,7.978353043541416e-17,0.9999999999999993,-3.0566732708151823,4.592235658002352
2024-10-09,1000,752,0.752,751,-0.14126517777990993,-0.10246437519427112,-1.5354148212901102e-17,0.9999999999999996,-3.057467010508904,4.649364634770358
2024-10-10,1000,751,0.751,750,-0.16108554176527368,-0.12037034818103036,1.655725416218609e-17,1.0000000000000002,-2.8814638166945734,4.516211098007091
2024-10-11,1000,750,0.75,749,-0.16505019561576495,-0.13608326350344677,1.1842378929335004e-17,1.0000000000000002,-2.9026681052151972,4.5490684480616554
2024-10-14,1000,753,0.753,752,-0.1514362570921623,-0.13752795527756637,7.784830770279983e-17,0.9999999999999996,-2.9006155576475545,4.492135695648465
2024-10-15,1000,752,0.752,751,-0.14503425617212445,-0.13325592920967738,4.724353296277262e-18,0.9999999999999994,-2.917549246803853,4.540037818892995
2024-10-16,1000,752,0.752,751,-0.12709893148186482,-0.11433260091267419,-1.6535236536970416e-17,1.0000000000000002,-2.929614727413712,4.54328566172785
2024-10-17,1000,753,0.753,751,-0.109693577338677,-0.11719666060286045,-4.71807925471514e-18,0.9999999999999998,-2.9190218802664685,4.537975703876215
2024-10-18,1000,753,0.753,751,-0.09219194461853103,-0.10258532031879934,4.364223310611505e-17,0.9999999999999997,-2.8990646930105606,4.511720775200619
2024-10-21,1000,752,0.752,751,-0.05984320793476825,-0.07694285905823653,-4.724353296277262e-18,1.0,-2.9074242800191676,4.549583936058371
2024-10-22,1000,753,0.753,753,-0.06739529366431384,-0.05882940312615879,4.2462713292436265e-17,1.0000000000000002,-2.9153341142508906,4.5609820657883136
2024-10-23,1000,753,0.753,753,-0.07683982184839475,-0.06987953674745742,-3.5385594410363554e-17,1.0000000000000004,-2.974322787837794,4.552944566190214
2024-10-24,1000,756,0.756,756,-0.07298167136223298,-0.059832596860491555,-2.819614030794048e-17,0.9999999999999994,-2.946807965947093,4.578127638925235
2024-10-25,1000,756,0.756,755,-0.06699495374324353,-0.04409862780000235,-5.639228061588096e-17,0.9999999999999996,-2.9654026998428726,4.570441311341973
2024-10-28,1000,757,0.757,756,-0.0574625456051512,-0.038415586810341094,3.050546751942306e-17,1.0000000000000002,-2.9631895740950616,4.551719822126717
2024-10-29,1000,757,0.757,755,-0.03703701926804575,-0.019593463651755412,-6.335750946341712e-17,0.9999999999999989,-2.990423074661606,4.655998376623618
2024-10-30,1000,757,0.757,755,-0.02246186954946366,0.002691905851009563,-7.039723273713013e-17,1.0000000000000002,-2.9861499265889835,4.635370802354547
2024-10-31,1000,758,0.758,757,-0.01712167664867772,0.008792571588979455,4.2182616239056077e-17,1.0,-3.0274850097664516,4.68054922491432
2024-11-01,1000,757,0.757,756,-0.03459222083503949,-0.019904473485594373,3.050546751942306e-17,1.0,-2.983053086139889,4.644185257462814
2024-11-04,1000,757,0.757,756,-0.03674977063469201,-0.03265018301903897,7.039723273713013e-18,1.0,-2.9720165721401752,4.618780453364455
2024-11-05,1000,760,0.76,758,-0.016723246518281585,0.0036781243210897542,-4.4408920985006264e-17,0.9999999999999998,-3.008852273916234,4.678960206364126
2024-11-06,1000,757,0.757,756,0.023421719057186954,0.06098585107614598,3.050546751942306e-17,1.0,-3.0522512276552907,4.7261646009843385
2024-11-07,1000,762,0.762,761,0.0002042836106432319,0.04048379127417953,3.9630008228089577e-17,0.9999999999999998,-3.0405190945542695,4.703174890488279
2024-11-08,1000,760,0.76,760,0.007242129744535077,0.04413086591471221,6.661338147750939e-17,0.9999999999999994,-2.9929661725560375,4.753623632498186
2024-11-11,1000,760,0.76,760,0.013875463847565953,0.05806747017952729,3.1553707015662343e-17,1.0000000000000002,-3.1052832458798885,4.695031088970906
2024-11-12,1000,760,0.76,760,0.007600414557339917,0.048642187206384795,-1.636118141552862e-17,0.9999999999999997,-3.1320425573249313,4.691480441218911
2024-11-13,1000,760,0.76,760,-0.014823910056224734,0.02651586120031072,4.5577576800401163e-17,0.9999999999999996,-3.0955763376826515,4.743173283764146
2024-11-14,1000,760,0.76,760,-0.030458738154326766,0.025096141265496315,-2.337311630789803e-18,0.9999999999999994,-3.080741786192867,4.79265964486238
2024-11-15,1000,760,0.76,760,-0.047636079083181126,0.024244061692532032,-9.466112104698703e-17,1.0000000000000002,-3.048137256792532,4.763470673759758
2024-11-18,1000,761,0.761,760,-0.06504819372550019,0.0037813477970197527,1.2838321441131902e-17,1.0000000000000002,-3.0161542933456893,4.768939151191648
2024-11-19,1000,760,0.76,759,-0.027693688719045047,0.03227517776562492,5.726413495435018e-17,1.0000000000000002,-3.0290202279713565,4.716189107104034
2024-11-20,1000,760,0.76,759,-0.00021769899141975987,0.06387622041019804,-2.4541772123292933e-17,1.0000000000000004,-3.0502873014586775,4.652878667329542
2024-11-21,1000,760,0.76,759,-0.010738503267929363,0.08214965563318548,3.505967446184705e-18,1.000000000000001,-3.0387210698026372,4.658987321706517
2024-11-22,1000,759,0.759,756,-0.016346040481330096,0.056466376339699476,5.3828995133340925e-17,1.0000000000000002,-3.0465442439520367,4.679659247012891
2024-11-25,1000,758,0.758,756,0.017330918064504736,0.07696180319517237,-3.51521801992134e-17,0.9999999999999998,-3.0338829946530153,4.641746623047825
2024-11-26,1000,758,0.758,756,0.023574508904126684,0.06742503977679323,2.34347867994756e-18,1.0,-3.046374564570474,4.679916956931341
2024-11-27,1000,758,0.758,755,0.07988530143314676,0.10652058326893825,-1.874782943958048e-17,0.9999999999999991,-3.0941468596154382,4.791813321801723
2024-11-28,1000,758,0.758,756,0.0780433562560743,0.10523142988550924,-3.51521801992134e-17,1.0,-3.1060817362078668,4.797413107509165
2024-11-29,1000,759,0.759,757,0.09001605584794804,0.1100515905559245,6.553095059711069e-17,1.0,-3.091936753601255,4.776226610088475
2024-12-02,1000,759,0.759,758,0.12688409868699882,0.1578282168933264,-1.1233877245218975e-16,1.0000000000000004,-3.1213982799457844,4.823123213803835
2024-12-03,1000,759,0.759,757,0.14738188075087352,0.16405583323785702,-3.51058663913093e-17,1.0000000000000004,-3.081546747366811,4.778830798187686
2024-12-04,1000,760,0.76,758,0.11876869748654621,0.14355787962542543,3.5059674461847047e-17,1.0000000000000004,-3.0147742161375377,4.688449591993389
2024-12-05,1000,760,0.76,758,0.17035025410158477,0.17299538516527535,3.9734297723426655e-17,1.0,-3.0090073791649985,4.704425955238187
2024-12-06,1000,761,0.761,760,0.1799892559508512,0.17580291006172388,-5.25204058955396e-17,1.0,-3.0356392475928797,4.757921677056335
2024-12-09,1000,761,0.761,760,0.15643826828601873,0.15531373128457357,-4.201632471643168e-17,0.9999999999999993,-3.0291197172634177,4.735213657195674
2024-12-10,1000,761,0.761,760,0.14531219723606906,0.14405468099025406,-1.167120131011991e-17,0.9999999999999998,-3.046180182078118,4.75024827347417
2024-12-11,1000,762,0.762,761,0.11979997663997875,0.1164262192663849,-3.729883127349607e-17,1.0000000000000004,-3.0122334983361414,4.736419905823596
2024-12-12,1000,764,0.764,763,0.12130125037649414,0.10985806227839802,1.5112983581284854e-17,1.0000000000000007,-3.0483958539651987,4.789063223608341
2024-12-13,1000,761,0.761,760,0.1284771608692981,0.12144374869220981,-1.5172561703155884e-17,1.0,-3.0529539912806722,4.816844682985113
2024-12-16,1000,761,0.761,759,0.08383739608479933,0.08402532287373471,-3.034512340631177e-17,0.9999999999999993,-3.0234761502517715,4.773288339233082
2024-12-17,1000,760,0.76,759,0.05594793247385631,0.08812887269258876,-1.1686558153949016e-18,0.9999999999999993,-3.0252731560036605,4.741660209550965
2024-12-18,1000,762,0.762,761,0.06496707012582213,0.08830932814309404,-9.324707818374018e-18,0.9999999999999996,-3.0410946552835507,4.767141920299241
2024-12-19,1000,762,0.762,761,0.06995095014512194,0.08730375841790222,2.3311769545935045e-17,0.9999999999999996,-3.0906557115624556,4.854289796396477
2024-12-20,1000,761,0.761,759,0.07257222624442113,0.083668770776709,-3.8514964323395705e-17,0.9999999999999996,-3.1107710021119517,4.887781911703896
2024-12-23,1000,760,0.76,759,0.039228076711066664,0.054243963914897504,9.232380941619723e-17,0.9999999999999993,-3.1219802805511976,4.889515709513814
2024-12-24,1000,760,0.76,760,0.024526094751157638,0.03547024322386304,1.5192525600133722e-17,1.0000000000000004,-3.1628041349972285,4.939406860966951
2024-12-25,1000,760,0.76,760,0.011688861227951357,0.00817504427932002,-5.960144658513998e-17,1.0000000000000009,-3.110531056832282,4.853895760346635
2024-12-26,1000,759,0.759,759,-0.003161744622218597,-0.009947633123358923,-3.627606193768627e-17,0.9999999999999999,-3.0871625651021684,4.598465579410081
2024-12-27,1000,761,0.761,761,0.01834400911699117,0.018483451887881867,-8.169840917083938e-17,0.9999999999999998,-3.0926305518606956,4.601988183851675
2024-12-30,1000,762,0.762,760,-0.05844060067914721,-0.04281041939502387,-4.4292362137276586e-17,1.0000000000000004,-3.061363018792052,4.549543680573863
2024-12-31,1000,761,0.761,758,-0.12643317681755398,-0.09594071941077495,5.835600655059956e-17,1.0000000000000002,-3.053948778091158,4.530265541859445
2025-01-02,1000,759,0.759,758,-0.13851120359326322,-0.11113707861775758,-2.5744302020293485e-17,0.9999999999999998,-3.056350977400011,4.588082012999033
2025-01-03,1000,757,0.757,756,-0.1792785651341777,-0.18376995467767707,2.111916982113904e-17,1.0000000000000007,-3.0496314075576922,4.58096668845178
2025-01-06,1000,757,0.757,756,-0.1691849778882209,-0.18315687324573057,-3.989176521770708e-17,0.9999999999999996,-3.048898217919599,4.5977893812782185
2025-01-07,1000,758,0.758,757,-0.16385847996903657,-0.18700510871251516,4.68695735989512e-17,0.9999999999999999,-3.0558454191115385,4.5457188868701355
2025-01-08,1000,758,0.758,757,-0.15991952935859885,-0.1760199878421101,-1.17173933997378e-17,0.9999999999999993,-3.065903736082265,4.701505956633243
2025-01-09,1000,759,0.759,757,-0.12483147918417462,-0.12845328329207933,2.1063519834785577e-17,1.0000000000000004,-3.0976187361372522,4.671397002010041
2025-01-10,1000,759,0.759,757,-0.14462620540488672,-0.15395754085635735,-1.8723128742031626e-17,1.0000000000000002,-3.0724871023226212,4.867913865834993
2025-01-13,1000,759,0.759,757,-0.13077618344725994,-0.13400305937053913,-2.5744302020293485e-17,1.0,-3.100209253168395,4.8922000262819045
2025-01-14,1000,760,0.76,758,-0.1317218715500326,-0.12423229385578877,-3.5059674461847047e-17,1.0,-3.103678537692622,4.644235647491032
2025-01-15,1000,760,0.76,757,-0.12952348327597352,-0.11781776771277021,5.843279076974508e-17,1.0000000000000004,-3.096806791066682,4.669670855657316
2025-01-16,1000,759,0.759,757,-0.13899813858391244,-0.12272861917723843,1.1701955463769766e-17,0.9999999999999989,-3.0421346517526557,4.706216195146862
2025-01-17,1000,760,0.76,757,-0.12051012812575182,-0.11644387747611262,-1.1686558153949016e-17,1.0000000000000002,-3.090184185657513,4.612654689707023
2025-01-20,1000,760,0.76,757,-0.11094377542889194,-0.08785419765507411,-1.1686558153949016e-17,0.9999999999999994,-3.126645815186694,4.686202892597642
2025-01-21,1000,759,0.759,756,-0.09264580070923326,-0.06459284951595379,1.6382737649277672e-17,0.9999999999999991,-3.213832273765994,4.909153434379559
2025-01-22,1000,755,0.755,753,-0.06291775974551711,-0.03330181095232249,-6.58781344413338e-17,0.9999999999999992,-3.2416978075309166,4.879148587994494
2025-01-23,1000,755,0.755,753,-0.07388977960658313,-0.04225076447459575,9.411162063047685e-17,1.0000000000000002,-3.2246885959780793,4.880849314419949
2025-01-24,1000,755,0.755,753,-0.05709969043337483,-0.01031863724549988,5.176139134676227e-17,1.000000000000001,-3.208826008689819,4.884036913242897
2025-01-27,1000,758,0.758,756,-0.07695734482132968,-0.0382833882645974,-4.68695735989512e-17,1.0000000000000002,-3.185753505281376,4.922535352578995
2025-02-05,1000,759,0.759,756,-0.05543260890518425,0.0007343216220252452,1.1701955463769766e-17,0.999999999999999,-3.2071441373213774,4.928878695127196
2025-02-06,1000,757,0.757,756,-0.03880421651078963,0.009525590740382743,-2.3465744245710047e-17,1.0000000000000002,-3.203607452447808,4.881530079207789
2025-02-07,1000,760,0.76,759,-0.014786221875324882,0.014516431243664238,-7.01193489236941e-18,0.9999999999999996,-3.191600361735204,4.873658973157363
2025-02-10,1000,759,0.759,759,0.04699815131965383,0.08301243118449429,3.51058663913093e-17,0.9999999999999996,-3.2147835034582615,4.914899954309439
2025-02-11,1000,759,0.759,759,0.03656441147431942,0.07048576608835093,-2.8084693113047436e-17,1.0000000000000007,-3.2196418651423335,4.937728053469091
2025-02-12,1000,760,0.76,760,0.0746821575157285,0.10926223000398258,-4.207160935421646e-17,1.0000000000000004,-3.240033538850456,4.951551670441584
2025-02-13,1000,760,0.76,760,0.0808723797628561,0.12620078108420393,-1.402386978473882e-17,0.9999999999999998,-3.2443141834912725,4.95310136870796
2025-02-14,1000,760,0.76,758,0.06025942808611342,0.10366330109042267,-2.103580467710823e-17,0.9999999999999992,-3.264855970879214,4.989850437690166
2025-02-17,1000,761,0.761,760,0.09562201001827646,0.12953568440581306,-1.6339681834167875e-17,0.9999999999999994,-3.2747824249126447,4.960012309476357
2025-02-18,1000,760,0.76,758,0.08741556038792837,0.10418306937830227,6.544472566211448e-17,0.9999999999999994,-3.278282289082723,4.950005779794166
2025-02-19,1000,760,0.76,758,0.11465095296686469,0.1344279436430871,-1.8698493046318426e-17,1.0000000000000002,-3.3142035801503416,5.016523460379909
2025-02-20,1000,761,0.761,759,0.12829170052328293,0.13248197555834393,-1.8673922096191858e-17,1.0000000000000004,-3.319332743504154,5.044926558159923
2025-02-21,1000,761,0.761,759,0.1497453543389464,0.1512181879938375,-4.6684805240479645e-18,0.9999999999999994,-3.333916179436774,5.049428374827095
2025-02-24,1000,761,0.761,758,0.14736995283558552,0.15443213939437572,8.870112995691132e-17,0.9999999999999996,-3.3529075311227823,5.079354182408643
2025-02-25,1000,759,0.759,757,0.18238608513890356,0.1754901903221523,4.2127039669571154e-17,0.9999999999999996,-3.314969850708265,5.009868579447117
2025-02-26,1000,760,0.76,759,0.15596279675013275,0.14389308291354977,-4.9083544246585867e-17,0.9999999999999996,-3.316761027181184,4.9586506530856616
2025-02-27,1000,760,0.76,758,0.1267858910997303,0.11793942335635113,-3.5059674461847047e-17,1.0000000000000004,-3.3603457073793326,5.017130203869553
2025-02-28,1000,759,0.759,758,0.11794766127349507,0.12970596575872595,-4.446743076232511e-17,1.0000000000000002,-3.369243552585176,5.044213521704379
2025-03-03,1000,759,0.759,758,0.09251768487472452,0.12863714301732648,-1.4042346556523718e-17,0.9999999999999998,-3.3506977576542587,5.05652121541738
2025-03-04,1000,759,0.759,758,0.11604426714851515,0.12887301347489058,-6.553095059711069e-17,0.9999999999999997,-3.376838665163444,5.07919708461307
2025-03-05,1000,760,0.76,758,0.13844184348829822,0.1362654001838637,-2.5710427938687835e-17,1.0000000000000002,-3.3801536588234904,5.115461764952634
2025-03-06,1000,760,0.76,758,0.15642175680272258,0.1272285802952391,-3.272236283105724e-17,0.9999999999999991,-3.385003131815063,5.103814191598203
2025-03-07,1000,759,0.759,757,0.1597924753260964,0.14279789036877277,-7.02117327826186e-17,1.0,-3.382574987930908,5.148379542225178
2025-03-10,1000,761,0.761,760,0.13234772198917225,0.1203037655629764,-4.435056497845566e-17,1.0000000000000009,-3.3757208235093397,5.144753386068928
2025-03-11,1000,760,0.76,759,0.14458211819371342,0.11481781468629912,-1.402386978473882e-17,1.0,-3.397289475856642,5.185516863670212
2025-03-12,1000,760,0.76,759,0.13148843825559367,0.09281772522822729,5.609547913895528e-17,1.000000000000001,-3.413158842515903,5.19388336387062
2025-03-13,1000,760,0.76,759,0.1074219471919648,0.062038514565888235,-2.804773956947764e-17,1.0,-3.3111736175721482,5.033437298023078
2025-03-14,1000,760,0.76,758,0.09765079809367437,0.05737975217512506,7.24566605544839e-17,1.0000000000000004,-3.3658387805793724,5.128225600335711
2025-03-17,1000,760,0.76,759,0.10523442680100217,0.06615627102019393,3.9734297723426655e-17,0.9999999999999999,-3.3577472172097247,5.089044669333251
2025-03-18,1000,760,0.76,758,0.09488948969474324,0.06476174936101718,2.337311630789803e-18,0.9999999999999993,-3.380302215549571,5.1352051779573555
2025-03-19,1000,759,0.759,758,0.09468413367400186,0.0636378064925154,7.48925149681265e-17,1.0000000000000004,-3.3710495219627408,5.1048391334297
2025-03-20,1000,759,0.759,757,0.10500132666113962,0.07643365110315235,3.51058663913093e-17,0.9999999999999998,-3.3668400691299882,5.101650090443571
2025-03-21,1000,759,0.759,756,0.06432482482715007,0.03869957025156544,-2.3403910927539533e-18,0.9999999999999998,-3.335072469644236,5.056028322664173
2025-03-24,1000,758,0.758,755,0.04695954406763976,0.035829486016395205,3.51521801992134e-17,0.9999999999999998,-3.329304444769168,5.047486126704125
2025-03-25,1000,759,0.759,756,0.008920457945604135,-0.009188566726272468,-3.9786648576817207e-17,0.9999999999999991,-3.233676275622893,4.930847642343296
2025-03-26,1000,759,0.759,757,0.0167600980086544,0.015089612329196768,2.340391092753953e-17,1.0,-3.233800540585236,4.911661614625511
2025-03-27,1000,759,0.759,758,0.023457411022850636,0.010887554484768107,-8.659447043189627e-17,1.0000000000000016,-3.2701490221015783,4.956363141248001
2025-03-28,1000,758,0.758,757,0.007987562233583274,0.0067487136902245545,7.264783907837436e-17,1.0,-3.2823333372006047,4.935905363857977
2025-03-31,1000,757,0.757,757,0.006216746251244082,-0.0002572768309004841,0.0,1.0000000000000004,-3.263494609708781,4.915704962710806
2025-04-01,1000,757,0.757,756,-0.016147913416249157,-0.04210953356151075,-4.693148849142009e-18,1.0000000000000009,-3.2844553315743164,5.1055275356367655
2025-04-02,1000,758,0.758,757,-0.06359316363421572,-0.07694284031781748,-2.812174415937072e-17,1.0,-3.2875162337211425,5.106830630022769
2025-04-03,1000,759,0.759,758,-0.08658746159375054,-0.07166487832780584,-9.595603480291209e-17,0.9999999999999996,-3.27519992298747,5.0132072359585536
2025-04-07,1000,756,0.756,755,-0.1141238153076136,-0.121645266684418,-1.1748391794975201e-17,0.9999999999999991,-3.2842075155051886,4.96936255495048
2025-04-08,1000,755,0.755,754,-0.09010460428590743,-0.10109844390140839,0.0,1.0000000000000004,-3.2303710888834565,4.881912075221888
2025-04-09,1000,756,0.756,754,-0.07798803909188803,-0.07781078425963836,4.9343245538895844e-17,1.0000000000000004,-3.2081287658136546,4.611537652492213
2025-04-10,1000,756,0.756,754,-0.06753434770836055,-0.04520956157136038,3.289549702593056e-17,0.9999999999999989,-3.2484876462188383,4.431963066646342
2025-04-11,1000,756,0.756,754,-0.058211498207085426,-0.016094323830078746,-1.879742687196032e-17,1.0000000000000004,-3.269353486317812,4.288817586708574
2025-04-14,1000,757,0.757,755,-0.043884568991404076,0.008422609301600728,-3.050546751942306e-17,0.9999999999999996,-3.223844183307786,4.308672795030534
2025-04-15,1000,757,0.757,756,-0.07357444529292347,-0.03652163372734574,-1.6426020971997033e-17,1.0000000000000004,-3.232293292334007,4.322015242925274
2025-04-16,1000,757,0.757,756,-0.06759562453856952,-0.04315021656836132,4.223833964227808e-17,0.9999999999999999,-3.2023458288616062,4.422827400414449
2025-04-17,1000,758,0.758,757,-0.07107365839410694,-0.04035857454199702,3.983913755910852e-17,1.0,-3.2039102308713576,4.461078712017761
2025-04-18,1000,758,0.758,756,-0.09043050809815147,-0.051137495883320915,1.874782943958048e-17,0.9999999999999998,-3.212050307475495,4.42742717483828
2025-04-21,1000,753,0.753,751,-0.06171915981523407,0.002800167371177734,3.066751515564841e-17,1.0,-3.251715455009657,4.379834335616009
2025-04-22,1000,753,0.753,752,-0.0649395529087624,-0.008109359602040024,6.36940699386544e-17,0.9999999999999997,-3.271428275023637,4.380558372580848
2025-04-23,1000,752,0.752,751,-0.09166024913551228,-0.01261587574675898,4.960570961091125e-17,1.0000000000000004,-3.2684052906412377,4.376799012445782
2025-04-24,1000,753,0.753,752,-0.11659583523711883,-0.04801246283183901,-2.1231356646218133e-17,0.9999999999999994,-3.2562134618582492,4.545181325858311
2025-04-25,1000,754,0.754,753,-0.09587698180996855,-0.03438613111168019,-2.355910927586539e-18,0.9999999999999992,-3.240110305437903,4.703868638427807
2025-04-28,1000,753,0.753,752,-0.10269078442372118,-0.04939906759881907,3.066751515564841e-17,1.0,-3.254472848916865,4.996296488238172
2025-04-29,1000,752,0.752,751,-0.07870858177661233,-0.028181944609074278,-4.724353296277262e-17,0.9999999999999998,-3.2787633180180533,5.053573526116715
2025-04-30,1000,753,0.753,751,-0.05910625385305339,-0.00044461289125663614,-3.774463403772112e-17,1.0000000000000004,-3.300575291474805,5.126171006985946
2025-05-06,1000,750,0.75,748,-0.034406007444743654,0.034925216802746545,-4.263256414560601e-17,1.0000000000000002,-3.464557045398055,5.034962081364518
2025-05-07,1000,752,0.752,749,-0.0538265112911236,0.0268795491719801,-1.0393577251809976e-16,0.9999999999999996,-3.4722382741169167,5.061495762290437
2025-05-08,1000,753,0.753,750,-0.056525777242472826,0.00893824529096107,-1.6513277391502993e-17,0.9999999999999992,-3.4760975420865305,5.064455573898151
2025-05-09,1000,747,0.747,746,-0.08038555230226457,-0.023608464913457534,-3.6858809920620996e-17,1.0,-3.5052181845578456,5.133718943538164
2025-05-12,1000,747,0.747,746,-0.05925182463365485,-0.008109139452381411,0.0,0.9999999999999998,-3.5271317612198185,5.206268177803417
2025-05-13,1000,745,0.745,745,-0.06568465861548552,-0.012510339307783573,-2.3843715965104033e-17,1.0000000000000007,-3.509558844837442,5.1613622287057765
2025-05-14,1000,743,0.743,743,-0.06073463407231369,0.0012159840664500796,1.0758554209019014e-17,1.0000000000000002,-3.4877338809234297,5.117397736767838
2025-05-15,1000,741,0.741,741,-0.05628504202645863,0.008878510099577318,1.4383456189475712e-17,0.9999999999999996,-3.4974569776133766,5.126907541218543
2025-05-16,1000,741,0.741,741,-0.038793315680602646,0.03663770571688608,4.794485396491904e-18,1.0000000000000002,-3.5519972339462815,5.240075758852106
2025-05-19,1000,739,0.739,739,-0.008831838201099656,0.07139858022686506,0.0,1.0000000000000009,-3.5561284641106923,5.228314939210289
2025-05-20,1000,737,0.737,737,-0.0004791750256561395,0.06988064500493174,1.084614081044929e-17,1.0,-3.5775040644195326,5.261116907428178
2025-05-21,1000,736,0.736,736,0.01738598352723421,0.07855716471475577,-2.051499067242137e-17,1.0000000000000002,-3.537431130207022,5.241787143075776
2025-05-22,1000,738,0.738,738,0.04184493092633603,0.10002445325611631,1.6848913110842483e-17,1.0,-3.581866331311333,4.753321179898478
2025-05-23,1000,734,0.734,733,-0.00514296970796094,0.04717410634645862,-3.3881465601639656e-17,1.0000000000000007,-3.3536536789714884,4.718007334553325
2025-05-26,1000,724,0.724,724,-0.0017544400593392166,0.07908078436915408,6.133828865332357e-17,1.0,-3.159069112556675,4.750148698463397
2025-05-27,1000,726,0.726,726,0.018646416927021934,0.09293892654738684,1.7127407542426658e-17,1.0000000000000002,-3.1668043391811453,4.750775122731616
2025-05-28,1000,725,0.725,725,0.007196434578356476,0.0732028482876254,3.920235783504001e-17,0.9999999999999996,-3.1597016419791117,4.745735624279269
2025-05-29,1000,723,0.723,723,-2.779512242547682e-05,0.08656819618096236,-1.842693816805239e-17,0.999999999999999,-3.163572155676121,4.758577188482349
2025-05-30,1000,721,0.721,721,-0.03316840543993803,0.026609542933239187,1.9709923322055484e-17,0.9999999999999994,-3.1570240429659218,4.76692991183887
2025-06-03,1000,711,0.711,711,-0.027594901250990875,0.03456413377380499,6.74565888379842e-17,1.0,-3.1943261289812854,4.751731035172403
2025-06-04,1000,709,0.709,708,0.005055138030113226,0.07776859372583304,2.6307118213967037e-17,0.9999999999999994,-3.2568411664384644,4.733029056844291
2025-06-05,1000,706,0.706,705,0.011367141065928895,0.11170683672149975,4.9063680408363856e-17,1.0000000000000002,-3.285709005034149,4.750789967180015
2025-06-06,1000,703,0.703,703,0.044902152028350566,0.12663488127989056,2.6531645538695063e-17,1.0000000000000002,-3.334299738016167,4.795047468651207
2025-06-09,1000,699,0.699,699,0.061458049807580545,0.1424907071566289,-1.4612377434265295e-17,0.9999999999999998,-3.3574602467003394,4.765732788892587
2025-06-10,1000,700,0.7,700,0.05262317065163256,0.11505725302823501,-3.8064789415719653e-17,0.9999999999999997,-3.372631009170303,4.789742140480321
2025-06-11,1000,702,0.702,702,0.0534316913500127,0.12181560708841388,7.211705117223239e-17,0.9999999999999998,-3.3382362042531004,4.70297070453738
2025-06-12,1000,703,0.703,703,0.05827864089553492,0.11157408060619878,-3.0321880615651505e-17,1.0000000000000002,-3.3500197659841824,4.720066959341196
2025-06-13,1000,698,0.698,698,0.026477974025188783,0.05783221015693794,1.017969535472923e-16,1.0000000000000004,-3.377935951191154,4.744198372234996
2025-06-16,1000,686,0.686,686,0.06985542915044522,0.12095122303419337,-1.0357765827406708e-17,0.9999999999999992,-3.464220258752435,4.855704157989875
2025-06-17,1000,689,0.689,689,0.0215295027291065,0.07753595132025531,5.800875019812139e-17,0.9999999999999998,-4.1335214844322214,4.871180369903108
2025-06-18,1000,692,0.692,692,0.028375135202516548,0.050934895799172264,6.674173096012502e-17,1.0,-3.9621114971264393,4.8727374990281795
2025-06-19,1000,692,0.692,692,-0.015207771667039691,-0.002852421438930336,4.107183443700001e-17,0.9999999999999998,-3.7876872827665307,4.540146516136907
2025-06-20,1000,697,0.697,697,-0.05425839570342566,-0.057895982016806756,-3.8228626385945135e-17,1.0000000000000002,-3.7220087408787115,4.386036521835031
2025-06-23,1000,696,0.696,696,-0.013283201762930736,0.00763110319481974,-5.16827959739297e-17,0.9999999999999997,-3.8847338492271954,4.426267258451691
2025-06-24,1000,694,0.694,694,0.02146759904275475,0.053782043634727356,-5.823071771809178e-17,1.0000000000000004,-3.892799876693133,4.40298638764852
2025-06-25,1000,700,0.7,700,0.00979978435964828,0.04676253940044554,-1.2688263138573217e-17,1.0,-3.776259633195376,4.244673807690755
2025-06-26,1000,701,0.701,701,-0.02567642907213267,-0.0038121017055009654,-5.1314159768694826e-17,1.0000000000000002,-3.8969286477274245,4.392830003013472
2025-06-27,1000,707,0.707,707,-0.04342318813357662,0.007811625153947438,2.8894064572988515e-17,0.9999999999999999,-3.8638281216522916,4.254596734048984
2025-06-30,1000,708,0.708,708,-0.05000299849216397,-0.004593363304913512,3.888916809421452e-17,1.0,-3.8532876010105377,4.023362264816643
2025-07-01,1000,711,0.711,711,-0.06466046277941027,-0.037570789687369995,-2.37347257022537e-17,1.0,-3.8611626999322195,4.04023118491741
2025-07-02,1000,709,0.709,709,-0.07181817028437112,-0.056237338440604384,9.645943345121247e-17,1.0000000000000004,-3.8346970718526716,4.0919371824933
2025-07-03,1000,708,0.708,708,-0.10378415233207518,-0.08986291199124002,-5.017957173447035e-18,1.0000000000000004,-3.8579218461634075,4.096470330120501
2025-07-04,1000,707,0.707,705,-0.10489336260482429,-0.08911674153141377,3.1406591927161428e-18,0.9999999999999998,-3.846657329786934,4.157619000378186
2025-07-07,1000,704,0.704,702,-0.12691266162354142,-0.11203013634719929,5.488034269453899e-17,0.9999999999999994,-3.9019894933641934,4.190447116977902
2025-07-08,1000,707,0.707,705,-0.11786254563296898,-0.11608809058725225,1.3818900447951029e-17,1.0000000000000002,-3.900048308780094,4.274106646386139
2025-07-09,1000,710,0.71,708,-0.10888889752288927,-0.1274536676056987,-3.752866562113205e-17,0.999999999999999,-3.880473789987396,4.278759354569138
2025-07-10,1000,708,0.708,706,-0.10333510712682002,-0.1208509933929265,2.6344275160596936e-17,1.0000000000000007,-3.6362550678916707,4.357410299988962
2025-07-11,1000,710,0.71,709,-0.07971945955498586,-0.06245077230805736,-3.2524843538314445e-17,1.0000000000000002,-3.480847797628659,4.311789574228967
2025-07-14,1000,709,0.709,708,-0.11200265930382443,-0.09891407692159565,1.5032638979409737e-17,0.9999999999999998,-3.4999256334695357,4.169216652736088
2025-07-15,1000,708,0.708,705,-0.09966337412689015,-0.096159477215171,-8.279629336187608e-17,1.0000000000000004,-3.3571427756163663,4.115754097119604
2025-07-16,1000,712,0.712,709,-0.09618513186020787,-0.08991039438666834,-2.494883201404846e-17,1.0000000000000002,-3.35272782276933,4.134615685398121
2025-07-17,1000,716,0.716,712,-0.06485528276019005,-0.04538714593917364,1.1164253878912189e-17,1.0,-3.3789054530575284,4.1978309491088215
2025-07-18,1000,721,0.721,719,-0.08778188404266642,-0.07962792374672495,-7.6375952872965e-17,1.0000000000000004,-3.405234686474063,4.2114427479132805
2025-07-21,1000,720,0.72,719,-0.11753172286092418,-0.1132943653726183,4.3175339846533866e-17,0.9999999999999999,-3.374838381310074,4.150550039232288
2025-07-22,1000,720,0.72,719,-0.12712995044297254,-0.14498207381364026,2.4671622769447922e-17,0.9999999999999996,-3.1888183109921044,4.061025253861972
2025-07-23,1000,725,0.725,724,-0.1434638092370401,-0.16155267852682334,-4.042743151738501e-17,0.9999999999999999,-3.1686374219000513,4.056605336312567
2025-07-24,1000,725,0.725,724,-0.09822677897560476,-0.10643770174265209,1.4700884188140004e-17,1.0,-3.1396078775280696,4.030445560646631
2025-07-25,1000,730,0.73,729,-0.12264077395564595,-0.10852184336521996,2.1900289800825005e-17,1.000000000000001,-3.080331842707752,4.087923574756121
2025-07-28,1000,727,0.727,726,-0.10388596596074907,-0.08393464821523207,-6.1085173294369e-17,0.9999999999999998,-3.1653746421423095,4.100733612927891
2025-07-29,1000,727,0.727,726,-0.0759971037432502,-0.06680386074875147,-9.895798073687777e-17,0.9999999999999996,-3.1243629978559126,4.166316229296351
2025-07-30,1000,727,0.727,726,-0.09939450970527171,-0.08946931736851543,6.230687676025638e-17,0.9999999999999994,-3.1503982445286027,4.20219745856043
2025-07-31,1000,726,0.726,725,-0.10809848611826427,-0.08746680083783932,7.340317518182853e-18,0.9999999999999997,-3.184201005416032,4.191256878415892
2025-08-01,1000,724,0.724,721,-0.11735156390634835,-0.08769118015074522,-3.4349441645861195e-17,1.0000000000000009,-3.1895153818326896,4.206499464723675
2025-08-04,1000,722,0.722,721,-0.12563901390355553,-0.10813353411099873,-3.075410040512899e-17,1.0000000000000007,-3.185708191813507,4.079985633193746
2025-08-05,1000,722,0.722,721,-0.11531921178325226,-0.0956188208799382,-1.1071476145846437e-17,0.9999999999999993,-3.159017408021282,4.154398292350999
2025-08-06,1000,723,0.723,722,-0.0918509665190435,-0.06708016174860985,-1.277601046318299e-16,0.9999999999999999,-3.0648864688086928,4.134091543298139
2025-08-07,1000,723,0.723,722,-0.06838311319972656,-0.04434026898841319,2.456925089073652e-17,1.0000000000000007,-3.0522137363820927,4.098093464447051
2025-08-08,1000,727,0.727,726,-0.08791926567841579,-0.06819674932958793,-6.1085173294368995e-18,1.0,-3.088174648717801,4.099876320255103
2025-08-11,1000,725,0.725,724,-0.08284047060681926,-0.06837032698668118,-7.595456830539002e-17,0.9999999999999997,-3.10858862771419,4.129340841586651
2025-08-12,1000,726,0.726,724,-0.06997823848918662,-0.061306425972514234,3.6701587590914267e-17,1.0000000000000004,-3.0665381311189517,4.074564739344505
2025-08-13,1000,723,0.723,723,-0.07207794121320486,-0.05581523743932379,-2.3340788346199695e-17,1.0000000000000007,-3.128432743536384,4.046870211075613
2025-08-14,1000,723,0.723,723,-0.08425690994296714,-0.07316362532443031,-3.1940026157957475e-17,1.0000000000000004,-3.160537670423522,4.069765834691544
2025-08-15,1000,725,0.725,724,-0.07268239323185546,-0.06816288532978365,2.6951621011590007e-17,0.9999999999999999,-3.143092274595019,4.074364818114225
2025-08-18,1000,728,0.728,727,-0.0660132729509239,-0.06850620984388103,-6.1001265089294314e-18,0.9999999999999998,-3.148255566785565,4.070468981922325
2025-08-19,1000,727,0.727,726,-0.08846747223286221,-0.09053192894877787,6.230687676025638e-17,1.0000000000000002,-3.1604001328970086,4.103705131349004
2025-08-20,1000,728,0.728,727,-0.08143072327132003,-0.0662913432876001,-4.5140936166077793e-17,1.0,-3.1917621840394474,4.151879808645968
2025-08-21,1000,729,0.729,728,-0.10844773241777815,-0.10063592103479808,-2.436703483402264e-17,1.0,-3.168227101625538,4.196931850692318
2025-08-22,1000,729,0.729,727,-0.05872007149727261,-0.035904123347464775,6.396346643930943e-17,1.0000000000000007,-3.0307603618734484,4.1523469926469225
2025-08-25,1000,730,0.73,729,-0.08027901911656704,-0.04114233679473142,-3.771716576808751e-17,0.9999999999999996,-3.0299329641689474,4.096129680800293
2025-08-26,1000,727,0.727,726,-0.06868084587793159,-0.017683639158728694,-1.099533119298642e-17,1.0000000000000009,-3.0813333785929364,4.137379748066388
2025-08-27,1000,727,0.727,725,-0.07012203454840137,-0.03981092186827095,1.2217034658873799e-17,1.0,-3.099318545099931,4.141357008653457
2025-08-28,1000,728,0.728,726,-0.05705729621075849,-0.024713280987944192,2.1960455432145953e-17,1.0000000000000004,-3.1517068331777143,4.160983173897902
2025-08-29,1000,729,0.729,727,-0.045031561551595586,-0.019633440354249992,-3.898725573443622e-17,1.0,-3.1571814642172895,4.174743059802778
2025-09-01,1000,729,0.729,727,-0.05349164683119563,-0.012430643798519984,-4.751571792634415e-17,1.0000000000000004,-3.136980193905234,4.236539281109723
2025-09-02,1000,729,0.729,727,-0.07937903012201565,-0.06242020364453494,-7.188275276036679e-17,0.9999999999999993,-3.1399535313715474,4.197203992372616
2025-09-03,1000,729,0.729,727,-0.10174201960774991,-0.10187103381004863,2.1930331350620375e-17,0.9999999999999999,-3.1561223655394586,4.21743967244491
2025-09-04,1000,729,0.729,727,-0.07033510742073239,-0.05655025630475339,-1.5838572642114716e-17,1.0000000000000007,-3.126978968060992,4.21031771994525
2025-09-05,1000,729,0.729,727,-0.07267091259067421,-0.05810936014489886,4.264231095953962e-17,1.0000000000000004,-3.1362686775278594,4.219154439450108
2025-09-08,1000,730,0.73,728,-0.030167182000720726,-0.002040444959448198,7.300096600275002e-17,0.9999999999999999,-3.1233580711924205,4.222844149279968
2025-09-09,1000,730,0.73,728,-0.05669232723341797,-0.035784840846981573,-3.893384853480001e-17,0.9999999999999998,-3.0954193319220207,4.835049940855043
2025-09-10,1000,730,0.73,730,-0.038684345678642616,-0.00841166373444993,8.516779366987503e-18,1.0000000000000013,-3.1053504898744295,4.802057454016687
2025-09-11,1000,730,0.73,730,-0.01474183624806293,0.04160186057006796,3.163375193452501e-17,0.9999999999999992,-3.10135844974177,4.828217961766977
2025-09-12,1000,730,0.73,729,-0.00745682569134401,0.05521361850052326,-4.380057960165001e-17,1.0000000000000002,-3.0742762167036894,4.835505024941253
2025-09-15,1000,730,0.73,730,0.010183596307135057,0.07004495994646806,-2.3116972567537507e-17,1.0,-3.0260705673573023,4.820640411653904
2025-09-16,1000,732,0.732,732,0.05660556351502533,0.11505070134527466,-2.5480528434019987e-17,1.0000000000000002,-2.990536149231526,4.81731333205631
2025-09-17,1000,732,0.732,732,0.07849967440704457,0.13229284100837077,5.338777386175616e-17,1.0000000000000009,-2.9367631015745363,4.795872553205071
2025-09-18,1000,732,0.732,732,0.06136062404973487,0.10894200517803124,-1.8807056701300465e-17,0.9999999999999999,-3.0049754128795914,4.7756379595081
2025-09-19,1000,731,0.731,730,0.05904681483768304,0.08959294308579344,-1.822527537004361e-17,1.0000000000000004,-2.931419079215222,4.729329507919753
2025-09-22,1000,729,0.729,729,0.06790385551101716,0.10076054031914752,-3.776890399273509e-17,0.9999999999999997,-2.924764007387481,4.803568697370475
2025-09-23,1000,729,0.729,729,0.01822534142846623,0.054048570372728824,-7.797451146887244e-17,1.0000000000000002,-2.870342972567506,4.765514522746384
2025-09-24,1000,730,0.73,729,0.03960935086683238,0.08500614039417308,1.2166827667125003e-18,1.0000000000000007,-2.8869134077448724,4.783207759775396
2025-09-25,1000,729,0.729,729,0.05445462657753943,0.10214669642271261,-3.04587935425283e-18,1.0000000000000007,-2.881527978345254,4.796499710310401
2025-09-26,1000,730,0.73,729,0.02857800909971494,0.07634611174810352,-1.5208534583906253e-17,1.0000000000000002,-2.87857205486838,4.730765258921656
2025-09-29,1000,729,0.729,729,0.09592793729036282,0.1264607045180692,1.2792693287861886e-17,0.9999999999999999,-2.949479122964312,4.675663822953331
2025-09-30,1000,728,0.728,728,0.09608581415763859,0.1204328480455966,3.53807337517907e-17,0.9999999999999998,-2.942130577054901,4.688454727361364
2025-10-09,1000,728,0.728,728,0.09587679305550545,0.1282878945429132,-4.819099942054251e-17,1.0000000000000004,-2.904915540045699,4.622437308508633
2025-10-10,1000,729,0.729,729,0.03378718975290168,0.07985313913776625,-6.09175870850566e-18,0.9999999999999998,-2.8890143898903666,4.512382811444839
2025-10-13,1000,728,0.728,728,0.09028347873103598,0.11727069474455509,4.3920910864291905e-17,0.9999999999999999,-2.8723450701736564,4.487330571043237
2025-10-14,1000,728,0.728,728,0.053101802947371844,0.07650343415926668,-1.2200253017858864e-18,0.9999999999999992,-2.804993238554943,4.446621653371135
2025-10-15,1000,728,0.728,728,0.08514938536852486,0.09647535794356175,1.2200253017858864e-18,0.9999999999999988,-2.8006022308384244,4.463368940319276
2025-10-16,1000,729,0.729,729,0.04621017960612894,0.07224313201504642,5.3607476634849807e-17,1.0,-2.706933953066553,4.393320430586536
2025-10-17,1000,727,0.727,727,0.02857010385354811,0.06918977000898846,2.687747624952236e-17,1.0,-2.671836216084383,4.316830120333077
2025-10-20,1000,726,0.726,726,0.006478845418242003,0.055694134179168,-3.670158759091427e-18,0.9999999999999998,-2.5818441068470643,4.356544224168001
2025-10-21,1000,726,0.726,726,0.020424346846856012,0.06372626611864299,-2.6914497566670462e-17,1.0000000000000007,-2.627898399351446,4.3687446344086505
2025-10-22,1000,727,0.727,726,0.01953740846485354,0.06660096541715767,1.2217034658873799e-17,0.9999999999999996,-2.681263052717259,4.381436482261894
2025-10-23,1000,728,0.728,727,0.053157491489376034,0.08887105419499394,2.4400506035717726e-17,0.9999999999999991,-2.673903339666195,4.360775848415592
2025-10-24,1000,728,0.728,726,0.10503703744747475,0.118322179331699,6.832141690000964e-17,0.9999999999999998,-2.634144749519915,4.590668946729571
2025-10-27,1000,728,0.728,726,0.07879520852373444,0.09695248874918973,1.708035422500241e-17,1.0000000000000002,-2.6540120102893887,4.581340691679602
2025-10-28,1000,728,0.728,726,0.07426920710730496,0.09974759018853291,-4.5140936166077793e-17,0.9999999999999996,-2.6825935598993174,4.564136744827404
2025-10-29,1000,728,0.728,726,0.08860548902356187,0.10410858617436083,1.6470341574109465e-17,0.9999999999999998,-2.685199681672638,4.610579370057131
2025-10-30,1000,728,0.728,726,0.06333783643538714,0.08581748608843437,-2.867059459196833e-17,1.0000000000000002,-2.6734996046822577,4.613711535845812
2025-10-31,1000,726,0.726,725,0.03354063916458123,0.06725449475618339,6.116931265152378e-17,1.0000000000000007,-2.6886405427753193,4.635617556386501
2025-11-03,1000,726,0.726,724,0.05755698973334578,0.09071407683942417,7.952010644698091e-18,1.0000000000000004,-2.6273509258053704,4.644350764287173
2025-11-04,1000,728,0.728,726,0.019279263389195223,0.057626869892334134,3.660075905357659e-18,0.9999999999999992,-2.6260812770825734,4.602686686693848
2025-11-05,1000,728,0.728,726,0.06306584182942573,0.09076027189824382,3.294068314821893e-17,1.0000000000000007,-2.5983875492544914,4.634102372517403
2025-11-06,1000,728,0.728,726,0.06625226648174877,0.10278849947091052,-3.660075905357659e-18,1.0,-2.5819015013476863,4.6808990833506074
2025-11-07,1000,728,0.728,726,0.027210865258615977,0.0657525435779745,0.0,1.0000000000000007,-2.590493339548932,4.611151014369296
2025-11-10,1000,728,0.728,727,-0.0257168061702084,0.020226213111980973,1.4640303621430636e-17,0.9999999999999992,-2.69948153969033,4.780578469835541
2025-11-11,1000,729,0.729,726,-0.0450396565142842,-0.018800859099591814,2.741291418827547e-17,1.0000000000000002,-2.7630164178524614,4.755542008980756
2025-11-12,1000,729,0.729,726,-0.061922967202355454,-0.03835806766095279,-9.442225998183773e-18,0.9999999999999998,-2.76342793795146,4.7228524243004815
2025-11-13,1000,729,0.729,726,-0.006637989681814097,0.031726490905139314,1.8884451996367545e-17,0.999999999999999,-2.756409819971433,4.764569934389447
2025-11-14,1000,731,0.731,727,-0.006977451296168939,0.054784905406467556,8.019121162819188e-17,0.9999999999999992,-2.785546431791497,4.718937517981347
2025-11-17,1000,731,0.731,728,0.02725093009459411,0.0985931425054962,-5.4068316931129374e-17,0.9999999999999998,-2.741770644054477,4.746478828833282
2025-11-18,1000,731,0.731,729,0.035542488450309856,0.13345045074986736,3.7665569098090126e-17,1.0,-2.7936816322963876,4.73704480394901
2025-11-19,1000,730,0.73,727,0.0294170826138856,0.11972927033336764,1.5816875967262504e-17,0.9999999999999996,-2.7831208218894496,4.765903696244826
2025-11-20,1000,729,0.729,726,-0.025290116248716066,0.05814659465114452,-3.8378079863585656e-17,0.9999999999999993,-2.843302544575285,4.676629747923042
2025-11-21,1000,729,0.729,725,-0.04286159491307622,0.02749010476456073,5.90900594725049e-17,0.9999999999999992,-2.8648162531580246,4.699611059647706
2025-11-24,1000,728,0.728,726,-0.06275959113861605,0.007097412692843501,-1.2200253017858864e-18,1.0000000000000007,-2.8821402593405536,4.673888746920502
2025-11-25,1000,728,0.728,727,-0.053234430178817155,0.016979614185022092,4.0870847609827194e-17,1.0000000000000002,-2.886734906085406,4.661673189409247
2025-11-26,1000,729,0.729,729,-0.0694118534234487,0.0014577678935789966,-1.827527612551698e-18,1.0000000000000007,-2.903802621544371,4.676552688933753
2025-11-27,1000,729,0.729,729,-0.08434440023457795,-0.018883611477647246,2.436703483402264e-17,0.9999999999999993,-2.8820726626412343,4.657937766270503
2025-11-28,1000,729,0.729,728,-0.060555875335299325,0.009151417155756627,1.949362786721811e-17,1.0,-2.88792411822511,4.6680268971547
2025-12-01,1000,729,0.729,726,-0.07432847555189791,-0.00837447297829078,4.5079014442941887e-17,1.0000000000000002,-2.8841042966947366,4.725262798503087
2025-12-02,1000,728,0.728,726,-0.08961145695289256,-0.01508836985568938,-7.320151810715318e-18,1.0,-2.8856398250383943,4.739116851336282
2025-12-03,1000,728,0.728,726,-0.09669608176165505,-0.043901333976313996,-8.174169521965439e-17,1.0,-2.8764667098467154,4.746450514231956
2025-12-04,1000,728,0.728,726,-0.09991868233037823,-0.059929356265005555,-1.0980227716072976e-17,1.0000000000000002,-2.8764716154605687,4.750451417304648
2025-12-05,1000,728,0.728,726,-0.07735682108015984,-0.037492180149168206,-3.7820784355362477e-17,1.0,-2.8942757775646597,4.737562720493997
2025-12-08,1000,728,0.728,726,-0.07075099024830409,-0.022925895673655362,3.660075905357659e-17,1.0,-2.9401308518914537,4.746507554862022
2025-12-09,1000,728,0.728,725,-0.0699415650409975,-0.025199323696392748,-2.8060581941075384e-17,1.0,-2.945727934728406,4.712340181247825
2025-12-10,1000,726,0.726,724,-0.08834897142451029,-0.0591107202415245,-3.670158759091427e-18,0.9999999999999991,-2.947056900359915,4.696024702240329
2025-12-11,1000,726,0.726,722,-0.11082274369192942,-0.10658678107034893,8.686042396516376e-17,0.9999999999999998,-2.9304640020226973,4.703373859596183
2025-12-12,1000,726,0.726,720,-0.10055468430184189,-0.09033529265372242,-1.4680635036365707e-17,0.9999999999999993,-2.9225273659922544,4.698452787271712
2025-12-15,1000,725,0.725,721,-0.12259901104633536,-0.10167797842811976,-4.287757888207501e-17,0.9999999999999999,-2.896220481025202,4.689775942117947
2025-12-16,1000,725,0.725,721,-0.12890726687338155,-0.10711726094702609,5.022802097614501e-17,0.9999999999999996,-2.9270615367781323,4.7045289405968935
2025-12-17,1000,725,0.725,721,-0.14306201987522202,-0.11842239080250412,-5.757846307021501e-17,1.0000000000000004,-2.9456598910822085,4.710740661333624
2025-12-18,1000,723,0.723,720,-0.14384702785969927,-0.1204248739458022,-4.9138501781473045e-18,0.9999999999999999,-2.8957004336748695,4.702885304103808
2025-12-19,1000,722,0.722,720,-0.09950006989384429,-0.049136319155734055,-1.8452460243077393e-17,1.0,-2.9196924684445196,4.723517523138421
2025-12-22,1000,721,0.721,719,-0.08952369650418987,-0.05472856576077907,2.710114456782629e-17,0.9999999999999997,-2.9349861276906366,4.739499473083728
2025-12-23,1000,721,0.721,720,-0.08064919018318209,-0.049132007070486886,-9.854961661027742e-18,1.0,-2.934278743090698,4.728992007854875
2025-12-24,1000,721,0.721,720,-0.06959855693918927,-0.056249180670453876,-1.7246182906798547e-17,0.9999999999999996,-2.9499367666523724,4.729504569437557
2025-12-25,1000,721,0.721,721,-0.02484987049540131,0.006180611901020851,3.941984664411097e-17,0.9999999999999999,-2.9684494302232762,4.722940010868699
2025-12-26,1000,721,0.721,720,-0.02516572161712668,0.01663371531608482,1.9709923322055484e-17,0.9999999999999998,-2.9523968222304955,4.729152055099032
2025-12-29,1000,721,0.721,720,-0.0067286005757313215,0.04824173400540253,1.2318702076284678e-17,1.0,-2.9706965914636814,4.0197130056302885
2025-12-30,1000,720,0.72,720,0.027710254509860772,0.08344473401118957,-3.0839528461809905e-17,0.9999999999999992,-2.9985099567085207,4.055058000033564
2025-12-31,1000,720,0.72,719,0.038852227790835706,0.09771488772988988,2.4671622769447924e-18,1.0,-3.0154952224197826,4.0457766748981605
2026-01-05,1000,720,0.72,719,0.028686593796876315,0.09293260357156324,-4.194175870806147e-17,1.0000000000000004,-3.0159219379045528,4.060809291443758
2026-01-06,1000,720,0.72,719,0.02302328887656689,0.08800403428398873,-1.7270135938613546e-17,1.0000000000000007,-3.006246124926323,4.036832046921468
2026-01-07,1000,720,0.72,719,0.0806983620659416,0.13731993707472914,4.9343245538895844e-17,1.0000000000000002,-2.9158580530087037,4.061933616653499
2026-01-08,1000,720,0.72,718,0.1206646606544209,0.1739976510967522,4.194175870806147e-17,0.9999999999999998,-2.8918244688784904,4.053338608294928
2026-01-09,1000,721,0.721,719,0.1192433319302901,0.1500652471773574,0.0,0.9999999999999993,-2.8592357741358634,4.049281976224395
2026-01-12,1000,720,0.72,717,0.1176994995120623,0.16861533240634288,-1.7270135938613546e-17,1.0000000000000002,-2.8996423820633925,4.076153044045691
2026-01-13,1000,718,0.718,717,0.09787996169605379,0.15501399123224294,2.9688415143179675e-17,0.9999999999999999,-2.8997367933880778,4.084229214938565
2026-01-14,1000,718,0.718,718,0.10771774504249952,0.16684282171254414,-3.092543244081216e-17,1.0000000000000007,-2.913148263449479,4.092090827204811
2026-01-15,1000,718,0.718,718,0.0907866573591608,0.16099165259638945,-6.185086488162432e-18,0.9999999999999992,-2.938440302028491,4.1116659502945625
2026-01-16,1000,717,0.717,717,0.08928005964414545,0.16098697358087788,-4.954970263320085e-18,1.0,-2.906722405206997,4.147164619663728
2026-01-19,1000,718,0.718,718,0.09431939484745427,0.18324889652704177,9.896138381059891e-18,1.0000000000000004,-2.8829809802067157,4.220654277462914
2026-01-20,1000,719,0.719,719,0.04456333516532051,0.12391559355815356,-6.114719301134381e-17,1.0,-2.913235007890581,4.0926754130014364
2026-01-21,1000,718,0.718,718,0.06017799754626277,0.15293522803050108,-1.8555259464487297e-18,0.9999999999999996,-2.9291945435117523,4.102896609350051
2026-01-22,1000,719,0.719,718,0.05632110012025185,0.1549062363206669,-1.7911804013423943e-17,0.9999999999999994,-2.7276892669396804,4.122107001329059
2026-01-23,1000,720,0.72,718,0.06436500659321652,0.17928630630385003,-1.4679615547821514e-16,0.9999999999999997,-2.729274222784746,4.280578863812638
2026-01-26,1000,720,0.72,719,0.09260039432105904,0.17973660866210717,8.511709855459534e-17,1.0,-2.6936509231137253,4.382191102898952
2026-01-27,1000,720,0.72,719,0.06912171897659453,0.1487051800755134,-1.7270135938613546e-17,1.0,-2.7633824838760095,4.298031831732258
2026-01-28,1000,720,0.72,719,0.049422278622426465,0.11207402084035524,3.824101529264428e-17,0.9999999999999998,-2.679787463969341,4.332559800181109
2026-01-29,1000,720,0.72,719,0.04589545406870219,0.10134016931788356,-1.2335811384723962e-18,0.9999999999999994,-2.742900213344186,4.31486404528712
2026-01-30,1000,720,0.72,718,0.014754071455190245,0.07561954658743619,-1.850371707708594e-17,1.0000000000000002,-2.7069018279063775,4.295547471447603
2026-02-02,1000,719,0.719,718,0.014262332602293154,0.08705946694587072,1.297061669937596e-17,1.0000000000000007,-2.8141158973746485,4.24530469662764
2026-02-03,1000,719,0.719,718,0.04554250744170295,0.10012052179024925,-5.126481838324784e-17,0.9999999999999998,-2.827783752365147,4.307053567679971
2026-02-04,1000,720,0.72,719,0.026301623312595012,0.07846439843020649,1.973729821555834e-17,1.0000000000000009,-2.6142092997003537,5.0741814084244945
2026-02-05,1000,720,0.72,719,0.02377010411454955,0.06387171325590485,3.20731096002823e-17,0.9999999999999999,-2.702890916709554,5.064932058272202
2026-02-06,1000,719,0.719,719,0.04449321810949399,0.0938541450797025,-9.388255896691171e-17,0.9999999999999996,-2.6976430058859178,5.049345390305346
2026-02-09,1000,719,0.719,719,0.08980506743088226,0.12417159719853726,2.964712388428791e-17,0.9999999999999994,-2.6984854309955786,5.063386752713902
2026-02-10,1000,720,0.72,719,0.07580110479276457,0.10875899037745247,2.2204460492503132e-17,0.9999999999999998,-2.641181991791982,5.040668497691915
2026-02-11,1000,720,0.72,719,0.058907141775841616,0.10543671907076553,-8.018277400070575e-17,1.0000000000000004,-2.6313018879801127,5.018591060827536
2026-02-12,1000,720,0.72,720,0.1036416558498209,0.12281032563720223,3.947459643111668e-17,1.0000000000000002,-2.539052771980459,5.034675055151489
2026-02-13,1000,720,0.72,720,0.08959980346271089,0.11268543470698567,-3.947459643111668e-17,0.9999999999999989,-2.5540339293691297,5.0112245126251045
2026-02-24,1000,720,0.72,720,0.0707004207234872,0.0939310911570294,-7.401486830834377e-18,1.0,-2.5189414407321027,5.022271120610358
2026-02-25,1000,721,0.721,721,0.06998716445656003,0.07317837900832817,7.144847204245113e-17,0.9999999999999996,-2.545584280858823,5.042520851204489
2026-02-26,1000,721,0.721,721,0.10529198213455736,0.0947671466508564,7.391221245770806e-18,0.9999999999999998,-2.5549835391912064,5.03473155050609
2026-02-27,1000,721,0.721,720,0.06966955719624138,0.06906530169489782,2.9564884983083225e-17,0.9999999999999992,-2.4962145221726444,5.04908231783767
2026-03-02,1000,722,0.722,722,0.06708978548535753,0.06269178871245609,1.2301640162051596e-17,0.9999999999999997,-2.3927725142052374,5.03777975874484
2026-03-03,1000,723,0.723,723,-0.01669113813873501,-0.010608439266720159,7.370775267220956e-18,1.0,-2.379371511974472,4.933089024932315
2026-03-04,1000,722,0.722,722,0.026319464739234025,0.036604248566764,-5.658754474543734e-17,1.0,-2.3855934281506697,4.939614221801065
2026-03-05,1000,723,0.723,723,0.03787495094922691,0.0553754871566766,1.228462544536826e-17,1.0000000000000004,-2.3871710164789004,4.9394542156656165
2026-03-06,1000,724,0.724,724,0.00916974619110431,0.026279022520788384,2.2081783915196483e-17,0.9999999999999999,-2.387988733286779,4.930029659248405
2026-03-09,1000,724,0.724,724,0.006101442076236512,0.03301503888162185,7.360594638398828e-18,1.000000000000001,-2.3958070991743603,4.967716734113605
2026-03-10,1000,726,0.726,726,0.009957682005547207,0.0359066165770351,-1.2233862530304756e-17,1.0,-2.4317083434721627,4.945774707494944
2026-03-11,1000,727,0.727,727,-0.03823819436212712,0.0025883051751011367,1.710384852242332e-17,0.9999999999999999,-2.438915819319289,4.9240982474489945
2026-03-12,1000,727,0.727,727,-0.05662787205246513,-0.022475742339441225,4.8868138635495196e-17,1.0,-2.442926582432179,4.986139963419751
2026-03-13,1000,727,0.727,727,-0.10675350659201,-0.08327618412539546,0.0,1.0,-2.471460013729332,4.924225328426253
2026-03-16,1000,727,0.727,727,-0.11560094702838435,-0.07176785950075934,1.2217034658873799e-17,0.9999999999999993,-2.4325325956200268,4.888543725310923
2026-03-17,1000,728,0.728,728,-0.11971720029866141,-0.08786285349024153,1.4640303621430636e-17,0.999999999999999,-2.4365213185098646,4.856919154658225
2026-03-18,1000,727,0.727,726,-0.1048143678904989,-0.0743022735643638,-4.88681386354952e-18,1.0000000000000004,-2.416787943462132,4.815039939314781
2026-03-19,1000,725,0.725,724,-0.12426466800372728,-0.1004907957215387,-1.9601178917520004e-17,1.0000000000000004,-2.41767604416792,4.815351279102476
2026-03-20,1000,726,0.726,724,-0.17342358595308838,-0.17154062935520617,-3.914836009697522e-17,1.0000000000000004,-2.447833272512429,4.787156637241038
2026-03-23,1000,723,0.723,721,-0.1444047381172134,-0.12650862998415277,2.9483101068883825e-17,0.9999999999999998,-2.448074465782823,4.743599216493547
2026-03-24,1000,725,0.725,723,-0.15646828621449121,-0.14584104701677375,9.800589458760002e-18,1.0000000000000002,-2.4562500074491154,4.7908821826346015
2026-03-25,1000,727,0.727,725,-0.14133762782234946,-0.10881169365000481,7.330220795324279e-18,1.0000000000000004,-2.4494891408054906,4.765035375010786
2026-03-26,1000,726,0.726,724,-0.1616006870971461,-0.12791986901593255,1.7127407542426658e-17,1.0000000000000009,-2.451691539244075,4.780623790891496
2026-03-27,1000,727,0.727,726,-0.13909418204931917,-0.10169731799429972,-4.153791784017092e-17,1.0000000000000002,-2.475086105989079,4.787263957022397
2026-03-30,1000,727,0.727,726,-0.10269246294213638,-0.04363713879180276,9.77362772709904e-18,1.0,-2.4719710681468556,4.800278907524276
2026-03-31,1000,725,0.725,723,-0.10385188498565356,-0.043590782420656726,-4.410265256442001e-17,0.9999999999999998,-2.5037642659512382,4.777571181570074
2026-04-01,1000,725,0.725,724,-0.12724950273560898,-0.09115944917892128,-1.2250736823450003e-17,1.0000000000000007,-2.4952104192645432,4.78684927473809
2026-04-02,1000,725,0.725,725,-0.14181892923011163,-0.10327646063055415,0.0,0.9999999999999998,-2.5079218884729535,4.733904866236405
2026-04-03,1000,724,0.724,724,-0.15055946991975758,-0.12384437182168265,-1.962825236906354e-17,1.0000000000000009,-2.544793650915212,4.730399880869172
2026-04-07,1000,724,0.724,724,-0.13950221982716035,-0.11313445290218847,1.7174720822930598e-17,0.9999999999999992,-2.5405477571002164,4.774442586742021
2026-04-08,1000,725,0.725,725,-0.11901213379935144,-0.09129161025423457,3.1851915740970007e-17,1.0,-2.5524720675125314,4.821326496666681
2026-04-09,1000,724,0.724,724,-0.09659416165847742,-0.07082676938129902,1.2267657730664713e-17,0.9999999999999999,-2.5782465399957717,4.807685102513826
2026-04-10,1000,724,0.724,724,-0.1182303019934586,-0.08423786459035015,-4.907063092265885e-18,1.0000000000000007,-2.5555654125266094,4.825085483400024
2026-04-13,1000,724,0.724,724,-0.08869525852430316,-0.05993336489569381,3.189591009972825e-17,1.0000000000000004,-2.57290544401033,4.857699713515249
2026-04-14,1000,725,0.725,725,-0.08689654197857227,-0.058683670834859425,-4.900294729380001e-18,0.9999999999999996,-2.5747595775320034,4.86359775927111
2026-04-15,1000,725,0.725,725,-0.11293764205033356,-0.08161415095312559,2.940176837628001e-17,0.9999999999999997,-2.582027014712248,4.862629021657214
2026-04-16,1000,724,0.724,724,-0.10862242869519358,-0.07095142176470084,-4.661709937652591e-17,0.9999999999999996,-2.5512068273402475,4.814797711679296
2026-04-17,1000,724,0.724,723,-0.0984700928126459,-0.06338379919933038,4.4163567830392966e-17,1.0000000000000004,-2.5498814152793856,4.799723233804041
2026-04-20,1000,723,0.723,722,-0.08055937047136531,-0.03720251648238638,4.4224651603325735e-17,0.999999999999999,-2.5028091097033047,4.760425190309091
2026-04-21,1000,723,0.723,723,-0.09660766585290312,-0.05801838436987547,-7.370775267220956e-18,0.9999999999999993,-2.488389813023403,4.771094855058023
2026-04-22,1000,722,0.722,722,-0.07841269456081303,-0.04628444931296364,-2.4603280324103192e-18,0.9999999999999998,-2.507321412339693,4.833025706465783
2026-04-23,1000,721,0.721,721,-0.06703015617231972,-0.0199423573300135,-1.4782442491541612e-17,1.0000000000000002,-2.362037836361608,4.836591863990918
2026-04-24,1000,722,0.722,721,-0.049616730884909574,0.002795152162470561,7.380984097230958e-18,0.9999999999999992,-2.378989458468138,4.731076991822168
2026-04-27,1000,721,0.721,721,-0.06320285578347375,-0.0108959324321273,-1.7246182906798547e-17,1.0000000000000004,-2.2724759797117247,4.748069291050926
2026-04-28,1000,721,0.721,720,-0.05176374418557591,0.0036778298826450925,-4.927480830513871e-18,0.9999999999999993,-2.290923257634768,4.745576726160053
2026-04-29,1000,720,0.72,718,-0.023573520904666377,0.03451375099886056,-4.9343245538895844e-17,0.9999999999999998,-2.3111852074680033,4.685680544121394
2026-04-30,1000,719,0.719,718,0.0014636055780644429,0.09640681475339993,2.470593657023992e-18,0.9999999999999998,-2.359628534637079,4.705116455380578
2026-05-06,1000,717,0.717,716,0.0034321752638693526,0.09800924711209495,-7.432455394980127e-18,0.9999999999999991,-2.358155399685672,4.743347238181068
2026-05-07,1000,719,0.719,719,0.0042481339205618016,0.08762340788493253,1.9764749256191937e-17,1.0,-2.34218647071772,4.757777707384814
2026-05-08,1000,716,0.716,716,0.06318409573214673,0.1325764018828697,5.4580796741348476e-17,1.0,-2.339591003653968,4.767590551766095
2026-05-11,1000,716,0.716,716,0.03434874113513297,0.10322051665638773,-2.977134367709917e-17,1.0000000000000007,-2.4659547242764925,4.749464882571966
2026-05-12,1000,715,0.715,715,0.012192238551292112,0.08175045460618907,-3.478181224000491e-17,1.0000000000000007,-2.4477129038799603,4.695277271668545
2026-05-13,1000,716,0.716,716,0.05403040270899974,0.13241447783417348,2.480945306424931e-18,1.000000000000002,-2.294990762146496,4.695174528256445
2026-05-14,1000,714,0.714,714,0.029953968094622033,0.12144230655904609,2.4878947330535722e-17,1.0000000000000002,-2.2787575778056075,4.6267286860291215
2026-05-15,1000,712,0.712,712,0.04125196397187793,0.125753782969683,7.484649604214538e-18,0.9999999999999998,-2.3060291390619447,4.6624071884869185
2026-05-18,1000,707,0.707,707,0.04005366793850675,0.13424589251295813,1.0050109416691658e-17,1.0,-2.3455019751417585,4.92015638494843
2026-05-19,1000,708,0.708,708,0.020779295874230566,0.11381521463224574,1.7562850107064625e-17,0.9999999999999991,-2.2901045927363906,4.916270044668963
2026-05-20,1000,706,0.706,706,0.014821698094113636,0.12094959205315468,5.535389584533358e-17,1.0000000000000002,-2.3451759623959827,4.985475945308006
2026-05-21,1000,707,0.707,707,-0.024237115420352767,0.07169856076161067,-6.2813183854322856e-18,1.0,-2.326200509692954,4.6233398285127025
2026-05-22,1000,706,0.706,706,-0.016454060719987645,0.07333720045161071,-3.522520644703046e-17,1.0000000000000004,-2.34804068068458,4.678993598238263
2026-05-25,1000,702,0.702,702,-0.012378407561637817,0.060059871363096914,-2.530422848148505e-18,1.0000000000000009,-2.3461292901090807,4.703781099718853
2026-05-26,1000,704,0.704,704,-0.06550354564093262,0.006126359375675783,4.5418214643756407e-17,1.0000000000000004,-2.3662283697242215,4.729670113933049
2026-05-27,1000,701,0.701,701,-0.07720410487621704,-0.01281410299955236,-2.534032581170115e-17,0.9999999999999994,-2.4017781716772597,4.795150525470045
2026-05-28,1000,695,0.695,694,-0.05182950102801053,0.03795086315767178,2.3003182092952883e-17,0.9999999999999994,-2.4062351212132373,4.858641219431336
2026-05-29,1000,696,0.696,694,-0.08171786348526436,-0.015368275012087342,2.2970131543968756e-17,1.0000000000000004,-2.3449052649637365,4.8119064506112785
2026-06-01,1000,694,0.694,693,-0.1172321661304791,-0.06563430683468664,3.327469583890959e-17,0.9999999999999998,-2.4045581931369404,4.899643561673157
2026-06-02,1000,697,0.697,696,-0.12518210028368795,-0.08668860093244357,1.5291450554378052e-17,1.0,-2.3655847397439276,4.9639361082113345
2026-06-03,1000,698,0.698,697,-0.10774311836929103,-0.05067343678080591,-5.089847677364614e-18,1.0000000000000004,-2.3610376971528115,4.94254768611994
2026-06-04,1000,699,0.699,699,-0.09237422668950769,-0.03622061136592956,1.0165132128184552e-17,0.9999999999999998,-2.3599691736175443,4.914482651731978
2026-06-05,1000,697,0.697,697,-0.08434516669558088,-0.02979170827818405,6.626295240230489e-17,1.0000000000000002,-2.3748576428077564,4.823985881545367
2026-06-08,1000,686,0.686,686,-0.058994797932111924,0.003053952819544837,1.5536648741110063e-17,1.0000000000000004,-2.3902692658846973,4.743539006202711
2026-06-09,1000,688,0.688,688,-0.011493925436656345,0.050897546419742624,2.581914010756178e-17,1.0000000000000004,-2.3731793009053987,4.8038666199948405
2026-06-10,1000,692,0.692,692,-0.08130766482384959,-0.012812756285816186,2.8236886175437506e-17,1.0000000000000009,-2.3777224941248964,4.8078439795312455
2026-06-11,1000,697,0.697,697,-0.08137585901842512,-0.02898571577264158,2.548575092396342e-17,1.0000000000000002,-2.2427326263036003,4.779927854663223
2026-06-12,1000,696,0.696,696,-0.0275100256703462,0.030326341014953337,5.104473676437501e-18,1.0,-2.2273719958732547,4.865201979956872
2026-06-15,1000,690,0.69,690,-0.01931508451464096,0.03601675132069035,1.544658121217609e-17,1.0,-2.258376983469048,4.9185468242124415
2026-06-16,1000,696,0.696,696,0.07338079503795976,0.11219978851845795,3.573131573506251e-17,1.0000000000000004,-2.1456988142340028,4.8668655075951
2026-06-17,1000,695,0.695,695,0.11031876038682109,0.1437854466501329,1.7891363850074464e-17,0.9999999999999998,-2.1515507666086933,4.848749604789657
2026-06-18,1000,688,0.688,688,0.20102585853617472,0.1963710223605489,1.8073398075293247e-17,0.9999999999999998,-2.192681760086372,4.5178137816579005
2026-06-22,1000,679,0.679,679,0.23092761983817306,0.22070590056788336,-1.8312957107219077e-17,1.000000000000001,-2.1656847405958324,4.525615866226146
2026-06-23,1000,679,0.679,679,0.23467475482866404,0.26226874685749474,3.400977748483543e-17,0.9999999999999997,-2.194845623417316,4.481599618779957
2026-06-24,1000,679,0.679,679,0.24644857456243977,0.2719940625241408,4.1858187673643604e-17,0.9999999999999992,-2.199638957301634,4.446303291352195
2026-06-25,1000,677,0.677,677,0.2635286620410704,0.2925714162842285,-1.3119326731168762e-17,1.0000000000000004,-2.2061653840481537,4.361529909806829
2026-06-26,1000,677,0.677,677,0.26237442603671796,0.30975030713478274,-2.6238653462337527e-18,1.0000000000000002,-2.1878856338220416,4.307005089316908
2026-06-29,1000,675,0.675,675,0.2573215525051282,0.31706411557803243,-8.421247238638224e-17,1.0000000000000004,-2.220491280793674,4.336874101874714
2026-06-30,1000,681,0.681,681,0.2934514952822192,0.3231699162936685,3.390989561263327e-17,0.9999999999999998,-2.1956503822062703,4.383998405258601
2026-07-01,1000,679,0.679,679,0.3144925265275549,0.35062856880878435,1.0464546918410901e-17,0.9999999999999996,-2.148605765943435,4.58259382592333
2026-07-02,1000,681,0.681,681,0.33101532766893044,0.3707494414692211,2.086762806931278e-17,1.0,-2.2038185672948924,4.463104172227516
2026-07-03,1000,680,0.68,680,0.3034645062008977,0.32319693196969557,1.3061447348531253e-17,1.0000000000000002,-2.226185234073208,4.42103604131099
2026-07-06,1000,677,0.677,677,0.2781550653507168,0.29493828284539025,-1.7055124750519392e-17,1.0000000000000004,-2.2242461160947102,4.330364485956638
2026-07-07,1000,676,0.676,676,0.24236104618751983,0.24224539598982434,-5.2554936076930486e-18,1.0,-2.2175529395923768,4.287830970505549
2026-07-08,1000,683,0.683,683,0.18317992959717763,0.17537180862414456,5.981875154642132e-17,0.9999999999999993,-2.19152802494057,4.389898388730389
2026-07-09,1000,683,0.683,683,0.19536601693201514,0.18359307349239318,5.201630569254028e-18,0.999999999999999,-2.1849256811250344,4.366364453222006
2026-07-10,1000,691,0.691,691,0.15080873722434,0.16952609055383075,1.542422725962591e-17,0.9999999999999991,-2.195332172258752,4.672166014208943
2026-07-13,1000,690,0.69,690,0.10771291345471526,0.11757161296730471,3.089316242435218e-17,1.0000000000000002,-2.181109584648276,4.652698722464754
2026-07-14,1000,689,0.689,689,0.11330359920298509,0.10136842901393611,-2.0625333403776493e-17,0.999999999999999,-2.1852078279564933,4.599225034535899
2026-07-15,1000,691,0.691,691,-0.0034070856597124472,0.010805773608489283,3.5989863605793786e-17,1.0000000000000002,-2.1846236337178957,4.617863968697441
2026-07-16,1000,693,0.693,693,-0.05407416614596533,-0.03223573163889396,5.126570965080088e-17,1.0,-2.15549005775715,4.616701608950165
2026-07-17,1000,692,0.692,692,-0.15657653978320027,-0.1323224464107639,3.0803875827750005e-17,0.9999999999999999,-2.1892031505542486,4.643047231762078
2026-07-20,1000,695,0.695,695,-0.2279626145357682,-0.2381729346435721,-2.0447272971513675e-17,1.0,-2.2575233068409775,4.661858225485765
2026-07-21,1000,694,0.694,694,-0.19410121664113145,-0.19121579856650311,5.887061571499389e-17,1.0,-2.27608999278193,4.575400388924969
2026-07-22,1000,695,0.695,694,-0.13297030774430077,-0.1262510327537132,-5.111818242878419e-18,0.9999999999999996,-2.2979458944580564,4.624802752006618
2026-07-23,1000,696,0.696,695,-0.12546830325327327,-0.13290284390048732,4.083578941150001e-17,0.9999999999999999,-2.3082083363574166,4.566399674928057
2026-07-24,1000,697,0.697,696,-0.16980521599637868,-0.17522491515249403,-2.5485750923963423e-18,1.0000000000000004,-2.311004454632894,4.589100225476472
2026-07-27,1000,698,0.698,697,-0.07235203789832868,-0.03521286255658665,-5.089847677364614e-18,1.0,-2.304887664211403,4.617250164452343
2026-07-28,1000,701,0.701,699,-0.1380063547758886,-0.14622164411622007,4.5612586461062064e-17,0.9999999999999996,-2.323553899455324,4.6054312562246915
2026-07-29,1000,703,0.703,702,-0.16720700197555888,-0.17944145958526111,1.5160940307825752e-17,1.0,-2.3194363597409655,4.593229718308673
2026-07-30,1000,703,0.703,702,-0.18946594776848238,-0.2071177402366302,6.569740800057826e-17,1.0000000000000007,-2.346507124436129,4.6135936845323675
2026-07-31,1000,705,0.705,704,-0.1671648799264354,-0.16265199276941822,-2.519655091347873e-17,1.0000000000000004,-2.3153023945997866,4.651986742697593
2026-08-03,1000,705,0.705,704,-0.1742831359239971,-0.16205378106564666,1.0078620365391493e-17,1.0000000000000002,-2.33089020458339,4.641456512966593
2026-08-04,1000,703,0.703,703,-0.1165334261284186,-0.0862442750007096,4.548282092347725e-17,1.0000000000000004,-2.2966498643344644,4.694144805986745
2026-08-05,1000,704,0.704,704,-0.09658969293351659,-0.06076132048028244,1.5139404881252134e-17,1.0,-2.2827999977713564,4.635271856381257
2026-08-06,1000,703,0.703,703,-0.06747438436578002,-0.020505450490013757,-5.0536467692752503e-17,0.9999999999999999,-2.26065194868051,4.653463004808748
2026-08-07,1000,703,0.703,703,0.049200167332698455,0.11251867486609374,6.569740800057826e-17,0.9999999999999999,-2.284918943144574,4.625432137142037
2026-08-10,1000,706,0.706,706,-0.013348029680884462,0.03905686020237843,7.296649906884882e-17,1.0000000000000002,-2.2753591385370147,4.632245179986064
2026-08-11,1000,706,0.706,706,0.011051212123179681,0.05987627961070558,5.786998202012147e-17,1.0000000000000004,-2.2698687162487867,4.6894878856885125
2026-08-12,1000,705,0.705,705,0.06281143150809788,0.13109777929633887,4.283413655291384e-17,0.9999999999999996,-2.274838343217066,4.641757221981781
2026-08-13,1000,707,0.707,707,0.08772806563681877,0.16040507001883936,6.532571120849577e-17,0.9999999999999994,-2.2533328062414166,4.696110532174621
2026-08-14,1000,703,0.703,703,0.11439290904580224,0.18350005496962934,-7.580470153912876e-18,0.9999999999999989,-2.252705179443627,4.691387450085166
2026-08-17,1000,703,0.703,702,0.1581359886996188,0.2177577376106585,2.7795057231013875e-17,0.9999999999999998,-2.2417960001663184,4.656286725688914
2026-08-18,1000,701,0.701,700,0.12478701347668933,0.20843755657810378,1.013613032468046e-17,0.9999999999999997,-2.2348601654278832,4.683097716324537
