date,group,formed_count,valid_count,mean_forward_return
2023-01-03,1,144,144,0.06814221105446536
2023-01-03,2,144,144,0.07057776770944765
2023-01-03,3,144,144,0.06322643213031352
2023-01-03,4,144,144,0.07870002062912795
2023-01-03,5,144,144,0.06771434127915808
2023-01-04,1,145,145,0.053391446451969436
2023-01-04,2,144,144,0.05366454451313207
2023-01-04,3,145,145,0.057642710179880874
2023-01-04,4,144,144,0.06219341087754146
2023-01-04,5,144,144,0.05200612934856129
2023-01-05,1,145,145,0.058296302571200796
2023-01-05,2,144,144,0.06440891258393333
2023-01-05,3,145,145,0.06537951953044407
2023-01-05,4,144,144,0.06695870439452888
2023-01-05,5,144,144,0.060522554933759104
2023-01-06,1,145,145,0.04747269312427827
2023-01-06,2,144,144,0.05865297029915294
2023-01-06,3,145,145,0.06026661788103773
2023-01-06,4,144,143,0.06347399103076405
2023-01-06,5,144,144,0.057545622660420084
2023-01-09,1,145,145,0.054988855354299565
2023-01-09,2,144,144,0.06647118775372321
2023-01-09,3,144,144,0.0726667724568827
2023-01-09,4,144,144,0.07181981127365462
2023-01-09,5,144,144,0.0653989151781087
2023-01-10,1,144,144,0.05127302375234085
2023-01-10,2,144,144,0.06661617443173964
2023-01-10,3,144,144,0.07374205259554772
2023-01-10,4,144,144,0.07377638794928898
2023-01-10,5,144,144,0.07327846922029894
2023-01-11,1,144,144,0.04953668201422527
2023-01-11,2,144,144,0.07380357861504158
2023-01-11,3,143,143,0.08042933113528955
2023-01-11,4,144,143,0.08225897795214664
2023-01-11,5,143,143,0.07483171368608536
2023-01-12,1,144,144,0.02880850385422277
2023-01-12,2,144,144,0.05363525163205332
2023-01-12,3,143,143,0.06371931446797349
2023-01-12,4,144,144,0.06718001984747139
2023-01-12,5,143,143,0.061865646148039244
2023-01-13,1,144,144,0.017848221838347125
2023-01-13,2,144,144,0.04073244959992133
2023-01-13,3,143,143,0.04977099310633172
2023-01-13,4,144,144,0.05499308634837864
2023-01-13,5,143,143,0.05164080322367649
2023-01-16,1,144,144,0.025365999458254615
2023-01-16,2,144,144,0.04377235657555131
2023-01-16,3,144,144,0.05454737675317113
2023-01-16,4,144,144,0.06560572988022925
2023-01-16,5,143,143,0.06625126067265412
2023-01-17,1,145,145,0.022621681004580643
2023-01-17,2,144,144,0.03975853897379951
2023-01-17,3,144,144,0.05430921034092612
2023-01-17,4,144,144,0.06199402692256581
2023-01-17,5,144,144,0.07134592894547703
2023-01-18,1,145,145,0.027380583621105715
2023-01-18,2,145,145,0.04514639017824355
2023-01-18,3,145,145,0.059933620184520926
2023-01-18,4,145,145,0.06275954938270015
2023-01-18,5,144,144,0.07829350574116795
2023-01-19,1,145,145,0.01679888091907864
2023-01-19,2,145,145,0.033821750823707954
2023-01-19,3,145,145,0.0438858474468227
2023-01-19,4,145,145,0.04273714670898539
2023-01-19,5,144,144,0.06243342819098146
2023-01-20,1,146,146,-0.010506291774758326
2023-01-20,2,145,145,0.0023048021226104868
2023-01-20,3,145,145,0.020625445428867347
2023-01-20,4,145,145,0.023795813828798584
2023-01-20,5,145,145,0.03682182282062091
2023-01-30,1,146,146,-0.003134158155496218
2023-01-30,2,146,146,0.010053024235538919
2023-01-30,3,145,145,0.030133403703573605
2023-01-30,4,146,146,0.025188998655517294
2023-01-30,5,145,145,0.04579244436231801
2023-01-31,1,146,146,-0.005076063416762201
2023-01-31,2,146,146,0.01651372077935761
2023-01-31,3,145,145,0.0325874583668286
2023-01-31,4,146,146,0.029498399507200197
2023-01-31,5,145,145,0.047650176127141654
2023-02-01,1,146,146,-0.012900583121000557
2023-02-01,2,146,146,0.007449919566490384
2023-02-01,3,145,145,0.024746010574764388
2023-02-01,4,146,146,0.023814440194918907
2023-02-01,5,145,145,0.04634212697042174
2023-02-02,1,147,147,-0.008973735028099663
2023-02-02,2,146,146,0.007817376803789963
2023-02-02,3,146,146,0.02305161067108641
2023-02-02,4,146,146,0.03207171421707823
2023-02-02,5,146,146,0.050528906724283944
2023-02-03,1,147,147,-0.0007903091838498866
2023-02-03,2,146,146,0.018775102139078084
2023-02-03,3,147,146,0.02737612143317818
2023-02-03,4,146,146,0.03811133321663927
2023-02-03,5,146,146,0.06324755094918079
2023-02-06,1,147,147,-0.006812003014225476
2023-02-06,2,146,146,0.018043228131276116
2023-02-06,3,146,145,0.027028022380791123
2023-02-06,4,146,146,0.03936310013502014
2023-02-06,5,146,146,0.05470485115026902
2023-02-07,1,147,147,-0.02691952193773021
2023-02-07,2,146,146,-0.006038078405614077
2023-02-07,3,147,146,-0.0013981731181424686
2023-02-07,4,146,146,0.012736070839138929
2023-02-07,5,146,146,0.031961887953046976
2023-02-08,1,147,147,-0.013417950784194478
2023-02-08,2,146,146,0.010553069757066751
2023-02-08,3,147,146,0.0209299469558483
2023-02-08,4,146,146,0.026399087152774472
2023-02-08,5,146,146,0.04798152173371079
2023-02-09,1,147,147,-0.03400551893071381
2023-02-09,2,147,147,-0.013866251883023293
2023-02-09,3,147,146,-0.00783385213116275
2023-02-09,4,147,147,0.002811857229016637
2023-02-09,5,146,146,0.027165500191215476
2023-02-10,1,147,147,-0.042172184919967576
2023-02-10,2,147,147,-0.02267252547412976
2023-02-10,3,147,147,-0.014084625738928373
2023-02-10,4,147,147,-0.008212300848763834
2023-02-10,5,146,146,0.014372963278732286
2023-02-13,1,147,147,-0.04894293932199787
2023-02-13,2,147,147,-0.03082710614505963
2023-02-13,3,146,146,-0.015710015291937825
2023-02-13,4,147,147,-0.009294447195713542
2023-02-13,5,146,146,0.01765172989823131
2023-02-14,1,147,147,-0.050328616067324125
2023-02-14,2,147,147,-0.03671191180489706
2023-02-14,3,147,147,-0.01859362100407801
2023-02-14,4,147,147,-0.017017207511897534
2023-02-14,5,146,146,0.005915018468914171
2023-02-15,1,147,147,-0.0502307534680974
2023-02-15,2,147,147,-0.03643317749972229
2023-02-15,3,147,147,-0.02869197136355784
2023-02-15,4,147,147,-0.02062673211507872
2023-02-15,5,146,146,0.010153582057683951
2023-02-16,1,147,147,-0.036791570876622964
2023-02-16,2,147,147,-0.025362171601328632
2023-02-16,3,147,147,-0.009415251395177208
2023-02-16,4,147,147,-0.003760126674329399
2023-02-16,5,146,146,0.0188925454732847
2023-02-17,1,147,147,-0.028705518501611994
2023-02-17,2,147,147,-0.022617867563217407
2023-02-17,3,147,147,-0.006560324722853359
2023-02-17,4,147,147,0.009190682166886233
2023-02-17,5,146,146,0.028727109390312866
2023-02-20,1,148,148,-0.0463005425741364
2023-02-20,2,148,148,-0.045139049271314874
2023-02-20,3,147,147,-0.02503166554734911
2023-02-20,4,148,148,-0.013921585563432764
2023-02-20,5,147,147,-0.0031553792683870117
2023-02-21,1,149,149,-0.029158900057933125
2023-02-21,2,149,149,-0.03460652825129603
2023-02-21,3,148,148,-0.010689966896255346
2023-02-21,4,149,149,-0.004897774284872594
2023-02-21,5,148,148,0.0008020286129820334
2023-02-22,1,149,149,-0.031451296368571593
2023-02-22,2,148,148,-0.039721693373529675
2023-02-22,3,149,149,-0.013323484523621561
2023-02-22,4,148,148,-0.005103015090551261
2023-02-22,5,148,148,0.002023333522075867
2023-02-23,1,148,148,-0.025638438120070103
2023-02-23,2,148,148,-0.024789012230732956
2023-02-23,3,148,148,0.001682529293370788
2023-02-23,4,148,148,0.00814481302511993
2023-02-23,5,148,148,0.01317769391176591
2023-02-24,1,149,149,-0.020819298751055416
2023-02-24,2,148,148,-0.013077903096398844
2023-02-24,3,148,148,0.007704987757668093
2023-02-24,4,148,148,0.006045614929584376
2023-02-24,5,148,148,0.01549732169304343
2023-02-27,1,148,148,-0.01976614170798873
2023-02-27,2,148,148,-0.013961636449992178
2023-02-27,3,147,147,0.006908461281848531
2023-02-27,4,148,148,0.007372674126475689
2023-02-27,5,147,147,0.015777297868275343
2023-02-28,1,148,148,-0.027988823597583146
2023-02-28,2,148,148,-0.026462701586152895
2023-02-28,3,148,148,-0.0036100431441940077
2023-02-28,4,148,148,-0.00461265885420733
2023-02-28,5,148,148,0.0035904711960245313
2023-03-01,1,149,149,-0.03659411895523339
2023-03-01,2,148,148,-0.041653268178072966
2023-03-01,3,149,149,-0.012943717152240427
2023-03-01,4,148,148,-0.01807579379118357
2023-03-01,5,148,148,-0.01479776783962358
2023-03-02,1,149,149,-0.02999923482238768
2023-03-02,2,148,148,-0.03235223257621268
2023-03-02,3,149,149,-0.015712725763736873
2023-03-02,4,148,148,-0.017342578354835332
2023-03-02,5,148,148,-0.013081055340651588
2023-03-03,1,149,149,-0.023951693187059555
2023-03-03,2,149,149,-0.01962098098596875
2023-03-03,3,148,147,-0.010857864233105495
2023-03-03,4,149,149,-0.007286483590884727
2023-03-03,5,148,148,-0.008558103602551874
2023-03-06,1,149,149,-0.010373498596593174
2023-03-06,2,148,148,-0.006262135987003078
2023-03-06,3,148,148,0.0004755269711046698
2023-03-06,4,148,148,0.006880592202748495
2023-03-06,5,148,148,0.004858622901469608
2023-03-07,1,148,148,0.004577545714105479
2023-03-07,2,148,148,0.011459465502979917
2023-03-07,3,148,148,0.01615122688477881
2023-03-07,4,148,148,0.03170919353758299
2023-03-07,5,148,148,0.02844034834681075
2023-03-08,1,149,149,0.005041849805558795
2023-03-08,2,148,148,0.009745134654216468
2023-03-08,3,148,148,0.018066802111044285
2023-03-08,4,148,148,0.026418816996697743
2023-03-08,5,148,148,0.024725927553444393
2023-03-09,1,149,149,0.02618266220694936
2023-03-09,2,148,148,0.02484426859803451
2023-03-09,3,148,148,0.03213736015764164
2023-03-09,4,148,148,0.045966554016004316
2023-03-09,5,148,148,0.03653821489492077
2023-03-10,1,148,148,0.029969485893677122
2023-03-10,2,148,148,0.02391340592480757
2023-03-10,3,148,148,0.03231726324970743
2023-03-10,4,148,148,0.04098277455458923
2023-03-10,5,147,147,0.03593094365321233
2023-03-13,1,148,148,0.0322350913991596
2023-03-13,2,148,148,0.018724832275311142
2023-03-13,3,148,148,0.021755464872601746
2023-03-13,4,148,148,0.03243206405975046
2023-03-13,5,147,147,0.033319337697814914
2023-03-14,1,148,148,0.035701666843482395
2023-03-14,2,148,148,0.022803182282347387
2023-03-14,3,147,147,0.02862198101607456
2023-03-14,4,148,148,0.040535101885056844
2023-03-14,5,147,147,0.04785915329708801
2023-03-15,1,148,148,0.03821956551199467
2023-03-15,2,148,148,0.019555958951357012
2023-03-15,3,148,148,0.029799187798535597
2023-03-15,4,148,148,0.040779843542356045
2023-03-15,5,148,148,0.04114826028998705
2023-03-16,1,148,148,0.04421707869928326
2023-03-16,2,148,148,0.029574165100371603
2023-03-16,3,147,147,0.0319230337545654
2023-03-16,4,148,148,0.036495401934619726
2023-03-16,5,147,146,0.037345067236046234
2023-03-17,1,148,148,0.050010508862789155
2023-03-17,2,148,148,0.031452473842120465
2023-03-17,3,148,148,0.034346040533355174
2023-03-17,4,148,148,0.037131431664571383
2023-03-17,5,147,147,0.04321772762959527
2023-03-20,1,148,148,0.04961013359927006
2023-03-20,2,147,147,0.03389567154616395
2023-03-20,3,147,147,0.03729755745059735
2023-03-20,4,147,147,0.04431579810523705
2023-03-20,5,147,147,0.04991111710531004
2023-03-21,1,148,148,0.028503682081894022
2023-03-21,2,147,147,0.012070418664724858
2023-03-21,3,148,148,0.01850699552723932
2023-03-21,4,147,147,0.025310709330278826
2023-03-21,5,147,147,0.04153600638583817
2023-03-22,1,148,148,0.026938590309288486
2023-03-22,2,147,147,0.01513828571552357
2023-03-22,3,148,148,0.008772275549212222
2023-03-22,4,147,147,0.02331400544764991
2023-03-22,5,147,147,0.04124336506795825
2023-03-23,1,147,147,-0.004112612623275405
2023-03-23,2,147,147,-0.02378863282628229
2023-03-23,3,147,147,-0.02306287293594312
2023-03-23,4,147,147,-0.008621436871921004
2023-03-23,5,147,147,0.014792762054432492
2023-03-24,1,147,147,-0.005950381834215129
2023-03-24,2,147,147,-0.029752968170623634
2023-03-24,3,147,147,-0.028195530208798062
2023-03-24,4,147,147,-0.013987762835315557
2023-03-24,5,147,147,0.015512520207741149
2023-03-27,1,147,147,-0.0278989947744246
2023-03-27,2,147,147,-0.04769887596409129
2023-03-27,3,147,147,-0.041860589918976045
2023-03-27,4,147,147,-0.023849923220311434
2023-03-27,5,147,147,0.0012529015851707155
2023-03-28,1,147,147,-0.022465126101695543
2023-03-28,2,147,147,-0.04396613170701784
2023-03-28,3,147,147,-0.038822067889792686
2023-03-28,4,147,146,-0.020309208805834325
2023-03-28,5,147,147,0.004948429266991715
2023-03-29,1,147,147,-0.015735981944529718
2023-03-29,2,147,147,-0.03169525837399181
2023-03-29,3,146,146,-0.030352134028583878
2023-03-29,4,147,146,-0.006109325331964118
2023-03-29,5,146,146,0.014045941993505558
2023-03-30,1,147,147,-0.005441752974000389
2023-03-30,2,146,146,-0.02547393734513293
2023-03-30,3,146,146,-0.021096752861196773
2023-03-30,4,146,145,0.0038785256184231003
2023-03-30,5,146,146,0.02383119260009044
2023-03-31,1,146,146,-0.008104230638134043
2023-03-31,2,146,146,-0.029971874674026604
2023-03-31,3,146,146,-0.01958267038368478
2023-03-31,4,146,145,0.008222603772199813
2023-03-31,5,146,146,0.024361596589456823
2023-04-03,1,146,146,-0.02782147707891773
2023-04-03,2,146,146,-0.044043324690943145
2023-04-03,3,146,146,-0.03729599302272501
2023-04-03,4,146,145,-0.005630337835659194
2023-04-03,5,146,146,0.010414879099041808
2023-04-04,1,146,146,-0.02136567712600809
2023-04-04,2,146,146,-0.032855822361608236
2023-04-04,3,146,146,-0.025514272450852225
2023-04-04,4,146,145,0.005094497117756456
2023-04-04,5,146,146,0.019382481939391485
2023-04-06,1,146,146,-0.03316631279269448
2023-04-06,2,146,146,-0.05048815649298252
2023-04-06,3,146,145,-0.04772936298014784
2023-04-06,4,146,145,-0.01176859517543738
2023-04-06,5,146,146,0.010859315129569341
2023-04-07,1,146,146,-0.03995576267466625
2023-04-07,2,146,146,-0.05765527509840706
2023-04-07,3,146,145,-0.05002257547143463
2023-04-07,4,146,146,-0.014884697320450533
2023-04-07,5,146,145,-0.002817392068427646
2023-04-10,1,146,146,-0.031680466855422106
2023-04-10,2,146,146,-0.04585644025386452
2023-04-10,3,146,145,-0.05190360159316943
2023-04-10,4,146,145,-0.0050876958847386996
2023-04-10,5,145,145,0.0002464950861605605
2023-04-11,1,146,146,-0.05297462797247208
2023-04-11,2,146,146,-0.05898156746715969
2023-04-11,3,146,145,-0.05826302435790665
2023-04-11,4,146,145,-0.022190737347513617
2023-04-11,5,146,146,-0.015248068340356592
2023-04-12,1,147,147,-0.043399009511450225
2023-04-12,2,147,147,-0.048714829678951715
2023-04-12,3,147,146,-0.0414475233397171
2023-04-12,4,147,147,-0.017631559902578964
2023-04-12,5,146,146,-0.015642662036169035
2023-04-13,1,147,147,-0.051808649862628585
2023-04-13,2,146,146,-0.05749386821066209
2023-04-13,3,146,145,-0.04606247570455904
2023-04-13,4,146,146,-0.03131687180562974
2023-04-13,5,146,146,-0.021062634255758297
2023-04-14,1,147,147,-0.05207939209169783
2023-04-14,2,146,146,-0.055596319641917934
2023-04-14,3,146,145,-0.04289984510571607
2023-04-14,4,146,146,-0.017668583853669612
2023-04-14,5,146,145,-0.0170769579037106
2023-04-17,1,146,146,-0.05921939948355175
2023-04-17,2,146,146,-0.0627555960065182
2023-04-17,3,146,145,-0.04756784537685614
2023-04-17,4,146,146,-0.02925719633638314
2023-04-17,5,146,146,-0.026864566764882344
2023-04-18,1,146,146,-0.06101887081608672
2023-04-18,2,146,146,-0.05723754545229639
2023-04-18,3,146,145,-0.04513294010683262
2023-04-18,4,146,146,-0.025325489368761927
2023-04-18,5,145,145,-0.033637335297521706
2023-04-19,1,146,146,-0.0507873711963803
2023-04-19,2,145,145,-0.04662844789697331
2023-04-19,3,146,145,-0.038942347265207546
2023-04-19,4,145,145,-0.01616694750826592
2023-04-19,5,145,145,-0.027397341939297753
2023-04-20,1,146,146,-0.058858871008725076
2023-04-20,2,146,146,-0.055504129988137425
2023-04-20,3,146,146,-0.048499647476364344
2023-04-20,4,146,146,-0.022124703266968786
2023-04-20,5,145,145,-0.039636189362565195
2023-04-21,1,146,146,-0.04092622576205079
2023-04-21,2,145,145,-0.04019100571604876
2023-04-21,3,146,146,-0.03287104330063625
2023-04-21,4,145,145,-0.006024100242442763
2023-04-21,5,145,145,-0.028400691658232533
2023-04-24,1,145,145,-0.03593550060453568
2023-04-24,2,145,145,-0.03276941295552623
2023-04-24,3,145,145,-0.025574541768380248
2023-04-24,4,145,145,-0.005143657951940123
2023-04-24,5,145,145,-0.02130292307766633
2023-04-25,1,146,146,-0.013761365240497658
2023-04-25,2,145,145,-0.0021637885633331924
2023-04-25,3,145,145,0.00390696844879688
2023-04-25,4,145,145,0.023786355052060334
2023-04-25,5,145,145,0.0015623261475496484
2023-04-26,1,145,145,-0.028288349712943455
2023-04-26,2,145,145,-0.011538481929048132
2023-04-26,3,144,143,-0.0023984711648504776
2023-04-26,4,145,145,0.012077779769774291
2023-04-26,5,144,144,-0.0012757002356300886
2023-04-27,1,144,144,-0.028356828145121242
2023-04-27,2,144,144,-0.0152573523287146
2023-04-27,3,143,143,-0.005240659180513295
2023-04-27,4,144,144,0.007344924418085947
2023-04-27,5,143,143,-0.004041631053054232
2023-04-28,1,144,144,-0.04538947790002748
2023-04-28,2,144,144,-0.029155381488689472
2023-04-28,3,144,144,-0.017836898672650536
2023-04-28,4,144,144,-0.006802093283968865
2023-04-28,5,144,144,-0.018370766356864736
2023-05-04,1,143,143,-0.04276839272856973
2023-05-04,2,143,143,-0.03032964635374185
2023-05-04,3,143,143,-0.011355007097507927
2023-05-04,4,143,143,-0.016124905859708084
2023-05-04,5,143,143,-0.02476405058202694
2023-05-05,1,142,142,-0.025200754879055997
2023-05-05,2,142,142,-0.00923235510890487
2023-05-05,3,142,142,0.0010088304635664821
2023-05-05,4,142,142,-0.008021065524789709
2023-05-05,5,142,142,-0.014269526489630221
2023-05-08,1,143,143,-0.03052586123243743
2023-05-08,2,143,143,-0.02069190386298038
2023-05-08,3,142,142,-0.014256748892786459
2023-05-08,4,143,143,-0.014799791707261648
2023-05-08,5,142,142,-0.02322035622481993
2023-05-09,1,142,142,-0.03462700542844614
2023-05-09,2,142,142,-0.02624859702615607
2023-05-09,3,142,141,-0.02341520991244497
2023-05-09,4,142,142,-0.01819143904459326
2023-05-09,5,141,141,-0.024085861764412287
2023-05-10,1,141,141,-0.04153595014093228
2023-05-10,2,141,140,-0.030693760019801467
2023-05-10,3,141,141,-0.020154845249452595
2023-05-10,4,141,141,-0.012130700417239217
2023-05-10,5,141,141,-0.025064196624750693
2023-05-11,1,141,141,-0.039203776965597625
2023-05-11,2,141,140,-0.026940071514194124
2023-05-11,3,141,141,-0.01607038958560896
2023-05-11,4,141,141,-0.007494661326514638
2023-05-11,5,141,141,-0.017952951442323457
2023-05-12,1,142,142,-0.02117288774959886
2023-05-12,2,142,141,-0.008286329472925383
2023-05-12,3,141,141,-0.0018792508638289175
2023-05-12,4,142,142,0.0024307699934186877
2023-05-12,5,141,141,-0.008686770345785513
2023-05-15,1,142,142,-0.017342183478114403
2023-05-15,2,141,140,-0.012092647489389033
2023-05-15,3,141,141,-0.003463675804993233
2023-05-15,4,141,141,-0.007330403270227119
2023-05-15,5,141,141,-0.013464522051286522
2023-05-16,1,141,141,0.0021005185445926795
2023-05-16,2,141,140,0.012596888050471681
2023-05-16,3,141,141,0.008160591346093059
2023-05-16,4,141,141,0.00911998652302293
2023-05-16,5,141,141,-0.0008852206731189776
2023-05-17,1,141,141,-8.29385712987389e-05
2023-05-17,2,140,139,0.01613927387167014
2023-05-17,3,141,141,0.00151532673992792
2023-05-17,4,140,140,-0.002468401938872955
2023-05-17,5,140,140,-0.003912105863173541
2023-05-18,1,140,140,0.020653866049150555
2023-05-18,2,140,139,0.013846876233776225
2023-05-18,3,140,140,0.014997073591462445
2023-05-18,4,140,140,0.003734849745461799
2023-05-18,5,140,140,0.0017627579628566243
2023-05-19,1,140,140,0.024014519840267687
2023-05-19,2,139,138,0.020951444626321283
2023-05-19,3,140,140,0.021981396297606717
2023-05-19,4,139,139,0.011186249268563236
2023-05-19,5,139,139,0.010206116835922138
2023-05-22,1,138,138,0.024079051116989412
2023-05-22,2,138,137,0.007371372119469892
2023-05-22,3,138,138,0.0229068881914525
2023-05-22,4,138,138,0.0014998593512728878
2023-05-22,5,137,137,0.004462977523845207
2023-05-23,1,138,138,0.03263024848661482
2023-05-23,2,138,138,0.017261915414619806
2023-05-23,3,138,138,0.041231331261478744
2023-05-23,4,138,138,0.012215547530340425
2023-05-23,5,137,137,0.012765553441466009
2023-05-24,1,138,138,0.015825879549777707
2023-05-24,2,138,138,-0.00029939936145923906
2023-05-24,3,137,137,0.012459950716998137
2023-05-24,4,138,138,0.004888683810654673
2023-05-24,5,137,137,0.004905254939074286
2023-05-25,1,138,138,0.011111257390159302
2023-05-25,2,137,137,-0.008024237732604435
2023-05-25,3,137,137,-0.006595319928018743
2023-05-25,4,137,137,-0.004812554584726317
2023-05-25,5,137,137,-0.0013047071756117396
2023-05-26,1,137,137,0.01640270099542167
2023-05-26,2,136,136,-0.008166351915137633
2023-05-26,3,137,137,0.003336893121600709
2023-05-26,4,136,136,-0.008463204128652665
2023-05-26,5,136,136,0.004804965028824652
2023-05-29,1,135,135,0.02470730988538581
2023-05-29,2,135,135,-0.0011850359287710478
2023-05-29,3,134,134,0.002033052046087759
2023-05-29,4,135,135,-0.006959987403124134
2023-05-29,5,134,134,0.004430576509795248
2023-05-30,1,134,134,0.0164272685896145
2023-05-30,2,134,134,0.0028665142614590433
2023-05-30,3,134,134,0.00860509985837895
2023-05-30,4,134,134,-0.004468907207107862
2023-05-30,5,134,134,0.005960202436209851
2023-05-31,1,135,135,0.03892399025721729
2023-05-31,2,135,135,0.01660631187481306
2023-05-31,3,134,134,0.01684149040613244
2023-05-31,4,135,135,0.0156744512124689
2023-05-31,5,134,134,0.01820703892524515
2023-06-01,1,136,135,0.037157638804521706
2023-06-01,2,135,135,0.01835731957503303
2023-06-01,3,136,136,0.012081607976337505
2023-06-01,4,135,135,0.011210704441695087
2023-06-01,5,135,135,0.023089657571965884
2023-06-02,1,134,133,0.028845705970618307
2023-06-02,2,133,133,0.013729819199722078
2023-06-02,3,133,133,0.010716852247842985
2023-06-02,4,133,133,0.0028370092573198583
2023-06-02,5,133,133,0.013510383650506413
2023-06-05,1,135,134,0.02387876387389586
2023-06-05,2,134,134,0.009016846719579832
2023-06-05,3,135,135,0.007415158122446204
2023-06-05,4,134,134,-0.0049250244434187
2023-06-05,5,134,134,0.006680446893452627
2023-06-06,1,134,134,0.031812072146448614
2023-06-06,2,134,134,0.019089820955244623
2023-06-06,3,134,134,0.025277413724572206
2023-06-06,4,134,134,0.0002611031556518667
2023-06-06,5,133,133,0.013509934182994553
2023-06-07,1,135,135,0.033656441548947195
2023-06-07,2,135,134,0.02714073396656192
2023-06-07,3,135,135,0.018268598552040587
2023-06-07,4,135,135,-0.0037149355896739867
2023-06-07,5,135,135,0.020261548430403342
2023-06-08,1,134,134,0.030667339937317795
2023-06-08,2,133,133,0.021914539973281286
2023-06-08,3,134,134,0.021716184477353104
2023-06-08,4,133,133,-0.00701425066345115
2023-06-08,5,133,133,0.015012038686857045
2023-06-09,1,134,134,0.04153351609237142
2023-06-09,2,134,134,0.01360108626832594
2023-06-09,3,134,134,0.02631872958918795
2023-06-09,4,134,134,-0.0003494494222749447
2023-06-09,5,133,133,0.018908628795137872
2023-06-12,1,132,132,0.018142158735856426
2023-06-12,2,132,132,-0.0010885297890565395
2023-06-12,3,132,132,0.012040697422233376
2023-06-12,4,132,132,-0.006691444761539893
2023-06-12,5,132,132,0.006142709257513044
2023-06-13,1,133,133,0.017723837633105297
2023-06-13,2,132,132,0.0027212838180825185
2023-06-13,3,132,132,0.01712578476680272
2023-06-13,4,132,132,0.005617136345429912
2023-06-13,5,132,132,0.014348969513029509
2023-06-14,1,134,134,0.0074937814662190605
2023-06-14,2,133,133,-0.001126627850172116
2023-06-14,3,133,133,0.014270376596437973
2023-06-14,4,133,133,0.00020633500670618225
2023-06-14,5,133,133,0.009417568348670892
2023-06-15,1,135,135,-0.014767141697148935
2023-06-15,2,134,134,-0.0006745913309286448
2023-06-15,3,134,134,0.003317359387101974
2023-06-15,4,134,134,0.0032301456987166395
2023-06-15,5,134,134,-0.0011009318095885536
2023-06-16,1,134,134,-0.016313268513931667
2023-06-16,2,134,134,-0.01947754305339163
2023-06-16,3,134,134,-0.0070368115341376825
2023-06-16,4,134,134,-0.004329762867426298
2023-06-16,5,133,133,-0.006777859877103354
2023-06-19,1,132,132,-0.007420767010290596
2023-06-19,2,132,132,-0.01437607232930809
2023-06-19,3,132,132,-0.0027906694203077473
2023-06-19,4,132,132,-0.006018628694387248
2023-06-19,5,131,131,0.006192972472950134
2023-06-20,1,134,134,-0.01099158838562394
2023-06-20,2,133,133,-0.024215571027354568
2023-06-20,3,133,133,-0.023272532896899286
2023-06-20,4,133,133,-0.015259564558240773
2023-06-20,5,133,133,0.0027513884165175253
2023-06-21,1,135,135,0.0120063119995467
2023-06-21,2,135,135,0.003459408675056312
2023-06-21,3,134,134,-0.0027688880572263415
2023-06-21,4,135,135,-0.00015163400468078957
2023-06-21,5,134,134,0.01930454989660453
2023-06-26,1,132,132,0.02407452122081565
2023-06-26,2,132,132,0.026240220769482372
2023-06-26,3,132,132,0.020587664578408212
2023-06-26,4,132,132,0.022601019903180242
2023-06-26,5,131,131,0.04414195596007633
2023-06-27,1,132,132,0.023876756147402544
2023-06-27,2,132,132,0.016820495094753286
2023-06-27,3,131,131,0.015466846989288328
2023-06-27,4,132,132,0.022599396829506853
2023-06-27,5,131,131,0.03779419375755831
2023-06-28,1,132,132,0.02354935657296932
2023-06-28,2,132,132,0.019149469400965378
2023-06-28,3,131,131,0.015558150488851957
2023-06-28,4,132,132,0.021206227431604358
2023-06-28,5,131,131,0.03665873346251094
2023-06-29,1,133,133,0.014465614427661195
2023-06-29,2,132,132,0.006179018707909525
2023-06-29,3,133,133,0.005158353732065597
2023-06-29,4,132,132,-0.0004515592747964562
2023-06-29,5,132,132,0.028853389193883004
2023-06-30,1,134,134,0.021793029729728332
2023-06-30,2,133,133,0.013744547982290203
2023-06-30,3,134,134,0.01804211843709136
2023-06-30,4,133,133,0.0006722881925439879
2023-06-30,5,133,133,0.04373225403131928
2023-07-03,1,134,134,0.021605741145115896
2023-07-03,2,133,132,0.0107304110482097
2023-07-03,3,133,133,0.009323561426531256
2023-07-03,4,133,133,0.0060633271629164445
2023-07-03,5,133,133,0.036203159078760275
2023-07-04,1,133,133,0.020610420098633717
2023-07-04,2,133,133,0.007044333281666808
2023-07-04,3,133,133,0.010300293476182469
2023-07-04,4,133,133,-0.0008827773316389477
2023-07-04,5,133,133,0.02920481183379425
2023-07-05,1,134,134,0.017925257373876635
2023-07-05,2,133,133,0.014679993045968327
2023-07-05,3,134,134,0.01314731408286247
2023-07-05,4,133,133,0.010559725859498631
2023-07-05,5,133,133,0.02700785727865104
2023-07-06,1,133,133,0.039923040846286624
2023-07-06,2,133,133,0.031815788621074106
2023-07-06,3,133,133,0.025309782577521776
2023-07-06,4,133,133,0.028699217122137393
2023-07-06,5,133,133,0.04083197111091776
2023-07-07,1,135,135,0.023611855741302524
2023-07-07,2,135,135,0.02851971649003684
2023-07-07,3,135,135,0.021614390793291492
2023-07-07,4,135,135,0.02907060356685057
2023-07-07,5,134,134,0.03052174967898141
2023-07-10,1,134,134,0.021730522463410992
2023-07-10,2,134,134,0.02225100259527179
2023-07-10,3,134,134,0.018004280184896356
2023-07-10,4,134,134,0.02089106303589015
2023-07-10,5,134,134,0.024517832774946336
2023-07-11,1,134,134,0.013415597418023636
2023-07-11,2,134,134,0.00770042863512463
2023-07-11,3,134,134,0.008078983644342761
2023-07-11,4,134,134,0.008665615090703665
2023-07-11,5,134,134,0.022511837140282685
2023-07-12,1,134,134,0.01149962630546473
2023-07-12,2,134,134,0.011435823919612315
2023-07-12,3,133,133,0.009782060996384446
2023-07-12,4,134,134,0.01782328335491896
2023-07-12,5,133,133,0.019629733995125704
2023-07-13,1,135,135,0.005261776996942159
2023-07-13,2,134,134,0.0064226022679757765
2023-07-13,3,135,135,0.0029587799729483455
2023-07-13,4,134,134,0.0025341557876249724
2023-07-13,5,134,134,0.014961361776783822
2023-07-14,1,135,135,-0.01499433538038504
2023-07-14,2,135,135,-0.02174014031442903
2023-07-14,3,135,135,-0.027858889994381093
2023-07-14,4,135,135,-0.017984341926573763
2023-07-14,5,135,135,-0.0065447971034817125
2023-07-17,1,135,135,-0.004266522408927946
2023-07-17,2,134,134,-0.01927287513569868
2023-07-17,3,135,135,-0.015382419153987978
2023-07-17,4,134,134,-0.005638705674449174
2023-07-17,5,134,134,-0.0040960141707334615
2023-07-18,1,135,135,-0.008041594768002449
2023-07-18,2,135,135,-0.028915061240729272
2023-07-18,3,135,135,-0.02185398406416886
2023-07-18,4,135,135,-0.01761046988568281
2023-07-18,5,135,135,-0.00343346039749614
2023-07-19,1,135,135,-0.019493869754040157
2023-07-19,2,135,135,-0.04011883952940332
2023-07-19,3,135,135,-0.029503732817787218
2023-07-19,4,135,135,-0.026008346000120048
2023-07-19,5,134,134,-0.01573866018977235
2023-07-20,1,135,135,-0.0033645550718529402
2023-07-20,2,135,135,-0.011852602829841852
2023-07-20,3,135,135,0.0015306469800434276
2023-07-20,4,135,135,-0.004301943837174975
2023-07-20,5,135,135,-0.0003162634891661197
2023-07-21,1,136,136,-0.023685928306542745
2023-07-21,2,136,136,-0.03559000240934284
2023-07-21,3,136,136,-0.016849326118610754
2023-07-21,4,136,136,-0.01677646469471438
2023-07-21,5,135,135,-0.013714680498703407
2023-07-24,1,136,136,-0.04025381905498474
2023-07-24,2,136,136,-0.048397102104547736
2023-07-24,3,136,136,-0.03398543234114986
2023-07-24,4,136,136,-0.03751297767525298
2023-07-24,5,135,135,-0.029142645143104384
2023-07-25,1,137,137,-0.048225894847674956
2023-07-25,2,136,136,-0.056312234192658094
2023-07-25,3,136,136,-0.043632471858020744
2023-07-25,4,136,136,-0.042966985198244455
2023-07-25,5,136,136,-0.037858135189662655
2023-07-26,1,138,138,-0.06092949164496486
2023-07-26,2,138,138,-0.0661751729844873
2023-07-26,3,138,138,-0.05032789563035274
2023-07-26,4,138,138,-0.04869926662161343
2023-07-26,5,137,137,-0.04105005548847051
2023-07-27,1,139,139,-0.04962331785354467
2023-07-27,2,138,138,-0.06414126785996516
2023-07-27,3,138,138,-0.05038913500432093
2023-07-27,4,138,138,-0.04472317558988656
2023-07-27,5,138,138,-0.038624733432185414
2023-07-28,1,139,139,-0.024942535632565058
2023-07-28,2,138,138,-0.038297984742326936
2023-07-28,3,138,138,-0.03085984129577012
2023-07-28,4,138,138,-0.025613088153099494
2023-07-28,5,138,138,-0.020574471283564627
2023-07-31,1,139,139,-0.07025326098725919
2023-07-31,2,138,138,-0.08989195669861387
2023-07-31,3,139,138,-0.06941407611976215
2023-07-31,4,138,138,-0.07021873254381066
2023-07-31,5,138,138,-0.052640142350732964
2023-08-01,1,139,139,-0.04483185265364001
2023-08-01,2,138,138,-0.06425705314909716
2023-08-01,3,139,138,-0.047335284198346185
2023-08-01,4,138,138,-0.04529693183181121
2023-08-01,5,138,138,-0.030520603296367445
2023-08-02,1,139,139,-0.04423417403544416
2023-08-02,2,139,139,-0.06088799282482284
2023-08-02,3,139,138,-0.04938784458786636
2023-08-02,4,139,139,-0.04227553273739374
2023-08-02,5,139,139,-0.023884366888976886
2023-08-03,1,139,139,-0.06153595906437425
2023-08-03,2,139,139,-0.06831233327276216
2023-08-03,3,139,138,-0.0630974495883275
2023-08-03,4,139,139,-0.05162385626837789
2023-08-03,5,138,138,-0.03999942103467821
2023-08-04,1,140,140,-0.0512682150180006
2023-08-04,2,139,139,-0.061515974154855234
2023-08-04,3,140,139,-0.052231981866416664
2023-08-04,4,139,139,-0.05109082654732345
2023-08-04,5,139,139,-0.023584554780691692
2023-08-07,1,139,139,-0.034914608158085454
2023-08-07,2,139,139,-0.04950926825726498
2023-08-07,3,139,138,-0.03663715269931545
2023-08-07,4,139,139,-0.035679163216915936
2023-08-07,5,138,138,-0.0031969576150921403
2023-08-08,1,139,139,-0.04362383621552134
2023-08-08,2,139,139,-0.05385071485267843
2023-08-08,3,139,138,-0.03981923734805944
2023-08-08,4,139,139,-0.03807570139101465
2023-08-08,5,139,139,-0.010309122785381647
2023-08-09,1,139,139,-0.03959874875334917
2023-08-09,2,139,139,-0.04336660302052323
2023-08-09,3,139,138,-0.028719337007220583
2023-08-09,4,139,139,-0.029845403989706254
2023-08-09,5,139,139,-0.003302284329125744
2023-08-10,1,139,139,-0.056820041181638824
2023-08-10,2,139,139,-0.061548028414093146
2023-08-10,3,139,138,-0.05425761091985727
2023-08-10,4,139,139,-0.041665221034169864
2023-08-10,5,139,139,-0.018779299827507284
2023-08-11,1,140,140,-0.02335135872554397
2023-08-11,2,140,140,-0.025828611817149363
2023-08-11,3,140,139,-0.017132846739221098
2023-08-11,4,140,140,-0.009769777434500651
2023-08-11,5,139,139,0.004443509581108611
2023-08-14,1,140,140,-0.021917135867610137
2023-08-14,2,139,139,-0.02508815636010297
2023-08-14,3,140,140,-0.015242148712261327
2023-08-14,4,139,139,-0.013158811227468203
2023-08-14,5,139,139,0.006363347439321258
2023-08-15,1,140,140,-0.013775942184940777
2023-08-15,2,139,139,-0.014985152065927423
2023-08-15,3,139,139,-0.010453097283366412
2023-08-15,4,139,139,-0.009817853151746457
2023-08-15,5,139,139,0.012352124747564816
2023-08-16,1,139,139,-0.014267347617756273
2023-08-16,2,139,139,-0.014449179816188342
2023-08-16,3,139,139,-0.00875176177882692
2023-08-16,4,139,139,-0.010654350092363232
2023-08-16,5,139,139,0.01278411399837794
2023-08-17,1,139,139,-0.0203003615606083
2023-08-17,2,139,139,-0.024600535320807044
2023-08-17,3,138,138,-0.02690308736884472
2023-08-17,4,139,139,-0.024115048417906085
2023-08-17,5,138,138,0.011493052007201746
2023-08-18,1,140,140,-0.001908367925672497
2023-08-18,2,140,140,-0.006260113053685556
2023-08-18,3,139,139,-0.016169055432696408
2023-08-18,4,140,140,-0.014664101463614736
2023-08-18,5,139,139,0.02256716180115305
2023-08-21,1,140,140,0.007884326159604278
2023-08-21,2,139,139,0.0003431302241851944
2023-08-21,3,140,140,-0.004589022945812587
2023-08-21,4,139,139,-0.0034417016930034057
2023-08-21,5,139,139,0.032216347760144703
2023-08-22,1,140,140,4.7777068586035695e-05
2023-08-22,2,140,140,-0.0013454100386087987
2023-08-22,3,139,139,-0.015022910969222673
2023-08-22,4,140,140,-0.011586465418123382
2023-08-22,5,139,139,0.0278190488890856
2023-08-23,1,140,140,0.007687824630231547
2023-08-23,2,140,140,0.001947988796891374
2023-08-23,3,139,139,-0.00402432565708017
2023-08-23,4,140,140,-0.005246677724363883
2023-08-23,5,139,139,0.032039472134115794
2023-08-24,1,140,140,0.0023659297877138353
2023-08-24,2,140,140,0.0003305074176397883
2023-08-24,3,140,140,-0.002119469938481605
2023-08-24,4,140,140,-0.00696037610436232
2023-08-24,5,140,140,0.02721942245416926
2023-08-25,1,141,141,-0.03014060922273151
2023-08-25,2,140,140,-0.01975802993502262
2023-08-25,3,140,140,-0.028033397675574247
2023-08-25,4,140,140,-0.026203762237802672
2023-08-25,5,140,140,-0.0015059351499548306
2023-08-28,1,141,141,0.011878403048234306
2023-08-28,2,140,139,0.017117963116334397
2023-08-28,3,140,140,0.011784696140023755
2023-08-28,4,140,140,0.006951963062520812
2023-08-28,5,140,140,0.031712595751390286
2023-08-29,1,140,140,-0.01422756507443467
2023-08-29,2,140,140,-0.012894071969416582
2023-08-29,3,140,140,-0.018730688179941907
2023-08-29,4,140,140,-0.02230006377869414
2023-08-29,5,140,140,0.006829761380615782
2023-08-30,1,140,140,-0.004760737978738
2023-08-30,2,140,140,0.0025733510186929202
2023-08-30,3,140,140,-0.017227334731779637
2023-08-30,4,140,140,-0.018117192247328957
2023-08-30,5,140,140,0.013366047007124076
2023-08-31,1,141,141,-0.007028557860596654
2023-08-31,2,140,140,0.00569539836287477
2023-08-31,3,140,140,-0.011572283358368815
2023-08-31,4,140,140,-0.011412375219622224
2023-08-31,5,140,140,0.014841340996287882
2023-09-01,1,141,141,-0.015933340543075287
2023-09-01,2,140,140,0.002655640391129713
2023-09-01,3,140,140,-0.016205587641838194
2023-09-01,4,140,140,-0.017354296237307037
2023-09-01,5,140,140,0.002865859674465248
2023-09-04,1,141,141,-0.030385574096490828
2023-09-04,2,140,140,-0.01463671878239309
2023-09-04,3,141,141,-0.029579675403215003
2023-09-04,4,140,140,-0.02904798686346349
2023-09-04,5,140,140,-0.015054935779391888
2023-09-05,1,141,141,-0.016715510561623934
2023-09-05,2,141,141,0.0021004938904880146
2023-09-05,3,140,140,-0.015593533950794432
2023-09-05,4,141,141,-0.016038958876525445
2023-09-05,5,140,140,-0.008566648211584689
2023-09-06,1,141,141,-0.020544801431648642
2023-09-06,2,140,140,-0.004009700328969845
2023-09-06,3,141,141,-0.01954681054931168
2023-09-06,4,140,140,-0.018472480181047617
2023-09-06,5,140,140,-0.006248751591419073
2023-09-07,1,141,141,-0.01108661888121014
2023-09-07,2,140,140,0.020431214276378076
2023-09-07,3,141,141,-0.0025761421767346534
2023-09-07,4,140,140,-0.002776795069952527
2023-09-07,5,140,140,0.009223867126007692
2023-09-08,1,141,141,-0.019760136022675723
2023-09-08,2,140,140,0.0033503763919294233
2023-09-08,3,140,140,-0.014607196124324637
2023-09-08,4,140,140,-0.014012355832779193
2023-09-08,5,140,140,-0.003174696943453849
2023-09-11,1,141,141,-0.035374442231366765
2023-09-11,2,140,140,-0.011801634030470826
2023-09-11,3,140,140,-0.02418039728503705
2023-09-11,4,140,140,-0.02544793619087818
2023-09-11,5,140,140,-0.01394287062736994
2023-09-12,1,141,141,-0.052374054810098214
2023-09-12,2,140,140,-0.02942854521662667
2023-09-12,3,140,140,-0.03733265795866322
2023-09-12,4,140,140,-0.031268236342784535
2023-09-12,5,140,140,-0.030279026765872834
2023-09-13,1,140,140,-0.057977788692849586
2023-09-13,2,140,140,-0.03280558792751505
2023-09-13,3,140,140,-0.04643864195780492
2023-09-13,4,140,140,-0.03460949737366433
2023-09-13,5,140,140,-0.03932897116513289
2023-09-14,1,140,140,-0.06805397376411229
2023-09-14,2,140,140,-0.042111088754931615
2023-09-14,3,140,140,-0.05408199786681679
2023-09-14,4,140,140,-0.03827604844919102
2023-09-14,5,140,140,-0.05077143425900869
2023-09-15,1,141,141,-0.07785003148551908
2023-09-15,2,140,140,-0.051912607075581436
2023-09-15,3,141,141,-0.05773137431736375
2023-09-15,4,140,140,-0.04245712334398087
2023-09-15,5,140,140,-0.05815089204659434
2023-09-18,1,141,141,-0.06486774082435137
2023-09-18,2,140,140,-0.04243335807150215
2023-09-18,3,140,140,-0.04519552843461192
2023-09-18,4,140,140,-0.03238360333448616
2023-09-18,5,140,140,-0.04520549942058986
2023-09-19,1,141,141,-0.06005720948329174
2023-09-19,2,140,140,-0.04051142247689123
2023-09-19,3,140,140,-0.04070858696620199
2023-09-19,4,140,140,-0.02474577353655329
2023-09-19,5,140,140,-0.04993620090894307
2023-09-20,1,141,141,-0.05247040231742308
2023-09-20,2,140,140,-0.028583024929375644
2023-09-20,3,140,140,-0.02552961047705665
2023-09-20,4,140,140,-0.0150782467990853
2023-09-20,5,140,140,-0.03970152844826852
2023-09-21,1,141,141,-0.02169428093333671
2023-09-21,2,140,140,-0.008566469598237684
2023-09-21,3,140,140,0.009515546083420704
2023-09-21,4,140,140,-0.015344827645059565
2023-09-21,5,140,140,-0.018976632624751747
2023-09-22,1,140,140,-0.021049457053385588
2023-09-22,2,140,140,-0.011722592900502109
2023-09-22,3,140,140,0.0005932601396250308
2023-09-22,4,140,140,-0.025199883691833933
2023-09-22,5,140,140,-0.02577887168976988
2023-09-25,1,140,140,-0.02192080388294971
2023-09-25,2,140,140,-0.0037329977990798275
2023-09-25,3,140,140,0.0021051339765850757
2023-09-25,4,140,140,-0.016309439155359214
2023-09-25,5,139,139,-0.02773736358231717
2023-09-26,1,140,140,-0.02125366441621209
2023-09-26,2,140,140,0.0025438203841052632
2023-09-26,3,140,140,-0.01513589138694514
2023-09-26,4,140,140,-0.0017739477976982919
2023-09-26,5,139,139,-0.022676247524539592
2023-09-27,1,140,140,-0.03569399107142645
2023-09-27,2,139,139,-0.017263320939980852
2023-09-27,3,139,139,-0.02947685770598982
2023-09-27,4,139,139,-0.008537490710163385
2023-09-27,5,139,139,-0.03349663936405493
2023-09-28,1,140,140,-0.017938232764257628
2023-09-28,2,139,139,-0.005042090306905505
2023-09-28,3,139,139,-0.014013752995926517
2023-09-28,4,139,139,-0.0017185341140853831
2023-09-28,5,139,139,-0.021936877622359574
2023-10-09,1,140,140,-0.009205262192611316
2023-10-09,2,139,139,0.0032033065416769003
2023-10-09,3,139,139,0.004548238517901109
2023-10-09,4,139,139,-0.0035846151429484124
2023-10-09,5,139,139,-0.013493243712977644
2023-10-10,1,139,139,-0.005738366900251974
2023-10-10,2,139,139,0.012649271775872252
2023-10-10,3,139,139,0.00885941699008892
2023-10-10,4,139,139,0.004211847170628724
2023-10-10,5,139,139,-0.008206162626285582
2023-10-11,1,140,140,-0.007746981901229323
2023-10-11,2,139,139,0.00277426957820924
2023-10-11,3,140,140,0.005396994614286443
2023-10-11,4,139,139,-0.001926775651122459
2023-10-11,5,139,139,-0.00875541501195234
2023-10-12,1,140,140,-0.009620188984179932
2023-10-12,2,139,139,-0.006853637938272563
2023-10-12,3,140,140,0.004181326958488862
2023-10-12,4,139,139,-0.007241647744355961
2023-10-12,5,139,139,-0.017710115741061294
2023-10-13,1,140,140,-0.004289008105193943
2023-10-13,2,139,139,-0.003503332124036215
2023-10-13,3,140,140,-0.00013083016590995883
2023-10-13,4,139,139,-0.0015386498772329673
2023-10-13,5,139,139,-0.01634609425055012
2023-10-16,1,140,140,0.002275301313572838
2023-10-16,2,139,139,0.0074882422595067555
2023-10-16,3,139,139,0.014909698821054087
2023-10-16,4,139,139,0.011339367818945522
2023-10-16,5,139,139,-0.009985816304121398
2023-10-17,1,140,140,0.01629534080731005
2023-10-17,2,140,140,0.02632708207285048
2023-10-17,3,139,139,0.02832761997762796
2023-10-17,4,140,140,0.02366288881191266
2023-10-17,5,139,139,0.003857094708380338
2023-10-18,1,140,140,0.031165476074880155
2023-10-18,2,140,140,0.04010535077131939
2023-10-18,3,140,140,0.03779771311759384
2023-10-18,4,140,140,0.03784691646521906
2023-10-18,5,139,138,0.01743596288110662
2023-10-19,1,140,140,0.039638081220601
2023-10-19,2,140,140,0.048288733335705394
2023-10-19,3,140,140,0.04302558120352514
2023-10-19,4,140,140,0.0437347929817316
2023-10-19,5,139,138,0.024793651408375417
2023-10-20,1,140,140,0.056826008892407194
2023-10-20,2,140,140,0.07812369636974148
2023-10-20,3,140,140,0.056879904342782124
2023-10-20,4,140,140,0.057619062943419855
2023-10-20,5,140,139,0.039278267315038966
2023-10-23,1,140,140,0.0765307093716683
2023-10-23,2,140,140,0.10597241536481743
2023-10-23,3,139,139,0.07703542774437024
2023-10-23,4,140,140,0.08070355973814586
2023-10-23,5,139,139,0.05933651645454
2023-10-24,1,140,140,0.05173107838311665
2023-10-24,2,140,140,0.07740649030339351
2023-10-24,3,139,139,0.05228670077126434
2023-10-24,4,140,140,0.051851883770734054
2023-10-24,5,139,139,0.03834172946410977
2023-10-25,1,140,140,0.04671579654329633
2023-10-25,2,140,140,0.06710809032365131
2023-10-25,3,140,140,0.0517657347365003
2023-10-25,4,140,140,0.046850514743411634
2023-10-25,5,140,140,0.03975089960811288
2023-10-26,1,140,140,0.054719127300254175
2023-10-26,2,140,140,0.07088360865398169
2023-10-26,3,140,140,0.051168728502873795
2023-10-26,4,140,140,0.046842182136639716
2023-10-26,5,139,139,0.04425593386741781
2023-10-27,1,141,141,0.019597548938207747
2023-10-27,2,140,140,0.035542492904506874
2023-10-27,3,140,140,0.03249163906559993
2023-10-27,4,140,140,0.02837348240078352
2023-10-27,5,140,140,0.022881066670523153
2023-10-30,1,140,140,0.0036782140452508313
2023-10-30,2,140,140,0.015714541505475913
2023-10-30,3,140,140,0.012660904360197213
2023-10-30,4,140,140,0.016559857743487526
2023-10-30,5,139,139,0.009799193554477826
2023-10-31,1,141,141,0.012080570326502895
2023-10-31,2,140,140,0.021012212359116846
2023-10-31,3,140,140,0.018722853153480695
2023-10-31,4,140,140,0.025361832288741688
2023-10-31,5,140,140,0.019931550939181558
2023-11-01,1,141,141,0.006155599693465323
2023-11-01,2,140,140,0.02125208378401516
2023-11-01,3,140,140,0.015599060404833916
2023-11-01,4,140,139,0.017622428790888996
2023-11-01,5,140,140,0.012839338503005067
2023-11-02,1,141,141,0.013714113047172013
2023-11-02,2,140,140,0.03119501136050643
2023-11-02,3,141,141,0.020294200574539446
2023-11-02,4,140,139,0.0240401139348723
2023-11-02,5,140,140,0.016873741924013377
2023-11-03,1,141,141,0.005387020311788267
2023-11-03,2,140,140,0.014227780571100775
2023-11-03,3,140,140,0.008829481349146785
2023-11-03,4,140,139,0.014311420568147668
2023-11-03,5,140,140,0.01044358963515802
2023-11-06,1,140,140,-0.009303948395953509
2023-11-06,2,140,140,0.0014361020083432264
2023-11-06,3,140,140,-0.0032059056763965674
2023-11-06,4,140,139,-0.00011519385731080372
2023-11-06,5,140,140,-0.0017222727650736212
2023-11-07,1,141,141,-0.024059218058461788
2023-11-07,2,140,140,-0.022087412318135102
2023-11-07,3,140,140,-0.027557740351246897
2023-11-07,4,140,139,-0.016361170577905843
2023-11-07,5,140,140,-0.01647431327144882
2023-11-08,1,141,141,-0.027091857690910676
2023-11-08,2,140,140,-0.01588251552483515
2023-11-08,3,140,140,-0.024528092571105255
2023-11-08,4,140,139,-0.013158632001854246
2023-11-08,5,140,140,-0.010342614905680787
2023-11-09,1,141,141,-0.015642050518415395
2023-11-09,2,140,140,-0.019154194838723618
2023-11-09,3,140,140,-0.01578679204237718
2023-11-09,4,140,140,-0.007950072723673094
2023-11-09,5,140,140,-0.006486926475496428
2023-11-10,1,140,140,-0.025336550008538402
2023-11-10,2,140,140,-0.025228654730277373
2023-11-10,3,140,140,-0.026451977753409368
2023-11-10,4,140,140,-0.017185885893027348
2023-11-10,5,140,140,-0.016958564490124634
2023-11-13,1,140,140,-0.013918281511284075
2023-11-13,2,140,140,-0.009755121996505316
2023-11-13,3,140,140,-0.017750763775781733
2023-11-13,4,140,140,-0.009178840488511912
2023-11-13,5,140,140,-0.0037106515440176956
2023-11-14,1,140,140,-0.01837032482690185
2023-11-14,2,140,140,-0.025147236769290742
2023-11-14,3,140,140,-0.02434965944685722
2023-11-14,4,140,140,-0.021151317201795247
2023-11-14,5,140,140,-0.008439252773774303
2023-11-15,1,141,141,-0.021997461085004808
2023-11-15,2,140,140,-0.02664617702214343
2023-11-15,3,140,140,-0.02425800825001533
2023-11-15,4,140,140,-0.023328457497384585
2023-11-15,5,140,139,-0.00958280641042162
2023-11-16,1,140,140,-0.02189338022937055
2023-11-16,2,140,140,-0.02441305677169538
2023-11-16,3,140,140,-0.023566361740283384
2023-11-16,4,140,140,-0.024038468518088635
2023-11-16,5,140,140,-0.008379515312432724
2023-11-17,1,140,140,-0.035343316512999996
2023-11-17,2,140,140,-0.042775299710340546
2023-11-17,3,140,140,-0.04214130703452273
2023-11-17,4,140,140,-0.041388601882560355
2023-11-17,5,140,139,-0.025407447936878477
2023-11-20,1,140,140,-0.04789639923049946
2023-11-20,2,140,140,-0.0622122191660302
2023-11-20,3,140,140,-0.06031559325218754
2023-11-20,4,140,140,-0.05571415981956021
2023-11-20,5,139,138,-0.03548737759592508
2023-11-21,1,141,141,-0.04617715226382618
2023-11-21,2,140,140,-0.052149804632246013
2023-11-21,3,140,140,-0.051539759027061385
2023-11-21,4,140,140,-0.04672824680016543
2023-11-21,5,140,139,-0.03230725811428706
2023-11-22,1,141,141,-0.05877968781676082
2023-11-22,2,140,140,-0.06411645284883338
2023-11-22,3,140,140,-0.05875568336960705
2023-11-22,4,140,140,-0.05659106508692606
2023-11-22,5,140,140,-0.03928213317156961
2023-11-23,1,140,140,-0.05302559384327492
2023-11-23,2,140,140,-0.06331927423557371
2023-11-23,3,140,140,-0.05741736311708066
2023-11-23,4,140,140,-0.05764012552521673
2023-11-23,5,140,140,-0.03948431368634521
2023-11-24,1,141,141,-0.05665383320198521
2023-11-24,2,140,140,-0.06494013409081165
2023-11-24,3,140,140,-0.052694934042944674
2023-11-24,4,140,140,-0.055794509855235076
2023-11-24,5,140,140,-0.042354366882460935
2023-11-27,1,141,141,-0.052009038038465724
2023-11-27,2,140,140,-0.05194483909912146
2023-11-27,3,140,140,-0.04692305129677385
2023-11-27,4,140,140,-0.051804428309165054
2023-11-27,5,140,140,-0.03506561462363618
2023-11-28,1,141,141,-0.06830682093171891
2023-11-28,2,140,140,-0.06829438818475163
2023-11-28,3,141,141,-0.06170674260168165
2023-11-28,4,140,140,-0.0666852905622812
2023-11-28,5,140,140,-0.049854883097710904
2023-11-29,1,141,141,-0.05693551887498341
2023-11-29,2,140,140,-0.058131251406160774
2023-11-29,3,141,141,-0.048459074661053696
2023-11-29,4,140,139,-0.05222494825943639
2023-11-29,5,140,140,-0.0374479175279786
2023-11-30,1,141,141,-0.041066953624347584
2023-11-30,2,140,140,-0.042913357947699876
2023-11-30,3,141,141,-0.02806853467304635
2023-11-30,4,140,140,-0.0324339951449448
2023-11-30,5,140,140,-0.022081995418119626
2023-12-01,1,141,141,-0.03136597459389954
2023-12-01,2,140,140,-0.03372857190601275
2023-12-01,3,141,141,-0.022014512850517743
2023-12-01,4,140,140,-0.024132865849967405
2023-12-01,5,140,140,-0.014542899261771665
2023-12-04,1,141,141,-0.035403927168609246
2023-12-04,2,140,140,-0.03477032821401446
2023-12-04,3,141,141,-0.024616048632875545
2023-12-04,4,140,140,-0.02839597699318938
2023-12-04,5,140,140,-0.009861931218954362
2023-12-05,1,141,141,-0.020474231103725496
2023-12-05,2,140,140,-0.02080226126543818
2023-12-05,3,140,140,-0.007264365176634355
2023-12-05,4,140,140,-0.012604390318100808
2023-12-05,5,140,140,0.008665019628225839
2023-12-06,1,141,141,-0.03206178386945034
2023-12-06,2,140,140,-0.030078968090800302
2023-12-06,3,140,140,-0.019088625252942755
2023-12-06,4,140,140,-0.021031818871104568
2023-12-06,5,140,140,-0.0024195915248619343
2023-12-07,1,141,141,-0.043074076033750595
2023-12-07,2,140,140,-0.04891229287525757
2023-12-07,3,140,140,-0.03140899518427248
2023-12-07,4,140,140,-0.03526617818211013
2023-12-07,5,140,140,-0.013109335559888687
2023-12-08,1,141,141,-0.04925045012923048
2023-12-08,2,140,140,-0.0642051062640862
2023-12-08,3,140,140,-0.04243356330819591
2023-12-08,4,140,140,-0.04685727114272225
2023-12-08,5,140,140,-0.01717478539452308
2023-12-11,1,141,141,-0.06189127157199679
2023-12-11,2,140,140,-0.07992633580480475
2023-12-11,3,140,140,-0.0548171443553779
2023-12-11,4,140,140,-0.05976554755716104
2023-12-11,5,140,140,-0.030718438131155424
2023-12-12,1,141,141,-0.06851779497489273
2023-12-12,2,140,140,-0.08480773757323197
2023-12-12,3,141,141,-0.06208563998755063
2023-12-12,4,140,140,-0.06378998517846246
2023-12-12,5,140,140,-0.0386537784298911
2023-12-13,1,141,141,-0.05410606716976259
2023-12-13,2,140,140,-0.07447072213383797
2023-12-13,3,141,141,-0.04747551687530384
2023-12-13,4,140,140,-0.04711852203161959
2023-12-13,5,140,139,-0.027101493393698137
2023-12-14,1,141,141,-0.04991107728207239
2023-12-14,2,140,140,-0.07483499054588545
2023-12-14,3,141,141,-0.04560465480630478
2023-12-14,4,140,140,-0.04648402617630745
2023-12-14,5,140,140,-0.026563081809346228
2023-12-15,1,141,141,-0.04102965882714778
2023-12-15,2,140,140,-0.06365988735085437
2023-12-15,3,141,141,-0.036892525726786925
2023-12-15,4,140,140,-0.034955549061327355
2023-12-15,5,140,139,-0.013555210412872689
2023-12-18,1,140,140,-0.035063891618428475
2023-12-18,2,140,140,-0.05394346043399354
2023-12-18,3,140,140,-0.032334960107259156
2023-12-18,4,140,140,-0.026424632317820686
2023-12-18,5,140,140,-0.009478205929460326
2023-12-19,1,141,141,-0.062246849456779815
2023-12-19,2,140,140,-0.08134882283365673
2023-12-19,3,140,140,-0.0595533717921167
2023-12-19,4,140,140,-0.05031139981179623
2023-12-19,5,140,140,-0.03159448336250215
2023-12-20,1,140,140,-0.04091343189041884
2023-12-20,2,140,140,-0.06022831956188971
2023-12-20,3,140,140,-0.04169749418309784
2023-12-20,4,140,140,-0.03192849959503874
2023-12-20,5,140,140,-0.02101298272942297
2023-12-21,1,140,140,-0.055267683895597344
2023-12-21,2,140,140,-0.07672999259641264
2023-12-21,3,140,140,-0.060452572845754914
2023-12-21,4,140,140,-0.05267959346293272
2023-12-21,5,140,140,-0.035293650155394644
2023-12-22,1,141,141,-0.0899320657854041
2023-12-22,2,140,140,-0.11111683523266494
2023-12-22,3,140,140,-0.0992243359211525
2023-12-22,4,140,140,-0.08944951990650143
2023-12-22,5,140,140,-0.07071116343783838
2023-12-25,1,140,140,-0.07434796122820461
2023-12-25,2,140,140,-0.0980957452902915
2023-12-25,3,139,139,-0.0831124307862164
2023-12-25,4,140,140,-0.07586251578807203
2023-12-25,5,139,139,-0.05792201818922202
2023-12-26,1,140,140,-0.055813091608465704
2023-12-26,2,139,139,-0.07667987955861186
2023-12-26,3,140,140,-0.060990121459416305
2023-12-26,4,139,139,-0.050008939401242083
2023-12-26,5,139,139,-0.03992340861190593
2023-12-27,1,140,140,-0.035239267847631935
2023-12-27,2,140,140,-0.05621229785778729
2023-12-27,3,139,139,-0.0444473833177601
2023-12-27,4,140,140,-0.028578564328021323
2023-12-27,5,139,139,-0.01619956219321561
2023-12-28,1,140,140,-0.0486935931033052
2023-12-28,2,140,140,-0.07536989691233498
2023-12-28,3,140,140,-0.0640246329120962
2023-12-28,4,140,140,-0.047699298103760994
2023-12-28,5,140,140,-0.019866393928673936
2023-12-29,1,140,140,-0.08905759727387222
2023-12-29,2,140,140,-0.11187824742410807
2023-12-29,3,140,140,-0.09836869824370625
2023-12-29,4,140,140,-0.08250493747447094
2023-12-29,5,140,140,-0.045917649202667464
2024-01-02,1,141,141,-0.10207915225608633
2024-01-02,2,140,140,-0.12630557360685404
2024-01-02,3,140,140,-0.11608528596545582
2024-01-02,4,140,140,-0.10030682539915386
2024-01-02,5,140,140,-0.06920498155416609
2024-01-03,1,141,141,-0.13161103835932503
2024-01-03,2,140,140,-0.14447984021481597
2024-01-03,3,140,140,-0.1412450302821614
2024-01-03,4,140,140,-0.12800477280339392
2024-01-03,5,140,140,-0.09167471322854755
2024-01-04,1,140,140,-0.12818695707491426
2024-01-04,2,140,140,-0.1367465178751951
2024-01-04,3,140,140,-0.1319933699196742
2024-01-04,4,140,139,-0.12626482461928185
2024-01-04,5,140,140,-0.08687864719592116
2024-01-05,1,140,140,-0.14856503870030457
2024-01-05,2,140,140,-0.15316943613881934
2024-01-05,3,140,140,-0.15328994776154262
2024-01-05,4,140,139,-0.1474056712403763
2024-01-05,5,139,139,-0.10584359842523146
2024-01-08,1,140,140,-0.17160645416230846
2024-01-08,2,140,140,-0.17759039585331285
2024-01-08,3,140,140,-0.17959668806033535
2024-01-08,4,140,140,-0.1664992094252155
2024-01-08,5,139,139,-0.11569140467933992
2024-01-09,1,140,140,-0.11520052738659434
2024-01-09,2,139,139,-0.11421429864737065
2024-01-09,3,140,140,-0.12132521517881839
2024-01-09,4,139,139,-0.10568745590372224
2024-01-09,5,139,139,-0.07006470342569483
2024-01-10,1,140,140,-0.08902049263841275
2024-01-10,2,139,139,-0.07462121381893264
2024-01-10,3,140,140,-0.08853428615382289
2024-01-10,4,139,139,-0.07360518664333171
2024-01-10,5,139,139,-0.039117924428551595
2024-01-11,1,140,140,-0.06511077407811879
2024-01-11,2,140,140,-0.057872963999731845
2024-01-11,3,140,140,-0.06043193257481778
2024-01-11,4,140,140,-0.05582914990327126
2024-01-11,5,140,139,-0.022232404145966705
2024-01-12,1,140,140,-0.06958156528677982
2024-01-12,2,140,140,-0.05513510969283995
2024-01-12,3,140,140,-0.05896295579075846
2024-01-12,4,140,140,-0.05830757988902978
2024-01-12,5,139,139,-0.017822810711133123
2024-01-15,1,140,140,-0.06931443792518988
2024-01-15,2,139,139,-0.05578102546018927
2024-01-15,3,140,140,-0.05550981481761403
2024-01-15,4,139,139,-0.06068267907977629
2024-01-15,5,139,139,-0.011769346337826347
2024-01-16,1,140,140,-0.05704594426859803
2024-01-16,2,139,139,-0.04153642357508376
2024-01-16,3,140,140,-0.037733731217581945
2024-01-16,4,139,139,-0.043764371884406864
2024-01-16,5,139,139,-0.0022964739202190397
2024-01-17,1,140,140,-0.007940322169168222
2024-01-17,2,139,139,-0.0024573300886949804
2024-01-17,3,139,139,0.0029483544136491976
2024-01-17,4,139,139,-0.008191712878030631
2024-01-17,5,139,139,0.03713129857789602
2024-01-18,1,140,140,-0.005590778360728655
2024-01-18,2,139,139,-0.0031774084343875915
2024-01-18,3,140,140,0.014851627936241415
2024-01-18,4,139,139,-0.0018079952207898332
2024-01-18,5,139,139,0.04024211070191728
2024-01-19,1,140,140,-0.007097073632118249
2024-01-19,2,139,139,0.006963780477867237
2024-01-19,3,140,140,0.017419824363425374
2024-01-19,4,139,139,0.00592470321539198
2024-01-19,5,139,139,0.03844526633872459
2024-01-22,1,140,140,0.06672165311807302
2024-01-22,2,139,139,0.08649378127479042
2024-01-22,3,140,140,0.09572388739728545
2024-01-22,4,139,139,0.08644477920102922
2024-01-22,5,139,139,0.1052700650181359
2024-01-23,1,140,140,0.006942543687973641
2024-01-23,2,139,139,0.024449173754332774
2024-01-23,3,140,140,0.029591950550721644
2024-01-23,4,139,139,0.024683443992279175
2024-01-23,5,139,139,0.05287795916969763
2024-01-24,1,141,141,0.033397079189481635
2024-01-24,2,140,140,0.05597254287062338
2024-01-24,3,140,140,0.055685347106860565
2024-01-24,4,140,140,0.04761631561944541
2024-01-24,5,140,140,0.07190201115061845
2024-01-25,1,141,141,0.017041324027525034
2024-01-25,2,141,141,0.043162346231809125
2024-01-25,3,140,140,0.032086445391489665
2024-01-25,4,141,141,0.025949963912868326
2024-01-25,5,140,140,0.04875976302816668
2024-01-26,1,141,141,0.013994584871126712
2024-01-26,2,140,140,0.039160591811964296
2024-01-26,3,141,141,0.03151649194235098
2024-01-26,4,140,140,0.020679688710838372
2024-01-26,5,140,140,0.043101707044721
2024-01-29,1,141,141,0.038701339990022794
2024-01-29,2,140,140,0.07073780897543237
2024-01-29,3,140,140,0.05101321489845571
2024-01-29,4,140,140,0.04640053002219515
2024-01-29,5,140,140,0.06021550391631243
2024-01-30,1,141,141,0.07091670419706843
2024-01-30,2,140,140,0.10215857537872026
2024-01-30,3,140,140,0.08603481929893655
2024-01-30,4,140,140,0.07341965207093831
2024-01-30,5,140,140,0.09604039829965968
2024-01-31,1,140,140,0.09792215350740181
2024-01-31,2,140,140,0.12184584431400258
2024-01-31,3,140,140,0.11041695712113392
2024-01-31,4,140,140,0.09279855608146467
2024-01-31,5,139,139,0.1157781430020521
2024-02-01,1,140,140,0.10328799303745033
2024-02-01,2,140,140,0.13423325785634121
2024-02-01,3,140,139,0.1219473442536478
2024-02-01,4,140,140,0.1034302884321902
2024-02-01,5,139,139,0.1241549328676352
2024-02-02,1,140,140,0.1727713333559748
2024-02-02,2,140,140,0.19636922882876226
2024-02-02,3,139,139,0.19003775166829429
2024-02-02,4,140,140,0.1661752514851936
2024-02-02,5,139,139,0.17950048010676778
2024-02-05,1,139,139,0.23542615753289708
2024-02-05,2,139,139,0.25384442814467345
2024-02-05,3,138,138,0.2747620842252398
2024-02-05,4,139,139,0.21416961699459608
2024-02-05,5,138,138,0.2365155443495232
2024-02-06,1,140,140,0.1586799155254606
2024-02-06,2,139,139,0.16744512376464937
2024-02-06,3,140,140,0.18127500532928467
2024-02-06,4,139,139,0.1387344084876217
2024-02-06,5,139,139,0.15248588919138442
2024-02-07,1,140,140,0.11758321339825743
2024-02-07,2,139,139,0.12455212117856362
2024-02-07,3,140,140,0.12329494240165728
2024-02-07,4,139,139,0.10635880208154229
2024-02-07,5,139,139,0.12220972829881487
2024-02-08,1,140,140,0.0936968019988689
2024-02-08,2,140,140,0.10398660933737112
2024-02-08,3,140,140,0.09883727714081417
2024-02-08,4,140,140,0.0801602746526122
2024-02-08,5,140,140,0.08907074785631285
2024-02-19,1,140,140,0.10627191714444595
2024-02-19,2,140,140,0.12540948300446877
2024-02-19,3,140,140,0.1157838382332074
2024-02-19,4,140,140,0.09037679771261001
2024-02-19,5,140,140,0.09240984602406435
2024-02-20,1,141,141,0.09884553342128136
2024-02-20,2,140,139,0.11510175654459606
2024-02-20,3,141,141,0.10727486398185163
2024-02-20,4,140,140,0.08498403446516263
2024-02-20,5,140,140,0.08258824368576988
2024-02-21,1,141,141,0.10320899622484592
2024-02-21,2,140,139,0.10335906753797763
2024-02-21,3,141,141,0.09814501456730733
2024-02-21,4,140,140,0.07894293712769984
2024-02-21,5,140,140,0.07629306403791589
2024-02-22,1,141,141,0.07689406475907867
2024-02-22,2,140,139,0.07809565703431384
2024-02-22,3,141,141,0.07374679518809125
2024-02-22,4,140,140,0.05945180019260365
2024-02-22,5,140,140,0.05327245782310318
2024-02-23,1,141,141,0.057791248921451974
2024-02-23,2,140,139,0.052966805718868824
2024-02-23,3,141,141,0.04488539963915519
2024-02-23,4,140,140,0.03620393245806274
2024-02-23,5,140,140,0.03267311643349616
2024-02-26,1,141,141,0.04533419448108575
2024-02-26,2,140,139,0.02937434426921017
2024-02-26,3,141,141,0.035222867202910374
2024-02-26,4,140,140,0.025479085689984624
2024-02-26,5,140,140,0.023652368331955925
2024-02-27,1,141,141,0.020857763008799896
2024-02-27,2,140,140,0.002230904009049961
2024-02-27,3,141,141,0.006398074356290266
2024-02-27,4,140,140,-0.00019147622985931487
2024-02-27,5,140,140,0.005280940545844386
2024-02-28,1,141,141,0.0369361623501051
2024-02-28,2,140,140,0.01867837151222439
2024-02-28,3,141,141,0.026017454654806014
2024-02-28,4,140,140,0.015073869915036266
2024-02-28,5,140,140,0.02154455474800271
2024-02-29,1,141,141,0.01525380232539358
2024-02-29,2,140,140,-0.01069158152684986
2024-02-29,3,141,141,0.007395976734215561
2024-02-29,4,140,140,-0.00430160398351485
2024-02-29,5,140,140,-0.0009379762230715563
2024-03-01,1,141,141,0.025445978849896855
2024-03-01,2,140,140,-0.013257876900825173
2024-03-01,3,141,141,0.015063934447608774
2024-03-01,4,140,140,0.0012577758468749732
2024-03-01,5,140,140,0.0050378281821919875
2024-03-04,1,141,141,0.04371553699146677
2024-03-04,2,140,140,0.005626648159493702
2024-03-04,3,141,141,0.03841637145535919
2024-03-04,4,140,140,0.023411293667619522
2024-03-04,5,140,140,0.02412799946482904
2024-03-05,1,141,141,0.04993523557474985
2024-03-05,2,140,140,0.003333961995761617
2024-03-05,3,141,141,0.036009599787999995
2024-03-05,4,140,140,0.01652524449042392
2024-03-05,5,140,140,0.023903489242530357
2024-03-06,1,141,141,0.041421900324732315
2024-03-06,2,140,140,-0.008478512072346503
2024-03-06,3,141,141,0.021088735886235388
2024-03-06,4,140,140,0.009324333357965679
2024-03-06,5,140,140,0.01721204989505857
2024-03-07,1,141,141,0.02950821742706851
2024-03-07,2,140,140,-0.00645695183762028
2024-03-07,3,140,140,0.022740661241902674
2024-03-07,4,140,140,0.006082914682046202
2024-03-07,5,140,140,0.009647580825341812
2024-03-08,1,141,141,0.03675033804901462
2024-03-08,2,140,140,-0.007826445570105386
2024-03-08,3,140,140,0.015201684272647745
2024-03-08,4,140,140,0.007091375335782005
2024-03-08,5,140,140,0.008710664720293719
2024-03-11,1,141,141,-0.003196030731990632
2024-03-11,2,140,140,-0.04968612723694838
2024-03-11,3,141,141,-0.020972874492171955
2024-03-11,4,140,140,-0.02874803365023101
2024-03-11,5,140,140,-0.02039638389102975
2024-03-12,1,141,141,0.005836933851975218
2024-03-12,2,140,140,-0.05096247956537534
2024-03-12,3,141,141,-0.01016701418197934
2024-03-12,4,140,140,-0.02495508069764978
2024-03-12,5,140,140,-0.01163742649517254
2024-03-13,1,141,141,-0.0032065404625892763
2024-03-13,2,140,140,-0.058531852427681864
2024-03-13,3,141,141,-0.019837126224183505
2024-03-13,4,140,140,-0.033269668057503206
2024-03-13,5,140,140,-0.01335956091008069
2024-03-14,1,141,141,-0.010067628851560624
2024-03-14,2,140,140,-0.04774404667633736
2024-03-14,3,141,141,-0.013297827248956215
2024-03-14,4,140,140,-0.025496454717034624
2024-03-14,5,140,140,-0.012358961986645024
2024-03-15,1,141,141,-0.05136127680746737
2024-03-15,2,141,141,-0.08772895652438871
2024-03-15,3,141,141,-0.04982553734162314
2024-03-15,4,141,141,-0.053149984126842076
2024-03-15,5,140,140,-0.03983618465305942
2024-03-18,1,141,141,-0.032228356820745485
2024-03-18,2,141,141,-0.07119073883411056
2024-03-18,3,141,141,-0.03427351719830112
2024-03-18,4,141,141,-0.039465438239856196
2024-03-18,5,141,141,-0.020170083778374263
2024-03-19,1,141,141,-0.02713275714958328
2024-03-19,2,141,140,-0.06703216872186639
2024-03-19,3,141,141,-0.029813763287435336
2024-03-19,4,141,141,-0.035321426864917134
2024-03-19,5,140,140,-0.01590273905861449
2024-03-20,1,141,141,-0.04422145659025995
2024-03-20,2,141,141,-0.07992303010794884
2024-03-20,3,141,141,-0.038584694719469216
2024-03-20,4,141,141,-0.04614492776464132
2024-03-20,5,140,140,-0.018754701508731726
2024-03-21,1,141,141,-0.04770855924996579
2024-03-21,2,141,141,-0.075674361273043
2024-03-21,3,141,141,-0.04189657185209254
2024-03-21,4,141,141,-0.04342537787453884
2024-03-21,5,140,140,-0.021238841819664556
2024-03-22,1,141,141,-0.04181823525727353
2024-03-22,2,141,141,-0.06274104186006638
2024-03-22,3,140,140,-0.02806860573127734
2024-03-22,4,141,141,-0.034459493250521875
2024-03-22,5,140,140,-0.01833617198787214
2024-03-25,1,141,141,-0.024314234938826555
2024-03-25,2,141,141,-0.03509564085976064
2024-03-25,3,140,140,-0.0067801842115506996
2024-03-25,4,141,141,-0.017489021506480795
2024-03-25,5,140,139,-0.0070816540390389255
2024-03-26,1,141,141,-0.017597991862318217
2024-03-26,2,141,141,-0.031298833379112725
2024-03-26,3,141,141,-0.0017333385415563742
2024-03-26,4,141,141,-0.01627567173445539
2024-03-26,5,140,140,-0.007353850297991463
2024-03-27,1,140,140,0.024896588059557516
2024-03-27,2,140,140,0.02703719389202156
2024-03-27,3,140,140,0.036521058494944
2024-03-27,4,140,140,0.019584467784491702
2024-03-27,5,139,139,0.025731577909449337
2024-03-28,1,141,141,0.03356958973094139
2024-03-28,2,140,139,0.030732437556115474
2024-03-28,3,140,140,0.034933962753663526
2024-03-28,4,140,140,0.025834950650245887
2024-03-28,5,140,140,0.03364488483597678
2024-03-29,1,141,141,0.02631237142535701
2024-03-29,2,140,140,0.02170909774692673
2024-03-29,3,140,140,0.02898299559719596
2024-03-29,4,140,140,0.01935665466855232
2024-03-29,5,140,140,0.02893418028977484
2024-04-01,1,141,141,0.02120097670683476
2024-04-01,2,140,140,0.010382915726619982
2024-04-01,3,140,140,0.021098111354933752
2024-04-01,4,140,140,0.00922123916866322
2024-04-01,5,140,140,0.02240294473434344
2024-04-02,1,141,141,0.026684458558354645
2024-04-02,2,140,140,0.01871722769939126
2024-04-02,3,141,141,0.025581081330982913
2024-04-02,4,140,140,0.01734224750755589
2024-04-02,5,140,140,0.028594386127616948
2024-04-03,1,141,141,0.02053372976285727
2024-04-03,2,141,141,0.017796393723867775
2024-04-03,3,141,141,0.023151465074644915
2024-04-03,4,141,141,0.012082631407429205
2024-04-03,5,140,140,0.0188739992991702
2024-04-08,1,140,140,0.055649850729744495
2024-04-08,2,140,140,0.04117876711509955
2024-04-08,3,140,140,0.059019719860907455
2024-04-08,4,140,140,0.039002677602769174
2024-04-08,5,140,140,0.05173330445164057
2024-04-09,1,141,141,0.03545218404138582
2024-04-09,2,140,140,0.0175828981693875
2024-04-09,3,141,141,0.03440189773422153
2024-04-09,4,140,140,0.02727844506640471
2024-04-09,5,140,140,0.034145720408737326
2024-04-10,1,141,141,0.05545264411386586
2024-04-10,2,140,140,0.04900716381272906
2024-04-10,3,141,141,0.05551838658849751
2024-04-10,4,140,140,0.048028925556224365
2024-04-10,5,140,140,0.0546537965538851
2024-04-11,1,141,141,0.04372832715126137
2024-04-11,2,140,140,0.045340051832119616
2024-04-11,3,141,141,0.05015805825964291
2024-04-11,4,140,140,0.042241573917629664
2024-04-11,5,140,140,0.044652051066676954
2024-04-12,1,140,140,0.0491316141988463
2024-04-12,2,140,140,0.04808930387643284
2024-04-12,3,140,140,0.048828005906846654
2024-04-12,4,140,140,0.04778488991259602
2024-04-12,5,139,139,0.05278063045243451
2024-04-15,1,140,140,0.0528416017285437
2024-04-15,2,140,140,0.04687491038608923
2024-04-15,3,140,140,0.052268999964553586
2024-04-15,4,140,140,0.04959337194076379
2024-04-15,5,139,139,0.05629024124951335
2024-04-16,1,140,140,0.10144670106856467
2024-04-16,2,139,139,0.08298017332468086
2024-04-16,3,139,138,0.09173520273918397
2024-04-16,4,139,139,0.08577606386237935
2024-04-16,5,139,139,0.08970827993875838
2024-04-17,1,140,140,0.07545169021304943
2024-04-17,2,140,140,0.05728650454947759
2024-04-17,3,140,140,0.06417314579281358
2024-04-17,4,140,140,0.056152139862986096
2024-04-17,5,139,139,0.06985965318525296
2024-04-18,1,140,140,0.07150093690172996
2024-04-18,2,140,140,0.05017323425141798
2024-04-18,3,140,140,0.05907419333912111
2024-04-18,4,140,140,0.052886075889822096
2024-04-18,5,140,140,0.06604306072046026
2024-04-19,1,140,140,0.06912432671576633
2024-04-19,2,140,140,0.06338601507052484
2024-04-19,3,140,140,0.05356713762496442
2024-04-19,4,140,140,0.053810512706777044
2024-04-19,5,139,139,0.06465155342732186
2024-04-22,1,139,139,0.061625429546721504
2024-04-22,2,139,139,0.042520090293372226
2024-04-22,3,139,139,0.04020874062536726
2024-04-22,4,139,139,0.0335919389676356
2024-04-22,5,139,139,0.05520783059302693
2024-04-23,1,139,139,0.05428434908464612
2024-04-23,2,139,139,0.03529829549752209
2024-04-23,3,138,138,0.03603783458623825
2024-04-23,4,139,139,0.03244204570581059
2024-04-23,5,138,138,0.05788735452397734
2024-04-24,1,139,139,0.0636805987328829
2024-04-24,2,139,139,0.0305611640142757
2024-04-24,3,139,139,0.029896892217564693
2024-04-24,4,139,139,0.035193164874625794
2024-04-24,5,138,137,0.06235569828537217
2024-04-25,1,139,139,0.04263425463884634
2024-04-25,2,139,139,0.012862658645749063
2024-04-25,3,138,138,0.02089243590643448
2024-04-25,4,139,139,0.015517616657342513
2024-04-25,5,138,138,0.04831006538033967
2024-04-26,1,140,140,0.02399241511352346
2024-04-26,2,139,139,-0.01287934013522923
2024-04-26,3,140,140,-0.0008472452959742098
2024-04-26,4,139,139,0.002401851776992624
2024-04-26,5,139,139,0.03409032176036877
2024-04-29,1,139,139,-0.005997033087720826
2024-04-29,2,138,137,-0.02389756897508585
2024-04-29,3,139,139,-0.016130892803676623
2024-04-29,4,138,138,-0.013330904988645623
2024-04-29,5,138,138,0.0036325003776552485
2024-04-30,1,139,139,-0.016565729344856405
2024-04-30,2,138,138,-0.031998040261712615
2024-04-30,3,139,139,-0.02158156002947154
2024-04-30,4,138,138,-0.020831241732096398
2024-04-30,5,138,138,-0.004984255476187773
2024-05-06,1,138,138,-0.03525432511360651
2024-05-06,2,138,138,-0.048099475166072804
2024-05-06,3,138,138,-0.039491730516810264
2024-05-06,4,138,138,-0.039685870571453084
2024-05-06,5,137,137,-0.026346837000924227
2024-05-07,1,138,138,-0.03407869366316199
2024-05-07,2,138,138,-0.0391420680789735
2024-05-07,3,137,137,-0.03447554125309659
2024-05-07,4,138,138,-0.032654124760278874
2024-05-07,5,137,137,-0.022088178047913215
2024-05-08,1,138,138,-0.03278293172442215
2024-05-08,2,137,137,-0.03602036078361378
2024-05-08,3,138,138,-0.03451698172899963
2024-05-08,4,137,137,-0.026631375870996944
2024-05-08,5,137,137,-0.023576348330078784
2024-05-09,1,138,138,-0.06166575404783189
2024-05-09,2,138,138,-0.06073963279589955
2024-05-09,3,138,138,-0.059337474520855825
2024-05-09,4,138,138,-0.05392164620482067
2024-05-09,5,137,137,-0.04605561708305147
2024-05-10,1,139,139,-0.055919103154506905
2024-05-10,2,138,138,-0.055809620336792355
2024-05-10,3,139,139,-0.048072803367367876
2024-05-10,4,138,138,-0.05335448330712048
2024-05-10,5,138,138,-0.04066125884578669
2024-05-13,1,136,136,-0.05644329370450751
2024-05-13,2,135,135,-0.05041340819212926
2024-05-13,3,136,136,-0.04657462514070859
2024-05-13,4,135,135,-0.04620310035175987
2024-05-13,5,135,135,-0.043285820634872976
2024-05-14,1,136,136,-0.04892794644546201
2024-05-14,2,136,136,-0.05032315066732718
2024-05-14,3,136,136,-0.04326894602165523
2024-05-14,4,136,136,-0.04445705822855245
2024-05-14,5,136,136,-0.036379284150116604
2024-05-15,1,135,135,-0.057081774287448095
2024-05-15,2,135,135,-0.05114554341463907
2024-05-15,3,134,134,-0.04647948121147911
2024-05-15,4,135,135,-0.054292456264222154
2024-05-15,5,134,134,-0.04339146334095745
2024-05-16,1,134,134,-0.057817415517081854
2024-05-16,2,134,134,-0.05143743974040591
2024-05-16,3,133,133,-0.03520833267791318
2024-05-16,4,134,134,-0.05149441889817432
2024-05-16,5,133,133,-0.041207240678005214
2024-05-17,1,134,134,-0.06968249289666013
2024-05-17,2,134,133,-0.05292923847147744
2024-05-17,3,133,133,-0.046145210987163766
2024-05-17,4,134,134,-0.06298752442805461
2024-05-17,5,133,133,-0.05234695725693671
2024-05-20,1,132,132,-0.06536335462167235
2024-05-20,2,132,132,-0.042196284060547005
2024-05-20,3,132,132,-0.042236708710299276
2024-05-20,4,132,132,-0.05873249447582386
2024-05-20,5,131,131,-0.05302278407751421
2024-05-21,1,133,133,-0.07113996968718318
2024-05-21,2,133,133,-0.05646164065736086
2024-05-21,3,132,132,-0.03761389135790483
2024-05-21,4,133,133,-0.06157442604310992
2024-05-21,5,132,132,-0.06112477532699382
2024-05-22,1,133,133,-0.08036682937960471
2024-05-22,2,133,133,-0.06580055334492346
2024-05-22,3,132,132,-0.06472071417031655
2024-05-22,4,133,133,-0.0714045432128737
2024-05-22,5,132,132,-0.07776989380103512
2024-05-23,1,133,133,-0.07140646986034013
2024-05-23,2,132,132,-0.04951726867075716
2024-05-23,3,132,132,-0.047650448770303555
2024-05-23,4,132,132,-0.05431203906653852
2024-05-23,5,132,132,-0.06731283272437039
2024-05-24,1,132,132,-0.07505310995948708
2024-05-24,2,132,132,-0.054794143679406715
2024-05-24,3,132,132,-0.06898443452447475
2024-05-24,4,132,132,-0.0679691487848507
2024-05-24,5,131,131,-0.07713693735960711
2024-05-27,1,131,131,-0.08672410218318145
2024-05-27,2,130,130,-0.072845018195059
2024-05-27,3,131,131,-0.07821317418989676
2024-05-27,4,130,130,-0.07380417040326455
2024-05-27,5,130,130,-0.08788971105974261
2024-05-28,1,132,132,-0.06438800704898233
2024-05-28,2,131,131,-0.050135338159455534
2024-05-28,3,131,131,-0.05419345913232149
2024-05-28,4,131,131,-0.044952684401504385
2024-05-28,5,131,131,-0.06355744833786248
2024-05-29,1,133,133,-0.08066911457653109
2024-05-29,2,132,132,-0.06892657837474268
2024-05-29,3,133,133,-0.06362930933244308
2024-05-29,4,132,132,-0.059599807994586446
2024-05-29,5,132,132,-0.07808345657309444
2024-05-30,1,132,132,-0.07837331309092571
2024-05-30,2,132,132,-0.06338001531978855
2024-05-30,3,132,132,-0.05428274047707552
2024-05-30,4,132,132,-0.05708052025403985
2024-05-30,5,132,132,-0.06537054214836412
2024-05-31,1,132,132,-0.06542046729950704
2024-05-31,2,131,131,-0.050155436682174835
2024-05-31,3,131,131,-0.05518912907454462
2024-05-31,4,131,131,-0.037689224232050594
2024-05-31,5,131,131,-0.05323376450212156
2024-06-03,1,130,130,-0.06236480190987625
2024-06-03,2,130,130,-0.04924645163995157
2024-06-03,3,129,129,-0.055130187942051184
2024-06-03,4,130,130,-0.03293983932924555
2024-06-03,5,129,129,-0.048385197950285466
2024-06-04,1,130,130,-0.07319289071642446
2024-06-04,2,130,130,-0.05858359554608808
2024-06-04,3,130,130,-0.06578084570141013
2024-06-04,4,130,130,-0.0483546099222793
2024-06-04,5,130,130,-0.06132225761649855
2024-06-05,1,131,131,-0.08345818862375015
2024-06-05,2,130,130,-0.07375553512278149
2024-06-05,3,131,131,-0.07765107993221144
2024-06-05,4,130,130,-0.05443411196519306
2024-06-05,5,130,130,-0.06974037454104956
2024-06-06,1,132,132,-0.0628538499270712
2024-06-06,2,131,131,-0.05078248686177729
2024-06-06,3,131,131,-0.061373905326590386
2024-06-06,4,131,131,-0.04950301183873024
2024-06-06,5,131,131,-0.05712172658754351
2024-06-07,1,132,132,-0.07598553940866544
2024-06-07,2,131,131,-0.06882464778754778
2024-06-07,3,132,132,-0.07298294129474357
2024-06-07,4,131,131,-0.05403082374115175
2024-06-07,5,131,131,-0.07623926595755048
2024-06-11,1,127,127,-0.06440894796710323
2024-06-11,2,126,126,-0.055271303697621454
2024-06-11,3,126,126,-0.06333915199541729
2024-06-11,4,126,126,-0.04463336505719746
2024-06-11,5,126,126,-0.0612452391623504
2024-06-12,1,127,127,-0.06410959656064444
2024-06-12,2,127,127,-0.04777893250624664
2024-06-12,3,127,127,-0.05218279421573233
2024-06-12,4,127,127,-0.03436863681034489
2024-06-12,5,126,126,-0.05869547095177753
2024-06-13,1,127,127,-0.04166950105221699
2024-06-13,2,127,127,-0.03516754824857112
2024-06-13,3,127,127,-0.03013400103930983
2024-06-13,4,127,127,-0.01912489261577735
2024-06-13,5,126,126,-0.040208420645501924
2024-06-14,1,128,128,-0.04579825732744852
2024-06-14,2,128,128,-0.029486418266027162
2024-06-14,3,128,128,-0.045060783872582374
2024-06-14,4,128,128,-0.027376858049357536
2024-06-14,5,128,128,-0.049743618692098895
2024-06-17,1,123,123,-0.052950014503892875
2024-06-17,2,123,123,-0.042334686248701764
2024-06-17,3,123,123,-0.05277374639163463
2024-06-17,4,123,123,-0.03676169995058674
2024-06-17,5,122,122,-0.053261780137727636
2024-06-18,1,125,125,-0.05855666585552462
2024-06-18,2,124,124,-0.048447498927903225
2024-06-18,3,125,125,-0.04846490252402723
2024-06-18,4,124,124,-0.03863574074418797
2024-06-18,5,124,124,-0.05708276849305255
2024-06-19,1,127,127,-0.05661463486174912
2024-06-19,2,126,126,-0.05190461078561792
2024-06-19,3,127,127,-0.04896162590791688
2024-06-19,4,126,126,-0.03894454517939888
2024-06-19,5,126,126,-0.05451228035930708
2024-06-20,1,127,127,-0.039863198428151565
2024-06-20,2,126,126,-0.026192953436193267
2024-06-20,3,126,126,-0.027651469535956267
2024-06-20,4,126,126,-0.016136438527432136
2024-06-20,5,126,126,-0.03555723227835231
2024-06-21,1,126,126,-0.02047082908670805
2024-06-21,2,126,126,-0.020967882464481117
2024-06-21,3,126,126,-0.016944422227055517
2024-06-21,4,126,126,-0.012468743385767889
2024-06-21,5,125,125,-0.031946999479802875
2024-06-24,1,128,128,-0.004238941675094837
2024-06-24,2,127,127,-0.001447228273687026
2024-06-24,3,128,128,-0.003629129715869508
2024-06-24,4,127,127,0.0037339762560096175
2024-06-24,5,127,127,-0.018749451339775982
2024-06-25,1,129,129,-0.029539058040250976
2024-06-25,2,128,128,-0.025363838843059663
2024-06-25,3,129,129,-0.022355232495168572
2024-06-25,4,128,128,-0.017603152693404494
2024-06-25,5,128,128,-0.04126201614372535
2024-06-26,1,130,130,-0.05999823352417496
2024-06-26,2,129,129,-0.05459679699282514
2024-06-26,3,130,130,-0.0507015925964184
2024-06-26,4,129,129,-0.05308398971308613
2024-06-26,5,129,129,-0.07149229458755142
2024-06-27,1,131,131,-0.03959705820056207
2024-06-27,2,131,131,-0.027409634695854734
2024-06-27,3,130,130,-0.03176824762222297
2024-06-27,4,131,131,-0.03452824658244916
2024-06-27,5,130,130,-0.04604556246548165
2024-06-28,1,132,132,-0.032182501847558144
2024-06-28,2,132,132,-0.02386575863226477
2024-06-28,3,131,131,-0.023194047186398878
2024-06-28,4,132,132,-0.03150423630392442
2024-06-28,5,131,131,-0.03955412672296383
2024-07-01,1,130,130,-0.05255702592548045
2024-07-01,2,130,130,-0.04396193196837858
2024-07-01,3,130,130,-0.03091178833335362
2024-07-01,4,130,130,-0.040757448471413056
2024-07-01,5,130,130,-0.06568209288593985
2024-07-02,1,131,131,-0.04333909783934659
2024-07-02,2,130,129,-0.030440971528935004
2024-07-02,3,131,131,-0.02810831306200128
2024-07-02,4,130,130,-0.030968862100977386
2024-07-02,5,130,130,-0.0575468465746024
2024-07-03,1,131,131,-0.0021345079206899413
2024-07-03,2,130,130,0.009195251503938275
2024-07-03,3,130,130,0.014335540799779988
2024-07-03,4,130,128,0.009484922560967345
2024-07-03,5,130,130,-0.016255621356306933
2024-07-04,1,131,131,0.000589246547630541
2024-07-04,2,130,130,0.023746781823956058
2024-07-04,3,131,131,0.021279612612297185
2024-07-04,4,130,128,0.014298960550897823
2024-07-04,5,130,130,-0.012529057874791232
2024-07-05,1,132,131,-0.013995554250415917
2024-07-05,2,132,132,0.008845539719768343
2024-07-05,3,132,132,0.0044262606707253125
2024-07-05,4,132,131,-0.003733260760682449
2024-07-05,5,131,131,-0.026336836614247697
2024-07-08,1,129,129,0.004409525281891786
2024-07-08,2,129,129,0.020456862351856016
2024-07-08,3,129,129,0.02811384571994071
2024-07-08,4,129,128,0.015092885743937343
2024-07-08,5,129,129,-0.007338253981018966
2024-07-09,1,131,131,-0.009237512707993705
2024-07-09,2,131,131,-0.0033707949992408358
2024-07-09,3,130,130,0.01903657237214935
2024-07-09,4,131,130,0.003960284907588149
2024-07-09,5,130,130,-0.013292594646162831
2024-07-10,1,131,131,-0.025793920715645995
2024-07-10,2,131,131,-0.024922651725609483
2024-07-10,3,131,131,-0.0019587553515466372
2024-07-10,4,131,131,-0.005040874615636795
2024-07-10,5,130,129,-0.024207181177815815
2024-07-11,1,133,133,-0.020957804300079763
2024-07-11,2,133,133,-0.020360429646473315
2024-07-11,3,133,133,-0.014352436492398054
2024-07-11,4,133,132,-0.015021206822109313
2024-07-11,5,132,132,-0.020891020693094467
2024-07-12,1,136,136,-0.029069764807621964
2024-07-12,2,135,135,-0.03474282579452881
2024-07-12,3,136,136,-0.021307530629283606
2024-07-12,4,135,134,-0.019754887488102654
2024-07-12,5,135,135,-0.026470592564534875
2024-07-15,1,135,135,-0.02915764694185577
2024-07-15,2,134,134,-0.031529696555658536
2024-07-15,3,135,135,-0.01165445445216325
2024-07-15,4,134,134,-0.018891810430040918
2024-07-15,5,134,133,-0.020179451267338264
2024-07-16,1,136,136,-0.03166425788921915
2024-07-16,2,136,136,-0.02924170219500663
2024-07-16,3,136,136,-0.01999868953935419
2024-07-16,4,136,136,-0.021413410664831867
2024-07-16,5,136,135,-0.01622117628328882
2024-07-17,1,137,137,-0.03175043269762267
2024-07-17,2,136,136,-0.02943058977837015
2024-07-17,3,136,136,-0.01614083159695296
2024-07-17,4,136,136,-0.022428443948125404
2024-07-17,5,136,136,-0.024264021653669858
2024-07-18,1,137,137,-0.022416951514430676
2024-07-18,2,136,136,-0.0177738720618192
2024-07-18,3,137,137,-0.01458522388231373
2024-07-18,4,136,136,-0.016510643860816434
2024-07-18,5,136,136,-0.0210704707637072
2024-07-19,1,137,137,-0.03293335478183968
2024-07-19,2,137,137,-0.03572529045049652
2024-07-19,3,137,137,-0.026374356792371323
2024-07-19,4,137,137,-0.03242568479892876
2024-07-19,5,137,137,-0.029003743689402093
2024-07-22,1,136,136,-0.03383911552223411
2024-07-22,2,135,135,-0.03251463215171097
2024-07-22,3,135,135,-0.024538266230746845
2024-07-22,4,135,135,-0.02533122082473358
2024-07-22,5,135,135,-0.023576214568320077
2024-07-23,1,136,136,-0.021622068123345748
2024-07-23,2,135,135,-0.02556356885287876
2024-07-23,3,135,135,-0.017842273688833316
2024-07-23,4,135,135,-0.019401269343415094
2024-07-23,5,135,135,-0.016639287419460018
2024-07-24,1,136,136,-0.005278837938990809
2024-07-24,2,136,136,-0.013730998613829508
2024-07-24,3,135,135,-0.0020039482486278962
2024-07-24,4,136,135,-0.009553224691815184
2024-07-24,5,135,135,-0.0071074674823996134
2024-07-25,1,136,136,-0.02513713445670029
2024-07-25,2,136,136,-0.035213038524524544
2024-07-25,3,136,136,-0.02098830515659539
2024-07-25,4,136,135,-0.031866317162319316
2024-07-25,5,136,136,-0.030125893991688774
2024-07-26,1,137,137,-0.033153062648744035
2024-07-26,2,136,136,-0.041339305825902915
2024-07-26,3,137,137,-0.029126423677233552
2024-07-26,4,136,135,-0.032384315919749905
2024-07-26,5,136,136,-0.03790905097592967
2024-07-29,1,136,136,-0.02386322963243883
2024-07-29,2,136,136,-0.03257023439168954
2024-07-29,3,135,135,-0.02535622563409566
2024-07-29,4,136,135,-0.024560132090524447
2024-07-29,5,135,135,-0.03183838077706107
2024-07-30,1,136,135,-0.03552087453045717
2024-07-30,2,136,136,-0.05523062377954797
2024-07-30,3,136,136,-0.03424592636956422
2024-07-30,4,136,135,-0.0363219002001633
2024-07-30,5,135,135,-0.039413860324631476
2024-07-31,1,138,138,-0.07346483077493811
2024-07-31,2,137,137,-0.08071609071211837
2024-07-31,3,138,137,-0.07338960452079504
2024-07-31,4,137,136,-0.07108794276930408
2024-07-31,5,137,136,-0.07406327775766335
2024-08-01,1,138,138,-0.05272345875406783
2024-08-01,2,137,137,-0.054900623129927086
2024-08-01,3,138,138,-0.04913110230176585
2024-08-01,4,137,136,-0.04665197223773047
2024-08-01,5,137,137,-0.04837106462644801
2024-08-02,1,138,138,-0.029248717745391926
2024-08-02,2,138,138,-0.023583070260941946
2024-08-02,3,137,137,-0.024229872958838567
2024-08-02,4,138,137,-0.022585448056372068
2024-08-02,5,137,137,-0.02614373447857294
2024-08-05,1,138,138,-0.04254692314582033
2024-08-05,2,138,137,-0.040335114238782964
2024-08-05,3,138,138,-0.04345895438810874
2024-08-05,4,138,137,-0.03274720574075716
2024-08-05,5,138,138,-0.040474240480301155
2024-08-06,1,138,138,-0.038279792758185376
2024-08-06,2,138,137,-0.0351145614205304
2024-08-06,3,138,138,-0.04305251055946585
2024-08-06,4,138,137,-0.03426375543317078
2024-08-06,5,137,137,-0.0357536910785855
2024-08-07,1,139,139,-0.031700377270130746
2024-08-07,2,138,137,-0.03302300106117732
2024-08-07,3,139,139,-0.03820734055247849
2024-08-07,4,138,138,-0.02783102524641245
2024-08-07,5,138,138,-0.033005529562994046
2024-08-08,1,139,138,-0.03373844945613062
2024-08-08,2,139,138,-0.03622347254792339
2024-08-08,3,138,138,-0.037814380722704904
2024-08-08,4,139,138,-0.02691441741253559
2024-08-08,5,138,138,-0.03579997565640197
2024-08-09,1,140,139,-0.03960743649550684
2024-08-09,2,139,137,-0.04333677230850058
2024-08-09,3,140,140,-0.04623494678750783
2024-08-09,4,139,138,-0.03841833150454558
2024-08-09,5,139,139,-0.04261770745710877
2024-08-12,1,139,139,-0.032394137127044566
2024-08-12,2,139,136,-0.04059133790701748
2024-08-12,3,139,139,-0.04534468332542631
2024-08-12,4,139,138,-0.03801391597924737
2024-08-12,5,138,138,-0.05370703441041828
2024-08-13,1,139,139,-0.03768634351257912
2024-08-13,2,139,136,-0.049489118104872144
2024-08-13,3,139,139,-0.04873591112949081
2024-08-13,4,139,138,-0.04904986231842358
2024-08-13,5,139,139,-0.0601904491013865
2024-08-14,1,140,140,-0.02255554575479586
2024-08-14,2,140,137,-0.037212407287532515
2024-08-14,3,140,140,-0.034131017774375536
2024-08-14,4,140,139,-0.037347204448395906
2024-08-14,5,139,139,-0.04835386949616996
2024-08-15,1,141,141,-0.0384328991673966
2024-08-15,2,140,137,-0.055216048706457695
2024-08-15,3,140,140,-0.049781559886295124
2024-08-15,4,140,139,-0.05038600297129041
2024-08-15,5,140,140,-0.062342912884775115
2024-08-16,1,142,142,-0.04206217682422625
2024-08-16,2,141,138,-0.06008515883484371
2024-08-16,3,141,141,-0.053949307140301654
2024-08-16,4,141,140,-0.05381662011546
2024-08-16,5,141,141,-0.06366119831398241
2024-08-19,1,142,142,-0.04152800963337209
2024-08-19,2,142,141,-0.0527043831852502
2024-08-19,3,142,142,-0.05103749896866542
2024-08-19,4,142,141,-0.05404230506388551
2024-08-19,5,142,142,-0.05989031403636535
2024-08-20,1,142,142,-0.009850552536277712
2024-08-20,2,142,141,-0.025235983348957665
2024-08-20,3,142,142,-0.018232266760139403
2024-08-20,4,142,141,-0.024473938826379327
2024-08-20,5,142,142,-0.0210539280741284
2024-08-21,1,143,143,-0.012939736202050143
2024-08-21,2,142,141,-0.02879876479390467
2024-08-21,3,142,142,-0.014498385582775643
2024-08-21,4,142,140,-0.021525687417751405
2024-08-21,5,142,142,-0.021527233177723634
2024-08-22,1,143,143,0.012555724532903963
2024-08-22,2,143,142,-0.004347041418551537
2024-08-22,3,142,142,0.006824967320118424
2024-08-22,4,143,142,-0.001481953292865128
2024-08-22,5,142,142,0.006699506832959326
2024-08-23,1,143,143,0.042557752595217976
2024-08-23,2,142,141,0.039580849022138466
2024-08-23,3,143,143,0.037064331858576105
2024-08-23,4,142,141,0.03506647689587101
2024-08-23,5,142,142,0.05198602241469218
2024-08-26,1,143,143,0.04179067851038942
2024-08-26,2,143,142,0.03384193508772614
2024-08-26,3,143,143,0.03468635234940908
2024-08-26,4,143,142,0.03089565562952381
2024-08-26,5,143,143,0.050621034358744536
2024-08-27,1,144,144,0.11448515552428981
2024-08-27,2,144,143,0.11328418922765668
2024-08-27,3,144,144,0.10781096270799406
2024-08-27,4,144,143,0.10954133609806438
2024-08-27,5,143,143,0.13700523219595145
2024-08-28,1,144,144,0.192263163286705
2024-08-28,2,143,142,0.20501071220417583
2024-08-28,3,144,144,0.19520623579609817
2024-08-28,4,143,142,0.1921322445989795
2024-08-28,5,143,143,0.23386763512721856
2024-08-29,1,143,143,0.35578128772120454
2024-08-29,2,143,142,0.35029447427916494
2024-08-29,3,143,143,0.34748753889659495
2024-08-29,4,143,142,0.3478225549684619
2024-08-29,5,143,143,0.3737533368895081
2024-08-30,1,144,144,0.24654036691371367
2024-08-30,2,143,142,0.2664577487653793
2024-08-30,3,144,144,0.2459069352756496
2024-08-30,4,143,142,0.24674275022184824
2024-08-30,5,143,143,0.2583261452051889
2024-09-02,1,144,144,0.2015953284375437
2024-09-02,2,143,141,0.23777450647087378
2024-09-02,3,143,143,0.21268458844050983
2024-09-02,4,143,143,0.20154313176627964
2024-09-02,5,143,143,0.21445059572932132
2024-09-03,1,143,143,0.1894562817690113
2024-09-03,2,143,143,0.21035089202062096
2024-09-03,3,142,142,0.19595825570216288
2024-09-03,4,143,143,0.19068391220502573
2024-09-03,5,142,142,0.20647234622995286
2024-09-04,1,143,143,0.16007538638806232
2024-09-04,2,142,142,0.17877196806269
2024-09-04,3,143,143,0.1612801021600635
2024-09-04,4,142,142,0.16359512309780908
2024-09-04,5,142,142,0.17294884970504873
2024-09-05,1,143,143,0.16906331945770875
2024-09-05,2,143,142,0.18830803524825662
2024-09-05,3,142,142,0.16716942443123042
2024-09-05,4,143,142,0.1670710711551804
2024-09-05,5,142,142,0.18076006886416465
2024-09-06,1,143,143,0.1587837393502249
2024-09-06,2,142,142,0.17875147623402124
2024-09-06,3,143,143,0.16095211931975506
2024-09-06,4,142,142,0.1520761815337159
2024-09-06,5,142,142,0.17105610925845427
2024-09-09,1,142,142,0.18321432071484464
2024-09-09,2,142,142,0.2000103378252156
2024-09-09,3,142,142,0.19223357614100348
2024-09-09,4,142,142,0.17699026680642976
2024-09-09,5,142,142,0.20749591631523673
2024-09-10,1,141,140,0.16034945736210848
2024-09-10,2,141,141,0.18991458650178905
2024-09-10,3,141,141,0.16990930867454607
2024-09-10,4,141,141,0.16987386709883548
2024-09-10,5,141,141,0.1858056238938422
2024-09-11,1,141,140,0.1969569332164657
2024-09-11,2,141,140,0.2387493603877303
2024-09-11,3,141,141,0.2177052882095087
2024-09-11,4,141,141,0.20761404522453375
2024-09-11,5,140,140,0.2199842690706154
2024-09-12,1,141,140,0.20186190010715277
2024-09-12,2,141,140,0.25280201845598466
2024-09-12,3,141,141,0.22771739551651882
2024-09-12,4,141,141,0.22838749862306892
2024-09-12,5,140,140,0.22830029786189154
2024-09-13,1,141,140,0.2328962235738961
2024-09-13,2,141,140,0.28187325382119616
2024-09-13,3,141,141,0.2483757246109687
2024-09-13,4,141,141,0.2495304085624826
2024-09-13,5,141,141,0.26104364197853464
2024-09-18,1,142,141,0.22635487020642964
2024-09-18,2,141,140,0.269015989005371
2024-09-18,3,141,141,0.242554378458883
2024-09-18,4,141,141,0.24633617775650202
2024-09-18,5,141,141,0.2481021600605395
2024-09-19,1,142,141,0.20845123062759255
2024-09-19,2,141,140,0.25855873580240996
2024-09-19,3,142,142,0.23093180673454522
2024-09-19,4,141,141,0.22061259205921385
2024-09-19,5,141,141,0.22001713673308754
2024-09-20,1,142,141,0.23286756390986785
2024-09-20,2,141,140,0.2765678509931001
2024-09-20,3,142,142,0.24577438619661626
2024-09-20,4,141,141,0.24377408364721223
2024-09-20,5,141,141,0.246178098126592
2024-09-23,1,142,141,0.24984271642662464
2024-09-23,2,141,140,0.2877766667416435
2024-09-23,3,141,141,0.25639714896547966
2024-09-23,4,141,141,0.24868091158310066
2024-09-23,5,141,141,0.2575350220940391
2024-09-24,1,143,142,0.1767742590252478
2024-09-24,2,143,142,0.2150157170877337
2024-09-24,3,142,142,0.17828674993271784
2024-09-24,4,143,142,0.17183312620229832
2024-09-24,5,142,142,0.15908921891472147
2024-09-25,1,144,143,0.18460733759700018
2024-09-25,2,144,144,0.23133626799694337
2024-09-25,3,144,144,0.1956087572294648
2024-09-25,4,144,143,0.17913339405173453
2024-09-25,5,144,144,0.16167542820449185
2024-09-26,1,146,146,0.14205488490197965
2024-09-26,2,145,145,0.1697070713074987
2024-09-26,3,146,146,0.13456147275653094
2024-09-26,4,145,144,0.12605950550149136
2024-09-26,5,145,145,0.08935804472423999
2024-09-27,1,147,147,0.057465283917620784
2024-09-27,2,147,147,0.06961639983245826
2024-09-27,3,147,147,0.0380700169920045
2024-09-27,4,147,146,0.03334535855885895
2024-09-27,5,147,147,0.012142409303551975
2024-09-30,1,150,150,-0.06497957530423876
2024-09-30,2,150,150,-0.04262159003506562
2024-09-30,3,149,149,-0.07280381228377023
2024-09-30,4,150,149,-0.07766788096919845
2024-09-30,5,149,149,-0.0997875220676623
2024-10-08,1,152,151,0.02826611796124799
2024-10-08,2,151,151,0.04493336787207042
2024-10-08,3,152,152,0.01728074621112906
2024-10-08,4,151,151,0.006768422986146946
2024-10-08,5,151,151,-0.0056984474086613805
2024-10-09,1,151,150,0.08764041293552019
2024-10-09,2,150,150,0.09187109111222123
2024-10-09,3,151,151,0.054888159676766794
2024-10-09,4,150,150,0.05882820445489838
2024-10-09,5,150,150,0.04579651264251747
2024-10-10,1,151,150,0.13281173194830956
2024-10-10,2,150,150,0.14916872087240307
2024-10-10,3,150,150,0.12249987825035437
2024-10-10,4,150,150,0.10541545029452597
2024-10-10,5,150,150,0.08126647595451526
2024-10-11,1,150,149,0.13448507613158686
2024-10-11,2,150,150,0.16113128785579445
2024-10-11,3,150,150,0.13644702371963618
2024-10-11,4,150,150,0.11635606370062705
2024-10-11,5,150,150,0.08123150070457537
2024-10-14,1,151,150,0.13951479775786974
2024-10-14,2,151,151,0.16805209642429014
2024-10-14,3,150,150,0.14486246715063553
2024-10-14,4,151,151,0.12012525743446155
2024-10-14,5,150,150,0.08435527386914554
2024-10-15,1,151,150,0.15163274913914368
2024-10-15,2,150,150,0.19092128764404256
2024-10-15,3,151,151,0.16001522699676324
2024-10-15,4,150,150,0.13245491118994845
2024-10-15,5,150,150,0.10409425029343758
2024-10-16,1,151,150,0.1255645569187098
2024-10-16,2,150,150,0.1685679164233725
2024-10-16,3,151,151,0.13842279386540385
2024-10-16,4,150,150,0.10817545068629575
2024-10-16,5,150,150,0.09246773356739357
2024-10-17,1,151,149,0.11467404451253362
2024-10-17,2,151,151,0.1412366284598175
2024-10-17,3,150,150,0.12747445960410092
2024-10-17,4,151,151,0.10153954648526577
2024-10-17,5,150,150,0.08790189521365659
2024-10-18,1,151,150,0.07255205572258291
2024-10-18,2,151,150,0.07659924627051992
2024-10-18,3,150,150,0.07518762249984468
2024-10-18,4,151,151,0.05915188733775377
2024-10-18,5,150,150,0.04601159812008657
2024-10-21,1,151,150,0.047271364780468506
2024-10-21,2,150,150,0.0537642369803306
2024-10-21,3,151,151,0.043114577561217095
2024-10-21,4,150,150,0.040052390708155736
2024-10-21,5,150,150,0.03211430084138478
2024-10-22,1,151,151,0.04680931398661814
2024-10-22,2,151,151,0.06053697564197366
2024-10-22,3,150,150,0.042780649546246434
2024-10-22,4,151,151,0.049192275387721994
2024-10-22,5,150,150,0.02820082228126449
2024-10-23,1,151,151,0.06476624211838392
2024-10-23,2,151,151,0.07179611505251351
2024-10-23,3,150,150,0.07218809342693357
2024-10-23,4,151,151,0.06177726358254452
2024-10-23,5,150,150,0.03779383670877131
2024-10-24,1,152,152,0.076210684540609
2024-10-24,2,151,151,0.0766547023144643
2024-10-24,3,151,151,0.06316398681465693
2024-10-24,4,151,151,0.06489415199564912
2024-10-24,5,151,151,0.04148896280063895
2024-10-25,1,152,152,0.023572034248086047
2024-10-25,2,151,150,0.033155800918678334
2024-10-25,3,151,151,0.019563915497415686
2024-10-25,4,151,151,0.014435713526081122
2024-10-25,5,151,151,-0.006691742724674997
2024-10-28,1,152,152,-0.0029710088285297893
2024-10-28,2,151,150,0.019542905233961426
2024-10-28,3,152,152,0.0017570677475666676
2024-10-28,4,151,151,-0.00502969513871775
2024-10-28,5,151,151,-0.022218582077477376
2024-10-29,1,152,152,0.015872683120359925
2024-10-29,2,151,150,0.005854258064947738
2024-10-29,3,152,151,0.027339339682554514
2024-10-29,4,151,151,0.011401260199045523
2024-10-29,5,151,151,-0.004004632872591226
2024-10-30,1,152,151,0.03173343220491878
2024-10-30,2,151,150,0.023740452586719456
2024-10-30,3,152,152,0.054512214035363715
2024-10-30,4,151,151,0.02642095780457562
2024-10-30,5,151,151,0.015278215148029926
2024-10-31,1,152,152,0.017591416733802667
2024-10-31,2,152,151,0.009521933853800551
2024-10-31,3,151,151,0.034999083967117275
2024-10-31,4,152,152,0.013091393723522884
2024-10-31,5,151,151,0.006372627188340116
2024-11-01,1,152,152,0.04198862006636263
2024-11-01,2,151,150,0.05995490226551585
2024-11-01,3,152,152,0.04072261439492894
2024-11-01,4,151,151,0.0366532723423693
2024-11-01,5,151,151,0.02502080366753921
2024-11-04,1,152,152,0.046089339476681514
2024-11-04,2,151,150,0.05169722219822235
2024-11-04,3,152,152,0.029082844457150855
2024-11-04,4,151,151,0.037960962468884266
2024-11-04,5,151,151,0.025781419647862312
2024-11-05,1,152,151,0.012054268202724618
2024-11-05,2,152,151,0.01508716515328024
2024-11-05,3,152,152,-0.0028674383368172706
2024-11-05,4,152,152,0.002379740698085508
2024-11-05,5,152,152,0.0006221669168871269
2024-11-06,1,152,152,-0.009830641046318523
2024-11-06,2,151,150,0.0018035917238157495
2024-11-06,3,152,152,-0.005134085549054202
2024-11-06,4,151,151,-0.0009186488033923433
2024-11-06,5,151,151,-0.005009286594762241
2024-11-07,1,153,153,-0.03408165192573863
2024-11-07,2,152,151,-0.027562099023908174
2024-11-07,3,153,153,-0.03291006740126862
2024-11-07,4,152,152,-0.03575135878021517
2024-11-07,5,152,152,-0.03845739607291803
2024-11-08,1,152,152,-0.0020441060886451207
2024-11-08,2,152,152,-0.0005172173438131304
2024-11-08,3,152,152,-0.010232592268207963
2024-11-08,4,152,152,-0.009718568046817333
2024-11-08,5,152,152,-0.008431639236394051
2024-11-11,1,152,152,-0.002057561523760323
2024-11-11,2,152,152,0.008743648060834313
2024-11-11,3,152,152,-0.0026626125696667968
2024-11-11,4,152,152,-0.005436176420725119
2024-11-11,5,152,152,0.00311892779083862
2024-11-12,1,152,152,-0.008437658818807443
2024-11-12,2,152,152,-0.0061869035279612464
2024-11-12,3,152,152,-0.009099039595723907
2024-11-12,4,152,152,-0.00552598231354625
2024-11-12,5,152,152,-0.009099580568798992
2024-11-13,1,152,152,0.00717672952677005
2024-11-13,2,152,152,0.002147302106786598
2024-11-13,3,152,152,-2.5853193376896027e-05
2024-11-13,4,152,152,-0.00025676828207657124
2024-11-13,5,152,152,-0.0002732022809237698
2024-11-14,1,152,152,0.04368591827069703
2024-11-14,2,152,152,0.04027570405768501
2024-11-14,3,152,152,0.028636796363980924
2024-11-14,4,152,152,0.02938303832902442
2024-11-14,5,152,152,0.03337631273976591
2024-11-15,1,152,152,0.03172392938692522
2024-11-15,2,152,152,0.041258730627223815
2024-11-15,3,152,152,0.02813238744391876
2024-11-15,4,152,152,0.02416539944008133
2024-11-15,5,152,152,0.01833288485169108
2024-11-18,1,153,153,0.0370829845864512
2024-11-18,2,152,152,0.0501582353620905
2024-11-18,3,152,152,0.03429015828632011
2024-11-18,4,152,151,0.026619045158241584
2024-11-18,5,152,152,0.02246505183513522
2024-11-19,1,152,152,0.008284249096184583
2024-11-19,2,152,152,0.021436561800346043
2024-11-19,3,152,152,0.0037570942620521975
2024-11-19,4,152,151,0.0050773527931941955
2024-11-19,5,152,152,0.004439171611365933
2024-11-20,1,152,152,-0.011578962475012302
2024-11-20,2,152,152,-0.0008499253835892969
2024-11-20,3,152,152,-0.015667393821168937
2024-11-20,4,152,151,-0.019130241993968615
2024-11-20,5,152,152,-0.009903383562986784
2024-11-21,1,152,152,-0.006302414864730007
2024-11-21,2,152,152,0.0049341943539405325
2024-11-21,3,152,152,-0.00628760526567463
2024-11-21,4,152,151,-0.005699684070718595
2024-11-21,5,152,152,-0.008272475608938507
2024-11-22,1,152,151,0.02771065133054097
2024-11-22,2,152,151,0.04738970684736792
2024-11-22,3,152,152,0.03270049670758087
2024-11-22,4,152,151,0.0308227310753989
2024-11-22,5,151,151,0.025417747606049253
2024-11-25,1,152,151,0.0052074373366081915
2024-11-25,2,152,152,0.02416421734812227
2024-11-25,3,151,151,0.01498785438414863
2024-11-25,4,152,151,0.01392806356266537
2024-11-25,5,151,151,0.013990859804137995
2024-11-26,1,152,151,0.022906316275149673
2024-11-26,2,152,152,0.046567168976681395
2024-11-26,3,151,151,0.03568627949823554
2024-11-26,4,152,151,0.03077081917346206
2024-11-26,5,151,151,0.03288401344329782
2024-11-27,1,152,150,-0.013356612392645933
2024-11-27,2,152,152,0.012812678326193542
2024-11-27,3,151,151,-0.0036207960698945757
2024-11-27,4,152,151,-0.001284996117976084
2024-11-27,5,151,151,0.00878604562948055
2024-11-28,1,152,151,-0.00488747095945209
2024-11-28,2,152,152,0.030070487579654255
2024-11-28,3,151,151,0.01447369791255376
2024-11-28,4,152,151,0.013782573707442746
2024-11-28,5,151,151,0.020796565162190913
2024-11-29,1,152,151,-0.01979144989024839
2024-11-29,2,152,152,0.014997345388300241
2024-11-29,3,152,152,0.006110344069743771
2024-11-29,4,152,151,0.001274617577329341
2024-11-29,5,151,151,0.0073302236759096966
2024-12-02,1,152,151,-0.036056625786869405
2024-12-02,2,152,152,-0.005625886140154297
2024-12-02,3,152,152,-0.006988400691016954
2024-12-02,4,152,152,-0.012648652423542432
2024-12-02,5,151,151,-2.1914076092526313e-05
2024-12-03,1,152,151,-0.05771367738989561
2024-12-03,2,152,151,-0.03334101544870827
2024-12-03,3,152,152,-0.03834592182946721
2024-12-03,4,152,152,-0.03348741635927827
2024-12-03,5,151,151,-0.019069345008111534
2024-12-04,1,152,151,-0.06076495278316485
2024-12-04,2,152,151,-0.04556926747281878
2024-12-04,3,152,152,-0.04084368839811053
2024-12-04,4,152,152,-0.04692708767162777
2024-12-04,5,152,152,-0.032483622696235455
2024-12-05,1,152,151,-0.09533648352361662
2024-12-05,2,152,151,-0.08150869153406633
2024-12-05,3,152,152,-0.08030006683677408
2024-12-05,4,152,152,-0.07070757885508316
2024-12-05,5,152,152,-0.052549657530337864
2024-12-06,1,153,153,-0.10488022110782845
2024-12-06,2,152,151,-0.08620414864811969
2024-12-06,3,152,152,-0.09323354780215887
2024-12-06,4,152,152,-0.08219242661130263
2024-12-06,5,152,152,-0.05818339839639396
2024-12-09,1,153,153,-0.12146691404864039
2024-12-09,2,152,151,-0.09931543773973807
2024-12-09,3,152,152,-0.1063328924101497
2024-12-09,4,152,152,-0.09917427507513862
2024-12-09,5,152,152,-0.07794800781070571
2024-12-10,1,153,153,-0.10732945786144793
2024-12-10,2,152,151,-0.08424521382544017
2024-12-10,3,152,152,-0.0907007833494462
2024-12-10,4,152,152,-0.08337329385015751
2024-12-10,5,152,152,-0.06346067820331175
2024-12-11,1,153,153,-0.11279434063711674
2024-12-11,2,152,151,-0.08885485852550735
2024-12-11,3,153,153,-0.10019586652057245
2024-12-11,4,152,152,-0.08705079209944576
2024-12-11,5,152,152,-0.07683426344503629
2024-12-12,1,153,153,-0.13988108183264614
2024-12-12,2,153,152,-0.1203063692020376
2024-12-12,3,153,153,-0.12989004007791885
2024-12-12,4,153,153,-0.12058392337328432
2024-12-12,5,152,152,-0.10472954278644848
2024-12-13,1,153,153,-0.1126211798149542
2024-12-13,2,152,151,-0.10300716106694555
2024-12-13,3,152,152,-0.10505013891550846
2024-12-13,4,152,152,-0.09388916534239787
2024-12-13,5,152,152,-0.08119748821018252
2024-12-16,1,153,153,-0.07096821002594544
2024-12-16,2,152,151,-0.061207598133160734
2024-12-16,3,152,152,-0.06507897984447811
2024-12-16,4,152,151,-0.056493926130235496
2024-12-16,5,152,152,-0.05141758876323368
2024-12-17,1,152,152,-0.06261123112518983
2024-12-17,2,152,151,-0.04430432269859015
2024-12-17,3,152,152,-0.04959579761702767
2024-12-17,4,152,152,-0.046150844555671644
2024-12-17,5,152,152,-0.04408552392535632
2024-12-18,1,153,153,-0.060078016349816535
2024-12-18,2,152,151,-0.03555321592084201
2024-12-18,3,153,153,-0.04669829782304619
2024-12-18,4,152,152,-0.04631023271300708
2024-12-18,5,152,152,-0.039419166302116254
2024-12-19,1,153,153,-0.052859441165312465
2024-12-19,2,152,151,-0.03676516568284985
2024-12-19,3,153,153,-0.03985226402101029
2024-12-19,4,152,152,-0.04223276776302123
2024-12-19,5,152,152,-0.03369547498355477
2024-12-20,1,153,152,-0.054539697768886994
2024-12-20,2,152,151,-0.03493993957778686
2024-12-20,3,152,152,-0.041212526928835785
2024-12-20,4,152,152,-0.0441799283569466
2024-12-20,5,152,152,-0.03387750821716139
2024-12-23,1,152,152,-0.041085732218246004
2024-12-23,2,152,151,-0.02908810007315233
2024-12-23,3,152,152,-0.028018899758608325
2024-12-23,4,152,152,-0.033666527914700387
2024-12-23,5,152,152,-0.03153603264211411
2024-12-24,1,152,152,-0.04713339700291849
2024-12-24,2,152,152,-0.03280127149075853
2024-12-24,3,152,152,-0.03489063387114597
2024-12-24,4,152,152,-0.03995499663218575
2024-12-24,5,152,152,-0.04062896255643928
2024-12-25,1,152,152,-0.043397519113541734
2024-12-25,2,152,152,-0.037169167407619844
2024-12-25,3,152,152,-0.036493111577147845
2024-12-25,4,152,152,-0.0451068040435278
2024-12-25,5,152,152,-0.041000849426409115
2024-12-26,1,152,152,-0.03266084296560984
2024-12-26,2,152,152,-0.030510756435828602
2024-12-26,3,152,152,-0.026087395673926417
2024-12-26,4,152,152,-0.043665445569797644
2024-12-26,5,151,151,-0.0334627686702908
2024-12-27,1,153,153,-0.03348994928020689
2024-12-27,2,152,152,-0.036329881227027606
2024-12-27,3,152,152,-0.031432689514211465
2024-12-27,4,152,152,-0.0521427234069384
2024-12-27,5,152,152,-0.029278322125543616
2024-12-30,1,153,153,-0.03683275819962256
2024-12-30,2,152,151,-0.04011850597659854
2024-12-30,3,153,153,-0.03787116366474741
2024-12-30,4,152,151,-0.05692406262977815
2024-12-30,5,152,152,-0.04669230645098313
2024-12-31,1,153,153,0.010640597246587466
2024-12-31,2,152,150,0.011613114074428409
2024-12-31,3,152,152,0.01569880814888796
2024-12-31,4,152,151,-0.01094522188646599
2024-12-31,5,152,152,-0.01725339052440168
2025-01-02,1,152,152,0.04685346349212365
2025-01-02,2,152,151,0.050727797147011276
2025-01-02,3,152,152,0.06035408561959951
2025-01-02,4,152,152,0.029714408936645648
2025-01-02,5,151,151,0.014705324894639844
2025-01-03,1,152,152,0.08797222938941604
2025-01-03,2,151,150,0.0923302254556484
2025-01-03,3,152,152,0.09801004805522219
2025-01-03,4,151,151,0.06622208435045643
2025-01-03,5,151,151,0.03732235492987154
2025-01-06,1,152,152,0.08181787981741023
2025-01-06,2,151,150,0.08382307479272852
2025-01-06,3,152,152,0.09267285935702337
2025-01-06,4,151,151,0.061800500379457904
2025-01-06,5,151,151,0.030563281641170673
2025-01-07,1,152,152,0.09152254438026491
2025-01-07,2,152,151,0.08862868923462927
2025-01-07,3,151,151,0.09930134169371152
2025-01-07,4,152,152,0.06787187875409324
2025-01-07,5,151,151,0.036868020524910346
2025-01-08,1,152,152,0.09587273527917778
2025-01-08,2,152,151,0.07710655756247008
2025-01-08,3,151,151,0.09735773176408125
2025-01-08,4,152,152,0.06568844711181403
2025-01-08,5,151,151,0.039128502302966946
2025-01-09,1,152,152,0.09585899507918835
2025-01-09,2,152,151,0.07917416922205892
2025-01-09,3,152,151,0.10372599656272811
2025-01-09,4,152,152,0.07303685093481899
2025-01-09,5,151,151,0.047641061701996695
2025-01-10,1,152,152,0.12758829552337175
2025-01-10,2,152,151,0.11318199026454752
2025-01-10,3,152,151,0.13220214301564334
2025-01-10,4,152,152,0.10779131520650817
2025-01-10,5,151,151,0.06721528189660633
2025-01-13,1,152,152,0.08817695793857841
2025-01-13,2,152,151,0.08698359010216078
2025-01-13,3,152,151,0.09039900230787327
2025-01-13,4,152,152,0.07036540949436436
2025-01-13,5,151,151,0.0445496738335592
2025-01-14,1,152,152,0.07409531470103604
2025-01-14,2,152,151,0.059853959049149454
2025-01-14,3,152,151,0.07621042778530968
2025-01-14,4,152,152,0.05823995962827072
2025-01-14,5,152,152,0.021255616575497283
2025-01-15,1,152,152,0.081324662787878
2025-01-15,2,152,150,0.06459191407025197
2025-01-15,3,152,151,0.0894422148644906
2025-01-15,4,152,152,0.05842431176573261
2025-01-15,5,152,152,0.023353290974153812
2025-01-16,1,152,152,0.08794855229113441
2025-01-16,2,152,151,0.08083430714821739
2025-01-16,3,152,151,0.10032747851596696
2025-01-16,4,152,152,0.07428503988686601
2025-01-16,5,151,151,0.026343560521786182
2025-01-17,1,152,152,0.05786111021706684
2025-01-17,2,152,151,0.05735122595197724
2025-01-17,3,152,150,0.06514264300284647
2025-01-17,4,152,152,0.04552095278127918
2025-01-17,5,152,152,0.011897077902012986
2025-01-20,1,152,152,0.05083688421320308
2025-01-20,2,152,151,0.05396845004408927
2025-01-20,3,152,150,0.061632435379081967
2025-01-20,4,152,152,0.0467011039516574
2025-01-20,5,152,152,0.008460140613646904
2025-01-21,1,152,152,0.0744010641232942
2025-01-21,2,152,150,0.07102060080156522
2025-01-21,3,152,151,0.07963708869161677
2025-01-21,4,152,152,0.06818146865678991
2025-01-21,5,151,151,0.03404216507677631
2025-01-22,1,151,151,0.06007446674266429
2025-01-22,2,151,149,0.06303183422353102
2025-01-22,3,151,151,0.05864492791366176
2025-01-22,4,151,151,0.055101755737314004
2025-01-22,5,151,151,0.03815834347443689
2025-01-23,1,151,151,0.0549793075634071
2025-01-23,2,151,149,0.05435059596782655
2025-01-23,3,151,151,0.057294985037388425
2025-01-23,4,151,151,0.04939496070078024
2025-01-23,5,151,151,0.030704721467888135
2025-01-24,1,151,151,0.033133104253990874
2025-01-24,2,151,149,0.023340701400629625
2025-01-24,3,151,151,0.038248078873969
2025-01-24,4,151,151,0.02644222004303699
2025-01-24,5,151,151,0.016187905654767645
2025-01-27,1,152,152,0.0413028169129742
2025-01-27,2,152,150,0.04458255832346395
2025-01-27,3,151,151,0.05602904949163509
2025-01-27,4,152,152,0.044396914457950916
2025-01-27,5,151,151,0.0184969740869486
2025-02-05,1,152,152,0.052509036645994225
2025-02-05,2,152,150,0.05867854512483609
2025-02-05,3,152,152,0.06709543127355587
2025-02-05,4,152,151,0.06225555796230483
2025-02-05,5,151,151,0.03421824410160916
2025-02-06,1,152,152,0.04042510045629668
2025-02-06,2,151,150,0.04533925383968563
2025-02-06,3,152,152,0.05375179887822281
2025-02-06,4,151,151,0.05028823099519073
2025-02-06,5,151,151,0.030133232181787515
2025-02-07,1,152,152,0.02931403313888491
2025-02-07,2,152,151,0.02639531335999655
2025-02-07,3,152,152,0.0359132322014099
2025-02-07,4,152,152,0.033763158408825523
2025-02-07,5,152,152,0.021929160066940345
2025-02-10,1,152,152,0.005741842520161873
2025-02-10,2,152,152,0.009165030386309786
2025-02-10,3,152,152,0.007948168471806315
2025-02-10,4,152,152,0.01741443812396819
2025-02-10,5,151,151,0.01467507335009846
2025-02-11,1,152,152,0.026130408217853753
2025-02-11,2,152,152,0.03737181335582274
2025-02-11,3,152,152,0.037399729882939395
2025-02-11,4,152,152,0.04366205626501255
2025-02-11,5,151,151,0.03599049980565973
2025-02-12,1,152,152,0.0052391156956645216
2025-02-12,2,152,152,0.019790981492981495
2025-02-12,3,152,152,0.026422328355962282
2025-02-12,4,152,152,0.03031854965617116
2025-02-12,5,152,152,0.02894836862652034
2025-02-13,1,152,152,0.004064422961196113
2025-02-13,2,152,152,0.020080630713301913
2025-02-13,3,152,152,0.028231059702066786
2025-02-13,4,152,152,0.03574168220068031
2025-02-13,5,152,152,0.030178666311394892
2025-02-14,1,152,152,0.021197107991312296
2025-02-14,2,152,151,0.04259548089383111
2025-02-14,3,152,151,0.030833331669626596
2025-02-14,4,152,152,0.04378928523739493
2025-02-14,5,152,152,0.04439293397397857
2025-02-17,1,153,153,0.02278718224413828
2025-02-17,2,152,151,0.042164684100786554
2025-02-17,3,152,152,0.03130447267094411
2025-02-17,4,152,152,0.04607398797995517
2025-02-17,5,152,152,0.053235810872415884
2025-02-18,1,152,152,0.040329720247433025
2025-02-18,2,152,151,0.060606751902966834
2025-02-18,3,152,152,0.05087959205659284
2025-02-18,4,152,152,0.0666031476518428
2025-02-18,5,152,151,0.06539822987503181
2025-02-19,1,152,152,0.023024735183709854
2025-02-19,2,152,151,0.043065881500964624
2025-02-19,3,152,152,0.03277128206220279
2025-02-19,4,152,152,0.04710755672155407
2025-02-19,5,152,151,0.05576203829206078
2025-02-20,1,153,153,0.014977942892116156
2025-02-20,2,152,151,0.02624841319991551
2025-02-20,3,152,152,0.020616872075023437
2025-02-20,4,152,152,0.03319564659891581
2025-02-20,5,152,151,0.04630165894068689
2025-02-21,1,153,153,0.00028985462441155266
2025-02-21,2,152,151,0.0017627214939354762
2025-02-21,3,152,152,-0.002642186912896462
2025-02-21,4,152,152,0.01574498052434685
2025-02-21,5,152,151,0.03712020549371564
2025-02-24,1,153,153,0.0013294161398939629
2025-02-24,2,152,150,0.01107202369274306
2025-02-24,3,152,152,0.0007152309448876588
2025-02-24,4,152,152,0.016914843548560158
2025-02-24,5,152,151,0.03850535530563432
2025-02-25,1,152,152,-0.00191147053109585
2025-02-25,2,152,151,0.001557737322714503
2025-02-25,3,152,152,-0.004528609108153274
2025-02-25,4,152,152,0.015347071708451857
2025-02-25,5,151,150,0.04115111388099157
2025-02-26,1,152,152,-0.007952291170003246
2025-02-26,2,152,151,-0.005317337227684263
2025-02-26,3,152,152,-0.015852822011983698
2025-02-26,4,152,152,0.0008955278350820354
2025-02-26,5,152,152,0.027546585867200123
2025-02-27,1,152,151,-0.0026245292183530353
2025-02-27,2,152,151,0.005092903392605437
2025-02-27,3,152,152,-0.004284412158374631
2025-02-27,4,152,152,0.007032971113081787
2025-02-27,5,152,152,0.024327241639156748
2025-02-28,1,152,151,0.0013106934680152656
2025-02-28,2,152,152,0.013270194041315849
2025-02-28,3,152,152,0.0015105298206587261
2025-02-28,4,152,152,0.010327799600103096
2025-02-28,5,151,151,0.02845989227756349
2025-03-03,1,152,151,-0.0008285637848294957
2025-03-03,2,152,152,0.013021136784955823
2025-03-03,3,152,152,0.006614667312076631
2025-03-03,4,152,152,0.007745722816388817
2025-03-03,5,151,151,0.023939180321641034
2025-03-04,1,152,151,-0.004963055424805725
2025-03-04,2,152,152,-0.0009953323808720577
2025-03-04,3,152,152,-0.003448149539179061
2025-03-04,4,152,152,-0.0004918910535437135
2025-03-04,5,151,151,0.02092768765552914
2025-03-05,1,152,150,-0.014934173433369946
2025-03-05,2,152,152,-0.013757203838717159
2025-03-05,3,152,152,-0.024626634758344413
2025-03-05,4,152,152,-0.010164681477359275
2025-03-05,5,152,152,0.012572271328847332
2025-03-06,1,152,150,-0.06323828706452411
2025-03-06,2,152,152,-0.07329872053169656
2025-03-06,3,152,152,-0.08323243409410049
2025-03-06,4,152,152,-0.07387926064675274
2025-03-06,5,152,152,-0.026920646887663817
2025-03-07,1,152,150,-0.10589496644949492
2025-03-07,2,152,152,-0.11357323790187586
2025-03-07,3,152,152,-0.12348923031675214
2025-03-07,4,152,152,-0.10933929915454475
2025-03-07,5,151,151,-0.06681488878095508
2025-03-10,1,153,152,-0.09568552135126883
2025-03-10,2,152,152,-0.11055357556195755
2025-03-10,3,152,152,-0.1266851931038394
2025-03-10,4,152,152,-0.1082564350282113
2025-03-10,5,152,152,-0.05723812933220696
2025-03-11,1,152,151,-0.07703667833161226
2025-03-11,2,152,152,-0.08920316519865916
2025-03-11,3,152,152,-0.09655112701546598
2025-03-11,4,152,152,-0.0857852052224186
2025-03-11,5,152,152,-0.03945261186808474
2025-03-12,1,152,151,-0.06903980380340954
2025-03-12,2,152,152,-0.09002154549211507
2025-03-12,3,152,152,-0.10081522796456195
2025-03-12,4,152,152,-0.08408999695540159
2025-03-12,5,152,152,-0.04079858267676596
2025-03-13,1,152,151,-0.04979976774293522
2025-03-13,2,152,152,-0.06109933733675917
2025-03-13,3,152,152,-0.07456448934158426
2025-03-13,4,152,152,-0.07269601497580352
2025-03-13,5,152,152,-0.03019163265621609
2025-03-14,1,152,151,-0.06393751567404145
2025-03-14,2,152,151,-0.08377898454764206
2025-03-14,3,152,152,-0.09240886704212677
2025-03-14,4,152,152,-0.08888524489464442
2025-03-14,5,152,152,-0.047169873479915574
2025-03-17,1,152,151,-0.06937459266174553
2025-03-17,2,152,152,-0.08867217110462011
2025-03-17,3,152,152,-0.09807912396999009
2025-03-17,4,152,152,-0.09255291396209919
2025-03-17,5,152,152,-0.049580445759402035
2025-03-18,1,152,151,-0.07567782826691802
2025-03-18,2,152,152,-0.09810467040941538
2025-03-18,3,152,152,-0.10728482047801131
2025-03-18,4,152,152,-0.10196263857690607
2025-03-18,5,152,151,-0.05478891169884908
2025-03-19,1,152,151,-0.06920588049535589
2025-03-19,2,152,152,-0.09020612106392391
2025-03-19,3,152,152,-0.09525446268578257
2025-03-19,4,152,152,-0.098079563373578
2025-03-19,5,151,151,-0.047012863861561664
2025-03-20,1,152,150,-0.06984877843034312
2025-03-20,2,152,152,-0.08107563033766652
2025-03-20,3,152,152,-0.08789085572666026
2025-03-20,4,152,152,-0.08938515531197677
2025-03-20,5,151,151,-0.04504060530168055
2025-03-21,1,152,150,-0.04318571505428906
2025-03-21,2,152,151,-0.055411149698059534
2025-03-21,3,152,152,-0.06507209165662797
2025-03-21,4,152,152,-0.06819784525938266
2025-03-21,5,151,151,-0.031521332050974495
2025-03-24,1,152,150,-0.03288929356243053
2025-03-24,2,152,151,-0.04315681482144054
2025-03-24,3,151,151,-0.054844223226461604
2025-03-24,4,152,152,-0.05254174811234108
2025-03-24,5,151,151,-0.02532734108344049
2025-03-25,1,152,150,-0.032996447035794414
2025-03-25,2,152,151,-0.03951826316992229
2025-03-25,3,152,152,-0.0526968750663569
2025-03-25,4,152,152,-0.05390260903853536
2025-03-25,5,151,151,-0.03411466132759109
2025-03-26,1,152,150,-0.036865392313964414
2025-03-26,2,152,152,-0.04339901971291586
2025-03-26,3,152,152,-0.058112270642720384
2025-03-26,4,152,152,-0.055664718634000535
2025-03-26,5,151,151,-0.03502413216777293
2025-03-27,1,152,151,-0.044838503642998434
2025-03-27,2,152,152,-0.0441007653742943
2025-03-27,3,152,152,-0.06036257493917689
2025-03-27,4,152,152,-0.05720877225238691
2025-03-27,5,151,151,-0.03801087855823877
2025-03-28,1,152,151,-0.0420480057320319
2025-03-28,2,152,152,-0.04442560384149208
2025-03-28,3,151,151,-0.05739892907847878
2025-03-28,4,152,152,-0.055652052458684216
2025-03-28,5,151,151,-0.037961960023669576
2025-03-31,1,152,152,-0.026825369925729266
2025-03-31,2,151,151,-0.03857135585587925
2025-03-31,3,152,152,-0.04653418493311362
2025-03-31,4,151,151,-0.04184175997546802
2025-03-31,5,151,151,-0.02737880713784524
2025-04-01,1,152,151,-0.023464693247545056
2025-04-01,2,151,151,-0.029647954399465763
2025-04-01,3,152,152,-0.0438188208031923
2025-04-01,4,151,151,-0.04011023999966804
2025-04-01,5,151,151,-0.026973343761366952
2025-04-02,1,152,151,0.005393814463491647
2025-04-02,2,152,152,-0.0009819831193417672
2025-04-02,3,151,151,-0.005449690564700724
2025-04-02,4,152,152,-0.011891282072775764
2025-04-02,5,151,151,-0.006970737065813287
2025-04-03,1,152,151,0.04407077801762286
2025-04-03,2,152,152,0.04645282517889901
2025-04-03,3,152,152,0.03757841680415262
2025-04-03,4,152,152,0.03729793808771217
2025-04-03,5,151,151,0.022357013105786392
2025-04-07,1,152,151,0.09844767079741419
2025-04-07,2,151,151,0.10593077436697636
2025-04-07,3,151,151,0.09109537765610017
2025-04-07,4,151,151,0.09474058657745502
2025-04-07,5,151,151,0.06912285469931771
2025-04-08,1,151,150,0.1123729840450553
2025-04-08,2,151,151,0.10448596769152398
2025-04-08,3,151,151,0.10885622308362666
2025-04-08,4,151,151,0.1109316905925168
2025-04-08,5,151,151,0.07259441337546804
2025-04-09,1,152,151,0.06798885760078852
2025-04-09,2,151,151,0.06673457558576124
2025-04-09,3,151,151,0.07139902833440934
2025-04-09,4,151,150,0.07467977975660463
2025-04-09,5,151,151,0.041730821879250195
2025-04-10,1,152,151,0.06069159047542839
2025-04-10,2,151,151,0.05733490749814069
2025-04-10,3,151,151,0.06311506602856873
2025-04-10,4,151,150,0.06743622084532741
2025-04-10,5,151,151,0.038926369310302814
2025-04-11,1,152,151,0.04497246225273598
2025-04-11,2,151,151,0.0358805273749186
2025-04-11,3,151,151,0.043158573438117284
2025-04-11,4,151,150,0.05052343067435867
2025-04-11,5,151,151,0.030773699176361885
2025-04-14,1,152,151,0.032486140502079035
2025-04-14,2,151,151,0.018482672264758665
2025-04-14,3,152,152,0.03144268797958212
2025-04-14,4,151,150,0.039719376354371366
2025-04-14,5,151,151,0.0196655529348554
2025-04-15,1,152,152,0.04053578410548403
2025-04-15,2,151,151,0.03646944873960043
2025-04-15,3,152,152,0.03811526639652129
2025-04-15,4,151,150,0.04808745465554697
2025-04-15,5,151,151,0.020932871650338105
2025-04-16,1,152,152,0.05675261876505871
2025-04-16,2,151,151,0.04705059823971365
2025-04-16,3,152,152,0.058674420347952456
2025-04-16,4,151,150,0.06397431223605289
2025-04-16,5,151,151,0.03284216072936637
2025-04-17,1,152,152,0.055951043960661695
2025-04-17,2,152,152,0.045164455450243175
2025-04-17,3,151,151,0.05333537571922496
2025-04-17,4,152,151,0.06441939681913977
2025-04-17,5,151,151,0.030269041767636687
2025-04-18,1,152,151,0.059138955726996
2025-04-18,2,152,152,0.041312328057673646
2025-04-18,3,151,151,0.05125836083883837
2025-04-18,4,152,151,0.05718929813272279
2025-04-18,5,151,151,0.028640291559014004
2025-04-21,1,151,151,0.03845436850976142
2025-04-21,2,151,150,0.016614619144283013
2025-04-21,3,150,150,0.029621706864975367
2025-04-21,4,151,150,0.038403540971688306
2025-04-21,5,150,150,0.017789285037811957
2025-04-22,1,151,151,0.02173306095440966
2025-04-22,2,151,150,0.0015158520509075861
2025-04-22,3,150,150,0.01511018997688292
2025-04-22,4,151,151,0.01902016579991737
2025-04-22,5,150,150,0.0036437049533739533
2025-04-23,1,151,151,0.027017876854630637
2025-04-23,2,150,149,0.009201522907189291
2025-04-23,3,151,151,0.01836482342350172
2025-04-23,4,150,150,0.023720279982086843
2025-04-23,5,150,150,0.005921685189270001
2025-04-24,1,151,151,0.03539216848754746
2025-04-24,2,151,150,0.012891073982153401
2025-04-24,3,150,150,0.020755362699704443
2025-04-24,4,151,151,0.024095085952326154
2025-04-24,5,150,150,0.006105256908016342
2025-04-25,1,151,151,0.03348752588499449
2025-04-25,2,151,150,0.012653230783158125
2025-04-25,3,151,151,0.02004022586600589
2025-04-25,4,151,151,0.022713973057360594
2025-04-25,5,150,150,0.007479174617937705
2025-04-28,1,151,151,0.05807240288445193
2025-04-28,2,151,150,0.03419076752608943
2025-04-28,3,150,150,0.04464725408897085
2025-04-28,4,151,151,0.041072806529055005
2025-04-28,5,150,150,0.027488330410273747
2025-04-29,1,151,151,0.04356989093318401
2025-04-29,2,150,149,0.014399016206873639
2025-04-29,3,151,151,0.023984421394152515
2025-04-29,4,150,150,0.03197331286541103
2025-04-29,5,150,150,0.015795368248913196
2025-04-30,1,151,150,0.03828402591983859
2025-04-30,2,151,150,0.016406249292035897
2025-04-30,3,150,150,0.025202086292323553
2025-04-30,4,151,151,0.03425174018703405
2025-04-30,5,150,150,0.020837612824643907
2025-05-06,1,150,150,0.023198712351009416
2025-05-06,2,150,149,0.0037051587679653155
2025-05-06,3,150,150,0.005666236270013636
2025-05-06,4,150,150,0.020424431552674673
2025-05-06,5,150,149,0.009026322221726878
2025-05-07,1,151,151,0.033673156145402214
2025-05-07,2,150,148,0.0158605056136146
2025-05-07,3,151,151,0.017674828143355838
2025-05-07,4,150,150,0.035494511341799505
2025-05-07,5,150,149,0.013870083527388895
2025-05-08,1,151,151,0.02912520078643823
2025-05-08,2,151,149,0.012773205494269933
2025-05-08,3,150,150,0.010023696419898021
2025-05-08,4,151,151,0.024881006163099
2025-05-08,5,150,149,0.0077388962312941005
2025-05-09,1,150,150,0.04062911908643275
2025-05-09,2,149,149,0.031448214893930244
2025-05-09,3,150,150,0.024496824234831925
2025-05-09,4,149,149,0.030097641909803404
2025-05-09,5,149,148,0.011392939637351182
2025-05-12,1,150,150,0.024063410084159062
2025-05-12,2,149,149,0.011657430305034359
2025-05-12,3,150,150,0.0035884286557882603
2025-05-12,4,149,148,0.007057172737953269
2025-05-12,5,149,149,8.15160706909322e-06
2025-05-13,1,149,149,0.03364519494294967
2025-05-13,2,149,149,0.025050941867734648
2025-05-13,3,149,149,0.015048196368016504
2025-05-13,4,149,149,0.02179230649351508
2025-05-13,5,149,149,0.010415096591666343
2025-05-14,1,149,149,0.029190562631970216
2025-05-14,2,149,149,0.02721410233756522
2025-05-14,3,148,148,0.018248730769596145
2025-05-14,4,149,149,0.01963595121059913
2025-05-14,5,148,148,0.007148807060928505
2025-05-15,1,149,149,0.027150991092471786
2025-05-15,2,148,148,0.024121934949201042
2025-05-15,3,148,148,0.011344892216210743
2025-05-15,4,148,148,0.021015187220931094
2025-05-15,5,148,148,0.004903415476748943
2025-05-16,1,149,149,0.025205394786212924
2025-05-16,2,148,148,0.031439343141346644
2025-05-16,3,148,148,0.019297539689870857
2025-05-16,4,148,148,0.026374300682338668
2025-05-16,5,148,148,0.010229765851759996
2025-05-19,1,148,148,0.013351018225341727
2025-05-19,2,148,148,0.0176130672607479
2025-05-19,3,148,148,0.012770091441207096
2025-05-19,4,148,148,0.021665298757985046
2025-05-19,5,147,147,0.008332028327869521
2025-05-20,1,148,148,-0.0034796221948202085
2025-05-20,2,147,147,0.015163178451934907
2025-05-20,3,148,148,0.004660593198170462
2025-05-20,4,147,147,0.008837420726735191
2025-05-20,5,147,147,0.007424713278042863
2025-05-21,1,148,148,-0.012842153766930096
2025-05-21,2,147,147,-0.0009705867872434239
2025-05-21,3,147,147,-0.007749327535372697
2025-05-21,4,147,147,-0.001502245040948589
2025-05-21,5,147,147,-0.0038225072143897045
2025-05-22,1,148,148,-0.015225111571874997
2025-05-22,2,148,148,-0.008712853152117287
2025-05-22,3,147,147,-0.011491414552326952
2025-05-22,4,148,148,-0.0042256718704895115
2025-05-22,5,147,147,-0.0001289958606353761
2025-05-23,1,147,147,0.008642452216711964
2025-05-23,2,147,146,0.021937414299791735
2025-05-23,3,147,147,0.017655906967952283
2025-05-23,4,147,147,0.021605383775678864
2025-05-23,5,146,146,0.01393059945218492
2025-05-26,1,145,145,0.022243848677646602
2025-05-26,2,145,145,0.03635655587668338
2025-05-26,3,145,145,0.030939988351046062
2025-05-26,4,145,145,0.03173310050005907
2025-05-26,5,144,144,0.0325164552551889
2025-05-27,1,146,146,0.021823883180447926
2025-05-27,2,145,145,0.045965583186232915
2025-05-27,3,145,145,0.04419703508738042
2025-05-27,4,145,145,0.06251261922877095
2025-05-27,5,145,145,0.029972237753434435
2025-05-28,1,145,145,0.021495295463340374
2025-05-28,2,145,145,0.048931532687381735
2025-05-28,3,145,145,0.051743063462122686
2025-05-28,4,145,145,0.060984668360950914
2025-05-28,5,145,145,0.031165216556227605
2025-05-29,1,145,145,0.015084308224288787
2025-05-29,2,145,145,0.039464698035276205
2025-05-29,3,144,144,0.04228561814837718
2025-05-29,4,145,145,0.051908132728533354
2025-05-29,5,144,144,0.02237577203241546
2025-05-30,1,145,145,0.033585797428471335
2025-05-30,2,144,144,0.06055836688706768
2025-05-30,3,144,144,0.05999031176387715
2025-05-30,4,144,144,0.061236641398950895
2025-05-30,5,144,144,0.03312923390795988
2025-06-03,1,143,143,0.027442993101277204
2025-06-03,2,142,142,0.0492438386551627
2025-06-03,3,142,142,0.04676383768499606
2025-06-03,4,142,142,0.052329222564134
2025-06-03,5,142,142,0.027351844045700846
2025-06-04,1,142,142,0.016202738850479043
2025-06-04,2,142,142,0.03210170555274169
2025-06-04,3,142,142,0.0369471638408925
2025-06-04,4,142,142,0.042131173498735956
2025-06-04,5,141,140,0.025132935478066498
2025-06-05,1,142,142,0.018421294781978705
2025-06-05,2,141,141,0.03403009591212194
2025-06-05,3,141,141,0.04056087244146663
2025-06-05,4,141,140,0.0480048265396307
2025-06-05,5,141,141,0.032596228292697864
2025-06-06,1,141,141,0.0163939400075043
2025-06-06,2,141,141,0.02482096874063678
2025-06-06,3,140,140,0.023233550986365627
2025-06-06,4,141,141,0.042013353291581075
2025-06-06,5,140,140,0.03428918733749812
2025-06-09,1,140,140,0.009801992169054908
2025-06-09,2,140,140,0.015558631130193512
2025-06-09,3,140,140,0.019240624558985453
2025-06-09,4,140,140,0.038611672013332377
2025-06-09,5,139,139,0.03033803806225344
2025-06-10,1,140,140,0.02748439719325524
2025-06-10,2,140,140,0.034596771985337324
2025-06-10,3,140,140,0.0403526038996267
2025-06-10,4,140,140,0.059262605322771604
2025-06-10,5,140,140,0.04634212211205562
2025-06-11,1,141,141,0.02411120187880213
2025-06-11,2,140,140,0.02767365142708592
2025-06-11,3,141,141,0.039417879124562356
2025-06-11,4,140,140,0.04693295616642334
2025-06-11,5,140,140,0.04524605422365162
2025-06-12,1,141,141,0.025438777915480958
2025-06-12,2,141,141,0.037135628945099274
2025-06-12,3,140,140,0.0416076648635829
2025-06-12,4,141,141,0.05166684978643041
2025-06-12,5,140,140,0.05233661844253856
2025-06-13,1,140,140,0.04584394177919134
2025-06-13,2,140,140,0.06097938928854063
2025-06-13,3,139,139,0.05459025575072354
2025-06-13,4,140,140,0.07618947032020702
2025-06-13,5,139,139,0.059226939426809955
2025-06-16,1,138,138,0.035611796595295134
2025-06-16,2,137,137,0.044287184174131855
2025-06-16,3,137,137,0.04616645804360243
2025-06-16,4,137,137,0.0679727281927513
2025-06-16,5,137,137,0.05500210087404366
2025-06-17,1,138,138,0.03973659859195514
2025-06-17,2,138,138,0.04971690180092004
2025-06-17,3,138,138,0.04988638568978385
2025-06-17,4,138,138,0.05906620037707389
2025-06-17,5,137,137,0.050004646118544424
2025-06-18,1,139,139,0.048312144349150786
2025-06-18,2,138,138,0.05797416542467475
2025-06-18,3,139,139,0.04992582306883736
2025-06-18,4,138,138,0.0639525969071608
2025-06-18,5,138,138,0.05726577124356319
2025-06-19,1,139,139,0.07473858986115954
2025-06-19,2,138,138,0.08671933161478632
2025-06-19,3,139,139,0.07890461702429662
2025-06-19,4,138,138,0.08454826618063573
2025-06-19,5,138,138,0.0755299018255503
2025-06-20,1,140,140,0.09392321909070338
2025-06-20,2,139,139,0.10021688995396076
2025-06-20,3,140,140,0.0972261301424109
2025-06-20,4,139,139,0.0958753354152911
2025-06-20,5,139,139,0.08284708845871244
2025-06-23,1,140,140,0.08888394640982486
2025-06-23,2,139,139,0.0906909326606582
2025-06-23,3,139,139,0.09187262052557515
2025-06-23,4,139,139,0.09263091541613806
2025-06-23,5,139,139,0.08777148448985483
2025-06-24,1,139,139,0.08005058125948152
2025-06-24,2,139,139,0.07660256332169545
2025-06-24,3,139,139,0.08244532702898687
2025-06-24,4,139,139,0.08449699686316814
2025-06-24,5,138,138,0.0890194938351956
2025-06-25,1,140,140,0.06890403585035772
2025-06-25,2,140,140,0.054966590258673266
2025-06-25,3,140,140,0.06377782584697672
2025-06-25,4,140,140,0.06346028783321496
2025-06-25,5,140,140,0.07017995790605049
2025-06-26,1,141,141,0.08638630933315453
2025-06-26,2,140,140,0.08247060602602892
2025-06-26,3,140,140,0.07674484705048794
2025-06-26,4,140,140,0.07509246243037018
2025-06-26,5,140,140,0.08484572611784945
2025-06-27,1,142,142,0.08544566481738806
2025-06-27,2,141,141,0.07643770658773782
2025-06-27,3,142,142,0.07071596536916099
2025-06-27,4,141,141,0.07150237468788187
2025-06-27,5,141,141,0.07331975344285364
2025-06-30,1,142,142,0.07644213062512538
2025-06-30,2,142,142,0.07581590989430391
2025-06-30,3,141,141,0.06386790368618254
2025-06-30,4,142,142,0.06736151497147456
2025-06-30,5,141,141,0.0657773959969372
2025-07-01,1,143,143,0.07528702766668455
2025-07-01,2,142,142,0.08006188049878117
2025-07-01,3,142,142,0.06949470719877096
2025-07-01,4,142,142,0.06979833235638251
2025-07-01,5,142,142,0.06294655439435842
2025-07-02,1,142,142,0.07138769795468457
2025-07-02,2,142,142,0.07654173350126997
2025-07-02,3,142,142,0.06354231719953159
2025-07-02,4,142,142,0.06547338180787375
2025-07-02,5,141,141,0.05506281048461441
2025-07-03,1,142,142,0.0568437605968432
2025-07-03,2,142,142,0.05171700008831212
2025-07-03,3,141,141,0.05037506017823935
2025-07-03,4,142,142,0.042708414657777374
2025-07-03,5,141,141,0.027925749560393117
2025-07-04,1,142,141,0.05666371435557228
2025-07-04,2,141,140,0.055594797966749064
2025-07-04,3,142,142,0.050394882113695895
2025-07-04,4,141,141,0.04222751844425862
2025-07-04,5,141,141,0.028483335650008428
2025-07-07,1,141,140,0.07236360566189662
2025-07-07,2,141,140,0.06077608735783818
2025-07-07,3,141,141,0.06516749824840325
2025-07-07,4,141,141,0.05224915801682142
2025-07-07,5,140,140,0.034313662622039755
2025-07-08,1,142,141,0.06400792924610765
2025-07-08,2,141,140,0.04885268518909834
2025-07-08,3,142,142,0.061221702440114635
2025-07-08,4,141,141,0.043224569612174926
2025-07-08,5,141,141,0.029266167417797823
2025-07-09,1,142,141,0.06441469474520235
2025-07-09,2,142,141,0.06875882530196054
2025-07-09,3,142,142,0.07423152759817549
2025-07-09,4,142,142,0.05309886908337117
2025-07-09,5,142,142,0.03266678642840759
2025-07-10,1,142,141,0.05792758573323624
2025-07-10,2,142,141,0.05481139822695734
2025-07-10,3,141,141,0.06175182258192951
2025-07-10,4,142,142,0.04450457927116132
2025-07-10,5,141,141,0.026463974414958714
2025-07-11,1,142,142,0.054613500576254526
2025-07-11,2,142,142,0.05825678488884333
2025-07-11,3,142,141,0.05639632858485942
2025-07-11,4,142,142,0.04407628575595232
2025-07-11,5,142,142,0.031227596858054787
2025-07-14,1,142,142,0.0680581176057441
2025-07-14,2,142,142,0.06470881443038903
2025-07-14,3,142,141,0.06598361340270317
2025-07-14,4,142,142,0.04829690992550976
2025-07-14,5,141,141,0.03832909617183519
2025-07-15,1,142,142,0.06644755315746279
2025-07-15,2,142,142,0.07508070930652226
2025-07-15,3,141,138,0.0667634255476564
2025-07-15,4,142,142,0.06053332507767847
2025-07-15,5,141,141,0.04237242363300661
2025-07-16,1,143,143,0.06901405939760508
2025-07-16,2,142,142,0.07959319215999301
2025-07-16,3,143,140,0.07558173259749125
2025-07-16,4,142,142,0.06694484652021418
2025-07-16,5,142,142,0.04879714857844639
2025-07-17,1,144,144,0.04447223712797963
2025-07-17,2,143,143,0.04760258583931049
2025-07-17,3,143,140,0.04860166349965514
2025-07-17,4,143,143,0.04234268335931102
2025-07-17,5,143,142,0.03134347018880557
2025-07-18,1,145,145,0.06586471875564737
2025-07-18,2,144,144,0.07548517208281365
2025-07-18,3,144,142,0.06074345945784297
2025-07-18,4,144,144,0.058626526954236785
2025-07-18,5,144,144,0.04582371745054789
2025-07-21,1,144,144,0.06123343412089824
2025-07-21,2,144,144,0.07003532447754808
2025-07-21,3,144,143,0.063181445399777
2025-07-21,4,144,144,0.04966510704455344
2025-07-21,5,144,144,0.030930317522878045
2025-07-22,1,144,144,0.05612083880542391
2025-07-22,2,144,144,0.06272891772070727
2025-07-22,3,144,143,0.05606619580130765
2025-07-22,4,144,144,0.03565464673277143
2025-07-22,5,144,144,0.018423328908617788
2025-07-23,1,145,145,0.08247711605233618
2025-07-23,2,145,145,0.08285692507181806
2025-07-23,3,145,144,0.0822130199726348
2025-07-23,4,145,145,0.06029000796337185
2025-07-23,5,145,145,0.03997261691561525
2025-07-24,1,145,145,0.053621000214563
2025-07-24,2,145,145,0.06304572268057088
2025-07-24,3,145,144,0.05874920460531988
2025-07-24,4,145,145,0.04744171201439007
2025-07-24,5,145,145,0.028630749903296015
2025-07-25,1,146,146,0.07336747478918519
2025-07-25,2,146,146,0.08572663957719268
2025-07-25,3,146,145,0.08415173042162308
2025-07-25,4,146,146,0.05719276156162118
2025-07-25,5,146,146,0.0428596881966494
2025-07-28,1,146,146,0.07519645335712123
2025-07-28,2,145,145,0.09499502521064145
2025-07-28,3,146,145,0.09260579942440932
2025-07-28,4,145,145,0.06012417258305662
2025-07-28,5,145,145,0.05279215698440736
2025-07-29,1,146,146,0.0737132438109395
2025-07-29,2,145,145,0.09761139282709967
2025-07-29,3,146,145,0.09048952498499628
2025-07-29,4,145,145,0.06328217594465078
2025-07-29,5,145,145,0.05956254660551326
2025-07-30,1,146,146,0.06420494034157076
2025-07-30,2,145,145,0.07404923346775945
2025-07-30,3,146,145,0.08495285573769765
2025-07-30,4,145,145,0.042512080864777625
2025-07-30,5,145,145,0.03540959326751005
2025-07-31,1,146,146,0.09114053503497295
2025-07-31,2,145,145,0.10748442536571365
2025-07-31,3,145,144,0.10524240145897398
2025-07-31,4,145,145,0.06648484096942349
2025-07-31,5,145,145,0.06032706956000772
2025-08-01,1,145,144,0.10243831141764069
2025-08-01,2,145,145,0.11367397731946521
2025-08-01,3,145,143,0.11196067117335323
2025-08-01,4,145,145,0.07589093741396262
2025-08-01,5,144,144,0.061664441969775684
2025-08-04,1,145,145,0.09915337839801834
2025-08-04,2,144,144,0.09851347797302368
2025-08-04,3,145,144,0.09396605840512315
2025-08-04,4,144,144,0.067280581773629
2025-08-04,5,144,144,0.053462839401324
2025-08-05,1,145,145,0.08447215033961486
2025-08-05,2,144,144,0.07422403280916437
2025-08-05,3,145,144,0.06728394936176874
2025-08-05,4,144,144,0.052131376321707425
2025-08-05,5,144,144,0.04052611244585444
2025-08-06,1,145,145,0.05634796869857231
2025-08-06,2,145,145,0.046111036544405494
2025-08-06,3,144,143,0.03567641357388189
2025-08-06,4,145,145,0.028522809179003555
2025-08-06,5,144,144,0.02215529222778856
2025-08-07,1,145,145,0.0458674928822017
2025-08-07,2,145,145,0.02692268680011
2025-08-07,3,144,143,0.026413716116645242
2025-08-07,4,145,145,0.016935987217863487
2025-08-07,5,144,144,0.021682455967302876
2025-08-08,1,146,146,0.06378578739250047
2025-08-08,2,145,145,0.05570319871852219
2025-08-08,3,146,145,0.04914619002465243
2025-08-08,4,145,145,0.034108271317308606
2025-08-08,5,145,145,0.033241201763767984
2025-08-11,1,145,145,0.06496727891766797
2025-08-11,2,145,145,0.05849806591395934
2025-08-11,3,145,144,0.04362344797548254
2025-08-11,4,145,145,0.03572200097919133
2025-08-11,5,145,145,0.03472754484953584
2025-08-12,1,146,146,0.05348325132553446
2025-08-12,2,145,145,0.05180739223019771
2025-08-12,3,145,143,0.03820815819291353
2025-08-12,4,145,145,0.027620356988828622
2025-08-12,5,145,145,0.029791339542441692
2025-08-13,1,145,145,0.04254273640173638
2025-08-13,2,145,145,0.04793902844721383
2025-08-13,3,144,144,0.026947956476788524
2025-08-13,4,145,145,0.017761251405654384
2025-08-13,5,144,144,0.023331078325853384
2025-08-14,1,145,145,0.07406589498998711
2025-08-14,2,145,145,0.07744251312706711
2025-08-14,3,144,144,0.0695489568467105
2025-08-14,4,145,145,0.05344010240061817
2025-08-14,5,144,144,0.04888385120733784
2025-08-15,1,145,145,0.05106885564484826
2025-08-15,2,145,145,0.056142440022251695
2025-08-15,3,145,145,0.04387522848611412
2025-08-15,4,145,145,0.031069991833772567
2025-08-15,5,145,144,0.02905887423838005
2025-08-18,1,146,146,0.054029597416828515
2025-08-18,2,146,146,0.04680756002161532
2025-08-18,3,145,145,0.03096826389998434
2025-08-18,4,146,146,0.02519829484847672
2025-08-18,5,145,144,0.028994484380706606
2025-08-19,1,146,146,0.057909107245696326
2025-08-19,2,145,145,0.056781850588583774
2025-08-19,3,146,146,0.03102969493362445
2025-08-19,4,145,145,0.028288411332190358
2025-08-19,5,145,144,0.02561887789058677
2025-08-20,1,146,146,0.04482693688232082
2025-08-20,2,146,146,0.04220790517348432
2025-08-20,3,145,145,0.022865267861755814
2025-08-20,4,146,146,0.01204834283024705
2025-08-20,5,145,144,0.016002114429906532
2025-08-21,1,146,146,0.03580173391233944
2025-08-21,2,146,146,0.04512675290555272
2025-08-21,3,146,146,0.01601068760226959
2025-08-21,4,146,146,0.0031190045185206317
2025-08-21,5,145,144,-0.002040675762930483
2025-08-22,1,146,146,0.02046271691447929
2025-08-22,2,146,146,0.021055152681374166
2025-08-22,3,146,146,-0.005342926461890039
2025-08-22,4,146,146,-0.0033013898330341842
2025-08-22,5,145,143,-0.0047729748341641285
2025-08-25,1,146,146,0.00785697982489778
2025-08-25,2,146,146,0.02613356923440243
2025-08-25,3,146,146,-0.007838244794586382
2025-08-25,4,146,146,-0.014815782040829778
2025-08-25,5,146,145,-0.019178670037005453
2025-08-26,1,146,146,-0.007936647786215006
2025-08-26,2,145,145,0.00028259052583982664
2025-08-26,3,146,146,-0.022590825434710863
2025-08-26,4,145,145,-0.036493373811381444
2025-08-26,5,145,144,-0.027446517564354914
2025-08-27,1,146,146,0.03253082386298394
2025-08-27,2,145,144,0.04024167330090705
2025-08-27,3,146,146,0.0180539481487521
2025-08-27,4,145,145,0.0033182330715606713
2025-08-27,5,145,144,0.006964368099470634
2025-08-28,1,146,146,0.009749040783604066
2025-08-28,2,146,145,0.026545090358683753
2025-08-28,3,145,145,-0.0009552123795487628
2025-08-28,4,146,146,-0.010640170111715603
2025-08-28,5,145,144,-0.0061875553318817824
2025-08-29,1,146,146,0.005368547592063459
2025-08-29,2,146,145,0.013511271375124508
2025-08-29,3,146,146,-0.013716415216121398
2025-08-29,4,146,145,-0.010057216420872546
2025-08-29,5,145,145,-0.005327775555413002
2025-09-01,1,146,146,0.010454646106303464
2025-09-01,2,146,145,0.029366730184201703
2025-09-01,3,146,146,-0.0031032863587846554
2025-09-01,4,146,145,0.007594553615078188
2025-09-01,5,145,145,-0.0076145645781790635
2025-09-02,1,146,146,0.029210972560944536
2025-09-02,2,146,146,0.054044248569300374
2025-09-02,3,146,145,0.03396859717181114
2025-09-02,4,146,145,0.018746994711507863
2025-09-02,5,145,145,0.00434835023936447
2025-09-03,1,146,146,0.055244555692553654
2025-09-03,2,146,146,0.07209275154781168
2025-09-03,3,146,145,0.05869628879605445
2025-09-03,4,146,145,0.04338678349723787
2025-09-03,5,145,145,0.02191843264145192
2025-09-04,1,146,146,0.036548394387997396
2025-09-04,2,146,145,0.041924149629512374
2025-09-04,3,146,146,0.03895403362510886
2025-09-04,4,146,145,0.027371118718426096
2025-09-04,5,145,145,0.008689152986625925
2025-09-05,1,146,146,0.041189750387735174
2025-09-05,2,146,146,0.062011246646584216
2025-09-05,3,146,145,0.04952635083060107
2025-09-05,4,146,145,0.03895758095215727
2025-09-05,5,145,145,0.016632595723841268
2025-09-08,1,146,146,0.011730136088543888
2025-09-08,2,146,146,0.03123471569428887
2025-09-08,3,146,145,0.026481637633268686
2025-09-08,4,146,145,0.014062726134795507
2025-09-08,5,146,146,0.00588623149769298
2025-09-09,1,146,146,0.029679307436565935
2025-09-09,2,146,146,0.04512179691040601
2025-09-09,3,146,145,0.04198701459490836
2025-09-09,4,146,145,0.02472258013855428
2025-09-09,5,146,146,0.01861387125292186
2025-09-10,1,146,146,0.030540077252514185
2025-09-10,2,146,146,0.034113088608174184
2025-09-10,3,146,146,0.028700449638428552
2025-09-10,4,146,146,0.026574982481886243
2025-09-10,5,146,146,0.019564230304553756
2025-09-11,1,146,146,0.004048889632868261
2025-09-11,2,146,146,-0.005909214745027622
2025-09-11,3,146,146,-0.011938369794936605
2025-09-11,4,146,146,-0.008546223491086682
2025-09-11,5,146,146,-0.0050778054315621865
2025-09-12,1,146,146,0.0069191783812802225
2025-09-12,2,146,146,-0.008569145749349286
2025-09-12,3,146,146,-0.010657262651349796
2025-09-12,4,146,146,-0.006753206626332771
2025-09-12,5,146,145,-0.0028254111961388646
2025-09-15,1,146,146,-0.0016685850895446876
2025-09-15,2,146,146,0.0025370429050129467
2025-09-15,3,146,146,-0.000554118312870568
2025-09-15,4,146,146,0.001752369526041315
2025-09-15,5,146,146,0.0013268059572464853
2025-09-16,1,147,147,-0.00791239104397419
2025-09-16,2,146,146,-0.003274974074997997
2025-09-16,3,147,147,-0.005510690164763209
2025-09-16,4,146,146,0.0015015654644941934
2025-09-16,5,146,146,0.004387301133966086
2025-09-17,1,147,147,-0.009905376117525812
2025-09-17,2,146,146,-0.0012153146661151265
2025-09-17,3,147,147,-0.0032214475905305586
2025-09-17,4,146,146,0.005966722705679809
2025-09-17,5,146,146,0.011022879334903602
2025-09-18,1,147,147,0.008205160762814977
2025-09-18,2,146,146,0.023476968798093
2025-09-18,3,147,147,0.020391942447699384
2025-09-18,4,146,146,0.028172568329051986
2025-09-18,5,146,146,0.02774695181498389
2025-09-19,1,147,147,0.008665513776110672
2025-09-19,2,146,146,0.022035576483830553
2025-09-19,3,146,146,0.021377977706436152
2025-09-19,4,146,146,0.026636389983903542
2025-09-19,5,146,145,0.025216675083108576
2025-09-22,1,146,146,0.012064698779556755
2025-09-22,2,146,146,0.017975699185804783
2025-09-22,3,146,146,0.02102783882487909
2025-09-22,4,146,146,0.026374329497637048
2025-09-22,5,145,145,0.027471519469267465
2025-09-23,1,146,146,0.03387679780304205
2025-09-23,2,146,146,0.04390339087067638
2025-09-23,3,146,146,0.04836777459601727
2025-09-23,4,146,146,0.04149391455085945
2025-09-23,5,145,145,0.04078886768567276
2025-09-24,1,146,146,0.009566498221955693
2025-09-24,2,146,146,0.016225402015009566
2025-09-24,3,146,145,0.014575163381132466
2025-09-24,4,146,146,0.017904516763339186
2025-09-24,5,146,146,0.022893232364943485
2025-09-25,1,146,146,0.02460020080107823
2025-09-25,2,146,146,0.01848130039219839
2025-09-25,3,146,146,0.022408632088349558
2025-09-25,4,146,146,0.018790466035370188
2025-09-25,5,145,145,0.0401702189341673
2025-09-26,1,146,146,0.031120004075854253
2025-09-26,2,146,146,0.022480910561190233
2025-09-26,3,146,146,0.029416674920436106
2025-09-26,4,146,145,0.025508828752754193
2025-09-26,5,146,146,0.035436088166123855
2025-09-29,1,146,146,-0.0007708859319484321
2025-09-29,2,146,146,-0.01871728789609593
2025-09-29,3,146,146,-0.007276334632859674
2025-09-29,4,146,146,-0.0033896652048334393
2025-09-29,5,145,145,0.02047880548509872
2025-09-30,1,146,146,0.013708393323718973
2025-09-30,2,146,146,-0.018391044575521587
2025-09-30,3,145,145,-0.004840753112124496
2025-09-30,4,146,146,0.0030247195153076853
2025-09-30,5,145,145,0.029672543117689125
2025-10-09,1,146,146,0.013051444020146671
2025-10-09,2,146,146,-0.01479564555188162
2025-10-09,3,145,145,-0.00542512480880454
2025-10-09,4,146,146,0.004629371971090186
2025-10-09,5,145,145,0.029721120919848184
2025-10-10,1,146,146,0.04759940575116822
2025-10-10,2,146,146,0.030447858489947407
2025-10-10,3,146,146,0.03862965181992833
2025-10-10,4,146,146,0.03618860512563193
2025-10-10,5,145,145,0.04997055245642834
2025-10-13,1,146,146,0.02675213402796071
2025-10-13,2,146,146,-0.009331275654598107
2025-10-13,3,145,145,0.01073329846055618
2025-10-13,4,146,146,0.01283022114363292
2025-10-13,5,145,145,0.03980263387048226
2025-10-14,1,146,146,0.036901957779146274
2025-10-14,2,146,146,0.00953909755762941
2025-10-14,3,145,145,0.015575088749697945
2025-10-14,4,146,146,0.016428189381266802
2025-10-14,5,145,145,0.042257858449225534
2025-10-15,1,146,146,0.017107591975625575
2025-10-15,2,146,146,-0.0050685003741740816
2025-10-15,3,145,145,0.00597128849863732
2025-10-15,4,146,146,0.005080346208513414
2025-10-15,5,145,145,0.03251881548004118
2025-10-16,1,146,146,0.030368064139354486
2025-10-16,2,146,146,0.013320788606458358
2025-10-16,3,146,146,0.013594784200411962
2025-10-16,4,146,146,0.01031232272564806
2025-10-16,5,145,145,0.0382944109606809
2025-10-17,1,146,146,0.03775081562810818
2025-10-17,2,145,145,0.025395871480484694
2025-10-17,3,146,146,0.030175583024002146
2025-10-17,4,145,145,0.02556534427326937
2025-10-17,5,145,145,0.0420733526024981
2025-10-20,1,146,146,0.04081820851756248
2025-10-20,2,145,145,0.017621443927810343
2025-10-20,3,145,145,0.0256759162404533
2025-10-20,4,145,145,0.018838756333541234
2025-10-20,5,145,145,0.03426479019742327
2025-10-21,1,146,146,0.024629432062953413
2025-10-21,2,145,145,0.005737170295672219
2025-10-21,3,145,145,0.012094117866116609
2025-10-21,4,145,145,0.007144572439552848
2025-10-21,5,145,145,0.021462346779656825
2025-10-22,1,146,146,0.0161967581297098
2025-10-22,2,145,145,0.014080972822975291
2025-10-22,3,146,145,0.01483499185973992
2025-10-22,4,145,145,0.003301360195108826
2025-10-22,5,145,145,0.022397329541470903
2025-10-23,1,146,146,-0.006781359770523194
2025-10-23,2,146,146,-0.020950406265256467
2025-10-23,3,145,144,-0.016965336996359555
2025-10-23,4,146,146,-0.017216706362495754
2025-10-23,5,145,145,-0.0007481037144323038
2025-10-24,1,146,146,-0.028612046255910985
2025-10-24,2,146,146,-0.05387260188344797
2025-10-24,3,145,144,-0.04804706627585581
2025-10-24,4,146,145,-0.04009200610165451
2025-10-24,5,145,145,-0.013356346944030041
2025-10-27,1,146,146,-0.026088777111431635
2025-10-27,2,146,146,-0.039947825066950216
2025-10-27,3,145,144,-0.041453340805413394
2025-10-27,4,146,145,-0.038863765053088375
2025-10-27,5,145,145,-0.013461204838068662
2025-10-28,1,146,146,-0.021606858939299613
2025-10-28,2,146,146,-0.027879520023774855
2025-10-28,3,145,144,-0.03107134347740766
2025-10-28,4,146,145,-0.0299616811582969
2025-10-28,5,145,145,-0.006427675736113889
2025-10-29,1,146,146,-0.028807181804028584
2025-10-29,2,146,146,-0.0380032390098585
2025-10-29,3,145,144,-0.0423885194058627
2025-10-29,4,146,145,-0.03579892292424688
2025-10-29,5,145,145,-0.012171761896900116
2025-10-30,1,146,146,-0.020120691855524366
2025-10-30,2,146,146,-0.026317777053020287
2025-10-30,3,145,144,-0.036275429326055784
2025-10-30,4,146,145,-0.026914340355011716
2025-10-30,5,145,145,-0.011111384417343861
2025-10-31,1,146,146,-0.012947702021726513
2025-10-31,2,145,145,-0.015437886844568234
2025-10-31,3,145,144,-0.02214864394193014
2025-10-31,4,145,145,-0.024144190163440136
2025-10-31,5,145,145,-0.008774592644770507
2025-11-03,1,146,145,-0.012391645569852292
2025-11-03,2,145,145,-0.013362812581524448
2025-11-03,3,145,144,-0.023957159519820748
2025-11-03,4,145,145,-0.018490011335128367
2025-11-03,5,145,145,-0.0033851311465412978
2025-11-04,1,146,145,0.005616276890151641
2025-11-04,2,146,146,0.005764157612592347
2025-11-04,3,145,144,-0.0035737295527165903
2025-11-04,4,146,146,-0.003937659753688937
2025-11-04,5,145,145,0.006621041298989821
2025-11-05,1,146,145,-0.012934491879863137
2025-11-05,2,146,146,-0.01845840992216089
2025-11-05,3,145,144,-0.02799652742902233
2025-11-05,4,146,146,-0.017822270166525735
2025-11-05,5,145,145,-0.004591248642339109
2025-11-06,1,146,145,-0.021493894232573536
2025-11-06,2,146,146,-0.024624547173450237
2025-11-06,3,145,144,-0.03605594304238007
2025-11-06,4,146,146,-0.030371875439725835
2025-11-06,5,145,145,-0.011193708260411486
2025-11-07,1,146,145,-0.015529450230467206
2025-11-07,2,146,146,-0.014998473592103016
2025-11-07,3,145,144,-0.027051682120381428
2025-11-07,4,146,146,-0.021963201747591678
2025-11-07,5,145,145,-0.011978080218730494
2025-11-10,1,146,146,-0.017338671596875143
2025-11-10,2,146,146,-0.019623957487761728
2025-11-10,3,145,144,-0.03088608747880934
2025-11-10,4,146,146,-0.030557579207839147
2025-11-10,5,145,145,-0.024420306253508026
2025-11-11,1,146,145,-0.022412206327793917
2025-11-11,2,146,146,-0.015285118859397017
2025-11-11,3,146,144,-0.02886198366878539
2025-11-11,4,146,146,-0.03662861250573546
2025-11-11,5,145,145,-0.03040049281545486
2025-11-12,1,146,145,-0.012136131239880945
2025-11-12,2,146,146,-0.0034209958101295832
2025-11-12,3,146,144,-0.020646367973252006
2025-11-12,4,146,146,-0.027700345529074053
2025-11-12,5,145,145,-0.023841011628765518
2025-11-13,1,146,145,-0.03555152492147112
2025-11-13,2,146,146,-0.02579831405737827
2025-11-13,3,146,144,-0.03075187044921497
2025-11-13,4,146,146,-0.04425285058447927
2025-11-13,5,145,145,-0.032530790447185334
2025-11-14,1,147,146,-0.03818608015329977
2025-11-14,2,146,145,-0.020933024610268032
2025-11-14,3,146,144,-0.024921732567657548
2025-11-14,4,146,146,-0.0428298182421574
2025-11-14,5,146,146,-0.031059260036293602
2025-11-17,1,147,146,-0.03303568020883055
2025-11-17,2,146,146,-0.023751102882551226
2025-11-17,3,146,144,-0.019960390263411412
2025-11-17,4,146,146,-0.034137200359175425
2025-11-17,5,146,146,-0.02044097308702633
2025-11-18,1,147,147,-0.0355861173151973
2025-11-18,2,146,146,-0.03021051955388688
2025-11-18,3,146,144,-0.025577260244434564
2025-11-18,4,146,146,-0.03270381925569577
2025-11-18,5,146,146,-0.020934657265559646
2025-11-19,1,146,146,-0.02677196865341474
2025-11-19,2,146,145,-0.02512616945468045
2025-11-19,3,146,144,-0.017047888673758373
2025-11-19,4,146,146,-0.02303259199455783
2025-11-19,5,146,146,-0.016181860332229393
2025-11-20,1,146,146,0.0033442559624054682
2025-11-20,2,146,145,0.006094880272000496
2025-11-20,3,146,145,0.009534651448067281
2025-11-20,4,146,145,-0.0024750422039764497
2025-11-20,5,145,145,5.6847260259144605e-05
2025-11-21,1,146,146,0.03302538574209178
2025-11-21,2,146,145,0.03372877855291457
2025-11-21,3,146,145,0.04344655062353542
2025-11-21,4,146,144,0.028269174060983615
2025-11-21,5,145,145,0.021214281880086255
2025-11-24,1,146,146,0.03518492034135348
2025-11-24,2,146,145,0.0336821991541812
2025-11-24,3,145,144,0.036884128441670945
2025-11-24,4,146,146,0.02618950225876178
2025-11-24,5,145,145,0.017825783301921215
2025-11-25,1,146,146,0.023875089839292592
2025-11-25,2,146,145,0.017900043107673694
2025-11-25,3,145,145,0.026734382734754345
2025-11-25,4,146,146,0.013830435670277209
2025-11-25,5,145,145,0.010642480312772498
2025-11-26,1,146,146,0.03515839587563455
2025-11-26,2,146,146,0.02970933165804269
2025-11-26,3,146,146,0.03806725015339201
2025-11-26,4,146,146,0.023641790680996484
2025-11-26,5,145,145,0.018859149541720403
2025-11-27,1,146,146,0.04524746600660885
2025-11-27,2,146,146,0.036921661564858654
2025-11-27,3,146,146,0.04513604119673313
2025-11-27,4,146,146,0.028887989934455027
2025-11-27,5,145,145,0.021042655538341514
2025-11-28,1,146,146,0.036794019233363624
2025-11-28,2,146,146,0.03000917820077351
2025-11-28,3,146,146,0.03721494427272
2025-11-28,4,146,146,0.020860340173888738
2025-11-28,5,145,144,0.02067111802452899
2025-12-01,1,146,145,0.023121062937174114
2025-12-01,2,146,145,0.027047905912638587
2025-12-01,3,146,146,0.02329059010700267
2025-12-01,4,146,146,0.009372912813820697
2025-12-01,5,145,144,0.0021888207754818256
2025-12-02,1,146,146,0.03307283763191088
2025-12-02,2,146,145,0.04291326977198077
2025-12-02,3,145,145,0.032242437250035755
2025-12-02,4,146,146,0.016623588579833797
2025-12-02,5,145,144,0.009162963594624212
2025-12-03,1,146,146,0.037338976293343054
2025-12-03,2,146,145,0.0571108137890146
2025-12-03,3,145,145,0.050168038462336015
2025-12-03,4,146,146,0.021986427588667992
2025-12-03,5,145,144,0.009366922082441172
2025-12-04,1,146,146,0.05182154989755253
2025-12-04,2,146,145,0.07086852104254582
2025-12-04,3,145,145,0.06419935952095601
2025-12-04,4,146,146,0.03795299920577475
2025-12-04,5,145,144,0.020965726845656056
2025-12-05,1,146,145,0.033415436706847136
2025-12-05,2,146,145,0.07458362971495361
2025-12-05,3,145,145,0.06577856219785423
2025-12-05,4,146,146,0.042504182780393356
2025-12-05,5,145,145,0.0234796170586751
2025-12-08,1,146,145,0.03139849493104778
2025-12-08,2,146,145,0.07230739652955355
2025-12-08,3,145,145,0.06177696946201554
2025-12-08,4,146,146,0.035306919173558673
2025-12-08,5,145,145,0.026665255558722137
2025-12-09,1,146,145,0.05057510091717557
2025-12-09,2,146,144,0.0843945998487135
2025-12-09,3,145,145,0.08539174073720289
2025-12-09,4,146,146,0.04714749372608496
2025-12-09,5,145,145,0.04174566203127114
2025-12-10,1,146,146,0.06060764018884737
2025-12-10,2,145,144,0.10880075320368306
2025-12-10,3,145,144,0.10271045938922208
2025-12-10,4,145,145,0.062379387505068856
2025-12-10,5,145,145,0.04519522007996555
2025-12-11,1,146,146,0.09259349686872732
2025-12-11,2,145,144,0.1424547381567715
2025-12-11,3,145,143,0.13092675240204013
2025-12-11,4,145,145,0.08256937248419154
2025-12-11,5,145,144,0.06332405106322248
2025-12-12,1,146,146,0.08293375533374212
2025-12-12,2,145,142,0.11170463495862443
2025-12-12,3,145,143,0.1152621802269239
2025-12-12,4,145,145,0.074185799684544
2025-12-12,5,145,144,0.058028854343094315
2025-12-15,1,145,145,0.08347828382790427
2025-12-15,2,145,144,0.1076981511879768
2025-12-15,3,145,143,0.10684227206850501
2025-12-15,4,145,145,0.07102512356507916
2025-12-15,5,145,144,0.047436818118356996
2025-12-16,1,145,145,0.09995247417164667
2025-12-16,2,145,144,0.13014548156143813
2025-12-16,3,145,143,0.12404721215454075
2025-12-16,4,145,145,0.08567565883601136
2025-12-16,5,145,144,0.06748426772851608
2025-12-17,1,145,145,0.08443396197421278
2025-12-17,2,145,144,0.1103670767278565
2025-12-17,3,145,143,0.10685108590673806
2025-12-17,4,145,145,0.06703262862970454
2025-12-17,5,145,144,0.048098366046753556
2025-12-18,1,145,145,0.09096266720908991
2025-12-18,2,145,145,0.11529769374821133
2025-12-18,3,144,143,0.11705510591966023
2025-12-18,4,145,144,0.07082213073765597
2025-12-18,5,144,143,0.05500364403004498
2025-12-19,1,145,145,0.0668732793745429
2025-12-19,2,144,144,0.09000594706323511
2025-12-19,3,145,144,0.09743700934803584
2025-12-19,4,144,144,0.05889267438115274
2025-12-19,5,144,143,0.04855612493788303
2025-12-22,1,145,145,0.06716356142592647
2025-12-22,2,144,144,0.10228057974717575
2025-12-22,3,144,143,0.10891961587969066
2025-12-22,4,144,144,0.05857945499741619
2025-12-22,5,144,143,0.05694057406918445
2025-12-23,1,145,145,0.07682260462223936
2025-12-23,2,144,144,0.11971450812175746
2025-12-23,3,144,143,0.11955132882070986
2025-12-23,4,144,144,0.07455480485639814
2025-12-23,5,144,144,0.06747461046335879
2025-12-24,1,145,145,0.07620422739849136
2025-12-24,2,144,143,0.12067696207508305
2025-12-24,3,144,144,0.11455578141303986
2025-12-24,4,144,144,0.082704122814859
2025-12-24,5,144,144,0.06849808505040264
2025-12-25,1,145,145,0.05686182365721166
2025-12-25,2,144,144,0.0900891080203314
2025-12-25,3,144,144,0.08991213022557448
2025-12-25,4,144,144,0.06946123609402355
2025-12-25,5,144,144,0.06404121908417064
2025-12-26,1,145,145,0.04690404763447216
2025-12-26,2,144,144,0.0830106134499377
2025-12-26,3,144,144,0.095597732199316
2025-12-26,4,144,144,0.0671696752765798
2025-12-26,5,144,143,0.05485032379551603
2025-12-29,1,145,145,0.059144902031117386
2025-12-29,2,144,143,0.09382058219127408
2025-12-29,3,144,144,0.10256768315934127
2025-12-29,4,144,144,0.0909684263525622
2025-12-29,5,144,144,0.07107657418854313
2025-12-30,1,144,144,0.05132845749232405
2025-12-30,2,144,144,0.0709578047112658
2025-12-30,3,144,144,0.08537654514859744
2025-12-30,4,144,144,0.0725619947056494
2025-12-30,5,144,144,0.07526367388640279
2025-12-31,1,144,144,0.03602769098193162
2025-12-31,2,144,144,0.05489789920466368
2025-12-31,3,144,143,0.05444580190497594
2025-12-31,4,144,144,0.05315496482079105
2025-12-31,5,144,144,0.0542496118097989
2026-01-05,1,144,144,0.014503535637483614
2026-01-05,2,144,144,0.026032737144279793
2026-01-05,3,144,143,0.036475503022955436
2026-01-05,4,144,144,0.02681155854283673
2026-01-05,5,144,144,0.02925316660658457
2026-01-06,1,144,144,0.002690376670835772
2026-01-06,2,144,144,0.031890470063036754
2026-01-06,3,144,143,0.03018037560965816
2026-01-06,4,144,144,0.02394511208959095
2026-01-06,5,144,144,0.024247080325509124
2026-01-07,1,144,144,0.007454893544219539
2026-01-07,2,144,144,0.029023574785392112
2026-01-07,3,144,143,0.0332395088211033
2026-01-07,4,144,144,0.03411052472180471
2026-01-07,5,144,144,0.04032329574494511
2026-01-08,1,144,143,-0.009237772759209199
2026-01-08,2,144,144,0.007752796966893201
2026-01-08,3,144,143,0.012169989894610756
2026-01-08,4,144,144,0.018125880615473895
2026-01-08,5,144,144,0.029890619147387585
2026-01-09,1,145,144,-0.005775067335832543
2026-01-09,2,144,144,0.004922302138759415
2026-01-09,3,144,143,0.01499512447066384
2026-01-09,4,144,144,0.011419187755834599
2026-01-09,5,144,144,0.03296097269842617
2026-01-12,1,144,143,-0.013481152511827158
2026-01-12,2,144,144,0.0007911759149617835
2026-01-12,3,144,143,0.006973870878267043
2026-01-12,4,144,143,0.006167949440570215
2026-01-12,5,144,144,0.03239938771683409
2026-01-13,1,144,143,0.00040847436582869734
2026-01-13,2,144,144,0.014019576608020144
2026-01-13,3,143,143,0.017274943411259777
2026-01-13,4,144,144,0.013338955677109644
2026-01-13,5,143,143,0.03841003367776995
2026-01-14,1,144,144,0.00933642070193766
2026-01-14,2,144,144,0.011378660653881595
2026-01-14,3,143,143,0.02522761952692284
2026-01-14,4,144,144,0.019065748820427046
2026-01-14,5,143,143,0.04994052158478128
2026-01-15,1,144,144,0.0007355737782291471
2026-01-15,2,144,144,0.005134837741536878
2026-01-15,3,143,143,0.010483645236821442
2026-01-15,4,144,144,0.00942120474688215
2026-01-15,5,143,143,0.03540473993193751
2026-01-16,1,144,144,0.010293993200278326
2026-01-16,2,143,143,0.0149277462568257
2026-01-16,3,144,144,0.02922232447007643
2026-01-16,4,143,143,0.021983045011585545
2026-01-16,5,143,143,0.0448335433430785
2026-01-19,1,144,144,-0.005100384789515944
2026-01-19,2,144,144,0.0010195987517938807
2026-01-19,3,143,143,0.032906183405592704
2026-01-19,4,144,144,0.015358233368734094
2026-01-19,5,143,143,0.0316590732910124
2026-01-20,1,144,144,0.010039062676106991
2026-01-20,2,144,144,0.021511859861394776
2026-01-20,3,144,144,0.046914854831583655
2026-01-20,4,144,144,0.026253724879557704
2026-01-20,5,143,143,0.03418445594939039
2026-01-21,1,144,144,-0.0003393983288037219
2026-01-21,2,144,144,0.002372696589889383
2026-01-21,3,143,143,0.03201322193371405
2026-01-21,4,144,144,0.01604020895528742
2026-01-21,5,143,143,0.024789132526680274
2026-01-22,1,144,144,-0.008568684556392453
2026-01-22,2,144,144,0.0026092739068565235
2026-01-22,3,144,144,0.032791452725560166
2026-01-22,4,144,144,0.014804174131725526
2026-01-22,5,143,142,0.01762031604642302
2026-01-23,1,144,144,-0.014332266099961442
2026-01-23,2,144,143,0.002599941972203073
2026-01-23,3,144,144,0.017455054694089853
2026-01-23,4,144,144,0.013237152624818841
2026-01-23,5,144,143,0.020553619691763447
2026-01-26,1,144,144,-0.03614345804823712
2026-01-26,2,144,144,-0.024608480009403317
2026-01-26,3,144,144,-0.016261628440292955
2026-01-26,4,144,144,-0.02291794024635778
2026-01-26,5,144,143,-0.0025399116496460372
2026-01-27,1,144,144,-0.022854322668709164
2026-01-27,2,144,144,-0.01152853579287084
2026-01-27,3,144,144,0.0030929341933383547
2026-01-27,4,144,144,-0.01126337499294585
2026-01-27,5,144,143,0.0040374586781978215
2026-01-28,1,144,144,-0.02715714676526285
2026-01-28,2,144,144,-0.024045510637851045
2026-01-28,3,144,144,-0.009748261064955306
2026-01-28,4,144,144,-0.023596522759994812
2026-01-28,5,144,143,-0.009841326126039097
2026-01-29,1,144,144,-0.02037780834204214
2026-01-29,2,144,144,-0.010467287472293387
2026-01-29,3,144,144,-0.00010097705954239856
2026-01-29,4,144,144,-0.02101357698096232
2026-01-29,5,144,143,0.0011428845963633155
2026-01-30,1,144,144,-0.010935502425146315
2026-01-30,2,144,144,0.015839931267539995
2026-01-30,3,144,143,0.020747004523529525
2026-01-30,4,144,144,-0.003166154503200896
2026-01-30,5,144,143,0.006637712299061315
2026-02-02,1,144,144,0.013007004437272643
2026-02-02,2,144,144,0.042889578740883824
2026-02-02,3,144,144,0.03692162975603143
2026-02-02,4,144,144,0.019994983299031786
2026-02-02,5,143,142,0.02889796901622466
2026-02-03,1,144,144,0.006882344827369425
2026-02-03,2,144,144,0.027110292392418037
2026-02-03,3,144,144,0.022529519141445478
2026-02-03,4,144,144,0.023937639143072446
2026-02-03,5,143,142,0.02355254035840288
2026-02-04,1,144,144,-0.0054622799707836865
2026-02-04,2,144,144,0.02181380231758431
2026-02-04,3,144,144,0.01744437055619004
2026-02-04,4,144,144,0.015144304588584685
2026-02-04,5,144,143,0.008892298962639622
2026-02-05,1,144,143,-0.004628975282681932
2026-02-05,2,144,144,0.029601848955073132
2026-02-05,3,144,144,0.025362431217212003
2026-02-05,4,144,144,0.008350171196340517
2026-02-05,5,144,144,0.016731043832387243
2026-02-06,1,144,144,-0.020607570471079646
2026-02-06,2,144,144,0.008357805230090207
2026-02-06,3,144,144,-0.0018492591665949614
2026-02-06,4,144,144,-0.009208417150747274
2026-02-06,5,143,143,0.0022340616720660953
2026-02-09,1,144,144,-0.03350532624052555
2026-02-09,2,144,144,-0.021421607446142046
2026-02-09,3,144,144,-0.02585508735990762
2026-02-09,4,144,144,-0.024827650487220163
2026-02-09,5,143,143,-0.01092412259456376
2026-02-10,1,144,144,-0.04213087282329759
2026-02-10,2,144,143,-0.029825207773268803
2026-02-10,3,144,144,-0.026473144638938705
2026-02-10,4,144,144,-0.03191520910551409
2026-02-10,5,144,144,-0.019868341414781245
2026-02-11,1,144,144,-0.053624676354262
2026-02-11,2,144,143,-0.03250920125672237
2026-02-11,3,144,144,-0.04344468457948683
2026-02-11,4,144,144,-0.044574322272096865
2026-02-11,5,144,144,-0.03664098226949684
2026-02-12,1,144,144,-0.0789046555965557
2026-02-12,2,144,144,-0.070077539480528
2026-02-12,3,144,144,-0.07604967332601835
2026-02-12,4,144,144,-0.06896551548766516
2026-02-12,5,144,144,-0.05551089531185029
2026-02-13,1,144,144,-0.09169594478697192
2026-02-13,2,144,144,-0.09054889197392327
2026-02-13,3,144,144,-0.09454637731097527
2026-02-13,4,144,144,-0.08880515581989142
2026-02-13,5,144,144,-0.0709757956014102
2026-02-24,1,144,144,-0.07770250278430303
2026-02-24,2,144,144,-0.08391373826119955
2026-02-24,3,144,144,-0.08433185102197184
2026-02-24,4,144,144,-0.0786239618157903
2026-02-24,5,144,144,-0.06654827070390638
2026-02-25,1,145,145,-0.07548662659394718
2026-02-25,2,144,144,-0.07904366086883689
2026-02-25,3,144,144,-0.0882086982601115
2026-02-25,4,144,144,-0.08120829346404299
2026-02-25,5,144,144,-0.05971432987622564
2026-02-26,1,145,145,-0.09075534330912709
2026-02-26,2,144,144,-0.09928768663513529
2026-02-26,3,144,144,-0.1104420027162872
2026-02-26,4,144,144,-0.09508084349003537
2026-02-26,5,144,144,-0.06793630715916193
2026-02-27,1,145,145,-0.07462790919607831
2026-02-27,2,144,144,-0.09070760298316029
2026-02-27,3,144,144,-0.10104675269572999
2026-02-27,4,144,144,-0.08874621366076392
2026-02-27,5,144,143,-0.0644182631694478
2026-03-02,1,145,145,-0.0637045255084495
2026-03-02,2,144,144,-0.0769830577321293
2026-03-02,3,145,145,-0.09596843269820254
2026-03-02,4,144,144,-0.07829686775877605
2026-03-02,5,144,144,-0.05484902361260198
2026-03-03,1,145,145,-0.021325748885584674
2026-03-03,2,145,145,-0.040082951705705486
2026-03-03,3,144,144,-0.043833494060110584
2026-03-03,4,145,145,-0.04613794753567901
2026-03-03,5,144,144,-0.031384756278358406
2026-03-04,1,145,145,-0.030045745187117157
2026-03-04,2,144,144,-0.05710001827872772
2026-03-04,3,145,145,-0.07023123950963542
2026-03-04,4,144,144,-0.054940585997225164
2026-03-04,5,144,144,-0.03436831451722497
2026-03-05,1,145,145,-0.029019858529382044
2026-03-05,2,145,145,-0.05402672252289494
2026-03-05,3,144,144,-0.06920516886713005
2026-03-05,4,145,145,-0.053504239454814605
2026-03-05,5,144,144,-0.02676550967169824
2026-03-06,1,145,145,-0.0482995247678177
2026-03-06,2,145,145,-0.07217117295885968
2026-03-06,3,145,145,-0.08235387791455621
2026-03-06,4,145,145,-0.0744997242460939
2026-03-06,5,144,144,-0.054278836993172284
2026-03-09,1,145,145,-0.03511231328052208
2026-03-09,2,145,145,-0.05792147612955022
2026-03-09,3,145,145,-0.06656430919416723
2026-03-09,4,145,145,-0.06206883396523868
2026-03-09,5,144,144,-0.03913493669901037
2026-03-10,1,146,146,-0.0358325658190728
2026-03-10,2,145,145,-0.059824930116081865
2026-03-10,3,145,145,-0.06896669917757618
2026-03-10,4,145,145,-0.05742348325067542
2026-03-10,5,145,145,-0.041876979279792434
2026-03-11,1,146,146,-0.03137213309086122
2026-03-11,2,145,145,-0.055211604744843934
2026-03-11,3,146,146,-0.06476991004310391
2026-03-11,4,145,145,-0.05371828692317397
2026-03-11,5,145,145,-0.05002084620483953
2026-03-12,1,146,146,-0.024542262166731606
2026-03-12,2,145,145,-0.05377054139201996
2026-03-12,3,146,146,-0.061096810629595474
2026-03-12,4,145,145,-0.05692135674526311
2026-03-12,5,145,145,-0.046811183796493995
2026-03-13,1,146,146,-0.013986094975106694
2026-03-13,2,145,145,-0.028773421580627127
2026-03-13,3,146,146,-0.041244436732571964
2026-03-13,4,145,145,-0.040186739120988545
2026-03-13,5,145,145,-0.04334914455654849
2026-03-16,1,146,146,-0.005546110811391489
2026-03-16,2,145,145,-0.021627870052269706
2026-03-16,3,146,146,-0.031712081041925785
2026-03-16,4,145,145,-0.030540386319874532
2026-03-16,5,145,145,-0.03766786230736681
2026-03-17,1,146,146,0.0036337140257005044
2026-03-17,2,146,146,-0.010548426866491668
2026-03-17,3,145,145,-0.0216252219606315
2026-03-17,4,146,146,-0.023050820750382055
2026-03-17,5,145,145,-0.0259503542034812
2026-03-18,1,146,146,0.011015111057815769
2026-03-18,2,145,144,0.0063352952851859975
2026-03-18,3,146,146,-0.006410114448562587
2026-03-18,4,145,145,-0.007417590420060055
2026-03-18,5,145,145,-0.016744161339101508
2026-03-19,1,145,145,0.022201278019562495
2026-03-19,2,145,145,0.03136878783870054
2026-03-19,3,145,145,0.0037472755638653958
2026-03-19,4,145,144,0.007355777417674665
2026-03-19,5,145,145,-0.012279175574869355
2026-03-20,1,146,145,0.06258891222071863
2026-03-20,2,145,145,0.08060480489677817
2026-03-20,3,145,145,0.04677086079036137
2026-03-20,4,145,144,0.04556840090991424
2026-03-20,5,145,145,0.01427078828694041
2026-03-23,1,145,144,0.07188438650052083
2026-03-23,2,145,145,0.09382950292245398
2026-03-23,3,144,144,0.059046215114348884
2026-03-23,4,145,144,0.06375309062131221
2026-03-23,5,144,144,0.03439821567868356
2026-03-24,1,145,144,0.06897321877936136
2026-03-24,2,145,145,0.09421974892111011
2026-03-24,3,145,145,0.05576241866746856
2026-03-24,4,145,144,0.06561071255164454
2026-03-24,5,145,145,0.024803790437889207
2026-03-25,1,146,145,0.04757985398269917
2026-03-25,2,145,145,0.06460775154027404
2026-03-25,3,146,146,0.034494453765913854
2026-03-25,4,145,144,0.04065181968640779
2026-03-25,5,145,145,0.01024793716255424
2026-03-26,1,146,146,0.06952959437499293
2026-03-26,2,145,145,0.0898481184199062
2026-03-26,3,145,145,0.059163113720351525
2026-03-26,4,145,144,0.059471281930174556
2026-03-26,5,145,144,0.02137961874116165
2026-03-27,1,146,146,0.049693404386865286
2026-03-27,2,145,145,0.07718798560601077
2026-03-27,3,146,146,0.039191797111490914
2026-03-27,4,145,144,0.04940388507726855
2026-03-27,5,145,145,0.008216846219888012
2026-03-30,1,146,146,0.02693022912853753
2026-03-30,2,145,145,0.0463795968832793
2026-03-30,3,146,146,0.018478888632911902
2026-03-30,4,145,144,0.024313957612201436
2026-03-30,5,145,145,-0.002994444471309932
2026-03-31,1,145,145,0.0377242911978072
2026-03-31,2,145,145,0.06778741065563677
2026-03-31,3,145,144,0.03811283236363516
2026-03-31,4,145,144,0.03333666131143536
2026-03-31,5,145,145,0.006784584245961805
2026-04-01,1,145,145,0.04749396978445713
2026-04-01,2,145,145,0.07920461363142231
2026-04-01,3,145,145,0.040318516937533515
2026-04-01,4,145,144,0.04083247668666631
2026-04-01,5,145,145,-0.0007613912661286285
2026-04-02,1,145,145,0.0629864933464646
2026-04-02,2,145,145,0.10173830514918054
2026-04-02,3,145,145,0.06531960821181541
2026-04-02,4,145,145,0.06297109604129784
2026-04-02,5,145,145,0.0076268184616879115
2026-04-03,1,145,145,0.09267866924065893
2026-04-03,2,145,145,0.11166153985084146
2026-04-03,3,145,145,0.08246648838139796
2026-04-03,4,145,145,0.0766699861958237
2026-04-03,5,144,144,0.02383396456367004
2026-04-07,1,145,145,0.08402223215369589
2026-04-07,2,145,145,0.0982321402318567
2026-04-07,3,145,145,0.07820648878708579
2026-04-07,4,145,145,0.06773585812962664
2026-04-07,5,144,144,0.016889551885644064
2026-04-08,1,145,145,0.0693075245775237
2026-04-08,2,145,145,0.09596471072223804
2026-04-08,3,145,145,0.07485659272973796
2026-04-08,4,145,145,0.06466190184420542
2026-04-08,5,145,145,0.018036167564014764
2026-04-09,1,145,145,0.05058093296085624
2026-04-09,2,145,145,0.06830436168388075
2026-04-09,3,145,145,0.054057285086799606
2026-04-09,4,145,145,0.04972113870020001
2026-04-09,5,144,144,0.008721634148042993
2026-04-10,1,145,145,0.0650875583560817
2026-04-10,2,145,145,0.08836574226628154
2026-04-10,3,145,145,0.07351535063112682
2026-04-10,4,145,145,0.0668926451995699
2026-04-10,5,144,144,0.0077968630160883835
2026-04-13,1,145,145,0.031237492143717266
2026-04-13,2,145,145,0.04717810816387209
2026-04-13,3,145,145,0.03426649933205432
2026-04-13,4,145,145,0.03466356135845899
2026-04-13,5,144,144,-0.011671326319240786
2026-04-14,1,145,145,0.01123448358076483
2026-04-14,2,145,145,0.02245101589097314
2026-04-14,3,145,145,0.013301450719675955
2026-04-14,4,145,145,0.007700410231955993
2026-04-14,5,145,145,-0.02973415321515584
2026-04-15,1,145,145,0.019006445131579508
2026-04-15,2,145,145,0.031893362520305446
2026-04-15,3,145,145,0.017302378195399908
2026-04-15,4,145,145,0.009530289686331532
2026-04-15,5,145,145,-0.03862628347940838
2026-04-16,1,145,145,0.018482192304367675
2026-04-16,2,145,145,0.02860729407609761
2026-04-16,3,145,145,0.020057250983720895
2026-04-16,4,145,145,0.008853460182679997
2026-04-16,5,144,144,-0.037839378563941956
2026-04-17,1,145,145,0.01254742198506548
2026-04-17,2,145,145,0.025941136071050565
2026-04-17,3,145,145,0.019631651654907233
2026-04-17,4,145,144,0.007276146685631455
2026-04-17,5,144,144,-0.03482886031225782
2026-04-20,1,145,144,-0.008778455648275936
2026-04-20,2,145,145,0.005647635469427033
2026-04-20,3,144,144,-0.009275627450407584
2026-04-20,4,145,145,-0.0122714431276749
2026-04-20,5,144,144,-0.04690591138728676
2026-04-21,1,145,145,0.004537463158241955
2026-04-21,2,145,145,0.014976065227961344
2026-04-21,3,144,144,0.010432667221345608
2026-04-21,4,145,145,0.002875664838862347
2026-04-21,5,144,144,-0.045799262860653535
2026-04-22,1,145,145,-0.014951801150964113
2026-04-22,2,144,144,0.0047056411153240845
2026-04-22,3,145,145,-0.00024982691320593397
2026-04-22,4,144,144,-0.01690826711780693
2026-04-22,5,144,144,-0.0525484540603735
2026-04-23,1,145,145,-0.015261226923918386
2026-04-23,2,144,144,0.013345862360914047
2026-04-23,3,144,144,0.011051987097539982
2026-04-23,4,144,144,0.0008299616338405211
2026-04-23,5,144,144,-0.041701380524847696
2026-04-24,1,145,145,-0.023838706226336798
2026-04-24,2,144,144,-0.003825232586927902
2026-04-24,3,145,145,-0.008480659346726769
2026-04-24,4,144,144,-0.0071148698573751945
2026-04-24,5,144,143,-0.04544200107582253
2026-04-27,1,145,145,-0.02069326380224174
2026-04-27,2,144,144,0.0040516450859124226
2026-04-27,3,144,144,0.012927403469425681
2026-04-27,4,144,144,-0.0019045327584052696
2026-04-27,5,144,144,-0.047129569004181464
2026-04-28,1,145,144,-0.028472581364166152
2026-04-28,2,144,144,0.0014098892671033755
2026-04-28,3,144,144,-0.0027539297000023794
2026-04-28,4,144,144,-0.013684730361694368
2026-04-28,5,144,144,-0.04155530095590165
2026-04-29,1,144,143,-0.037743437692023596
2026-04-29,2,144,144,-0.008527264861064619
2026-04-29,3,144,144,-0.01598945002347225
2026-04-29,4,144,143,-0.02090032673864266
2026-04-29,5,144,144,-0.03682525372246945
2026-04-30,1,144,143,-0.04953677276038822
2026-04-30,2,144,144,-0.02561269877536721
2026-04-30,3,144,144,-0.015983097758879225
2026-04-30,4,144,144,-0.019607099875221384
2026-04-30,5,143,143,-0.03919568567212476
2026-05-06,1,144,143,-0.07064309339557509
2026-05-06,2,143,143,-0.037263629029679786
2026-05-06,3,144,144,-0.041323512180641585
2026-05-06,4,143,143,-0.03495359969242507
2026-05-06,5,143,143,-0.059454330919300656
2026-05-07,1,144,144,-0.07323529646353033
2026-05-07,2,144,144,-0.04564352679871231
2026-05-07,3,144,144,-0.04697134642920759
2026-05-07,4,144,144,-0.04032037941364331
2026-05-07,5,143,143,-0.06267374552186332
2026-05-08,1,144,144,-0.0999185230570892
2026-05-08,2,143,143,-0.0914447232218917
2026-05-08,3,143,143,-0.08053234382981188
2026-05-08,4,143,143,-0.07049200678441504
2026-05-08,5,143,143,-0.0699362572452241
2026-05-11,1,144,144,-0.09994804015500472
2026-05-11,2,143,143,-0.08515839649137383
2026-05-11,3,143,143,-0.09207814788417167
2026-05-11,4,143,143,-0.07346324165844412
2026-05-11,5,143,143,-0.08283564639420124
2026-05-12,1,143,143,-0.09317941779844735
2026-05-12,2,143,143,-0.0717278846589333
2026-05-12,3,143,143,-0.08077556136444633
2026-05-12,4,143,143,-0.06714781495728682
2026-05-12,5,143,143,-0.08152702953560004
2026-05-13,1,144,144,-0.11224235980356509
2026-05-13,2,143,143,-0.08813447028881481
2026-05-13,3,143,143,-0.09192611804068018
2026-05-13,4,143,143,-0.07888537891206507
2026-05-13,5,143,143,-0.08430609947944206
2026-05-14,1,143,143,-0.09153158426095152
2026-05-14,2,143,143,-0.06461961484302955
2026-05-14,3,143,143,-0.05605826554603441
2026-05-14,4,143,143,-0.05455479957200498
2026-05-14,5,142,142,-0.07123020827000122
2026-05-15,1,143,143,-0.07445019754164352
2026-05-15,2,142,142,-0.034621695704601746
2026-05-15,3,143,143,-0.02677639645112945
2026-05-15,4,142,142,-0.027568656024503698
2026-05-15,5,142,142,-0.04176143063242063
2026-05-18,1,142,142,-0.05792485164728907
2026-05-18,2,141,141,-0.02799538406986602
2026-05-18,3,142,142,-0.005794691700843813
2026-05-18,4,141,141,-0.015605352140970606
2026-05-18,5,141,141,-0.027836091857889985
2026-05-19,1,142,142,-0.06328375042020344
2026-05-19,2,142,142,-0.03487002187247028
2026-05-19,3,141,141,-0.013355444253590167
2026-05-19,4,142,142,-0.02263025524695655
2026-05-19,5,141,141,-0.041134208268845715
2026-05-20,1,142,142,-0.06443597338360438
2026-05-20,2,141,141,-0.039906050943853084
2026-05-20,3,141,141,-0.017715589126194985
2026-05-20,4,141,141,-0.028587465406115203
2026-05-20,5,141,141,-0.04485585928529675
2026-05-21,1,142,142,-0.0498081232258067
2026-05-21,2,141,141,-0.01727089354388513
2026-05-21,3,142,142,0.014262456745458209
2026-05-21,4,141,141,-0.030103251251159265
2026-05-21,5,141,141,-0.04314045848197218
2026-05-22,1,142,142,-0.046660825633763676
2026-05-22,2,141,141,-0.011297804699919173
2026-05-22,3,141,141,0.014842463149855638
2026-05-22,4,141,141,-0.026037603940206225
2026-05-22,5,141,141,-0.03528641116271232
2026-05-25,1,141,141,-0.044094195409556274
2026-05-25,2,140,140,-0.027633075978667206
2026-05-25,3,141,141,-0.010384570336623853
2026-05-25,4,140,140,-0.03309365945413268
2026-05-25,5,140,140,-0.03772905720165239
2026-05-26,1,141,141,-0.03811803733734457
2026-05-26,2,141,141,-0.02178009618082093
2026-05-26,3,141,141,-0.00634157968903792
2026-05-26,4,141,141,-0.035569333884647746
2026-05-26,5,140,140,-0.05970904404075122
2026-05-27,1,141,141,-0.021979363779388743
2026-05-27,2,140,140,-0.0015068639046646158
2026-05-27,3,140,140,0.008506579084588602
2026-05-27,4,140,140,-0.02814427588786767
2026-05-27,5,140,140,-0.05169051764176232
2026-05-28,1,139,139,-0.04776150348344866
2026-05-28,2,139,138,-0.0410164398070614
2026-05-28,3,139,139,-0.02182595629228384
2026-05-28,4,139,139,-0.05097787528466103
2026-05-28,5,139,139,-0.06847699934705176
2026-05-29,1,140,139,-0.025445393021437942
2026-05-29,2,139,138,-0.026250331138657972
2026-05-29,3,139,139,0.002428166612870614
2026-05-29,4,139,139,-0.03770178872072677
2026-05-29,5,139,139,-0.06367728448008168
2026-06-01,1,139,139,-0.02019489108983506
2026-06-01,2,139,138,-0.017953614362037237
2026-06-01,3,139,139,0.018690120647845643
2026-06-01,4,139,139,-0.03788320044629556
2026-06-01,5,138,138,-0.08866408055223149
2026-06-02,1,140,140,-0.00048410967619554165
2026-06-02,2,139,138,-0.01771470260245441
2026-06-02,3,140,140,0.013863025980865184
2026-06-02,4,139,139,-0.026469433481110357
2026-06-02,5,139,139,-0.065947505797175
2026-06-03,1,140,140,0.009263793640611579
2026-06-03,2,140,139,-0.011756341774850007
2026-06-03,3,139,139,0.01776120297391152
2026-06-03,4,140,140,-0.023068545890058124
2026-06-03,5,139,139,-0.04247223631309667
2026-06-04,1,140,140,0.014165967414173706
2026-06-04,2,140,140,-0.0009340480226996121
2026-06-04,3,140,140,0.025878289630120264
2026-06-04,4,140,140,-0.0074523816114303075
2026-06-04,5,139,139,-0.02341406473283257
2026-06-05,1,140,140,0.020904265332118317
2026-06-05,2,139,139,0.01431262709687626
2026-06-05,3,140,140,0.028944263228908453
2026-06-05,4,139,139,0.004682235333914297
2026-06-05,5,139,139,-0.009899434887211497
2026-06-08,1,138,138,-0.0010841429207754227
2026-06-08,2,137,137,-0.009635545256360378
2026-06-08,3,137,137,0.0115068364684005
2026-06-08,4,137,137,-0.01952279921949714
2026-06-08,5,137,137,-0.020537675055631626
2026-06-09,1,138,138,-0.012136362953152987
2026-06-09,2,138,138,-0.03518250620906178
2026-06-09,3,137,137,0.0003843607952941793
2026-06-09,4,138,138,-0.0323850703474492
2026-06-09,5,137,137,-0.016200582037058906
2026-06-10,1,139,139,0.006879280501239618
2026-06-10,2,138,138,-0.012508383921820276
2026-06-10,3,139,139,0.011656867602554815
2026-06-10,4,138,138,-0.023363816959629104
2026-06-10,5,138,138,-0.028651619653719543
2026-06-11,1,140,140,0.008749066028605427
2026-06-11,2,139,139,-0.0208794374901967
2026-06-11,3,140,140,-0.01073507504409963
2026-06-11,4,139,139,-0.028146254293586415
2026-06-11,5,139,139,-0.023808942722862977
2026-06-12,1,140,140,-0.02131369661547904
2026-06-12,2,139,139,-0.058298890639420405
2026-06-12,3,139,139,-0.05491639287651965
2026-06-12,4,139,139,-0.0538499676900114
2026-06-12,5,139,139,-0.04436057781931484
2026-06-15,1,138,138,-0.018620370948353934
2026-06-15,2,138,138,-0.05244897039061424
2026-06-15,3,138,138,-0.055378630718883465
2026-06-15,4,138,138,-0.05429249915154393
2026-06-15,5,138,138,-0.03507997858035557
2026-06-16,1,140,140,-0.01956020532785046
2026-06-16,2,139,139,-0.05287295071938749
2026-06-16,3,139,139,-0.07524816823903147
2026-06-16,4,139,139,-0.051153168455775735
2026-06-16,5,139,139,0.001245034755040238
2026-06-17,1,139,139,-0.015450736062860765
2026-06-17,2,139,139,-0.0601673228049751
2026-06-17,3,139,139,-0.07775128261153497
2026-06-17,4,139,139,-0.042976444800646996
2026-06-17,5,139,139,0.01622660342625536
2026-06-18,1,138,138,-0.054904552178482016
2026-06-18,2,138,138,-0.08836708887306154
2026-06-18,3,137,137,-0.0992486726891957
2026-06-18,4,138,138,-0.05084244392554559
2026-06-18,5,137,137,0.019940793373775308
2026-06-22,1,136,136,-0.07591000071111324
2026-06-22,2,136,136,-0.10155610152004418
2026-06-22,3,136,136,-0.1211707910592682
2026-06-22,4,136,136,-0.07165297559883935
2026-06-22,5,135,135,0.027990767159389546
2026-06-23,1,136,136,-0.0698849988349006
2026-06-23,2,136,136,-0.0820808320837909
2026-06-23,3,136,136,-0.09307647120081759
2026-06-23,4,136,136,-0.04827388609063266
2026-06-23,5,135,135,0.02331424470699253
2026-06-24,1,136,136,-0.0688588841063852
2026-06-24,2,136,136,-0.07057665882117549
2026-06-24,3,136,136,-0.09305114658401237
2026-06-24,4,136,136,-0.03503239447526481
2026-06-24,5,135,135,0.04489508017006648
2026-06-25,1,136,136,-0.060074129017142666
2026-06-25,2,135,135,-0.08594678673770455
2026-06-25,3,136,136,-0.08445982910635998
2026-06-25,4,135,135,-0.023453845410475262
2026-06-25,5,135,135,0.060311179912175196
2026-06-26,1,136,136,-0.054281119138156
2026-06-26,2,135,135,-0.08081957255504346
2026-06-26,3,136,136,-0.07150830133048158
2026-06-26,4,135,135,-0.02341628884973353
2026-06-26,5,135,135,0.07249601409595956
2026-06-29,1,135,135,-0.04804466969095725
2026-06-29,2,135,135,-0.05997381874254691
2026-06-29,3,135,135,-0.07244480683456475
2026-06-29,4,135,135,-0.010845063361571386
2026-06-29,5,135,135,0.06631842412624005
2026-06-30,1,137,137,-0.05194859648479038
2026-06-30,2,136,136,-0.07131089194731663
2026-06-30,3,136,136,-0.09039479672144782
2026-06-30,4,136,136,-0.01496127403598217
2026-06-30,5,136,136,0.09407270083174187
2026-07-01,1,136,136,-0.0633283882127534
2026-07-01,2,136,136,-0.06139306342802827
2026-07-01,3,136,136,-0.09352331124183133
2026-07-01,4,136,136,-0.0154835525741313
2026-07-01,5,135,135,0.09142504375173546
2026-07-02,1,137,137,-0.07579858409358023
2026-07-02,2,136,136,-0.06671539576507556
2026-07-02,3,136,136,-0.08797335310262566
2026-07-02,4,136,136,-0.00857182094229432
2026-07-02,5,136,136,0.07708332425676848
2026-07-03,1,136,136,-0.0687164218582918
2026-07-03,2,136,136,-0.075466041019942
2026-07-03,3,136,136,-0.0847830874072039
2026-07-03,4,136,136,-0.02169628592213398
2026-07-03,5,136,136,0.07395927975182454
2026-07-06,1,136,136,-0.049935175669540185
2026-07-06,2,135,135,-0.04999200563132793
2026-07-06,3,136,136,-0.06848858204850258
2026-07-06,4,135,135,-0.0035170061373132485
2026-07-06,5,135,135,0.06942842074100615
2026-07-07,1,136,136,-0.02532356390119271
2026-07-07,2,135,135,-0.028043584874520317
2026-07-07,3,135,135,-0.047177799138194774
2026-07-07,4,135,135,0.011904223467506247
2026-07-07,5,135,135,0.07290768768372084
2026-07-08,1,137,137,0.003587039318375759
2026-07-08,2,137,137,-0.0006103990108520049
2026-07-08,3,136,136,-0.005139339074845838
2026-07-08,4,137,137,0.03182966048970467
2026-07-08,5,136,136,0.07172716832460638
2026-07-09,1,137,137,0.0014456168534519008
2026-07-09,2,137,137,-0.0024573043862005234
2026-07-09,3,136,136,-0.012222100716533027
2026-07-09,4,137,137,0.02435333472515843
2026-07-09,5,136,136,0.07401325351481185
2026-07-10,1,139,139,0.009103649458286353
2026-07-10,2,138,138,0.011659633795797602
2026-07-10,3,138,138,0.011809843076217415
2026-07-10,4,138,138,0.0336370454712156
2026-07-10,5,138,138,0.062218889065135105
2026-07-13,1,138,138,0.03729440997275227
2026-07-13,2,138,138,0.0415130634624746
2026-07-13,3,138,138,0.047704340483675896
2026-07-13,4,138,138,0.06251104614593027
2026-07-13,5,138,138,0.07827617206932413
2026-07-14,1,138,138,0.023096508576763212
2026-07-14,2,138,138,0.022182940815211553
2026-07-14,3,138,138,0.013643234386169543
2026-07-14,4,138,138,0.04259297257825469
2026-07-14,5,137,137,0.054872358783138855
2026-07-15,1,139,139,0.03283315453458649
2026-07-15,2,138,138,0.04256516370123289
2026-07-15,3,138,138,0.047643761245898406
2026-07-15,4,138,138,0.048237232067690074
2026-07-15,5,138,138,0.03429985646012624
2026-07-16,1,139,139,0.026687022010783778
2026-07-16,2,139,139,0.037560972565976625
2026-07-16,3,138,138,0.03797655263792593
2026-07-16,4,139,139,0.03487923761362008
2026-07-16,5,138,138,0.01797432960847661
2026-07-17,1,139,139,0.06674970595526876
2026-07-17,2,138,138,0.06898692961504042
2026-07-17,3,139,139,0.07212170934927749
2026-07-17,4,138,138,0.05586188301718655
2026-07-17,5,138,138,0.030151969311965728
2026-07-20,1,139,139,0.09238534208895766
2026-07-20,2,139,139,0.10383295605626276
2026-07-20,3,139,139,0.10845376420390399
2026-07-20,4,139,139,0.06581255169941443
2026-07-20,5,139,139,0.025192992124263236
2026-07-21,1,139,139,0.07356105632220737
2026-07-21,2,139,139,0.07328702060769976
2026-07-21,3,139,139,0.07123004943849724
2026-07-21,4,139,139,0.05109371402281981
2026-07-21,5,138,138,0.02097774152010385
2026-07-22,1,139,139,0.05358698499460473
2026-07-22,2,139,139,0.05463637311274892
2026-07-22,3,139,139,0.05465383560244479
2026-07-22,4,139,138,0.03993543816802655
2026-07-22,5,139,139,0.019355963368862947
2026-07-23,1,140,140,0.04407620207429067
2026-07-23,2,139,139,0.045220876858245974
2026-07-23,3,139,139,0.050008210317675925
2026-07-23,4,139,138,0.02955603356292926
2026-07-23,5,139,139,0.015404072556258303
2026-07-24,1,140,140,0.06966599261547424
2026-07-24,2,139,139,0.07430295435604033
2026-07-24,3,140,140,0.07473209818873414
2026-07-24,4,139,138,0.053452432846749505
2026-07-24,5,139,139,0.01919425407711478
2026-07-27,1,140,140,0.021706291207660485
2026-07-27,2,140,140,0.03138592936087421
2026-07-27,3,139,139,0.052108847881800494
2026-07-27,4,140,139,0.0341083074616419
2026-07-27,5,139,139,0.003250221309705766
2026-07-28,1,141,141,0.04225677963659473
2026-07-28,2,140,140,0.047258252860821665
2026-07-28,3,140,140,0.06071605933478527
2026-07-28,4,140,138,0.04343383555271998
2026-07-28,5,140,140,0.003336989183295888
2026-07-29,1,141,141,0.036422598064475335
2026-07-29,2,141,141,0.0560548536771488
2026-07-29,3,140,140,0.05444631586335728
2026-07-29,4,141,140,0.04041876806813759
2026-07-29,5,140,140,-0.008706039815966316
2026-07-30,1,141,141,0.05662975871750798
2026-07-30,2,141,141,0.06616135224824021
2026-07-30,3,140,140,0.06930680777860283
2026-07-30,4,141,140,0.04337227420802483
2026-07-30,5,140,140,-0.005402463438755797
2026-07-31,1,141,141,0.03987882659962649
2026-07-31,2,141,141,0.05868665480271403
2026-07-31,3,141,141,0.05858655778431377
2026-07-31,4,141,140,0.04267384383524572
2026-07-31,5,141,141,-0.012749309046732582
2026-08-03,1,141,141,0.03752672732153288
2026-08-03,2,141,141,0.052530150544237514
2026-08-03,3,141,141,0.061858213262138806
2026-08-03,4,141,140,0.03832516712579274
2026-08-03,5,141,141,-0.01893776836368393
2026-08-04,1,141,141,0.03133066527135849
2026-08-04,2,141,141,0.027304633659460283
2026-08-04,3,140,140,0.04959861466629793
2026-08-04,4,141,141,0.04311246243248687
2026-08-04,5,140,140,-0.0036296784257978634
2026-08-05,1,141,141,0.01026505798712736
2026-08-05,2,141,141,0.01531176148359847
2026-08-05,3,141,141,0.02555327486459541
2026-08-05,4,141,141,0.029460726441157502
2026-08-05,5,140,140,-0.01247773083531516
2026-08-06,1,141,141,0.006933551710640692
2026-08-06,2,141,141,0.007900396099164495
2026-08-06,3,140,140,0.018656938473186294
2026-08-06,4,141,141,0.02506774215248871
2026-08-06,5,140,140,-0.004782894187971702
2026-08-07,1,141,141,-0.016396853466651158
2026-08-07,2,141,141,-0.011310398296583049
2026-08-07,3,140,140,-0.002990284406877529
2026-08-07,4,141,141,0.019506990954508276
2026-08-07,5,140,140,-0.0012411168582495452
2026-08-10,1,142,142,-0.01564522100794203
2026-08-10,2,141,141,-0.0040995223600937885
2026-08-10,3,141,141,-0.0023066590072559263
2026-08-10,4,141,141,0.01224143859164757
2026-08-10,5,141,141,-0.015404550441457936
2026-08-11,1,142,142,-0.004093362113511864
2026-08-11,2,141,141,0.0042600093572965625
2026-08-11,3,141,141,0.007895500649793625
2026-08-11,4,141,141,0.02191693235876353
2026-08-11,5,141,141,0.0007679758682948934
2026-08-12,1,141,141,-0.019519267833971163
2026-08-12,2,141,141,-0.02081180855124101
2026-08-12,3,141,141,-0.00201008872875236
2026-08-12,4,141,141,0.007828053782567979
2026-08-12,5,141,141,-0.0018724684855606208
2026-08-13,1,142,142,-0.0304820320661261
2026-08-13,2,141,141,-0.025829256857750674
2026-08-13,3,142,142,-0.0017773411362225055
2026-08-13,4,141,141,0.007950548133687294
2026-08-13,5,141,141,-0.0013838064778569125
2026-08-14,1,141,141,-0.046964058899538294
2026-08-14,2,141,141,-0.040051424956042254
2026-08-14,3,140,140,-0.020326536715296557
2026-08-14,4,141,141,-0.0027751403928934016
2026-08-14,5,140,140,-0.009671616168353867
2026-08-17,1,141,141,-0.05426739798257356
2026-08-17,2,141,140,-0.045741765778757534
2026-08-17,3,140,140,-0.02586058096401339
2026-08-17,4,141,141,-0.008864113973069666
2026-08-17,5,140,140,-0.004244152817863849
2026-08-18,1,141,141,-0.0543308220272639
2026-08-18,2,140,139,-0.04077044124648837
2026-08-18,3,140,140,-0.02289090915166742
2026-08-18,4,140,140,-0.008781892726948336
2026-08-18,5,140,140,-0.013591617464306146
