date,assets_total,factor_count,factor_coverage,valid_pairs,ic,rank_ic,factor_mean,factor_std,factor_min,factor_max
2023-01-03,1000,904,0.904,904,-0.1861937298391868,-0.1480623003612002,-9.824982518806695e-19,1.0,-2.303826492970564,4.286815079371227
2023-01-04,1000,905,0.905,905,-0.22858150639308056,-0.2104976184494714,1.7665427132157186e-17,0.9999999999999997,-2.541393858261328,3.969044547526754
2023-01-05,1000,906,0.906,906,-0.15935283725657015,-0.14437767898993212,-7.842635052539737e-18,1.0000000000000009,-2.6408313916597796,3.9697027786572723
2023-01-06,1000,906,0.906,905,-0.1494472767333147,-0.11832429731176193,0.0,1.000000000000001,-2.4528474234330826,3.745082883351162
2023-01-09,1000,905,0.905,905,-0.13489688151940102,-0.10450743088367326,-3.140520379050167e-17,1.0,-2.332219506850439,4.077535628762418
2023-01-10,1000,905,0.905,905,-0.18647209563917447,-0.15875339028895893,-7.851300947625417e-18,0.9999999999999993,-2.354254794617014,4.226786322319421
2023-01-11,1000,903,0.903,902,-0.17912496594377117,-0.14255635385054202,-1.1803035477742528e-17,1.0000000000000002,-2.5441153480540466,3.9647964769880417
2023-01-12,1000,902,0.902,902,-0.22656539452420052,-0.1780746961631427,-3.938706960976165e-18,1.0000000000000002,-2.2796501613249855,5.052957752336027
2023-01-13,1000,902,0.902,902,-0.25190867231222147,-0.22439125974010868,7.87741392195233e-18,1.0000000000000007,-2.668675828832293,4.502306324634617
2023-01-16,1000,905,0.905,905,-0.15095228423703141,-0.11963284582812089,-1.5702601895250834e-17,0.9999999999999997,-2.8047027333820944,4.64216129188792
2023-01-17,1000,906,0.906,906,-0.18103921641953988,-0.1574336921345154,0.0,1.0,-2.8941236386240905,3.844738261926378
2023-01-18,1000,909,0.909,909,-0.14295439425263443,-0.12638868882365836,-5.862563826403466e-17,1.0,-2.855029058194518,3.8210386611608684
2023-01-19,1000,907,0.907,907,-0.14657738292688932,-0.11125170638833057,3.916994133186881e-18,1.0,-3.4051869419184024,3.365610326537142
2023-01-20,1000,912,0.912,912,-0.11608514290861889,-0.07758618262154669,1.1686558153949016e-17,1.0000000000000002,-3.2168297490942686,4.028882571750491
2023-01-30,1000,913,0.913,913,-0.10876496627896803,-0.062133277048837796,1.556501064096605e-17,1.0000000000000002,-3.218049530249737,4.163868806520275
2023-01-31,1000,914,0.914,914,-0.10271333638840799,-0.07991099200090691,-2.332197163326368e-17,1.0000000000000007,-2.7794714330339043,4.481717774510599
2023-02-01,1000,916,0.916,916,-0.10664488856020345,-0.09348976433006138,-3.4906575446729814e-17,1.0,-3.0126423728207103,4.714969866537533
2023-02-02,1000,917,0.917,917,-0.08150988971220646,-0.05633463054494145,-1.9371394104691936e-18,0.9999999999999992,-2.4895546257397405,4.698996976587469
2023-02-03,1000,919,0.919,918,-0.09330370251396762,-0.059483765390479774,-7.538402256431966e-17,1.0000000000000009,-2.998446000783428,4.173793089689184
2023-02-06,1000,918,0.918,917,-0.059241157071324775,-0.03750954144317258,-4.063561397320834e-17,1.0,-3.5462039897017488,4.161064504430288
2023-02-07,1000,919,0.919,918,-0.06842032168711228,-0.04925903244382471,-5.4121862353870527e-17,1.0,-3.4220665461592192,4.405202667993426
2023-02-08,1000,919,0.919,918,-0.05696610894133486,-0.06756283545744059,-6.958525159783353e-17,0.999999999999999,-3.249291373548844,4.314576828956301
2023-02-09,1000,921,0.921,920,-0.025308315532314815,-0.03390271015643176,4.725379214474065e-17,1.0,-3.2661130076703926,4.186482142806098
2023-02-10,1000,921,0.921,921,0.03324662891376471,0.006593441559443726,-3.085961935983063e-17,0.9999999999999998,-3.2950058954179777,3.8253293791615306
2023-02-13,1000,920,0.92,920,0.04133516139531835,0.030354741355978657,-7.723290606088046e-18,0.9999999999999999,-2.6586612214212972,4.424261639322542
2023-02-14,1000,921,0.921,921,0.037848400657985615,0.03840226734477461,5.786178629968243e-17,0.9999999999999994,-2.69497920465984,3.9403471122674874
2023-02-15,1000,922,0.922,922,0.006974100070943147,0.03352595384103255,7.70653726420933e-18,0.9999999999999998,-3.0158781574302735,4.375420753291433
2023-02-16,1000,922,0.922,922,0.06736491162534952,0.09496206569680903,3.4679417688941983e-17,1.0,-2.569857767324563,4.274813681799845
2023-02-17,1000,922,0.922,922,0.032020237358166954,0.04520780040153864,7.70653726420933e-18,1.0000000000000007,-2.668966205065692,3.8911237855590977
2023-02-20,1000,926,0.926,926,0.04508262004177641,0.058035299877586356,-3.8366238431970855e-18,0.9999999999999998,-2.6921105829494136,3.9220007013072915
2023-02-21,1000,931,0.931,931,0.044902207557135775,0.05126101756727142,-3.816018989044577e-18,0.9999999999999999,-2.4085588836488254,4.0656088117432745
2023-02-22,1000,930,0.93,930,0.08305903847860768,0.061319045163614076,7.640244470538712e-18,0.9999999999999998,-2.363675564805682,3.8997347619173213
2023-02-23,1000,929,0.929,929,0.0628379104277521,0.03413044432406824,-1.5296937260712597e-17,0.9999999999999996,-2.658374419900563,3.9423712510253037
2023-02-24,1000,929,0.929,929,0.0743892430954326,0.023400402870347864,-7.648468630356298e-18,1.0000000000000004,-2.522706721217958,4.211141304087764
2023-02-27,1000,924,0.924,924,0.07479953305310247,0.02493149066284292,-7.689856447620132e-18,1.0000000000000002,-2.2700934919812368,4.248856623036934
2023-02-28,1000,927,0.927,927,0.09569158624464205,0.06118010149181525,7.664970180799354e-18,0.9999999999999996,-2.6431707278260776,3.9765162120399236
2023-03-01,1000,930,0.93,930,0.1470200129770727,0.10330074726609878,0.0,1.0000000000000007,-3.009930397509507,4.161119706012357
2023-03-02,1000,930,0.93,930,0.11875773713165853,0.07184956142892628,2.2920733411616135e-17,1.0000000000000002,-2.8846052921138345,4.254179088994634
2023-03-03,1000,931,0.931,930,0.14039427570107135,0.09832299257638444,-1.5264075956178306e-17,1.0000000000000004,-3.158086050208077,4.604814575034029
2023-03-06,1000,929,0.929,929,0.13767389747143494,0.11852294015697616,3.0593874521425194e-17,0.9999999999999994,-2.769039395105451,4.205699281281661
2023-03-07,1000,927,0.927,927,0.16288785655551827,0.150924521929285,-3.0659880723197416e-17,0.9999999999999999,-2.840797504826503,3.9616179012097334
2023-03-08,1000,928,0.928,928,0.12818890461129467,0.1383565889089023,7.656710514656252e-18,1.0,-2.50038587349496,3.8781802286147813
2023-03-09,1000,928,0.928,928,0.09177714604378195,0.07963701754205652,7.656710514656252e-18,1.0000000000000002,-2.902653251817158,3.5372525701786217
2023-03-10,1000,923,0.923,923,0.08930882457778527,0.08279586998904231,-7.698187819719395e-18,0.9999999999999991,-3.4886712930740744,4.768414133363557
2023-03-13,1000,922,0.922,922,0.1100207466569622,0.07456191013143833,0.0,0.9999999999999993,-3.3737045781172004,4.519348381274216
2023-03-14,1000,922,0.922,922,0.12726549431695486,0.09383732886922408,7.70653726420933e-18,1.0000000000000004,-3.9254616414948065,4.208446882548954
2023-03-15,1000,925,0.925,925,0.11878260924547339,0.1002604585941499,1.536308617859676e-17,0.9999999999999988,-3.1755990571340034,3.777270172478632
2023-03-16,1000,921,0.921,920,0.11135703328486449,0.06620214239489554,-1.5429809679915314e-17,1.0000000000000002,-3.1053412748832914,3.8512152364750585
2023-03-17,1000,922,0.922,922,0.11887144448312541,0.054342338855969355,3.082614905683732e-17,1.0000000000000002,-3.2508240283571985,3.8097114459315717
2023-03-20,1000,921,0.921,921,0.15122705856787322,0.09273597353683273,0.0,1.0000000000000004,-3.0511658052094894,4.360699897640587
2023-03-21,1000,922,0.922,922,0.19842714981938797,0.15178180324240206,0.0,0.9999999999999999,-3.149676816273404,4.602954758243231
2023-03-22,1000,923,0.923,923,0.23822797045009067,0.1794559586694154,9.622734774649244e-18,0.9999999999999994,-3.5045288837671946,4.8871658746090105
2023-03-23,1000,921,0.921,921,0.2279324987588491,0.16676980223565047,3.2788345569820043e-17,0.9999999999999988,-3.5745564533584644,5.240674825146806
2023-03-24,1000,924,0.924,924,0.12820851281584625,0.06658325559416818,-2.3069569342860397e-17,0.9999999999999984,-3.528545308949246,5.684016555137034
2023-03-27,1000,918,0.918,918,0.11022683583623516,0.052357004217041,-3.87005847363889e-18,1.0000000000000002,-3.6223150272924114,4.78436008480355
2023-03-28,1000,917,0.917,914,0.055252892798521004,0.029131232884247436,2.130853351516113e-17,1.0,-3.610579528921838,5.289998993965443
2023-03-29,1000,912,0.912,910,0.03510997042123497,0.02802644816047054,2.7268635692547703e-17,0.9999999999999996,-3.320984690946808,5.208533913527911
2023-03-30,1000,910,0.91,908,0.07330907723260753,0.025278662423573423,7.905763955572544e-17,0.9999999999999993,-3.332566350033219,4.812117440290377
2023-03-31,1000,908,0.908,907,0.07679755195410055,0.06767021540797445,2.93451019724711e-17,1.0000000000000009,-3.3632495648600185,5.403479830287339
2023-04-03,1000,910,0.91,909,0.0176016709285757,0.0185812440877799,1.9520404828574182e-17,1.0000000000000004,-3.40542394144459,5.725581546280716
2023-04-04,1000,911,0.911,910,0.01409258193958554,0.037489307298286666,7.799590952361144e-18,0.9999999999999999,-3.0959126428851658,5.143309098491146
2023-04-06,1000,911,0.911,909,-0.007923661170375476,0.011714877542189878,4.192280136894115e-17,0.9999999999999999,-2.897308658840588,4.555140477575296
2023-04-07,1000,911,0.911,909,-0.0634916334500398,-0.027169718956695014,2.7298568333264003e-17,1.0000000000000002,-2.587359693956608,5.416283723943807
2023-04-10,1000,909,0.909,907,-0.048362476048917566,-0.05554071297788924,-5.27630744376312e-17,0.9999999999999987,-2.472317206620496,4.5090936130809
2023-04-11,1000,911,0.911,909,-0.04823472216388511,-0.04566856719900713,3.7048057023715433e-17,1.0,-2.3692012262620135,5.286056407389356
2023-04-12,1000,916,0.916,915,-0.038316501081957104,-0.018462560321715192,1.6483660627622413e-17,1.0000000000000002,-2.7548160269661097,5.1067593111951215
2023-04-13,1000,917,0.917,916,-0.02077488085919745,-0.002298913566397319,3.874278820938387e-18,0.9999999999999999,-2.4210667488182946,4.853984597828867
2023-04-14,1000,917,0.917,915,-0.0013921202721493145,0.006931948278299058,0.0,0.9999999999999998,-2.715148483265171,4.217905014279374
2023-04-17,1000,917,0.917,916,0.028744306340395636,0.02841283464764561,-1.549711528375355e-17,1.0000000000000004,-2.4856196827604133,4.054511470505105
2023-04-18,1000,917,0.917,916,0.019981022289704886,0.04522539863158595,3.09942305675071e-17,1.0000000000000007,-2.343001128932654,4.611021419259912
2023-04-19,1000,915,0.915,914,-0.02637550069139512,0.029905396694417337,-2.3296483139675416e-17,0.9999999999999991,-2.3509042039557713,4.227289930908722
2023-04-20,1000,915,0.915,915,-0.08559329964631,-0.04029278650403199,-3.106197751956722e-17,1.0000000000000007,-2.496006664465534,4.413047433932064
2023-04-21,1000,911,0.911,911,-0.060986259857212524,-0.04931282969731175,2.339877285708343e-17,1.0,-2.5666256068641817,4.69283284647291
2023-04-24,1000,911,0.911,911,-0.05380040333298557,-0.03497667755394029,4.679754571416686e-17,1.0000000000000004,-2.794234666725305,4.884848526156156
2023-04-25,1000,911,0.911,911,-0.024045508582926325,-0.030410527712509332,5.4597136666528006e-17,0.9999999999999994,-2.953172761894848,4.417307484234534
2023-04-26,1000,912,0.912,910,-0.04594327730599566,-0.00250899309251989,3.1164155077197375e-17,1.0000000000000002,-3.291379581396168,4.940394728095912
2023-04-27,1000,910,0.91,909,-0.006675664984297887,-0.006964286652924121,7.808161931429672e-18,0.999999999999999,-3.3960976343189775,4.5609790587912515
2023-04-28,1000,913,0.913,912,0.002704489512580043,0.02688260129199757,0.0,0.9999999999999991,-3.0808726126485917,4.349481055551852
2023-05-04,1000,913,0.913,913,-0.07212812954110802,-0.03890568354641568,-1.1673757980724537e-17,1.0000000000000007,-3.137217009860348,5.051271071262208
2023-05-05,1000,913,0.913,913,-0.16342568471720031,-0.13373374825931056,1.556501064096605e-17,1.0000000000000007,-2.9321939482322827,5.070184921198634
2023-05-08,1000,917,0.917,917,-0.15891943452931806,-0.10679103412988082,-1.1622836462815161e-17,0.9999999999999991,-2.9392462722615673,4.900206754997093
2023-05-09,1000,916,0.916,915,-0.16678618607967977,-0.12624255142330937,-1.5514033531879916e-17,0.9999999999999994,-2.8306812867706954,4.4273301185206835
2023-05-10,1000,915,0.915,914,-0.1326598474923335,-0.07602308417823658,7.765494379891805e-18,1.0000000000000002,-2.8936678573315415,4.4825769574219
2023-05-11,1000,916,0.916,915,-0.12641302947999433,-0.0659925481445481,2.1331796106334886e-17,0.9999999999999997,-2.9257534400471257,4.264978236476453
2023-05-12,1000,914,0.914,913,-0.153853467017227,-0.08669295847970107,2.7208966905474295e-17,0.9999999999999993,-3.1380856137547153,3.7248512917024685
2023-05-15,1000,915,0.915,914,-0.1567990026366665,-0.08784723565998508,1.1648241569837708e-17,0.9999999999999996,-2.9575205424566584,3.3815110138244573
2023-05-16,1000,913,0.913,912,-0.16966579534130458,-0.11282684814974653,2.3347515961449075e-17,1.0,-2.872435591232729,3.570715415176623
2023-05-17,1000,912,0.912,910,-0.1407815408253734,-0.11127649453284433,3.895519384649672e-17,1.0000000000000004,-2.719916434063906,3.898001527996274
2023-05-18,1000,911,0.911,909,-0.06584508882550819,-0.10519224187091412,3.022341494039943e-17,0.9999999999999999,-2.737491356653453,3.799993848557077
2023-05-19,1000,908,0.908,907,-0.09393871264167737,-0.10438187477637964,-1.9563401314980733e-17,1.0,-3.1287929863171704,4.708716334858323
2023-05-22,1000,907,0.907,906,-0.04331254612933917,-0.041087243699548893,9.792485332967202e-18,1.0000000000000002,-3.721709820834275,3.4800638695980624
2023-05-23,1000,904,0.904,904,-0.07561472528546162,-0.07876557792724677,2.947494755642009e-17,1.0000000000000007,-3.9182128193785317,3.450041597720669
2023-05-24,1000,904,0.904,904,-0.054283118702517744,-0.07322032513487801,-1.964996503761339e-17,0.9999999999999999,-4.059019809005045,4.660754093357907
2023-05-25,1000,904,0.904,904,0.01565226289136589,-0.023750831052085544,-3.7334933571465444e-17,0.9999999999999996,-4.319320223059602,3.954877613196637
2023-05-26,1000,905,0.905,905,0.008278388828485745,-0.05887248675711113,-1.9628252369063543e-18,0.9999999999999999,-4.024686413969993,4.555441958072637
2023-05-29,1000,903,0.903,903,0.0075188935861711685,-0.05094216821674165,-7.081821286645516e-17,1.0000000000000002,-4.008074667960961,4.3415484034189555
2023-05-30,1000,902,0.902,902,0.050704963397103245,-0.012062015450384454,-4.135642309024973e-17,0.9999999999999996,-3.7869180126566206,4.872199900734353
2023-05-31,1000,900,0.9,900,0.029909766945839616,-0.07651385577842278,-7.894919286223335e-18,0.9999999999999989,-3.7975228627052178,4.664815473103608
2023-06-01,1000,901,0.901,900,-0.028654020339064723,-0.08886103517251408,4.435963250444577e-17,1.0,-3.4946260599101953,4.0877282856871995
2023-06-02,1000,901,0.901,900,0.04010361778152816,-0.03626527125862818,1.971539222419812e-18,1.0000000000000004,-3.177427459832549,4.242406050366956
2023-06-05,1000,899,0.899,898,0.02602359287102888,-0.04456965738944036,-4.3470356470306465e-17,1.0000000000000013,-3.1170512976344695,4.460604321379845
2023-06-06,1000,897,0.897,897,0.03369923544899441,-0.04060895534438665,-2.9704963869569405e-18,1.0000000000000002,-3.2245356268508876,4.9807432492208825
2023-06-07,1000,896,0.896,895,-0.029112150083669356,-0.09379659656957998,-5.9476233462061954e-18,0.9999999999999992,-3.1468506797651226,5.2445246292719805
2023-06-08,1000,897,0.897,897,-0.05488397924418575,-0.12036443542808116,1.9803309246379603e-18,1.0000000000000016,-3.265497561037528,4.450648217172288
2023-06-09,1000,895,0.895,895,-0.09116342698210461,-0.16587269126853088,-1.5878049961119556e-17,1.0000000000000004,-4.6352643597168495,4.459241481333027
2023-06-12,1000,896,0.896,896,-0.059668696094944136,-0.07849229052293878,-1.9825411154020653e-17,1.0000000000000004,-3.6194242024785965,4.689338522256611
2023-06-13,1000,898,0.898,898,-0.022958637679535245,-0.05571809353574954,1.1868753938086306e-17,1.0,-4.613829965971443,5.1988024826286665
2023-06-14,1000,895,0.895,895,-0.020518604922982152,-0.05538598576680907,-2.7786587431959227e-17,1.0,-4.32486680457694,5.029799081756336
2023-06-15,1000,896,0.896,896,0.008382574208956635,-0.039068843471320995,-2.3790493384824782e-17,1.0,-4.22653784509457,4.894208421841484
2023-06-16,1000,898,0.898,898,-0.04758061050665,-0.06212922920838091,-1.1868753938086306e-17,1.0,-4.004175285637254,5.720315149221154
2023-06-19,1000,898,0.898,898,-0.09560363697710939,-0.07150629902332843,-4.154063878330207e-17,1.000000000000001,-3.1862172304855916,6.096024165721903
2023-06-20,1000,898,0.898,898,-0.19765571053947847,-0.1325554949134135,-2.967188484521577e-17,1.0,-3.2590382606982873,5.7989615182001355
2023-06-21,1000,900,0.9,900,-0.21323299807971305,-0.13205710130506337,-1.8750433304780422e-17,1.0000000000000002,-2.423164281510534,5.08500259719692
2023-06-26,1000,901,0.901,901,-0.15987229642903691,-0.11809441669259699,-4.534540211565567e-17,0.9999999999999992,-2.8677758517055376,5.074194361449769
2023-06-27,1000,904,0.904,904,-0.15056983135990856,-0.08297181044501355,9.824982518806695e-18,1.0,-3.141294263442433,5.083585104822286
2023-06-28,1000,902,0.902,902,-0.19997645177405404,-0.12404884672922695,1.9693534804880826e-18,0.9999999999999988,-3.660195539604933,4.585227643906064
2023-06-29,1000,902,0.902,902,-0.24740217481436513,-0.1767238910348735,-5.908060441464248e-18,0.9999999999999991,-3.4623057935042527,4.188118748478177
2023-06-30,1000,906,0.906,906,-0.25532661235899484,-0.16049406546602124,3.1860704900942685e-17,0.9999999999999997,-3.1278021785311876,4.342615323854072
2023-07-03,1000,907,0.907,906,-0.19771963171901144,-0.11039773591216105,6.854739733077041e-18,0.9999999999999996,-3.624565312092633,3.9527909256636615
2023-07-04,1000,906,0.906,906,-0.17171624496849455,-0.09876655923164461,-2.450823453918668e-18,1.0000000000000002,-3.0600815346383374,3.897067671862429
2023-07-05,1000,900,0.9,900,-0.13871148060830568,-0.11208470312075179,1.578983857244667e-17,1.0000000000000004,-3.176937593458304,4.048607066997237
2023-07-06,1000,899,0.899,899,-0.1768718478582036,-0.10980576545750137,-5.927775882314518e-18,0.9999999999999991,-3.595109618489005,4.569907829929865
2023-07-07,1000,901,0.901,901,-0.16746418092347765,-0.12884876475528065,2.7601549113877367e-17,0.9999999999999999,-3.3133736475100255,3.979932304837073
2023-07-10,1000,900,0.9,900,-0.08938073716111396,-0.07547013727558148,1.3816108750890837e-17,0.9999999999999991,-3.3388865027153782,4.652605868880522
2023-07-11,1000,900,0.9,900,-0.11535907503426511,-0.07880231290002235,-2.1711028037114173e-17,1.0000000000000002,-3.3920106043821843,4.86642059864728
2023-07-12,1000,897,0.897,897,-0.09228943103936153,-0.06461274160642463,-1.1881985547827762e-17,1.0000000000000002,-3.243431285360736,4.354317135826334
2023-07-13,1000,899,0.899,899,-0.07054751532206381,-0.03661964318568471,2.7662954117467748e-17,0.9999999999999986,-3.6109295190906425,4.1064549430250965
2023-07-14,1000,897,0.897,897,-0.0774500050162184,-0.018757070790867483,-1.5842647397103683e-17,1.0000000000000009,-3.283828613327029,3.813852213459351
2023-07-17,1000,897,0.897,897,-0.06529122215101771,-0.014395920719762742,4.950827311594901e-18,0.9999999999999997,-3.440915451149695,3.7976998968697617
2023-07-18,1000,897,0.897,897,-0.007005505454959417,0.02325566296040877,-4.950827311594901e-18,1.0000000000000007,-3.77887384990446,3.667839771133305
2023-07-19,1000,896,0.896,896,0.010658223083486712,0.07605348651753718,-1.3877787807814457e-17,0.9999999999999997,-3.623820695002904,3.9477936707226453
2023-07-20,1000,895,0.895,895,0.06036676697983479,0.11529194221271535,-9.923781225699724e-18,0.9999999999999998,-3.795936428119546,3.4241770490321484
2023-07-21,1000,897,0.897,897,0.03210761079255233,0.12684311487642408,-7.921323698551841e-18,0.999999999999999,-3.829114188081834,4.28385198443591
2023-07-24,1000,896,0.896,896,0.04379619541244414,0.14206806304689235,-2.9738116731030977e-18,0.9999999999999996,-3.4492771396310045,3.8818491015743537
2023-07-25,1000,900,0.9,900,0.08609855511355302,0.13806042078288605,5.921189464667502e-18,1.0000000000000004,-3.740846670451208,3.3897301128517183
2023-07-26,1000,908,0.908,908,0.05947246024926061,0.09964117332328296,4.695216315595376e-17,0.9999999999999991,-3.913610842592827,4.334953648686519
2023-07-27,1000,909,0.909,909,0.09141100697550701,0.12902288586046912,-3.908375884268978e-18,1.0000000000000007,-3.648279402634171,4.33149556026423
2023-07-28,1000,911,0.911,911,0.04390503609828529,0.09371794334807407,2.7298568333264003e-17,1.0000000000000002,-3.350835563628582,4.609096833943951
2023-07-31,1000,913,0.913,912,0.03511036869480302,0.06844630822587575,-1.556501064096605e-17,1.0000000000000009,-3.3321417221365937,4.032435101802059
2023-08-01,1000,913,0.913,912,-0.0396295122836138,0.0009201191168493812,4.669503192289815e-17,1.0,-3.247543294709459,3.8155129495940208
2023-08-02,1000,916,0.916,915,-0.0725813383808486,-0.0554082015523934,-3.878508382969979e-18,0.9999999999999996,-3.3774464942844244,4.711035040228886
2023-08-03,1000,915,0.915,914,-0.12171191179182833,-0.11839684299916682,7.765494379891805e-18,0.9999999999999999,-2.8011838794398862,4.769081391002162
2023-08-04,1000,918,0.918,917,-0.04675627537742419,-0.04307641883433063,-3.87005847363889e-18,0.9999999999999998,-3.3109668281390254,4.751637893931624
2023-08-07,1000,919,0.919,918,-0.0534455070858646,-0.04553298568861134,-7.731694621981504e-18,1.0000000000000013,-3.4403870384388457,4.488489976854411
2023-08-08,1000,919,0.919,918,-0.07219374477835443,-0.0773450696225463,1.449692741621532e-17,0.9999999999999983,-3.6706547836926475,4.79452268953195
2023-08-09,1000,921,0.921,920,-0.11100121704455752,-0.1096122790547521,3.8574524199788285e-18,1.0000000000000007,-3.3402497932945208,4.062071228632828
2023-08-10,1000,920,0.92,919,-0.10133239800627655,-0.0964463353317471,-3.089316242435218e-17,0.9999999999999991,-3.509603641419922,4.562415854517768
2023-08-11,1000,915,0.915,914,-0.08627894556768781,-0.0905776624185288,-3.59154115069996e-17,0.9999999999999998,-3.5125848706422707,4.321254691852645
2023-08-14,1000,916,0.916,916,-0.05416705004560193,-0.07235843334908211,-9.696270957424947e-18,1.0000000000000007,-3.0626760164104554,4.429073923764105
2023-08-15,1000,912,0.912,912,-0.03947453392832531,-0.060548384480921785,-9.73879846162418e-19,1.000000000000001,-2.8652176284312576,3.8035863393384033
2023-08-16,1000,913,0.913,913,-0.02730128035958154,-0.02764444848063695,7.782505320483025e-18,1.0000000000000004,-3.7524986043728927,4.189195667008971
2023-08-17,1000,915,0.915,915,0.010526884498759154,0.0360905751311668,1.553098875978361e-17,0.9999999999999996,-3.6134819531823963,4.655163599394822
2023-08-18,1000,913,0.913,913,0.02306049294550687,0.02342134505779344,-9.728131650603781e-18,0.9999999999999993,-3.5838297874844636,4.791398374909356
2023-08-21,1000,913,0.913,913,0.01863842298121461,0.028279186108482554,1.9456263301207562e-17,1.0000000000000002,-3.3327077651377923,4.073884256034627
2023-08-22,1000,912,0.912,912,-0.014856230749703554,0.04709155888806457,-1.5582077538598687e-17,0.9999999999999994,-3.636953319733226,4.250058958438952
2023-08-23,1000,912,0.912,912,-0.006055492793663203,0.04606271609767235,7.791038769299344e-18,1.0000000000000009,-3.215404916415265,4.087310896549287
2023-08-24,1000,913,0.913,913,0.007056325011299007,0.029183130503234515,9.728131650603781e-18,0.9999999999999998,-2.8471967865808203,3.7419013343775434
2023-08-25,1000,910,0.91,910,-0.04017557474681087,0.004992423856686229,0.0,0.9999999999999999,-2.820386539225383,3.862920990682175
2023-08-28,1000,913,0.913,912,-0.04609568959806061,-0.01413370381838685,-1.556501064096605e-17,0.9999999999999996,-2.935687525243893,3.8241124831163527
2023-08-29,1000,915,0.915,915,0.01165701038657503,0.03282250904922719,1.8443049152243038e-17,0.9999999999999998,-3.151585828637172,3.511116392446311
2023-08-30,1000,914,0.914,914,0.02166227508646624,-0.0019258834914392844,6.802241726368574e-18,0.9999999999999996,-3.197836243944431,3.0791780947929905
2023-08-31,1000,911,0.911,911,0.052064309085115716,0.021321324818604638,3.899795476180572e-18,0.9999999999999997,-2.8610316546719123,3.0549141667228343
2023-09-01,1000,909,0.909,909,0.06394413250051884,0.07086510688767629,7.816751768537955e-18,0.9999999999999989,-3.0469895428194045,4.084379927695258
2023-09-04,1000,912,0.912,912,0.04686607788600783,0.06471113676146681,-3.895519384649672e-18,0.9999999999999999,-3.5585240266358995,4.05581644766584
2023-09-05,1000,913,0.913,913,0.09278533241857229,0.05625311777507358,0.0,0.9999999999999998,-3.0277221626261857,4.283923519472901
2023-09-06,1000,915,0.915,915,0.04294138124877264,0.04415117407920725,6.79480758240533e-18,1.0000000000000009,-2.9150671998777193,4.169324696583138
2023-09-07,1000,913,0.913,913,0.054329647478116264,0.036969406250673284,-1.8483450136147185e-17,0.9999999999999996,-3.3464554754376588,4.525005648721869
2023-09-08,1000,911,0.911,911,0.04909572906980433,0.03419730984177198,5.8496932142708576e-18,0.9999999999999997,-3.2880526605675215,4.534092034947577
2023-09-11,1000,912,0.912,912,0.15833700402156267,0.11601310400004687,-1.460819769243627e-17,0.9999999999999996,-3.091665597326238,5.055558165993415
2023-09-12,1000,912,0.912,912,0.16576463681607947,0.1830805780764734,5.648503107742025e-17,1.0,-3.1911874502758795,5.341026759757197
2023-09-13,1000,911,0.911,911,0.08505710955241064,0.12873686562479042,-3.899795476180572e-18,0.9999999999999987,-3.392943958495804,4.65720413516911
2023-09-14,1000,912,0.912,912,-0.00672434376772298,0.03128884444477176,2.5320876000222867e-17,1.000000000000001,-3.5085041422189804,4.992831833183677
2023-09-15,1000,913,0.913,913,0.011508797512871552,0.05118506310667267,-1.1673757980724537e-17,1.0000000000000002,-3.842489038476294,4.81548322331292
2023-09-18,1000,912,0.912,912,0.07273019270311808,0.0675439300500968,-5.843279076974508e-18,1.0000000000000002,-3.2322512232158744,5.150542709955892
2023-09-19,1000,912,0.912,912,0.06968689446933463,0.03912935495294044,3.895519384649672e-18,1.0000000000000007,-3.206094759235654,4.979538850705233
2023-09-20,1000,912,0.912,912,0.06394664847542804,0.05080138640845895,1.5582077538598687e-17,0.9999999999999998,-3.4646155298444086,4.511999468026671
2023-09-21,1000,912,0.912,912,0.08419012404989508,0.05894717312312308,-2.5320876000222867e-17,0.9999999999999999,-3.361416225125224,4.746290820174928
2023-09-22,1000,911,0.911,911,0.12670882186068133,0.038454542042104724,1.949897738090286e-18,1.0000000000000007,-3.1491604823177246,4.742372781255491
2023-09-25,1000,910,0.91,910,0.07182500779751638,0.002719877437793678,-7.808161931429672e-18,0.9999999999999999,-3.36879645180221,4.742980693086751
2023-09-26,1000,910,0.91,910,-0.0011320740468477443,-0.052577298167938075,2.3424485794289017e-17,0.9999999999999999,-3.066965216838375,4.847550758765309
2023-09-27,1000,908,0.908,908,-0.039385249870162294,-0.037403444151596965,-1.8585231249231695e-17,1.0,-3.0551353565971078,4.622078807233782
2023-09-28,1000,908,0.908,908,0.029002869803862852,-0.003999088761651847,3.912680262996147e-18,1.0000000000000007,-3.0153238954518145,4.285561291680644
2023-10-09,1000,908,0.908,908,0.05509953393426776,-0.029562334220536113,-1.5650721051984587e-17,1.0000000000000004,-3.1850883535477497,3.9765915819171207
2023-10-10,1000,907,0.907,907,0.10009680443616786,0.0284724498711845,-4.700392959824257e-17,1.0000000000000004,-3.3430304784605127,4.553162763198198
2023-10-11,1000,907,0.907,907,0.11266927356188304,0.0639699487319543,-1.5667976532747524e-17,1.0000000000000004,-3.355255108174887,5.078995467398316
2023-10-12,1000,907,0.907,907,0.09440191882728406,0.04321908688757366,-7.833988266373762e-18,1.0000000000000002,-3.3752484951922135,4.454489700693714
2023-10-13,1000,908,0.908,908,0.004582022709275023,0.025599399900805904,-1.5650721051984587e-17,1.0000000000000018,-3.499946108751674,5.216124155024764
2023-10-16,1000,907,0.907,907,-0.019639825176393778,-0.028447802648361834,-3.133595306549505e-17,1.0,-3.0095623853641458,5.4043445142786135
2023-10-17,1000,909,0.909,909,0.023629034825107618,-0.03655817585055173,7.816751768537955e-18,1.0000000000000007,-3.214529720119683,5.01637582701817
2023-10-18,1000,910,0.91,909,-0.029142462488516614,-0.08393916638722893,1.952040482857418e-18,1.0000000000000007,-3.2207909836907924,5.102319389175804
2023-10-19,1000,908,0.908,907,0.03495703297567384,-0.017696574825824426,-1.9563401314980734e-18,1.0000000000000007,-3.002297277007488,5.6802918713420585
2023-10-20,1000,908,0.908,907,-0.017483232250930424,-0.06821972922229706,-4.401765295870665e-18,0.9999999999999998,-3.139069918218685,3.9153208985796724
2023-10-23,1000,904,0.904,904,-0.09496463064243378,-0.16345987698991546,-4.9124912594033475e-18,0.9999999999999997,-2.9526864406189577,4.683350846449925
2023-10-24,1000,906,0.906,906,-0.08630191085154455,-0.14260531500928963,9.803293815674671e-19,0.9999999999999997,-2.9048320889300263,4.267285454842659
2023-10-25,1000,910,0.91,910,-0.06964108028460189,-0.11410432285901854,-4.880101207143545e-17,0.9999999999999999,-3.4046472649308663,4.275427179157896
2023-10-26,1000,909,0.909,909,-0.07847955317770507,-0.116658206143096,-9.770939710672445e-17,0.9999999999999996,-3.6323845406556243,4.020512605975104
2023-10-27,1000,913,0.913,913,-0.07867831308068836,-0.09058562034866247,-6.420566889398495e-17,0.9999999999999993,-3.5751273957383782,4.067286571203377
2023-10-30,1000,912,0.912,912,-0.045644637525580296,-0.08179568860363183,1.947759692324836e-18,1.0000000000000004,-3.337650390245512,3.6795843422238423
2023-10-31,1000,913,0.913,913,-0.056668723046900994,-0.0920074764481293,1.2646571145784916e-17,0.9999999999999994,-2.940581154951971,3.942610885124811
2023-11-01,1000,913,0.913,912,-0.022117921807472265,-0.047080055293543116,4.280377926265664e-17,1.0000000000000004,-3.2984664922623153,3.5244445632086308
2023-11-02,1000,914,0.914,913,0.0015008982496074854,-0.03630023368901517,2.7208966905474295e-17,1.0,-3.485119479136505,3.71348987930743
2023-11-03,1000,912,0.912,910,0.018357765285995677,-0.002192882667938624,1.947759692324836e-18,0.9999999999999998,-3.0977396345329486,3.6668577167751817
2023-11-06,1000,912,0.912,910,-0.00487224450300309,-0.046870579168617164,-1.5582077538598687e-17,0.9999999999999994,-2.8956279785333052,3.8063733292256057
2023-11-07,1000,913,0.913,911,-0.015213282469961441,-0.024752384122027907,1.021453823313397e-17,1.0000000000000004,-2.90281133560886,4.295208711730299
2023-11-08,1000,913,0.913,911,-0.05966939435293931,-0.02475324081044217,-3.8912526602415124e-18,0.9999999999999996,-2.944116349397664,4.1686515238335184
2023-11-09,1000,912,0.912,911,-0.0010697663082108214,-0.008838365185990718,-2.337311630789803e-17,0.9999999999999999,-2.922753236328831,4.9102263981855785
2023-11-10,1000,911,0.911,910,0.02195100141623288,0.015969957787216073,0.0,1.0,-3.127827771697815,4.124557452663898
2023-11-13,1000,912,0.912,911,0.08326205127959439,0.09100470058202528,-3.895519384649672e-17,1.0000000000000002,-2.9714612680636163,4.593056187796012
2023-11-14,1000,913,0.913,913,0.0344017524355009,0.051794811873384305,5.0586284583139665e-17,0.9999999999999999,-3.458477671981126,4.2537966204044855
2023-11-15,1000,915,0.915,914,0.02288342520983865,0.05390447598730032,-3.494472470951313e-17,0.9999999999999993,-3.189822357282745,4.541758847158261
2023-11-16,1000,914,0.914,914,0.07785510344293987,0.0759284208843052,2.332197163326368e-17,0.9999999999999999,-3.035344338535114,4.570977621370766
2023-11-17,1000,914,0.914,913,0.06525934574560886,0.06507593719778663,-8.55138959886335e-17,1.0,-2.975643375177371,5.475816021915197
2023-11-20,1000,912,0.912,911,0.009126331267605413,0.03914675715210657,-7.985814738531828e-17,1.0000000000000009,-2.604961725558316,4.416396276162289
2023-11-21,1000,914,0.914,913,0.04825105875747804,0.08353241288516458,1.5547981088842454e-17,1.0000000000000009,-2.9280150692608524,5.183793550425493
2023-11-22,1000,914,0.914,914,0.011873362063945252,0.08916224413937973,-6.996591489979105e-17,0.9999999999999998,-3.1685931760164805,5.400875898224649
2023-11-23,1000,914,0.914,914,0.010886990987104782,0.09246780372234474,8.940089126084412e-17,0.9999999999999992,-2.8332032603474544,5.661235721225811
2023-11-24,1000,914,0.914,914,0.02737720809021045,0.11790876423861427,-3.3039459813790217e-17,1.0000000000000004,-3.0043962141172695,4.949767053734818
2023-11-27,1000,913,0.913,913,0.02837162657612681,0.15138718388154768,7.685224003976988e-17,0.9999999999999999,-3.2709703823734886,4.58214729830406
2023-11-28,1000,914,0.914,914,0.030845756198262693,0.15724928561749169,2.2836097224237356e-17,1.0,-3.487079144710103,4.315903106479938
2023-11-29,1000,914,0.914,913,0.058114830108309146,0.1905767203272932,2.91524645415796e-17,1.0000000000000002,-3.0723603708602285,3.9624127906422033
2023-11-30,1000,912,0.912,912,-0.03930207927060698,0.08841101512059056,1.1686558153949016e-17,0.9999999999999993,-3.007048426426777,4.059924553487055
2023-12-01,1000,913,0.913,912,0.00520910674655283,0.10649604650526334,-1.9456263301207562e-17,0.9999999999999998,-3.415037815254682,4.034952243533805
2023-12-04,1000,913,0.913,913,0.05576687596160805,0.14406525375990653,-2.3347515961449075e-17,1.0,-3.2233119856608066,3.4796197570053655
2023-12-05,1000,913,0.913,912,0.03973483643412789,0.15379156139073857,-3.11300212819321e-17,1.0000000000000002,-3.4146315621639625,3.497116258924383
2023-12-06,1000,912,0.912,912,0.11185378307431901,0.1964183086334262,-4.4798472923471226e-17,0.9999999999999999,-2.8114463409503965,4.510856908951961
2023-12-07,1000,912,0.912,912,0.09863082599639679,0.15934589295494508,-7.791038769299344e-18,1.0000000000000002,-2.7874119932219816,4.683085601594788
2023-12-08,1000,909,0.909,909,0.01670479575407645,0.09331256171867944,-2.3450255305613868e-17,1.0,-2.765772164546271,5.1458889208421015
2023-12-11,1000,909,0.909,909,0.014821701624871507,0.08934275236827995,3.908375884268978e-17,0.9999999999999994,-2.861514698071613,4.777730942628885
2023-12-12,1000,910,0.91,910,-0.0032680051227063633,0.08541382860947014,1.5616323862859345e-17,1.000000000000001,-2.716149849017735,5.167111208984898
2023-12-13,1000,910,0.91,909,-0.05427046669092198,0.012636316408543626,1.5616323862859345e-17,0.9999999999999994,-2.980235680888716,4.43596496879464
2023-12-14,1000,910,0.91,910,-0.04994904323851413,0.020511905279678208,2.3424485794289017e-17,1.0000000000000007,-2.720332396709956,4.383487914968657
2023-12-15,1000,911,0.911,910,-0.01922272726338742,0.06446529898814773,2.339877285708343e-17,1.0000000000000004,-2.8859481885900156,4.368166642744032
2023-12-18,1000,906,0.906,906,-0.058181240170967964,0.048933501695334315,-1.1763952578809606e-17,0.9999999999999994,-2.8281528525110335,4.54260271761735
2023-12-19,1000,906,0.906,906,-0.022070759423694596,0.06439012340156919,0.0,1.0000000000000016,-2.6887841454876376,4.815196997348418
2023-12-20,1000,903,0.903,903,-0.04501839316703321,0.035486440559371,0.0,0.9999999999999999,-3.233192175070179,3.719074580983821
2023-12-21,1000,904,0.904,904,-0.041189965507617214,0.10088136637422093,0.0,1.0,-3.395390215916674,4.679773556897665
2023-12-22,1000,905,0.905,905,0.02847352672700363,0.1209772822757315,1.1776951421438125e-17,1.0000000000000009,-2.9126398173739636,4.581631986233157
2023-12-25,1000,904,0.904,904,-0.058470041061761284,0.06991600412580307,-4.7159916090272136e-17,1.0000000000000007,-3.2574422059690473,5.613575313558183
2023-12-26,1000,900,0.9,900,-0.055661612877158616,0.0818554182653535,7.894919286223335e-18,1.0000000000000007,-3.312171131130473,6.18941522595822
2023-12-27,1000,902,0.902,902,-0.03018152799442312,0.043276077226680774,-3.9387069609761654e-17,1.0,-3.812627265609998,4.00170719926907
2023-12-28,1000,907,0.907,907,-0.014141014167341735,0.035222977224927864,5.875491199780322e-17,1.0000000000000002,-3.8226720714050417,4.584179171090591
2023-12-29,1000,906,0.906,905,-0.059933948339305876,-0.003188816368802972,6.813289201893897e-17,0.9999999999999997,-3.4566536038234856,4.564427176707838
2024-01-02,1000,907,0.907,906,0.03511687112430877,0.07078458404543057,8.813236799670482e-18,0.9999999999999996,-3.4669252336265615,3.574002189939267
2024-01-03,1000,907,0.907,906,0.11519383341599389,0.1250407011681552,2.937745599890161e-17,0.9999999999999993,-2.8923009712952368,3.900907491521006
2024-01-04,1000,905,0.905,903,0.09049699809848717,0.09253587557577672,0.0,1.000000000000001,-3.3184347922249207,3.543348748702907
2024-01-05,1000,904,0.904,902,0.1299607985089484,0.14264739295071235,9.824982518806695e-18,0.9999999999999994,-3.4345171119369504,3.7245136190183965
2024-01-08,1000,903,0.903,903,0.13000081518178055,0.1329393646877694,-4.7212141910970113e-17,1.000000000000001,-3.0178228416159483,4.599020356541974
2024-01-09,1000,901,0.901,901,0.07245023927076087,0.08734021845536345,-1.5772313779358495e-17,0.9999999999999996,-3.3892944559617817,4.280933021215185
2024-01-10,1000,901,0.901,901,0.04960812966524928,0.06593738773432077,2.7601549113877367e-17,1.0000000000000002,-3.4784611750770167,3.9259712452555453
2024-01-11,1000,905,0.905,904,-0.0037590380760201144,0.016749527210946306,-1.1776951421438125e-17,1.0000000000000009,-3.4325882285209603,4.467805583156389
2024-01-12,1000,903,0.903,903,0.035280199820753776,0.053004857776474755,-2.3606070955485057e-17,1.0000000000000002,-3.204595801611479,4.584333005137312
2024-01-15,1000,903,0.903,903,0.03365168863512432,0.04693188139075852,-2.3606070955485057e-17,0.9999999999999997,-3.1474453205692132,4.040019701893308
2024-01-16,1000,901,0.901,901,-0.014250082203430787,0.01422877441939583,3.9430784448396236e-17,0.9999999999999994,-3.053293200122475,3.400793831259228
2024-01-17,1000,898,0.898,898,-0.02484817070723341,0.004313231512171764,-5.934376969043153e-18,1.0000000000000004,-2.909645512013924,3.7516704624712864
2024-01-18,1000,899,0.899,899,-0.08873779329566216,-0.050650491856454705,-1.5807402352838714e-17,0.9999999999999996,-2.7741328419215647,4.32238634969958
2024-01-19,1000,897,0.897,897,-0.09680654474205787,-0.059989978875064985,-7.426240967392351e-17,1.0000000000000007,-2.776956248235224,3.967634294385366
2024-01-22,1000,892,0.892,892,-0.12708216173525494,-0.12133493361765273,-2.788004008027299e-17,0.999999999999999,-2.5992855762251477,4.6157536975793185
2024-01-23,1000,893,0.893,893,-0.03129118944181972,0.054368718210191916,-2.188121526696837e-17,0.9999999999999997,-2.337166569119429,4.2311290697259185
2024-01-24,1000,901,0.901,901,-0.057635386926453536,0.040585857230691726,8.674772578647172e-17,0.9999999999999997,-2.692499110480442,4.926203805736569
2024-01-25,1000,908,0.908,908,-0.023173865143153373,0.014959589814205742,8.607896578591522e-17,1.0000000000000018,-3.43237711826991,4.852271960831953
2024-01-26,1000,908,0.908,908,-0.05689188843846954,-0.05668075481357094,-1.3303112894186898e-16,1.0000000000000002,-3.5217020892839592,4.462955684091858
2024-01-29,1000,904,0.904,903,-0.05515277331000024,-0.05715232058200912,9.03898391730216e-17,0.9999999999999996,-3.8674518566353338,3.7912891735180687
2024-01-30,1000,899,0.899,899,-0.06375496358204616,-0.08001834158731463,-2.371110352925807e-16,1.0000000000000002,-3.848932974631839,3.807420990445585
2024-01-31,1000,887,0.887,887,-0.06053112972400896,-0.07273415086604151,6.408502690057273e-17,1.0,-4.218149707901715,4.217318564478649
2024-02-01,1000,887,0.887,886,-0.01438044977466979,-0.01532154810200103,0.0,0.9999999999999996,-3.8890965283046115,3.5726575826931057
2024-02-02,1000,883,0.883,883,-0.1568365718773433,-0.19347498728975854,-4.747680793867034e-16,0.9999999999999994,-4.8003702200812,4.095804433851118
2024-02-05,1000,874,0.874,874,-0.29358406377100654,-0.3796525485819099,-4.877867751213502e-17,0.9999999999999997,-4.897065361491773,4.603007065966456
2024-02-06,1000,880,0.88,880,-0.3063189066528948,-0.3413869588742778,2.4223047810003414e-17,0.9999999999999999,-4.618860641957786,3.6944802018201566
2024-02-07,1000,878,0.878,878,-0.4548456169987581,-0.45267510173905695,-5.664919305604444e-17,0.9999999999999986,-3.6114865885524456,3.0399679699320554
2024-02-08,1000,888,0.888,887,-0.408278457757368,-0.37725098379525096,2.400482215405744e-17,1.0000000000000004,-4.110232658949852,2.6502148234015683
2024-02-19,1000,890,0.89,889,-0.26380248502685616,-0.22761806712656826,-1.2773801991192813e-16,0.9999999999999992,-5.3334223176874165,3.452031600328389
2024-02-20,1000,893,0.893,891,-0.23454566935140378,-0.21181370161910287,-3.7794826370218095e-16,0.999999999999999,-5.2311097338105785,2.934823079225662
2024-02-21,1000,893,0.893,891,-0.19036487990248419,-0.17073533230154328,1.3327649298971645e-16,1.0000000000000002,-4.845091326833878,3.373850103057627
2024-02-22,1000,895,0.895,893,-0.08229208705206487,-0.0875263436485098,0.0,0.9999999999999999,-4.677540168061224,3.5319977620297816
2024-02-23,1000,895,0.895,893,0.06531135390492578,0.027731125703680946,-7.939024980559778e-18,1.0000000000000007,-3.5844700176875612,3.6870440200626247
2024-02-26,1000,896,0.896,895,0.15460096807065815,0.10950677341716519,-7.93016446160826e-18,1.0000000000000002,-3.6917405226318585,4.252008707381546
2024-02-27,1000,897,0.897,897,0.11202096947986412,0.08852089475287783,2.7724632944931446e-17,0.9999999999999998,-3.412534624751605,4.819334302572851
2024-02-28,1000,895,0.895,895,0.005903544283578584,-0.042764279378072305,-2.183231869653939e-17,1.0,-2.9515238430271813,5.344662396948198
2024-02-29,1000,896,0.896,896,-0.04143357177977169,-0.09830358015144049,-1.9825411154020653e-17,0.9999999999999991,-2.4342126161036246,5.67350356813173
2024-03-01,1000,896,0.896,896,-0.03233329993547546,-0.06836559006361907,1.784287003861859e-17,0.9999999999999996,-2.1275037554927967,5.855520185152458
2024-03-04,1000,895,0.895,895,0.0030074784804900562,-0.055469468556109736,3.969512490279889e-18,0.9999999999999992,-2.370226662843265,5.907215394359485
2024-03-05,1000,896,0.896,896,-0.011803123515922487,-0.03456199441884602,1.586032892321652e-17,1.0,-2.087954127506987,5.785669299761215
2024-03-06,1000,895,0.895,895,-0.029774710150299793,-0.030617552280953492,1.9847562451399445e-18,1.0000000000000007,-2.336723262040112,5.6310395219563825
2024-03-07,1000,894,0.894,894,0.015366240886242343,0.040883098026725,-1.5895810643402688e-17,0.9999999999999999,-2.747024864679414,5.147648472995039
2024-03-08,1000,893,0.893,893,-0.052160848183772285,-0.012601992874802171,-3.580562498231188e-17,1.0000000000000002,-2.0670296054840485,5.0503439370516805
2024-03-11,1000,896,0.896,896,-0.08781443617713222,-0.011827559217840199,-4.7580986769649563e-17,0.9999999999999992,-2.015968811911999,5.063080060204652
2024-03-12,1000,899,0.899,899,-0.10257580318507026,-0.081320936512832,9.484441411703229e-17,1.0000000000000002,-2.0891138425983455,4.7970302991657725
2024-03-13,1000,898,0.898,898,-0.12056868605809239,-0.11555731677472827,-3.165001050156348e-17,0.9999999999999999,-2.2051838541176787,5.1757928888088065
2024-03-14,1000,897,0.897,896,-0.09786291886145715,-0.0939164669908538,4.752794219131105e-17,1.0000000000000002,-2.310867960049113,4.740267386160763
2024-03-15,1000,901,0.901,901,-0.10516618036353335,-0.10407067830665852,-5.914617667259436e-17,1.0000000000000002,-2.5652317853386783,4.040398986573936
2024-03-18,1000,902,0.902,902,-0.1268777909346682,-0.12462275311307137,6.301931137561864e-17,1.0,-2.7296502855136544,4.25975862830749
2024-03-19,1000,900,0.9,899,-0.10612763590919069,-0.11586865977348963,3.157967714489334e-17,0.9999999999999999,-2.816674877704189,3.9777951240155285
2024-03-20,1000,900,0.9,900,-0.15105151548609236,-0.13943428085838314,3.947459643111668e-17,0.9999999999999993,-2.5432509914119463,4.379923565848053
2024-03-21,1000,902,0.902,902,-0.1647922765195035,-0.15226948723530612,-1.575482784390466e-17,1.0000000000000007,-2.5714939428400467,4.269289556889101
2024-03-22,1000,899,0.899,899,-0.14024654585241547,-0.10794221730624093,-2.7662954117467748e-17,0.9999999999999997,-2.675965876664203,4.727621636847252
2024-03-25,1000,898,0.898,897,-0.031999192506727864,0.02160724820694066,1.780313090712946e-17,1.0000000000000002,-2.6029079314031556,4.0780137556790805
2024-03-26,1000,899,0.899,898,-0.06807583929013412,0.015284893805802875,7.903701176419357e-18,0.9999999999999986,-2.4626592572011847,4.150321052517648
2024-03-27,1000,891,0.891,891,-0.043719752650051895,0.0572089788956603,-2.5917664323460444e-17,1.0000000000000007,-2.876198372503921,4.623463573890646
2024-03-28,1000,896,0.896,889,-0.08514077241326255,0.0037193375363780605,-7.93016446160826e-18,1.0000000000000004,-2.7819667092887754,4.396543833756154
2024-03-29,1000,896,0.896,895,-0.11337694993373448,-0.013199027143572096,7.93016446160826e-18,0.9999999999999997,-3.0408995743249654,4.209488137676857
2024-04-01,1000,900,0.9,899,-0.04741179343411483,0.02690804802493793,2.7632217501781673e-17,0.9999999999999993,-2.6001377718197185,4.3354173033139
2024-04-02,1000,902,0.902,901,-0.037225695624282976,-0.009813856998476414,-6.892737181708289e-18,1.0,-3.606689554896368,3.966277290766889
2024-04-03,1000,904,0.904,903,-0.015443343395517867,-0.004217183362310169,1.4737473778210044e-17,1.0000000000000002,-3.604618828992681,4.348367936904367
2024-04-08,1000,897,0.897,896,-0.038187579811457574,-0.024541470518293303,9.901654623189803e-18,1.0000000000000004,-3.2472403036050475,4.419102025433671
2024-04-09,1000,901,0.901,899,-0.00658449192519443,0.01800895740007471,-4.9288480560495295e-18,1.0000000000000002,-3.6154391450921035,4.978254486368151
2024-04-10,1000,900,0.9,899,-0.010356328444870395,0.02887663107655406,-1.1842378929335004e-17,1.0000000000000002,-3.348211736867456,5.187913804027265
2024-04-11,1000,902,0.902,901,0.01661024796611884,0.012860114127364673,7.87741392195233e-18,1.0000000000000009,-3.118947392099467,4.4559119651087125
2024-04-12,1000,898,0.898,897,0.05471064542011678,0.05781611036420323,3.560626181425892e-17,1.0000000000000007,-2.7079804690092977,4.9811110315126275
2024-04-15,1000,896,0.896,896,-0.00852491719054107,-0.04716967317969971,0.0,0.9999999999999994,-2.895859829415985,4.069299765802937
2024-04-16,1000,886,0.886,884,-0.06017767886022891,-0.13383598775792135,2.245507517074809e-16,1.0000000000000002,-2.8426879210658607,3.7707005122886192
2024-04-17,1000,896,0.896,895,0.004452466326977415,-0.056175189113560106,2.7755575615628914e-17,1.0000000000000002,-3.018556691047592,3.7074996962938314
2024-04-18,1000,896,0.896,896,-0.03101096401361165,-0.08276403245106703,7.930164461608261e-17,1.0000000000000002,-3.1222231849902133,3.709364781689825
2024-04-19,1000,892,0.892,892,-0.16388451038887022,-0.2389194678285259,1.2346874892692325e-16,1.0000000000000002,-2.8578752314295204,3.502932181681492
2024-04-22,1000,889,0.889,889,-0.08832721737425042,-0.1552334535627685,-6.394085361170756e-17,1.0000000000000018,-2.9716751741845555,4.475441697747781
2024-04-23,1000,890,0.89,890,0.0018739442169078669,-0.05012921457435019,8.781988868945058e-17,1.0,-2.959006949035824,4.661719036517066
2024-04-24,1000,891,0.891,890,0.0415000276192278,0.0171549129592715,3.189866378272055e-17,1.0,-3.501721825776011,4.035111914972381
2024-04-25,1000,891,0.891,890,0.08655171484576164,0.06288408844498555,-4.585432918766079e-17,1.0000000000000007,-3.916330421226944,4.0743767878307064
2024-04-26,1000,901,0.901,901,0.0845565413712427,0.042165624508647796,6.70323335622736e-17,0.9999999999999997,-3.2086105999202097,3.8258748699487573
2024-04-29,1000,904,0.904,899,0.14307869240173218,0.13478370619635338,0.0,1.0000000000000002,-3.059332133235945,3.4368983543736973
2024-04-30,1000,897,0.897,897,0.07449430001181935,0.0971101400257741,-5.940992773913881e-18,1.0000000000000002,-3.051294177356924,3.535886567366878
2024-05-06,1000,904,0.904,904,0.11063968602603964,0.14886503161507098,7.859986015045356e-18,0.9999999999999996,-2.9485704835721642,3.942789955193793
2024-05-07,1000,903,0.903,903,0.08221314331957726,0.11924189006463866,-3.934345159247509e-18,0.9999999999999999,-2.969195787512287,4.326135958791243
2024-05-08,1000,902,0.902,902,0.05543725270567663,0.11405357543619106,7.87741392195233e-18,0.9999999999999997,-2.9854053507162455,4.134863866863802
2024-05-09,1000,902,0.902,902,0.05758610971410846,0.1120680123627313,3.150965568780932e-17,0.9999999999999998,-2.9101946360667337,4.206214609151503
2024-05-10,1000,903,0.903,902,0.03711746128945421,0.09414526743772976,-3.934345159247509e-18,0.9999999999999999,-2.762451950692704,4.137909802168777
2024-05-13,1000,900,0.9,900,-0.02166145894007549,0.04679838737906578,1.578983857244667e-17,1.0,-2.670459950712899,3.661693169687636
2024-05-14,1000,901,0.901,901,-0.03388309914019491,0.028276909662853095,-1.182923533451887e-17,1.0000000000000004,-2.682696966619933,4.203361071116086
2024-05-15,1000,901,0.901,901,-0.048590752274503324,-0.0003816323013914583,7.886156889679247e-18,0.9999999999999992,-2.667511597728925,3.8307492315795697
2024-05-16,1000,901,0.901,901,-0.04082943850310072,-0.026045299203747905,3.35161667811368e-17,0.9999999999999997,-2.4438603984230056,3.77457836152478
2024-05-17,1000,906,0.906,904,-0.08496862191810983,-0.06185022229008887,5.881976289404803e-18,0.9999999999999997,-2.9264915148308157,4.967521478525002
2024-05-20,1000,901,0.901,901,-0.08984094150487246,-0.0514666470733155,1.9715392224198118e-17,0.9999999999999997,-2.5356292153198456,4.198604457944198
2024-05-21,1000,901,0.901,901,-0.10786987799320458,-0.06546067343036223,3.943078444839624e-18,1.0000000000000009,-2.7516508011563587,4.624478675862965
2024-05-22,1000,902,0.902,902,-0.08639041505039012,-0.0548405977680785,3.938706960976165e-18,1.0,-2.6806961118681856,4.763070496093932
2024-05-23,1000,896,0.896,896,-0.07812699611232318,-0.04667134181756152,3.96508223080413e-18,1.0000000000000002,-3.1641328462173495,4.755086859843748
2024-05-24,1000,896,0.896,896,-0.04197883784125379,-0.022280506995758346,-1.9825411154020653e-17,1.0000000000000007,-3.2561307153392534,4.153529239324484
2024-05-27,1000,897,0.897,897,0.014936239690863544,0.04997201944535278,-3.564595664348329e-17,0.9999999999999992,-3.301145151614153,4.319860908080707
2024-05-28,1000,895,0.895,895,-0.01170765052580712,-0.009570068787803853,-1.9847562451399445e-18,0.9999999999999999,-3.040908573790654,4.308906437992507
2024-05-29,1000,894,0.894,894,1.649022317137806e-05,0.0077180599898154295,-6.55702189040361e-17,1.0,-3.290714970538463,4.419473841463537
2024-05-30,1000,892,0.892,892,0.05781618785408902,0.06832197994657396,9.957157171526067e-19,0.9999999999999999,-3.3629037362396703,4.482571734959188
2024-05-31,1000,889,0.889,889,0.11888426895609167,0.13308245575526684,7.992606701463445e-18,0.999999999999999,-3.062475232422077,4.159732984689118
2024-06-03,1000,887,0.887,887,0.10991020258386223,0.11705043693139905,7.009299817250143e-17,0.9999999999999999,-3.0327339832657643,4.50303679203326
2024-06-04,1000,883,0.883,883,0.015578441290587929,0.013352967403120907,-4.325217672378866e-17,0.9999999999999998,-2.7649602609493233,4.197567687252669
2024-06-05,1000,881,0.881,881,-0.005994200919526816,-1.0248656312753962e-05,1.532385014692611e-16,0.9999999999999998,-2.7883430030834777,4.678651943430862
2024-06-06,1000,880,0.88,879,-0.08450035818419566,-0.07993583702502581,-1.170780644150165e-16,1.0000000000000007,-2.864693595521087,3.3071671767132376
2024-06-07,1000,882,0.882,881,0.02914629248124975,0.06725872867550652,2.3362516255150684e-16,0.9999999999999992,-2.9400023226784597,3.8920339127880275
2024-06-11,1000,878,0.878,878,-0.024886155128219345,0.027402162865158893,-6.069556398861904e-17,1.0,-2.835001602666692,4.583589354368328
2024-06-12,1000,879,0.879,879,0.024903290626867466,0.05755096509476911,1.510610622811931e-16,0.9999999999999997,-2.6232025823850287,4.676157044272154
2024-06-13,1000,875,0.875,875,-0.02690819697895273,0.003214624332092072,-4.263256414560601e-17,0.9999999999999996,-3.2429380008785063,4.937605254252426
2024-06-14,1000,877,0.877,877,0.008224987453861068,0.01390344215060331,-6.886674177834495e-17,1.0000000000000007,-2.9487375318063584,5.345757323770009
2024-06-17,1000,875,0.875,875,0.017754379679298504,-0.0022056004112186453,-1.522591576628786e-18,1.0,-3.3711842658492395,5.023993395212531
2024-06-18,1000,876,0.876,876,0.05004930373912201,0.021251384127312617,-2.7375362251031256e-17,1.0000000000000004,-3.9847532566765578,4.6654192063817455
2024-06-19,1000,874,0.874,874,0.060496725259373565,0.046587459444610894,4.064889792677919e-18,0.999999999999999,-4.025124717505617,4.7302400959062005
2024-06-20,1000,874,0.874,874,0.08589122733371468,0.07121397589574051,4.4713787719457103e-17,0.9999999999999997,-3.453891785763234,4.460490888791993
2024-06-21,1000,875,0.875,875,0.09029348819485006,0.07665183970567596,8.12048840868686e-18,1.0,-3.0196186185783405,4.2559321863807416
2024-06-24,1000,869,0.869,869,0.06360580095284515,0.019150929925710006,4.0882781113929817e-17,1.0000000000000002,-3.0374932622535407,4.489016647348133
2024-06-25,1000,869,0.869,869,0.06966516210437884,0.017915446733934647,1.8397251501268416e-17,0.9999999999999997,-2.8996395139854205,5.015790031496415
2024-06-26,1000,872,0.872,872,0.09958932359127895,0.09250011729814392,-1.83339582048191e-17,0.9999999999999998,-3.2509973681447093,4.660531238194259
2024-06-27,1000,871,0.871,871,0.08226337013248088,0.09643609722936522,2.2433898086570326e-17,1.0000000000000004,-3.0474511376275433,4.442138601683196
2024-06-28,1000,869,0.869,869,0.03223437642367431,0.038634929471060106,5.314761544810876e-17,1.0000000000000002,-2.9087077621999713,4.564942687020815
2024-07-01,1000,870,0.87,870,0.04279889815827716,0.04201252052453517,-8.167157882300002e-18,1.0000000000000002,-2.9129598332488964,4.644896561269713
2024-07-02,1000,870,0.87,869,0.03130154296711717,0.06475936296836442,-9.188052617587502e-18,0.9999999999999998,-2.940831481570737,4.121786732870881
2024-07-03,1000,869,0.869,867,0.048758853230538975,0.024003977284498563,-1.4308973389875436e-17,0.9999999999999997,-3.1588235562571043,4.3288443931426706
2024-07-04,1000,864,0.864,862,-0.000357971755268963,0.006091896040008092,2.2615654205327262e-17,1.0000000000000009,-3.1592758354428976,4.007283568454904
2024-07-05,1000,862,0.862,860,0.002158573169554188,0.004572613104878293,-3.297182068492344e-17,0.9999999999999988,-3.465577927140446,4.140163628509306
2024-07-08,1000,854,0.854,853,-0.10823723192813499,-0.08957150297573518,2.2880474512181213e-17,1.0000000000000002,-3.2734388464578337,4.352269605314659
2024-07-09,1000,852,0.852,851,-0.19104933599044477,-0.14792566816192249,1.8764332810566026e-17,0.9999999999999996,-3.3554354590070297,4.188804030010124
2024-07-10,1000,848,0.848,847,-0.14841994986813994,-0.08276543763815575,-1.466332296674735e-17,0.9999999999999993,-3.261971436990711,4.6828699713642585
2024-07-11,1000,856,0.856,855,-0.10149043614892289,-0.023226591625366094,2.0751832235984233e-18,1.0,-3.273432801363841,4.878439825863821
2024-07-12,1000,858,0.858,857,-0.06565366277492886,0.007675721223272546,-2.898484353333742e-17,1.0000000000000004,-3.273160186176822,4.316699014237213
2024-07-15,1000,855,0.855,854,-0.06376404593033397,0.007477152006697428,-1.0388051692399125e-17,1.0000000000000004,-2.7493372167436814,4.449287169546253
2024-07-16,1000,853,0.853,852,-0.08244306003012902,0.019022719693862065,1.6659853124504106e-17,0.9999999999999994,-2.826802461622456,4.518209197865454
2024-07-17,1000,854,0.854,854,-0.02105526184302115,0.014707248592548863,-1.0400215687355097e-17,1.0,-3.2268143284302293,3.5372520412264667
2024-07-18,1000,853,0.853,853,-0.03843600994555397,-0.005648443015717766,-1.374437882771589e-16,0.9999999999999996,-3.409046642938793,3.7457458550459575
2024-07-19,1000,851,0.851,851,-0.011762543196408962,-0.0036159823053270174,-8.766978525829673e-17,1.000000000000001,-3.61709690661212,3.5662051899095193
2024-07-22,1000,847,0.847,847,0.010977629890437695,0.01624077859483616,-1.0486167883118362e-17,1.0000000000000007,-3.208974054139987,3.549265959227888
2024-07-23,1000,844,0.844,844,0.051286697229660914,0.08840264986397327,-3.3675011173464466e-17,1.0000000000000004,-3.292061361960793,4.07407534376877
2024-07-24,1000,838,0.838,837,0.002425034788148879,0.03284470173927312,-3.17963634737515e-17,0.9999999999999999,-2.877994142055749,3.956022243286155
2024-07-25,1000,841,0.841,840,-0.044864080430593714,0.009882468856805276,1.2673176024258624e-17,0.9999999999999989,-3.2047133363466824,4.124223040582604
2024-07-26,1000,845,0.845,844,-0.03366497122804713,0.015254234962320702,-2.1021974430772195e-18,1.0,-3.2110256424711854,4.103798869332771
2024-07-29,1000,843,0.843,842,-0.0002523771708056174,0.0792436316338279,5.267962157177493e-19,1.0,-3.1534851346732182,4.141511895973669
2024-07-30,1000,841,0.841,839,-0.05414477538704734,0.03096766721506298,1.689756803234483e-17,0.9999999999999997,-3.393201021789061,4.4201289504828525
2024-07-31,1000,847,0.847,844,-0.022667890213045026,0.009228079166594093,9.437551094806526e-18,0.9999999999999999,-3.4818937343115812,4.502738208987443
2024-08-01,1000,844,0.844,843,-0.10814413580228045,-0.04890678566453949,-2.1046881983415288e-17,0.999999999999999,-3.1871412972333455,4.699478866484124
2024-08-02,1000,847,0.847,846,-0.1685935381163858,-0.12350331064453826,-5.872254014546283e-17,0.9999999999999998,-3.682728731049714,5.278749295280633
2024-08-05,1000,849,0.849,846,-0.1270725245079455,-0.0763980873257513,1.2553758582333925e-17,1.0000000000000002,-3.3669166649313413,5.02688148832047
2024-08-06,1000,846,0.846,843,-0.11417376220421852,-0.10203827455616706,-7.768936531655942e-17,0.9999999999999999,-3.5344539755214224,3.9813251176557993
2024-08-07,1000,848,0.848,846,-0.07333283670429726,-0.05457946363094291,-8.379041695284201e-17,0.9999999999999991,-3.899140667911558,3.732834437349805
2024-08-08,1000,846,0.846,842,-0.008212823511658914,0.044993867820515565,-7.873922160462103e-17,1.0000000000000002,-5.073078922465228,4.051904676246963
2024-08-09,1000,845,0.845,841,0.03313638210224838,0.09787289506272973,-5.150383735539188e-17,1.0,-4.297249277860562,4.204394344089471
2024-08-12,1000,847,0.847,843,-0.015227793116798522,0.04560567403969478,-4.1944671532473444e-18,1.0000000000000002,-4.842600194161899,4.1398288464382125
2024-08-13,1000,847,0.847,843,0.015292760268924429,0.06587476881782886,-1.21639547444173e-16,0.9999999999999998,-4.3402733903734,3.701220514044217
2024-08-14,1000,850,0.85,846,-0.03191104460587008,0.0037043553470358717,6.269494727295002e-17,1.0,-3.7409109818225907,4.506551290383659
2024-08-15,1000,850,0.85,846,-0.007572705767586497,0.032738704362033876,-4.597629466683001e-17,1.0000000000000004,-3.215636022956178,4.879455338518974
2024-08-16,1000,852,0.852,848,-0.01594492181679795,0.033205058836152115,0.0,1.0000000000000004,-3.470819889456441,4.446463425055314
2024-08-19,1000,853,0.853,851,-0.010500501363846294,0.03531659803020858,2.0824816405630134e-17,0.9999999999999997,-2.891904271852197,4.5027140324064225
2024-08-20,1000,849,0.849,847,-0.03314215620443858,0.0021436290194508526,8.369172388222616e-18,1.0000000000000007,-2.7776892051154745,4.120933111243507
2024-08-21,1000,848,0.848,845,-0.06879148381896544,-0.02464325144834833,-2.93266459334947e-17,1.0000000000000002,-2.460734342302365,4.366025231114174
2024-08-22,1000,845,0.845,843,-0.061870649147044585,-0.05834468660432572,-2.7328566760003855e-17,0.9999999999999997,-2.5129112081929748,4.020456261758729
2024-08-23,1000,844,0.844,842,-0.09946412594214771,-0.11969137151308147,-5.0512516760196693e-17,0.9999999999999994,-2.7207843249977235,3.858553766737033
2024-08-26,1000,849,0.849,847,-0.05663932063288496,-0.09171270855707155,1.6738344776445233e-17,1.0,-2.679513559393318,4.429734646678999
2024-08-27,1000,849,0.849,847,-0.18071953012601893,-0.2119355585851665,3.3476689552890466e-17,0.9999999999999999,-2.7048536687314377,4.019667681132744
2024-08-28,1000,847,0.847,845,-0.2600885197962605,-0.27806062784683505,2.5166802919484068e-17,0.9999999999999993,-2.6187071746149266,3.8374238651423065
2024-08-29,1000,845,0.845,843,-0.19264460684348017,-0.19836302276714649,8.408789772308878e-18,0.9999999999999998,-3.0093430754404893,4.0818107485273725
2024-08-30,1000,850,0.85,848,-0.049854603909731496,-0.07354334356563376,0.0,1.0000000000000002,-2.80024924793806,4.2244271181603
2024-09-02,1000,847,0.847,845,-0.11740160074225159,-0.169568574688341,1.6777868612989378e-17,1.0,-2.672688038127829,4.195366701548307
2024-09-03,1000,843,0.843,843,-0.13476521136630673,-0.16704111148400744,1.6857478902967977e-17,0.9999999999999994,-2.863565983857704,3.5237080010627775
2024-09-04,1000,840,0.84,840,-0.07143391068406155,-0.13092564985274743,4.229421046191073e-18,0.9999999999999999,-2.8877265600629523,3.6368045370327033
2024-09-05,1000,842,0.842,840,-0.039004654492257505,-0.06462288507769834,1.4767812204040087e-17,1.0000000000000004,-2.780739447063977,3.4059578853567007
2024-09-06,1000,840,0.84,840,-0.013727142961114963,-0.06908071859654359,4.229421046191073e-18,1.0000000000000002,-3.0948384362501895,3.2887854720501553
2024-09-09,1000,838,0.838,838,-0.02828990105751798,-0.053583954887981504,1.0598787824583833e-17,1.0000000000000002,-3.008595311703969,3.2197982110710197
2024-09-10,1000,833,0.833,832,0.0029776531568200338,-0.08187006837451101,4.3715864595084197e-17,1.0,-2.8817296078250036,3.6985812322832348
2024-09-11,1000,831,0.831,829,-0.008459742180722781,-0.0833043512135517,8.55045410060289e-18,1.0000000000000004,-2.6183999071484445,3.690642134227553
2024-09-12,1000,832,0.832,830,-0.02428235027853892,-0.10961850708780788,5.337610695313253e-17,0.9999999999999994,-2.7801111447286093,4.11317259528594
2024-09-13,1000,833,0.833,831,-0.06990015887542492,-0.1571784054984434,8.529924799040818e-18,0.9999999999999999,-2.781126384987911,3.859812963185562
2024-09-18,1000,834,0.834,832,-0.07993462728498356,-0.14862294273073856,4.259848535732015e-18,1.0000000000000009,-3.0388455855321097,3.545958735886252
2024-09-19,1000,835,0.835,833,0.039961830597178054,-0.045189565407597554,-8.509493841438325e-18,0.9999999999999999,-3.800413491769063,3.575084902802966
2024-09-20,1000,835,0.835,833,0.060572965940316,-0.1089110773208468,-8.509493841438325e-18,1.0000000000000007,-3.5219831523695584,3.269335235100147
2024-09-23,1000,835,0.835,833,0.05262776790825102,-0.1265229818392802,1.0636867301797908e-17,0.9999999999999994,-3.4516306941768913,3.365120599993431
2024-09-24,1000,846,0.846,843,0.1286910515494726,-0.004390239058395939,-7.348994016431296e-18,1.0000000000000002,-3.5439885582902098,3.737029675413711
2024-09-25,1000,856,0.856,854,0.16546553026550698,-0.002250779073501885,4.1503664471968466e-18,0.9999999999999997,-3.4569304371990826,4.227743353099641
2024-09-26,1000,865,0.865,864,0.17620730918960784,0.014749057300443074,-4.107183443700001e-18,0.9999999999999993,-3.2464000550628946,4.995063108609028
2024-09-27,1000,880,0.88,879,0.08300502669878876,-0.054899986865209686,-1.1102230246251566e-17,1.0000000000000002,-2.9293556663665945,4.457699590286483
2024-09-30,1000,900,0.9,899,0.09860141543069562,-0.0061337559371370315,3.947459643111668e-18,0.9999999999999989,-2.9434536038435573,4.3069191720364755
2024-10-08,1000,913,0.913,912,0.06641319157639451,0.008410933252184394,2.7238768621690587e-17,1.0000000000000004,-3.189188597315246,4.085443491885758
2024-10-09,1000,902,0.902,900,0.05007589336530241,-0.005319981942199705,3.938706960976165e-18,1.0000000000000002,-3.4533493874138195,4.224699421599711
2024-10-10,1000,901,0.901,900,0.14346118015481937,0.11076029357550768,9.660542189857079e-17,0.9999999999999992,-3.2080239083237974,4.050739888511834
2024-10-11,1000,898,0.898,897,0.0948394476622177,0.06700900333730306,-2.3737507876172613e-17,0.9999999999999996,-3.417391132647586,4.513925723780152
2024-10-14,1000,901,0.901,900,0.11671453195669902,0.08354386480124817,5.914617667259435e-18,0.9999999999999996,-3.5252099679949693,4.5628877247700075
2024-10-15,1000,902,0.902,901,0.08477526906832475,0.03388853492788473,-3.938706960976165e-18,1.0000000000000004,-3.174985155108783,4.401515947250036
2024-10-16,1000,902,0.902,901,-0.04542930815276194,-0.08643800946643877,1.575482784390466e-17,0.9999999999999987,-2.6509093091802094,5.203827986611336
2024-10-17,1000,899,0.899,897,-0.007099274294839078,-0.06837290313302444,-1.5807402352838714e-17,0.9999999999999991,-2.7266999784482455,5.123408891373803
2024-10-18,1000,902,0.902,900,-0.044846149513069915,-0.073309252507498,3.938706960976165e-18,1.0000000000000002,-3.0707784440449672,5.32245805958469
2024-10-21,1000,902,0.902,901,-0.12797926092370263,-0.15076210656297634,2.363224176585699e-17,1.0000000000000007,-2.956621151356173,5.478689671494282
2024-10-22,1000,904,0.904,904,-0.09461689587721347,-0.13020826385479733,-1.964996503761339e-17,1.0000000000000004,-2.179912004654179,5.650705521144946
2024-10-23,1000,904,0.904,904,-0.02916809854830509,-0.0663578352792196,0.0,1.0000000000000002,-2.300084226663049,5.19649758895868
2024-10-24,1000,906,0.906,906,-0.06794501041828466,-0.10534857619276299,-7.842635052539737e-18,0.9999999999999999,-2.1008236469362744,5.461438952237382
2024-10-25,1000,909,0.909,908,-0.10982582014074095,-0.10327925538988872,0.0,1.0,-2.0856830317985504,5.322527494103658
2024-10-28,1000,914,0.914,913,-0.15591395132586897,-0.14535134356997362,-7.385291017200165e-17,0.9999999999999993,-2.0215090417537476,5.621168866216862
2024-10-29,1000,911,0.911,909,-0.2054317970298979,-0.21348716993612143,-3.5098159285625145e-17,0.9999999999999999,-2.1250138342062934,5.474665972536248
2024-10-30,1000,911,0.911,909,-0.2576223930781431,-0.2733743697041491,1.5599181904722288e-17,0.9999999999999997,-2.247426036923639,5.7014314245195195
2024-10-31,1000,914,0.914,913,-0.2609215080514295,-0.2605677254321537,1.166098581663184e-17,1.0000000000000007,-2.0346551764730525,5.5436602302403
2024-11-01,1000,911,0.911,909,-0.18420523093709248,-0.25783724649067824,-7.799590952361144e-18,0.9999999999999993,-1.7498383195112994,5.297497197302338
2024-11-04,1000,913,0.913,911,-0.10653598930637911,-0.15584266234742683,7.782505320483025e-18,1.0000000000000002,-2.1102176195642683,4.693953167933495
2024-11-05,1000,921,0.921,918,-0.11207501105065264,-0.12466875144579408,1.5429809679915314e-17,0.9999999999999994,-2.1774449645642115,4.434603263020819
2024-11-06,1000,918,0.918,915,-0.09756174884247501,-0.15073474114956148,2.5155380078652783e-17,1.0000000000000009,-2.063784121685934,4.520410455173597
2024-11-07,1000,926,0.926,924,-0.03837962914520986,-0.1505723616043713,-1.5346495372788342e-17,0.9999999999999998,-2.2981101765775858,4.552233556367145
2024-11-08,1000,923,0.923,922,-0.04859302201053707,-0.11993281527870527,5.7736408647895465e-18,1.0000000000000004,-2.050102332618509,4.712034254536635
2024-11-11,1000,924,0.924,923,-0.04368954454263753,-0.13315735921994037,-3.844928223810066e-18,1.0000000000000004,-2.190894429510137,4.502837775829009
2024-11-12,1000,921,0.921,920,-0.09650061244743721,-0.14177780359562142,-1.5429809679915314e-17,1.0,-1.970647790482347,5.100020615502374
2024-11-13,1000,920,0.92,919,-0.04525648774142568,-0.07881282648099502,-1.1584935909132068e-17,1.0000000000000002,-2.480043738934544,5.004579884115468
2024-11-14,1000,917,0.917,916,0.026788575660667356,-0.028059596452145365,2.130853351516113e-17,1.0000000000000002,-2.7592958648952854,4.5543907471197596
2024-11-15,1000,916,0.916,916,0.021078324927437442,-0.04352189756341168,1.3574779340394926e-17,1.0000000000000002,-2.5030193775763268,4.756466502836941
2024-11-18,1000,916,0.916,915,-0.02550710933666438,-0.08145124917883878,3.878508382969979e-18,1.0000000000000009,-2.7791357463742803,4.483473775098358
2024-11-19,1000,917,0.917,916,-0.07111336775895369,-0.08886658074550569,3.293136997797629e-17,1.0000000000000002,-2.3647612673223155,4.344221579795487
2024-11-20,1000,917,0.917,916,-0.0902794180944685,-0.11568194846347124,-2.130853351516113e-17,1.0,-2.2528450647564484,4.237190451932178
2024-11-21,1000,917,0.917,916,-0.10840624219643197,-0.152398341015507,2.3245672925630322e-17,1.0000000000000009,-2.2827339472472166,4.634534664572469
2024-11-22,1000,915,0.915,912,-0.17663417460748163,-0.14962653960353112,-1.9413735949729513e-17,0.9999999999999998,-2.2339529385182306,5.418832533804511
2024-11-25,1000,914,0.914,912,-0.23959405080100088,-0.16965052484891935,-7.773990544421227e-18,1.0000000000000009,-2.524607660754285,5.241808474300613
2024-11-26,1000,914,0.914,912,-0.13525922048179315,-0.1453627719879785,-2.7208966905474295e-17,1.0000000000000002,-2.873420590011903,5.300045547605452
2024-11-27,1000,917,0.917,914,-0.19648805323216093,-0.12905428841700006,-1.9371394104691935e-17,1.0,-2.9709003368903706,4.661928159551519
2024-11-28,1000,917,0.917,915,-0.21580145049161453,-0.19364325527498855,5.811418231407581e-17,0.9999999999999982,-3.1711467106804103,5.130720957307854
2024-11-29,1000,917,0.917,912,-0.21453078429905462,-0.1487065133422474,3.4868509388445484e-17,0.9999999999999998,-3.5092149683967695,5.021192113154052
2024-12-02,1000,920,0.92,917,-0.22383566398309002,-0.16274535555713254,6.564797015174839e-17,0.9999999999999999,-3.1240059755413423,5.667380664504965
2024-12-03,1000,920,0.92,915,-0.20781080584501432,-0.12696477726082658,7.723290606088046e-18,0.9999999999999994,-2.629053506933194,5.144378567620383
2024-12-04,1000,922,0.922,918,-0.15680393433827564,-0.07765679102890692,4.816585790130831e-18,1.0000000000000002,-2.6909191707462887,5.239863470445199
2024-12-05,1000,924,0.924,920,-0.23623450223197165,-0.12104541122690925,-9.035581325953655e-17,0.9999999999999997,-2.3632445094752716,5.239017288207208
2024-12-06,1000,925,0.925,922,-0.188345710852239,-0.09962586643528541,-9.217851707158056e-17,0.9999999999999996,-2.511157098748643,5.382395501318291
2024-12-09,1000,925,0.925,922,-0.17275238270955146,-0.09737420522354688,-2.688540081254433e-17,0.9999999999999997,-2.5078004523024426,5.459154915088222
2024-12-10,1000,924,0.924,921,-0.1291537411433646,-0.09116905506679045,0.0,1.0000000000000007,-2.346146519004813,5.279715041627933
2024-12-11,1000,926,0.926,923,-0.12428112290496143,-0.09261494094115433,1.7264807294386883e-17,1.0000000000000002,-2.002894126873208,5.069017539214634
2024-12-12,1000,928,0.928,925,-0.16013294886518076,-0.08994128548739122,2.488430917263282e-17,0.9999999999999999,-2.288829206265848,5.960901716228671
2024-12-13,1000,923,0.923,922,-0.19822822060353942,-0.10964339426753943,1.732092259436864e-17,1.0000000000000002,-2.4598960070698834,5.938314582221046
2024-12-16,1000,924,0.924,922,-0.16580806566989412,-0.07970829479938889,-5.28677630773884e-18,1.0000000000000004,-3.349029034179892,5.259096199264367
2024-12-17,1000,919,0.919,918,-0.04525041737187712,-0.0024213524724940724,1.1597541932972256e-17,0.9999999999999996,-3.1350603880668935,4.7066389126803765
2024-12-18,1000,921,0.921,920,-0.11057805248642993,-0.06709610001656674,-2.5073440729862383e-17,1.0000000000000002,-2.584585576483338,4.62925474945697
2024-12-19,1000,921,0.921,920,0.029916356095478398,0.029344656043611018,9.64363104994707e-18,0.9999999999999987,-3.236637759322659,5.1806326154048294
2024-12-20,1000,920,0.92,918,-0.008402654448675625,-0.033020409946612636,3.861645303044023e-18,0.9999999999999994,-3.204648303245147,4.7926204053925145
2024-12-23,1000,914,0.914,913,0.02538756774804253,0.033925427334227515,6.802241726368574e-17,1.0000000000000002,-3.1596459852991687,4.878856436405078
2024-12-24,1000,916,0.916,916,0.031410690937908915,0.03242238517448752,0.0,0.9999999999999989,-2.7685455420592415,4.904562626172829
2024-12-25,1000,914,0.914,914,0.0038276344669377037,0.002191900694415291,-4.275694799431675e-17,0.9999999999999994,-3.0606474271939725,4.572681430511615
2024-12-26,1000,913,0.913,913,-0.02951334038651353,-0.025493131822880842,2.3347515961449075e-17,1.0000000000000002,-3.2827171007643274,4.525108344643828
2024-12-27,1000,915,0.915,913,-0.03565757562469388,0.01634479506469368,4.659296627935083e-17,1.0000000000000002,-3.0906171576110455,4.923288767883767
2024-12-30,1000,912,0.912,910,-0.11895759323116388,-0.08347828169564805,1.1686558153949016e-17,0.999999999999999,-3.164870321330982,4.6763038880955285
2024-12-31,1000,911,0.911,907,-0.14227264249482954,-0.13668827131568484,0.0,0.9999999999999994,-3.4143756724886347,4.16648243813556
2025-01-02,1000,905,0.905,904,-0.1358268415029494,-0.16349044548919064,-7.851300947625417e-18,1.0,-3.2957454955781653,4.132010567215062
2025-01-03,1000,899,0.899,898,-0.2582034080576952,-0.29598009012197724,9.682033941113713e-17,1.0000000000000004,-3.254181992191067,4.233651944649322
2025-01-06,1000,901,0.901,900,-0.2558232044152445,-0.26917382882633434,-7.689002967437266e-17,1.0000000000000004,-2.8191843334617506,4.665038980897027
2025-01-07,1000,902,0.902,901,-0.21860246400978467,-0.2576886891035181,2.5601595246345072e-17,0.9999999999999994,-2.616144191225481,4.555913609928012
2025-01-08,1000,901,0.901,900,-0.28061444699127847,-0.3366840276079532,3.2530397169926895e-17,1.0000000000000007,-2.584076580020473,4.466227552243223
2025-01-09,1000,902,0.902,900,-0.23370906910942388,-0.28605654371270733,3.938706960976165e-18,0.9999999999999999,-2.7489911814614483,4.581465072984197
2025-01-10,1000,897,0.897,895,-0.1944598581187783,-0.2844622450124933,-3.911153576159972e-17,1.0000000000000004,-2.6851469079722476,4.570930959174549
2025-01-13,1000,896,0.896,894,-0.13391907325799685,-0.21448136292039985,6.740639792367021e-17,0.9999999999999988,-3.129963649715341,4.322148374678102
2025-01-14,1000,901,0.901,899,-0.077229641829148,-0.1428425421948395,8.674772578647172e-17,0.9999999999999993,-2.7712245112129277,4.27738193197469
2025-01-15,1000,901,0.901,898,-0.09575184330200019,-0.13807188387308975,3.5487706003556616e-17,0.9999999999999999,-3.3032123562525477,4.348281595107965
2025-01-16,1000,901,0.901,899,-0.06962021936280836,-0.1142517887018311,-7.886156889679247e-18,0.9999999999999992,-3.265942159005846,3.970155774004756
2025-01-17,1000,901,0.901,898,-0.11122714495259695,-0.13353208392717936,0.0,1.0000000000000002,-3.1417071063578232,4.285375377405183
2025-01-20,1000,902,0.902,899,-0.06535819902637396,-0.09209988874711163,2.7570948726833157e-17,0.9999999999999991,-2.8644038722652967,4.086775512783323
2025-01-21,1000,901,0.901,898,-0.09349055145155463,-0.12292503084523834,7.886156889679247e-18,1.0000000000000007,-2.622477293483939,4.595344272628141
2025-01-22,1000,895,0.895,893,-0.15869098691906242,-0.19538367749949342,-3.969512490279889e-18,1.0,-2.808861045656446,4.472877975490861
2025-01-23,1000,895,0.895,893,-0.1663236016278393,-0.17696347240861443,0.0,0.9999999999999994,-2.980114067661603,3.91029536370645
2025-01-24,1000,895,0.895,893,-0.16870709556772318,-0.1612156414974207,0.0,1.0000000000000002,-3.244217861146832,4.630249455934194
2025-01-27,1000,899,0.899,897,-0.13928063191922882,-0.1653091100721344,7.903701176419357e-18,1.0000000000000007,-3.0321886977997417,4.487438054929052
2025-02-05,1000,900,0.9,897,0.05699843877696638,-0.011613599994656235,-1.1842378929335004e-17,1.0000000000000004,-3.5315382093833345,5.080672495164831
2025-02-06,1000,900,0.9,899,0.11740373523424644,0.0627239967702584,4.342205607422835e-17,1.0000000000000009,-3.5763036024041845,5.36278017206064
2025-02-07,1000,904,0.904,903,0.16603514160559518,0.08047661058461769,-1.964996503761339e-18,0.9999999999999994,-3.026364946347158,4.981196540279549
2025-02-10,1000,905,0.905,905,0.11182982836209539,0.05051957200333274,5.594051925183109e-17,1.0000000000000002,-3.2041453057861946,5.724323552295038
2025-02-11,1000,904,0.904,904,0.1130069432264249,0.02419862257805511,-2.456245629701674e-17,1.0000000000000002,-3.4484491992193376,5.726182760118678
2025-02-12,1000,905,0.905,905,0.004647183429685718,-0.024074935593024514,-7.851300947625417e-18,1.0000000000000002,-3.3587915539140343,5.401305061156122
2025-02-13,1000,905,0.905,905,-0.01378617833391995,-0.024827518143591926,-3.9256504738127085e-18,1.0000000000000004,-3.66966176087524,5.478298288617332
2025-02-14,1000,905,0.905,902,-0.05851094366532154,-0.04824003275208616,1.9628252369063543e-18,0.9999999999999997,-4.077300633928183,5.912537952395381
2025-02-17,1000,906,0.906,904,-0.045942036733853,-0.07333985004550696,-5.881976289404803e-18,1.0000000000000002,-3.0677919451283877,5.884475300215339
2025-02-18,1000,904,0.904,901,-0.060143111716743705,-0.07836761330817554,-1.5719972030090712e-17,1.0000000000000013,-2.495359493432979,4.682549180944792
2025-02-19,1000,904,0.904,901,-0.13469103676887706,-0.12500592929719115,-1.0807480770687364e-17,1.0000000000000009,-2.2238971670652807,5.276592587900673
2025-02-20,1000,905,0.905,902,-0.1604072935023685,-0.17362564568023992,-1.0795538802984947e-17,1.0000000000000002,-2.1527565320818356,5.304403802691008
2025-02-21,1000,907,0.907,904,-0.2315336448270047,-0.23198185337938418,2.5460461865714727e-17,0.9999999999999996,-2.453807471970209,4.974791743932704
2025-02-24,1000,906,0.906,902,-0.18135775255782444,-0.2371440116760425,-3.9213175262698686e-18,0.9999999999999997,-2.325363635337099,5.14626420186124
2025-02-25,1000,904,0.904,901,-0.2739460888938296,-0.2703022086666723,-1.5719972030090712e-17,0.9999999999999998,-2.6741777967212226,4.46115883113581
2025-02-26,1000,907,0.907,905,-0.23250434755948898,-0.2137572410050181,1.5667976532747524e-17,1.0000000000000002,-2.689409451371384,4.873125865327106
2025-02-27,1000,908,0.908,905,-0.2305451013427922,-0.20079374440743006,7.825360525992294e-18,1.0,-2.543339761937778,4.486579336597682
2025-02-28,1000,905,0.905,904,-0.19506682046270454,-0.16013824492746517,1.1776951421438125e-17,1.0000000000000004,-2.7941678280960263,4.226783651882492
2025-03-03,1000,906,0.906,904,-0.18335253360080064,-0.19119533924996773,-3.9213175262698686e-18,1.0000000000000002,-3.237032540060736,4.090784538762613
2025-03-04,1000,906,0.906,904,-0.14655935506130904,-0.14995590591343197,1.5685270105079474e-17,0.9999999999999994,-2.9824173205305513,3.6942291562207235
2025-03-05,1000,906,0.906,903,-0.161835339597045,-0.13883647426349197,-7.842635052539737e-18,0.9999999999999996,-2.660746992820221,4.544770816754057
2025-03-06,1000,907,0.907,904,-0.16759426506950945,-0.10850516619584002,-2.3501964799121286e-17,1.0000000000000002,-2.239386764928208,5.412920400770778
2025-03-07,1000,905,0.905,902,-0.12884762919504522,-0.05074650697623651,-7.851300947625417e-18,0.9999999999999998,-2.2231270738078006,5.256134005855776
2025-03-10,1000,906,0.906,904,-0.10437715267022243,-0.035105354055439596,-2.352790515761921e-17,0.9999999999999998,-2.586034938408479,4.651432102263035
2025-03-11,1000,906,0.906,904,-0.09874422392837909,-0.0029259614476508764,5.097712784150829e-17,1.0000000000000002,-2.329501563727791,5.262172698316302
2025-03-12,1000,906,0.906,904,-0.08357491268394314,0.007545579369577978,-2.352790515761921e-17,1.0,-2.1999647509522644,5.195798414590043
2025-03-13,1000,905,0.905,903,-0.05417934399904492,-0.00807464040085137,2.649814069823578e-17,0.9999999999999999,-2.4385282097935397,4.160303137857027
2025-03-14,1000,906,0.906,902,-0.01280757447114261,0.018271660883196077,1.9606587631349343e-18,1.0000000000000009,-2.427221515246216,4.19274717670536
2025-03-17,1000,906,0.906,905,-0.026633272202633777,0.019120165172098365,2.9409881447024014e-18,1.0000000000000007,-2.3872436406847877,4.606885344063098
2025-03-18,1000,906,0.906,904,-0.02763144304357459,0.028000124992835152,-1.9606587631349344e-17,1.0000000000000002,-2.378960797366844,4.2548239089579925
2025-03-19,1000,905,0.905,904,-0.0033554090146208243,0.04301133334545361,-4.907063092265885e-18,0.9999999999999994,-2.736905603726091,4.521674558585678
2025-03-20,1000,905,0.905,903,-0.025171138613852756,0.05890054281205561,-9.81412618453177e-18,0.9999999999999987,-2.9007599007338576,4.785947327619739
2025-03-21,1000,904,0.904,901,-0.005650110130963021,0.028478827534483022,1.12987298966277e-17,0.9999999999999994,-2.749745491176006,4.581408365055612
2025-03-24,1000,903,0.903,900,-0.012934825069678095,0.008584792880125872,2.7540416114732565e-17,1.0000000000000002,-2.959643705943513,4.241568304683148
2025-03-25,1000,904,0.904,901,0.0014792406628407846,0.002418467806833857,5.894989511284018e-17,0.9999999999999999,-3.3584062514401927,4.5459663886709105
2025-03-26,1000,904,0.904,902,0.05762923626740234,0.06173026606690784,7.859986015045356e-18,1.0000000000000004,-3.0525338212541087,4.47365536633994
2025-03-27,1000,904,0.904,903,0.09579017276579138,0.09080654426303211,3.929993007522678e-17,0.9999999999999998,-3.5118430015252273,4.191827157627177
2025-03-28,1000,903,0.903,902,0.06919224116525245,0.06924990103456281,3.9343451592475096e-17,0.9999999999999997,-3.3341067517557668,3.9967404156579276
2025-03-31,1000,900,0.9,897,0.02906223509407745,0.044335499129073794,0.0,0.9999999999999999,-3.220767344407081,4.094846591398003
2025-04-01,1000,900,0.9,898,-0.03531494529735672,-0.04342043401501511,-7.894919286223335e-18,1.0,-3.6852787275728454,4.376999795104097
2025-04-02,1000,901,0.901,899,-0.05266551775112511,-0.08759702880114806,-5.914617667259435e-18,1.0,-3.6656161900601543,4.077529097356089
2025-04-03,1000,901,0.901,899,-0.03890071983223672,-0.0880386564061692,1.3800774556938684e-17,0.9999999999999994,-3.765195824504295,3.896535221146192
2025-04-07,1000,894,0.894,892,-0.16696184454637386,-0.18131814347396977,2.3843715965104033e-17,0.9999999999999994,-2.963754027280957,4.449112592342803
2025-04-08,1000,892,0.892,890,-0.3398851939276406,-0.33877447451676,4.779435442332513e-17,1.0000000000000004,-3.5177884086900972,4.403081146696048
2025-04-09,1000,894,0.894,891,-0.2857106693067018,-0.31722386128335184,-4.7687431930208065e-17,0.9999999999999999,-3.5568953481560768,4.143151365840307
2025-04-10,1000,897,0.897,894,-0.31534991473035623,-0.32126205387711837,5.544926588986289e-17,1.0000000000000004,-3.710131484355077,4.175164545332652
2025-04-11,1000,897,0.897,894,-0.24490839138157056,-0.2716236279569312,3.1685294794207366e-17,0.9999999999999998,-3.654497928502818,4.768172939060871
2025-04-14,1000,900,0.9,897,-0.21819270631107066,-0.2219959059392735,-2.7632217501781673e-17,1.0000000000000002,-3.2400259988897075,4.002367629760268
2025-04-15,1000,900,0.9,897,-0.21534521408519652,-0.23615621387706587,-7.894919286223335e-18,1.0000000000000004,-3.4577942894508653,4.227210423367571
2025-04-16,1000,899,0.899,896,-0.2514435761071392,-0.28109195915976964,5.927775882314518e-17,0.9999999999999999,-3.2546406613186645,4.3207356859689625
2025-04-17,1000,902,0.902,899,-0.20716367453671936,-0.23584999777737037,1.575482784390466e-17,0.9999999999999997,-3.029180529376127,4.3220237761150235
2025-04-18,1000,903,0.903,899,-0.14424375495419192,-0.17773320478054463,9.835862898118774e-18,1.000000000000001,-2.7851643168414424,4.163010033183882
2025-04-21,1000,901,0.901,897,-0.1250035546198602,-0.13076261314267515,0.0,0.9999999999999992,-2.5403653603715726,4.396098068526246
2025-04-22,1000,900,0.9,897,-0.06316863100918188,-0.0955221938258165,-7.894919286223335e-18,0.9999999999999996,-2.819792239378666,4.6506166326838665
2025-04-23,1000,899,0.899,896,0.06815468967501184,0.03245275372675484,1.9759252941048393e-17,1.0000000000000002,-2.3768339383841717,4.067384061616954
2025-04-24,1000,900,0.9,897,0.03284217196899305,-0.013482132346357268,7.894919286223335e-18,1.0000000000000002,-2.861421190397592,4.227386023043451
2025-04-25,1000,901,0.901,898,0.04301644049534451,0.008451935403830952,-1.9715392224198118e-17,1.0,-2.7126391336778997,4.417105161759463
2025-04-28,1000,899,0.899,897,0.023569668825051078,-0.03549010884153607,-2.3711103529258072e-17,1.0,-2.846800568292934,4.317221227772648
2025-04-29,1000,902,0.902,898,0.008171652045477353,0.0037257707175568492,3.938706960976165e-18,0.9999999999999997,-3.1999225436311862,4.261161042012808
2025-04-30,1000,899,0.899,897,-0.01564156987897821,-0.032227508229712994,-7.903701176419357e-18,0.9999999999999997,-2.9648810739225198,4.731977334003422
2025-05-06,1000,898,0.898,896,0.008878460462129038,0.005274896766035629,6.330002100312696e-17,0.9999999999999991,-3.25450968628681,5.1250794204638925
2025-05-07,1000,901,0.901,898,0.04318993370335938,0.041002202484806065,-4.337386289323586e-17,1.0000000000000002,-3.345406226642984,4.714058626002914
2025-05-08,1000,903,0.903,900,0.044914599545754746,0.06904334395756545,1.9671725796237548e-17,0.9999999999999996,-3.482530257136231,3.97804719200069
2025-05-09,1000,901,0.901,900,-0.004728298508235719,0.047982593095273224,0.0,0.9999999999999992,-3.110873225605259,4.164823797986551
2025-05-12,1000,901,0.901,900,-0.02793827378493827,0.01137029953455323,-3.5487706003556616e-17,0.9999999999999999,-3.4417120306666855,4.043954544664055
2025-05-13,1000,900,0.9,900,0.0033472149116175703,0.02434328472547713,-2.7632217501781673e-17,1.0000000000000007,-3.009931370985165,5.144416404882673
2025-05-14,1000,901,0.901,901,0.0043107696828831275,0.0075985311266873615,-3.943078444839624e-18,1.0000000000000002,-2.72260102882586,4.504106065560483
2025-05-15,1000,900,0.9,900,0.03191199080920383,0.048588673238535565,3.552713678800501e-17,1.0,-2.3310405599612816,4.441528960331934
2025-05-16,1000,900,0.9,899,0.013086881434477006,0.021590479691026312,3.7500866609560844e-17,1.0,-2.3203163734721697,4.914994041061494
2025-05-19,1000,901,0.901,901,-0.03160585503954933,0.02959172661658796,-3.9430784448396236e-17,0.9999999999999992,-2.563126294958267,4.806790630357232
2025-05-20,1000,900,0.9,900,0.005468023432420569,0.05084491420425798,3.552713678800501e-17,0.9999999999999992,-2.422896074590158,3.999700291971591
2025-05-21,1000,900,0.9,900,-0.013521595823147587,0.02202087537599584,3.157967714489334e-17,0.9999999999999998,-2.913331552280489,4.142580515525173
2025-05-22,1000,900,0.9,900,-0.03971097936590775,-4.76955362562435e-05,0.0,0.9999999999999997,-2.8699032600752634,4.051195126746408
2025-05-23,1000,900,0.9,899,0.003061720894118402,0.009224635892024696,3.947459643111668e-18,0.9999999999999994,-2.999075131540305,4.42874818248547
2025-05-26,1000,899,0.899,899,0.0006097290428244699,-0.022511684899188488,0.0,0.9999999999999991,-2.572759140774016,3.8130875293417006
2025-05-27,1000,899,0.899,899,-0.07654944867970394,-0.07383829206071822,-7.903701176419357e-18,0.9999999999999999,-2.5593286197802243,4.180328646220862
2025-05-28,1000,899,0.899,899,-0.05650958250503973,-0.0950753186761856,2.3711103529258072e-17,1.0000000000000002,-2.6672348111613777,5.095813542565236
2025-05-29,1000,901,0.901,901,0.03660174049733132,-0.019541571264568836,3.154462755871699e-17,0.9999999999999994,-2.3881449990136283,4.844978723306189
2025-05-30,1000,900,0.9,900,0.05407212608939557,-0.07850243501125667,0.0,1.0000000000000007,-2.334893378193677,5.1900740106274865
2025-06-03,1000,901,0.901,901,0.08157362855719144,-0.043645592290267904,0.0,1.0,-2.258788307493531,5.05421415951087
2025-06-04,1000,902,0.902,901,0.1070881156468566,-0.03488027253286512,-2.363224176585699e-17,1.0000000000000004,-2.151071589540989,5.122697671563798
2025-06-05,1000,900,0.9,899,0.15984226075068741,0.015838255610049732,-5.921189464667502e-18,1.0000000000000004,-2.126847893051798,4.977541141299166
2025-06-06,1000,900,0.9,899,0.1443170455067125,0.035902734267793404,2.1711028037114173e-17,1.0000000000000009,-2.6184014727477045,4.8295466280675905
2025-06-09,1000,903,0.903,903,0.12991320701347653,0.050457606306919284,-4.3277796751722605e-17,1.0000000000000002,-2.7535753113006933,4.795999504568673
2025-06-10,1000,901,0.901,901,0.07926807695727563,-0.007206562843346954,5.126001978291511e-17,1.0,-2.686902740432568,4.774574525902108
2025-06-11,1000,902,0.902,902,0.1177997651035396,0.031454252597543496,-1.9693534804880826e-18,0.9999999999999998,-2.6081133493362447,4.217204646376227
2025-06-12,1000,902,0.902,902,0.08177265761475659,-0.0031599115865087253,-6.006528115488652e-17,1.0000000000000002,-2.4834456330387527,4.890474148836942
2025-06-13,1000,898,0.898,898,0.033891292537753234,-0.07346274448001654,5.934376969043153e-18,1.0000000000000002,-2.487040556894754,4.598365044503059
2025-06-16,1000,900,0.9,900,0.028799800496433586,-0.022485819042952833,2.1217595581725215e-17,0.9999999999999994,-2.4246918564699866,5.007428503948216
2025-06-17,1000,901,0.901,901,0.04756267605395981,-0.04989242510286612,2.957308833629718e-17,0.9999999999999997,-2.4274799870861012,4.891615907034506
2025-06-18,1000,901,0.901,901,0.06498421968171504,-0.02221626322457491,9.857696112099059e-18,0.9999999999999999,-2.233165686319121,5.3703036882975725
2025-06-19,1000,901,0.901,900,0.051647637271755385,-0.06152948362294061,3.154462755871699e-17,0.9999999999999994,-2.4652519551414507,5.624684256607194
2025-06-20,1000,901,0.901,901,-0.009684759213754236,-0.08706304990560398,2.7601549113877367e-17,0.9999999999999991,-2.4931972271634053,4.628228618124149
2025-06-23,1000,901,0.901,900,-0.03967293438124337,-0.07034720763744168,7.886156889679247e-18,0.9999999999999994,-2.5886216098738766,5.004076949222563
2025-06-24,1000,902,0.902,901,-0.07742516647052933,-0.049713967516464994,1.575482784390466e-17,0.9999999999999994,-2.760123653520311,5.612769956276012
2025-06-25,1000,902,0.902,901,-0.07488215946609182,-0.08338800760416493,-2.363224176585699e-17,1.0000000000000007,-2.5572290339381007,4.609408742375868
2025-06-26,1000,903,0.903,902,-0.08405053420844848,-0.0914406187332089,1.6720966926801915e-17,1.0,-2.4457263825830826,5.3198105151664175
2025-06-27,1000,904,0.904,903,-0.06755583189497742,-0.08895113701859306,-1.964996503761339e-17,1.0000000000000007,-2.5435493346136457,4.922931736543879
2025-06-30,1000,906,0.906,906,-0.010183568947104503,-0.00769335327722036,5.2937786604643225e-17,1.0000000000000002,-2.279844872804448,5.151780125325496
2025-07-01,1000,906,0.906,906,0.03356826392216904,0.0009388518391520366,-5.881976289404803e-18,1.0000000000000004,-2.034893520043414,5.225120429670292
2025-07-02,1000,908,0.908,908,0.022508799262099925,0.02153476215257086,-7.825360525992294e-18,0.9999999999999998,-2.609495579392305,4.571524445170063
2025-07-03,1000,907,0.907,907,0.010384892835109738,0.050226201660948544,2.1543467732527844e-17,0.9999999999999993,-2.456371122232552,4.586713649927368
2025-07-04,1000,907,0.907,904,0.03727628539796651,0.035936293757437385,-7.833988266373762e-18,0.9999999999999994,-2.1281379442759696,5.00404711356115
2025-07-07,1000,905,0.905,903,0.04644344055884169,-0.004417591694299838,-1.8646839750610364e-17,1.0000000000000002,-2.27357721212338,4.6604545368099854
2025-07-08,1000,910,0.91,907,0.02366415538818875,0.02023438370603837,-1.0248212535001446e-17,1.0000000000000002,-2.410844602842878,5.1126502387992945
2025-07-09,1000,911,0.911,908,-0.02338921320131981,-0.05461658025218171,-1.1699386428541715e-17,1.0000000000000002,-2.1036084755212268,5.564950178347046
2025-07-10,1000,914,0.914,911,-0.01271698110684757,-0.07238951738889378,0.0,1.0000000000000007,-2.1386725911952684,4.780792898021815
2025-07-11,1000,917,0.917,915,0.04846237149916222,0.019021572215446016,-3.874278820938387e-18,0.9999999999999999,-2.1475231427573966,4.692353397962489
2025-07-14,1000,915,0.915,913,0.11662315954291345,0.0542555783395453,1.9413735949729513e-17,1.0000000000000004,-2.479182959321364,4.310070025939124
2025-07-15,1000,916,0.916,913,0.12891039256811382,0.07068061996529419,-7.757016765939958e-18,0.9999999999999994,-2.2731811377113553,4.562139856116297
2025-07-16,1000,915,0.915,912,0.16983499579842046,0.10311939226258866,0.0,1.0000000000000004,-2.6987375460468095,4.559428791174397
2025-07-17,1000,916,0.916,912,0.15155297689824132,0.06781909474014304,7.757016765939958e-18,1.0000000000000004,-2.4702902182531616,4.593800966801748
2025-07-18,1000,916,0.916,914,0.24173020053034797,0.12199667501127412,3.878508382969979e-18,1.0000000000000002,-2.5526295918564297,4.290795138856812
2025-07-21,1000,916,0.916,914,0.20333648922394737,0.045126633523490084,-4.266359221266977e-17,0.9999999999999998,-2.6229142153408276,4.999040022486084
2025-07-22,1000,916,0.916,915,0.09491774236937715,-0.035066396381274186,-7.757016765939958e-18,0.9999999999999997,-3.0301326849403285,4.836196816295112
2025-07-23,1000,915,0.915,914,0.12056599662352394,0.015218088251075497,-2.3296483139675416e-17,1.0000000000000007,-2.7042242463890593,5.661460547616864
2025-07-24,1000,917,0.917,916,0.056546244445257375,-0.008523126831911514,-2.4698527483482217e-17,1.0000000000000002,-2.610431445143535,5.455930132111084
2025-07-25,1000,917,0.917,915,0.08436575969092325,0.03523156569233737,1.1622836462815161e-17,1.0000000000000002,-2.505783410177328,5.228223080678961
2025-07-28,1000,916,0.916,915,0.10090165133223619,0.03754608781931374,-3.878508382969979e-18,1.0000000000000009,-2.4138894843416034,4.620915664606916
2025-07-29,1000,917,0.917,915,0.0073366780380500745,-0.02043488622301748,7.748557641876774e-18,1.0000000000000002,-2.2928027592558604,4.6055394665853315
2025-07-30,1000,916,0.916,915,0.004539242717569776,-0.047227589209309355,-9.696270957424947e-18,0.9999999999999998,-2.3273421543081803,5.090243082557038
2025-07-31,1000,913,0.913,912,0.07470347984352224,-0.02373773200285579,1.556501064096605e-17,1.0000000000000004,-2.5989815915845846,4.537226495331452
2025-08-01,1000,914,0.914,911,0.04848373179176352,0.009818991591327464,-1.5547981088842454e-17,1.0000000000000009,-2.948543125280422,4.905772190908417
2025-08-04,1000,910,0.91,909,0.08695627508884884,0.04837422571223625,5.3681113278579e-18,1.0,-2.9609549636882826,4.763034115814927
2025-08-05,1000,913,0.913,912,0.05453206844672442,0.026394742227769642,-1.9456263301207562e-18,0.9999999999999996,-3.019002129870284,5.004587334840818
2025-08-06,1000,912,0.912,911,0.07265703913490149,0.0016503358611797533,3.895519384649672e-18,1.0,-2.443814164360742,4.790068683536011
2025-08-07,1000,911,0.911,910,-0.023857747321636775,-0.07721152143680868,-3.899795476180572e-18,1.0,-2.4600148920165505,4.7156153537659415
2025-08-08,1000,911,0.911,910,-0.05732162946264053,-0.11111616969829576,-1.949897738090286e-18,1.000000000000001,-2.365002195131391,4.577031662283894
2025-08-11,1000,911,0.911,910,-0.0466627301219214,-0.06287742130761192,7.799590952361144e-18,0.9999999999999993,-1.9215727127546065,4.519802332474617
2025-08-12,1000,911,0.911,909,-0.06488701579578063,-0.07241208828120058,2.339877285708343e-17,0.9999999999999993,-1.933706504090981,4.747851244066343
2025-08-13,1000,910,0.91,910,-0.05319712122951099,-0.04796993339014545,7.808161931429672e-18,1.0,-1.6765991406046468,5.2173840588763944
2025-08-14,1000,907,0.907,907,-0.042426756801529165,-0.0543014280492509,-7.833988266373762e-18,0.9999999999999997,-2.144780005469858,5.246243728588336
2025-08-15,1000,908,0.908,907,-0.05710844917290149,-0.06212370341630835,-1.9563401314980733e-17,0.9999999999999998,-2.231652942358749,4.999193122953944
2025-08-18,1000,913,0.913,912,-0.06553900126864877,-0.0779401386366537,2.9184394951811343e-18,1.0000000000000004,-2.147999727734356,5.0616748580562945
2025-08-19,1000,913,0.913,912,-0.02801740241170321,-0.07242366475122568,2.67523620391604e-18,0.9999999999999997,-1.8067384119596908,5.838483199781426
2025-08-20,1000,913,0.913,912,0.019543379329272807,-0.028645386520501213,-1.3619384310845294e-17,1.0000000000000004,-2.366833243931826,5.4448143830588265
2025-08-21,1000,913,0.913,912,0.07426857582154266,0.02491171579264353,-2.7238768621690587e-17,1.0000000000000002,-2.5296358320209515,4.420645294269568
2025-08-22,1000,913,0.913,909,0.03345857534249773,0.005020634396766673,0.0,1.0000000000000002,-2.7390008570582514,4.687836936790764
2025-08-25,1000,914,0.914,913,0.09371365030757606,0.035290938082264474,-1.7491478724947763e-17,0.9999999999999993,-2.1455082767047187,4.3773238092695355
2025-08-26,1000,913,0.913,912,0.08889348558539746,0.06236010793615239,-3.234603773825757e-17,1.0000000000000007,-1.9963610165887087,4.236686864273218
2025-08-27,1000,913,0.913,911,0.08418804690696033,0.07273337572986922,2.9184394951811345e-17,1.0000000000000007,-1.9298484870468615,4.502668542198825
2025-08-28,1000,912,0.912,910,0.07132360110356044,0.04059275841068929,1.2076110092413984e-16,1.0,-2.243906063085693,4.655910704087102
2025-08-29,1000,912,0.912,909,0.052693774681754534,0.035205155602597786,-1.5582077538598687e-17,0.9999999999999993,-2.7421265056115995,4.062351271624625
2025-09-01,1000,912,0.912,909,0.07818423394641137,0.058805761078316324,0.0,0.9999999999999989,-2.2939261077668336,4.326247565960742
2025-09-02,1000,909,0.909,905,0.13151881174369517,0.10958568718785475,-3.126700707415182e-17,0.9999999999999998,-2.4988069464370435,5.054384128702427
2025-09-03,1000,908,0.908,904,0.17190299410690643,0.1344280358127566,-6.260288420793835e-17,1.0000000000000004,-2.3507078011524882,5.107497700847984
2025-09-04,1000,908,0.908,905,0.13047127906767556,0.07300538557472408,9.390432631190752e-17,0.9999999999999996,-2.638839743650916,4.4555875657739135
2025-09-05,1000,909,0.909,907,0.10841429544158838,0.08015531870090371,-7.816751768537955e-18,1.0000000000000004,-2.8826147326597487,4.98920217035092
2025-09-08,1000,911,0.911,909,0.060124269253267124,0.02530737439524521,-2.339877285708343e-17,1.0,-2.520185418310345,4.739956069790905
2025-09-09,1000,911,0.911,909,0.06551205845723689,0.008969065706279368,1.5599181904722288e-17,0.9999999999999999,-2.809566735992635,4.272571018214688
2025-09-10,1000,912,0.912,912,0.03591149572025117,0.006989879013977742,-2.921639538487254e-17,1.0000000000000004,-2.763764696966913,4.145439418771325
2025-09-11,1000,913,0.913,913,0.030282995604095354,-0.010112364187871889,-7.782505320483025e-18,1.0000000000000007,-2.345037556067926,4.698094083666537
2025-09-12,1000,913,0.913,912,0.05598303053504672,0.013493635731277645,-9.728131650603781e-18,1.0000000000000004,-2.3774074618429286,4.756556131847714
2025-09-15,1000,914,0.914,914,-0.02749797917306405,-0.050511532618419744,-3.3039459813790217e-17,1.000000000000001,-2.071310576857653,4.9262656092000485
2025-09-16,1000,918,0.918,918,-0.08510593442217149,-0.11722877624559386,3.87005847363889e-18,1.0000000000000002,-2.090316771394089,4.68317097474044
2025-09-17,1000,918,0.918,918,-0.12543411797022905,-0.1267291466438275,-1.548023389455556e-17,0.9999999999999996,-2.0761136618738005,4.770338351256019
2025-09-18,1000,918,0.918,917,-0.07548658269189858,-0.0940850852364631,-3.483052626275001e-17,1.0,-1.9793056305648586,4.521200787890905
2025-09-19,1000,915,0.915,912,-0.04484168862638145,-0.08011204720417076,6.79480758240533e-18,0.9999999999999997,-2.21878003921731,4.592377040004903
2025-09-22,1000,912,0.912,911,-0.07905217546057819,-0.11379287095349466,1.947759692324836e-17,1.0000000000000004,-2.145749792931609,4.738536719640614
2025-09-23,1000,911,0.911,910,-0.0725813517991382,-0.1095862385458977,0.0,0.9999999999999991,-2.4669600096820306,4.828754253075983
2025-09-24,1000,912,0.912,910,-0.07439307296175277,-0.11174791144866318,1.7529837230923523e-17,1.000000000000001,-2.817896717400524,4.641112107074357
2025-09-25,1000,909,0.909,908,-0.08695527020989349,-0.1185234247217644,6.839657797470711e-18,1.0000000000000016,-2.8192212447076126,5.007742042402185
2025-09-26,1000,909,0.909,906,-0.07464843155180684,-0.113238663259729,0.0,1.0000000000000004,-3.0310664904617597,4.1503376495812745
2025-09-29,1000,907,0.907,906,-0.12367691351188632,-0.1343473468463062,1.9584970665934403e-17,1.0000000000000002,-2.7997818217308468,4.021499176920782
2025-09-30,1000,906,0.906,904,-0.09883814864827534,-0.13660292376469751,-5.2937786604643225e-17,0.9999999999999997,-2.7563118908809954,4.301770272650472
2025-10-09,1000,907,0.907,906,-0.08690794347247774,-0.10752914068093625,-2.3501964799121286e-17,0.9999999999999996,-2.4424818619345587,4.5677425199594035
2025-10-10,1000,909,0.909,909,-0.03467138008407435,-0.07198669054859246,-7.816751768537955e-18,1.0000000000000002,-2.6544436926447483,4.480486950291256
2025-10-13,1000,909,0.909,909,-0.13994430902761273,-0.11624110207834056,-3.126700707415182e-17,1.0,-2.688141403386721,4.965031906276599
2025-10-14,1000,909,0.909,909,-0.1051728500992269,-0.07574791971121467,7.816751768537955e-18,1.0000000000000004,-3.040770207707658,5.350831693065249
2025-10-15,1000,909,0.909,909,-0.04619195400287382,-0.048881833811211764,0.0,1.0000000000000009,-2.864547070267254,4.737151909565039
2025-10-16,1000,908,0.908,908,0.008925022791145314,-0.016519059696402813,2.347608157797688e-17,1.0000000000000004,-2.8578844619826094,4.537165209140362
2025-10-17,1000,908,0.908,908,0.048051449647553555,0.029715928928525502,-3.1301442103969174e-17,1.0000000000000002,-3.216834194551962,4.1638843445243685
2025-10-20,1000,908,0.908,908,0.10006600218875841,0.05903577269506991,2.347608157797688e-17,0.9999999999999996,-3.2391833767308573,4.3422605117703545
2025-10-21,1000,908,0.908,908,0.07861734526497945,0.04619006738459286,-5.86902039449422e-18,0.9999999999999997,-2.9369401341485304,4.123843334534865
2025-10-22,1000,909,0.909,908,0.039110693143865546,0.04335629325985326,-4.885469855336223e-18,0.9999999999999997,-2.9803238029586088,3.923679279365962
2025-10-23,1000,909,0.909,908,0.11990211785212886,0.09636137272825798,2.4427349276681113e-17,1.0000000000000007,-3.1893492048774053,3.7172951380325148
2025-10-24,1000,909,0.909,906,0.06422320029675753,0.06330217777986445,-8.7938457396052e-18,1.0,-2.745131468530944,3.650808494696167
2025-10-27,1000,908,0.908,906,0.017339444137483253,-0.01181125743594547,3.912680262996147e-18,1.0000000000000002,-2.717917268694032,3.813836394439586
2025-10-28,1000,908,0.908,906,0.03115054457000248,0.010440704428136318,5.86902039449422e-18,1.0,-2.597054393793422,4.249557571725134
2025-10-29,1000,909,0.909,907,0.0187461622168658,-0.014053640932050642,-5.862563826403467e-18,1.0000000000000007,-2.4477642419233616,4.2786759518447575
2025-10-30,1000,909,0.909,907,0.046460505110858266,0.04211010456947067,3.908375884268978e-18,0.9999999999999999,-2.82233728262411,4.175754350992713
2025-10-31,1000,907,0.907,903,0.1658514744867556,0.12353754397936932,-4.406618399835241e-18,0.9999999999999994,-2.4751346268104313,3.721366575321047
2025-11-03,1000,907,0.907,903,0.05366179318459559,0.022921662017756136,-6.854739733077041e-18,0.9999999999999996,-2.5286897328356166,4.364395862328762
2025-11-04,1000,907,0.907,903,0.04889184448310125,0.01969911821402178,-1.9584970665934405e-18,0.9999999999999999,-2.761911993859583,4.35236485073826
2025-11-05,1000,909,0.909,905,-0.027727547068949993,0.014724377067068358,3.322119501628631e-17,1.0000000000000002,-2.349509025653177,4.700347547108416
2025-11-06,1000,909,0.909,905,-0.04996054374774174,-0.041728469443935524,-1.6122050522609535e-17,0.9999999999999996,-2.2706961748656496,4.089276906535436
2025-11-07,1000,908,0.908,905,-0.06007613641790165,-0.046992400460424584,-1.2227125821862957e-17,0.9999999999999993,-2.519070774587624,4.465007292043844
2025-11-10,1000,910,0.91,908,-0.019612309491644307,-0.04194931347234025,-9.760202414287091e-18,0.9999999999999989,-2.5669487639168516,4.49079332088707
2025-11-11,1000,912,0.912,908,-0.05494109184762506,-0.0936901708083373,-1.6555957384761105e-17,1.0000000000000007,-2.928155486154651,4.596716635831113
2025-11-12,1000,912,0.912,908,-0.05202074853932403,-0.12111789160255486,-5.843279076974508e-18,0.9999999999999996,-2.94951852323414,3.9757741316118462
2025-11-13,1000,914,0.914,910,-0.09398973977551947,-0.1398654817608085,-4.858744090263267e-18,0.9999999999999994,-3.1742689776853674,3.9755210050996252
2025-11-14,1000,916,0.916,912,-0.1145157284492264,-0.17358007875250303,6.787389670197463e-18,1.0000000000000004,-2.947575037666143,4.0337416313516545
2025-11-17,1000,916,0.916,913,-0.16074524170495375,-0.21227675658268155,-5.8177625744549685e-18,0.9999999999999998,-2.221699291877154,4.851555567381728
2025-11-18,1000,914,0.914,912,-0.14386713880611962,-0.21362485062380632,7.773990544421227e-18,0.9999999999999994,-2.1776947929547203,4.888884442456903
2025-11-19,1000,912,0.912,908,-0.17720153526081941,-0.18234479250005037,9.73879846162418e-18,0.9999999999999998,-2.3412660420487312,5.0722092766152835
2025-11-20,1000,911,0.911,907,-0.16991051583769182,-0.2087594528093355,1.5599181904722288e-17,0.9999999999999993,-2.455649365863445,4.53391120731236
2025-11-21,1000,911,0.911,905,-0.17242011217069014,-0.22981155984763327,-3.899795476180572e-18,1.0000000000000002,-2.715670687983349,4.562261259044282
2025-11-24,1000,911,0.911,907,-0.14293570749440948,-0.19786394475464286,-1.5599181904722288e-17,0.9999999999999997,-2.961295684587416,4.415170881982184
2025-11-25,1000,910,0.91,907,-0.1349612778267876,-0.16430398668683988,1.5616323862859345e-17,1.0000000000000004,-3.058561045095868,4.364188557063473
2025-11-26,1000,911,0.911,910,-0.06418106684267277,-0.12095569405805631,7.799590952361144e-18,1.0000000000000007,-2.810979625427421,4.410733055533433
2025-11-27,1000,912,0.912,911,-0.027265348413327936,-0.1136039085623732,0.0,0.9999999999999996,-2.524098739373828,4.631750806914528
2025-11-28,1000,914,0.914,911,-0.023801252929440818,-0.09477591603044211,1.5547981088842454e-17,1.0000000000000007,-2.647844314144027,4.689120688698547
2025-12-01,1000,912,0.912,909,-0.02601013078904963,-0.083260530652707,7.791038769299344e-18,1.0000000000000007,-2.7450906858559376,4.509836102910976
2025-12-02,1000,911,0.911,909,-0.006737803014242031,-0.0926353462460379,0.0,1.0,-2.9625103184485138,4.535717470820656
2025-12-03,1000,912,0.912,910,-0.006274462475031299,-0.09861769706340628,1.5582077538598687e-17,1.0000000000000007,-2.970831864528919,4.959171822905298
2025-12-04,1000,910,0.91,908,-0.0034099772966692393,-0.10428175894465382,-1.1712242897144509e-17,0.9999999999999994,-3.0958106059641555,4.297455042620234
2025-12-05,1000,911,0.911,909,-0.03564734156569054,-0.0881863081228254,-1.1699386428541715e-17,0.9999999999999994,-2.8228213502939146,4.701296573391216
2025-12-08,1000,911,0.911,909,0.07836099409263517,-0.0014273846707185084,-1.1699386428541715e-17,1.0000000000000002,-2.4514863078468245,5.454046083453153
2025-12-09,1000,909,0.909,906,0.08359931322431802,-0.04675963128482971,2.3450255305613868e-17,1.0000000000000002,-2.935332876680378,5.425757750308188
2025-12-10,1000,911,0.911,909,0.06443609955248364,-0.056761741524463526,-1.5599181904722288e-17,0.999999999999999,-2.574961328329677,5.18366007825015
2025-12-11,1000,909,0.909,905,0.12385007210969268,-0.07623265272144307,1.1725127652806934e-17,1.0000000000000007,-2.68547204880988,4.8735361270698565
2025-12-12,1000,909,0.909,903,0.10959335664673386,-0.040453783878536695,-4.641196362569411e-17,1.0000000000000007,-3.066950351647081,4.430685831347703
2025-12-15,1000,908,0.908,904,0.07179495757526091,-0.04385987311056226,4.597399309020472e-17,1.000000000000001,-2.8493935676422346,4.961536061602957
2025-12-16,1000,908,0.908,904,0.014687831572462062,-0.05453027584109278,-1.5650721051984587e-17,0.9999999999999997,-3.273081681471992,4.559210035924853
2025-12-17,1000,908,0.908,903,0.09304546478944184,-0.0092926046682503,-1.9563401314980733e-17,1.0000000000000002,-3.328146270902577,4.300401006222266
2025-12-18,1000,906,0.906,903,0.10154498948720571,0.018330340701062528,-1.5685270105079474e-17,0.9999999999999996,-3.3384848316716256,3.977556437500352
2025-12-19,1000,905,0.905,902,0.0885601675026214,0.030927000905437485,-8.832713566078593e-18,0.9999999999999993,-3.296384295400285,4.438525880109944
2025-12-22,1000,904,0.904,902,0.1303594572957293,0.08067551474207131,1.8667466785732722e-17,0.9999999999999999,-3.4580795629218954,4.371922477083267
2025-12-23,1000,904,0.904,903,0.10969265933118358,0.052626138400918815,1.964996503761339e-18,0.9999999999999998,-3.098605389870014,4.418163196659503
2025-12-24,1000,904,0.904,903,0.09613696160200555,0.02535488034324691,3.929993007522678e-18,0.9999999999999994,-2.9897636924842868,5.028787010467202
2025-12-25,1000,903,0.903,903,0.04871388991463739,0.03278843109521517,-2.7540416114732565e-17,0.9999999999999996,-2.917792400931324,4.7704666273927385
2025-12-26,1000,903,0.903,902,0.039653750522603656,-0.002755772036449099,7.868690318495018e-18,0.9999999999999993,-2.8365486635751456,5.158154621178762
2025-12-29,1000,903,0.903,902,0.06099793115908841,-0.013529774035999236,0.0,1.0,-2.6497322628192137,5.555050918538643
2025-12-30,1000,902,0.902,902,-0.01753751449044855,-0.028494784544065434,7.680478573903522e-17,1.0000000000000004,-2.7592230715516983,5.320448401264161
2025-12-31,1000,902,0.902,901,-0.01876411311485508,-0.0013367837443795895,3.3479009168297406e-17,0.9999999999999994,-3.189782800796016,5.663442196379265
2026-01-05,1000,902,0.902,901,0.08479800169649783,0.06033977709413114,-1.9693534804880827e-17,0.9999999999999996,-3.451335823263011,5.050849509256292
2026-01-06,1000,903,0.903,902,0.04571683877934319,0.049521171516243065,1.5737380636990037e-17,1.0000000000000004,-3.8216843918933323,5.7394627550845385
2026-01-07,1000,904,0.904,903,0.0011093854762520628,0.046646900191261664,3.929993007522678e-18,1.0000000000000004,-3.2134990950745626,5.229679672174504
2026-01-08,1000,906,0.906,904,-0.07964723042490339,0.0031053370033093074,7.842635052539737e-18,1.0000000000000007,-3.501069421801595,5.991821050019222
2026-01-09,1000,906,0.906,903,-0.0854259387905912,-0.0023668562484367734,-5.881976289404803e-18,1.0000000000000007,-2.9066422084870114,5.545312011326206
2026-01-12,1000,906,0.906,902,-0.1653284945782742,-0.0814133878775332,1.1763952578809606e-17,0.9999999999999998,-3.0898825075164065,5.861220230007427
2026-01-13,1000,905,0.905,903,-0.14935580976262294,-0.04005344118137706,5.888475710719062e-18,0.9999999999999996,-3.026457539577299,5.930472629086988
2026-01-14,1000,904,0.904,903,-0.11457568368209896,-0.04626861801615533,7.859986015045356e-18,0.999999999999999,-2.7279216173499647,5.744905953891481
2026-01-15,1000,903,0.903,902,0.009933957297196157,0.014058342465844772,1.9671725796237546e-18,0.9999999999999996,-2.823978930318446,5.587343133541081
2026-01-16,1000,901,0.901,900,0.05425180195834598,0.04483800807543689,5.914617667259435e-18,1.000000000000001,-2.952673126216664,4.789184453005213
2026-01-19,1000,902,0.902,900,0.05510443372387314,0.05677663443836653,-1.9693534804880826e-18,1.0,-2.7511018203912974,4.100318994301408
2026-01-20,1000,904,0.904,902,0.025727476035190988,0.03234844179713044,-1.031623164474703e-17,0.9999999999999996,-3.1027223709618346,4.3647010090029115
2026-01-21,1000,903,0.903,901,0.05772178842405559,0.04081689405051049,-5.901517738871264e-18,0.9999999999999993,-2.711233222805726,4.785925951335619
2026-01-22,1000,904,0.904,900,0.104595581141682,0.09201955544833276,3.929993007522678e-18,1.0000000000000002,-2.9127695141823358,4.280268749606657
2026-01-23,1000,908,0.908,904,0.09372043774860869,0.0907659619695539,1.467255098623555e-17,0.9999999999999993,-2.6929803307073086,4.021216707352296
2026-01-26,1000,905,0.905,902,0.09208915562778411,0.052759087566548964,1.7665427132157186e-17,0.9999999999999999,-2.9924998172290507,4.554719989273676
2026-01-27,1000,905,0.905,902,0.06963499314532731,0.02940078179227834,-2.4535315461329425e-18,0.999999999999999,-2.8362859385140555,4.440793171308435
2026-01-28,1000,906,0.906,903,0.012702699250458877,-0.026798593421265372,3.9213175262698686e-18,1.0,-3.2258626605562926,4.877244300726596
2026-01-29,1000,906,0.906,904,0.05140237733916021,-0.01807844823700403,-9.803293815674672e-18,0.9999999999999994,-3.156010773511336,5.197138534791292
2026-01-30,1000,906,0.906,903,0.08684356688070617,0.04496915070806576,-1.5685270105079474e-17,1.0000000000000009,-3.3092395035406015,4.744435684406158
2026-02-02,1000,905,0.905,904,0.13659718312015368,0.08036724319921867,1.9628252369063543e-18,0.9999999999999996,-2.732542449762245,4.493545872918709
2026-02-03,1000,905,0.905,904,0.12884326159919768,0.07904289308557719,7.851300947625417e-18,1.0000000000000002,-2.7573037696956084,3.567695306949012
2026-02-04,1000,907,0.907,906,0.09830177075188747,0.04524584582448471,1.9584970665934405e-18,1.0000000000000007,-2.64666494094781,4.327050038830041
2026-02-05,1000,907,0.907,906,0.0432997648448159,-0.0036767683042807247,-1.0771733866263922e-17,0.9999999999999997,-2.4458136986817705,4.538547559703663
2026-02-06,1000,905,0.905,904,0.022408419249831873,0.024493415541101737,3.9256504738127085e-18,1.0000000000000002,-2.4700409235928196,4.840638331193574
2026-02-09,1000,905,0.905,905,-0.026105119619476286,0.011301634801354878,1.4721189276797655e-17,1.0000000000000007,-2.5803319487629612,5.17657881022634
2026-02-10,1000,907,0.907,906,-0.00017545431834730418,0.05360858716143081,-9.792485332967202e-19,1.0000000000000004,-3.1573210165531598,5.2526380357709535
2026-02-11,1000,907,0.907,906,-0.01742402772244769,0.04989121882676731,-8.813236799670482e-18,0.9999999999999997,-2.621110639163,4.870757307217453
2026-02-12,1000,907,0.907,907,-0.03280162661582746,0.030504976336024184,-1.9584970665934405e-18,0.9999999999999996,-2.294374300204116,5.032434620442135
2026-02-13,1000,906,0.906,905,0.033605302531497336,0.06803618245416806,-9.803293815674671e-19,1.0000000000000009,-2.442340287790246,4.76418235085223
2026-02-24,1000,906,0.906,905,0.12562888395188193,0.16702600893983885,3.9213175262698686e-18,1.0000000000000007,-2.4968831739012316,4.6842948605917964
2026-02-25,1000,907,0.907,907,0.11263749178255257,0.14300251929614619,0.0,0.9999999999999999,-2.5757756448195783,4.746609264231215
2026-02-26,1000,906,0.906,906,0.0753351581731189,0.1304744564157652,1.9606587631349344e-17,1.000000000000001,-2.4424325647608036,4.68918688914102
2026-02-27,1000,906,0.906,904,0.05619691403439529,0.09875123347682968,7.842635052539737e-18,0.9999999999999992,-2.359718869167364,4.7078905915886855
2026-03-02,1000,906,0.906,906,-0.02063249751123967,0.039898823911617795,2.7449222683889082e-17,0.9999999999999996,-2.2038901700753186,5.349476796882565
2026-03-03,1000,906,0.906,906,-0.01933434901788589,-0.01323694195237732,-1.5685270105079474e-17,1.0000000000000007,-2.744253784079904,4.873698457703305
2026-03-04,1000,905,0.905,905,-0.021012117162733192,0.03310550050271735,-1.962825236906354e-17,1.0000000000000004,-2.6683600128670166,4.9785299208774205
2026-03-05,1000,906,0.906,906,0.03503652963086459,0.07151584785900457,-2.7449222683889082e-17,1.0,-2.874810442760401,4.452272329308806
2026-03-06,1000,907,0.907,907,0.026301855886296344,0.0354924094475262,1.5667976532747524e-17,1.0000000000000002,-2.7869893015168694,4.670290121282269
2026-03-09,1000,907,0.907,907,0.04250231385211994,0.08071067742620971,-1.1750982399560643e-17,0.9999999999999999,-2.3092934269167444,4.312636671992682
2026-03-10,1000,909,0.909,909,0.06397841138616663,0.09602048962259117,1.563350353707591e-17,1.0,-2.7770486321518546,4.479394998996214
2026-03-11,1000,910,0.91,910,0.06494505281085462,0.08660753011020195,-1.1712242897144509e-17,1.0000000000000007,-2.8209307706584426,4.641854895373178
2026-03-12,1000,910,0.91,910,0.00633701349690586,0.04195420511695551,3.904080965714836e-18,0.9999999999999997,-2.7003911902985402,4.25652242787762
2026-03-13,1000,910,0.91,910,0.02715582556481024,0.02108371570594665,-7.808161931429672e-18,0.9999999999999996,-2.7442195977053943,4.73155283703276
2026-03-16,1000,911,0.911,911,0.06550496737731394,-0.00712919153699336,0.0,1.0000000000000007,-3.125445468777824,4.172033746183636
2026-03-17,1000,912,0.912,912,-0.01978187758853236,-0.05407116857892326,-2.1425356615573195e-17,0.9999999999999994,-3.04656487470157,4.7181164097539865
2026-03-18,1000,912,0.912,911,-0.018385367016115702,-0.051876290924391506,2.1425356615573195e-17,0.9999999999999994,-2.920014448922052,4.498269200978874
2026-03-19,1000,910,0.91,909,-0.06732364994413874,-0.1371390743815619,-2.049642507000289e-17,0.9999999999999994,-2.970294925772247,4.412027571669203
2026-03-20,1000,909,0.909,907,-0.05933736825074752,-0.1901378510766676,2.1496067363479378e-17,0.9999999999999997,-3.1726843657192982,4.133731659765239
2026-03-23,1000,904,0.904,902,-0.05412031064694171,-0.18762775817879898,1.964996503761339e-17,0.9999999999999993,-3.207862427193831,3.9953448046210793
2026-03-24,1000,908,0.908,905,-0.03122003126477928,-0.16135411913290856,3.912680262996147e-18,0.9999999999999999,-3.06469872674644,4.655882562890724
2026-03-25,1000,910,0.91,907,0.05167445290383562,-0.08739360084358452,0.0,1.0000000000000013,-2.538534149979592,4.7818218875297
2026-03-26,1000,909,0.909,905,0.04831558794994041,-0.10734760817915741,7.816751768537955e-18,0.9999999999999996,-2.8228527894978357,4.609699889888164
2026-03-27,1000,910,0.91,908,0.06617099353146746,-0.04583065457600889,7.808161931429672e-18,0.999999999999999,-2.86648639917811,4.558646057336528
2026-03-30,1000,910,0.91,906,0.08279919464977346,0.0021673781622801604,-3.904080965714836e-18,1.0,-2.4072481745102654,4.1016687547211665
2026-03-31,1000,911,0.911,905,0.06482570397575631,-0.011793570762704163,0.0,0.9999999999999997,-2.4452792716467244,3.851988443167032
2026-04-01,1000,909,0.909,907,0.09675812963055758,-0.006854574894433341,3.126700707415182e-17,1.0000000000000004,-2.4436666835565184,4.313865179071555
2026-04-02,1000,910,0.91,909,0.03821633709846299,-0.07259750469338881,3.904080965714836e-18,1.0000000000000004,-2.6185566590533425,4.457197406472616
2026-04-03,1000,909,0.909,909,0.029996818825156733,-0.09590832402936994,-1.3679315594941422e-17,0.9999999999999998,-2.457924785411041,4.27258109499444
2026-04-07,1000,910,0.91,910,0.0473562896244219,-0.06313412451657122,1.3664283380001927e-17,1.0000000000000002,-2.6796427526344524,4.580467432078546
2026-04-08,1000,911,0.911,911,0.13339339018677923,0.03717875165803503,3.5098159285625145e-17,0.9999999999999993,-3.130543049233911,4.426633153234229
2026-04-09,1000,910,0.91,910,0.1538515270491497,0.053942993095478335,-4.6848971588578034e-17,0.9999999999999998,-3.170313927134059,4.751758972315056
2026-04-10,1000,910,0.91,910,0.22245011998064018,0.08088221705855388,4.4896931105720617e-17,1.0000000000000007,-3.1548478502512634,3.970073501461001
2026-04-13,1000,910,0.91,910,0.2428974614243716,0.10593092456184897,-2.3424485794289017e-17,0.9999999999999988,-2.933278278746635,3.9967034820992513
2026-04-14,1000,913,0.913,913,0.25143055285278076,0.13331867827013616,-1.7510636971086808e-17,0.9999999999999998,-3.0504599174754374,4.086325987101768
2026-04-15,1000,913,0.913,913,0.1795380983088197,0.07928291692532008,-5.836878990362269e-18,0.9999999999999993,-2.770008402386634,3.8451714507700854
2026-04-16,1000,912,0.912,912,0.1547729770218333,0.0795276763417498,-1.947759692324836e-18,0.9999999999999997,-2.637588841460551,4.133044978637982
2026-04-17,1000,913,0.913,912,0.21777777758382016,0.11789278009939312,-3.8912526602415124e-18,0.9999999999999991,-2.4824382817694626,4.3536452003217025
2026-04-20,1000,912,0.912,911,0.2190837292473867,0.12354163889925307,5.843279076974508e-18,1.0000000000000004,-2.4151468776807015,3.95309652152354
2026-04-21,1000,911,0.911,911,0.24044045742463294,0.13364493465908342,-1.1699386428541715e-17,0.9999999999999993,-2.8281584117090217,4.878521109791259
2026-04-22,1000,913,0.913,912,0.18427778140310574,0.10836921486900818,-1.556501064096605e-17,0.9999999999999996,-2.81520593087803,4.682600687225749
2026-04-23,1000,909,0.909,909,0.14302553239588506,0.059531965924064324,-1.563350353707591e-17,0.9999999999999993,-2.7001461350846534,4.599961592503726
2026-04-24,1000,910,0.91,908,0.12414327314923185,0.056292861223921936,-4.29448906228632e-17,1.0000000000000007,-2.6735606581772178,4.887785322334323
2026-04-27,1000,909,0.909,909,0.17359452749384718,0.08641784094803304,1.563350353707591e-17,1.0000000000000004,-2.4252746326960297,4.279863382019095
2026-04-28,1000,909,0.909,906,0.16739153773400406,0.056595067121321355,1.3679315594941422e-17,1.0,-2.5050949133546223,4.287323065766202
2026-04-29,1000,908,0.908,903,0.10522230209596192,0.047028695949846065,-1.9563401314980734e-18,1.0000000000000004,-2.6888480879928167,4.104692983892505
2026-04-30,1000,905,0.905,904,0.05699085428127415,0.016167932540580437,0.0,1.0,-2.578447410950438,4.3228261472617175
2026-05-06,1000,906,0.906,905,0.06884746811954479,0.036737757494479176,3.9213175262698686e-18,1.0000000000000007,-2.6519093878005098,4.037814412532776
2026-05-07,1000,909,0.909,909,0.10875756654859686,0.0697176465964358,-1.0748033681739689e-17,0.9999999999999991,-2.4293792330203017,4.204745521486619
2026-05-08,1000,909,0.909,909,0.04774928866299987,0.013213334694557708,-3.908375884268978e-18,1.0000000000000002,-2.280555788318939,4.336914732678467
2026-05-11,1000,910,0.91,910,0.10090375415220032,0.015057564187559517,1.3664283380001927e-17,0.9999999999999999,-2.511334320141004,4.481132193226752
2026-05-12,1000,908,0.908,908,0.1553852014421626,0.06269309450031406,3.912680262996147e-18,1.0000000000000002,-2.6075165994863063,4.528130452459059
2026-05-13,1000,909,0.909,909,0.14553992876421068,0.030345765369972647,0.0,0.9999999999999999,-2.5926896075790875,4.86977863775804
2026-05-14,1000,906,0.906,906,0.16609989784611243,0.06491892825820196,-3.9213175262698686e-18,0.9999999999999991,-2.946985467893188,4.190371873377518
2026-05-15,1000,904,0.904,904,0.1253154799786483,0.05497001227837325,1.964996503761339e-17,1.0000000000000013,-3.0038863951181214,3.805809146733728
2026-05-18,1000,904,0.904,904,0.16743847611962917,0.06506408934422739,-1.5719972030090712e-17,0.999999999999999,-3.010249544147658,4.261058087285142
2026-05-19,1000,904,0.904,904,0.18122302347006405,0.05420703643133783,3.929993007522678e-18,1.0000000000000007,-3.1133950959866477,4.246197114839449
2026-05-20,1000,902,0.902,902,0.20998841820083497,0.07238053715749451,-1.9693534804880827e-17,1.0000000000000013,-3.0268782399492653,4.522880503363936
2026-05-21,1000,900,0.9,900,0.23384046718387438,0.110989544888284,-2.3684757858670008e-17,1.0000000000000002,-3.1742080748006836,4.450211587120768
2026-05-22,1000,900,0.9,900,0.230846735175432,0.0834242031315134,-7.894919286223335e-18,0.9999999999999993,-3.434110338793318,4.600675822365558
2026-05-25,1000,900,0.9,900,0.216235894309547,0.08418236253717039,-9.86864910777917e-18,1.0,-3.3130381418347845,4.711540685538944
2026-05-26,1000,900,0.9,900,0.24918044567117725,0.06803819659351015,4.342205607422835e-17,0.9999999999999999,-3.4060629308480888,5.159848679869742
2026-05-27,1000,897,0.897,897,0.2527765779243454,0.09423777569627041,2.3763971095655524e-17,0.9999999999999997,-3.3730433965044555,5.114653787499894
2026-05-28,1000,896,0.896,895,0.28396647486507226,0.1253499654520426,-2.0816681711721685e-17,1.0000000000000007,-3.2075744591557562,5.481227220065376
2026-05-29,1000,895,0.895,893,0.2046291501550236,0.06965757750563145,0.0,0.9999999999999997,-3.2159133981797594,4.955541372988279
2026-06-01,1000,898,0.898,897,0.11573996587999079,-0.011412907139824442,-3.165001050156348e-17,1.0000000000000002,-2.9433239436189793,5.279061650840109
2026-06-02,1000,896,0.896,895,0.06636595232404792,-0.020710060954380625,3.766828119263924e-17,1.0,-2.874188587490275,4.694240116753683
2026-06-03,1000,895,0.895,894,0.13650233804402398,0.05137284172285049,3.374085616737906e-17,1.0000000000000004,-2.8320176030347857,4.81776991882043
2026-06-04,1000,895,0.895,895,0.15474329233163217,0.07925578477114564,1.9847562451399447e-17,0.9999999999999996,-2.874142855907783,5.023271698108713
2026-06-05,1000,895,0.895,895,0.10927898140654892,0.05267684737837243,3.7710368657658946e-17,0.9999999999999997,-2.692293205698856,4.814906313919607
2026-06-08,1000,892,0.892,892,0.06010583183540245,0.026145469142731335,-1.5931451474441708e-17,1.0000000000000009,-2.554336292798904,4.606103877126409
2026-06-09,1000,894,0.894,894,0.05185852445433345,0.04365635282457563,-1.986976330425336e-18,1.0000000000000002,-2.4786839895627955,4.54599990791574
2026-06-10,1000,891,0.891,891,0.05499120360522362,0.034684681392979026,-3.189866378272055e-17,0.9999999999999996,-2.2951158874413333,4.430607603762107
2026-06-11,1000,891,0.891,891,-0.01122516344131328,-0.011879854148204375,-3.987332972840069e-18,1.0,-2.2205982157616977,4.396801116587821
2026-06-12,1000,892,0.892,892,-0.01428640865184049,0.047041520678513936,-6.372580589776683e-17,1.0000000000000002,-2.520626194056503,4.497711391535643
2026-06-15,1000,892,0.892,892,0.004531068282292681,0.057743882268992436,1.5931451474441708e-17,1.0,-2.273083082680265,4.717300761016932
2026-06-16,1000,892,0.892,892,-0.11922176227129251,-0.03230932802730334,-4.779435442332513e-17,1.0,-2.766130082075868,4.911361427949251
2026-06-17,1000,892,0.892,892,-0.1949200651112143,-0.10374743674496144,-5.974294302915641e-18,0.9999999999999991,-2.636736849900262,4.983718403869135
2026-06-18,1000,890,0.89,890,-0.27956714092235224,-0.15431709953518324,2.993859841685815e-17,0.9999999999999992,-2.7913035078437654,5.192163856122332
2026-06-22,1000,892,0.892,892,-0.34265789366605276,-0.20818209178468733,-2.091003006020474e-17,1.0000000000000002,-2.604060398359264,5.240176874698047
2026-06-23,1000,892,0.892,892,-0.32809467718881785,-0.2258515132625443,1.3940020040136495e-17,1.0000000000000002,-2.424385527676706,4.66482981033795
2026-06-24,1000,890,0.89,889,-0.3877981446533065,-0.29089110225678577,0.0,1.0,-2.3217582275126545,4.962599883281443
2026-06-25,1000,889,0.889,888,-0.43946662227460315,-0.33611376493219125,-8.592052204073203e-17,0.9999999999999999,-2.4928107084659055,4.777757940824482
2026-06-26,1000,886,0.886,884,-0.43757107986655863,-0.299291697109361,-1.0024587129798253e-16,0.9999999999999994,-2.7814374085316076,4.756796669405188
2026-06-29,1000,884,0.884,883,-0.40058569643933717,-0.2818258860379498,-9.343958487795435e-17,0.9999999999999999,-3.1651526596982085,4.557423189216911
2026-06-30,1000,881,0.881,880,-0.450928966625118,-0.36029582636392565,8.46844350224864e-17,1.0000000000000002,-2.9769989446840097,4.470490791192471
2026-07-01,1000,889,0.889,889,-0.425168613420642,-0.34702244606457383,-3.59667301565855e-17,0.9999999999999997,-3.1606287683989565,4.363745068839915
2026-07-02,1000,886,0.886,886,-0.35782445550596015,-0.27065873263928303,-1.6039339407677204e-17,1.0000000000000004,-2.7923242875407714,4.0724416994659345
2026-07-03,1000,886,0.886,886,-0.23567816279471196,-0.19015701093793416,3.207867881535441e-17,1.0000000000000002,-2.5233594702336903,4.253810978349823
2026-07-06,1000,898,0.898,898,-0.15785618545524474,-0.15713668237537598,4.7475015752345225e-17,0.9999999999999992,-2.6462645795489,4.780938684959386
2026-07-07,1000,895,0.895,895,-0.17408548543857652,-0.17273739334322455,0.0,0.9999999999999996,-2.7876756276780053,4.080507293972412
2026-07-08,1000,894,0.894,894,-0.032477655888188926,-0.050560934907467346,-1.7882786973828024e-17,1.0000000000000009,-2.9317205905573256,3.8288663336171975
2026-07-09,1000,894,0.894,894,-0.1079801585596424,-0.08110105994016618,0.0,1.0000000000000009,-2.9483557709763777,3.9034523791973537
2026-07-10,1000,896,0.896,896,-0.0057308679668116435,0.0002511697887586347,6.740639792367021e-17,0.9999999999999996,-3.1549626954868017,3.623555443148591
2026-07-13,1000,895,0.895,894,-0.0034873293771819887,-0.03086218427989436,1.9847562451399445e-18,0.9999999999999997,-3.0097308665853757,3.8929317731863944
2026-07-14,1000,895,0.895,894,0.06485615473192939,0.06831098541802322,-4.961890612849861e-19,1.0000000000000009,-3.037278270869624,4.107236113448563
2026-07-15,1000,899,0.899,898,0.03475793976685436,0.004073729005809364,2.3711103529258072e-17,1.0,-3.218064785855,3.855001564055689
2026-07-16,1000,901,0.901,900,-0.009270888289564025,-0.03780608504131105,-2.168693144661793e-17,1.0000000000000002,-3.279748659787471,3.663578573936444
2026-07-17,1000,897,0.897,896,-0.1361749882037204,-0.1944515768531603,3.267546025652635e-17,1.0,-3.6013387412399007,3.445045992604379
2026-07-20,1000,898,0.898,897,-0.3706898316212038,-0.383089799824702,-9.890628281738588e-18,0.9999999999999996,-3.7026014172609014,3.3445780318239247
2026-07-21,1000,895,0.895,894,-0.29397249185214724,-0.3102676114376957,-7.939024980559778e-18,0.9999999999999991,-3.459067623186462,3.240295503984027
2026-07-22,1000,895,0.895,892,-0.23566606812145335,-0.25376272822317886,-1.0519208099241707e-16,0.9999999999999994,-3.4533248814793924,3.437843978005462
2026-07-23,1000,896,0.896,894,-0.17211904811525183,-0.21426855201495132,3.9650822308041306e-17,1.0,-3.7298091265370275,3.3645817006065006
2026-07-24,1000,892,0.892,890,-0.21061120712216685,-0.24576059954374127,2.3897177211662563e-17,1.0000000000000007,-3.7262882260923527,3.2169308946669886
2026-07-27,1000,897,0.897,896,-0.0541940688046097,-0.09877989303763751,-1.7822978321741644e-17,0.9999999999999994,-3.419539782443426,3.7663949483647494
2026-07-28,1000,898,0.898,896,-0.21056844752886925,-0.26747125980366027,-7.91250262539087e-18,1.0000000000000002,-3.6184031937372207,3.136830442845126
2026-07-29,1000,903,0.903,902,-0.2810371763054941,-0.31961346181268335,3.934345159247509e-18,1.0000000000000002,-3.857077211016546,3.111504413620402
2026-07-30,1000,904,0.904,903,-0.32975106218025496,-0.35540603877997917,-1.5719972030090712e-17,0.9999999999999999,-4.014867950686907,2.9626091764226796
2026-07-31,1000,907,0.907,906,-0.3131659576891536,-0.3146127407390347,3.916994133186881e-18,0.9999999999999992,-4.248339145481628,2.8530231063139513
2026-08-03,1000,908,0.908,907,-0.37943490945973446,-0.3059575261066623,1.173804078898844e-17,0.9999999999999991,-4.878362740916314,2.8635870553115206
2026-08-04,1000,904,0.904,904,-0.193576200736448,-0.14900153946675454,-3.929993007522678e-17,1.0000000000000007,-4.665912299406283,3.5282189395145345
2026-08-05,1000,904,0.904,904,-0.09239587675031302,-0.07170251899552058,6.8774877631646864e-18,1.0000000000000007,-3.9562293147360132,4.022146145002047
2026-08-06,1000,905,0.905,905,-0.04861726189585653,-0.03951372342783187,5.888475710719062e-17,1.0000000000000004,-2.9290455174566508,3.8994708513756673
2026-08-07,1000,905,0.905,905,-0.0700161398037708,-0.06304503576191485,-6.084758234409697e-17,0.9999999999999989,-2.4567218397582167,4.350835407294718
2026-08-10,1000,907,0.907,906,-0.045527257032960566,-0.059035568492185206,2.3501964799121286e-17,0.9999999999999991,-2.505083473629841,4.497374077099501
2026-08-11,1000,905,0.905,905,-0.10061716597975229,-0.0820908363517827,9.81412618453177e-18,1.0000000000000004,-2.5182079275590765,4.78324518148592
2026-08-12,1000,905,0.905,905,-0.14839873831297015,-0.13384575838409696,1.373977665834448e-17,0.9999999999999994,-2.6904753656960443,4.622947458195424
2026-08-13,1000,907,0.907,907,-0.1556741329317203,-0.16429777424070183,3.721144426527537e-17,0.9999999999999993,-2.4744750804622133,4.633944240694211
2026-08-14,1000,899,0.899,898,-0.14528755135908972,-0.1823263423273944,-4.7422207058516144e-17,1.0000000000000007,-2.7296218284695395,4.299117434590961
2026-08-17,1000,902,0.902,900,-0.17583249535326073,-0.18270357639640544,7.483543225854714e-17,0.999999999999999,-2.894065162668303,4.580018871794939
2026-08-18,1000,901,0.901,899,-0.10073449989265404,-0.15446266002448206,1.3800774556938684e-17,1.0,-2.788665582039485,4.77199988185471
