date,group,formed_count,valid_count,mean_forward_return
2023-01-03,1,181,181,0.07760890893433522
2023-01-03,2,181,181,0.07844318279152877
2023-01-03,3,181,181,0.08299932085698983
2023-01-03,4,181,181,0.07675580124552558
2023-01-03,5,180,180,0.03664471549711248
2023-01-04,1,181,181,0.07603316882414675
2023-01-04,2,181,181,0.06884135140113216
2023-01-04,3,181,181,0.06533166786722139
2023-01-04,4,181,181,0.040464704096779464
2023-01-04,5,181,181,0.02503959285649336
2023-01-05,1,182,182,0.07728978143073971
2023-01-05,2,181,181,0.07166103732142674
2023-01-05,3,181,181,0.07505449347306464
2023-01-05,4,181,181,0.060145385317735264
2023-01-05,5,181,181,0.036594189628100064
2023-01-06,1,182,181,0.06795637982404967
2023-01-06,2,181,181,0.06863823908708375
2023-01-06,3,181,181,0.06573080910196548
2023-01-06,4,181,181,0.061908691941018716
2023-01-06,5,181,181,0.03400594925022664
2023-01-09,1,181,181,0.07241501195763778
2023-01-09,2,181,181,0.08065346850096901
2023-01-09,3,181,181,0.0703187392001342
2023-01-09,4,181,181,0.07683029897583052
2023-01-09,5,181,181,0.03837721043861919
2023-01-10,1,181,181,0.07074676923153816
2023-01-10,2,181,181,0.08981357702765422
2023-01-10,3,181,181,0.07625971621766883
2023-01-10,4,181,181,0.07158245811805478
2023-01-10,5,181,181,0.031352181876336115
2023-01-11,1,181,181,0.07718239544940676
2023-01-11,2,181,181,0.09386173800183216
2023-01-11,3,180,180,0.08033860003568798
2023-01-11,4,181,181,0.07629411743216441
2023-01-11,5,180,179,0.04083470762048386
2023-01-12,1,181,181,0.06746283481937078
2023-01-12,2,180,180,0.06884530991549703
2023-01-12,3,181,181,0.06527073714256361
2023-01-12,4,180,180,0.05822719913965735
2023-01-12,5,180,180,0.020982014650320777
2023-01-13,1,181,181,0.06279936687149033
2023-01-13,2,180,180,0.05358291557456399
2023-01-13,3,181,181,0.05137873238011149
2023-01-13,4,180,180,0.04923630393964219
2023-01-13,5,180,180,0.0018172603425817922
2023-01-16,1,181,181,0.05832646842287119
2023-01-16,2,181,181,0.061379856809814275
2023-01-16,3,181,181,0.05963890042183482
2023-01-16,4,181,181,0.05589799731500195
2023-01-16,5,181,181,0.023329439563157358
2023-01-17,1,182,182,0.05286448937225633
2023-01-17,2,181,181,0.06424993655726495
2023-01-17,3,181,181,0.063615878405599
2023-01-17,4,181,181,0.055998999755941144
2023-01-17,5,181,181,0.0178167495860733
2023-01-18,1,182,182,0.06147944056834687
2023-01-18,2,182,182,0.0661425192417175
2023-01-18,3,182,182,0.06627386558665249
2023-01-18,4,182,182,0.053978797057593356
2023-01-18,5,181,181,0.028856524036271886
2023-01-19,1,182,182,0.05053357630500709
2023-01-19,2,181,181,0.04422727275761793
2023-01-19,3,182,182,0.053942792457495704
2023-01-19,4,181,181,0.045127674763461204
2023-01-19,5,181,181,0.012815541400912456
2023-01-20,1,183,183,0.021555107781695785
2023-01-20,2,182,182,0.02502843838130193
2023-01-20,3,183,183,0.014921891959095582
2023-01-20,4,182,182,0.027848795388850406
2023-01-20,5,182,182,-0.007311185012224656
2023-01-30,1,183,183,0.0341007823562711
2023-01-30,2,183,183,0.024930947463573144
2023-01-30,3,182,182,0.021157367052302593
2023-01-30,4,183,183,0.02328107590071517
2023-01-30,5,182,182,0.006156735910787953
2023-01-31,1,183,183,0.03289862209224888
2023-01-31,2,183,183,0.0281695589072667
2023-01-31,3,183,183,0.02378569281625637
2023-01-31,4,183,183,0.02500032237888692
2023-01-31,5,182,182,0.008206001652334453
2023-02-01,1,184,184,0.02122489795856286
2023-02-01,2,183,183,0.02910903773124088
2023-02-01,3,183,183,0.017958055130468564
2023-02-01,4,183,183,0.01646975836089362
2023-02-01,5,183,183,0.0002799822374252936
2023-02-02,1,184,184,0.021609916353511262
2023-02-02,2,183,183,0.02047926068361509
2023-02-02,3,184,184,0.02742784778955164
2023-02-02,4,183,183,0.01950226168920836
2023-02-02,5,183,183,0.010004378873476593
2023-02-03,1,184,184,0.023847971543896153
2023-02-03,2,184,183,0.033134091001662154
2023-02-03,3,184,184,0.03172475726270808
2023-02-03,4,184,184,0.03519420371676271
2023-02-03,5,183,183,0.01021681142643322
2023-02-06,1,184,184,0.022755320598119137
2023-02-06,2,184,183,0.030480189042403395
2023-02-06,3,183,183,0.024012176824889462
2023-02-06,4,184,184,0.029895845255286407
2023-02-06,5,183,183,0.013222465893332156
2023-02-07,1,184,184,-0.0037628256916305415
2023-02-07,2,184,183,0.0012608593677771419
2023-02-07,3,184,184,-0.0018873202816450893
2023-02-07,4,184,184,0.010128548114987989
2023-02-07,5,183,183,-0.013425919648630968
2023-02-08,1,184,184,0.01711763678970407
2023-02-08,2,184,183,0.015534637312167523
2023-02-08,3,184,184,0.02568031119983743
2023-02-08,4,184,184,0.020720562249754045
2023-02-08,5,183,183,0.0018470127227498566
2023-02-09,1,185,185,-0.009330390043179423
2023-02-09,2,184,183,-0.003404061568890756
2023-02-09,3,184,184,-0.004751622658622366
2023-02-09,4,184,184,-0.00418083922959592
2023-02-09,5,184,184,-0.014960160783879498
2023-02-10,1,185,185,-0.023912892444567253
2023-02-10,2,184,184,-0.02049571345315987
2023-02-10,3,184,184,-0.008811474022472262
2023-02-10,4,184,184,-0.010902729231303082
2023-02-10,5,184,184,-0.02189980407271234
2023-02-13,1,184,184,-0.03497664252723489
2023-02-13,2,184,184,-0.009778318525872392
2023-02-13,3,184,184,-0.017010920922585892
2023-02-13,4,184,184,-0.017215365292957467
2023-02-13,5,184,184,-0.021112594438416198
2023-02-14,1,185,185,-0.041648247348560444
2023-02-14,2,184,184,-0.017690481787101905
2023-02-14,3,184,184,-0.02185598377429949
2023-02-14,4,184,184,-0.01871423820111966
2023-02-14,5,184,184,-0.027315219120661247
2023-02-15,1,185,185,-0.04904709387484785
2023-02-15,2,184,184,-0.01627621523547296
2023-02-15,3,185,185,-0.02166228442121877
2023-02-15,4,184,184,-0.02065204422205722
2023-02-15,5,184,184,-0.03053608344281341
2023-02-16,1,185,185,-0.040372357185267264
2023-02-16,2,184,184,-0.012750005583791815
2023-02-16,3,185,185,-0.004004062552923378
2023-02-16,4,184,184,-0.0017410084143646572
2023-02-16,5,184,184,-0.014039082846560713
2023-02-17,1,185,185,-0.021891072269542095
2023-02-17,2,184,184,-0.01060087222259108
2023-02-17,3,185,185,0.009596374258742506
2023-02-17,4,184,184,0.009826552977916484
2023-02-17,5,184,184,-0.01358119417171581
2023-02-20,1,186,186,-0.0460998037038652
2023-02-20,2,185,185,-0.025522935446416428
2023-02-20,3,185,185,-0.024718587506765772
2023-02-20,4,185,185,-0.0009466896459153749
2023-02-20,5,185,185,-0.03685478539006563
2023-02-21,1,187,187,-0.030597879280040225
2023-02-21,2,186,186,-0.012634095174120251
2023-02-21,3,186,186,-0.014410280692557405
2023-02-21,4,186,186,0.0055663257754893026
2023-02-21,5,186,186,-0.017506694041121103
2023-02-22,1,186,186,-0.030126133415340654
2023-02-22,2,186,186,-0.025844220558869396
2023-02-22,3,186,186,-0.002021198022440464
2023-02-22,4,186,186,-0.003214260483522112
2023-02-22,5,186,186,-0.014745833614632487
2023-02-23,1,186,186,-0.019337394410211102
2023-02-23,2,186,186,-0.007190085459167376
2023-02-23,3,186,186,0.003528813737783741
2023-02-23,4,186,186,0.012453206978238525
2023-02-23,5,185,185,-0.00478122793679752
2023-02-24,1,186,186,-0.01029818968181866
2023-02-24,2,186,186,-0.003645715805536267
2023-02-24,3,186,186,0.014052305402698745
2023-02-24,4,186,186,0.011894230312494867
2023-02-24,5,185,185,0.001837483823309311
2023-02-27,1,185,185,-0.01394637177293086
2023-02-27,2,185,185,0.002297749660030858
2023-02-27,3,185,185,0.0033715572145736395
2023-02-27,4,185,185,0.021749090637129025
2023-02-27,5,184,184,0.0032786146962270986
2023-02-28,1,186,186,-0.024567307535415455
2023-02-28,2,185,185,-0.015288458282340819
2023-02-28,3,186,186,-0.0037184399912153234
2023-02-28,4,185,185,0.0043115381932186765
2023-02-28,5,185,185,-0.002410019982458717
2023-03-01,1,186,186,-0.04191514988264367
2023-03-01,2,186,186,-0.024187127061095017
2023-03-01,3,186,186,-0.024383243513757657
2023-03-01,4,186,186,-0.015378239815676296
2023-03-01,5,186,186,-0.004993693569171803
2023-03-02,1,186,186,-0.03157545664813434
2023-03-02,2,186,186,-0.020562915806442584
2023-03-02,3,186,186,-0.026034844557786894
2023-03-02,4,186,186,-0.022822238698706813
2023-03-02,5,186,186,-0.0026844067180142703
2023-03-03,1,187,187,-0.021779323828111177
2023-03-03,2,186,186,-0.02548496207543818
2023-03-03,3,186,185,-0.008809532176383607
2023-03-03,4,186,186,-0.02012090459495888
2023-03-03,5,186,186,0.012479031515096523
2023-03-06,1,186,186,-0.011314997678362994
2023-03-06,2,186,186,-0.001437941699407776
2023-03-06,3,186,186,-0.005693544393667112
2023-03-06,4,186,186,-0.003484935513586526
2023-03-06,5,185,185,0.03007458496799458
2023-03-07,1,186,186,0.0012480305364124518
2023-03-07,2,185,185,0.017060080653414984
2023-03-07,3,186,186,0.012927965068053729
2023-03-07,4,185,185,0.012770516508738236
2023-03-07,5,185,185,0.05653597734331489
2023-03-08,1,186,186,0.005089998946486111
2023-03-08,2,186,186,0.002647482312028705
2023-03-08,3,185,185,0.015045440450406754
2023-03-08,4,186,186,0.006609272311672087
2023-03-08,5,185,185,0.05084725334894617
2023-03-09,1,186,186,0.0371896204004455
2023-03-09,2,186,186,0.03623102634194608
2023-03-09,3,185,185,0.006182177672917519
2023-03-09,4,186,186,0.026470629356958156
2023-03-09,5,185,185,0.058730864155147236
2023-03-10,1,185,185,0.02698698859692415
2023-03-10,2,185,185,0.030578013315940605
2023-03-10,3,184,184,0.024734356478865842
2023-03-10,4,185,185,0.018414238708473665
2023-03-10,5,184,184,0.05482278485542532
2023-03-13,1,185,185,0.017417400456622247
2023-03-13,2,184,184,0.022926977350461945
2023-03-13,3,185,185,0.015495265427987268
2023-03-13,4,184,184,0.031244387254041127
2023-03-13,5,184,184,0.05036844289104196
2023-03-14,1,185,185,0.027972862795560088
2023-03-14,2,184,184,0.03636584162140912
2023-03-14,3,185,185,0.02205678773936506
2023-03-14,4,184,184,0.026050588029344682
2023-03-14,5,184,184,0.07105008688882719
2023-03-15,1,185,185,0.03722944383211641
2023-03-15,2,185,185,0.024860759710117728
2023-03-15,3,185,185,0.017981481142531203
2023-03-15,4,185,185,0.024337754068754654
2023-03-15,5,185,185,0.06825510511776907
2023-03-16,1,185,185,0.03837499881932389
2023-03-16,2,184,184,0.0320585577228667
2023-03-16,3,184,184,0.020393531133672024
2023-03-16,4,184,184,0.03201844298373171
2023-03-16,5,184,183,0.06206139598277857
2023-03-17,1,185,185,0.037895859799657435
2023-03-17,2,184,184,0.02422555454112463
2023-03-17,3,185,185,0.025596733430385946
2023-03-17,4,184,184,0.037703824091718484
2023-03-17,5,184,184,0.059446184253649205
2023-03-20,1,185,185,0.02672452115342733
2023-03-20,2,184,184,0.03222172237999756
2023-03-20,3,184,184,0.030101004945688146
2023-03-20,4,184,184,0.03724652202961314
2023-03-20,5,184,184,0.06921255688353371
2023-03-21,1,185,185,0.007544059924780858
2023-03-21,2,184,184,0.004900421896710421
2023-03-21,3,185,185,0.010427151364777464
2023-03-21,4,184,184,0.017448006449797826
2023-03-21,5,184,184,0.064415407324271
2023-03-22,1,185,185,-0.0008443206931453434
2023-03-22,2,185,185,0.002501319791251585
2023-03-22,3,184,184,0.003504888988682374
2023-03-22,4,185,185,0.019632028812255654
2023-03-22,5,184,184,0.0668828606138664
2023-03-23,1,185,185,-0.037100015986270427
2023-03-23,2,184,184,-0.023946851866405106
2023-03-23,3,184,184,-0.022975327685699664
2023-03-23,4,184,184,-0.020938724146875524
2023-03-23,5,184,184,0.031244498388395877
2023-03-24,1,185,185,-0.018074644622599133
2023-03-24,2,185,185,-0.030525755964585205
2023-03-24,3,185,185,-0.030737147267226293
2023-03-24,4,185,185,-0.030708732120293836
2023-03-24,5,184,184,0.013996216701056696
2023-03-27,1,184,184,-0.045352931764769
2023-03-27,2,184,184,-0.037433875377808734
2023-03-27,3,183,183,-0.05605368086016084
2023-03-27,4,184,184,-0.015327235668464051
2023-03-27,5,183,183,-0.023417232535478328
2023-03-28,1,184,184,-0.033937057352017644
2023-03-28,2,183,182,-0.03031274418674548
2023-03-28,3,184,183,-0.03307241101777771
2023-03-28,4,183,183,-0.025648515890564372
2023-03-28,5,183,182,-0.02045242175245539
2023-03-29,1,183,182,-0.024641354201203617
2023-03-29,2,182,182,-0.02690451414920247
2023-03-29,3,183,182,-0.014369266807468188
2023-03-29,4,182,182,-0.017861924844091045
2023-03-29,5,182,182,-0.018150055275933327
2023-03-30,1,182,182,-0.01271866514023716
2023-03-30,2,182,181,-0.012036071312760304
2023-03-30,3,182,182,-0.004181151759932604
2023-03-30,4,182,181,-0.018443082257543958
2023-03-30,5,182,182,0.007201057505496578
2023-03-31,1,182,182,-0.0284162860776246
2023-03-31,2,182,182,-0.011716415603692349
2023-03-31,3,181,181,-0.00756668156101971
2023-03-31,4,182,181,-0.0004089176452136855
2023-03-31,5,181,181,0.002857277652073654
2023-04-03,1,182,182,-0.02652339026091675
2023-04-03,2,182,182,-0.03654133687190281
2023-04-03,3,182,181,-0.03464051912309202
2023-04-03,4,182,182,-0.011552661941061141
2023-04-03,5,182,182,-0.0240099941196575
2023-04-04,1,183,183,-0.02143681837522403
2023-04-04,2,182,182,-0.02766030826951836
2023-04-04,3,182,181,-0.01828016039737966
2023-04-04,4,182,182,-0.007719451050553555
2023-04-04,5,182,182,-0.011474917279772165
2023-04-06,1,183,183,-0.04406573869857024
2023-04-06,2,182,182,-0.03695401456789554
2023-04-06,3,182,181,-0.019619873110487292
2023-04-06,4,182,182,-0.013695631529747657
2023-04-06,5,182,181,-0.047544675197458156
2023-04-07,1,183,183,-0.042033662596821654
2023-04-07,2,182,181,-0.03722837277612203
2023-04-07,3,182,182,-0.03008553324341964
2023-04-07,4,182,182,-0.028929209780102286
2023-04-07,5,182,181,-0.054109836786539425
2023-04-10,1,182,182,-0.025012027025957017
2023-04-10,2,182,182,-0.033542496411074395
2023-04-10,3,182,181,-0.016636643990226716
2023-04-10,4,182,182,-0.031084321513270022
2023-04-10,5,181,180,-0.04222556077776307
2023-04-11,1,183,183,-0.05050033512623505
2023-04-11,2,182,182,-0.04151214750393536
2023-04-11,3,182,182,-0.03471884400832785
2023-04-11,4,182,181,-0.04140125425708139
2023-04-11,5,182,181,-0.06102166873167784
2023-04-12,1,184,184,-0.04834524966708304
2023-04-12,2,183,183,-0.045689172113915016
2023-04-12,3,183,183,-0.024180597759379797
2023-04-12,4,183,183,-0.028812165129222297
2023-04-12,5,183,182,-0.05535712214373582
2023-04-13,1,184,184,-0.06512972327384378
2023-04-13,2,183,183,-0.045252616317252546
2023-04-13,3,184,184,-0.029290740990330223
2023-04-13,4,183,183,-0.052776519525932056
2023-04-13,5,183,182,-0.05623409395698312
2023-04-14,1,184,184,-0.05864575004081416
2023-04-14,2,183,183,-0.03747920099674984
2023-04-14,3,184,184,-0.02672723614375926
2023-04-14,4,183,183,-0.04076226422020238
2023-04-14,5,183,181,-0.05291203654029625
2023-04-17,1,184,184,-0.0617375754452046
2023-04-17,2,183,183,-0.04546069404858555
2023-04-17,3,184,184,-0.033244181396373106
2023-04-17,4,183,183,-0.05444584417395046
2023-04-17,5,183,182,-0.04911533120379816
2023-04-18,1,184,184,-0.05725477996473551
2023-04-18,2,183,183,-0.045548935560222485
2023-04-18,3,184,184,-0.03858719358524629
2023-04-18,4,183,183,-0.05234230483223144
2023-04-18,5,183,182,-0.040302430215538754
2023-04-19,1,183,183,-0.04242586505763993
2023-04-19,2,183,183,-0.04352664452445575
2023-04-19,3,183,183,-0.03852868961698336
2023-04-19,4,183,183,-0.030160239940328813
2023-04-19,5,183,182,-0.04398092196041665
2023-04-20,1,183,183,-0.051408742811050345
2023-04-20,2,183,183,-0.04459917519254628
2023-04-20,3,183,183,-0.038272849182576923
2023-04-20,4,183,183,-0.04430628884753437
2023-04-20,5,183,183,-0.06623068309285407
2023-04-21,1,183,183,-0.034651904921653404
2023-04-21,2,182,182,-0.026406327143837904
2023-04-21,3,182,182,-0.024638422376688028
2023-04-21,4,182,182,-0.028642735751899254
2023-04-21,5,182,182,-0.04286579408572237
2023-04-24,1,183,183,-0.027806943365209023
2023-04-24,2,182,182,-0.02847559359458582
2023-04-24,3,182,182,-0.022352083433345174
2023-04-24,4,182,182,-0.02288356965401758
2023-04-24,5,182,182,-0.0370478273523869
2023-04-25,1,183,183,-0.004924087551909197
2023-04-25,2,182,182,-0.0006941470233657156
2023-04-25,3,182,182,0.012763872089924733
2023-04-25,4,182,182,0.0038723161554228462
2023-04-25,5,182,182,-0.007794675716909129
2023-04-26,1,183,182,-0.015261152197704983
2023-04-26,2,182,182,-0.0011015814688917725
2023-04-26,3,183,183,-0.005357888551765455
2023-04-26,4,182,182,-0.005066503895575876
2023-04-26,5,182,181,-0.018990063316884524
2023-04-27,1,182,181,-0.00744899809477063
2023-04-27,2,182,182,-0.0077748467731695295
2023-04-27,3,182,182,-0.006626191799336584
2023-04-27,4,182,182,-0.013985463334522783
2023-04-27,5,182,182,-0.010136371053573933
2023-04-28,1,183,183,-0.027621074476227726
2023-04-28,2,183,183,-0.026111195547708244
2023-04-28,3,182,181,-0.02128889094336637
2023-04-28,4,183,183,-0.02743957488502017
2023-04-28,5,182,182,-0.02381212679537237
2023-05-04,1,183,183,-0.023560234969114763
2023-05-04,2,183,183,-0.01774744691763918
2023-05-04,3,182,182,-0.02909783520868787
2023-05-04,4,183,183,-0.02859946664016321
2023-05-04,5,182,182,-0.03347191891094922
2023-05-05,1,183,183,0.008124509986907398
2023-05-05,2,183,183,-0.013495545059445389
2023-05-05,3,182,182,-0.008358983988266304
2023-05-05,4,183,183,-0.014042719381477496
2023-05-05,5,182,182,-0.031746349398730306
2023-05-08,1,184,184,-0.0005360388028028407
2023-05-08,2,183,183,-0.017773313895904384
2023-05-08,3,184,184,-0.01704088995068856
2023-05-08,4,183,183,-0.028169056590469314
2023-05-08,5,183,183,-0.03194748457935506
2023-05-09,1,184,184,-0.008298823208400726
2023-05-09,2,183,183,-0.017571639985777657
2023-05-09,3,183,183,-0.023010113427742965
2023-05-09,4,183,183,-0.0311641548258647
2023-05-09,5,183,182,-0.038788991101535684
2023-05-10,1,183,183,-0.003142551747101442
2023-05-10,2,183,183,-0.02567971959555753
2023-05-10,3,183,183,-0.02841902713293296
2023-05-10,4,183,182,-0.03063502680014742
2023-05-10,5,183,183,-0.03378452667384893
2023-05-11,1,184,184,-0.00585378542608501
2023-05-11,2,183,183,-0.021411875682374525
2023-05-11,3,183,183,-0.020090103895086753
2023-05-11,4,183,182,-0.028682093852903823
2023-05-11,5,183,183,-0.03168064748835258
2023-05-12,1,183,183,0.018837825357080795
2023-05-12,2,183,183,-0.004709750926312391
2023-05-12,3,183,183,-0.01665928818810802
2023-05-12,4,183,182,-0.014397052878635503
2023-05-12,5,182,182,-0.020393956320296946
2023-05-15,1,183,183,0.017118243763231084
2023-05-15,2,183,183,-0.0036550679282262464
2023-05-15,3,183,183,-0.020827038853633576
2023-05-15,4,183,182,-0.012891019433436035
2023-05-15,5,183,183,-0.02309027869796165
2023-05-16,1,183,183,0.04067009192157992
2023-05-16,2,183,183,0.014242796141504952
2023-05-16,3,182,182,-0.0035808750709029067
2023-05-16,4,183,182,0.0020987489505882237
2023-05-16,5,182,182,-0.007680629742474596
2023-05-17,1,183,183,0.028486451012308074
2023-05-17,2,182,182,0.005755687080167998
2023-05-17,3,183,183,-0.007328147151547268
2023-05-17,4,182,181,-0.002754207798485811
2023-05-17,5,182,181,-0.006200597888117274
2023-05-18,1,183,183,0.03242605758553062
2023-05-18,2,182,182,0.009758953254407893
2023-05-18,3,182,181,-0.0032039678004032266
2023-05-18,4,182,182,0.00031621522482472845
2023-05-18,5,182,181,0.012100621151043532
2023-05-19,1,182,182,0.039508307663045805
2023-05-19,2,182,182,0.01862455456044839
2023-05-19,3,181,181,0.00825947584305714
2023-05-19,4,182,182,0.00808854397962714
2023-05-19,5,181,180,0.012941790275682244
2023-05-22,1,182,182,0.0390416340763692
2023-05-22,2,181,181,0.0027494020251077078
2023-05-22,3,182,182,0.010999152606463758
2023-05-22,4,181,181,-0.003658936150831284
2023-05-22,5,181,180,0.01731577665516385
2023-05-23,1,181,181,0.057999815129723895
2023-05-23,2,181,181,0.022365399145795748
2023-05-23,3,181,181,0.0029154791959608833
2023-05-23,4,181,181,0.003227198442740392
2023-05-23,5,180,180,0.03652889839913041
2023-05-24,1,181,181,0.02545752819275434
2023-05-24,2,181,181,0.0005126531465480758
2023-05-24,3,181,181,0.005963467419940184
2023-05-24,4,181,181,-0.004054254537726564
2023-05-24,5,180,180,0.006129233012447312
2023-05-25,1,181,181,-0.0006234555013911621
2023-05-25,2,181,181,0.0016708488221018382
2023-05-25,3,181,181,-0.011635787360925605
2023-05-25,4,181,181,-0.009880317617233545
2023-05-25,5,180,180,0.006206580898283567
2023-05-26,1,181,181,0.008855534954029104
2023-05-26,2,181,181,-0.002317398502193506
2023-05-26,3,181,181,-0.003391173240719435
2023-05-26,4,181,181,-0.008323332722310943
2023-05-26,5,181,181,0.01279936841002902
2023-05-29,1,181,181,0.007204352832055589
2023-05-29,2,181,181,0.00336500666247977
2023-05-29,3,180,180,0.0029408243340285018
2023-05-29,4,181,181,-0.005265512141565873
2023-05-29,5,180,180,0.011277296706994575
2023-05-30,1,181,181,0.00580268333429108
2023-05-30,2,180,180,0.0018103252065736874
2023-05-30,3,181,181,0.0005123384175070579
2023-05-30,4,180,180,-0.0028664247620809598
2023-05-30,5,180,180,0.016986619445966564
2023-05-31,1,180,180,0.025466145129545866
2023-05-31,2,180,180,0.020856472985049668
2023-05-31,3,180,180,0.01743420195424583
2023-05-31,4,180,180,0.012550862315708535
2023-05-31,5,180,180,0.032461143970452175
2023-06-01,1,181,181,0.03342199977394772
2023-06-01,2,180,180,0.01751385216958791
2023-06-01,3,180,180,0.01341710140681959
2023-06-01,4,180,180,0.017115991309364222
2023-06-01,5,180,179,0.021939949635013754
2023-06-02,1,181,181,0.01410575867841823
2023-06-02,2,180,180,0.0096697738928905
2023-06-02,3,180,180,0.011812055418016179
2023-06-02,4,180,180,0.011785568507374933
2023-06-02,5,180,179,0.01889648917863608
2023-06-05,1,180,180,0.008419247283052841
2023-06-05,2,180,180,0.0044613009166385685
2023-06-05,3,180,180,0.009102529312509655
2023-06-05,4,180,180,0.007137479974145696
2023-06-05,5,179,178,0.003837474160792363
2023-06-06,1,180,180,0.017070798750449357
2023-06-06,2,179,179,0.027141445392933675
2023-06-06,3,180,180,0.020414514972450906
2023-06-06,4,179,179,0.006294905611795317
2023-06-06,5,179,179,0.028369143183209714
2023-06-07,1,180,180,0.027842447896560357
2023-06-07,2,179,179,0.026906950526992202
2023-06-07,3,179,179,0.020490743204325586
2023-06-07,4,179,179,0.014706730523374992
2023-06-07,5,179,178,0.013000546360791239
2023-06-08,1,180,180,0.027420732722992072
2023-06-08,2,179,179,0.0236681887297485
2023-06-08,3,180,180,0.018830357062099293
2023-06-08,4,179,179,0.013840846702855025
2023-06-08,5,179,179,0.009773796547819558
2023-06-09,1,179,179,0.03493333450451859
2023-06-09,2,179,179,0.030136799934024076
2023-06-09,3,179,179,0.02308299698130261
2023-06-09,4,179,179,0.010390630090975423
2023-06-09,5,179,179,0.013270892950067132
2023-06-12,1,180,180,0.0011190269170122244
2023-06-12,2,179,179,0.013734743614441323
2023-06-12,3,179,179,0.02016035125838366
2023-06-12,4,179,179,0.0093855930534086
2023-06-12,5,179,179,-0.009803368136041152
2023-06-13,1,180,180,0.016255717127509207
2023-06-13,2,180,180,0.010116190227173543
2023-06-13,3,179,179,0.018390336631036116
2023-06-13,4,180,180,0.012291502904931603
2023-06-13,5,179,179,0.006487225986913063
2023-06-14,1,179,179,0.014119055884568724
2023-06-14,2,179,179,0.008280373058820208
2023-06-14,3,179,179,0.007064306778403817
2023-06-14,4,179,179,0.006659520332212638
2023-06-14,5,179,179,-0.0014339255393393507
2023-06-15,1,180,180,0.004587012601303838
2023-06-15,2,179,179,0.00036088396307638453
2023-06-15,3,179,179,0.0004170350055517454
2023-06-15,4,179,179,-0.0017829673984995661
2023-06-15,5,179,179,-0.005397864559755014
2023-06-16,1,180,180,-0.008146038953034458
2023-06-16,2,180,180,0.003501096181061105
2023-06-16,3,179,179,-0.009473403289609118
2023-06-16,4,180,180,-0.014414351971907534
2023-06-16,5,179,179,-0.017496566700781008
2023-06-19,1,180,180,-0.005072144891745252
2023-06-19,2,180,180,0.0054878822431505235
2023-06-19,3,179,179,0.005717116117220388
2023-06-19,4,180,180,-0.003581307993211174
2023-06-19,5,179,179,-0.021823824498158385
2023-06-20,1,180,180,-0.00978121961652595
2023-06-20,2,180,180,-0.0001921625848192067
2023-06-20,3,179,179,0.0032461751779802486
2023-06-20,4,180,180,-0.00894261809381013
2023-06-20,5,179,179,-0.04644511924604599
2023-06-21,1,180,180,0.009977108065943653
2023-06-21,2,180,180,0.02595022280532288
2023-06-21,3,180,180,0.019235421111833902
2023-06-21,4,180,180,0.013420837473199134
2023-06-21,5,180,180,-0.02401307521615754
2023-06-26,1,181,181,0.03764834552416964
2023-06-26,2,180,180,0.02983606821575384
2023-06-26,3,180,180,0.05068077187011881
2023-06-26,4,180,180,0.03600366567284637
2023-06-26,5,180,180,0.0029202915806660038
2023-06-27,1,181,181,0.012035624085366906
2023-06-27,2,181,181,0.03598470058664562
2023-06-27,3,181,181,0.04691420377587934
2023-06-27,4,181,181,0.03319022278701058
2023-06-27,5,180,180,-0.003073543265162389
2023-06-28,1,181,181,0.017845870880289088
2023-06-28,2,180,180,0.03579803444299086
2023-06-28,3,181,181,0.04979007452266766
2023-06-28,4,180,180,0.0371915839240019
2023-06-28,5,180,180,-0.01789523538488603
2023-06-29,1,181,181,0.008827031538737616
2023-06-29,2,180,180,0.034626860932805884
2023-06-29,3,181,181,0.03839780784681281
2023-06-29,4,180,180,0.017367412502399707
2023-06-29,5,180,180,-0.037897518504161405
2023-06-30,1,182,182,0.01334022805533234
2023-06-30,2,181,181,0.033201662085093946
2023-06-30,3,181,181,0.054377881791210524
2023-06-30,4,181,181,0.03710850293569273
2023-06-30,5,181,181,-0.04193393662918368
2023-07-03,1,182,181,0.002451201714250016
2023-07-03,2,181,181,0.03704698026671022
2023-07-03,3,182,182,0.04246306267366218
2023-07-03,4,181,181,0.037221790100095554
2023-07-03,5,181,181,-0.030642081367186845
2023-07-04,1,182,182,-0.007512277462505203
2023-07-04,2,181,181,0.035738157298226526
2023-07-04,3,181,181,0.04877899070562091
2023-07-04,4,181,181,0.020396657925619423
2023-07-04,5,181,181,-0.030086805516177508
2023-07-05,1,180,180,0.00229340681931558
2023-07-05,2,180,180,0.0365203021322977
2023-07-05,3,180,180,0.045570058511270724
2023-07-05,4,180,180,0.027798166294550217
2023-07-05,5,180,180,-0.02678804080654261
2023-07-06,1,180,180,0.020174197024464813
2023-07-06,2,180,180,0.04631546644057674
2023-07-06,3,180,180,0.069189953447328
2023-07-06,4,180,180,0.04122336210906398
2023-07-06,5,179,179,-0.019639730533796484
2023-07-07,1,181,181,0.022218917575213545
2023-07-07,2,180,180,0.040326426588807494
2023-07-07,3,180,180,0.054638099166418624
2023-07-07,4,180,180,0.02750895253992081
2023-07-07,5,180,180,-0.01061331333185795
2023-07-10,1,180,180,0.012343513035945709
2023-07-10,2,180,180,0.031887405284471704
2023-07-10,3,180,180,0.04605812540959711
2023-07-10,4,180,180,0.021587224036846864
2023-07-10,5,180,180,-0.0035994504324164214
2023-07-11,1,180,180,-0.0004752374539716294
2023-07-11,2,180,180,0.027955976600276718
2023-07-11,3,180,180,0.030521581388508096
2023-07-11,4,180,180,0.01701757930352981
2023-07-11,5,180,180,-0.015097324794930615
2023-07-12,1,180,180,-0.003137802657417418
2023-07-12,2,179,179,0.025710605052282485
2023-07-12,3,180,180,0.04708435873358684
2023-07-12,4,179,179,0.014257000410223736
2023-07-12,5,179,179,-0.01704835717318334
2023-07-13,1,180,180,-0.01206719814025388
2023-07-13,2,180,180,0.025507196711317206
2023-07-13,3,180,180,0.02929495799420241
2023-07-13,4,180,180,0.00836012436481958
2023-07-13,5,179,179,-0.018023291771719102
2023-07-14,1,180,180,-0.03532516990552091
2023-07-14,2,179,179,-0.0023294538120869953
2023-07-14,3,180,180,-0.0007719560894059741
2023-07-14,4,179,179,-0.004269747282251746
2023-07-14,5,179,179,-0.047100429312250315
2023-07-17,1,180,180,-0.021503058233315213
2023-07-17,2,179,179,5.900441490912133e-06
2023-07-17,3,180,180,0.011054050446185458
2023-07-17,4,179,179,-0.0013364702957145026
2023-07-17,5,179,179,-0.031353845701580126
2023-07-18,1,180,180,-0.036022057794723936
2023-07-18,2,179,179,-0.0025945263810952727
2023-07-18,3,180,180,0.008714553401814316
2023-07-18,4,179,179,-0.0110457514454172
2023-07-18,5,179,179,-0.03415330080935249
2023-07-19,1,180,180,-0.050324730793993175
2023-07-19,2,179,179,-0.019830581540841823
2023-07-19,3,179,179,-0.0032700553239050235
2023-07-19,4,179,179,-0.013111006315779312
2023-07-19,5,179,179,-0.04012435142604038
2023-07-20,1,179,179,-0.02798569579834634
2023-07-20,2,179,179,0.0010553585522930376
2023-07-20,3,179,179,0.017274250177151524
2023-07-20,4,179,179,0.007293720019320027
2023-07-20,5,179,179,-0.009142204090816168
2023-07-21,1,180,180,-0.04110273500239206
2023-07-21,2,179,179,-0.02449405857097326
2023-07-21,3,180,180,-0.005908079523915085
2023-07-21,4,179,179,-0.006313850348678151
2023-07-21,5,179,179,-0.029621306955369315
2023-07-24,1,180,180,-0.05873726303020644
2023-07-24,2,179,179,-0.03498832725389569
2023-07-24,3,179,179,-0.03068385299644664
2023-07-24,4,179,179,-0.02256410842779947
2023-07-24,5,179,179,-0.04235140408450564
2023-07-25,1,180,180,-0.06347249560322275
2023-07-25,2,180,180,-0.04154954606684624
2023-07-25,3,180,180,-0.035258439669801286
2023-07-25,4,180,180,-0.039896293701913936
2023-07-25,5,180,180,-0.041590871743549016
2023-07-26,1,182,182,-0.06595651170270585
2023-07-26,2,182,182,-0.04936946873828582
2023-07-26,3,181,181,-0.051187859059011416
2023-07-26,4,182,182,-0.04771306230977137
2023-07-26,5,181,181,-0.0476005778968555
2023-07-27,1,182,182,-0.06470725966228554
2023-07-27,2,182,182,-0.04605125377347029
2023-07-27,3,182,182,-0.05245261271464501
2023-07-27,4,182,182,-0.04388888444901284
2023-07-27,5,181,181,-0.03916085077261087
2023-07-28,1,183,183,-0.03549685636317913
2023-07-28,2,182,182,-0.031709499565877854
2023-07-28,3,182,182,-0.025872834112889577
2023-07-28,4,182,182,-0.03207144943872858
2023-07-28,5,182,182,-0.022054204498764073
2023-07-31,1,183,183,-0.07063723985230798
2023-07-31,2,183,183,-0.07400360032843178
2023-07-31,3,182,182,-0.07645416512015865
2023-07-31,4,183,182,-0.07585148727936032
2023-07-31,5,182,182,-0.06553102062101475
2023-08-01,1,183,183,-0.042480992010458934
2023-08-01,2,183,183,-0.05076188230365241
2023-08-01,3,182,182,-0.04567108400465383
2023-08-01,4,183,182,-0.04835318329047594
2023-08-01,5,182,182,-0.049453511030026695
2023-08-02,1,184,184,-0.036215912871354936
2023-08-02,2,183,183,-0.04530243240209619
2023-08-02,3,183,183,-0.043377570684777315
2023-08-02,4,183,183,-0.05552169077520199
2023-08-02,5,183,182,-0.0486294374791352
2023-08-03,1,183,183,-0.048668235884764384
2023-08-03,2,183,183,-0.05480664696548105
2023-08-03,3,183,183,-0.04878819507290404
2023-08-03,4,183,182,-0.06602322293088578
2023-08-03,5,183,183,-0.07082805585663006
2023-08-04,1,184,184,-0.04365053388195365
2023-08-04,2,184,184,-0.05050343835429922
2023-08-04,3,183,183,-0.04921326211878608
2023-08-04,4,184,183,-0.04982286625493541
2023-08-04,5,183,183,-0.054460591405039976
2023-08-07,1,184,184,-0.03429135838793114
2023-08-07,2,184,184,-0.031360093246706904
2023-08-07,3,184,184,-0.03017328419516005
2023-08-07,4,184,183,-0.03418069544365974
2023-08-07,5,183,183,-0.03963144462609072
2023-08-08,1,184,184,-0.033445000788864386
2023-08-08,2,184,184,-0.03575614070420289
2023-08-08,3,184,184,-0.04076464757547363
2023-08-08,4,184,183,-0.035179891405114086
2023-08-08,5,183,183,-0.044781560777277366
2023-08-09,1,185,185,-0.025445817657312096
2023-08-09,2,184,184,-0.022169293709606065
2023-08-09,3,184,184,-0.023024488235949613
2023-08-09,4,184,183,-0.030334459707764137
2023-08-09,5,184,184,-0.04508106302962123
2023-08-10,1,184,184,-0.04277384468816141
2023-08-10,2,184,184,-0.039782785053568456
2023-08-10,3,184,184,-0.04998528053535516
2023-08-10,4,184,183,-0.04751573465705603
2023-08-10,5,184,184,-0.058711777086111985
2023-08-11,1,183,183,-0.010217306995932828
2023-08-11,2,183,183,-0.008515024972242019
2023-08-11,3,183,183,-0.011541018256429192
2023-08-11,4,183,183,-0.01616836769960247
2023-08-11,5,183,182,-0.029740436563651135
2023-08-14,1,184,184,-0.011719076018941052
2023-08-14,2,183,183,-0.01420749454581325
2023-08-14,3,183,183,-0.011690702904894375
2023-08-14,4,183,183,-0.014477700775092875
2023-08-14,5,183,183,-0.02612605877062749
2023-08-15,1,183,183,-0.0019826449936081393
2023-08-15,2,182,182,-0.009104403486222195
2023-08-15,3,183,183,-0.008339599914230838
2023-08-15,4,182,182,-0.0024200193348394555
2023-08-15,5,182,182,-0.021070798436227185
2023-08-16,1,183,183,-0.0024434301484050386
2023-08-16,2,183,183,-0.009595848972976146
2023-08-16,3,182,182,-0.010042996440232328
2023-08-16,4,183,183,-0.009509296552391971
2023-08-16,5,182,182,-0.014117060820132836
2023-08-17,1,183,183,-0.024387953654681733
2023-08-17,2,183,183,-0.01830195924351245
2023-08-17,3,183,183,-0.022935287907491622
2023-08-17,4,183,183,-0.01535651899155301
2023-08-17,5,183,183,-0.019668466831115287
2023-08-18,1,183,183,-0.00761493329992357
2023-08-18,2,183,183,-0.0028389292089378393
2023-08-18,3,182,182,-0.009037587821808855
2023-08-18,4,183,183,-0.003113987819839743
2023-08-18,5,182,182,-0.005450875848732253
2023-08-21,1,183,183,0.007904461414805523
2023-08-21,2,183,183,0.0053518695258559686
2023-08-21,3,182,182,0.0006244578094449624
2023-08-21,4,183,183,0.000754307870702146
2023-08-21,5,182,182,0.011450540552131993
2023-08-22,1,183,183,-0.006509170466434585
2023-08-22,2,182,182,-0.005540808994922882
2023-08-22,3,183,183,0.0015442657396877273
2023-08-22,4,182,182,-0.003096325630223721
2023-08-22,5,182,182,0.000418902739145378
2023-08-23,1,183,183,0.000741210811068242
2023-08-23,2,182,182,0.0026827526233390783
2023-08-23,3,183,183,0.009592065535000366
2023-08-23,4,182,182,0.0028646292838777126
2023-08-23,5,182,182,0.007412830466354626
2023-08-24,1,183,183,-0.0027900849351387143
2023-08-24,2,183,183,0.006990989114476172
2023-08-24,3,182,182,0.0006947515875931434
2023-08-24,4,183,183,0.01105450085845064
2023-08-24,5,182,182,-0.0008867589512705517
2023-08-25,1,182,182,-0.01958867118835171
2023-08-25,2,182,182,-0.02013431993433583
2023-08-25,3,182,182,-0.022075991753909695
2023-08-25,4,182,182,-0.012935984779246764
2023-08-25,5,182,182,-0.029058094572210008
2023-08-28,1,183,183,0.02362713938266958
2023-08-28,2,183,183,0.007382635449663877
2023-08-28,3,182,182,0.017379430836812856
2023-08-28,4,183,183,0.018373628685612067
2023-08-28,5,182,181,0.005491872809691007
2023-08-29,1,183,183,-0.016841789688446514
2023-08-29,2,183,183,-0.018862628360091206
2023-08-29,3,183,183,-0.0073795873262099704
2023-08-29,4,183,183,-0.013773429934978522
2023-08-29,5,183,183,-0.021322292210174485
2023-08-30,1,183,183,-0.008083383094810005
2023-08-30,2,183,183,-0.002987751140946542
2023-08-30,3,183,183,-0.013219382759286838
2023-08-30,4,183,183,-0.006016650826990277
2023-08-30,5,182,182,-0.010598285650607175
2023-08-31,1,183,183,-0.0056649256830824885
2023-08-31,2,182,182,-0.004740356977736134
2023-08-31,3,182,182,-0.0012854336023841299
2023-08-31,4,182,182,-0.004733395958534426
2023-08-31,5,182,182,-0.0006089744059797958
2023-09-01,1,182,182,-0.015907070522663047
2023-09-01,2,182,182,-0.011944901796654807
2023-09-01,3,182,182,-0.006953567280875033
2023-09-01,4,182,182,-0.008466243734462146
2023-09-01,5,181,181,-0.004940114596397672
2023-09-04,1,183,183,-0.02874829459399155
2023-09-04,2,182,182,-0.02725418029395285
2023-09-04,3,183,183,-0.020173693367735213
2023-09-04,4,182,182,-0.023896018438592046
2023-09-04,5,182,182,-0.016716546553822577
2023-09-05,1,183,183,-0.015717323451812502
2023-09-05,2,183,183,-0.016933120828164384
2023-09-05,3,182,182,-0.010698671461936928
2023-09-05,4,183,183,-0.01221267388730956
2023-09-05,5,182,182,0.0012345325833799817
2023-09-06,1,183,183,-0.018565398413777693
2023-09-06,2,183,183,-0.01843500399013045
2023-09-06,3,183,183,-0.013684757272607316
2023-09-06,4,183,183,-0.0024858043989663455
2023-09-06,5,183,183,-0.014622808395725795
2023-09-07,1,183,183,-0.00011329550796736207
2023-09-07,2,183,183,-0.004600290130495274
2023-09-07,3,182,182,0.0038456153585258194
2023-09-07,4,183,183,0.010924032781434553
2023-09-07,5,182,182,0.007456883679112926
2023-09-08,1,183,183,-0.01304415245410943
2023-09-08,2,182,182,-0.013930235894481856
2023-09-08,3,182,182,-0.006627103895797258
2023-09-08,4,182,182,0.001482191955841286
2023-09-08,5,182,182,-0.007537864266746851
2023-09-11,1,183,183,-0.02838475054097324
2023-09-11,2,182,182,-0.030729243371547116
2023-09-11,3,183,183,-0.01951901493379573
2023-09-11,4,182,182,-0.03125421423776897
2023-09-11,5,182,182,0.0044438473997916025
2023-09-12,1,183,183,-0.05014321244314309
2023-09-12,2,182,182,-0.04339069713789752
2023-09-12,3,183,183,-0.039849063111787174
2023-09-12,4,182,182,-0.03119030133425
2023-09-12,5,182,182,-0.007947541098443476
2023-09-13,1,183,183,-0.03750772283991673
2023-09-13,2,182,182,-0.0526516725249585
2023-09-13,3,182,182,-0.04352100359553472
2023-09-13,4,182,182,-0.04347082252829604
2023-09-13,5,182,182,-0.02029587953108321
2023-09-14,1,183,183,-0.030558918805399633
2023-09-14,2,182,182,-0.05970959207196409
2023-09-14,3,183,183,-0.04872910369709926
2023-09-14,4,182,182,-0.054902596340650436
2023-09-14,5,182,182,-0.0405410706369152
2023-09-15,1,183,183,-0.04033000761926654
2023-09-15,2,183,183,-0.0623936990247042
2023-09-15,3,182,182,-0.0609886344324324
2023-09-15,4,183,183,-0.0635908692349313
2023-09-15,5,182,182,-0.04347547120986822
2023-09-18,1,183,183,-0.04113248475859231
2023-09-18,2,182,182,-0.05565588575456846
2023-09-18,3,183,183,-0.04639146854346642
2023-09-18,4,182,182,-0.04665203946413091
2023-09-18,5,182,182,-0.023093196764383754
2023-09-19,1,183,183,-0.039427120322493805
2023-09-19,2,182,182,-0.042719693000254556
2023-09-19,3,183,183,-0.04110231662347876
2023-09-19,4,182,182,-0.04831911618650936
2023-09-19,5,182,182,-0.013904988563171369
2023-09-20,1,183,183,-0.022979192297508656
2023-09-20,2,182,182,-0.03399916878717399
2023-09-20,3,183,183,-0.03673802613148557
2023-09-20,4,182,182,-0.02561986775267031
2023-09-20,5,182,182,-0.007834889210106343
2023-09-21,1,183,183,-0.01241207852777869
2023-09-21,2,182,182,-0.0035616848916931914
2023-09-21,3,183,183,-0.00494040723133946
2023-09-21,4,182,182,-0.01244549637285202
2023-09-21,5,182,182,0.009657413426126136
2023-09-22,1,183,183,-0.02210948135245898
2023-09-22,2,182,182,-0.005894030641523301
2023-09-22,3,182,182,-0.015646430852426334
2023-09-22,4,182,182,-0.008290449315273283
2023-09-22,5,182,182,0.006709303393127945
2023-09-25,1,182,182,-0.00563557278161984
2023-09-25,2,182,182,-0.007702131281057907
2023-09-25,3,182,182,-0.009668070834988753
2023-09-25,4,182,182,-0.014292387235506267
2023-09-25,5,182,182,0.014097483919474808
2023-09-26,1,182,182,0.0031803692622160325
2023-09-26,2,182,182,-0.00011306475789829329
2023-09-26,3,182,182,-0.0036117181476894265
2023-09-26,4,182,182,-0.011128341428840225
2023-09-26,5,182,182,0.0021663550995037356
2023-09-27,1,182,182,-0.003947208391268704
2023-09-27,2,182,182,-0.01457812420317831
2023-09-27,3,181,181,-0.0023085674447044058
2023-09-27,4,182,182,-0.02962958115406404
2023-09-27,5,181,181,-0.022382042157762676
2023-09-28,1,182,182,-0.0054744378257195175
2023-09-28,2,182,182,-0.008419520463197891
2023-09-28,3,181,181,0.0008229403855695554
2023-09-28,4,182,182,-0.004857041470414336
2023-09-28,5,181,181,0.002511766395232254
2023-10-09,1,182,182,0.0036247791824459428
2023-10-09,2,182,182,0.0021126239756897166
2023-10-09,3,181,181,0.017894561964767273
2023-10-09,4,182,182,-0.00048664230734726414
2023-10-09,5,181,181,0.01421369920223721
2023-10-10,1,182,182,-0.0003693910669972762
2023-10-10,2,181,181,0.020748603704918076
2023-10-10,3,182,182,0.010841321826688727
2023-10-10,4,181,181,0.002259713946490313
2023-10-10,5,181,181,0.03058207324856601
2023-10-11,1,182,182,-0.0025251675885979022
2023-10-11,2,181,181,0.013737244175245843
2023-10-11,3,182,182,-0.0013679181323726778
2023-10-11,4,181,181,0.004028048389472792
2023-10-11,5,181,181,0.030700766624521144
2023-10-12,1,182,182,-0.009436993846627025
2023-10-12,2,181,181,-0.0020913368139872162
2023-10-12,3,182,182,0.002644158457752641
2023-10-12,4,181,181,-0.008282184493383072
2023-10-12,5,181,181,0.018631454619056673
2023-10-13,1,182,182,-0.008152946588293375
2023-10-13,2,182,182,0.007189502585909167
2023-10-13,3,181,181,0.00029173429656581784
2023-10-13,4,182,182,0.007049976487131789
2023-10-13,5,181,181,0.004217455167280901
2023-10-16,1,182,182,0.010089376223729359
2023-10-16,2,181,181,0.011139090295187587
2023-10-16,3,182,182,0.015496339985819337
2023-10-16,4,181,181,0.0085205592504749
2023-10-16,5,181,181,0.015079191956237234
2023-10-17,1,182,182,0.030215907417106367
2023-10-17,2,182,182,0.03280528980927486
2023-10-17,3,182,182,0.017340279373184313
2023-10-17,4,182,182,0.02144723381736605
2023-10-17,5,181,181,0.03661733922920743
2023-10-18,1,182,181,0.055432643123352304
2023-10-18,2,182,182,0.03103275225921979
2023-10-18,3,182,182,0.04062977677969576
2023-10-18,4,182,182,0.03133528916012786
2023-10-18,5,182,182,0.04123814660218124
2023-10-19,1,182,181,0.04797305535301943
2023-10-19,2,182,182,0.0442342773413603
2023-10-19,3,181,181,0.04317655551499843
2023-10-19,4,182,182,0.04187454056320647
2023-10-19,5,181,181,0.06203962583230598
2023-10-20,1,182,182,0.08000464841835302
2023-10-20,2,182,181,0.05946894048857496
2023-10-20,3,181,181,0.06120083589461522
2023-10-20,4,182,182,0.05667750773009283
2023-10-20,5,181,181,0.07309922317065407
2023-10-23,1,181,181,0.11774249807218165
2023-10-23,2,181,181,0.08440488795175344
2023-10-23,3,181,181,0.08171660224033914
2023-10-23,4,181,181,0.08074371091112775
2023-10-23,5,180,180,0.08386038692812521
2023-10-24,1,182,182,0.08022146445348219
2023-10-24,2,181,181,0.06433289071392662
2023-10-24,3,181,181,0.06043711898003293
2023-10-24,4,181,181,0.058280121052393837
2023-10-24,5,181,181,0.0509057359332342
2023-10-25,1,182,182,0.05873200424715606
2023-10-25,2,182,182,0.06552611288357002
2023-10-25,3,182,182,0.05964012970640303
2023-10-25,4,182,182,0.06120842771628336
2023-10-25,5,182,182,0.041721199636289
2023-10-26,1,182,182,0.06825164155910905
2023-10-26,2,182,182,0.06926259104571299
2023-10-26,3,182,182,0.0492056473562466
2023-10-26,4,182,182,0.06321787221274199
2023-10-26,5,181,181,0.05132067314764818
2023-10-27,1,183,183,0.035562797216553275
2023-10-27,2,183,183,0.03386418790549143
2023-10-27,3,182,182,0.03943403354065082
2023-10-27,4,183,183,0.03329935990100267
2023-10-27,5,182,182,0.024417888740405104
2023-10-30,1,183,183,0.019436535540926544
2023-10-30,2,182,182,0.02519241125968943
2023-10-30,3,183,183,0.007577413288503711
2023-10-30,4,182,182,0.015390652795701011
2023-10-30,5,182,182,0.013720349539896325
2023-10-31,1,183,183,0.031978148282794716
2023-10-31,2,183,183,0.021783601502580928
2023-10-31,3,182,182,0.027503278660663984
2023-10-31,4,183,183,0.01829078355300339
2023-10-31,5,182,182,0.019414823779413563
2023-11-01,1,183,183,0.02504007025284493
2023-11-01,2,183,183,0.012427834325647638
2023-11-01,3,182,182,0.02112503024931689
2023-11-01,4,183,182,0.01654045583353357
2023-11-01,5,182,182,0.015784075153783304
2023-11-02,1,183,183,0.030384426224626504
2023-11-02,2,183,183,0.014913910657955247
2023-11-02,3,183,183,0.023469114316203365
2023-11-02,4,183,182,0.02825062217450079
2023-11-02,5,182,182,0.023006104336490207
2023-11-03,1,183,183,0.011710909466387493
2023-11-03,2,182,182,0.010591790932337431
2023-11-03,3,183,182,0.019281078454058322
2023-11-03,4,182,181,0.009093093857913636
2023-11-03,5,182,182,0.02141144114111236
2023-11-06,1,183,183,-0.0026231556110260265
2023-11-06,2,182,182,0.0030468170790610904
2023-11-06,3,183,183,-0.002834356892672919
2023-11-06,4,182,181,0.00931755473135887
2023-11-06,5,182,181,-0.0038265393945091535
2023-11-07,1,183,182,-0.027330865087617225
2023-11-07,2,183,183,-0.01960295674552768
2023-11-07,3,182,182,-0.01814502800915928
2023-11-07,4,183,182,-0.006027509465810618
2023-11-07,5,182,182,-0.021827852283927737
2023-11-08,1,183,182,-0.019338986049627135
2023-11-08,2,183,183,-0.014128997900954413
2023-11-08,3,182,182,-0.0071768441303805665
2023-11-08,4,183,183,-0.01167682474177664
2023-11-08,5,182,181,-0.02062172859237886
2023-11-09,1,183,182,-0.011623097036337553
2023-11-09,2,182,182,-0.004027215702615221
2023-11-09,3,183,183,-0.011094289064885587
2023-11-09,4,182,182,0.00020582812616377
2023-11-09,5,182,182,-0.006241519190320557
2023-11-10,1,183,182,-0.025940720852256936
2023-11-10,2,182,182,-0.018537397337272662
2023-11-10,3,182,182,-0.020197623162541558
2023-11-10,4,182,182,-0.0063794574193186794
2023-11-10,5,182,182,-0.01663518129328903
2023-11-13,1,183,182,-0.017650254813144504
2023-11-13,2,182,182,-0.01543018650464139
2023-11-13,3,183,183,-0.01067861323412897
2023-11-13,4,182,182,0.008384719993444688
2023-11-13,5,182,182,0.003966555488345882
2023-11-14,1,183,183,-0.024121716440432425
2023-11-14,2,183,183,-0.01934018728868337
2023-11-14,3,182,182,-0.014398646994239902
2023-11-14,4,183,183,-0.005719137418969914
2023-11-14,5,182,182,-0.010284939109593978
2023-11-15,1,183,183,-0.025069475117222267
2023-11-15,2,183,183,-0.01731130340009686
2023-11-15,3,183,183,-0.020597967417283158
2023-11-15,4,183,182,-0.010524770410075083
2023-11-15,5,183,183,-0.005176895987405735
2023-11-16,1,183,183,-0.03363578729757014
2023-11-16,2,183,183,-0.010485774381960009
2023-11-16,3,183,183,-0.021461121262974846
2023-11-16,4,183,183,-0.00865768111300006
2023-11-16,5,182,182,-0.007711819517501039
2023-11-17,1,183,182,-0.048442032860756656
2023-11-17,2,183,183,-0.03011237758286391
2023-11-17,3,183,183,-0.03376379626804236
2023-11-17,4,183,183,-0.024815167281231607
2023-11-17,5,182,182,-0.02586775525211664
2023-11-20,1,183,183,-0.058953748566720546
2023-11-20,2,182,181,-0.05561687323716894
2023-11-20,3,183,183,-0.047242988603026545
2023-11-20,4,182,182,-0.03922932907484058
2023-11-20,5,182,182,-0.04847280178521418
2023-11-21,1,183,183,-0.05451942391612669
2023-11-21,2,183,182,-0.05397861982733829
2023-11-21,3,183,183,-0.04769588700112376
2023-11-21,4,183,183,-0.02802192822644163
2023-11-21,5,182,182,-0.034010822130166436
2023-11-22,1,183,183,-0.06690825031213517
2023-11-22,2,183,183,-0.06165901511138866
2023-11-22,3,183,183,-0.05757773275583469
2023-11-22,4,183,183,-0.04605660837714454
2023-11-22,5,182,182,-0.0459386223777586
2023-11-23,1,183,183,-0.05983447164885469
2023-11-23,2,183,183,-0.062039510289701914
2023-11-23,3,183,183,-0.05488153034057533
2023-11-23,4,183,183,-0.04235417875714861
2023-11-23,5,182,182,-0.04698343736422128
2023-11-24,1,183,183,-0.06310430879477497
2023-11-24,2,183,183,-0.06007050713561505
2023-11-24,3,183,183,-0.05995626038924443
2023-11-24,4,183,183,-0.04226646409738791
2023-11-24,5,182,182,-0.05137579380040572
2023-11-27,1,183,183,-0.056198910234374004
2023-11-27,2,183,183,-0.060810395685922114
2023-11-27,3,182,182,-0.05099462063153508
2023-11-27,4,183,183,-0.036681724432129
2023-11-27,5,182,182,-0.04262006971243205
2023-11-28,1,183,183,-0.0770794935825893
2023-11-28,2,183,183,-0.07536305496191045
2023-11-28,3,183,183,-0.06274134281909467
2023-11-28,4,183,183,-0.05588852402509822
2023-11-28,5,182,182,-0.054762640400969
2023-11-29,1,183,183,-0.06891768870024716
2023-11-29,2,183,182,-0.06353734994236608
2023-11-29,3,183,183,-0.05415250637845856
2023-11-29,4,183,183,-0.04008241978868868
2023-11-29,5,182,182,-0.0413925225002631
2023-11-30,1,183,183,-0.041480897166459856
2023-11-30,2,182,182,-0.04326256920185295
2023-11-30,3,183,183,-0.032995549415462365
2023-11-30,4,182,182,-0.02751994802704841
2023-11-30,5,182,182,-0.038952881866990724
2023-12-01,1,183,183,-0.035255114519841396
2023-12-01,2,183,183,-0.03906021404686657
2023-12-01,3,182,182,-0.024826677901512845
2023-12-01,4,183,183,-0.023384706891667547
2023-12-01,5,182,181,-0.02558114550165109
2023-12-04,1,183,183,-0.0432644455444311
2023-12-04,2,183,183,-0.036564601362843833
2023-12-04,3,182,182,-0.02934253037757003
2023-12-04,4,183,183,-0.024496977117492266
2023-12-04,5,182,182,-0.025942628542203076
2023-12-05,1,183,183,-0.03160507527615344
2023-12-05,2,183,183,-0.02214852563759016
2023-12-05,3,182,181,-0.008832674748975727
2023-12-05,4,183,183,-0.00727095080985579
2023-12-05,5,182,182,-0.011178750574515308
2023-12-06,1,183,183,-0.04586991781396696
2023-12-06,2,182,182,-0.03588487582523299
2023-12-06,3,183,183,-0.023413841261914814
2023-12-06,4,182,182,-0.01258277227869663
2023-12-06,5,182,182,-0.01905413427176004
2023-12-07,1,183,183,-0.06356325281608033
2023-12-07,2,182,182,-0.04751521854857692
2023-12-07,3,183,183,-0.03796569610588996
2023-12-07,4,182,182,-0.026927192118084635
2023-12-07,5,182,182,-0.036466634469527595
2023-12-08,1,182,182,-0.06441350249476449
2023-12-08,2,182,182,-0.056519180137883
2023-12-08,3,182,182,-0.04321985450674443
2023-12-08,4,182,182,-0.03823356321679237
2023-12-08,5,181,181,-0.04865518210233898
2023-12-11,1,182,182,-0.07707977581436284
2023-12-11,2,182,182,-0.07008088904035187
2023-12-11,3,182,182,-0.05620473428608951
2023-12-11,4,182,182,-0.051568250260086095
2023-12-11,5,181,181,-0.06153490433348504
2023-12-12,1,182,182,-0.08630784457933047
2023-12-12,2,182,182,-0.06724291399487888
2023-12-12,3,182,182,-0.07218461939888171
2023-12-12,4,182,182,-0.05615512209966954
2023-12-12,5,182,182,-0.07070808092182691
2023-12-13,1,182,182,-0.06162346723383379
2023-12-13,2,182,182,-0.052190312085683754
2023-12-13,3,182,182,-0.05286388531788479
2023-12-13,4,182,182,-0.05199554557302635
2023-12-13,5,182,181,-0.05929210807359432
2023-12-14,1,182,182,-0.06204968676478252
2023-12-14,2,182,182,-0.05441990722828202
2023-12-14,3,182,182,-0.04788167484091154
2023-12-14,4,182,182,-0.053908790003550325
2023-12-14,5,182,182,-0.059171485172351414
2023-12-15,1,183,183,-0.05439684764246953
2023-12-15,2,182,182,-0.05007079505658967
2023-12-15,3,182,182,-0.04072413188251403
2023-12-15,4,182,182,-0.0335596740571626
2023-12-15,5,182,181,-0.051464980692668194
2023-12-18,1,182,182,-0.04442183579638046
2023-12-18,2,181,181,-0.043084303611958565
2023-12-18,3,181,181,-0.029165504124851662
2023-12-18,4,181,181,-0.03139281244023634
2023-12-18,5,181,181,-0.04291007373426136
2023-12-19,1,182,182,-0.07684170744867727
2023-12-19,2,181,181,-0.0701050690276642
2023-12-19,3,181,181,-0.05724212779711719
2023-12-19,4,181,181,-0.04055354107136127
2023-12-19,5,181,181,-0.07542865502650697
2023-12-20,1,181,181,-0.046850030184781
2023-12-20,2,181,181,-0.0496685554161258
2023-12-20,3,180,180,-0.0445432081901379
2023-12-20,4,181,181,-0.030654544318115647
2023-12-20,5,180,180,-0.05390202002153672
2023-12-21,1,181,181,-0.08017154032990347
2023-12-21,2,181,181,-0.061120263206226946
2023-12-21,3,181,181,-0.062411311854512916
2023-12-21,4,181,181,-0.03932178870978743
2023-12-21,5,180,180,-0.07484045967889469
2023-12-22,1,181,181,-0.11947184867600291
2023-12-22,2,181,181,-0.10392401657729962
2023-12-22,3,181,181,-0.09020608790557409
2023-12-22,4,181,181,-0.08139250178083061
2023-12-22,5,181,181,-0.09981693336175533
2023-12-25,1,181,181,-0.1063628453646216
2023-12-25,2,181,181,-0.08016682675207083
2023-12-25,3,181,181,-0.07373560200966754
2023-12-25,4,181,181,-0.06721050660488244
2023-12-25,5,180,180,-0.09445300401946453
2023-12-26,1,180,180,-0.08590118590421013
2023-12-26,2,180,180,-0.0623794627877178
2023-12-26,3,180,180,-0.04704834119315056
2023-12-26,4,180,180,-0.04122910947769335
2023-12-26,5,180,180,-0.07509959191711997
2023-12-27,1,181,181,-0.056115599507486486
2023-12-27,2,180,180,-0.04086623635838681
2023-12-27,3,181,181,-0.025912853326574312
2023-12-27,4,180,180,-0.028131682411189768
2023-12-27,5,180,180,-0.05028427581748396
2023-12-28,1,182,182,-0.07062243792822714
2023-12-28,2,181,181,-0.052946122202581894
2023-12-28,3,182,182,-0.03717674618256789
2023-12-28,4,181,181,-0.049218034660876195
2023-12-28,5,181,181,-0.0619551351984584
2023-12-29,1,182,182,-0.10659411484244971
2023-12-29,2,181,181,-0.08383426980483646
2023-12-29,3,181,181,-0.07804306766912629
2023-12-29,4,181,180,-0.07642277521181617
2023-12-29,5,181,181,-0.11182869191728942
2024-01-02,1,182,182,-0.1389729839033959
2024-01-02,2,181,180,-0.10851787525712468
2024-01-02,3,182,182,-0.09516954235419234
2024-01-02,4,181,181,-0.08382868469354238
2024-01-02,5,181,181,-0.12463045423598061
2024-01-03,1,182,181,-0.17177395447529906
2024-01-03,2,181,181,-0.1459794476474273
2024-01-03,3,182,182,-0.12246920470916359
2024-01-03,4,181,181,-0.10909479780561412
2024-01-03,5,181,181,-0.13972519122583332
2024-01-04,1,181,180,-0.15974671113385577
2024-01-04,2,181,181,-0.13755457097785082
2024-01-04,3,181,181,-0.12252455982917154
2024-01-04,4,181,181,-0.12158263469834714
2024-01-04,5,181,180,-0.13032133286224262
2024-01-05,1,181,180,-0.18116429229834066
2024-01-05,2,181,181,-0.17224120156959782
2024-01-05,3,181,181,-0.14247071312279033
2024-01-05,4,181,181,-0.13912736880789364
2024-01-05,5,180,179,-0.14018192905029797
2024-01-08,1,181,181,-0.22285853336446781
2024-01-08,2,181,181,-0.19182787840036253
2024-01-08,3,180,180,-0.1718723025622829
2024-01-08,4,181,181,-0.178512427174221
2024-01-08,5,180,180,-0.15806054105347592
2024-01-09,1,181,181,-0.16369934516655643
2024-01-09,2,180,180,-0.11701825565407067
2024-01-09,3,180,180,-0.12009580171901217
2024-01-09,4,180,180,-0.1262580540985512
2024-01-09,5,180,180,-0.12471080369478374
2024-01-10,1,181,181,-0.11566822587883908
2024-01-10,2,180,180,-0.0970233951867647
2024-01-10,3,180,180,-0.08598649152956904
2024-01-10,4,180,180,-0.11590370943514497
2024-01-10,5,180,180,-0.09310464145943498
2024-01-11,1,181,181,-0.0856522772407163
2024-01-11,2,181,181,-0.06111560304123272
2024-01-11,3,181,180,-0.06950927499368316
2024-01-11,4,181,181,-0.08946323400974891
2024-01-11,5,181,181,-0.08104585144405761
2024-01-12,1,181,181,-0.08231272650482516
2024-01-12,2,181,181,-0.06938162745852154
2024-01-12,3,180,180,-0.07713840122053259
2024-01-12,4,181,181,-0.07066924405023702
2024-01-12,5,180,180,-0.07215712660055983
2024-01-15,1,181,181,-0.07281407597359546
2024-01-15,2,181,181,-0.07290972375743035
2024-01-15,3,180,180,-0.07608214439644304
2024-01-15,4,181,181,-0.07012686381194821
2024-01-15,5,180,180,-0.07001343139878335
2024-01-16,1,181,181,-0.058261580099434274
2024-01-16,2,180,180,-0.05164474510799234
2024-01-16,3,180,180,-0.05418890533506997
2024-01-16,4,180,180,-0.05597632420781381
2024-01-16,5,180,180,-0.06491627026240708
2024-01-17,1,180,180,-0.018319913796945475
2024-01-17,2,180,180,0.004724488950803197
2024-01-17,3,179,179,-0.02264613965149905
2024-01-17,4,180,180,-0.014428786353833815
2024-01-17,5,179,179,-0.019673095626056042
2024-01-18,1,180,180,-0.0011539375301588654
2024-01-18,2,180,180,0.0020244008909896605
2024-01-18,3,180,180,-0.0053930104287695
2024-01-18,4,180,180,-0.007834329486940015
2024-01-18,5,179,179,-0.02024972887408426
2024-01-19,1,180,180,0.0029072452341317853
2024-01-19,2,179,179,0.012574115214718979
2024-01-19,3,180,180,0.003694880873145985
2024-01-19,4,179,179,0.0004744858877459373
2024-01-19,5,179,179,-0.021812816704864905
2024-01-22,1,179,179,0.09096730439325239
2024-01-22,2,178,178,0.0927132816383544
2024-01-22,3,179,179,0.08681440292942806
2024-01-22,4,178,178,0.06978881857606499
2024-01-22,5,178,178,0.060754784545143284
2024-01-23,1,179,179,0.004504202329106864
2024-01-23,2,179,179,0.013494290315671459
2024-01-23,3,178,178,0.01769832257335927
2024-01-23,4,179,179,0.03569719108701783
2024-01-23,5,178,178,0.006090071032736411
2024-01-24,1,181,181,0.03715368115931247
2024-01-24,2,180,180,0.043569906249930436
2024-01-24,3,180,180,0.04262680353185619
2024-01-24,4,180,180,0.04463075911693516
2024-01-24,5,180,180,0.04445984899674207
2024-01-25,1,182,182,0.019335849747545677
2024-01-25,2,182,182,0.018928829744910017
2024-01-25,3,181,181,0.0252622642286958
2024-01-25,4,182,182,0.024098886163069943
2024-01-25,5,181,181,0.025196945807758355
2024-01-26,1,182,182,0.024344541936733348
2024-01-26,2,182,182,0.027325541967661526
2024-01-26,3,181,181,0.0053107604510245765
2024-01-26,4,182,182,0.01155943170066295
2024-01-26,5,181,181,0.015790486763802517
2024-01-29,1,181,180,0.05043013516686193
2024-01-29,2,181,181,0.048481646889159624
2024-01-29,3,181,181,0.04549569541979416
2024-01-29,4,181,181,0.023168574109547053
2024-01-29,5,180,180,0.04120244067482968
2024-01-30,1,180,180,0.08790416774516438
2024-01-30,2,180,180,0.08421305250902122
2024-01-30,3,180,180,0.07793659489529764
2024-01-30,4,180,180,0.06017156206312079
2024-01-30,5,179,179,0.07260648507670625
2024-01-31,1,178,178,0.11409544639994726
2024-01-31,2,177,177,0.11184587958412635
2024-01-31,3,178,178,0.10858833271507999
2024-01-31,4,177,177,0.08333602863653376
2024-01-31,5,177,177,0.09756525369321144
2024-02-01,1,178,178,0.12053887789790543
2024-02-01,2,177,177,0.11178731774491771
2024-02-01,3,178,178,0.10767064858464126
2024-02-01,4,177,177,0.11385678618813933
2024-02-01,5,177,176,0.11392877585652685
2024-02-02,1,177,177,0.2080348505978478
2024-02-02,2,177,177,0.19984072206118259
2024-02-02,3,176,176,0.18897636796211242
2024-02-02,4,177,177,0.16338400411153853
2024-02-02,5,176,176,0.15115088962294285
2024-02-05,1,175,175,0.31923166167504413
2024-02-05,2,175,175,0.3257641168284006
2024-02-05,3,175,175,0.2701562313758829
2024-02-05,4,175,175,0.2129124055530681
2024-02-05,5,174,174,0.17558721010678405
2024-02-06,1,176,176,0.23699136538905813
2024-02-06,2,176,176,0.21916057975088316
2024-02-06,3,176,176,0.18649601105872196
2024-02-06,4,176,176,0.15470597600753777
2024-02-06,5,176,176,0.09479045662965489
2024-02-07,1,176,176,0.260380827440343
2024-02-07,2,176,176,0.17503262907655043
2024-02-07,3,175,175,0.14825212867596066
2024-02-07,4,176,176,0.08256670411649518
2024-02-07,5,175,175,0.03960834634336831
2024-02-08,1,178,178,0.19984537899759805
2024-02-08,2,178,178,0.12038355098479127
2024-02-08,3,177,177,0.10786763279641369
2024-02-08,4,178,177,0.0774050965405629
2024-02-08,5,177,177,0.0412130081193623
2024-02-19,1,178,178,0.18400563537560824
2024-02-19,2,178,178,0.11749331302504581
2024-02-19,3,178,178,0.1174195092443989
2024-02-19,4,178,177,0.09745773416677773
2024-02-19,5,178,178,0.08910909433807188
2024-02-20,1,179,179,0.16511560456046498
2024-02-20,2,179,178,0.1113437153175188
2024-02-20,3,178,178,0.10434457788618509
2024-02-20,4,179,179,0.09764900938674675
2024-02-20,5,178,177,0.08299688416413475
2024-02-21,1,179,179,0.15412758584909397
2024-02-21,2,179,178,0.10240113214656915
2024-02-21,3,178,178,0.10003716564747978
2024-02-21,4,179,179,0.08949405908259106
2024-02-21,5,178,177,0.08701845132854757
2024-02-22,1,179,179,0.10327596023616066
2024-02-22,2,179,178,0.0900223132065692
2024-02-22,3,179,179,0.06130127034140629
2024-02-22,4,179,179,0.07111531145434037
2024-02-22,5,179,178,0.07808634548548321
2024-02-23,1,179,179,0.05160929083309109
2024-02-23,2,179,178,0.05776484033422158
2024-02-23,3,179,178,0.036965328880789204
2024-02-23,4,179,179,0.039659000662608315
2024-02-23,5,179,179,0.07816426282755792
2024-02-26,1,180,180,0.02473714650545949
2024-02-26,2,179,178,0.03821949427038115
2024-02-26,3,179,179,0.020527850870937947
2024-02-26,4,179,179,0.031229169604690382
2024-02-26,5,179,179,0.06719609847233379
2024-02-27,1,180,180,-0.0043386947477787865
2024-02-27,2,179,179,0.011710384024216411
2024-02-27,3,180,180,3.458993767266882e-05
2024-02-27,4,179,179,0.007970346979701634
2024-02-27,5,179,179,0.025702480451995583
2024-02-28,1,179,179,0.03238849821866159
2024-02-28,2,179,179,0.02143174615859305
2024-02-28,3,179,179,0.03333498813381454
2024-02-28,4,179,179,0.01440679400446559
2024-02-28,5,179,179,0.036962218508973986
2024-02-29,1,180,180,0.015871769986358218
2024-02-29,2,179,179,0.015281943107825168
2024-02-29,3,179,179,-0.005236808142300808
2024-02-29,4,179,179,-0.011591003761464139
2024-02-29,5,179,179,0.010955189782638335
2024-03-01,1,180,180,0.011498799693544526
2024-03-01,2,179,179,0.009501737380641693
2024-03-01,3,179,179,0.012962408222772195
2024-03-01,4,179,179,0.004926631670960289
2024-03-01,5,179,179,0.009595498783752559
2024-03-04,1,179,179,0.034369671272910456
2024-03-04,2,179,179,0.03171403229922344
2024-03-04,3,179,179,0.032563077910624336
2024-03-04,4,179,179,0.029055637384045353
2024-03-04,5,179,179,0.03332129760000635
2024-03-05,1,180,180,0.03682393032462934
2024-03-05,2,179,179,0.028971697602374717
2024-03-05,3,179,179,0.032540523477358065
2024-03-05,4,179,179,0.029282056994508355
2024-03-05,5,179,179,0.031638253182189144
2024-03-06,1,179,179,0.0184402312181221
2024-03-06,2,179,179,0.019178811001527924
2024-03-06,3,179,179,0.020901404416537005
2024-03-06,4,179,179,0.026487993203031336
2024-03-06,5,179,179,0.01639450443335823
2024-03-07,1,179,179,0.005995120095614564
2024-03-07,2,179,179,0.014042254938063893
2024-03-07,3,179,179,0.010663008068683774
2024-03-07,4,179,179,0.025864925457786896
2024-03-07,5,178,178,0.019552122125642956
2024-03-08,1,179,179,0.013007987213782731
2024-03-08,2,179,179,0.0216057727963101
2024-03-08,3,178,178,0.008177481475722864
2024-03-08,4,179,179,0.02443731002772065
2024-03-08,5,178,178,0.009702708066431505
2024-03-11,1,180,180,-0.029418440935511193
2024-03-11,2,179,179,-0.025145386048379077
2024-03-11,3,179,179,-0.022894570211777876
2024-03-11,4,179,179,-0.014248452402074336
2024-03-11,5,179,179,-0.030959813538452494
2024-03-12,1,180,180,-0.013991316899754988
2024-03-12,2,180,180,-0.015329949867687093
2024-03-12,3,180,180,-0.018958154665336166
2024-03-12,4,180,180,-0.009952066654730266
2024-03-12,5,179,179,-0.041066646822996704
2024-03-13,1,180,180,-0.014676801329589824
2024-03-13,2,180,180,-0.034307549466833565
2024-03-13,3,179,179,-0.02453712670182458
2024-03-13,4,180,180,-0.025258871254951576
2024-03-13,5,179,179,-0.05176364955809892
2024-03-14,1,180,180,-0.020966252665214413
2024-03-14,2,179,179,-0.03212800093148399
2024-03-14,3,180,180,-0.033116401618680194
2024-03-14,4,179,179,-0.018224978305482118
2024-03-14,5,179,178,-0.0553034476567916
2024-03-15,1,181,181,-0.053657176949508244
2024-03-15,2,180,180,-0.06704645876150729
2024-03-15,3,180,180,-0.08311203656383079
2024-03-15,4,180,180,-0.06609283353183053
2024-03-15,5,180,180,-0.09340288918602103
2024-03-18,1,181,181,-0.036300356497555655
2024-03-18,2,180,180,-0.050020301644609105
2024-03-18,3,181,181,-0.04666696602190501
2024-03-18,4,180,180,-0.05829240372827081
2024-03-18,5,180,180,-0.07669919387341814
2024-03-19,1,180,180,-0.02845441928483724
2024-03-19,2,180,179,-0.05483503845154072
2024-03-19,3,180,180,-0.04501260847048237
2024-03-19,4,180,180,-0.05495631969991324
2024-03-19,5,180,180,-0.06761177816775668
2024-03-20,1,180,180,-0.03525215889826487
2024-03-20,2,180,180,-0.05959155327409539
2024-03-20,3,180,180,-0.06116113459267021
2024-03-20,4,180,180,-0.07252879992186077
2024-03-20,5,180,180,-0.08494173221849367
2024-03-21,1,181,181,-0.03841427546489487
2024-03-21,2,180,180,-0.058264879222169816
2024-03-21,3,181,181,-0.05813490064064399
2024-03-21,4,180,180,-0.06898766674231553
2024-03-21,5,180,180,-0.09470417743215377
2024-03-22,1,180,180,-0.04577163122997544
2024-03-22,2,180,180,-0.03751025862185801
2024-03-22,3,180,180,-0.043506887150416854
2024-03-22,4,180,180,-0.06042252504999045
2024-03-22,5,179,179,-0.07775747195602367
2024-03-25,1,180,180,-0.040330357947998254
2024-03-25,2,180,180,-0.030334549582498923
2024-03-25,3,179,178,-0.02083096444995223
2024-03-25,4,180,180,-0.02443237602794062
2024-03-25,5,179,179,-0.04290267787768677
2024-03-26,1,180,180,-0.04510067766717503
2024-03-26,2,180,180,-0.020862541271834643
2024-03-26,3,180,180,-0.01606192532824948
2024-03-26,4,180,180,-0.003920868402567719
2024-03-26,5,179,178,-0.04989210135723632
2024-03-27,1,179,179,-1.4737410468742718e-05
2024-03-27,2,178,178,0.02402087859749498
2024-03-27,3,178,178,0.024115695203555016
2024-03-27,4,178,178,0.030207064254305416
2024-03-27,5,178,178,0.008258713957100743
2024-03-28,1,180,179,0.01584999194648139
2024-03-28,2,179,179,0.022898730350462724
2024-03-28,3,179,177,0.0359108852126572
2024-03-28,4,179,179,0.026907131642827237
2024-03-28,5,179,175,0.011790973235460188
2024-03-29,1,180,180,0.010974996188929624
2024-03-29,2,179,178,0.01272540743631365
2024-03-29,3,179,179,0.024153671817363123
2024-03-29,4,179,179,0.018855146713169044
2024-03-29,5,179,179,-0.00018364388388609305
2024-04-01,1,180,180,-0.013855685068684256
2024-04-01,2,180,179,0.017968858070991883
2024-04-01,3,180,180,0.006538737565391954
2024-04-01,4,180,180,0.020992390903521015
2024-04-01,5,180,180,-0.013836788088019768
2024-04-02,1,181,181,-0.0010367167493112476
2024-04-02,2,180,179,0.026413868694649113
2024-04-02,3,181,181,0.015117730482689171
2024-04-02,4,180,180,0.010532205746438789
2024-04-02,5,180,180,0.0005855665494432413
2024-04-03,1,181,181,-0.009490470695409106
2024-04-03,2,181,180,0.017531352389967596
2024-04-03,3,181,181,0.013283607562022634
2024-04-03,4,181,181,0.010379267246495445
2024-04-03,5,180,180,-0.006694755966903876
2024-04-08,1,180,180,0.023418531522639174
2024-04-08,2,179,178,0.04755347188362623
2024-04-08,3,180,180,0.04972470084050343
2024-04-08,4,179,179,0.03299629195666312
2024-04-08,5,179,179,0.023574354811170987
2024-04-09,1,181,181,-0.0025758197709587643
2024-04-09,2,180,178,0.02497560759501199
2024-04-09,3,180,180,0.025598106332168195
2024-04-09,4,180,180,0.013549839718173355
2024-04-09,5,180,180,0.011686059006529036
2024-04-10,1,180,180,0.022545435300232015
2024-04-10,2,180,179,0.046418496705351774
2024-04-10,3,180,180,0.04294211583831198
2024-04-10,4,180,180,0.04162245599797762
2024-04-10,5,180,180,0.028128465085635223
2024-04-11,1,181,181,0.019768301128835566
2024-04-11,2,180,179,0.03627665917473829
2024-04-11,3,181,181,0.04390734766105748
2024-04-11,4,180,180,0.02801818695948391
2024-04-11,5,180,180,0.02172853755916715
2024-04-12,1,180,179,0.025975200781880956
2024-04-12,2,180,180,0.028470513188490233
2024-04-12,3,179,179,0.046221713408139985
2024-04-12,4,180,180,0.0368229539795566
2024-04-12,5,179,179,0.04062435726308542
2024-04-15,1,180,180,0.055081060269386514
2024-04-15,2,179,179,0.03954873960539974
2024-04-15,3,179,179,0.0519889097897953
2024-04-15,4,179,179,0.048866439944222136
2024-04-15,5,179,179,0.034487605461402504
2024-04-16,1,178,178,0.09772213955053852
2024-04-16,2,177,176,0.10638886483193928
2024-04-16,3,177,176,0.09861095650885038
2024-04-16,4,177,177,0.08341518008159192
2024-04-16,5,177,177,0.07357391507758974
2024-04-17,1,180,180,0.060423688811942156
2024-04-17,2,179,179,0.06946420413389433
2024-04-17,3,179,179,0.05806069889637464
2024-04-17,4,179,178,0.06443212383405865
2024-04-17,5,179,179,0.053347412532425406
2024-04-18,1,180,180,0.059497783545840455
2024-04-18,2,179,179,0.06419868795490911
2024-04-18,3,179,179,0.0626699163450115
2024-04-18,4,179,179,0.05071268673411261
2024-04-18,5,179,179,0.04529577512158717
2024-04-19,1,179,179,0.07797343346378546
2024-04-19,2,178,178,0.08498373907952375
2024-04-19,3,179,179,0.06704083651772177
2024-04-19,4,178,178,0.04273405393359584
2024-04-19,5,178,178,0.023496708131713374
2024-04-22,1,178,178,0.045710553793143316
2024-04-22,2,178,178,0.060939016220249505
2024-04-22,3,178,178,0.05162555031795228
2024-04-22,4,178,178,0.03402376429409725
2024-04-22,5,177,177,0.023367825234200952
2024-04-23,1,178,178,0.028464293099367058
2024-04-23,2,178,178,0.0493256037358423
2024-04-23,3,178,178,0.04393519115795498
2024-04-23,4,178,178,0.03548508260950577
2024-04-23,5,178,178,0.03222957764394145
2024-04-24,1,179,179,0.02902624151805459
2024-04-24,2,178,178,0.044020985125307506
2024-04-24,3,178,177,0.03480299969441868
2024-04-24,4,178,178,0.036388144788217336
2024-04-24,5,178,178,0.04069673499418334
2024-04-25,1,179,178,0.009853470017067276
2024-04-25,2,178,178,0.02170350530072932
2024-04-25,3,178,178,0.026357707975898155
2024-04-25,4,178,178,0.01590113089309104
2024-04-25,5,178,178,0.03081816741887542
2024-04-26,1,181,181,-0.012387058330814082
2024-04-26,2,180,180,0.0050520347894756545
2024-04-26,3,180,180,-0.003254714169144106
2024-04-26,4,180,180,0.004600009508257612
2024-04-26,5,180,180,0.009407252530041021
2024-04-29,1,181,177,-0.02955792989412818
2024-04-29,2,181,181,-0.02506280873610668
2024-04-29,3,181,180,-0.024325250666939625
2024-04-29,4,181,181,-0.0216521742212321
2024-04-29,5,180,180,0.003850010031154795
2024-04-30,1,180,180,-0.03232631491625907
2024-04-30,2,179,179,-0.029901946480208826
2024-04-30,3,180,180,-0.024107245661890285
2024-04-30,4,179,179,-0.020573779465701676
2024-04-30,5,179,179,-0.021189839892761294
2024-05-06,1,181,181,-0.060873705143902376
2024-05-06,2,181,181,-0.05316638562931606
2024-05-06,3,181,181,-0.04316698121857802
2024-05-06,4,181,181,-0.04047602295237243
2024-05-06,5,180,180,-0.03438560962223382
2024-05-07,1,181,181,-0.05118027588502405
2024-05-07,2,181,181,-0.05393575945770795
2024-05-07,3,180,180,-0.04058049629906444
2024-05-07,4,181,181,-0.0381614293365608
2024-05-07,5,180,180,-0.03142477704179715
2024-05-08,1,181,181,-0.057917594453204324
2024-05-08,2,180,180,-0.045071074457025066
2024-05-08,3,181,181,-0.03545864373217306
2024-05-08,4,180,180,-0.03126130429561808
2024-05-08,5,180,180,-0.0351645261149197
2024-05-09,1,181,181,-0.0863425368769786
2024-05-09,2,180,180,-0.07177558575824544
2024-05-09,3,181,181,-0.06695858794435847
2024-05-09,4,180,180,-0.057148183727319904
2024-05-09,5,180,180,-0.06250561578833748
2024-05-10,1,181,181,-0.0641662082241265
2024-05-10,2,181,181,-0.07075586298069171
2024-05-10,3,180,180,-0.061004939935491595
2024-05-10,4,181,180,-0.04972922759794615
2024-05-10,5,180,180,-0.056348694810965605
2024-05-13,1,180,180,-0.0544693705554064
2024-05-13,2,180,180,-0.059918700866741205
2024-05-13,3,180,180,-0.055350410405451494
2024-05-13,4,180,180,-0.046939120019837625
2024-05-13,5,180,180,-0.05823225247634342
2024-05-14,1,181,181,-0.055890163426156075
2024-05-14,2,180,180,-0.044539593940740946
2024-05-14,3,180,180,-0.05296678283882806
2024-05-14,4,180,180,-0.044873867150168834
2024-05-14,5,180,180,-0.05684538420516132
2024-05-15,1,181,181,-0.05602926887327401
2024-05-15,2,180,180,-0.05781887371867326
2024-05-15,3,180,180,-0.048872448519665816
2024-05-15,4,180,180,-0.06201792212293879
2024-05-15,5,180,180,-0.06273634588195802
2024-05-16,1,181,181,-0.0512614494529824
2024-05-16,2,180,180,-0.058397512099580745
2024-05-16,3,180,180,-0.04946723174968351
2024-05-16,4,180,180,-0.054880499153911494
2024-05-16,5,180,180,-0.06238124938557695
2024-05-17,1,182,182,-0.058008691843924966
2024-05-17,2,181,181,-0.05955947724920977
2024-05-17,3,181,181,-0.07044849074871715
2024-05-17,4,181,180,-0.06686149503603275
2024-05-17,5,181,180,-0.0740682833616742
2024-05-20,1,181,181,-0.0606777310387461
2024-05-20,2,180,180,-0.051206859698669324
2024-05-20,3,180,180,-0.056032265519552066
2024-05-20,4,180,180,-0.053939972352742414
2024-05-20,5,180,180,-0.07488629246696522
2024-05-21,1,181,181,-0.06480072060581252
2024-05-21,2,180,180,-0.05656551248252845
2024-05-21,3,180,180,-0.05550179872139659
2024-05-21,4,180,180,-0.05742491361191022
2024-05-21,5,180,180,-0.08546381682392658
2024-05-22,1,181,181,-0.08156181289014454
2024-05-22,2,180,180,-0.07573481601504084
2024-05-22,3,181,181,-0.07519708986774741
2024-05-22,4,180,180,-0.0780587733645455
2024-05-22,5,180,180,-0.09340564873660308
2024-05-23,1,180,180,-0.0642397183362764
2024-05-23,2,179,179,-0.06626646086693058
2024-05-23,3,179,179,-0.06359380658123152
2024-05-23,4,179,179,-0.05870285403358487
2024-05-23,5,179,179,-0.0731987031421087
2024-05-24,1,180,180,-0.07557817030839557
2024-05-24,2,179,179,-0.07635077469503149
2024-05-24,3,179,179,-0.0752971161498919
2024-05-24,4,179,179,-0.07899246849881998
2024-05-24,5,179,179,-0.07924543149670234
2024-05-27,1,180,180,-0.1003422192567933
2024-05-27,2,179,179,-0.09254750054328767
2024-05-27,3,180,180,-0.07714514423185227
2024-05-27,4,179,179,-0.08086919426784756
2024-05-27,5,179,179,-0.09111968212895179
2024-05-28,1,179,179,-0.06540114204332405
2024-05-28,2,179,179,-0.05606370298209946
2024-05-28,3,179,179,-0.05332993422998625
2024-05-28,4,179,179,-0.05672467623679316
2024-05-28,5,179,179,-0.06647508872032755
2024-05-29,1,179,179,-0.08335585109393859
2024-05-29,2,179,179,-0.0662244754069901
2024-05-29,3,179,179,-0.06560724150857136
2024-05-29,4,179,179,-0.0806593965214858
2024-05-29,5,178,178,-0.07757730156231876
2024-05-30,1,179,179,-0.07699098574854431
2024-05-30,2,178,178,-0.06924732077536787
2024-05-30,3,179,179,-0.06955126900581347
2024-05-30,4,178,178,-0.06389602421345546
2024-05-30,5,178,178,-0.06429321082387665
2024-05-31,1,178,178,-0.06936368270162985
2024-05-31,2,178,178,-0.06486139453618929
2024-05-31,3,178,178,-0.06187887930724023
2024-05-31,4,178,178,-0.054951519378347205
2024-05-31,5,177,177,-0.0429805343258428
2024-06-03,1,178,178,-0.06979951847598755
2024-06-03,2,177,177,-0.05421921622560059
2024-06-03,3,178,178,-0.04248056900187232
2024-06-03,4,177,177,-0.047005807235999335
2024-06-03,5,177,177,-0.042503090264894655
2024-06-04,1,177,177,-0.06860263157433576
2024-06-04,2,177,177,-0.05756501125042364
2024-06-04,3,176,176,-0.05697586054340467
2024-06-04,4,177,177,-0.05649968975387897
2024-06-04,5,176,176,-0.060214241935113065
2024-06-05,1,177,177,-0.07734540826420773
2024-06-05,2,176,176,-0.0727376074516054
2024-06-05,3,176,176,-0.0684936144105493
2024-06-05,4,176,176,-0.07168993738849026
2024-06-05,5,176,176,-0.07135920595625807
2024-06-06,1,176,176,-0.04846717557885896
2024-06-06,2,176,176,-0.04963102456594981
2024-06-06,3,176,175,-0.04784073700310583
2024-06-06,4,176,176,-0.055067035335488894
2024-06-06,5,176,176,-0.06254400816284682
2024-06-07,1,177,177,-0.07750131880053078
2024-06-07,2,176,176,-0.0730419684251366
2024-06-07,3,177,177,-0.06294337061253738
2024-06-07,4,176,175,-0.07200013022605245
2024-06-07,5,176,176,-0.0598884701563261
2024-06-11,1,176,176,-0.06419703493113045
2024-06-11,2,176,176,-0.0585662149309722
2024-06-11,3,175,175,-0.058230335917018566
2024-06-11,4,176,176,-0.05847560351718048
2024-06-11,5,175,175,-0.060552469479378215
2024-06-12,1,176,176,-0.07169523088022813
2024-06-12,2,176,176,-0.0482769941929156
2024-06-12,3,176,176,-0.05887340726162555
2024-06-12,4,176,176,-0.0437158423351904
2024-06-12,5,175,175,-0.053217025017814966
2024-06-13,1,175,175,-0.04280716020220392
2024-06-13,2,175,175,-0.02915613797029037
2024-06-13,3,175,175,-0.03683665916699448
2024-06-13,4,175,175,-0.03360068608459807
2024-06-13,5,175,175,-0.030820716965611866
2024-06-14,1,176,176,-0.04684353731340187
2024-06-14,2,175,175,-0.041709936998811585
2024-06-14,3,176,176,-0.03692812036819027
2024-06-14,4,175,175,-0.034526551587269035
2024-06-14,5,175,175,-0.04030754246307489
2024-06-17,1,175,175,-0.0537219251375611
2024-06-17,2,175,175,-0.052227407714535365
2024-06-17,3,175,175,-0.04019122819605986
2024-06-17,4,175,175,-0.05495850284626894
2024-06-17,5,175,175,-0.04715307755075291
2024-06-18,1,176,176,-0.06025305457987407
2024-06-18,2,175,175,-0.055444236758905786
2024-06-18,3,175,175,-0.04631446546699036
2024-06-18,4,175,175,-0.05609767673660464
2024-06-18,5,175,175,-0.045378919784602546
2024-06-19,1,175,175,-0.06120565424346824
2024-06-19,2,175,175,-0.05993960948849478
2024-06-19,3,175,175,-0.04885255633796553
2024-06-19,4,175,175,-0.048065673891921464
2024-06-19,5,174,174,-0.044348227079322775
2024-06-20,1,175,175,-0.03956969124511339
2024-06-20,2,175,175,-0.033722058636825564
2024-06-20,3,175,175,-0.03850801281109268
2024-06-20,4,175,175,-0.02412976277153156
2024-06-20,5,174,174,-0.01648418243489218
2024-06-21,1,175,175,-0.03334887214406236
2024-06-21,2,175,175,-0.025954699063784618
2024-06-21,3,175,175,-0.022256399257015665
2024-06-21,4,175,175,-0.021604369314746075
2024-06-21,5,175,175,-0.006107621361012235
2024-06-24,1,174,174,-0.013832334604901781
2024-06-24,2,174,174,-0.0012115522589617334
2024-06-24,3,174,174,-0.006957168909887793
2024-06-24,4,174,174,0.0014478979177655737
2024-06-24,5,173,173,0.0038191689000088673
2024-06-25,1,174,174,-0.03405761714090002
2024-06-25,2,174,174,-0.022255857049639304
2024-06-25,3,174,174,-0.01933749797139719
2024-06-25,4,174,174,-0.028679043087999363
2024-06-25,5,173,173,-0.017564399173960347
2024-06-26,1,175,175,-0.07886458764355762
2024-06-26,2,174,174,-0.05375892352643874
2024-06-26,3,175,175,-0.05584602859920156
2024-06-26,4,174,174,-0.05333279431983235
2024-06-26,5,174,174,-0.048773937321670506
2024-06-27,1,175,175,-0.047803500351584906
2024-06-27,2,174,174,-0.040743438387082886
2024-06-27,3,174,174,-0.02617292438028768
2024-06-27,4,174,174,-0.030110274133799474
2024-06-27,5,174,174,-0.031239747602536755
2024-06-28,1,174,174,-0.04003947303688753
2024-06-28,2,174,174,-0.024334755029801695
2024-06-28,3,174,174,-0.016194386908034365
2024-06-28,4,174,174,-0.028265745620766346
2024-06-28,5,173,173,-0.03227623072034806
2024-07-01,1,174,174,-0.05736704210224436
2024-07-01,2,174,174,-0.03798827446604913
2024-07-01,3,174,174,-0.03374862434462909
2024-07-01,4,174,174,-0.044542447746811285
2024-07-01,5,174,174,-0.04909472201253356
2024-07-02,1,174,174,-0.04716615535234694
2024-07-02,2,174,174,-0.04082306532156671
2024-07-02,3,174,174,-0.02295443017061417
2024-07-02,4,174,174,-0.02995791916714998
2024-07-02,5,174,173,-0.039215885125335664
2024-07-03,1,174,174,0.0018261552117720104
2024-07-03,2,174,174,0.0007700757123809725
2024-07-03,3,174,173,0.011963351203312406
2024-07-03,4,174,174,0.009873858125498678
2024-07-03,5,173,172,0.003718679042812362
2024-07-04,1,173,173,0.007855367537632827
2024-07-04,2,173,173,0.015279997878132997
2024-07-04,3,173,172,0.02505489035887659
2024-07-04,4,173,173,0.022629249052706187
2024-07-04,5,172,171,0.00892053170579054
2024-07-05,1,173,173,-0.010172621777548355
2024-07-05,2,172,172,-0.0017594832937842426
2024-07-05,3,173,173,0.013066810600338893
2024-07-05,4,172,171,0.007468265207479375
2024-07-05,5,172,171,-0.01237730354654839
2024-07-08,1,171,171,0.017706844925692262
2024-07-08,2,171,171,0.028313131237247675
2024-07-08,3,171,171,0.024672775334084785
2024-07-08,4,171,170,0.019223025528108596
2024-07-08,5,170,170,-0.007718687437175785
2024-07-09,1,171,171,0.013727478827000449
2024-07-09,2,170,170,0.018736908181152676
2024-07-09,3,171,171,0.013353880213740708
2024-07-09,4,170,169,0.011166054418840107
2024-07-09,5,170,170,-0.03652369464167688
2024-07-10,1,170,170,-0.011053062325774068
2024-07-10,2,170,170,-0.0016706613299012423
2024-07-10,3,169,168,0.0019675283908564996
2024-07-10,4,170,170,-0.0062528092572132835
2024-07-10,5,169,169,-0.040912358801965046
2024-07-11,1,172,171,-0.017749445772680315
2024-07-11,2,171,171,-0.008158686043572417
2024-07-11,3,171,171,-0.004292667008779852
2024-07-11,4,171,171,-0.004563970316041816
2024-07-11,5,171,171,-0.03627925223552956
2024-07-12,1,172,172,-0.026992073027520293
2024-07-12,2,172,171,-0.01952101926796894
2024-07-12,3,171,171,-0.015500286736718445
2024-07-12,4,172,172,-0.02003564661804354
2024-07-12,5,171,171,-0.03067507444896104
2024-07-15,1,171,171,-0.025086198252833574
2024-07-15,2,171,170,-0.017255345916628532
2024-07-15,3,171,171,-0.011057675436908816
2024-07-15,4,171,171,-0.005755206396155013
2024-07-15,5,171,171,-0.032969220751807235
2024-07-16,1,171,171,-0.029316435195080613
2024-07-16,2,171,170,-0.019743236357894427
2024-07-16,3,170,170,-0.006151469304794772
2024-07-16,4,171,171,-0.0009902722015695772
2024-07-16,5,170,170,-0.04209658284134032
2024-07-17,1,171,171,-0.03299847312123415
2024-07-17,2,171,171,-0.014251242020407442
2024-07-17,3,171,171,-0.0072863658953557274
2024-07-17,4,171,171,-0.005118437657484619
2024-07-17,5,170,170,-0.03694875968199539
2024-07-18,1,171,171,-0.026742383723911488
2024-07-18,2,171,171,0.0030373495858601316
2024-07-18,3,170,170,0.004526227621084817
2024-07-18,4,171,171,-0.0018549457149077623
2024-07-18,5,170,170,-0.03320629198062478
2024-07-19,1,171,171,-0.0324796116116268
2024-07-19,2,170,170,-0.022598811691238913
2024-07-19,3,170,170,-0.00936028221056299
2024-07-19,4,170,170,-0.0199495984997065
2024-07-19,5,170,170,-0.04250286482301041
2024-07-22,1,170,170,-0.03877480473445648
2024-07-22,2,169,169,-0.015048976552063996
2024-07-22,3,170,170,-0.008450952974665643
2024-07-22,4,169,169,-0.018329035145465838
2024-07-22,5,169,169,-0.036749091663958455
2024-07-23,1,169,169,-0.03639748956315556
2024-07-23,2,169,169,-0.00983469599427534
2024-07-23,3,169,169,-0.00283436638757696
2024-07-23,4,169,169,-0.0067830774165424145
2024-07-23,5,168,168,-0.02539824461035121
2024-07-24,1,168,168,-0.014256078108492963
2024-07-24,2,168,167,0.006970923755459491
2024-07-24,3,167,167,0.005488224086259775
2024-07-24,4,168,168,0.0032779029312023956
2024-07-24,5,167,167,-0.013010357985630135
2024-07-25,1,169,169,-0.031846230295135204
2024-07-25,2,168,168,-0.019201317356982314
2024-07-25,3,168,167,-0.01978391579857219
2024-07-25,4,168,168,-0.022721776749345116
2024-07-25,5,168,168,-0.038054685473630674
2024-07-26,1,169,169,-0.03899441527879918
2024-07-26,2,169,169,-0.02844059200629332
2024-07-26,3,169,168,-0.03080129298859099
2024-07-26,4,169,169,-0.02358115334285276
2024-07-26,5,169,169,-0.04498186176475696
2024-07-29,1,169,169,-0.03810360479728274
2024-07-29,2,169,169,-0.01512518549977322
2024-07-29,3,168,167,-0.023278041790315788
2024-07-29,4,169,169,-0.021318826429096282
2024-07-29,5,168,168,-0.03018676584322923
2024-07-30,1,169,169,-0.04724476539879259
2024-07-30,2,168,168,-0.036155946653367736
2024-07-30,3,168,168,-0.03472315230332764
2024-07-30,4,168,167,-0.03293322102832258
2024-07-30,5,168,167,-0.0525937384044311
2024-07-31,1,170,169,-0.08840209468975424
2024-07-31,2,169,169,-0.06687745951814923
2024-07-31,3,170,170,-0.06827650080083958
2024-07-31,4,169,168,-0.07255631386351402
2024-07-31,5,169,168,-0.0808466671875715
2024-08-01,1,169,169,-0.04911135800077145
2024-08-01,2,169,169,-0.04933425345784664
2024-08-01,3,169,169,-0.044384512774967515
2024-08-01,4,169,168,-0.04799328421349066
2024-08-01,5,168,168,-0.0639568355161077
2024-08-02,1,170,170,-0.013019233559864136
2024-08-02,2,169,169,-0.023643920808770248
2024-08-02,3,170,170,-0.026078286021972093
2024-08-02,4,169,169,-0.01644419269041842
2024-08-02,5,169,168,-0.04334116948570091
2024-08-05,1,170,169,-0.02651329592961644
2024-08-05,2,170,170,-0.03747270857291846
2024-08-05,3,170,170,-0.034430466949956384
2024-08-05,4,170,169,-0.03335895081652114
2024-08-05,5,169,168,-0.05562451887925146
2024-08-06,1,170,169,-0.02350200586218419
2024-08-06,2,169,169,-0.03534611531430608
2024-08-06,3,169,169,-0.028841826776989578
2024-08-06,4,169,168,-0.03472692730712236
2024-08-06,5,169,168,-0.05353582012916177
2024-08-07,1,170,169,-0.02538711942041895
2024-08-07,2,170,170,-0.02656224155684879
2024-08-07,3,169,168,-0.03199216219579085
2024-08-07,4,170,170,-0.024663422025909727
2024-08-07,5,169,169,-0.04514483936674459
2024-08-08,1,170,169,-0.031369347781706046
2024-08-08,2,169,168,-0.036896140784878934
2024-08-08,3,169,168,-0.02867588666923356
2024-08-08,4,169,168,-0.030335201513852213
2024-08-08,5,169,169,-0.029376144678573742
2024-08-09,1,169,168,-0.04556039041371698
2024-08-09,2,169,168,-0.04803377735147694
2024-08-09,3,169,169,-0.03463567454454332
2024-08-09,4,169,167,-0.035245103146083166
2024-08-09,5,169,169,-0.03258022419347387
2024-08-12,1,170,169,-0.03204476872865826
2024-08-12,2,169,168,-0.04897711542007912
2024-08-12,3,170,169,-0.03266617122642749
2024-08-12,4,169,168,-0.04079736873006861
2024-08-12,5,169,169,-0.02948455694673469
2024-08-13,1,170,170,-0.047697182623152444
2024-08-13,2,169,167,-0.05233232480262073
2024-08-13,3,170,169,-0.038602698983750655
2024-08-13,4,169,169,-0.04378874458319319
2024-08-13,5,169,168,-0.03817480770422374
2024-08-14,1,170,170,-0.030628623192943533
2024-08-14,2,170,169,-0.03980892309568991
2024-08-14,3,170,169,-0.024736102837584335
2024-08-14,4,170,169,-0.03278372811182445
2024-08-14,5,170,169,-0.03462404049589555
2024-08-15,1,170,170,-0.05011516626570772
2024-08-15,2,170,170,-0.05668581681297526
2024-08-15,3,170,170,-0.046072617513865474
2024-08-15,4,170,167,-0.03718393468487847
2024-08-15,5,170,169,-0.05036071835658477
2024-08-16,1,171,171,-0.05005392158867656
2024-08-16,2,170,170,-0.057740853746932407
2024-08-16,3,171,171,-0.05768519627126187
2024-08-16,4,170,167,-0.04076704499554499
2024-08-16,5,170,169,-0.05042671024930659
2024-08-19,1,171,171,-0.04512891649042045
2024-08-19,2,171,171,-0.06248454164673332
2024-08-19,3,170,169,-0.04636518196588446
2024-08-19,4,171,170,-0.04264536067478493
2024-08-19,5,170,170,-0.046620721920641164
2024-08-20,1,170,170,-0.008043157254790215
2024-08-20,2,170,170,-0.02855464634036035
2024-08-20,3,170,170,-0.006013736581360268
2024-08-20,4,170,168,-0.01959830790059053
2024-08-20,5,169,169,-0.012487293501878239
2024-08-21,1,170,170,-0.013358062571476497
2024-08-21,2,170,170,-0.01312091611233917
2024-08-21,3,169,168,-0.0093035615849177
2024-08-21,4,170,169,-0.02050633475616643
2024-08-21,5,169,168,-0.016679712750566435
2024-08-22,1,169,169,0.012273338466338693
2024-08-22,2,169,169,0.012213276646622244
2024-08-22,3,169,169,0.021676510066342778
2024-08-22,4,169,167,0.01398758603001999
2024-08-22,5,169,169,-0.006308244345440323
2024-08-23,1,169,169,0.05388797372128222
2024-08-23,2,169,169,0.061430670222337176
2024-08-23,3,169,169,0.04658863768694038
2024-08-23,4,169,167,0.047072395555317816
2024-08-23,5,168,168,0.02885238910593217
2024-08-26,1,170,170,0.04633931389691669
2024-08-26,2,170,170,0.051419214487906977
2024-08-26,3,170,170,0.05074781645918955
2024-08-26,4,170,169,0.03656717768826392
2024-08-26,5,169,168,0.03131900028421376
2024-08-27,1,170,170,0.1488761730168356
2024-08-27,2,170,170,0.13128263844981347
2024-08-27,3,170,170,0.12686792864643767
2024-08-27,4,170,168,0.11319930608962411
2024-08-27,5,169,169,0.09216811841681355
2024-08-28,1,170,170,0.24420503204461852
2024-08-28,2,169,169,0.23317633559272094
2024-08-28,3,170,170,0.21316855985782515
2024-08-28,4,169,168,0.1951404773464409
2024-08-28,5,169,168,0.1593199507150642
2024-08-29,1,169,169,0.38500240039763983
2024-08-29,2,169,169,0.3756835676885387
2024-08-29,3,169,168,0.37644776933369345
2024-08-29,4,169,168,0.33866272246460516
2024-08-29,5,169,169,0.3265738142048608
2024-08-30,1,170,170,0.256392201092927
2024-08-30,2,170,170,0.2748690034891865
2024-08-30,3,170,169,0.2758235820577236
2024-08-30,4,170,170,0.2392524864031487
2024-08-30,5,170,169,0.25501000677577257
2024-09-02,1,170,168,0.2459344681988859
2024-09-02,2,169,169,0.2302671218635045
2024-09-02,3,170,170,0.22552412915111722
2024-09-02,4,169,169,0.19763951603354207
2024-09-02,5,169,169,0.19537512026262657
2024-09-03,1,169,169,0.2184240138775012
2024-09-03,2,169,169,0.21815231321082817
2024-09-03,3,168,168,0.19871525242804
2024-09-03,4,169,169,0.17902012732243344
2024-09-03,5,168,168,0.18814469826361696
2024-09-04,1,168,168,0.17835308515501638
2024-09-04,2,168,168,0.18049403979826004
2024-09-04,3,168,168,0.1738701752101029
2024-09-04,4,168,168,0.15603617691286026
2024-09-04,5,168,168,0.16300829867826586
2024-09-05,1,169,169,0.1936325991703385
2024-09-05,2,168,168,0.16636331447221636
2024-09-05,3,169,169,0.18925398824746414
2024-09-05,4,168,167,0.16102627060252667
2024-09-05,5,168,167,0.18522179049891316
2024-09-06,1,168,168,0.180812495389512
2024-09-06,2,168,168,0.16969646708204889
2024-09-06,3,168,168,0.17544813744456156
2024-09-06,4,168,168,0.15983028216057243
2024-09-06,5,168,168,0.16979068231769978
2024-09-09,1,168,168,0.20789589054005153
2024-09-09,2,168,168,0.19804799050358543
2024-09-09,3,167,167,0.19381950689655478
2024-09-09,4,168,168,0.20202978253412138
2024-09-09,5,167,167,0.20056874159386695
2024-09-10,1,167,167,0.19628957664716415
2024-09-10,2,167,167,0.17589895312108045
2024-09-10,3,166,166,0.1861747160214318
2024-09-10,4,167,167,0.1809237959492386
2024-09-10,5,166,165,0.18038991865348403
2024-09-11,1,167,167,0.24078446177490145
2024-09-11,2,166,166,0.21755174477256822
2024-09-11,3,166,165,0.22292561359416202
2024-09-11,4,166,166,0.22215791803901921
2024-09-11,5,166,165,0.22449106644321398
2024-09-12,1,167,167,0.2699316724500661
2024-09-12,2,166,166,0.22876050016267835
2024-09-12,3,167,166,0.24029177344138553
2024-09-12,4,166,166,0.21905915102519588
2024-09-12,5,166,165,0.2417444359305925
2024-09-13,1,167,167,0.30519759288177245
2024-09-13,2,167,167,0.2709609127981437
2024-09-13,3,166,166,0.24805721014966395
2024-09-13,4,167,166,0.2596102919402572
2024-09-13,5,166,165,0.25452850133010185
2024-09-18,1,167,167,0.28813510691031835
2024-09-18,2,167,167,0.26650096626060044
2024-09-18,3,167,167,0.25933237163331807
2024-09-18,4,167,166,0.25501999769012446
2024-09-18,5,166,165,0.23604902225139718
2024-09-19,1,167,167,0.23871765137912326
2024-09-19,2,167,167,0.2352932352577215
2024-09-19,3,167,167,0.2327151554138463
2024-09-19,4,167,166,0.2539327912103612
2024-09-19,5,167,166,0.24894325805928535
2024-09-20,1,167,167,0.27426938805445505
2024-09-20,2,167,166,0.2646715854556528
2024-09-20,3,167,167,0.25753248093027004
2024-09-20,4,167,167,0.2402419627482033
2024-09-20,5,167,166,0.28753751330032284
2024-09-23,1,167,166,0.28620326664157514
2024-09-23,2,167,167,0.2880607761337749
2024-09-23,3,167,167,0.27762034183360873
2024-09-23,4,167,167,0.24650361915578942
2024-09-23,5,167,166,0.30193685559282596
2024-09-24,1,170,169,0.20343268943856407
2024-09-24,2,169,169,0.1790761794424607
2024-09-24,3,169,168,0.18386965027801816
2024-09-24,4,169,169,0.1821305198339863
2024-09-24,5,169,168,0.26182501427553423
2024-09-25,1,172,172,0.21603146247868327
2024-09-25,2,171,170,0.20738737262619988
2024-09-25,3,171,171,0.19742663293415963
2024-09-25,4,171,171,0.19460611849033366
2024-09-25,5,171,170,0.2618625710673429
2024-09-26,1,173,173,0.15626797794225564
2024-09-26,2,173,173,0.13908125628052528
2024-09-26,3,173,172,0.14249940252053336
2024-09-26,4,173,173,0.1482250250047027
2024-09-26,5,173,173,0.20642697273611105
2024-09-27,1,176,176,0.06199745402204066
2024-09-27,2,176,176,0.055607984313187725
2024-09-27,3,176,176,0.05327799866833132
2024-09-27,4,176,175,0.045165221724342626
2024-09-27,5,176,176,0.07634314686354184
2024-09-30,1,180,180,-0.06311795321963153
2024-09-30,2,180,180,-0.056337549763529636
2024-09-30,3,180,180,-0.07079001806733813
2024-09-30,4,180,179,-0.05205875557603123
2024-09-30,5,180,180,-0.04654203754691397
2024-10-08,1,183,183,0.033301018441020756
2024-10-08,2,183,183,0.019864255039790855
2024-10-08,3,182,181,0.01858034264029515
2024-10-08,4,183,183,0.03395175281010231
2024-10-08,5,182,182,0.04781838298711966
2024-10-09,1,181,181,0.09699226073847711
2024-10-09,2,180,180,0.06298526188217353
2024-10-09,3,181,180,0.07419370312329178
2024-10-09,4,180,180,0.08863649516522555
2024-10-09,5,180,179,0.09210490291061751
2024-10-10,1,181,180,0.1248233098675326
2024-10-10,2,180,180,0.13808241237802465
2024-10-10,3,180,180,0.12440300976632127
2024-10-10,4,180,180,0.13667925289730865
2024-10-10,5,180,180,0.16997741853939094
2024-10-11,1,180,180,0.13670978457631555
2024-10-11,2,180,179,0.15119155302118634
2024-10-11,3,179,179,0.14116229765436414
2024-10-11,4,180,180,0.14661596145152092
2024-10-11,5,179,179,0.16037350227763045
2024-10-14,1,181,181,0.13335621042476056
2024-10-14,2,180,180,0.14240408318985398
2024-10-14,3,180,179,0.1628799979369767
2024-10-14,4,180,180,0.14052525006489378
2024-10-14,5,180,180,0.18219291905836488
2024-10-15,1,181,180,0.15584794113009454
2024-10-15,2,180,180,0.1558637144719976
2024-10-15,3,181,181,0.16922907775473908
2024-10-15,4,180,180,0.18207502142462634
2024-10-15,5,180,180,0.17296998875018024
2024-10-16,1,181,180,0.15923739847701088
2024-10-16,2,180,180,0.14387787691462492
2024-10-16,3,181,181,0.1363905229618176
2024-10-16,4,180,180,0.13730710795958448
2024-10-16,5,180,180,0.13267640495683547
2024-10-17,1,180,179,0.14447735345384133
2024-10-17,2,180,180,0.13002399607311171
2024-10-17,3,180,180,0.11467532023087337
2024-10-17,4,180,180,0.1255870355844299
2024-10-17,5,179,178,0.12227363364668264
2024-10-18,1,181,180,0.09143808542385429
2024-10-18,2,180,180,0.08632587316286355
2024-10-18,3,181,181,0.07417666220408647
2024-10-18,4,180,180,0.07482020686745978
2024-10-18,5,180,179,0.06844750019011864
2024-10-21,1,181,180,0.06026989133908748
2024-10-21,2,180,180,0.07162129064907552
2024-10-21,3,181,181,0.04881901925581478
2024-10-21,4,180,180,0.04568809895874126
2024-10-21,5,180,180,0.02570702262543912
2024-10-22,1,181,181,0.06889790077689541
2024-10-22,2,181,181,0.0686424327546013
2024-10-22,3,181,181,0.04921508063942134
2024-10-22,4,181,181,0.04630260860132635
2024-10-22,5,180,180,0.032428666791977326
2024-10-23,1,181,181,0.0834416747508751
2024-10-23,2,181,181,0.0809032543060593
2024-10-23,3,181,181,0.050371849527874754
2024-10-23,4,181,181,0.07665794532283637
2024-10-23,5,180,180,0.06566038488123752
2024-10-24,1,182,182,0.09180767090124886
2024-10-24,2,181,181,0.08646669520597167
2024-10-24,3,181,181,0.06801362710365369
2024-10-24,4,181,181,0.06157725535446148
2024-10-24,5,181,181,0.052298901490761426
2024-10-25,1,182,182,0.0388150663887019
2024-10-25,2,182,182,0.04032207637098008
2024-10-25,3,182,182,0.026781153271156065
2024-10-25,4,182,182,0.009542157790541378
2024-10-25,5,181,180,0.0025454550301884458
2024-10-28,1,183,183,0.014313262236956122
2024-10-28,2,183,183,0.01088705108474414
2024-10-28,3,183,183,0.015865712519036585
2024-10-28,4,183,182,0.005590433674853679
2024-10-28,5,182,182,-0.030121909605245332
2024-10-29,1,183,183,0.054767565161358917
2024-10-29,2,182,182,0.024669003091354728
2024-10-29,3,182,182,0.007216091244472224
2024-10-29,4,182,182,0.0146676151161956
2024-10-29,5,182,180,-0.024225069761721004
2024-10-30,1,183,183,0.08531158898073561
2024-10-30,2,182,182,0.05168319235671661
2024-10-30,3,182,182,0.025467444796978
2024-10-30,4,182,181,0.025799993081404602
2024-10-30,5,182,181,-0.023445538560121007
2024-10-31,1,183,183,0.04483606190836589
2024-10-31,2,183,183,0.05125273296799176
2024-10-31,3,183,182,0.02342626646478974
2024-10-31,4,183,183,0.022555683375141487
2024-10-31,5,182,182,-0.05191650936502488
2024-11-01,1,183,183,0.07793563634550923
2024-11-01,2,182,181,0.06992784686314371
2024-11-01,3,182,182,0.039718422016686156
2024-11-01,4,182,182,0.055238056793938506
2024-11-01,5,182,181,0.0038963372169163123
2024-11-04,1,183,182,0.06278252190520735
2024-11-04,2,183,183,0.06902944196093198
2024-11-04,3,182,182,0.03862210144416025
2024-11-04,4,183,183,0.04107712057813433
2024-11-04,5,182,181,0.036313403638257524
2024-11-05,1,185,184,0.028364006633736748
2024-11-05,2,184,184,0.01681639680714634
2024-11-05,3,184,183,0.029598977024582675
2024-11-05,4,184,184,0.006654225279738857
2024-11-05,5,184,183,-0.0034199547468823674
2024-11-06,1,184,184,0.011051907578523437
2024-11-06,2,184,184,0.010421954105876258
2024-11-06,3,183,183,0.005694300457852457
2024-11-06,4,184,182,0.006369505405740473
2024-11-06,5,183,182,-0.015002262720159663
2024-11-07,1,186,186,-0.016715663742707425
2024-11-07,2,185,185,-0.011990226325169412
2024-11-07,3,185,185,-0.02531492020211009
2024-11-07,4,185,183,-0.029880227020818242
2024-11-07,5,185,185,-0.038911277645467736
2024-11-08,1,185,185,0.01027480425275671
2024-11-08,2,185,185,0.0006588963366063645
2024-11-08,3,184,184,0.011536285392033618
2024-11-08,4,185,184,-0.0031385518630437426
2024-11-08,5,184,184,-0.013116878675223997
2024-11-11,1,185,185,0.0071655210735392496
2024-11-11,2,185,185,0.014867669813647406
2024-11-11,3,185,185,0.009965468671955623
2024-11-11,4,185,185,0.018818343921995745
2024-11-11,5,184,183,-0.013425086135510383
2024-11-12,1,185,185,0.0039472429438248855
2024-11-12,2,184,184,0.003715670545844456
2024-11-12,3,184,184,0.007466192698191252
2024-11-12,4,184,183,0.002078935749837186
2024-11-12,5,184,184,-0.02203453190318158
2024-11-13,1,184,184,0.001935647659383295
2024-11-13,2,184,184,0.03130721801741691
2024-11-13,3,184,183,0.011394583567707001
2024-11-13,4,184,184,0.01009975589866964
2024-11-13,5,184,184,0.0024696765573891605
2024-11-14,1,184,183,0.033696124773198353
2024-11-14,2,183,183,0.053807452502769484
2024-11-14,3,184,184,0.0530256456703358
2024-11-14,4,183,183,0.037404665295106845
2024-11-14,5,183,183,0.05214442858564619
2024-11-15,1,184,184,0.04506411425905022
2024-11-15,2,183,183,0.05175440586511096
2024-11-15,3,183,183,0.026045095759012662
2024-11-15,4,183,183,0.03394805647431193
2024-11-15,5,183,183,0.04796974519025097
2024-11-18,1,184,183,0.07850127435333337
2024-11-18,2,183,183,0.03367579499305457
2024-11-18,3,183,183,0.047393177142050616
2024-11-18,4,183,183,0.044222419239120625
2024-11-18,5,183,183,0.04228357497047146
2024-11-19,1,184,183,0.03366707410509778
2024-11-19,2,183,183,0.017871893896723487
2024-11-19,3,184,184,0.011360251425731025
2024-11-19,4,183,183,0.018806083277626676
2024-11-19,5,183,183,0.00789177080088318
2024-11-20,1,184,184,0.021468364840724518
2024-11-20,2,183,182,-0.011060315927102717
2024-11-20,3,184,184,-0.00041125934215778174
2024-11-20,4,183,183,-0.0052266724713770805
2024-11-20,5,183,183,-0.016951429781037544
2024-11-21,1,184,183,0.024542015042411977
2024-11-21,2,183,183,0.002322096947812036
2024-11-21,3,184,184,-0.0031566056004489113
2024-11-21,4,183,183,-0.002864225615958309
2024-11-21,5,183,183,-0.009302734522109867
2024-11-22,1,183,181,0.07168536684665312
2024-11-22,2,183,183,0.032364796258251984
2024-11-22,3,183,183,0.03433785998350465
2024-11-22,4,183,183,0.027634504206093764
2024-11-22,5,183,182,0.027105214111848155
2024-11-25,1,183,183,0.03661952772855091
2024-11-25,2,183,182,0.017634835995381647
2024-11-25,3,183,183,0.015751084641593246
2024-11-25,4,183,183,0.010281636814956722
2024-11-25,5,182,181,-0.012161967525941656
2024-11-26,1,183,183,0.05268531553115808
2024-11-26,2,183,182,0.03842284469024403
2024-11-26,3,183,183,0.02913988044360549
2024-11-26,4,183,182,0.024682502789325447
2024-11-26,5,182,182,0.01867635423154327
2024-11-27,1,184,184,0.00623267810841999
2024-11-27,2,183,182,0.011593866433670611
2024-11-27,3,184,184,-0.006826569841610184
2024-11-27,4,183,182,0.003207849344025976
2024-11-27,5,183,182,-0.033379778577669696
2024-11-28,1,184,184,0.03442796865575369
2024-11-28,2,183,182,0.029773963829130518
2024-11-28,3,184,184,-0.002708874108756423
2024-11-28,4,183,182,0.005108006031195496
2024-11-28,5,183,183,-0.018860795162870314
2024-11-29,1,184,183,0.008486820431314046
2024-11-29,2,183,182,0.014228470281326022
2024-11-29,3,184,183,0.002287111607125644
2024-11-29,4,183,181,-0.0008705187880149492
2024-11-29,5,183,183,-0.03711799014862337
2024-12-02,1,184,183,-0.007437267122090935
2024-12-02,2,184,184,-0.007141143597047911
2024-12-02,3,184,182,-0.016434120278060335
2024-12-02,4,184,184,-0.030177549424920763
2024-12-02,5,184,184,-0.04817561793297519
2024-12-03,1,184,181,-0.03265488805451336
2024-12-03,2,184,184,-0.03830871117160611
2024-12-03,3,184,183,-0.04980310877600595
2024-12-03,4,184,183,-0.04616606024030121
2024-12-03,5,184,184,-0.06715195200098108
2024-12-04,1,185,183,-0.04535029268457923
2024-12-04,2,184,184,-0.04956341381346321
2024-12-04,3,185,184,-0.05262827492707622
2024-12-04,4,184,183,-0.055799786047820654
2024-12-04,5,184,184,-0.06316832429518009
2024-12-05,1,185,184,-0.08874084834600776
2024-12-05,2,185,184,-0.07324463026350395
2024-12-05,3,185,185,-0.08240418803070111
2024-12-05,4,185,183,-0.086123385788071
2024-12-05,5,184,184,-0.11933534330881844
2024-12-06,1,185,184,-0.10255585113248131
2024-12-06,2,185,185,-0.08505734563839557
2024-12-06,3,185,184,-0.08588491437591049
2024-12-06,4,185,185,-0.08634938850661308
2024-12-06,5,185,184,-0.13094159614683204
2024-12-09,1,185,184,-0.11631112165990631
2024-12-09,2,185,185,-0.10425173497656674
2024-12-09,3,185,184,-0.10070156496551241
2024-12-09,4,185,185,-0.10258050184051674
2024-12-09,5,185,184,-0.1391980788348956
2024-12-10,1,185,185,-0.09723669664092659
2024-12-10,2,185,184,-0.08655604418005837
2024-12-10,3,185,185,-0.08684665673846262
2024-12-10,4,185,183,-0.09229504596121076
2024-12-10,5,184,184,-0.12021775658845642
2024-12-11,1,186,186,-0.1111395094805748
2024-12-11,2,185,185,-0.09148727082971869
2024-12-11,3,185,184,-0.08987369886891307
2024-12-11,4,185,183,-0.10428066248619697
2024-12-11,5,185,185,-0.12941954754986706
2024-12-12,1,186,186,-0.14582992384284466
2024-12-12,2,186,186,-0.12630373770286182
2024-12-12,3,185,185,-0.11644464510636546
2024-12-12,4,186,185,-0.13188138149590758
2024-12-12,5,185,183,-0.16925040072970168
2024-12-13,1,185,185,-0.1218215570143105
2024-12-13,2,185,185,-0.09758663001906696
2024-12-13,3,184,184,-0.09817504395533355
2024-12-13,4,185,185,-0.09402970164439708
2024-12-13,5,184,183,-0.1583834881992147
2024-12-16,1,185,185,-0.07708122921396994
2024-12-16,2,185,185,-0.0664213133764067
2024-12-16,3,185,184,-0.05963531469124065
2024-12-16,4,185,184,-0.06058580065655035
2024-12-16,5,184,184,-0.10875811900286737
2024-12-17,1,184,184,-0.05851207672575973
2024-12-17,2,184,184,-0.06408297571506702
2024-12-17,3,184,184,-0.05332685797074032
2024-12-17,4,184,184,-0.049699638467245774
2024-12-17,5,183,182,-0.06798303710044426
2024-12-18,1,185,185,-0.05526119136166087
2024-12-18,2,184,184,-0.04828120338541165
2024-12-18,3,184,184,-0.05571683438308397
2024-12-18,4,184,184,-0.04275049067713741
2024-12-18,5,184,183,-0.0754275780391523
2024-12-19,1,185,185,-0.05371455481873153
2024-12-19,2,184,184,-0.06004944940762286
2024-12-19,3,184,184,-0.047488471420383635
2024-12-19,4,184,183,-0.04775267969007592
2024-12-19,5,184,184,-0.04495020451084766
2024-12-20,1,184,183,-0.053259279096763194
2024-12-20,2,184,184,-0.05115471723670271
2024-12-20,3,184,183,-0.049326730176646974
2024-12-20,4,184,184,-0.04951787363116542
2024-12-20,5,184,184,-0.055641731440518115
2024-12-23,1,183,183,-0.046853493583299134
2024-12-23,2,183,183,-0.04215417999718039
2024-12-23,3,183,183,-0.043620575935910934
2024-12-23,4,183,182,-0.03685408998114324
2024-12-23,5,182,182,-0.030001950125445903
2024-12-24,1,184,184,-0.055429979688262514
2024-12-24,2,183,183,-0.04242988993211686
2024-12-24,3,183,183,-0.04984124300501279
2024-12-24,4,183,183,-0.04078318040988632
2024-12-24,5,183,183,-0.03435639834785895
2024-12-25,1,183,183,-0.04903496329870496
2024-12-25,2,183,183,-0.04202300011407117
2024-12-25,3,183,183,-0.0505968605277383
2024-12-25,4,183,183,-0.04294031487760774
2024-12-25,5,182,182,-0.0408001210291263
2024-12-26,1,183,183,-0.033878054403710216
2024-12-26,2,183,183,-0.04518493253838325
2024-12-26,3,182,182,-0.032716035020056926
2024-12-26,4,183,183,-0.03951236851310897
2024-12-26,5,182,182,-0.03480758509707571
2024-12-27,1,183,182,-0.04329222895281896
2024-12-27,2,183,183,-0.03639325076730263
2024-12-27,3,183,183,-0.046670897059771746
2024-12-27,4,183,183,-0.04044106734773934
2024-12-27,5,183,182,-0.04416993112507658
2024-12-30,1,183,183,-0.02421850106170686
2024-12-30,2,182,181,-0.04972137102645964
2024-12-30,3,183,182,-0.04976970233332193
2024-12-30,4,182,182,-0.04794842161879172
2024-12-30,5,182,182,-0.0554378152919104
2024-12-31,1,183,183,0.03419865194593981
2024-12-31,2,182,181,-0.00015249278264244603
2024-12-31,3,182,180,-0.0059489643228543545
2024-12-31,4,182,181,-0.009482851570818886
2024-12-31,5,182,182,-0.007525342623484296
2025-01-02,1,181,181,0.07034474697495674
2025-01-02,2,181,181,0.04303502633971724
2025-01-02,3,181,180,0.03253425986352506
2025-01-02,4,181,181,0.03902754034573534
2025-01-02,5,181,181,0.02062062171701677
2025-01-03,1,180,180,0.1460417097300009
2025-01-03,2,180,180,0.07931776540296295
2025-01-03,3,180,179,0.07687070915948721
2025-01-03,4,180,180,0.06445118907464611
2025-01-03,5,179,179,0.04978275100332083
2025-01-06,1,181,181,0.13626105078522346
2025-01-06,2,180,180,0.08459116732059083
2025-01-06,3,180,180,0.05920312991634304
2025-01-06,4,180,179,0.06438245305653355
2025-01-06,5,180,180,0.038380225508548096
2025-01-07,1,181,181,0.13947732602374135
2025-01-07,2,180,180,0.08862973810212309
2025-01-07,3,181,181,0.07656293870313076
2025-01-07,4,180,179,0.05383615338968902
2025-01-07,5,180,180,0.054790089512574684
2025-01-08,1,181,181,0.12904584748494777
2025-01-08,2,180,180,0.09753499245725586
2025-01-08,3,180,180,0.09116262936371804
2025-01-08,4,180,179,0.05796284511424733
2025-01-08,5,180,180,0.029348818725781753
2025-01-09,1,181,181,0.12317234219674138
2025-01-09,2,180,179,0.11335171188254788
2025-01-09,3,181,181,0.08653108776081228
2025-01-09,4,180,179,0.06521702722165164
2025-01-09,5,180,180,0.040089208953987814
2025-01-10,1,180,180,0.17194491117376087
2025-01-10,2,179,179,0.135042645328231
2025-01-10,3,180,179,0.10718220457741848
2025-01-10,4,179,178,0.10106272390321763
2025-01-10,5,179,179,0.082366619254189
2025-01-13,1,180,180,0.11123635882638562
2025-01-13,2,179,179,0.08716981482423786
2025-01-13,3,179,179,0.08987967830091097
2025-01-13,4,179,177,0.0583711584829793
2025-01-13,5,179,179,0.06561824921183762
2025-01-14,1,181,181,0.08813916210768874
2025-01-14,2,180,180,0.05453403264751205
2025-01-14,3,180,179,0.06374887166027622
2025-01-14,4,180,179,0.049107452622748925
2025-01-14,5,180,180,0.06300621902854019
2025-01-15,1,181,181,0.10537724856541825
2025-01-15,2,180,180,0.06673449451258687
2025-01-15,3,180,179,0.04652376277409857
2025-01-15,4,180,179,0.06691795411796597
2025-01-15,5,180,179,0.061983083405552565
2025-01-16,1,181,181,0.11088206120725953
2025-01-16,2,180,179,0.0772425317421011
2025-01-16,3,180,180,0.05063183221524827
2025-01-16,4,180,179,0.09217922758460899
2025-01-16,5,180,180,0.07207457318217339
2025-01-17,1,181,181,0.07803111434795341
2025-01-17,2,180,178,0.053737850258578794
2025-01-17,3,180,179,0.054609806311669735
2025-01-17,4,180,180,0.05431291954923333
2025-01-17,5,180,180,0.03520866695771219
2025-01-20,1,181,180,0.08524900063745618
2025-01-20,2,180,179,0.04869826423984722
2025-01-20,3,181,181,0.04787273158284866
2025-01-20,4,180,179,0.03923965155608341
2025-01-20,5,180,180,0.04841110597800048
2025-01-21,1,181,180,0.11569981773287685
2025-01-21,2,180,180,0.07020785505564228
2025-01-21,3,180,180,0.07003995311838448
2025-01-21,4,180,179,0.05639074803361601
2025-01-21,5,180,179,0.06855161908800518
2025-01-22,1,179,179,0.10792886795300989
2025-01-22,2,179,179,0.07154001936349977
2025-01-22,3,179,178,0.04699738713641306
2025-01-22,4,179,179,0.04922817054063572
2025-01-22,5,179,178,0.044981845772664994
2025-01-23,1,179,178,0.10532458993456358
2025-01-23,2,179,179,0.04657759817910799
2025-01-23,3,179,179,0.051134590580288505
2025-01-23,4,179,179,0.04754376960653322
2025-01-23,5,179,178,0.03819836760676581
2025-01-24,1,179,179,0.07159430254160737
2025-01-24,2,179,179,0.02227356903462944
2025-01-24,3,179,178,0.03583173169325817
2025-01-24,4,179,179,0.022805333851364188
2025-01-24,5,179,178,0.018192222898714132
2025-01-27,1,180,180,0.08662914099416484
2025-01-27,2,180,180,0.042873556252655216
2025-01-27,3,180,179,0.04526844322471833
2025-01-27,4,180,180,0.03997367430374022
2025-01-27,5,179,178,0.03556529839462769
2025-02-05,1,180,180,0.0686780704667011
2025-02-05,2,180,179,0.04626355804629184
2025-02-05,3,180,180,0.05347453762119115
2025-02-05,4,180,179,0.062107269799850824
2025-02-05,5,180,179,0.08333749693026951
2025-02-06,1,180,180,0.0463190151346244
2025-02-06,2,180,180,0.048538049423518456
2025-02-06,3,180,180,0.023459943069850837
2025-02-06,4,180,180,0.04372099358117534
2025-02-06,5,180,179,0.09154187753861112
2025-02-07,1,181,181,0.03543737214791214
2025-02-07,2,181,181,0.015679980307157084
2025-02-07,3,181,181,0.011279590454631798
2025-02-07,4,181,181,0.033256606867025064
2025-02-07,5,180,179,0.07045995014244073
2025-02-10,1,181,181,0.014117544054351321
2025-02-10,2,181,181,0.0020947216411603096
2025-02-10,3,181,181,0.0029821149289942775
2025-02-10,4,181,181,0.00986119843936054
2025-02-10,5,181,181,0.031687448028735445
2025-02-11,1,181,181,0.040117901157646706
2025-02-11,2,181,181,0.03842330020318378
2025-02-11,3,181,181,0.013500745295076331
2025-02-11,4,181,181,0.052189104895472585
2025-02-11,5,180,180,0.047593884457590656
2025-02-12,1,181,181,0.03506928418038036
2025-02-12,2,181,181,0.014963745615987492
2025-02-12,3,181,181,0.008647624092637604
2025-02-12,4,181,181,0.03205796687022541
2025-02-12,5,181,181,0.024428079332585215
2025-02-13,1,181,181,0.029283007376678247
2025-02-13,2,181,181,0.017154408917181476
2025-02-13,3,181,181,0.016703830163918514
2025-02-13,4,181,181,0.03365276530700878
2025-02-13,5,181,181,0.020292371712898178
2025-02-14,1,181,180,0.04791626831411436
2025-02-14,2,181,181,0.026256618921265965
2025-02-14,3,181,180,0.031293164382604245
2025-02-14,4,181,181,0.045389100861007795
2025-02-14,5,181,180,0.027565311687876976
2025-02-17,1,182,181,0.04529457014297323
2025-02-17,2,181,180,0.03204680685688877
2025-02-17,3,181,181,0.04410625821567282
2025-02-17,4,181,181,0.03125797224699903
2025-02-17,5,181,181,0.03657312909121605
2025-02-18,1,181,180,0.0664221325471839
2025-02-18,2,181,181,0.06591549400053118
2025-02-18,3,181,180,0.04456922768769839
2025-02-18,4,181,180,0.05114001329637675
2025-02-18,5,180,180,0.05717699020104231
2025-02-19,1,181,180,0.05198340728769387
2025-02-19,2,181,181,0.03754387754899663
2025-02-19,3,181,179,0.04278503658933253
2025-02-19,4,181,181,0.038811783120945714
2025-02-19,5,180,180,0.02185811816430562
2025-02-20,1,181,180,0.04137957179432009
2025-02-20,2,181,180,0.03162701760346383
2025-02-20,3,181,180,0.030939092571507794
2025-02-20,4,181,181,0.020355697646271907
2025-02-20,5,181,181,0.004294013247504811
2025-02-21,1,182,181,0.02363407675631019
2025-02-21,2,181,180,0.020229787581973892
2025-02-21,3,182,181,0.006613706155919313
2025-02-21,4,181,181,0.00965965852933041
2025-02-21,5,181,181,-0.03035246052268419
2025-02-24,1,182,181,0.02855083913270654
2025-02-24,2,181,180,0.019980138043817784
2025-02-24,3,181,180,0.005315926066384201
2025-02-24,4,181,181,-0.001678688833159318
2025-02-24,5,181,180,-0.01668987424508425
2025-02-25,1,181,180,0.022789194391964192
2025-02-25,2,181,181,0.023182480172481444
2025-02-25,3,181,179,0.003722379515518361
2025-02-25,4,181,181,0.0027298476351666767
2025-02-25,5,180,180,-0.042794582488858694
2025-02-26,1,182,181,0.004972370708791626
2025-02-26,2,181,181,0.012730737761481977
2025-02-26,3,182,181,-0.004720417779965413
2025-02-26,4,181,181,-0.007452184589607185
2025-02-26,5,181,181,-0.042428410121358166
2025-02-27,1,182,180,0.012445263896993667
2025-02-27,2,182,182,0.014051226751735155
2025-02-27,3,181,180,0.002185111524997399
2025-02-27,4,182,182,-0.005569392912310989
2025-02-27,5,181,181,-0.030029336468557696
2025-02-28,1,181,181,0.011692462197066997
2025-02-28,2,181,181,0.015850826282988846
2025-02-28,3,181,180,0.01694782777782777
2025-02-28,4,181,181,0.0027480587118396023
2025-02-28,5,181,181,-0.024356625268000903
2025-03-03,1,182,182,0.018434315609292252
2025-03-03,2,181,181,0.01507354635693888
2025-03-03,3,181,180,0.00470270408145403
2025-03-03,4,181,181,0.002647172274399653
2025-03-03,5,181,180,-0.02002456783770723
2025-03-04,1,182,182,-0.00014307882670415973
2025-03-04,2,181,180,0.009685165640327965
2025-03-04,3,181,181,-0.0016533936895976962
2025-03-04,4,181,180,-0.002587884468835125
2025-03-04,5,181,181,-0.029263251773660057
2025-03-05,1,182,182,-0.019433953489859122
2025-03-05,2,181,178,-0.005845061109984771
2025-03-05,3,181,181,0.003446689423580587
2025-03-05,4,181,181,-0.012889829518183536
2025-03-05,5,181,181,-0.05247543817507659
2025-03-06,1,182,182,-0.08882415610273593
2025-03-06,2,181,180,-0.04379700195877039
2025-03-06,3,182,181,-0.04629018053699926
2025-03-06,4,181,181,-0.06715075219179018
2025-03-06,5,181,180,-0.1094256181679024
2025-03-07,1,181,181,-0.1288009332950629
2025-03-07,2,181,181,-0.10273218862664141
2025-03-07,3,181,180,-0.07914102328835616
2025-03-07,4,181,181,-0.10391836773847594
2025-03-07,5,181,179,-0.14658026146934505
2025-03-10,1,182,182,-0.13587286643394325
2025-03-10,2,181,181,-0.08859442511232563
2025-03-10,3,181,181,-0.06540227529884024
2025-03-10,4,181,181,-0.10636399481058181
2025-03-10,5,181,179,-0.1423884215898267
2025-03-11,1,182,182,-0.10808938323079094
2025-03-11,2,181,181,-0.07592740853128233
2025-03-11,3,181,181,-0.05018590975269246
2025-03-11,4,181,181,-0.07778201423221823
2025-03-11,5,181,179,-0.11318696953770431
2025-03-12,1,182,182,-0.1080025140580873
2025-03-12,2,181,181,-0.06980168077233241
2025-03-12,3,181,181,-0.05838833542711828
2025-03-12,4,181,181,-0.06712189017359387
2025-03-12,5,181,179,-0.11207472997469502
2025-03-13,1,181,181,-0.08328174662147422
2025-03-13,2,181,181,-0.04753514164424265
2025-03-13,3,181,181,-0.046315034723676304
2025-03-13,4,181,180,-0.047477357205429775
2025-03-13,5,181,180,-0.08846185361957376
2025-03-14,1,182,182,-0.1008287425804008
2025-03-14,2,181,180,-0.06438187834020687
2025-03-14,3,181,180,-0.06750614895492593
2025-03-14,4,181,180,-0.0707068388550876
2025-03-14,5,181,180,-0.09017061940307539
2025-03-17,1,182,182,-0.10317922170769195
2025-03-17,2,181,181,-0.07603316921542194
2025-03-17,3,181,181,-0.06311275113912429
2025-03-17,4,181,181,-0.07719510985193846
2025-03-17,5,181,180,-0.09982562186382116
2025-03-18,1,182,182,-0.11702517517268163
2025-03-18,2,181,181,-0.08448035708299134
2025-03-18,3,181,180,-0.07032896593411982
2025-03-18,4,181,180,-0.08412298721625257
2025-03-18,5,181,181,-0.10751461031316138
2025-03-19,1,181,181,-0.11114405875506983
2025-03-19,2,181,181,-0.07817996180490157
2025-03-19,3,181,181,-0.05786989950530604
2025-03-19,4,181,180,-0.07279537064722871
2025-03-19,5,181,181,-0.10052268721398507
2025-03-20,1,181,181,-0.10513062360788812
2025-03-20,2,181,181,-0.07208705833364207
2025-03-20,3,181,181,-0.059278225803585445
2025-03-20,4,181,180,-0.06720654749027904
2025-03-20,5,181,180,-0.08888009168571784
2025-03-21,1,181,180,-0.07242362901720462
2025-03-21,2,181,180,-0.05147716840472136
2025-03-21,3,181,181,-0.04667382833380584
2025-03-21,4,181,180,-0.043285271757037135
2025-03-21,5,180,180,-0.057910497177808
2025-03-24,1,181,181,-0.056650418257221634
2025-03-24,2,181,179,-0.03756484775135242
2025-03-24,3,180,180,-0.03233920238078164
2025-03-24,4,181,180,-0.02887103124364888
2025-03-24,5,180,180,-0.053337453008243114
2025-03-25,1,181,181,-0.05274213573418251
2025-03-25,2,181,180,-0.03684600815312326
2025-03-25,3,181,181,-0.03873763277433602
2025-03-25,4,181,180,-0.03293848084517146
2025-03-25,5,180,179,-0.04827895500321955
2025-03-26,1,181,181,-0.0614824101976158
2025-03-26,2,181,180,-0.04921315805879917
2025-03-26,3,181,181,-0.047786110700576374
2025-03-26,4,181,181,-0.03479323668713636
2025-03-26,5,180,179,-0.04032813052684178
2025-03-27,1,181,180,-0.06275887316252829
2025-03-27,2,181,181,-0.05521187938477614
2025-03-27,3,181,181,-0.053734248260675375
2025-03-27,4,181,181,-0.03351803395782788
2025-03-27,5,180,180,-0.042364363796488086
2025-03-28,1,181,181,-0.058182363243022596
2025-03-28,2,181,181,-0.054540544556266515
2025-03-28,3,180,180,-0.04946445305844609
2025-03-28,4,181,181,-0.044593276695424934
2025-03-28,5,180,179,-0.03418232489308838
2025-03-31,1,180,178,-0.04320038650701148
2025-03-31,2,180,179,-0.0405626340863532
2025-03-31,3,180,180,-0.03411939939088322
2025-03-31,4,180,180,-0.03211860354504766
2025-03-31,5,180,180,-0.02906823529133769
2025-04-01,1,180,180,-0.02173439962676329
2025-04-01,2,180,180,-0.04136087159196837
2025-04-01,3,180,179,-0.02856572278747528
2025-04-01,4,180,179,-0.03407002798780664
2025-04-01,5,180,180,-0.02960756098417454
2025-04-02,1,181,181,0.014349108059373172
2025-04-02,2,180,180,-0.00744044798051991
2025-04-02,3,180,180,-0.004134138694261462
2025-04-02,4,180,178,-0.007290236703827713
2025-04-02,5,180,180,0.0016251511959600796
2025-04-03,1,181,181,0.057062968450821615
2025-04-03,2,180,180,0.03771506797900875
2025-04-03,3,180,178,0.027646315811643132
2025-04-03,4,180,180,0.03338829437451752
2025-04-03,5,180,180,0.045956419667668225
2025-04-07,1,179,179,0.11753769441331735
2025-04-07,2,179,179,0.10311401895713061
2025-04-07,3,179,177,0.09557104198813254
2025-04-07,4,179,179,0.09797549819455892
2025-04-07,5,178,178,0.07796945837263076
2025-04-08,1,179,179,0.1738587914061673
2025-04-08,2,178,178,0.11458697109494073
2025-04-08,3,179,178,0.11038534829710013
2025-04-08,4,178,177,0.0842767098001732
2025-04-08,5,178,178,0.05229318618207548
2025-04-09,1,179,178,0.1099448820406209
2025-04-09,2,179,178,0.08913947921716318
2025-04-09,3,179,178,0.05777447199923822
2025-04-09,4,179,179,0.05751329915955771
2025-04-09,5,178,178,0.02733623369903634
2025-04-10,1,180,179,0.10153487943734872
2025-04-10,2,179,179,0.07806711494585612
2025-04-10,3,180,178,0.05369101362855761
2025-04-10,4,179,179,0.05461718683295277
2025-04-10,5,179,179,0.011603975478378402
2025-04-11,1,180,179,0.06036445888884425
2025-04-11,2,179,179,0.06305175423436081
2025-04-11,3,180,178,0.04523342863253517
2025-04-11,4,179,179,0.042462815288530034
2025-04-11,5,179,179,0.003331398334675999
2025-04-14,1,180,179,0.04259111152088924
2025-04-14,2,180,179,0.037412597372659326
2025-04-14,3,180,180,0.03417816912207586
2025-04-14,4,180,179,0.02688062895050798
2025-04-14,5,180,180,-0.001831511254588594
2025-04-15,1,180,178,0.05497217585780695
2025-04-15,2,180,180,0.046013634229900964
2025-04-15,3,180,179,0.0477102525488524
2025-04-15,4,180,180,0.03261134488697546
2025-04-15,5,180,180,0.007863595992770622
2025-04-16,1,180,178,0.07940497834505655
2025-04-16,2,180,179,0.07348695065113112
2025-04-16,3,180,180,0.056122625845334985
2025-04-16,4,180,180,0.04344007057255541
2025-04-16,5,179,179,0.02084844050235697
2025-04-17,1,181,179,0.07682829950018838
2025-04-17,2,180,179,0.060960783162123694
2025-04-17,3,181,181,0.04641054072690556
2025-04-17,4,180,180,0.05220307412206037
2025-04-17,5,180,180,0.027453914366088246
2025-04-18,1,181,179,0.06535304669960453
2025-04-18,2,181,180,0.053042876645957
2025-04-18,3,180,180,0.04459899977266201
2025-04-18,4,181,180,0.05083948673735706
2025-04-18,5,180,180,0.032838838464423536
2025-04-21,1,181,179,0.03808670162166737
2025-04-21,2,180,179,0.03192355238763873
2025-04-21,3,180,180,0.028517162006645717
2025-04-21,4,180,180,0.03064590505706176
2025-04-21,5,180,179,0.013274782426247881
2025-04-22,1,180,179,0.019323193061210955
2025-04-22,2,180,179,0.012433414344960345
2025-04-22,3,180,179,0.021136533249707146
2025-04-22,4,180,180,0.0016527044549082387
2025-04-22,5,180,180,0.008468437836728933
2025-04-23,1,180,179,0.010893470040485232
2025-04-23,2,180,179,0.018620112425121103
2025-04-23,3,180,179,0.022622234696798818
2025-04-23,4,180,180,0.01448884668095559
2025-04-23,5,179,179,0.023834411654227554
2025-04-24,1,180,179,0.02244160303430645
2025-04-24,2,180,179,0.023473241490051627
2025-04-24,3,180,180,0.02410147041513914
2025-04-24,4,180,179,0.019614954221276275
2025-04-24,5,180,180,0.02512807690387499
2025-04-25,1,181,179,0.017489874041369126
2025-04-25,2,180,180,0.020730482218027837
2025-04-25,3,180,180,0.020137824358092946
2025-04-25,4,180,180,0.028588127358140626
2025-04-25,5,180,179,0.021413762723179994
2025-04-28,1,180,179,0.05153871883485248
2025-04-28,2,180,179,0.04480485593137459
2025-04-28,3,180,180,0.046842126271829855
2025-04-28,4,180,180,0.03789825241956246
2025-04-28,5,179,179,0.04804216156318588
2025-04-29,1,181,178,0.030498821143315567
2025-04-29,2,180,179,0.028903770942103477
2025-04-29,3,181,181,0.029318585316291057
2025-04-29,4,180,180,0.027937796629202167
2025-04-29,5,180,180,0.03277478985187801
2025-04-30,1,180,180,0.029731454110180935
2025-04-30,2,180,179,0.0330116861577507
2025-04-30,3,180,180,0.032407109990753406
2025-04-30,4,180,179,0.03160450151706257
2025-04-30,5,179,179,0.021612145531874554
2025-05-06,1,180,180,0.005034486908624517
2025-05-06,2,180,179,0.015627491981794916
2025-05-06,3,179,179,0.019750511952544375
2025-05-06,4,180,180,0.01792110528618458
2025-05-06,5,179,178,0.010921201258648046
2025-05-07,1,181,180,0.013450208192305295
2025-05-07,2,180,179,0.0253160587366397
2025-05-07,3,180,180,0.029484315790596665
2025-05-07,4,180,180,0.028654975944511468
2025-05-07,5,180,179,0.029277992752424313
2025-05-08,1,181,179,0.00503812375729212
2025-05-08,2,181,181,0.0198414049562074
2025-05-08,3,180,180,0.024444176434519852
2025-05-08,4,181,181,0.01806977161094469
2025-05-08,5,180,179,0.020926553012183307
2025-05-09,1,181,181,0.027654028073970903
2025-05-09,2,180,180,0.032637943090939904
2025-05-09,3,180,180,0.03399524245448947
2025-05-09,4,180,180,0.023316785864326246
2025-05-09,5,180,179,0.032328063019128404
2025-05-12,1,181,181,0.007900167710132636
2025-05-12,2,180,180,0.01529186204363986
2025-05-12,3,180,180,0.0148631843104857
2025-05-12,4,180,179,0.017191950992880692
2025-05-12,5,180,180,-0.0031860854600540265
2025-05-13,1,180,180,0.01479503863960027
2025-05-13,2,180,180,0.028663314344542317
2025-05-13,3,180,180,0.029741772339937196
2025-05-13,4,180,180,0.0201755533034247
2025-05-13,5,180,180,0.020047357391363443
2025-05-14,1,181,181,0.018934182923242684
2025-05-14,2,180,180,0.02046385787925165
2025-05-14,3,180,180,0.03188899678470238
2025-05-14,4,180,180,0.01012697449882711
2025-05-14,5,180,180,0.02514589731633045
2025-05-15,1,180,180,0.01812880323768323
2025-05-15,2,180,180,0.017971561203071577
2025-05-15,3,180,180,0.013240627523526189
2025-05-15,4,180,180,0.016043182675538052
2025-05-15,5,180,180,0.02514191794800641
2025-05-16,1,180,180,0.030660328705874082
2025-05-16,2,180,180,0.012138572582992727
2025-05-16,3,180,180,0.026154954860303184
2025-05-16,4,180,180,0.016152806149798124
2025-05-16,5,180,179,0.03195038762032885
2025-05-19,1,181,181,0.012952072174073001
2025-05-19,2,180,180,0.00846253692251352
2025-05-19,3,180,180,0.02642589514818663
2025-05-19,4,180,180,0.01458198462710845
2025-05-19,5,180,180,0.013541971946944575
2025-05-20,1,180,180,0.001514778603384203
2025-05-20,2,180,180,-0.004518187604035729
2025-05-20,3,180,180,0.020670567287156733
2025-05-20,4,180,180,0.005094713307321573
2025-05-20,5,180,180,0.009253406937729441
2025-05-21,1,180,180,-0.011807065426947554
2025-05-21,2,180,180,-0.004247110850014264
2025-05-21,3,180,180,0.005281783536585051
2025-05-21,4,180,180,-0.0016139632268597382
2025-05-21,5,180,180,-0.008920262424084127
2025-05-22,1,180,180,-0.007396592192904628
2025-05-22,2,180,180,-0.012893351650255246
2025-05-22,3,180,180,0.003393751414209176
2025-05-22,4,180,180,-0.007455447391709768
2025-05-22,5,180,180,-0.012560064596673628
2025-05-23,1,180,180,0.012770068921783286
2025-05-23,2,180,180,0.018921626018905343
2025-05-23,3,180,180,0.022667943423999394
2025-05-23,4,180,179,0.027521831603947746
2025-05-23,5,180,180,0.017912155052886992
2025-05-26,1,180,180,0.028272608980433864
2025-05-26,2,180,180,0.031017034642951143
2025-05-26,3,180,180,0.03466615724537272
2025-05-26,4,180,180,0.04876205407816769
2025-05-26,5,179,179,0.02637893753307921
2025-05-27,1,180,180,0.05097815290098483
2025-05-27,2,180,180,0.04386276724899986
2025-05-27,3,180,180,0.04607105980897222
2025-05-27,4,180,180,0.045869162154617095
2025-05-27,5,179,179,0.03356588722861321
2025-05-28,1,180,180,0.047485104658604886
2025-05-28,2,180,180,0.05629502660395595
2025-05-28,3,180,180,0.05444545740917687
2025-05-28,4,180,180,0.04383879706275633
2025-05-28,5,179,179,0.029598789571062684
2025-05-29,1,181,181,0.02097507670686753
2025-05-29,2,180,180,0.03996115733013503
2025-05-29,3,180,180,0.03623695885299338
2025-05-29,4,180,180,0.04920463356145387
2025-05-29,5,180,180,0.03783005081134883
2025-05-30,1,180,180,0.05278889220080003
2025-05-30,2,180,180,0.04910878118834445
2025-05-30,3,180,180,0.05449441151201157
2025-05-30,4,180,180,0.044759996607392494
2025-05-30,5,180,180,0.06652341696189012
2025-06-03,1,181,181,0.04893752866842904
2025-06-03,2,180,180,0.03828854786938646
2025-06-03,3,180,180,0.03720892671660015
2025-06-03,4,180,180,0.03519234074040948
2025-06-03,5,180,180,0.059684487980503596
2025-06-04,1,181,181,0.025836981668461607
2025-06-04,2,180,180,0.034231659629140855
2025-06-04,3,181,180,0.027129383707010884
2025-06-04,4,180,180,0.029520262561094135
2025-06-04,5,180,180,0.044941776131708105
2025-06-05,1,180,180,0.021588354556305037
2025-06-05,2,180,180,0.038245954518016836
2025-06-05,3,180,179,0.030104255775671416
2025-06-05,4,180,180,0.030106919947785946
2025-06-05,5,180,180,0.063749889306258
2025-06-06,1,180,180,0.017870884185405025
2025-06-06,2,180,179,0.02466076697313005
2025-06-06,3,180,180,0.03132533603175236
2025-06-06,4,180,180,0.02602946415424339
2025-06-06,5,180,180,0.05086719865986197
2025-06-09,1,181,181,0.00708187386334307
2025-06-09,2,181,181,0.017135358978439777
2025-06-09,3,180,180,0.038414503457968416
2025-06-09,4,181,181,0.019032571056501253
2025-06-09,5,180,180,0.03919123370807008
2025-06-10,1,181,181,0.02952836641736301
2025-06-10,2,180,180,0.042510236213985655
2025-06-10,3,180,180,0.05560946816286809
2025-06-10,4,180,180,0.04112969022656567
2025-06-10,5,180,180,0.05506571298835145
2025-06-11,1,181,181,0.022171186482098332
2025-06-11,2,180,180,0.03028949775456146
2025-06-11,3,181,181,0.04207289669594459
2025-06-11,4,180,180,0.04135383677177418
2025-06-11,5,180,180,0.0543106287908223
2025-06-12,1,181,181,0.031482326110678395
2025-06-12,2,180,180,0.038609805587461105
2025-06-12,3,181,181,0.04827253790941693
2025-06-12,4,180,180,0.05643236545364759
2025-06-12,5,180,180,0.04519453389991204
2025-06-13,1,180,180,0.05822677398198396
2025-06-13,2,180,180,0.06410275936592566
2025-06-13,3,179,179,0.07129884370446203
2025-06-13,4,180,180,0.0578151892547465
2025-06-13,5,179,179,0.06704897192971064
2025-06-16,1,180,180,0.050713326931288785
2025-06-16,2,180,180,0.045718322352657076
2025-06-16,3,180,180,0.05417706410484994
2025-06-16,4,180,180,0.05852942234188888
2025-06-16,5,180,180,0.05237414756571421
2025-06-17,1,181,181,0.04511349323386386
2025-06-17,2,180,180,0.05211178702367114
2025-06-17,3,180,180,0.048469978887178175
2025-06-17,4,180,180,0.059283283839459563
2025-06-17,5,180,180,0.049916542553344774
2025-06-18,1,181,181,0.05332766772963353
2025-06-18,2,180,180,0.0538453873833034
2025-06-18,3,180,180,0.06001274815397251
2025-06-18,4,180,180,0.0531227013159074
2025-06-18,5,180,180,0.0673174671699842
2025-06-19,1,181,181,0.07865875717143277
2025-06-19,2,180,180,0.091073589053806
2025-06-19,3,180,180,0.07937787994319764
2025-06-19,4,180,180,0.08070866566846002
2025-06-19,5,180,179,0.08804880409831209
2025-06-20,1,181,181,0.09702738850386339
2025-06-20,2,180,180,0.11012489185148576
2025-06-20,3,180,180,0.09474101705414799
2025-06-20,4,180,180,0.0987496291596433
2025-06-20,5,180,180,0.09399206532512475
2025-06-23,1,181,181,0.09280809864938425
2025-06-23,2,180,180,0.10934518928676605
2025-06-23,3,180,179,0.08315671270003236
2025-06-23,4,180,180,0.09041318844248308
2025-06-23,5,180,180,0.08748151347604942
2025-06-24,1,181,181,0.08561168481039702
2025-06-24,2,180,180,0.0818743089791719
2025-06-24,3,181,181,0.08517598882453735
2025-06-24,4,180,179,0.09948512519864845
2025-06-24,5,180,180,0.06270480653565397
2025-06-25,1,181,181,0.06645427596209558
2025-06-25,2,180,180,0.06564320758434825
2025-06-25,3,181,181,0.06625681616206801
2025-06-25,4,180,179,0.07176692353074078
2025-06-25,5,180,180,0.04450050922515817
2025-06-26,1,181,181,0.08525754087998527
2025-06-26,2,181,181,0.08389025605835392
2025-06-26,3,180,179,0.09398753484237973
2025-06-26,4,181,181,0.07302037426272497
2025-06-26,5,180,180,0.0727291920879629
2025-06-27,1,181,181,0.0776650616170982
2025-06-27,2,181,180,0.07809347447347087
2025-06-27,3,181,181,0.08173958630058344
2025-06-27,4,181,181,0.07032836185102341
2025-06-27,5,180,180,0.06503927047874208
2025-06-30,1,182,182,0.05034779708000594
2025-06-30,2,181,181,0.08727031278948533
2025-06-30,3,181,181,0.06605903067003516
2025-06-30,4,181,181,0.06482089574509195
2025-06-30,5,181,181,0.07418778030981385
2025-07-01,1,182,182,0.05233480187533508
2025-07-01,2,181,181,0.08364838785425371
2025-07-01,3,181,181,0.07373972157777992
2025-07-01,4,181,181,0.06579976737458576
2025-07-01,5,181,181,0.07688657709549104
2025-07-02,1,182,182,0.05347381576754367
2025-07-02,2,182,182,0.07060146431706087
2025-07-02,3,181,181,0.06378579075311948
2025-07-02,4,182,182,0.07081371990352871
2025-07-02,5,181,181,0.06596062353459799
2025-07-03,1,182,182,0.04497031161909223
2025-07-03,2,181,181,0.04024114415122019
2025-07-03,3,182,182,0.04243041626485881
2025-07-03,4,181,181,0.046851876223597724
2025-07-03,5,181,181,0.053051130951123085
2025-07-04,1,182,182,0.045563788445531335
2025-07-04,2,181,180,0.039507070036080054
2025-07-04,3,182,182,0.0436831047627898
2025-07-04,4,181,180,0.04939789035698331
2025-07-04,5,181,180,0.060248796518923814
2025-07-07,1,181,181,0.05462227692395804
2025-07-07,2,181,180,0.059211979174099365
2025-07-07,3,181,180,0.05541491043551039
2025-07-07,4,181,181,0.049112635761058406
2025-07-07,5,181,181,0.06427221354999761
2025-07-08,1,182,182,0.040784310033398226
2025-07-08,2,182,181,0.04452591564808661
2025-07-08,3,182,181,0.05607481004331435
2025-07-08,4,182,182,0.04861404509756305
2025-07-08,5,182,181,0.05080447985860502
2025-07-09,1,183,183,0.05756638205735436
2025-07-09,2,182,180,0.07314873713053127
2025-07-09,3,182,182,0.04477920569730235
2025-07-09,4,182,182,0.058229246006679225
2025-07-09,5,182,181,0.055243968203995214
2025-07-10,1,183,182,0.051340585858042714
2025-07-10,2,183,182,0.053760027118834305
2025-07-10,3,183,183,0.0451502100642837
2025-07-10,4,183,183,0.04139294544516614
2025-07-10,5,182,181,0.050641212005865195
2025-07-11,1,184,183,0.033354831299402546
2025-07-11,2,183,183,0.047482058410166984
2025-07-11,3,184,184,0.04975391389954031
2025-07-11,4,183,183,0.05947701722486599
2025-07-11,5,183,182,0.04820225671695883
2025-07-14,1,183,182,0.050691248746416166
2025-07-14,2,183,183,0.0474169456259501
2025-07-14,3,183,183,0.053933220726748915
2025-07-14,4,183,183,0.055436411036854864
2025-07-14,5,183,182,0.0823267605626804
2025-07-15,1,184,184,0.05741557869715447
2025-07-15,2,183,182,0.056789299526491956
2025-07-15,3,183,183,0.06177489268550732
2025-07-15,4,183,182,0.05999085285114047
2025-07-15,5,183,182,0.08978991437090296
2025-07-16,1,183,183,0.061024082564507046
2025-07-16,2,183,182,0.05043647884373998
2025-07-16,3,183,183,0.05903745819652708
2025-07-16,4,183,182,0.0745547467796717
2025-07-16,5,183,182,0.10449443357643129
2025-07-17,1,184,184,0.032008486811892986
2025-07-17,2,183,182,0.031243560868711422
2025-07-17,3,183,182,0.035631306425639095
2025-07-17,4,183,181,0.040178782543700296
2025-07-17,5,183,183,0.07515099515392322
2025-07-18,1,184,184,0.054046563090003434
2025-07-18,2,183,182,0.037075617998514304
2025-07-18,3,183,183,0.04605431381335105
2025-07-18,4,183,182,0.06499068802638651
2025-07-18,5,183,183,0.10354961683646419
2025-07-21,1,184,184,0.04694726631612032
2025-07-21,2,183,183,0.04392720836989465
2025-07-21,3,183,183,0.05430100524842243
2025-07-21,4,183,182,0.04325076481165831
2025-07-21,5,183,182,0.08907614695348244
2025-07-22,1,184,184,0.03866768662347865
2025-07-22,2,183,183,0.05465609576059298
2025-07-22,3,183,183,0.050035187642974426
2025-07-22,4,183,182,0.04383959721130531
2025-07-22,5,183,183,0.05755107502837718
2025-07-23,1,183,183,0.06492216331874996
2025-07-23,2,183,183,0.0737240880431867
2025-07-23,3,183,182,0.06805012359586984
2025-07-23,4,183,183,0.06337224884374165
2025-07-23,5,183,183,0.09149122843795705
2025-07-24,1,184,184,0.052654782729438826
2025-07-24,2,183,183,0.03868704371340991
2025-07-24,3,184,183,0.054704645993997894
2025-07-24,4,183,183,0.05006786979584484
2025-07-24,5,183,183,0.056776013788257314
2025-07-25,1,184,184,0.06321927172317315
2025-07-25,2,183,182,0.058219471562828286
2025-07-25,3,184,183,0.0755923712639083
2025-07-25,4,183,183,0.06277476277075474
2025-07-25,5,183,183,0.08513204202950139
2025-07-28,1,184,184,0.07598202936178318
2025-07-28,2,183,182,0.057961301220530864
2025-07-28,3,183,183,0.06959038582074438
2025-07-28,4,183,183,0.06581806110692079
2025-07-28,5,183,183,0.10200738850337124
2025-07-29,1,184,183,0.08466700149153232
2025-07-29,2,183,183,0.06136987159357663
2025-07-29,3,184,184,0.07315139784082288
2025-07-29,4,183,183,0.07931288449592906
2025-07-29,5,183,182,0.0859640139831945
2025-07-30,1,184,184,0.06674330469031362
2025-07-30,2,183,182,0.050244654106465454
2025-07-30,3,183,183,0.05294153806705257
2025-07-30,4,183,183,0.06039709406775848
2025-07-30,5,183,183,0.06694669167350205
2025-07-31,1,183,182,0.08881196065923014
2025-07-31,2,183,183,0.07854573371924121
2025-07-31,3,182,182,0.0658763107744201
2025-07-31,4,183,183,0.07470431838114953
2025-07-31,5,182,182,0.11153685824916826
2025-08-01,1,183,183,0.0886922918746555
2025-08-01,2,183,181,0.08401680224174672
2025-08-01,3,183,183,0.07859720468620086
2025-08-01,4,183,183,0.08435014576766202
2025-08-01,5,182,181,0.11540716143103916
2025-08-04,1,182,181,0.07549856320129829
2025-08-04,2,182,182,0.07297943281841872
2025-08-04,3,182,182,0.07616778036985077
2025-08-04,4,182,182,0.08835127733522109
2025-08-04,5,182,182,0.09318734843836729
2025-08-05,1,183,182,0.0556825102579542
2025-08-05,2,183,183,0.057856969290084756
2025-08-05,3,182,182,0.058051826435070196
2025-08-05,4,183,183,0.05648016732084691
2025-08-05,5,182,182,0.07691323347616208
2025-08-06,1,183,183,0.02437042618791752
2025-08-06,2,182,182,0.046617766083746084
2025-08-06,3,183,183,0.027612546291714515
2025-08-06,4,182,182,0.0283120386670157
2025-08-06,5,182,181,0.047048655361594145
2025-08-07,1,183,183,0.03009566411635273
2025-08-07,2,182,182,0.03594015688634436
2025-08-07,3,182,182,0.017130636792237683
2025-08-07,4,182,182,0.023662865675156762
2025-08-07,5,182,181,0.020357601641092366
2025-08-08,1,183,183,0.06290885009478055
2025-08-08,2,182,182,0.0452998603830358
2025-08-08,3,182,182,0.047619177362372526
2025-08-08,4,182,182,0.02904094978040517
2025-08-08,5,182,181,0.04061653549911679
2025-08-11,1,183,183,0.054580971174553905
2025-08-11,2,182,182,0.0425438362531078
2025-08-11,3,182,182,0.039717158004149725
2025-08-11,4,182,181,0.046046768237090294
2025-08-11,5,182,182,0.03831309079671681
2025-08-12,1,183,183,0.04047394381432921
2025-08-12,2,182,182,0.04429349685206337
2025-08-12,3,182,182,0.035707081445713204
2025-08-12,4,182,182,0.03639951404476579
2025-08-12,5,182,180,0.026104658190478632
2025-08-13,1,182,182,0.03724413234698278
2025-08-13,2,182,182,0.03430644952932643
2025-08-13,3,182,182,0.019287165802014283
2025-08-13,4,182,182,0.02958620305611895
2025-08-13,5,182,182,0.026644868439076475
2025-08-14,1,182,182,0.0809562181812504
2025-08-14,2,181,181,0.05184105303790082
2025-08-14,3,182,182,0.056468611920001036
2025-08-14,4,181,181,0.06846945720174015
2025-08-14,5,181,181,0.06019139039824424
2025-08-15,1,182,182,0.055387935447938866
2025-08-15,2,182,182,0.03153137518852738
2025-08-15,3,181,180,0.03764303069300133
2025-08-15,4,182,182,0.04500527167723886
2025-08-15,5,181,181,0.03146470481114751
2025-08-18,1,183,183,0.05254920823938936
2025-08-18,2,183,182,0.02555028202606723
2025-08-18,3,182,182,0.03353125557943798
2025-08-18,4,183,183,0.026655204512035936
2025-08-18,5,182,182,0.031078467155389037
2025-08-19,1,183,183,0.057502700101635634
2025-08-19,2,183,183,0.03907564773565736
2025-08-19,3,182,181,0.0170549646430804
2025-08-19,4,183,183,0.025390356253395037
2025-08-19,5,182,182,0.045996005692819614
2025-08-20,1,183,183,0.036590423810428555
2025-08-20,2,183,183,0.017639517091272285
2025-08-20,3,182,181,0.01017410107636051
2025-08-20,4,183,183,0.021995697307130385
2025-08-20,5,182,182,0.040586366152988836
2025-08-21,1,183,183,0.025087486657642794
2025-08-21,2,183,183,-0.00227967544261588
2025-08-21,3,182,182,6.785018031894654e-05
2025-08-21,4,183,182,0.019971532330405748
2025-08-21,5,182,182,0.03816069938581316
2025-08-22,1,183,183,0.003797183877461616
2025-08-22,2,183,182,-0.004538189965975824
2025-08-22,3,182,181,-0.004839047728080868
2025-08-22,4,183,183,-0.0026327842131956777
2025-08-22,5,182,180,0.017031844319347716
2025-08-25,1,183,183,-0.005469000956917943
2025-08-25,2,183,182,-0.006506227240960007
2025-08-25,3,183,183,-0.027156887814940026
2025-08-25,4,183,183,-0.005629670197614343
2025-08-25,5,182,182,0.017711060167611696
2025-08-26,1,183,183,-0.029835695491567168
2025-08-26,2,183,183,-0.03942151580370362
2025-08-26,3,182,181,-0.029372257559643154
2025-08-26,4,183,183,-0.025596148556035057
2025-08-26,5,182,182,-0.006381677694872027
2025-08-27,1,183,183,0.0034336045173180567
2025-08-27,2,183,182,0.004323460425235678
2025-08-27,3,182,182,0.009594032773854157
2025-08-27,4,183,182,0.017411502314769955
2025-08-27,5,182,182,0.03585958833765398
2025-08-28,1,183,183,-0.01682902183677097
2025-08-28,2,182,181,0.00013233764294806605
2025-08-28,3,183,182,-0.015871118422204334
2025-08-28,4,182,182,0.005885856902403168
2025-08-28,5,182,182,0.01566799288188034
2025-08-29,1,183,182,-0.014169485645758585
2025-08-29,2,182,181,-0.022566386021463967
2025-08-29,3,183,183,-0.00827400109161709
2025-08-29,4,182,181,0.004855652107601015
2025-08-29,5,182,182,-0.0022722349685487917
2025-09-01,1,183,183,-0.008405032863316439
2025-09-01,2,182,180,-0.017293246280502494
2025-09-01,3,183,183,0.005067034048186229
2025-09-01,4,182,181,0.0045151091923540726
2025-09-01,5,182,182,0.017930670910964164
2025-09-02,1,182,182,0.013991193042451344
2025-09-02,2,182,181,-0.0012798521919835317
2025-09-02,3,182,180,0.018245978209246155
2025-09-02,4,182,181,0.027484860990759172
2025-09-02,5,181,181,0.0523575233784478
2025-09-03,1,182,182,0.03579887849326786
2025-09-03,2,182,181,0.019221264888083064
2025-09-03,3,181,179,0.04056875365321784
2025-09-03,4,182,182,0.0481207890480583
2025-09-03,5,181,180,0.08303133069799563
2025-09-04,1,182,182,0.0122014274242225
2025-09-04,2,182,182,0.005020517914700812
2025-09-04,3,181,179,0.013494354353444494
2025-09-04,4,182,182,0.03505559590676228
2025-09-04,5,181,180,0.0485829415513741
2025-09-05,1,182,182,0.028116530456647006
2025-09-05,2,182,181,0.006937060407226599
2025-09-05,3,182,181,0.029386776295491367
2025-09-05,4,182,182,0.03727901008692006
2025-09-05,5,181,181,0.07149365517321919
2025-09-08,1,183,183,0.003560705507466315
2025-09-08,2,182,181,-0.0018914009626518813
2025-09-08,3,182,182,0.015213814866719747
2025-09-08,4,182,182,0.006375417493347666
2025-09-08,5,182,181,0.03423607578352913
2025-09-09,1,183,183,0.023496653758286464
2025-09-09,2,182,181,0.02025230155708447
2025-09-09,3,182,182,0.021852004834413283
2025-09-09,4,182,181,0.023544421452611212
2025-09-09,5,182,182,0.041309868416040174
2025-09-10,1,183,183,0.02446990806034931
2025-09-10,2,182,182,0.009938470918638358
2025-09-10,3,183,183,0.01886087116242928
2025-09-10,4,182,182,0.013030843869242381
2025-09-10,5,182,182,0.03671830391871939
2025-09-11,1,183,183,-0.013881160029066787
2025-09-11,2,183,183,-0.010239803878579501
2025-09-11,3,182,182,-0.009913078248310055
2025-09-11,4,183,183,-0.015558033161552094
2025-09-11,5,182,182,-0.006191261262863797
2025-09-12,1,183,183,-0.014777104208372851
2025-09-12,2,183,183,-0.013823873082394453
2025-09-12,3,182,182,-0.011312687589814359
2025-09-12,4,183,183,-0.008007283114030848
2025-09-12,5,182,181,-0.0009634484940785812
2025-09-15,1,183,183,-0.005413900985217364
2025-09-15,2,183,183,-0.0024094343412098197
2025-09-15,3,183,183,0.001222090729963829
2025-09-15,4,183,183,0.0010680112980023494
2025-09-15,5,182,182,-0.013438663253940672
2025-09-16,1,184,184,-0.005768684288771688
2025-09-16,2,184,184,0.0052838191359122245
2025-09-16,3,183,183,-0.0109285286644497
2025-09-16,4,184,184,0.0016487821512655915
2025-09-16,5,183,183,-0.028074071150090172
2025-09-17,1,184,184,-0.007536380071196019
2025-09-17,2,184,184,0.0001935842371142512
2025-09-17,3,183,183,0.006661665306051135
2025-09-17,4,184,184,0.002981423371294302
2025-09-17,5,183,183,-0.027128414042910203
2025-09-18,1,184,184,0.01158812154384611
2025-09-18,2,184,184,0.020399599698559194
2025-09-18,3,183,183,0.028627314199290765
2025-09-18,4,184,184,0.020077746989393467
2025-09-18,5,183,182,-1.1313461335525923e-06
2025-09-19,1,183,183,0.019994495837408765
2025-09-19,2,183,182,0.016814896613222344
2025-09-19,3,183,182,0.018043922855462843
2025-09-19,4,183,182,0.023234492378996337
2025-09-19,5,183,183,0.002355381978736181
2025-09-22,1,183,183,0.021656546215001217
2025-09-22,2,182,182,0.028367527482084848
2025-09-22,3,183,182,0.02090602647391904
2025-09-22,4,182,182,0.017410178627686793
2025-09-22,5,182,182,0.0019915247493341786
2025-09-23,1,183,183,0.04312489499225901
2025-09-23,2,182,182,0.048581640476704914
2025-09-23,3,182,181,0.04217268986129154
2025-09-23,4,182,182,0.03895537987999006
2025-09-23,5,182,182,0.030839062167548465
2025-09-24,1,183,183,0.0190046403719612
2025-09-24,2,182,182,0.024859223810147373
2025-09-24,3,183,182,0.013957792466889319
2025-09-24,4,182,181,0.018846061145490152
2025-09-24,5,182,182,-0.0008800441496804712
2025-09-25,1,182,181,0.03340362260108051
2025-09-25,2,182,182,0.033827497804605276
2025-09-25,3,182,182,0.023908904354104137
2025-09-25,4,182,182,0.03193772482932377
2025-09-25,5,181,181,0.006270391989286411
2025-09-26,1,182,180,0.031881251714643434
2025-09-26,2,182,182,0.04297174114622966
2025-09-26,3,182,182,0.03669316879489978
2025-09-26,4,182,182,0.03173730238242761
2025-09-26,5,181,180,0.01577072156685824
2025-09-29,1,182,181,0.009797308019479974
2025-09-29,2,181,181,0.010587833320364583
2025-09-29,3,182,182,0.014299383587455326
2025-09-29,4,181,181,0.00030614537623862203
2025-09-29,5,181,181,-0.02305911053816827
2025-09-30,1,182,181,0.015195700773762973
2025-09-30,2,181,181,0.024029672789298136
2025-09-30,3,181,180,0.011412872376792975
2025-09-30,4,181,181,0.012322543837927918
2025-09-30,5,181,181,-0.01713717009588689
2025-10-09,1,182,181,0.017116220970685523
2025-10-09,2,181,181,0.015942137951334437
2025-10-09,3,182,182,0.005623372081129081
2025-10-09,4,181,181,0.014245150477431016
2025-10-09,5,181,181,-0.009605904417808188
2025-10-10,1,182,182,0.05594233313523282
2025-10-10,2,182,182,0.053810906000141205
2025-10-10,3,182,182,0.03462506179066284
2025-10-10,4,182,182,0.03911318964554126
2025-10-10,5,181,181,0.05193487128310834
2025-10-13,1,182,182,0.03210751463610926
2025-10-13,2,182,182,0.02516719189667786
2025-10-13,3,182,182,0.025994517137965443
2025-10-13,4,182,182,0.029926438958671767
2025-10-13,5,181,181,-0.007570937419589666
2025-10-14,1,182,182,0.030813414620382108
2025-10-14,2,182,182,0.04450337234492859
2025-10-14,3,182,182,0.0364545269250236
2025-10-14,4,182,182,0.029602366286994482
2025-10-14,5,181,181,0.010505092107641398
2025-10-15,1,182,182,0.007142596791278915
2025-10-15,2,182,182,0.027574898003661277
2025-10-15,3,182,182,0.030287625623382757
2025-10-15,4,182,182,0.018235840809903495
2025-10-15,5,181,181,-0.00013770813463731915
2025-10-16,1,182,182,0.025607645365807626
2025-10-16,2,182,182,0.03335666538404167
2025-10-16,3,181,181,0.03151450806700208
2025-10-16,4,182,182,0.02661543779309802
2025-10-16,5,181,181,0.027721593299772935
2025-10-17,1,182,182,0.03361923741753641
2025-10-17,2,182,182,0.04185236184128692
2025-10-17,3,181,181,0.038259564390607126
2025-10-17,4,182,182,0.04725907955310986
2025-10-17,5,181,181,0.04424211483825372
2025-10-20,1,182,182,0.019505341400396215
2025-10-20,2,182,182,0.044059667229013035
2025-10-20,3,181,181,0.03746782018083644
2025-10-20,4,182,182,0.043447869600900725
2025-10-20,5,181,181,0.04615447579279288
2025-10-21,1,182,182,0.013571532691622763
2025-10-21,2,182,182,0.01632229260820957
2025-10-21,3,181,181,0.02701105737333987
2025-10-21,4,182,182,0.026128124925180865
2025-10-21,5,181,181,0.03078875156358399
2025-10-22,1,182,182,0.010683791574893292
2025-10-22,2,182,182,0.0189341078129278
2025-10-22,3,182,182,0.015916444651887678
2025-10-22,4,182,181,0.026978686383598686
2025-10-22,5,181,181,0.031173790968951284
2025-10-23,1,182,182,-0.01654095569653403
2025-10-23,2,182,182,-0.017075069591830434
2025-10-23,3,182,182,-0.003872670717739033
2025-10-23,4,182,181,-0.007761519597256158
2025-10-23,5,181,181,0.012499097981915846
2025-10-24,1,182,181,-0.0329387831767345
2025-10-24,2,182,182,-0.040901552081760086
2025-10-24,3,182,182,-0.029755923787731085
2025-10-24,4,182,181,-0.024827184052708708
2025-10-24,5,181,180,-0.02302340014586875
2025-10-27,1,182,182,-0.021278403060760818
2025-10-27,2,182,182,-0.027951513819508708
2025-10-27,3,181,181,-0.029558768404441233
2025-10-27,4,182,182,-0.02131292717657601
2025-10-27,5,181,179,-0.02051904842535737
2025-10-28,1,182,182,-0.021317684141976736
2025-10-28,2,182,182,-0.013602011893207921
2025-10-28,3,181,181,-0.0215861099601114
2025-10-28,4,182,182,-0.01237874011058028
2025-10-28,5,181,179,-0.010087178859078344
2025-10-29,1,182,182,-0.028631593914233405
2025-10-29,2,182,182,-0.021135562255952988
2025-10-29,3,182,182,-0.029221682699038968
2025-10-29,4,182,182,-0.020521300898520223
2025-10-29,5,181,179,-0.02346095530747658
2025-10-30,1,182,182,-0.029121177369862195
2025-10-30,2,182,182,-0.020383549710802848
2025-10-30,3,182,182,-0.014061042637333196
2025-10-30,4,182,181,-0.010952274283127755
2025-10-30,5,181,180,-0.014939031285513346
2025-10-31,1,182,182,-0.02595003786440087
2025-10-31,2,181,180,-0.014838625436772427
2025-10-31,3,182,181,-0.024707416629033016
2025-10-31,4,181,181,-0.0036505665556691917
2025-10-31,5,181,179,0.011883143134325962
2025-11-03,1,182,182,-0.014933542601478958
2025-11-03,2,181,181,-0.013725080348336924
2025-11-03,3,182,181,-0.015829409455019504
2025-11-03,4,181,180,-0.0020932029343940202
2025-11-03,5,181,179,-0.007527629661037695
2025-11-04,1,182,182,0.003249442987417765
2025-11-04,2,181,181,0.005124659696163073
2025-11-04,3,182,181,-0.010923010202042826
2025-11-04,4,181,180,0.006645067471703651
2025-11-04,5,181,179,0.016164776493292638
2025-11-05,1,182,182,-0.0132914396832567
2025-11-05,2,182,182,-0.023501434971885244
2025-11-05,3,182,182,-0.018599034731050373
2025-11-05,4,182,179,-0.011100855602002541
2025-11-05,5,181,180,-0.017384527563636138
2025-11-06,1,182,182,-0.018028379918075876
2025-11-06,2,182,182,-0.02531094152914229
2025-11-06,3,182,182,-0.02598729599046706
2025-11-06,4,182,179,-0.021926395171488665
2025-11-06,5,181,180,-0.030447985520816404
2025-11-07,1,182,182,-0.016566687181095056
2025-11-07,2,182,182,-0.016058852782735514
2025-11-07,3,181,181,-0.010406131974483993
2025-11-07,4,182,181,-0.01517182820175843
2025-11-07,5,181,179,-0.024212392080480784
2025-11-10,1,182,182,-0.012082030963162446
2025-11-10,2,182,182,-0.03513135593661568
2025-11-10,3,182,182,-0.023053802262574925
2025-11-10,4,182,182,-0.018852837162340427
2025-11-10,5,182,180,-0.02021357967335826
2025-11-11,1,183,183,-0.007720036605149651
2025-11-11,2,182,181,-0.03387648683817078
2025-11-11,3,183,183,-0.03157449153510302
2025-11-11,4,182,180,-0.021483213004738176
2025-11-11,5,182,181,-0.028747451833704352
2025-11-12,1,183,183,0.004741450405592565
2025-11-12,2,182,181,-0.01897437923623949
2025-11-12,3,183,183,-0.024797232217082292
2025-11-12,4,182,180,-0.0221286343740358
2025-11-12,5,182,181,-0.007913077948994499
2025-11-13,1,183,182,-0.010862836706098914
2025-11-13,2,183,183,-0.04817833269428006
2025-11-13,3,183,183,-0.04121279492312048
2025-11-13,4,183,182,-0.02688676226073507
2025-11-13,5,182,180,-0.039811068657910106
2025-11-14,1,184,183,-0.01712785113202693
2025-11-14,2,183,182,-0.03368438617009074
2025-11-14,3,183,182,-0.036378981726683635
2025-11-14,4,183,183,-0.04049711735643741
2025-11-14,5,183,182,-0.04415786868126884
2025-11-17,1,184,183,-0.013624612047160619
2025-11-17,2,183,183,-0.02473810037025163
2025-11-17,3,183,182,-0.024077200666546415
2025-11-17,4,183,183,-0.03446907473173194
2025-11-17,5,183,182,-0.05883258227531329
2025-11-18,1,183,183,-0.022179815104349836
2025-11-18,2,183,182,-0.015131493849201203
2025-11-18,3,183,183,-0.03154535988705481
2025-11-18,4,183,183,-0.043048013595907535
2025-11-18,5,182,181,-0.058774496551278047
2025-11-19,1,183,183,-0.015817638389818575
2025-11-19,2,182,181,-0.001282709080969889
2025-11-19,3,183,183,-0.03555924214421974
2025-11-19,4,182,182,-0.03317012551372419
2025-11-19,5,182,179,-0.05318305157248728
2025-11-20,1,183,182,0.02544708228050539
2025-11-20,2,182,181,0.011041494307911381
2025-11-20,3,182,182,-0.009587537983021869
2025-11-20,4,182,182,-0.018014003543918116
2025-11-20,5,182,180,-0.021057003094627692
2025-11-21,1,183,181,0.061782123888607286
2025-11-21,2,182,182,0.04333245160361982
2025-11-21,3,182,180,0.014624063925171618
2025-11-21,4,182,182,0.018945279325774833
2025-11-21,5,182,180,0.0030079754872839896
2025-11-24,1,183,182,0.0583314224007304
2025-11-24,2,182,182,0.028254005132887484
2025-11-24,3,182,182,0.02186500145797231
2025-11-24,4,182,181,0.020095824717577888
2025-11-24,5,182,180,0.0003560639442046728
2025-11-25,1,182,181,0.03305211658057158
2025-11-25,2,182,182,0.020679588336943083
2025-11-25,3,182,182,0.010059045768015674
2025-11-25,4,182,182,0.006608609655428809
2025-11-25,5,182,180,-0.007623420458434127
2025-11-26,1,183,182,0.03435820305970791
2025-11-26,2,182,182,0.04013715749200936
2025-11-26,3,182,182,0.020920238632940895
2025-11-26,4,182,182,0.01673368186444922
2025-11-26,5,182,182,0.015694291734185864
2025-11-27,1,183,183,0.04505396484046331
2025-11-27,2,182,182,0.040255997795678636
2025-11-27,3,183,182,0.02753017485343737
2025-11-27,4,182,182,0.026094681129971826
2025-11-27,5,182,182,0.025109262896319283
2025-11-28,1,183,183,0.03829966316548738
2025-11-28,2,183,183,0.024303462386754054
2025-11-28,3,183,183,0.017407780638896978
2025-11-28,4,183,183,0.02785148024793188
2025-11-28,5,182,179,0.01764814189514877
2025-12-01,1,183,183,0.030743831385838603
2025-12-01,2,182,182,0.001078963267079794
2025-12-01,3,183,182,0.010384288063467927
2025-12-01,4,182,182,0.016843029813005464
2025-12-01,5,182,180,0.006259984395951637
2025-12-02,1,183,183,0.035513228126252704
2025-12-02,2,182,181,0.012855471442389806
2025-12-02,3,182,182,0.015170341609262502
2025-12-02,4,182,182,0.01482500906612119
2025-12-02,5,182,181,0.029029074551786042
2025-12-03,1,183,183,0.04716050618421386
2025-12-03,2,182,182,0.02365570051339201
2025-12-03,3,183,182,0.02123973494739668
2025-12-03,4,182,182,0.030536894461759723
2025-12-03,5,182,181,0.037934507327680715
2025-12-04,1,182,182,0.05615075312210879
2025-12-04,2,182,182,0.03817385756832827
2025-12-04,3,182,181,0.04118821165662135
2025-12-04,4,182,182,0.053069028238198666
2025-12-04,5,182,181,0.047665667883306666
2025-12-05,1,183,183,0.0648201475369716
2025-12-05,2,182,182,0.04000372600184051
2025-12-05,3,182,181,0.033000862366462255
2025-12-05,4,182,182,0.04217343994819146
2025-12-05,5,182,181,0.05201748239350057
2025-12-08,1,183,183,0.045395267586707054
2025-12-08,2,182,182,0.033758814513798946
2025-12-08,3,182,181,0.026885719207083214
2025-12-08,4,182,182,0.047000997252804384
2025-12-08,5,182,181,0.06380727881028207
2025-12-09,1,182,182,0.059062066722074105
2025-12-09,2,182,181,0.039208996151683564
2025-12-09,3,182,182,0.06551863251908732
2025-12-09,4,182,182,0.05110564291991361
2025-12-09,5,181,179,0.08886149374163271
2025-12-10,1,183,182,0.06996389690189275
2025-12-10,2,182,181,0.07435880478042675
2025-12-10,3,182,182,0.0656224392803793
2025-12-10,4,182,182,0.060673964572634534
2025-12-10,5,182,182,0.10248718376762866
2025-12-11,1,182,181,0.11462899192635664
2025-12-11,2,182,181,0.10145240444183036
2025-12-11,3,182,181,0.08298657666737223
2025-12-11,4,182,181,0.07617912170713981
2025-12-11,5,181,181,0.1591263983118109
2025-12-12,1,182,181,0.093459882364634
2025-12-12,2,182,180,0.08139423479710238
2025-12-12,3,182,181,0.08258535302517339
2025-12-12,4,182,180,0.07606461215072725
2025-12-12,5,181,181,0.12673604092470117
2025-12-15,1,182,181,0.10008320382226618
2025-12-15,2,182,181,0.06695914158110966
2025-12-15,3,181,181,0.09541522285746352
2025-12-15,4,182,181,0.06226800961489234
2025-12-15,5,181,180,0.11546866766308744
2025-12-16,1,182,180,0.11457321332470045
2025-12-16,2,182,182,0.10727665496203426
2025-12-16,3,181,181,0.08019782115290457
2025-12-16,4,182,182,0.08831462951840566
2025-12-16,5,181,179,0.13113070187322737
2025-12-17,1,182,181,0.08904441084595216
2025-12-17,2,182,182,0.0821066166091418
2025-12-17,3,181,181,0.0721283365139043
2025-12-17,4,182,180,0.07970593472832058
2025-12-17,5,181,179,0.10553422262178462
2025-12-18,1,182,181,0.09211377726382021
2025-12-18,2,181,181,0.08883259995673165
2025-12-18,3,181,181,0.0670987314623875
2025-12-18,4,181,181,0.0901806025812863
2025-12-18,5,181,179,0.1236900419665326
2025-12-19,1,181,180,0.07347252621584856
2025-12-19,2,181,181,0.06684660774471561
2025-12-19,3,181,181,0.061815974385905026
2025-12-19,4,181,181,0.056800014915420804
2025-12-19,5,181,179,0.09626774422827639
2025-12-22,1,181,180,0.06778856104956937
2025-12-22,2,181,181,0.06713033110391771
2025-12-22,3,181,181,0.07706303259545248
2025-12-22,4,181,180,0.06723550690515524
2025-12-22,5,180,180,0.10869877885596473
2025-12-23,1,181,180,0.09001994782534581
2025-12-23,2,181,181,0.07907294942126337
2025-12-23,3,181,181,0.08347061661494337
2025-12-23,4,181,181,0.09099960280652042
2025-12-23,5,180,180,0.12158424971146545
2025-12-24,1,181,181,0.0895444670070981
2025-12-24,2,181,180,0.0919077401181045
2025-12-24,3,181,181,0.08677009965153025
2025-12-24,4,181,181,0.07952793597842116
2025-12-24,5,180,180,0.12400589493917998
2025-12-25,1,181,181,0.07129142071318942
2025-12-25,2,181,181,0.07908954712296984
2025-12-25,3,180,180,0.06959884851913224
2025-12-25,4,181,181,0.06684753925753317
2025-12-25,5,180,180,0.08693181015564358
2025-12-26,1,181,180,0.07767059158944946
2025-12-26,2,181,181,0.0644942057948033
2025-12-26,3,180,180,0.07293394073971525
2025-12-26,4,181,181,0.05405811044422821
2025-12-26,5,180,180,0.08102673053065934
2025-12-29,1,181,181,0.0825212685221673
2025-12-29,2,181,181,0.08236510360873492
2025-12-29,3,180,179,0.08395182934624319
2025-12-29,4,181,181,0.055894067080510444
2025-12-29,5,180,180,0.09675656101434132
2025-12-30,1,181,181,0.06838107579985266
2025-12-30,2,180,180,0.08543117380963701
2025-12-30,3,181,181,0.06513739074869516
2025-12-30,4,180,180,0.06865147780922935
2025-12-30,5,180,180,0.05582576684086314
2025-12-31,1,181,180,0.04118697277423273
2025-12-31,2,180,180,0.06274416897118987
2025-12-31,3,181,181,0.049636393807026565
2025-12-31,4,180,180,0.05012966840845999
2025-12-31,5,180,180,0.03892617336874885
2026-01-05,1,181,180,0.013191444553463352
2026-01-05,2,180,180,0.01776900092563061
2026-01-05,3,181,181,0.02204791988036209
2026-01-05,4,180,180,0.03926352077232968
2026-01-05,5,180,180,0.03433132795147152
2026-01-06,1,181,180,0.014917380614074133
2026-01-06,2,181,181,0.012650681026074258
2026-01-06,3,180,180,0.02613817135454672
2026-01-06,4,181,181,0.021237651039027933
2026-01-06,5,180,180,0.027610425364868817
2026-01-07,1,181,180,0.026303958665343914
2026-01-07,2,181,181,0.017712772637261173
2026-01-07,3,181,181,0.025404235622275194
2026-01-07,4,181,181,0.02825783265678063
2026-01-07,5,180,180,0.031753360189596236
2026-01-08,1,182,181,0.004030611472953027
2026-01-08,2,181,181,0.016599691069888907
2026-01-08,3,181,181,0.0060452523371221445
2026-01-08,4,181,181,0.000619595555399934
2026-01-08,5,181,180,0.012395796201083699
2026-01-09,1,182,181,0.01267432089689504
2026-01-09,2,181,181,0.004007398716412537
2026-01-09,3,181,181,0.012992345081652028
2026-01-09,4,181,180,0.008514929673869107
2026-01-09,5,181,180,-0.0011261274275866724
2026-01-12,1,182,182,0.008467585651947305
2026-01-12,2,181,181,0.01575001471033869
2026-01-12,3,181,181,0.0029992781124952117
2026-01-12,4,181,180,0.006541073533635271
2026-01-12,5,181,178,-0.025453947415732224
2026-01-13,1,181,181,0.012129676042451649
2026-01-13,2,181,181,0.027090946639889354
2026-01-13,3,181,180,0.012431725885289993
2026-01-13,4,181,180,0.026667827801208757
2026-01-13,5,181,181,-0.011351870354535484
2026-01-14,1,181,181,0.027019328148034445
2026-01-14,2,181,180,0.015986834393506767
2026-01-14,3,181,181,0.020218335669654607
2026-01-14,4,181,181,0.015355780831540582
2026-01-14,5,180,180,0.00754328693881065
2026-01-15,1,181,181,0.0077912180315416095
2026-01-15,2,181,181,0.010029881614237676
2026-01-15,3,180,179,0.006857286794990387
2026-01-15,4,181,181,-0.001805314754540075
2026-01-15,5,180,180,0.020016977120106874
2026-01-16,1,181,181,0.02638399142076828
2026-01-16,2,180,180,0.016209455648287862
2026-01-16,3,180,180,0.021192595112359436
2026-01-16,4,180,180,0.011989996453737545
2026-01-16,5,180,179,0.03550324241312044
2026-01-19,1,181,180,0.0025005026363224226
2026-01-19,2,180,180,0.0203541967734521
2026-01-19,3,181,181,0.006444930335267104
2026-01-19,4,180,180,0.01310825519728624
2026-01-19,5,180,179,0.020497057785225155
2026-01-20,1,181,180,0.0432833458607783
2026-01-20,2,181,181,0.018805106343930064
2026-01-20,3,181,181,0.01058430860884078
2026-01-20,4,181,181,0.016908249943048553
2026-01-20,5,180,179,0.053369430638893184
2026-01-21,1,181,180,0.015062080181430406
2026-01-21,2,181,181,0.009814895706885592
2026-01-21,3,180,180,0.0008242443449064082
2026-01-21,4,181,181,0.005931090978375006
2026-01-21,5,180,179,0.03383473720038506
2026-01-22,1,181,180,0.00157090647452635
2026-01-22,2,181,180,-0.003459695264089092
2026-01-22,3,181,181,0.00404289690984199
2026-01-22,4,181,181,0.0009014228683731847
2026-01-22,5,180,178,0.038050524979866995
2026-01-23,1,182,181,-0.0020310769279433586
2026-01-23,2,182,182,-0.015112205649968576
2026-01-23,3,181,181,-0.01093396902345829
2026-01-23,4,182,180,-0.0014304862612948264
2026-01-23,5,181,180,0.03542754365214071
2026-01-26,1,181,180,-0.04379712310221859
2026-01-26,2,181,181,-0.026396564360993694
2026-01-26,3,181,181,-0.03257046585758815
2026-01-26,4,181,180,-0.01787970463209809
2026-01-26,5,181,180,-0.02050757630826596
2026-01-27,1,181,180,-0.01834689005894357
2026-01-27,2,181,181,-0.018678230465664237
2026-01-27,3,181,181,-0.013452631051516577
2026-01-27,4,181,180,-0.018521355143260927
2026-01-27,5,181,180,0.0012826989515889176
2026-01-28,1,182,181,-0.02733956577776507
2026-01-28,2,181,181,-0.012506411505871413
2026-01-28,3,181,180,-0.02334226987151621
2026-01-28,4,181,180,-0.025252220280399962
2026-01-28,5,181,181,-0.02178129679197137
2026-01-29,1,182,181,-0.02135549033873805
2026-01-29,2,181,181,-0.0015572276642231543
2026-01-29,3,181,181,-0.0182357654953161
2026-01-29,4,181,180,-0.021500048559974574
2026-01-29,5,181,181,-0.0004312577250845754
2026-01-30,1,182,181,-0.0029150444530402215
2026-01-30,2,181,181,0.00457216041458624
2026-01-30,3,181,181,0.009875588449124
2026-01-30,4,181,181,-0.004212076483279337
2026-01-30,5,181,179,0.023856718047054883
2026-02-02,1,181,181,0.009355407549178884
2026-02-02,2,181,181,0.02130901311922395
2026-02-02,3,181,181,0.026172228118604344
2026-02-02,4,181,181,0.022637122890624327
2026-02-02,5,181,180,0.05236081274793146
2026-02-03,1,181,181,0.0031971733419609493
2026-02-03,2,181,181,0.009418872001593134
2026-02-03,3,181,181,0.017687339498028375
2026-02-03,4,181,180,0.014988525344921786
2026-02-03,5,181,181,0.040551845212663286
2026-02-04,1,182,182,0.005261965150480587
2026-02-04,2,181,181,0.002533896407100089
2026-02-04,3,182,182,-0.00481582072150644
2026-02-04,4,181,181,0.015249656488814822
2026-02-04,5,181,180,0.021663743302044597
2026-02-05,1,182,182,0.010061817289324248
2026-02-05,2,181,181,0.006024344412646817
2026-02-05,3,182,181,0.01894412105703132
2026-02-05,4,181,181,0.008514111108864542
2026-02-05,5,181,181,0.012114127349656757
2026-02-06,1,181,181,-0.018916285182508624
2026-02-06,2,181,181,0.0006325866886004916
2026-02-06,3,181,181,-0.0021206143856398766
2026-02-06,4,181,181,-0.005926345199660176
2026-02-06,5,181,180,-0.012033247463513336
2026-02-09,1,181,181,-0.038857586562917865
2026-02-09,2,181,181,-0.025802522162620047
2026-02-09,3,181,181,-0.01635385325818914
2026-02-09,4,181,181,-0.017705062824434292
2026-02-09,5,181,181,-0.04385453836102187
2026-02-10,1,182,182,-0.04735846824635621
2026-02-10,2,181,180,-0.036733983721685716
2026-02-10,3,182,182,-0.025445711814631643
2026-02-10,4,181,181,-0.022130985455163833
2026-02-10,5,181,181,-0.045101779813084567
2026-02-11,1,182,182,-0.05714044764017495
2026-02-11,2,181,181,-0.04507995217216099
2026-02-11,3,182,181,-0.03579436574969193
2026-02-11,4,181,181,-0.040279811081923064
2026-02-11,5,181,181,-0.05537834138646235
2026-02-12,1,182,182,-0.09053396779872337
2026-02-12,2,181,181,-0.07524208270542536
2026-02-12,3,182,182,-0.060723366540796436
2026-02-12,4,181,181,-0.0709630373855488
2026-02-12,5,181,181,-0.08611913623515392
2026-02-13,1,182,182,-0.1160477663288268
2026-02-13,2,181,181,-0.09135781399986485
2026-02-13,3,181,181,-0.08843004101613224
2026-02-13,4,181,181,-0.0774272503851199
2026-02-13,5,181,180,-0.09623301857587487
2026-02-24,1,182,181,-0.11873405446758298
2026-02-24,2,181,181,-0.09302051259380616
2026-02-24,3,181,181,-0.07451544312762327
2026-02-24,4,181,181,-0.05923127300385992
2026-02-24,5,181,181,-0.07474065210961593
2026-02-25,1,182,182,-0.11881566422468334
2026-02-25,2,181,181,-0.08351053325569262
2026-02-25,3,182,182,-0.07579723869032667
2026-02-25,4,181,181,-0.05366313396687871
2026-02-25,5,181,181,-0.08292887286181164
2026-02-26,1,182,182,-0.13293178348128426
2026-02-26,2,181,181,-0.10210016817481099
2026-02-26,3,181,181,-0.07851801789068963
2026-02-26,4,181,181,-0.07793226936674506
2026-02-26,5,181,181,-0.10230316796594635
2026-02-27,1,182,182,-0.11679642955980844
2026-02-27,2,181,180,-0.08773901497862807
2026-02-27,3,181,180,-0.07125364338203352
2026-02-27,4,181,181,-0.06636507470592362
2026-02-27,5,181,181,-0.09652846855692093
2026-03-02,1,182,182,-0.09351220355689804
2026-03-02,2,181,181,-0.06718225599304903
2026-03-02,3,181,181,-0.06400033677689457
2026-03-02,4,181,181,-0.07074548786511271
2026-03-02,5,181,181,-0.084932724969712
2026-03-03,1,182,182,-0.03474949505148899
2026-03-03,2,181,181,-0.034815055626934
2026-03-03,3,181,181,-0.034441871716514826
2026-03-03,4,181,181,-0.03594353682148859
2026-03-03,5,181,181,-0.04185709797757925
2026-03-04,1,181,181,-0.05913960536190305
2026-03-04,2,181,181,-0.0518506523574434
2026-03-04,3,181,181,-0.03977089756317158
2026-03-04,4,181,181,-0.041416789947668974
2026-03-04,5,181,181,-0.06390395801440558
2026-03-05,1,182,182,-0.06631427517124974
2026-03-05,2,181,181,-0.05699801880757622
2026-03-05,3,181,181,-0.028176167067989324
2026-03-05,4,181,181,-0.042641524233503904
2026-03-05,5,181,181,-0.05583808993535068
2026-03-06,1,182,182,-0.08687340621409119
2026-03-06,2,181,181,-0.07520052854003897
2026-03-06,3,182,182,-0.053319570327653214
2026-03-06,4,181,181,-0.06234070444526815
2026-03-06,5,181,181,-0.07843896022662393
2026-03-09,1,182,182,-0.07647473453389084
2026-03-09,2,181,181,-0.056667502070979245
2026-03-09,3,182,182,-0.044347829916044273
2026-03-09,4,181,181,-0.04326070590519077
2026-03-09,5,181,181,-0.062482488687797426
2026-03-10,1,182,182,-0.07546599626051621
2026-03-10,2,182,182,-0.05883922267815383
2026-03-10,3,182,182,-0.04217644330319147
2026-03-10,4,182,182,-0.048842391506920456
2026-03-10,5,181,181,-0.05742912624350782
2026-03-11,1,182,182,-0.06921063883334712
2026-03-11,2,182,182,-0.060836756994998
2026-03-11,3,182,182,-0.04444861381254928
2026-03-11,4,182,182,-0.046796715051069915
2026-03-11,5,182,182,-0.05004078564559264
2026-03-12,1,182,182,-0.06307720092490963
2026-03-12,2,182,182,-0.05116513677165514
2026-03-12,3,182,182,-0.04693291335063555
2026-03-12,4,182,182,-0.046135735474665644
2026-03-12,5,182,182,-0.050404675486145335
2026-03-13,1,182,182,-0.035673180184598675
2026-03-13,2,182,182,-0.03562673885275919
2026-03-13,3,182,182,-0.04706386865752118
2026-03-13,4,182,182,-0.03424345025608658
2026-03-13,5,182,182,-0.023241181263398816
2026-03-16,1,183,183,-0.023364462790675566
2026-03-16,2,182,182,-0.03302826794511736
2026-03-16,3,182,182,-0.03768280619206252
2026-03-16,4,182,182,-0.03249217529489796
2026-03-16,5,182,182,-0.012481040040441245
2026-03-17,1,183,183,-0.0020168276419354086
2026-03-17,2,182,182,-0.030034693483351325
2026-03-17,3,183,183,-0.02739018998533232
2026-03-17,4,182,182,-0.0231424998361562
2026-03-17,5,182,182,-0.013887685241741877
2026-03-18,1,183,183,0.006942620884776923
2026-03-18,2,182,182,-0.007898515151088114
2026-03-18,3,183,183,-0.018425280751986805
2026-03-18,4,182,182,-0.014159488538250163
2026-03-18,5,182,181,0.0064600564247843965
2026-03-19,1,182,182,0.0396176997788028
2026-03-19,2,182,182,-0.005109617965081036
2026-03-19,3,182,181,0.0019033804288572384
2026-03-19,4,182,182,-0.004209787334188126
2026-03-19,5,182,182,0.01225628160186361
2026-03-20,1,182,181,0.0793257868211379
2026-03-20,2,182,182,0.047528296463661655
2026-03-20,3,182,181,0.045426167153245725
2026-03-20,4,182,182,0.0378087295038343
2026-03-20,5,181,181,0.050738794866875166
2026-03-23,1,181,181,0.09298393417045556
2026-03-23,2,181,180,0.057779833272274574
2026-03-23,3,181,180,0.0743346510709324
2026-03-23,4,181,181,0.04116828266717811
2026-03-23,5,180,180,0.05883856281173087
2026-03-24,1,182,180,0.08801417615088024
2026-03-24,2,182,182,0.053020472267180214
2026-03-24,3,181,180,0.052845634376497745
2026-03-24,4,182,182,0.054170111724216756
2026-03-24,5,181,181,0.052376117409620476
2026-03-25,1,182,181,0.047296656061905695
2026-03-25,2,182,181,0.02781076957222515
2026-03-25,3,182,181,0.03357065461130451
2026-03-25,4,182,182,0.023080786238941036
2026-03-25,5,182,182,0.04432263361360024
2026-03-26,1,182,181,0.08402796107846282
2026-03-26,2,182,181,0.0461128353325558
2026-03-26,3,182,181,0.03947571154122654
2026-03-26,4,182,182,0.045954739222028675
2026-03-26,5,181,180,0.07334299912891687
2026-03-27,1,182,182,0.056163434054862044
2026-03-27,2,182,181,0.035583862891376765
2026-03-27,3,182,181,0.026549173146460308
2026-03-27,4,182,182,0.0239072134787346
2026-03-27,5,182,182,0.065714615443247
2026-03-30,1,182,182,0.029173092062808943
2026-03-30,2,182,179,0.005935652030833615
2026-03-30,3,182,181,0.000964124138467141
2026-03-30,4,182,182,0.015239599838273695
2026-03-30,5,182,182,0.04063641768023113
2026-03-31,1,183,183,0.04559010051516848
2026-03-31,2,182,180,0.01732291179166543
2026-03-31,3,182,180,0.027546999147498693
2026-03-31,4,182,182,0.017002847569700053
2026-03-31,5,182,180,0.061752083216270216
2026-04-01,1,182,182,0.0468805984715841
2026-04-01,2,182,182,0.023385163090005087
2026-04-01,3,182,180,0.03426195069044302
2026-04-01,4,182,182,0.03307777938865954
2026-04-01,5,181,181,0.06418614052097987
2026-04-02,1,182,182,0.07286435564050456
2026-04-02,2,182,182,0.05646081726518989
2026-04-02,3,182,182,0.042647986074348374
2026-04-02,4,182,181,0.05161892060056926
2026-04-02,5,182,182,0.08309752785409402
2026-04-03,1,182,182,0.08931859058196172
2026-04-03,2,182,182,0.08751475822479053
2026-04-03,3,182,182,0.06165238192630654
2026-04-03,4,182,182,0.06860444670493539
2026-04-03,5,181,181,0.09618598031732077
2026-04-07,1,182,182,0.07694266534187741
2026-04-07,2,182,182,0.06250667488132763
2026-04-07,3,182,182,0.05393531412748136
2026-04-07,4,182,182,0.06209307946514044
2026-04-07,5,182,182,0.09831477748893323
2026-04-08,1,183,183,0.060982892977194815
2026-04-08,2,182,182,0.05164542172510204
2026-04-08,3,182,182,0.03952663891073704
2026-04-08,4,182,182,0.06733451950145107
2026-04-08,5,182,182,0.10756050567531711
2026-04-09,1,182,182,0.029954002540168483
2026-04-09,2,182,182,0.026757622506010957
2026-04-09,3,182,182,0.03749585662524566
2026-04-09,4,182,182,0.05976038698732597
2026-04-09,5,182,182,0.08096589185922756
2026-04-10,1,182,182,0.03991237124361339
2026-04-10,2,182,182,0.04371026584501632
2026-04-10,3,182,182,0.04380647886111139
2026-04-10,4,182,182,0.060012515738976785
2026-04-10,5,182,182,0.1228842133057783
2026-04-13,1,182,182,0.0051774080865841735
2026-04-13,2,182,182,0.008535549413515196
2026-04-13,3,182,182,0.010760946290616165
2026-04-13,4,182,182,0.022328350882877532
2026-04-13,5,182,182,0.08654000696135361
2026-04-14,1,183,183,-0.019459163733839054
2026-04-14,2,183,183,-0.016305538914557317
2026-04-14,3,182,182,-0.0001529707326988767
2026-04-14,4,183,183,-0.012001143824663713
2026-04-14,5,182,182,0.06392008554376422
2026-04-15,1,183,183,-0.011391909668758207
2026-04-15,2,183,183,0.00039664988998553514
2026-04-15,3,182,182,-0.009289510474012372
2026-04-15,4,183,183,0.0009641771111036635
2026-04-15,5,182,182,0.05768208363721338
2026-04-16,1,183,183,-0.012356251912646386
2026-04-16,2,182,182,-0.013444840531901286
2026-04-16,3,183,183,-0.006744069074987319
2026-04-16,4,182,182,0.018920926260642866
2026-04-16,5,182,182,0.04152427728460233
2026-04-17,1,183,183,-0.0031383165909257688
2026-04-17,2,183,183,-0.03451894790822381
2026-04-17,3,182,182,-0.006029572171737734
2026-04-17,4,183,182,0.002432785880548862
2026-04-17,5,182,182,0.05842290464721262
2026-04-20,1,183,183,-0.047041926552123935
2026-04-20,2,182,181,-0.037453856143037506
2026-04-20,3,183,183,-0.024098035692900834
2026-04-20,4,182,182,-0.026412041852348106
2026-04-20,5,182,182,0.03609305635901801
2026-04-21,1,183,183,-0.035166718605357986
2026-04-21,2,182,182,-0.022541959071468557
2026-04-21,3,182,182,-0.019864220484923756
2026-04-21,4,182,182,-0.004631767973304727
2026-04-21,5,182,182,0.04984774645373894
2026-04-22,1,183,183,-0.0380336582539609
2026-04-22,2,183,183,-0.043486091387849875
2026-04-22,3,182,181,-0.018509570654236755
2026-04-22,4,183,183,-0.02289100412007941
2026-04-22,5,182,182,0.025723272172331717
2026-04-23,1,182,182,-0.02058953384402873
2026-04-23,2,182,182,-0.015322889921111076
2026-04-23,3,182,182,-0.025209919497144063
2026-04-23,4,182,182,-0.014738113338724114
2026-04-23,5,181,181,0.030406717875315886
2026-04-24,1,182,180,-0.03409603737225324
2026-04-24,2,182,182,-0.040643288228620955
2026-04-24,3,182,182,-0.030924983278473702
2026-04-24,4,182,182,-0.013544644265496938
2026-04-24,5,182,182,0.007900906856172433
2026-04-27,1,182,182,-0.023510761297347933
2026-04-27,2,182,182,-0.041408126306281226
2026-04-27,3,182,182,-0.033756364179864586
2026-04-27,4,182,182,-0.011390045331921403
2026-04-27,5,181,181,0.03871492565274771
2026-04-28,1,182,181,-0.04060810704454402
2026-04-28,2,182,182,-0.02946707851259697
2026-04-28,3,182,182,-0.041248266771395536
2026-04-28,4,182,181,-0.027981450896597433
2026-04-28,5,181,180,0.025576707103572478
2026-04-29,1,182,178,-0.04498158740075822
2026-04-29,2,182,182,-0.032469182681499696
2026-04-29,3,181,180,-0.032053785415640766
2026-04-29,4,182,182,-0.036542060979158686
2026-04-29,5,181,181,0.000944216093811571
2026-04-30,1,181,181,-0.05185910633412658
2026-04-30,2,181,181,-0.047878637898796886
2026-04-30,3,181,180,-0.04207011417573107
2026-04-30,4,181,181,-0.04967712533523332
2026-04-30,5,181,181,-0.009257580517739243
2026-05-06,1,182,182,-0.07549499866738359
2026-05-06,2,181,181,-0.07009906922836515
2026-05-06,3,181,180,-0.06546391034674352
2026-05-06,4,181,181,-0.05092812531647761
2026-05-06,5,181,181,-0.035025877615829384
2026-05-07,1,182,182,-0.0783796851717183
2026-05-07,2,182,182,-0.07795225468561806
2026-05-07,3,182,182,-0.07437021375550772
2026-05-07,4,182,182,-0.06810723039872774
2026-05-07,5,181,181,-0.02266045390289342
2026-05-08,1,182,182,-0.09151573590188707
2026-05-08,2,182,182,-0.10855661053974397
2026-05-08,3,182,182,-0.09847083791564269
2026-05-08,4,182,182,-0.09789043986271143
2026-05-08,5,181,181,-0.07331991646279515
2026-05-11,1,182,182,-0.10360244531718188
2026-05-11,2,182,182,-0.10866976946533068
2026-05-11,3,182,182,-0.09696187462634358
2026-05-11,4,182,182,-0.10784768308638656
2026-05-11,5,182,182,-0.06838130146140602
2026-05-12,1,182,182,-0.10295662134226921
2026-05-12,2,182,182,-0.10191804507918516
2026-05-12,3,181,181,-0.09110853220867283
2026-05-12,4,182,182,-0.09949818077312149
2026-05-12,5,181,181,-0.04709813287649076
2026-05-13,1,182,182,-0.12388850875841552
2026-05-13,2,182,182,-0.0993273816551724
2026-05-13,3,182,182,-0.0973435047339229
2026-05-13,4,182,182,-0.11925731555688934
2026-05-13,5,181,181,-0.07128533558767919
2026-05-14,1,182,182,-0.10655849228317393
2026-05-14,2,181,181,-0.07902497201382812
2026-05-14,3,181,181,-0.08451622408268203
2026-05-14,4,181,181,-0.07815051489081645
2026-05-14,5,181,181,-0.045570784904532265
2026-05-15,1,181,181,-0.06853813531066086
2026-05-15,2,181,181,-0.06829507991464841
2026-05-15,3,181,181,-0.05537864165850145
2026-05-15,4,181,181,-0.05143113871998669
2026-05-15,5,180,180,-0.024441433876196964
2026-05-18,1,181,181,-0.04892493561656259
2026-05-18,2,181,181,-0.05825491213591233
2026-05-18,3,181,181,-0.04574998392731263
2026-05-18,4,181,181,-0.042664569193710866
2026-05-18,5,180,180,-0.005730320380050394
2026-05-19,1,181,181,-0.056536376320194495
2026-05-19,2,181,181,-0.05036505759446219
2026-05-19,3,181,181,-0.06734104184426896
2026-05-19,4,181,181,-0.0479822214558764
2026-05-19,5,180,180,-0.0052575066077350276
2026-05-20,1,181,181,-0.060918895154839586
2026-05-20,2,180,180,-0.0741281315487551
2026-05-20,3,181,181,-0.06611406583862176
2026-05-20,4,180,180,-0.04559252540719524
2026-05-20,5,180,180,-0.0038029464984483106
2026-05-21,1,180,180,-0.04394810755116162
2026-05-21,2,180,180,-0.06876382339146722
2026-05-21,3,180,180,-0.05131691218681155
2026-05-21,4,180,180,-0.05005515810999768
2026-05-21,5,180,180,0.045877042228906886
2026-05-22,1,180,180,-0.05384472702306395
2026-05-22,2,180,180,-0.0462957951943801
2026-05-22,3,180,180,-0.04572866310038963
2026-05-22,4,180,180,-0.03353877031259399
2026-05-22,5,180,180,0.030221203567599695
2026-05-25,1,180,180,-0.059998256360824856
2026-05-25,2,180,180,-0.05450587911399375
2026-05-25,3,180,180,-0.0397641593174254
2026-05-25,4,180,180,-0.04753886385041179
2026-05-25,5,180,180,0.012096503709661532
2026-05-26,1,180,180,-0.048224664164218015
2026-05-26,2,180,180,-0.0654025706314456
2026-05-26,3,180,180,-0.050014101714345255
2026-05-26,4,180,180,-0.05440767805702034
2026-05-26,5,180,180,0.017418714671800464
2026-05-27,1,180,180,-0.04148603711313922
2026-05-27,2,179,179,-0.04988683681346159
2026-05-27,3,180,180,-0.04234684986220546
2026-05-27,4,179,179,-0.046770178656837164
2026-05-27,5,179,179,0.04679124866179683
2026-05-28,1,180,180,-0.08798531124422743
2026-05-28,2,179,179,-0.07343502012465145
2026-05-28,3,179,179,-0.07562966132002612
2026-05-28,4,179,178,-0.05974564884758644
2026-05-28,5,179,179,0.01242611566866029
2026-05-29,1,179,178,-0.046254808695180366
2026-05-29,2,179,179,-0.04681341494699622
2026-05-29,3,179,178,-0.06527929032713234
2026-05-29,4,179,179,-0.07101589648238278
2026-05-29,5,179,179,0.030592571417168767
2026-06-01,1,180,180,-0.011355473217571656
2026-06-01,2,180,180,-0.05693791208037326
2026-06-01,3,179,178,-0.05936660861073196
2026-06-01,4,180,180,-0.08408168048888283
2026-06-01,5,179,179,0.020335699264409902
2026-06-02,1,180,180,-0.011026936234859246
2026-06-02,2,179,179,-0.024004790074034103
2026-06-02,3,179,178,-0.05273862816213906
2026-06-02,4,179,179,-0.04010348550195981
2026-06-02,5,179,179,0.005753990463906714
2026-06-03,1,179,179,-0.01790478943388841
2026-06-03,2,179,178,-0.028622716101230475
2026-06-03,3,179,179,-0.046587781715639084
2026-06-03,4,179,179,-0.009215580816795944
2026-06-03,5,179,179,0.028547469718887903
2026-06-04,1,179,179,-0.016675093652398238
2026-06-04,2,179,179,-0.013585124982460292
2026-06-04,3,179,179,-0.03566178356197905
2026-06-04,4,179,179,0.006291317803659807
2026-06-04,5,179,179,0.037501172146477656
2026-06-05,1,179,179,-0.005134075004258415
2026-06-05,2,179,179,0.003563298512375406
2026-06-05,3,179,179,-0.0036872330105130577
2026-06-05,4,179,179,-0.0027504776662641383
2026-06-05,5,179,179,0.02739072498407817
2026-06-08,1,179,179,-0.020788053211638704
2026-06-08,2,178,178,-0.0013360376082788197
2026-06-08,3,179,179,-0.01862543022026788
2026-06-08,4,178,178,-0.03019130349580316
2026-06-08,5,178,178,-0.008428200981872599
2026-06-09,1,179,179,-0.047620129120395836
2026-06-09,2,179,179,-0.012439309235843386
2026-06-09,3,179,179,-0.02023932630417616
2026-06-09,4,179,179,-0.03119403040293666
2026-06-09,5,178,178,-0.027464933391461235
2026-06-10,1,179,179,-0.017079448695395544
2026-06-10,2,178,178,-0.030715881584813434
2026-06-10,3,178,178,-0.010255993300047768
2026-06-10,4,178,178,-0.018635901831533006
2026-06-10,5,178,178,-0.014318737439741802
2026-06-11,1,179,179,-0.032061031927004005
2026-06-11,2,178,178,-0.018020959533418878
2026-06-11,3,178,178,-0.0067776827126473545
2026-06-11,4,178,178,-0.028819201595992865
2026-06-11,5,178,178,-0.030003027510787362
2026-06-12,1,179,179,-0.06464828377057016
2026-06-12,2,178,178,-0.06983361602688377
2026-06-12,3,179,179,-0.03437962785441755
2026-06-12,4,178,178,-0.04181622595355534
2026-06-12,5,178,178,-0.06966947319220756
2026-06-15,1,179,179,-0.07530535667629935
2026-06-15,2,178,178,-0.05929474327704412
2026-06-15,3,179,179,-0.03960132737475543
2026-06-15,4,178,178,-0.0320625581764804
2026-06-15,5,178,178,-0.06668606777369045
2026-06-16,1,179,179,-0.06999840716308749
2026-06-16,2,178,178,-0.04505663171802666
2026-06-16,3,179,179,-0.020072851370591095
2026-06-16,4,178,178,-0.019884707710929407
2026-06-16,5,178,178,-0.10278742672664672
2026-06-17,1,179,179,-0.06741705916977889
2026-06-17,2,178,178,-0.014866635098430411
2026-06-17,3,179,179,-0.000659252348856792
2026-06-17,4,178,178,-0.013740242055986429
2026-06-17,5,178,178,-0.1317160633460588
2026-06-18,1,178,178,-0.08880250671082
2026-06-18,2,178,178,-0.017287296980459464
2026-06-18,3,178,178,-0.015873303355644665
2026-06-18,4,178,178,-0.02714868106854306
2026-06-18,5,178,178,-0.17923933387955646
2026-06-22,1,179,179,-0.09284453982970765
2026-06-22,2,178,178,-0.02921962263910399
2026-06-22,3,179,179,-0.020638909979790777
2026-06-22,4,178,178,-0.03393738227643507
2026-06-22,5,178,178,-0.24011510207788206
2026-06-23,1,179,179,-0.05808208934888354
2026-06-23,2,178,178,-0.043764512928588545
2026-06-23,3,179,179,-0.026522252088778914
2026-06-23,4,178,178,-0.038175623736948126
2026-06-23,5,178,178,-0.18586508674348695
2026-06-24,1,178,177,-0.033616817145244254
2026-06-24,2,178,178,-0.00767170021292946
2026-06-24,3,178,178,-0.01904906170954918
2026-06-24,4,178,178,-0.041086661651298685
2026-06-24,5,178,178,-0.19837321135374483
2026-06-25,1,178,177,0.0015994993002908956
2026-06-25,2,178,178,-0.011595954416485
2026-06-25,3,178,178,0.004431264994114794
2026-06-25,4,178,178,-0.039394908407788864
2026-06-25,5,177,177,-0.2053678515642977
2026-06-26,1,178,177,-0.007244852542401218
2026-06-26,2,177,177,-0.0030674714188616385
2026-06-26,3,177,177,0.014515577377837314
2026-06-26,4,177,177,-0.021146062203033975
2026-06-26,5,177,176,-0.2072303285874528
2026-06-29,1,177,176,-0.004232720711412902
2026-06-29,2,177,177,0.00743594461854099
2026-06-29,3,177,177,0.01789784072395622
2026-06-29,4,177,177,-0.02174651601156679
2026-06-29,5,176,176,-0.1674319899242327
2026-06-30,1,177,176,0.017628463333972624
2026-06-30,2,176,176,0.019002807066211408
2026-06-30,3,176,176,0.019543127121922587
2026-06-30,4,176,176,-0.031509035704290804
2026-06-30,5,176,176,-0.2016822234595386
2026-07-01,1,178,178,0.010153690565789774
2026-07-01,2,178,178,0.017916334592103386
2026-07-01,3,178,178,-0.011775462422201136
2026-07-01,4,178,178,-0.029919163856327074
2026-07-01,5,177,177,-0.17369188998818494
2026-07-02,1,178,178,-0.03283280167569947
2026-07-02,2,177,177,0.0033668035146738997
2026-07-02,3,177,177,0.020756242390740583
2026-07-02,4,177,177,-0.016380028054253624
2026-07-02,5,177,177,-0.1778517948109785
2026-07-03,1,178,178,-0.05573840595497305
2026-07-03,2,177,177,0.0174659188706743
2026-07-03,3,177,177,0.009339803850560154
2026-07-03,4,177,177,-0.012936752510935458
2026-07-03,5,177,177,-0.14690392345499395
2026-07-06,1,180,180,-0.048119565601970275
2026-07-06,2,180,180,0.03282813501197563
2026-07-06,3,179,179,0.02052624359871854
2026-07-06,4,180,180,-0.006645405580911011
2026-07-06,5,179,179,-0.09673684681711353
2026-07-07,1,179,179,-0.017323502854340853
2026-07-07,2,179,179,0.03897361699124397
2026-07-07,3,179,179,0.045042948068115034
2026-07-07,4,179,179,0.01788854365424462
2026-07-07,5,179,179,-0.08197909923532876
2026-07-08,1,179,179,-0.013114336556476614
2026-07-08,2,179,179,0.03582046151557818
2026-07-08,3,179,179,0.06464770194646485
2026-07-08,4,179,179,0.047988169535637754
2026-07-08,5,178,178,-0.0174100436516183
2026-07-09,1,179,179,-0.004110548775305323
2026-07-09,2,179,179,0.049440024241823484
2026-07-09,3,179,179,0.06204704472447202
2026-07-09,4,179,179,0.04096255694527418
2026-07-09,5,178,178,-0.03709556456902099
2026-07-10,1,180,180,-0.006760601524540076
2026-07-10,2,179,179,0.048963173376792124
2026-07-10,3,179,179,0.04037775549289048
2026-07-10,4,179,179,0.05795176160844602
2026-07-10,5,179,179,-0.006410458334810198
2026-07-13,1,179,179,0.035839740860648756
2026-07-13,2,179,178,0.07639928429274795
2026-07-13,3,179,179,0.07840129584590698
2026-07-13,4,179,179,0.06422242103574367
2026-07-13,5,179,179,0.0355632362827875
2026-07-14,1,179,179,0.010794051614751155
2026-07-14,2,179,178,0.03979013097368613
2026-07-14,3,179,179,0.055990276608316375
2026-07-14,4,179,179,0.06130031723997803
2026-07-14,5,179,179,0.02963115001720632
2026-07-15,1,180,180,0.04791220890565048
2026-07-15,2,180,179,0.04496132788628397
2026-07-15,3,180,180,0.05476099929009421
2026-07-15,4,180,180,0.051782871264861245
2026-07-15,5,179,179,0.051021643106915635
2026-07-16,1,181,181,0.04817157191576164
2026-07-16,2,180,179,0.033502006438458576
2026-07-16,3,180,180,0.03084840811272421
2026-07-16,4,180,180,0.03405179314961738
2026-07-16,5,180,180,0.04121718193386998
2026-07-17,1,180,180,0.10531622597928926
2026-07-17,2,179,178,0.0692926163409871
2026-07-17,3,180,180,0.046721906176105575
2026-07-17,4,179,179,0.05177043863718403
2026-07-17,5,179,179,0.05952170448401453
2026-07-20,1,180,180,0.19950015423925002
2026-07-20,2,180,180,0.08333663835154682
2026-07-20,3,179,179,0.05975458075992562
2026-07-20,4,180,179,0.04736400962439302
2026-07-20,5,179,179,0.06018712122434443
2026-07-21,1,179,179,0.1370109909146874
2026-07-21,2,179,178,0.06732107984524321
2026-07-21,3,179,179,0.05802751644781931
2026-07-21,4,179,179,0.04085630796303833
2026-07-21,5,179,179,0.03815720416658444
2026-07-22,1,179,179,0.11109449050730758
2026-07-22,2,179,179,0.05052287269343066
2026-07-22,3,179,179,0.037880157705018215
2026-07-22,4,179,177,0.02749611779000386
2026-07-22,5,179,178,0.03631433734272663
2026-07-23,1,180,180,0.08776755127094076
2026-07-23,2,179,179,0.038924123321953434
2026-07-23,3,179,179,0.038785970223250706
2026-07-23,4,179,178,0.02587938031838284
2026-07-23,5,179,178,0.028786846535480717
2026-07-24,1,179,179,0.12384936600053484
2026-07-24,2,178,178,0.058571498389787424
2026-07-24,3,179,179,0.058534084158395644
2026-07-24,4,178,177,0.048245671437222304
2026-07-24,5,178,177,0.045330605594124655
2026-07-27,1,180,180,0.05484915997281114
2026-07-27,2,179,179,0.03013042022981006
2026-07-27,3,180,180,0.030833765425154223
2026-07-27,4,179,178,0.028272821524345407
2026-07-27,5,179,179,0.028728152329824317
2026-07-28,1,180,180,0.0976383659989302
2026-07-28,2,180,180,0.04224525861092957
2026-07-28,3,179,179,0.03650161569157479
2026-07-28,4,180,179,0.02715986070269809
2026-07-28,5,179,178,0.02745427179975257
2026-07-29,1,181,181,0.10210026667632903
2026-07-29,2,181,181,0.048079756962835556
2026-07-29,3,180,180,0.03162957454718278
2026-07-29,4,181,181,0.01488480362890331
2026-07-29,5,180,179,0.017579039207415673
2026-07-30,1,181,181,0.14172521506972763
2026-07-30,2,181,181,0.054322861543382436
2026-07-30,3,181,181,0.03604025916259181
2026-07-30,4,181,180,0.015802748267023374
2026-07-30,5,180,180,0.026880179958402355
2026-07-31,1,182,182,0.12741371772442145
2026-07-31,2,181,181,0.043901173635550156
2026-07-31,3,182,182,0.019375322988888482
2026-07-31,4,181,180,0.01311787248001969
2026-07-31,5,181,181,0.016064568154055714
2026-08-03,1,182,182,0.13687186303179444
2026-08-03,2,182,182,0.03767727910027251
2026-08-03,3,181,180,0.0009888602414835999
2026-08-03,4,182,182,0.0011377674597264286
2026-08-03,5,181,181,0.015460229232115572
2026-08-04,1,181,181,0.07781960580761067
2026-08-04,2,181,181,0.02486162056663945
2026-08-04,3,181,181,0.008711996584672907
2026-08-04,4,181,181,0.03660873059153213
2026-08-04,5,180,180,0.019745946070252457
2026-08-05,1,181,181,0.042314921618484616
2026-08-05,2,181,181,0.0010810471471300721
2026-08-05,3,181,181,0.008037630931976838
2026-08-05,4,181,181,0.024330569188533078
2026-08-05,5,180,180,0.010589665175242301
2026-08-06,1,181,181,0.022733117792778423
2026-08-06,2,181,181,0.004337494395468894
2026-08-06,3,181,181,0.011101086155218268
2026-08-06,4,181,181,0.016664014829715038
2026-08-06,5,181,181,0.007557891112638722
2026-08-07,1,181,181,-0.004467323242053113
2026-08-07,2,181,181,0.006776069795240817
2026-08-07,3,181,181,0.00830954453676754
2026-08-07,4,181,181,0.016403510179377037
2026-08-07,5,181,181,-0.018336322161889945
2026-08-10,1,182,182,-0.001848880065703535
2026-08-10,2,181,181,0.0005681774199142623
2026-08-10,3,182,182,-0.0002824209577025082
2026-08-10,4,181,181,0.013203292457047969
2026-08-10,5,181,180,-0.012477469312284883
2026-08-11,1,181,181,0.010493542654345009
2026-08-11,2,181,181,0.009758776535160643
2026-08-11,3,181,181,0.016501209112992438
2026-08-11,4,181,181,0.015434729661956248
2026-08-11,5,181,181,-0.004034616916206136
2026-08-12,1,181,181,-0.007090379244799242
2026-08-12,2,181,181,0.0038108393075037984
2026-08-12,3,181,181,0.007977301807780817
2026-08-12,4,181,181,-0.009006924024715767
2026-08-12,5,181,181,-0.028998406768206298
2026-08-13,1,182,182,-0.009357690519756106
2026-08-13,2,181,181,0.004900764403477438
2026-08-13,3,182,182,0.007683328991691231
2026-08-13,4,181,181,-0.008458598668365283
2026-08-13,5,181,181,-0.03875033834485006
2026-08-14,1,180,180,-0.014799092427403722
2026-08-14,2,180,179,-0.015521333254620767
2026-08-14,3,180,180,-0.008468893290214725
2026-08-14,4,180,180,-0.016457963706725934
2026-08-14,5,179,179,-0.05786683170620619
2026-08-17,1,181,181,-0.01894353133088914
2026-08-17,2,180,179,-0.023459410009538405
2026-08-17,3,181,180,-0.006856689268284161
2026-08-17,4,180,180,-0.02058065769052702
2026-08-17,5,180,180,-0.06282869804318854
2026-08-18,1,181,181,-0.023427754337490222
2026-08-18,2,180,179,-0.0261406975907353
2026-08-18,3,180,179,-0.01841029796625152
2026-08-18,4,180,180,-0.01985234812389623
2026-08-18,5,180,180,-0.05121093670386828
