date,assets_total,factor_count,factor_coverage,valid_pairs,ic,rank_ic,factor_mean,factor_std,factor_min,factor_max
2023-01-03,1000,904,0.904,904,0.12722905804700665,0.10804397132701672,-1.1789979022568034e-17,1.0,-4.333848535914655,3.1906858264561713
2023-01-04,1000,905,0.905,905,0.18310479826356857,0.16459929147035277,-1.962825236906354e-17,1.0000000000000007,-4.786547657927439,4.0757953887498655
2023-01-05,1000,906,0.906,906,0.09581844618339329,0.07414271323754483,3.9213175262698686e-18,0.999999999999999,-4.419846777676225,3.1873520095651724
2023-01-06,1000,906,0.906,905,0.09382487570371216,0.055283509603649146,-3.9213175262698686e-18,0.9999999999999993,-4.679191586029584,2.6501429925156166
2023-01-09,1000,905,0.905,905,0.06531889716110299,0.01908428154795059,2.747955331668896e-17,0.9999999999999988,-3.9627162150396193,2.76731962283415
2023-01-10,1000,905,0.905,905,0.11590566804953242,0.0898615198068255,1.5702601895250834e-17,0.9999999999999997,-3.939074496862403,2.8347640343438885
2023-01-11,1000,903,0.903,902,0.12843107708335183,0.08769351825689933,2.3606070955485057e-17,0.9999999999999991,-4.513751457146415,3.096896055569772
2023-01-12,1000,902,0.902,902,0.15166503798015787,0.08682876861350179,9.846767402440414e-18,1.0000000000000007,-5.1042745183123674,3.2032081721104793
2023-01-13,1000,902,0.902,902,0.15759191785469728,0.13272653204111412,-7.87741392195233e-18,0.9999999999999997,-4.717293957937927,2.7280242829094217
2023-01-16,1000,905,0.905,905,0.06965525207110534,0.07071913342911915,1.5702601895250834e-17,1.0,-4.093621324572824,2.886121107072191
2023-01-17,1000,906,0.906,906,0.0668965968051347,0.03655538763307403,3.9213175262698686e-18,1.0,-4.066883912166165,2.7801353013922028
2023-01-18,1000,909,0.909,909,0.08001303052113469,0.06757828671533075,3.908375884268978e-17,1.0,-3.8678520069850006,3.389042470922389
2023-01-19,1000,907,0.907,907,0.09233733061216776,0.05351113023026759,1.3709479466154082e-17,1.0000000000000004,-3.4970321524521775,3.840767935941339
2023-01-20,1000,912,0.912,912,0.06340835189754541,0.03458566883038671,4.86939923081209e-18,0.9999999999999998,-3.6779509480632546,4.657364129128575
2023-01-30,1000,913,0.913,913,0.07347972139624907,0.027252957924139266,3.11300212819321e-17,1.0000000000000002,-4.2324497822314795,4.1987428907539766
2023-01-31,1000,914,0.914,914,0.06847455055328011,0.025882232759477607,1.5547981088842454e-17,0.9999999999999997,-4.9523350321584685,3.329859500198659
2023-02-01,1000,916,0.916,916,0.07967541462218546,0.04259761473592822,4.460284640415476e-17,1.0,-5.077235738576082,2.6717992568780558
2023-02-02,1000,917,0.917,917,0.09128061875560993,0.04489877871378277,6.779987936642177e-18,1.0000000000000007,-4.880657673100753,3.4010338798509685
2023-02-03,1000,919,0.919,918,0.07519248263570323,0.04353996156359298,1.2370711395170406e-16,1.0,-4.084649604274439,2.627613427567316
2023-02-06,1000,918,0.918,917,-0.02654780827503028,-0.03644426282198271,3.6765555499569455e-17,0.9999999999999992,-4.489779911908566,3.5638419813827267
2023-02-07,1000,919,0.919,918,0.012620048602075641,-0.012321519184887567,7.538402256431966e-17,0.9999999999999988,-4.443877867551706,3.580530609881483
2023-02-08,1000,919,0.919,918,-0.004596785029353057,-0.01320204533336715,6.185355697585203e-17,0.9999999999999994,-4.175532661400713,3.097751536040452
2023-02-09,1000,921,0.921,920,-0.032522942409138736,-0.04002787155323859,-3.085961935983063e-17,1.0000000000000004,-4.671408047383524,3.0912925236105737
2023-02-10,1000,921,0.921,921,-0.07464223993064784,-0.06832165405034735,1.928726209989414e-17,1.0000000000000013,-3.8847916453516143,3.6473415213557447
2023-02-13,1000,920,0.92,920,-0.011721282918880303,0.013794766459773549,-1.4481169886415085e-17,0.9999999999999996,-4.230364010208888,2.9027768429648244
2023-02-14,1000,921,0.921,921,-0.03253228825925205,-0.033033802160861,1.1572357259936486e-17,0.9999999999999999,-4.586395128526375,2.7327129850447456
2023-02-15,1000,922,0.922,922,-0.03595230480111431,-0.05913672889837418,1.3486440212366326e-17,1.0,-4.68329023834942,3.129633166215644
2023-02-16,1000,922,0.922,922,-0.07940541898045633,-0.1260072991382604,1.9266343160523324e-17,0.9999999999999994,-4.48638022892403,2.5982981724127416
2023-02-17,1000,922,0.922,922,0.001293638716385273,-0.03581657631928207,0.0,1.0000000000000004,-4.395893096795102,2.6146611414714434
2023-02-20,1000,926,0.926,926,-0.04759334798869706,-0.09538127229892202,-3.452961458877377e-17,1.0000000000000009,-3.998439799141719,2.7022960828440916
2023-02-21,1000,931,0.931,931,-0.02536044795571896,-0.055375246952876656,-3.434417090140119e-17,1.0000000000000002,-4.94689902908649,2.4202104309182464
2023-02-22,1000,930,0.93,930,-0.025112928046889037,-0.02348903772239465,7.640244470538712e-18,0.9999999999999998,-4.960388949184424,2.5684212996230813
2023-02-23,1000,929,0.929,929,0.03182247055528109,0.047062377310394296,0.0,1.0000000000000004,-4.657454295163049,3.09636039490374
2023-02-24,1000,929,0.929,929,-0.03910556774310525,0.018118131236711767,0.0,0.9999999999999991,-4.329981920116534,2.7593484271136837
2023-02-27,1000,924,0.924,924,-0.01865181940192044,-0.00457050379495653,7.689856447620132e-18,1.0000000000000007,-4.727661053608021,2.9490497375128584
2023-02-28,1000,927,0.927,927,-0.00842965281440312,-0.03610157508945013,0.0,0.9999999999999997,-4.016474463083301,2.756115318008995
2023-03-01,1000,930,0.93,930,-0.07430566798217429,-0.07647667070418224,0.0,1.0000000000000002,-4.613054966816545,3.460401240550352
2023-03-02,1000,930,0.93,930,-0.11223002173232469,-0.05808349366593569,-3.820122235269356e-18,1.0000000000000002,-4.7775667209770205,4.12255570675259
2023-03-03,1000,931,0.931,930,-0.12858222208773798,-0.07271063219879484,2.289611393426746e-17,0.9999999999999999,-4.236169969438882,3.6586702713645387
2023-03-06,1000,929,0.929,929,-0.13303961018020288,-0.10872574705979932,-1.912117157589075e-17,1.0,-3.7941230740201157,3.4582876277728594
2023-03-07,1000,927,0.927,927,-0.14116743194749803,-0.11726052162607489,3.8324850903996777e-17,1.0,-3.6653037570481932,3.24227629863386
2023-03-08,1000,928,0.928,928,-0.048721310717177474,-0.0688312202541479,7.656710514656252e-18,0.9999999999999993,-4.184375929076759,2.9922945634369533
2023-03-09,1000,928,0.928,928,-0.0030649710315904404,-0.03356832009273773,-3.828355257328126e-18,0.9999999999999999,-3.9800340718424563,3.057276992803971
2023-03-10,1000,923,0.923,923,-0.005327601387100871,-0.04396341315157134,0.0,0.9999999999999994,-4.755913454112574,3.09448264078025
2023-03-13,1000,922,0.922,922,-0.06364786402495065,-0.04328978145420674,-2.3119611792627988e-17,0.9999999999999999,-5.669938662884158,3.552397014311697
2023-03-14,1000,922,0.922,922,-0.11448595188805093,-0.07147669830647885,-1.1559805896313994e-17,0.9999999999999992,-4.690829651536606,4.238725649791314
2023-03-15,1000,925,0.925,925,-0.11872507902611917,-0.11012902808729158,-1.536308617859676e-17,1.0000000000000007,-4.481171827645845,3.2702190457722287
2023-03-16,1000,921,0.921,920,-0.10984888759800167,-0.044860131376925,7.714904839957657e-18,0.9999999999999992,-4.23323007497447,3.018056986133369
2023-03-17,1000,922,0.922,922,-0.1236276261271963,-0.05655274544289303,-5.3945760849465304e-17,0.9999999999999984,-4.225463171613013,2.9059204861951557
2023-03-20,1000,921,0.921,921,-0.12850275993969007,-0.05936648485771923,7.714904839957657e-18,1.0,-4.449368573278009,2.966029569363172
2023-03-21,1000,922,0.922,922,-0.1193431154323755,-0.07015330057289813,1.1559805896313994e-17,1.0000000000000002,-4.143206718220563,3.742131269324871
2023-03-22,1000,923,0.923,923,-0.1342280930053657,-0.030185228638845284,1.732092259436864e-17,1.0000000000000002,-5.34359092972686,3.5392467182948333
2023-03-23,1000,921,0.921,921,-0.10145455622927047,-0.03271183376731299,7.714904839957657e-18,1.0,-4.260834010998983,3.6859856614027113
2023-03-24,1000,924,0.924,924,0.01698371328987795,0.10147258533140205,3.075942579048053e-17,1.0000000000000002,-4.785930540765878,3.4102012176008047
2023-03-27,1000,918,0.918,918,0.0371779249665725,0.11329992472192753,1.548023389455556e-17,1.0000000000000002,-4.781696174434029,3.7806525440557475
2023-03-28,1000,917,0.917,914,0.027785184211582315,0.042262567922771395,0.0,1.0000000000000002,-5.256970890064887,3.2824881702699242
2023-03-29,1000,912,0.912,910,0.043203451817563236,0.03776011003243151,-4.285071323114639e-17,1.0000000000000004,-4.696857725953841,3.438070233468227
2023-03-30,1000,910,0.91,908,0.06180114648233761,0.08941413562468366,-6.051325496857996e-17,0.9999999999999999,-4.627044172849439,3.005418321820218
2023-03-31,1000,908,0.908,907,-0.027840610709709862,-0.006110828251537454,-1.173804078898844e-17,0.9999999999999998,-4.65279733828785,3.038008377956874
2023-04-03,1000,910,0.91,909,-0.03500008362627297,0.005012198618146183,-5.856121448572254e-18,0.9999999999999999,-4.601791010717733,2.8158832728371093
2023-04-04,1000,911,0.911,910,-0.0316187821845358,-0.0247329328652001,2.1448875118993145e-17,0.9999999999999996,-4.098460748526973,2.8827552218466486
2023-04-06,1000,911,0.911,909,0.00852592083268121,-0.00612772249319317,-2.7298568333264003e-17,1.0,-4.6579569964841046,2.7851943041933844
2023-04-07,1000,911,0.911,909,0.036362750287822404,0.008669129971524529,-1.3649284166632001e-17,1.0000000000000002,-5.082011238840956,2.7954779484713668
2023-04-10,1000,909,0.909,907,0.03290553136102319,0.06140901358183777,6.399965510490452e-17,0.9999999999999993,-4.439285054694479,2.737394682982906
2023-04-11,1000,911,0.911,909,0.01385607677048874,0.006001865228911212,-2.5348670595173718e-17,0.9999999999999999,-4.322350673636137,3.1624014444257424
2023-04-12,1000,916,0.916,915,0.03562798852865583,-0.005393938177799109,9.696270957424947e-19,1.0000000000000007,-4.8430180786279795,3.7255886669319995
2023-04-13,1000,917,0.917,916,0.001107819564767353,-0.03385296425778458,1.9371394104691936e-18,1.0000000000000002,-5.432549621779303,4.046846148440405
2023-04-14,1000,917,0.917,915,-0.042889609141567885,-0.08593092929408917,-3.874278820938387e-18,1.0000000000000002,-4.609711749059731,4.249551826490091
2023-04-17,1000,917,0.917,916,-0.07951377031504908,-0.12290014227019402,0.0,0.9999999999999993,-4.787785436818747,2.7163833295931936
2023-04-18,1000,917,0.917,916,-0.07419082778944454,-0.12213441635676854,0.0,0.9999999999999999,-4.675438436464875,3.1320249535502613
2023-04-19,1000,915,0.915,914,-0.0060220161137763285,-0.09356885210872257,1.553098875978361e-17,0.9999999999999999,-4.376628046468905,2.9965318304732125
2023-04-20,1000,915,0.915,915,0.07462711583202859,-0.02323101365833149,3.8827471899459027e-17,0.9999999999999991,-4.642658138578712,2.6269549392480926
2023-04-21,1000,911,0.911,911,0.06179169814966038,0.019848627310063552,-2.339877285708343e-17,0.9999999999999998,-4.40421854210185,2.3499456082373764
2023-04-24,1000,911,0.911,911,0.06172801386418319,0.025969436751242112,-1.7549079642812573e-17,0.9999999999999993,-4.398135825512986,3.2990560978026644
2023-04-25,1000,911,0.911,911,0.017167914627858858,0.02756926619512557,-7.799590952361144e-18,0.9999999999999993,-4.385613639563384,2.864731360517475
2023-04-26,1000,912,0.912,910,0.05886348445554052,0.02063017553922633,-2.337311630789803e-17,1.0000000000000013,-4.7792865137729565,3.787516763802795
2023-04-27,1000,910,0.91,909,0.03257095151084739,0.022768913759682055,2.928060724286127e-17,1.0,-4.252946158141077,3.7163153806302285
2023-04-28,1000,913,0.913,912,-0.0028531086292417416,-0.0178567628320745,-1.556501064096605e-17,1.0000000000000002,-3.709839137118418,3.0398909222933743
2023-05-04,1000,913,0.913,913,0.0797603539842602,0.05348204435241271,-9.728131650603781e-18,1.0000000000000002,-3.0249717163668737,3.0821854365625234
2023-05-05,1000,913,0.913,913,0.16073648320711365,0.13796009388396258,3.696690027229437e-17,0.9999999999999996,-3.3934371049960985,3.435604452902046
2023-05-08,1000,917,0.917,917,0.14368863839559248,0.09277063192443534,-1.9371394104691936e-18,1.0,-3.78963194487847,3.348721838479533
2023-05-09,1000,916,0.916,915,0.16964048273457213,0.1289378522460145,1.5514033531879916e-17,0.9999999999999993,-3.838735789102166,3.9291948281313016
2023-05-10,1000,915,0.915,914,0.15206796871117123,0.1007007983501802,3.882747189945903e-18,1.0000000000000002,-4.080336730691102,3.312316855876796
2023-05-11,1000,916,0.916,915,0.15303202462220505,0.1245577715544528,1.9392541914849895e-18,0.9999999999999999,-3.883007065737822,3.332234847292317
2023-05-12,1000,914,0.914,913,0.11838300518173298,0.0975561902929394,-2.91524645415796e-17,1.0000000000000004,-3.9209853690132883,3.0462971865266106
2023-05-15,1000,915,0.915,914,0.1280233339932491,0.10122177698235421,1.9413735949729513e-18,1.0,-4.265357971547575,3.463846409716441
2023-05-16,1000,913,0.913,912,0.14522371864416822,0.13375589185093947,-2.3347515961449075e-17,1.0000000000000004,-4.105259607223156,3.9564919101399827
2023-05-17,1000,912,0.912,910,0.10431925927517471,0.11659140293107972,-2.7268635692547703e-17,1.0000000000000009,-3.4091672366846226,4.647286371577026
2023-05-18,1000,911,0.911,909,-0.04420900038804852,0.04723266515482354,7.799590952361144e-18,1.0,-4.072862220438536,5.0472400896004554
2023-05-19,1000,908,0.908,907,-0.017759901545274685,0.03510602229771566,1.9563401314980733e-17,0.9999999999999999,-4.418247623104258,3.953919876476667
2023-05-22,1000,907,0.907,906,-0.07553764919535219,-0.010283124311671485,0.0,1.0000000000000004,-4.467869486818652,4.1923265252400075
2023-05-23,1000,904,0.904,904,-0.0976057326250086,-0.02515915683018484,-2.3579958045136068e-17,1.0000000000000004,-3.3364104861054704,3.3978183612771438
2023-05-24,1000,904,0.904,904,-0.004884384894505672,0.013667572898580262,1.964996503761339e-17,0.9999999999999996,-4.698727969347099,3.4359526856637657
2023-05-25,1000,904,0.904,904,0.051472510215943366,0.03562112179077451,0.0,1.0000000000000013,-4.238902047754943,3.6244756226173735
2023-05-26,1000,905,0.905,905,-0.011899503202267826,0.04105625472584507,-2.747955331668896e-17,0.9999999999999991,-5.040427202034776,3.652660653682116
2023-05-29,1000,903,0.903,903,-0.009608308591231655,0.04801595235902656,3.540910643322758e-17,0.9999999999999994,-5.113063875401829,3.3998705144086245
2023-05-30,1000,902,0.902,902,-0.07977751371843436,0.009649587832799148,-9.846767402440413e-19,1.0,-4.134093377503483,3.8530534147135738
2023-05-31,1000,900,0.9,900,-0.01668398840344133,0.08540647581046397,9.86864910777917e-18,1.000000000000001,-4.127942040831872,3.3387729771589116
2023-06-01,1000,901,0.901,900,0.08860319230553484,0.136038255851273,-5.914617667259435e-18,0.9999999999999989,-4.2324841761127425,3.7908688964588877
2023-06-02,1000,901,0.901,900,0.07263277023172052,0.12023767157011993,-5.914617667259435e-18,0.999999999999999,-4.679955836290876,4.400976961606386
2023-06-05,1000,899,0.899,898,0.05252960175204709,0.08224708092662521,3.9518505882096784e-18,0.9999999999999998,-4.773162934251259,4.152205906594925
2023-06-06,1000,897,0.897,897,0.06515744396109144,0.09366102201661455,9.901654623189803e-18,0.9999999999999993,-6.019136733391044,3.536118114316208
2023-06-07,1000,896,0.896,895,0.06218260817313131,0.08496398481622162,-1.1895246692412391e-17,1.0,-4.98753076025364,3.6630064644898073
2023-06-08,1000,897,0.897,897,0.05660098068640366,0.06956034347122893,-3.960661849275921e-18,1.0,-4.6124992524657715,3.3646197644940186
2023-06-09,1000,895,0.895,895,0.06613264583713263,0.12082375794935803,1.1908537470839668e-17,0.9999999999999991,-4.027369682119611,4.628360280903962
2023-06-12,1000,896,0.896,896,0.002822593489380472,0.029201175631833186,3.172065784643304e-17,0.9999999999999996,-4.7015752339800665,3.6667361092801527
2023-06-13,1000,898,0.898,898,-0.009087816475360484,0.02091112033747256,3.956251312695435e-18,0.9999999999999997,-5.320954750983231,3.784341219152611
2023-06-14,1000,895,0.895,895,0.010732914297484951,0.010131033050071295,2.183231869653939e-17,1.0000000000000007,-4.213779623682365,3.497643544154343
2023-06-15,1000,896,0.896,896,0.03512974846181473,0.03953798508996468,1.3877787807814457e-17,0.9999999999999997,-4.16667205194439,3.257075669520565
2023-06-16,1000,898,0.898,898,0.045646856014431865,0.015225486151498123,2.1759382219824893e-17,1.0000000000000002,-4.603854049924391,2.713239978387138
2023-06-19,1000,898,0.898,898,0.11799200624081498,0.05814807548363309,5.934376969043153e-18,1.0000000000000002,-5.71917997577562,3.4429335806055508
2023-06-20,1000,898,0.898,898,0.205428836584994,0.12485779566832822,2.3737507876172613e-17,0.9999999999999992,-5.223032806423195,2.792928247365921
2023-06-21,1000,900,0.9,900,0.2500778143978552,0.1640130090695585,1.578983857244667e-17,0.9999999999999994,-5.498404123312906,2.535366387243943
2023-06-26,1000,901,0.901,901,0.17552887334636372,0.12054491725431378,2.365847066903774e-17,1.0000000000000004,-4.917378603603127,2.9037178816201696
2023-06-27,1000,904,0.904,904,0.1549339296720709,0.10277665285581133,1.1789979022568034e-17,0.9999999999999999,-4.64642079234132,4.070283085733662
2023-06-28,1000,902,0.902,902,0.15568093826120627,0.1070113362628281,-2.5601595246345072e-17,0.9999999999999999,-4.462057095867252,4.757586126890664
2023-06-29,1000,902,0.902,902,0.14273611709169323,0.14442919850821087,-1.9693534804880826e-18,0.9999999999999993,-4.263549928297217,4.600249217177062
2023-06-30,1000,906,0.906,906,0.12330817499847548,0.10781809731149676,-5.783943351248056e-17,0.9999999999999996,-5.12777056177324,4.0296600016031725
2023-07-03,1000,907,0.907,906,0.09835254254211066,0.049350284183465744,7.833988266373762e-18,0.9999999999999997,-4.534087146851077,3.540469044121532
2023-07-04,1000,906,0.906,906,0.10816932089663497,0.061481693553982995,3.725251649956375e-17,1.0000000000000002,-4.2531541863482705,3.259401060704287
2023-07-05,1000,900,0.9,900,0.05641833478694553,0.05447722198525121,-3.552713678800501e-17,1.0,-4.103361085985486,3.389409903714179
2023-07-06,1000,899,0.899,899,0.03793349596363255,-0.020319781364923174,-7.903701176419357e-18,1.000000000000001,-4.239865402170235,3.572632182056761
2023-07-07,1000,901,0.901,901,0.0017337466425832138,-0.04533567542460573,2.7601549113877367e-17,1.000000000000001,-3.786540015204341,3.371523502153143
2023-07-10,1000,900,0.9,900,-0.012192563894983967,-0.056876465475277915,-1.1842378929335004e-17,1.0,-4.314770980073374,3.583374505370959
2023-07-11,1000,900,0.9,900,-0.01517797456833754,-0.047757994099539916,7.894919286223335e-18,1.0000000000000002,-4.056144882912635,3.712251074990049
2023-07-12,1000,897,0.897,897,0.027915158458509934,-0.03386139803159963,-1.9803309246379605e-17,1.0000000000000002,-4.508791445097656,3.7365696857931674
2023-07-13,1000,899,0.899,899,-0.011474577415461613,-0.06794724697840589,-4.7422207058516144e-17,0.9999999999999992,-3.84273326212295,3.973316736342553
2023-07-14,1000,897,0.897,897,0.05373710679094897,-0.032535019571801466,2.3763971095655524e-17,1.0000000000000002,-4.657912605356176,3.4555687037829106
2023-07-17,1000,897,0.897,897,0.06503268680259783,-0.009017933434280843,-2.1783640171017563e-17,1.0000000000000009,-4.203954437530587,2.8727140631527885
2023-07-18,1000,897,0.897,897,-0.014052935911034977,-0.08037988876695559,1.7822978321741644e-17,1.0,-4.204107838678653,3.468525674272575
2023-07-19,1000,896,0.896,896,-0.02536078736745048,-0.09339584551407087,1.586032892321652e-17,0.9999999999999996,-4.1208888118311675,3.720883329460799
2023-07-20,1000,895,0.895,895,-0.08532241676184028,-0.12430989658895657,0.0,1.0,-3.8216599741601263,3.6080762674319677
2023-07-21,1000,897,0.897,897,-0.0651754310415897,-0.14383766800615855,-1.5842647397103683e-17,0.9999999999999992,-4.086162518130908,4.369028791476677
2023-07-24,1000,896,0.896,896,-0.0854549934691463,-0.1753362428170099,2.1807952269422717e-17,0.9999999999999999,-4.3172315005737305,4.284129915273692
2023-07-25,1000,900,0.9,900,-0.023748624751619138,-0.062328201152047506,-3.157967714489334e-17,1.0000000000000004,-4.312718414361129,3.628166162246081
2023-07-26,1000,908,0.908,908,0.035969077773217395,0.022012357767501108,-2.347608157797688e-17,1.0000000000000007,-3.639897796035356,3.2052392292123093
2023-07-27,1000,909,0.909,909,0.03559861369031739,-0.0012449611182113174,-7.816751768537955e-18,0.9999999999999993,-3.5989031250896244,3.848709276493764
2023-07-28,1000,911,0.911,911,0.06955623700252112,0.043181768005206685,3.899795476180572e-18,0.9999999999999997,-4.527983543032786,2.965555760622715
2023-07-31,1000,913,0.913,912,0.08580100187668448,0.0731285649712105,1.9456263301207562e-18,1.0000000000000002,-4.4113882763585215,2.8259627663185567
2023-08-01,1000,913,0.913,912,0.11537295997670607,0.08363769345170043,-2.3347515961449075e-17,0.9999999999999994,-3.97249189739416,3.0736510096343346
2023-08-02,1000,916,0.916,915,0.1182372819497797,0.11690298159276695,-3.878508382969979e-18,1.0,-4.250975339949993,3.2167950769379092
2023-08-03,1000,915,0.915,914,0.1504904900415991,0.1749993475877993,-7.765494379891805e-18,0.9999999999999998,-4.634608259565263,2.984414307987507
2023-08-04,1000,918,0.918,917,0.06795147887838854,0.10937005240310804,-1.3545204657736115e-17,1.0,-5.097173474645371,3.5516760479727156
2023-08-07,1000,919,0.919,918,0.06181415539033503,0.07235170608714765,-4.3490782248645955e-18,0.9999999999999988,-5.37038284876952,3.3330944297104823
2023-08-08,1000,919,0.919,918,0.03551256475202907,0.08236767728240807,1.932923655495376e-17,1.0000000000000002,-4.39577792322948,2.8026470197130022
2023-08-09,1000,921,0.921,920,0.06605423295812143,0.06987184291865224,3.471707177980945e-17,0.9999999999999998,-4.7885063009922435,3.6741787517146918
2023-08-10,1000,920,0.92,919,-0.001714918731544331,-0.012271631146434337,-9.654113257610057e-19,0.9999999999999991,-4.476427945119958,3.8824120116635767
2023-08-11,1000,915,0.915,914,0.025524355886821035,0.0020426062715891836,1.6501675557270085e-17,1.0000000000000009,-4.4644298819842385,3.111430705883266
2023-08-14,1000,916,0.916,916,-0.039608291088581486,-0.0225003858444264,3.102806706375983e-17,1.0000000000000007,-5.375091409473874,3.1516171524244028
2023-08-15,1000,912,0.912,912,-0.012168486948864979,-0.022475624180167828,-9.73879846162418e-18,0.9999999999999998,-5.095422400085518,3.8269019014357775
2023-08-16,1000,913,0.913,913,-0.03028027428300513,-0.06623899528320357,-4.669503192289815e-17,0.9999999999999999,-4.800647724285339,3.4551212722694906
2023-08-17,1000,915,0.915,915,-0.05259521812314461,-0.10172301072339712,-1.9413735949729513e-17,1.0000000000000007,-4.923883395419752,3.6356860299145684
2023-08-18,1000,913,0.913,913,-0.07331346947292862,-0.07906442054639422,7.782505320483025e-18,1.0000000000000007,-4.8202125725415375,3.889800244619456
2023-08-21,1000,913,0.913,913,-0.07761229128279604,-0.09586247736920427,-1.9456263301207562e-17,0.9999999999999997,-4.686334457112074,3.9129284848209167
2023-08-22,1000,912,0.912,912,-0.030608855199136732,-0.07879355545981687,1.947759692324836e-17,1.0000000000000002,-4.247730042383597,3.7044759430502876
2023-08-23,1000,912,0.912,912,-0.034565349212364295,-0.05404139789114932,1.1686558153949016e-17,0.9999999999999994,-3.900139224119743,3.6915049055707656
2023-08-24,1000,913,0.913,913,-0.028168239572099414,-0.003986920391522295,6.22600425638642e-17,0.9999999999999991,-3.991217783321748,3.4085577948759638
2023-08-25,1000,910,0.91,910,0.029729755263708867,-0.00971767923229424,1.9520404828574182e-17,0.9999999999999998,-4.097176578183299,3.174292857900626
2023-08-28,1000,913,0.913,912,0.06178023877910023,0.025177644306262986,7.393380054458874e-17,1.0,-3.645257186674461,3.3123404915714296
2023-08-29,1000,915,0.915,915,0.007312559761281849,0.010733113689934723,2.717923032962132e-17,1.0000000000000007,-3.430687717598813,3.777251682653402
2023-08-30,1000,914,0.914,914,0.02799921502890498,0.05492936238738869,-7.773990544421227e-18,0.9999999999999994,-3.572381035413936,3.645561192360646
2023-08-31,1000,911,0.911,911,-0.023342610679042915,-0.010751302416916035,0.0,1.0,-3.9047788561022783,3.1239258774338023
2023-09-01,1000,909,0.909,909,-0.04920732170349063,-0.044217316293210136,-2.7358631189882845e-17,1.0,-3.66001204245239,3.0453649843697272
2023-09-04,1000,912,0.912,912,-0.03301584730888596,-0.019752243329284488,-1.5582077538598687e-17,0.9999999999999996,-3.942689694539244,3.5973918024995295
2023-09-05,1000,913,0.913,913,-0.05568102491842936,-0.014862908876634141,7.782505320483025e-18,1.0000000000000004,-4.601049119113891,3.468350041721453
2023-09-06,1000,915,0.915,915,0.01897679779847308,0.026077375933657488,8.736181177378282e-18,0.9999999999999996,-5.201211476535083,3.371693746262126
2023-09-07,1000,913,0.913,913,0.02103053963213692,0.01962570459359782,-9.728131650603781e-18,1.0,-5.586316321301439,3.115774517921337
2023-09-08,1000,911,0.911,911,-0.01434733970500419,0.023282252066664795,-3.899795476180572e-18,1.000000000000001,-4.766297406837742,3.639895211136805
2023-09-11,1000,912,0.912,912,-0.1339217865182366,-0.10675681092843137,2.921639538487254e-18,0.9999999999999994,-5.0706410324261535,3.362023408039607
2023-09-12,1000,912,0.912,912,-0.0881888981779221,-0.1387567582198619,-6.232831015439475e-17,0.9999999999999998,-4.772985387030612,2.9747728248732144
2023-09-13,1000,911,0.911,911,-0.05075081529027338,-0.13545531065650093,-9.74948869045143e-18,1.0,-4.385360312646848,3.5596613694831403
2023-09-14,1000,912,0.912,912,0.04502859668594055,-0.02966341346075168,-1.1686558153949016e-17,0.9999999999999991,-4.993404786141786,4.351178830616012
2023-09-15,1000,913,0.913,913,0.05906674343368227,0.031801717646107945,0.0,0.9999999999999996,-5.20002320655595,4.218566481330933
2023-09-18,1000,912,0.912,912,-0.010792675557748353,-0.006603673529261955,-1.7529837230923523e-17,0.9999999999999989,-4.726202201467649,3.1312786845316687
2023-09-19,1000,912,0.912,912,-0.007592927161746968,0.040425009209615496,-3.895519384649672e-17,1.0000000000000004,-5.471329232424358,3.4838367215038746
2023-09-20,1000,912,0.912,912,-0.030038134812278988,0.019638926373033425,-3.895519384649672e-18,1.0000000000000007,-5.045062268622329,3.4258017255839923
2023-09-21,1000,912,0.912,912,-0.09843520463073091,-0.009446966178172837,7.791038769299344e-18,0.9999999999999994,-4.549346728794056,4.360448435953325
2023-09-22,1000,911,0.911,911,-0.09938510771211606,-0.027969666733883902,1.949897738090286e-17,0.9999999999999991,-4.5327568124183175,3.8718238137658285
2023-09-25,1000,910,0.91,910,-0.02049500696924247,0.046330643065620965,-7.808161931429672e-18,0.9999999999999996,-4.80014918299034,3.352159880776251
2023-09-26,1000,910,0.91,910,0.030910548106401148,0.06320478295774916,-7.808161931429672e-18,0.9999999999999996,-5.2814354814324505,3.4379670641089795
2023-09-27,1000,908,0.908,908,0.10346265203494447,0.06802938851887294,1.5650721051984587e-17,0.9999999999999998,-4.692947670354702,3.091707218983073
2023-09-28,1000,908,0.908,908,0.06721929337750411,0.03480144396983198,-3.912680262996147e-18,0.9999999999999998,-4.742957812076475,2.9536708198220083
2023-10-09,1000,908,0.908,908,0.018724285162457548,0.07598635278284685,3.912680262996147e-18,1.0000000000000004,-4.202873704916128,3.004117159892478
2023-10-10,1000,907,0.907,907,-0.11288124095263273,-0.0456426089827247,5.483791786461633e-17,1.0,-4.628599477512775,3.3965714716728157
2023-10-11,1000,907,0.907,907,-0.15260216224799136,-0.12494063440940499,0.0,0.9999999999999991,-5.313270509219053,3.1544148915031354
2023-10-12,1000,907,0.907,907,-0.13002763477773813,-0.09854726740894604,1.5667976532747524e-17,0.9999999999999996,-5.123966983675703,3.455159271037732
2023-10-13,1000,908,0.908,908,-0.011299093861959217,-0.046392049621802975,7.825360525992294e-18,0.9999999999999994,-5.746806205421049,3.5943585694784677
2023-10-16,1000,907,0.907,907,-0.0024128753743474273,-0.007122673826250378,1.5667976532747524e-17,1.0000000000000002,-5.249283904109904,2.922149944725947
2023-10-17,1000,909,0.909,909,-0.001805710650490398,0.0676948438270509,-1.563350353707591e-17,0.9999999999999997,-4.9756079899530405,3.218150652252738
2023-10-18,1000,910,0.91,909,0.05233439661360563,0.14211424563690941,-3.904080965714836e-18,1.0000000000000002,-5.119906289265365,3.5591083367669127
2023-10-19,1000,908,0.908,907,0.03679696404742792,0.10987513315098656,0.0,0.9999999999999996,-4.654044219482682,2.979824725658813
2023-10-20,1000,908,0.908,907,0.09325921681331999,0.13930906969918044,1.5650721051984587e-17,1.0000000000000007,-4.965452949271813,3.235299538761912
2023-10-23,1000,904,0.904,904,0.11692625572834067,0.14935818393356498,1.964996503761339e-17,1.0,-4.830566219159043,3.196954909995778
2023-10-24,1000,906,0.906,906,0.08328819291622204,0.1352209823034536,2.352790515761921e-17,1.0000000000000007,-4.612292005140048,3.956344333244469
2023-10-25,1000,910,0.91,910,0.03141815811226951,0.05710438086291747,4.6848971588578034e-17,1.0000000000000002,-4.197960273954628,3.7627186652845137
2023-10-26,1000,909,0.909,909,0.038654882338454974,0.06750568762712035,7.03507659168416e-17,0.9999999999999996,-3.522190569414635,3.1872582208966023
2023-10-27,1000,913,0.913,913,0.014650042092028777,0.02846294955009004,6.615129522410571e-17,0.9999999999999992,-3.8871444007345213,3.363047933665242
2023-10-30,1000,912,0.912,912,-0.022923343038659984,0.006780545015411243,2.337311630789803e-17,1.0,-3.5421640558220164,3.4447700031963984
2023-10-31,1000,913,0.913,913,0.02309838914043897,0.035692798083626874,-9.728131650603781e-18,0.9999999999999998,-3.9748346806855626,3.0221642429233624
2023-11-01,1000,913,0.913,912,0.013440094895423542,0.018709376968116184,5.836878990362269e-18,0.9999999999999999,-3.5470754007102197,3.8105899160283676
2023-11-02,1000,914,0.914,913,0.037084182789785196,0.04161445243723913,2.91524645415796e-18,1.0000000000000007,-3.9383140824078695,3.3298090843683625
2023-11-03,1000,912,0.912,910,-0.00014236778630889046,0.010445746009464709,-2.0451476769410777e-17,1.0000000000000002,-3.644324719431318,3.1137752003114088
2023-11-06,1000,912,0.912,910,0.07996258085033511,0.09045920477750183,3.895519384649672e-18,1.0000000000000007,-3.998791056080458,2.9298232599067604
2023-11-07,1000,913,0.913,911,0.10595408969280351,0.0888254580138285,-5.836878990362269e-18,0.9999999999999998,-4.656297908993151,3.021234313286168
2023-11-08,1000,913,0.913,911,0.16365997762244372,0.12442970409146492,1.1673757980724537e-17,0.9999999999999991,-5.088080557938404,2.795692742406256
2023-11-09,1000,912,0.912,911,0.1064180874538313,0.16059197599006625,2.7268635692547703e-17,0.999999999999999,-4.795155644218877,2.9737752856678292
2023-11-10,1000,911,0.911,910,0.03460442995484497,0.07147752156505874,7.799590952361144e-18,1.0000000000000002,-4.569706217750635,2.6698527986251994
2023-11-13,1000,912,0.912,911,-0.07480747864752778,-0.11129866222310872,1.5582077538598687e-17,0.999999999999999,-4.203421346971504,3.0259596074592796
2023-11-14,1000,913,0.913,913,-0.038571097636330674,-0.08059145897966716,-1.9456263301207562e-17,0.9999999999999999,-4.506520252329934,3.3782367230710526
2023-11-15,1000,915,0.915,914,-0.040534870883302945,-0.09856153857285035,3.882747189945903e-18,0.9999999999999994,-5.248362718154643,4.0562142355856246
2023-11-16,1000,914,0.914,914,-0.0811118946546408,-0.10163905177640997,-3.109596217768491e-17,0.9999999999999991,-3.9918944134251015,3.477002664778207
2023-11-17,1000,914,0.914,913,-0.06464979936825259,-0.08014191785635184,5.63614314470539e-17,1.0,-4.634477178199502,3.5013916042253728
2023-11-20,1000,912,0.912,911,0.008878822185398767,-0.02231890133886553,6.038055046206992e-17,1.000000000000002,-4.716268200954377,2.9424230376338354
2023-11-21,1000,914,0.914,913,-0.04150423593938183,-0.050052327612592186,-1.166098581663184e-17,0.9999999999999994,-5.606549850191718,3.1519555818773446
2023-11-22,1000,914,0.914,914,-0.018355156154102745,-0.07473967847883184,4.275694799431675e-17,1.0000000000000013,-5.275107834988613,3.056719260908827
2023-11-23,1000,914,0.914,914,0.018797341540200473,-0.029769830698931722,-6.996591489979105e-17,1.0,-5.5497288953232085,3.235627746915222
2023-11-24,1000,914,0.914,914,0.014615692132727637,-0.05765626438079479,2.332197163326368e-17,0.9999999999999997,-4.891884701194269,3.3255932220560336
2023-11-27,1000,913,0.913,913,0.020234039551372218,-0.10046790847448155,-7.782505320483025e-18,1.0000000000000002,-5.237538553839209,3.0263725334636713
2023-11-28,1000,914,0.914,914,0.06534109299973914,-0.1496127508334315,-1.9434976361053068e-17,1.0000000000000007,-4.515473058152567,4.318180471934714
2023-11-29,1000,914,0.914,913,0.015255222379868885,-0.13901268809104855,-9.717488180526534e-19,1.0,-4.1990021178220935,4.527567880635894
2023-11-30,1000,912,0.912,912,0.045440183767232585,-0.10709797096143074,0.0,0.9999999999999999,-4.6227710667187685,3.20801308322246
2023-12-01,1000,913,0.913,912,-0.041593133083144725,-0.11143814184068573,3.11300212819321e-17,1.0,-3.9536201733047713,3.7866064811737465
2023-12-04,1000,913,0.913,913,-0.11315053705635732,-0.14372416579865946,1.556501064096605e-17,0.9999999999999998,-4.007925622538535,4.417269515188443
2023-12-05,1000,913,0.913,912,-0.07712675639323184,-0.1501301626416882,2.3347515961449075e-17,0.9999999999999991,-4.489913050034078,3.9621596668079246
2023-12-06,1000,912,0.912,912,-0.0954610659545511,-0.14697920886026475,7.791038769299344e-18,1.0000000000000004,-5.113167992073864,3.6838715406623597
2023-12-07,1000,912,0.912,912,-0.04197192484580261,-0.10697589132219756,-1.7529837230923523e-17,1.0,-5.501895983727479,3.6972257566504045
2023-12-08,1000,909,0.909,909,0.005138764243755124,-0.031133600552724336,-6.839657797470711e-18,0.9999999999999999,-4.995648463541535,3.188239190445674
2023-12-11,1000,909,0.909,909,0.012621223329196808,-0.0027777209269473045,5.862563826403467e-18,1.0000000000000002,-4.845952407265347,3.164695918770013
2023-12-12,1000,910,0.91,910,0.021857832878238278,-0.00334462321888033,-1.952040482857418e-18,1.0,-5.296326842312638,3.936083061828593
2023-12-13,1000,910,0.91,909,0.11624202905831156,0.022209925846222344,-1.5616323862859345e-17,1.0000000000000009,-3.8975915354929933,3.1811933886572805
2023-12-14,1000,910,0.91,910,0.10827375196230954,0.007979719736084266,0.0,0.9999999999999997,-3.7591751465858536,3.4957757852542715
2023-12-15,1000,911,0.911,910,0.011709365403621318,-0.05435589273242795,-4.484764797607658e-17,0.9999999999999996,-4.1628167583088285,3.519308696292401
2023-12-18,1000,906,0.906,906,0.029014499455181624,-0.07829499202696186,0.0,1.0000000000000004,-4.35256804286221,2.888369768102242
2023-12-19,1000,906,0.906,906,-0.014216147146258488,-0.10412552478265703,0.0,0.9999999999999986,-4.462874060149554,3.1197383449117275
2023-12-20,1000,903,0.903,903,-0.006311427738832735,-0.07147359510696748,1.9671725796237548e-17,0.9999999999999998,-5.1196950635906315,3.772512216624317
2023-12-21,1000,904,0.904,904,0.009129251015811201,-0.12872122557267762,3.929993007522678e-17,0.9999999999999994,-5.188489615375227,3.913433725256861
2023-12-22,1000,905,0.905,905,-0.07846269564007552,-0.1408542219913262,-2.747955331668896e-17,1.0000000000000002,-4.8267430392904185,3.606916342924936
2023-12-25,1000,904,0.904,904,0.011859968022494947,-0.08361122276293782,6.484488462412419e-17,0.9999999999999998,-5.039112545344668,4.301378771797666
2023-12-26,1000,900,0.9,900,0.0256901236461161,-0.10037405848803128,-2.6645352591003756e-17,0.9999999999999998,-4.730070119577817,4.356902974913845
2023-12-27,1000,902,0.902,902,-0.021489026093694807,-0.06599038298403023,6.055761952500853e-17,1.0,-4.578152540183799,4.915254120230325
2023-12-28,1000,907,0.907,907,0.03489810547825915,0.023723603802294962,-4.406618399835241e-17,0.9999999999999994,-4.944722256001765,5.511655013171318
2023-12-29,1000,906,0.906,905,0.11267285506110548,0.07858846497116984,-3.333119897329388e-17,1.0000000000000004,-3.8483471547786294,4.336534374743897
2024-01-02,1000,907,0.907,906,-0.07140622908470536,-0.060723523947719064,5.875491199780321e-18,0.9999999999999994,-3.716751017398501,4.057390913781881
2024-01-03,1000,907,0.907,906,-0.10978282420224575,-0.0836532103469452,3.721144426527537e-17,0.9999999999999992,-3.302091763934695,4.694626619826092
2024-01-04,1000,905,0.905,903,-0.05898651800799507,-0.06178775157957227,-1.1776951421438125e-17,0.9999999999999994,-3.5498531147595425,3.8838363683666426
2024-01-05,1000,904,0.904,902,-0.132807748039904,-0.15203557469791304,7.859986015045356e-18,1.0000000000000007,-3.540275774104199,3.728096691870166
2024-01-08,1000,903,0.903,903,-0.15973513776550613,-0.16351176150914581,1.1803035477742528e-17,0.999999999999999,-4.387873078111566,3.166612011867575
2024-01-09,1000,901,0.901,901,-0.08559525534067035,-0.10969126183231531,1.971539222419812e-18,0.999999999999999,-4.824525564904328,3.689564257885071
2024-01-10,1000,901,0.901,901,-0.033412638368697484,-0.06849648894878438,3.943078444839624e-18,0.9999999999999994,-4.96790333345529,4.329327136226648
2024-01-11,1000,905,0.905,904,0.0341302915415658,-0.02077460512690316,1.1776951421438125e-17,0.9999999999999999,-4.200939536872656,3.5965624389961914
2024-01-12,1000,903,0.903,903,0.03130784828301753,-0.0029457645983031644,1.0819449187930651e-17,1.0000000000000002,-4.408094816752706,3.5639065936151653
2024-01-15,1000,903,0.903,903,0.02183474445060686,-0.00997658852931565,-2.3606070955485057e-17,1.0,-3.6587456543452075,3.984621904503798
2024-01-16,1000,901,0.901,901,0.037224580751377134,-0.005393629361427513,0.0,0.9999999999999993,-4.278056298178535,3.0358375836285405
2024-01-17,1000,898,0.898,898,0.023898211625885544,-0.027789471604966604,-7.91250262539087e-18,1.0,-4.0859260316449895,2.8301097539188373
2024-01-18,1000,899,0.899,899,0.04773839361392206,-0.002105185098446033,5.730183352904034e-17,0.9999999999999992,-4.500979389151483,2.922810443528524
2024-01-19,1000,897,0.897,897,0.07691048162448737,0.014096530385738335,9.901654623189802e-17,0.9999999999999997,-4.369054716650768,3.2003972703001846
2024-01-22,1000,892,0.892,892,0.09859606588362686,0.0903515494970061,4.779435442332513e-17,0.9999999999999997,-4.91260705585785,2.70262986174457
2024-01-23,1000,893,0.893,893,0.014789903685398528,-0.06370614124239674,2.9838020818593233e-17,1.0000000000000002,-5.267332053135267,2.910183918564546
2024-01-24,1000,901,0.901,901,0.0013411434519115732,-0.08919939676944721,-1.1434927490034908e-16,1.0,-5.102800162867657,3.1373901214063995
2024-01-25,1000,908,0.908,908,-0.057183785964850894,-0.09495844946436245,-8.999164604891136e-17,1.0,-5.148839340593254,3.2683733159800195
2024-01-26,1000,908,0.908,908,0.0069695609473278694,0.0147868637199089,3.9126802629961466e-17,0.9999999999999993,-4.7095432908526735,3.3520309872777316
2024-01-29,1000,904,0.904,903,0.04255183036485797,0.022362015683460138,-3.1439944060181424e-17,0.9999999999999997,-4.120323038569309,3.3016698188335756
2024-01-30,1000,899,0.899,899,0.13949530597424617,0.1450159514449855,8.694071294061293e-17,0.9999999999999992,-3.552088855448871,3.6030580769773906
2024-01-31,1000,887,0.887,887,0.09638970779371947,0.08877287857028601,-4.0053141812857957e-17,1.0000000000000007,-3.636365390169419,4.094034518557958
2024-02-01,1000,887,0.887,886,0.04100030834178039,0.021783198753317815,-1.6021256725143183e-17,0.9999999999999999,-3.9457768073434587,5.024619169532281
2024-02-02,1000,883,0.883,883,0.11453755070742982,0.12828050575819233,4.82814995986478e-16,1.000000000000002,-4.328192318341065,4.775392584640913
2024-02-05,1000,874,0.874,874,0.2503972767570031,0.33827157017722065,6.50382366828467e-17,1.0,-4.369216384127926,3.515512937828023
2024-02-06,1000,880,0.88,880,0.2664275081932304,0.2762154080099772,-3.431598439750484e-17,1.0000000000000002,-3.97731147011059,3.0698730030569723
2024-02-07,1000,878,0.878,878,0.43364538489796156,0.39782705099247706,8.092741865149204e-18,1.0000000000000002,-3.0593856722715094,2.8398303767970057
2024-02-08,1000,888,0.888,887,0.40520338621481966,0.3516917251165894,-2.000401846171453e-17,1.0,-3.3480272837362954,2.7143971815722225
2024-02-19,1000,890,0.89,889,0.1847372832068245,0.10616960085367717,6.786082307821182e-17,1.0000000000000002,-3.1515149206131676,3.0962679859582294
2024-02-20,1000,893,0.893,891,0.05876295769973819,-0.030543195179686563,-1.1139527772274807e-16,1.000000000000001,-3.10300944864338,3.471046233621076
2024-02-21,1000,893,0.893,891,-0.11989608096170108,-0.1504991431949452,9.150326384368591e-17,1.0,-4.082342025088292,2.715395755438848
2024-02-22,1000,895,0.895,893,-0.27048669666084746,-0.23096975754649626,3.969512490279889e-18,1.0000000000000007,-3.400126175196581,2.1959355385301356
2024-02-23,1000,895,0.895,893,-0.20368679019581515,-0.1235439921294408,-1.5878049961119556e-17,0.9999999999999997,-4.251747979157271,2.32796052271368
2024-02-26,1000,896,0.896,895,-0.16601130070677492,-0.1022967318923813,-7.137148015447435e-17,1.0000000000000002,-4.088553741960545,2.7784568721756147
2024-02-27,1000,897,0.897,897,-0.1201183782186337,-0.06552699929285184,-1.2674117917682946e-16,1.0000000000000007,-4.373703894632296,2.8443181482002466
2024-02-28,1000,895,0.895,895,-0.10633526680978507,-0.021539597364387493,-3.969512490279889e-18,0.9999999999999997,-5.682921773899063,2.2413986589985995
2024-02-29,1000,896,0.896,896,0.025986644526910303,0.09205918529765991,-4.3615904538845435e-17,1.0000000000000002,-5.495285071243597,2.363695166843902
2024-03-01,1000,896,0.896,896,0.0842466273861293,0.12608976140887168,1.982541115402065e-18,0.9999999999999996,-5.862151033869329,2.549208526720805
2024-03-04,1000,895,0.895,895,0.06272099766540191,0.11221920385468308,-2.840682375856546e-17,1.0,-5.909734562873147,2.7393398065471986
2024-03-05,1000,896,0.896,896,0.04876600631156471,0.0642645725975672,-2.973811673103098e-17,1.0,-5.310054100918138,2.1633140683979706
2024-03-06,1000,895,0.895,895,-0.005092134597786906,-0.007914104608248112,-6.946646857989807e-18,0.9999999999999997,-4.5898595214392675,2.5874034046575214
2024-03-07,1000,894,0.894,894,-0.06460874070835293,-0.11021901779318595,-1.1921857982552016e-17,1.0,-4.054608781969736,3.221639571914528
2024-03-08,1000,893,0.893,893,-0.00713718866521925,-0.04226992974327786,-7.956805551624862e-18,0.9999999999999999,-5.007729068580263,2.709177368024706
2024-03-11,1000,896,0.896,896,-0.04143869691284657,-0.13216952163413476,-3.96508223080413e-18,1.0,-5.188465327691145,2.560866665635288
2024-03-12,1000,899,0.899,899,0.07205799083653408,0.041584430642321195,-1.0274811529345163e-16,1.0000000000000007,-4.608514763851007,3.1225042426623126
2024-03-13,1000,898,0.898,898,0.1301450222492903,0.10547230244134209,7.91250262539087e-18,1.0000000000000004,-4.905028920557469,2.564987926129913
2024-03-14,1000,897,0.897,896,0.19975548180683378,0.18047997057229814,-2.3763971095655524e-17,0.9999999999999994,-4.269483288294274,3.052995868681608
2024-03-15,1000,901,0.901,901,0.1935028294312522,0.19074520530988412,1.9715392224198118e-17,0.9999999999999994,-3.8360758789868927,3.505440594538162
2024-03-18,1000,902,0.902,902,0.13885786390073152,0.13002478165498974,-7.877413921952331e-17,0.9999999999999992,-4.501340239083183,3.075545342735383
2024-03-19,1000,900,0.9,899,0.02372270633664282,0.026187721787614564,-5.5264435003563346e-17,0.9999999999999997,-4.468649986733581,2.7518169228072273
2024-03-20,1000,900,0.9,900,0.05361479219262631,0.019228213276331778,-1.578983857244667e-17,0.9999999999999999,-4.482587616692906,2.7965432901665492
2024-03-21,1000,902,0.902,902,0.1353235159430689,0.09433829190847673,7.87741392195233e-18,1.0000000000000002,-4.446817714378556,2.8726401447709637
2024-03-22,1000,899,0.899,899,0.13796636106244026,0.07321240217693382,1.9759252941048393e-17,1.0000000000000004,-4.917618440881568,2.2458203813519204
2024-03-25,1000,898,0.898,897,-0.008653638036553413,-0.10804966704553094,2.9671884845215766e-18,1.0000000000000007,-4.897756907883348,2.759714323486344
2024-03-26,1000,899,0.899,898,0.02030281929095378,-0.10482368388271181,0.0,0.9999999999999998,-4.860231133997697,2.7985647390229555
2024-03-27,1000,891,0.891,891,-0.04404760567144721,-0.13176437852163486,1.275946551308822e-16,0.9999999999999996,-4.528574153348076,3.3058849617320427
2024-03-28,1000,896,0.896,889,-0.012678436795244864,-0.10846836805608007,5.551115123125783e-17,1.000000000000001,-4.315034705112844,2.6922011476873435
2024-03-29,1000,896,0.896,895,-0.011515282172481807,-0.08904855769850811,5.947623346206196e-17,1.0000000000000002,-4.303859378251402,2.9988428382184793
2024-04-01,1000,900,0.9,899,-0.03391215497023506,-0.10690407132211076,-5.921189464667502e-18,1.0000000000000002,-4.077612533879194,3.1226524785745835
2024-04-02,1000,902,0.902,901,-0.055356939520615184,-0.06236181817930568,-1.9693534804880826e-18,1.0000000000000002,-3.5089480863589975,2.83544433914975
2024-04-03,1000,904,0.904,903,-0.0018394778287328252,0.01268297149610077,-3.929993007522678e-18,0.9999999999999994,-4.621689994980645,3.351786269591794
2024-04-08,1000,897,0.897,896,0.0017605406517748386,-0.0038402319410207877,-3.960661849275921e-18,0.9999999999999997,-4.904304353723267,3.418304556170229
2024-04-09,1000,901,0.901,899,0.0029156622757367467,-0.0054047351939013645,3.943078444839624e-18,1.0000000000000004,-4.789979944128124,3.473158714244788
2024-04-10,1000,900,0.9,899,-0.009767258041077982,-0.04993147152928701,0.0,1.0,-4.57113140705896,3.836466555759888
2024-04-11,1000,902,0.902,901,-0.045044872560973545,-0.03641288935157778,-2.363224176585699e-17,1.0000000000000004,-4.3286909260454145,3.989989533891286
2024-04-12,1000,898,0.898,897,-0.07442933603371255,-0.09788066511825827,-7.912502625390871e-17,1.0000000000000002,-4.531872333404268,3.2325808614352374
2024-04-15,1000,896,0.896,896,-0.025261612579649106,0.006392935108964414,-7.93016446160826e-18,0.9999999999999998,-3.798133794394891,2.9055778222820114
2024-04-16,1000,886,0.886,884,0.053503843579621464,0.11999681867366642,-2.646491002266739e-16,1.0000000000000002,-3.8202577904999715,3.1603190010501363
2024-04-17,1000,896,0.896,895,-0.03717526172208755,0.03351172859448834,-1.1895246692412391e-17,1.0,-4.258731284559873,3.2857651881569327
2024-04-18,1000,896,0.896,896,-0.00579345653606737,0.06279706846852874,-1.2291754915492805e-16,1.0000000000000002,-4.303885503734385,2.914518168594482
2024-04-19,1000,892,0.892,892,0.1300821670152216,0.21706099824611105,-1.613059461787223e-16,0.9999999999999996,-3.5591908302155324,3.2291334496230064
2024-04-22,1000,889,0.889,889,0.05212115341891679,0.11505381502389245,4.3959336858048944e-17,1.0000000000000002,-4.049556130295515,2.9538613146015056
2024-04-23,1000,890,0.89,890,0.01590695278369176,0.05824130955648936,9.779942149506997e-17,1.0,-4.140686842028797,3.4563009590623226
2024-04-24,1000,891,0.891,890,-0.006675200025415513,0.02350538774821716,9.96833243210017e-18,0.9999999999999992,-4.507614438601539,3.4294512235757586
2024-04-25,1000,891,0.891,890,-0.031269796508525606,-0.03817494983910653,-2.5917664323460444e-17,0.9999999999999999,-4.471534931537872,3.34415881245512
2024-04-26,1000,901,0.901,901,-0.00829072158114057,0.01850486440099127,4.633117172686558e-17,1.0000000000000002,-3.808121647072513,3.755321059007159
2024-04-29,1000,904,0.904,899,-0.034156150614657016,-0.00924480985729442,-1.1789979022568034e-17,0.9999999999999994,-3.9095680356687406,3.720348977964615
2024-04-30,1000,897,0.897,897,-0.03283927273475108,-0.05428779809054773,-5.148860404058697e-17,1.0,-3.6104682964492625,2.8292322153128477
2024-05-06,1000,904,0.904,904,-0.051921842263991824,-0.04844885333962669,-1.5719972030090712e-17,0.9999999999999997,-3.4499858022813803,2.9449630752327023
2024-05-07,1000,903,0.903,903,-0.014069472958827491,-0.019966687528299176,-3.540910643322758e-17,1.0,-3.9558458368401594,3.003208909513173
2024-05-08,1000,902,0.902,902,0.006421198957815877,-0.03923272231222454,2.363224176585699e-17,1.0,-4.746757544316733,3.2580310085047772
2024-05-09,1000,902,0.902,902,-0.027437419914075983,-0.08549474546967815,7.87741392195233e-18,1.0000000000000007,-4.910317689671612,3.266825799505438
2024-05-10,1000,903,0.903,902,-0.0205021533726171,-0.05497307083994042,0.0,1.0000000000000013,-4.093987896574888,2.7521025804361807
2024-05-13,1000,900,0.9,900,0.04552036093614653,-0.02556392477491885,-3.157967714489334e-17,1.0,-4.923771487682485,3.1137598430812305
2024-05-14,1000,901,0.901,901,0.05069686095340526,-0.01128728662396202,1.5772313779358495e-17,1.0000000000000004,-4.720625330345352,2.931009050416819
2024-05-15,1000,901,0.901,901,0.05689929691724995,0.00018282224063606025,3.154462755871699e-17,1.0000000000000004,-5.024007214189672,2.913584182570733
2024-05-16,1000,901,0.901,901,0.037143278282169685,0.0005055563642661818,4.238809328202596e-17,1.0,-4.689768845438051,3.1248851510472533
2024-05-17,1000,906,0.906,904,0.08272270728212844,0.062437193182543274,3.9213175262698686e-18,1.0,-5.294582074956414,2.8654722786408415
2024-05-20,1000,901,0.901,901,0.11092485481622477,0.10653137399712215,7.886156889679247e-18,1.0,-4.015686278847198,3.130357691040185
2024-05-21,1000,901,0.901,901,0.12882166080386742,0.1006728095524674,-1.9715392224198118e-17,1.0000000000000009,-4.91729699258079,2.7925038230521575
2024-05-22,1000,902,0.902,902,0.14440196148995035,0.1564418679659705,-3.938706960976165e-18,1.0000000000000004,-4.813500397272251,2.9282016764431154
2024-05-23,1000,896,0.896,896,0.09331130293048616,0.07155846900364907,-1.3877787807814457e-17,1.0000000000000002,-5.0320822912266285,3.171464290256081
2024-05-24,1000,896,0.896,896,-0.03524474933348467,-0.07431315437823582,1.0903976134711359e-17,0.9999999999999996,-4.93806035836657,3.359836688948018
2024-05-27,1000,897,0.897,897,-0.07538560764626687,-0.1242847646077387,4.554761126667309e-17,1.0000000000000013,-4.199569057180683,2.9389064379017213
2024-05-28,1000,895,0.895,895,-0.04585889125888984,-0.05114170642781864,-2.977134367709917e-18,1.0,-4.127821754029821,3.0777955707738895
2024-05-29,1000,894,0.894,894,-0.07360170249094922,-0.09448822428467545,6.55702189040361e-17,0.9999999999999999,-4.788668230007589,2.74604185072002
2024-05-30,1000,892,0.892,892,-0.07943463380402414,-0.08845775545397074,-5.974294302915641e-18,1.0000000000000007,-4.838711178729967,3.499998876129307
2024-05-31,1000,889,0.889,889,-0.10491021916213344,-0.11020548675707345,-7.992606701463445e-18,1.0000000000000004,-5.109057790531859,3.4719624478190907
2024-06-03,1000,887,0.887,887,-0.06321657952457833,-0.06639476782393457,-5.2069084356715344e-17,1.0,-4.314187259237339,3.5734889628820734
2024-06-04,1000,883,0.883,883,0.0029402170205091145,0.035460983203813655,4.325217672378866e-17,1.0,-4.247904875427853,3.418776339720751
2024-06-05,1000,881,0.881,881,0.04000423688706658,0.050075548961531866,-1.1291258002998187e-16,0.9999999999999998,-4.164539865402047,3.0248005509549256
2024-06-06,1000,880,0.88,879,0.12511938015533353,0.11671934526611605,1.0900371514501537e-16,0.9999999999999999,-3.7151358138322603,3.197919343629848
2024-06-07,1000,882,0.882,881,0.02735598844160835,0.006881472565546968,-3.0612952334335383e-16,1.0000000000000004,-4.147939993894621,3.7021039930352186
2024-06-11,1000,878,0.878,878,0.08605166379109465,0.06214808321621437,5.664919305604444e-17,1.0000000000000002,-4.384660427203882,3.790208787363091
2024-06-12,1000,879,0.879,879,-0.013642305726978322,-0.04483965107018236,-3.637590797406656e-17,0.9999999999999998,-4.7230199240211075,2.983725387799473
2024-06-13,1000,875,0.875,875,-0.008885262857360979,-0.03667614235264107,-1.0150610510858574e-17,0.9999999999999993,-4.217715492250268,3.572869333801643
2024-06-14,1000,877,0.877,877,-0.059668213222395745,-0.043457493217751615,-5.468829494162687e-17,0.9999999999999997,-3.7539351674207246,3.8167932476209776
2024-06-17,1000,875,0.875,875,0.014959229019062202,0.0635057670271368,1.2180732613030288e-17,1.0000000000000002,-4.775937430337926,4.088792242319381
2024-06-18,1000,876,0.876,876,-0.13367476397906145,-0.07481193481072922,-2.0278046111875004e-17,1.0,-4.196945620119646,3.8828621797429403
2024-06-19,1000,874,0.874,874,-0.14682497434427016,-0.10589296237407934,-1.4227114274372716e-17,0.9999999999999997,-4.80599223700278,4.170311035318869
2024-06-20,1000,874,0.874,874,-0.14933426349115775,-0.12408968069900475,-8.129779585355837e-18,0.9999999999999999,-4.484522578261639,3.185731269416661
2024-06-21,1000,875,0.875,875,-0.12342649663706569,-0.09589213712894117,6.090366306515144e-18,1.0000000000000002,-4.72816629754158,2.7905268780725248
2024-06-24,1000,869,0.869,869,-0.06638463490042877,-0.036569621136108274,0.0,0.9999999999999996,-4.829630602392332,2.9112150658793654
2024-06-25,1000,869,0.869,869,-0.0759411332186718,-0.04092651539813989,-3.679450300253683e-17,1.0000000000000007,-4.962246349517168,3.187854725618813
2024-06-26,1000,872,0.872,872,-0.07481249303121644,-0.05254822921880703,1.731540497121804e-17,0.9999999999999997,-4.1633817149411065,3.1546307985808975
2024-06-27,1000,871,0.871,871,-0.06234915693686339,-0.09676225039564652,6.118335841791907e-18,1.0000000000000004,-4.117296519404789,3.3417840956245217
2024-06-28,1000,869,0.869,869,-0.05703735944248333,-0.059114155483480306,-3.270622489114385e-17,1.0000000000000002,-3.4744746606811314,3.5504939060426963
2024-07-01,1000,870,0.87,870,-0.0360976103867432,-0.011257649337513755,-3.573131573506251e-18,1.0000000000000004,-3.8991437414702377,4.212342820026012
2024-07-02,1000,870,0.87,869,-0.04181658568326394,-0.06346163082422512,3.266863152920001e-17,0.9999999999999996,-4.17179777826931,3.214864055746929
2024-07-03,1000,869,0.869,867,-0.02608043157444398,-0.009657349200210047,-1.4308973389875436e-17,1.0000000000000009,-3.8684960898821354,3.4585392385588416
2024-07-04,1000,864,0.864,862,0.04370828638189851,0.02450719005240149,-4.3175339846533866e-17,1.0000000000000009,-3.782833809587843,3.1863124311095996
2024-07-05,1000,862,0.862,860,0.008365193332725203,-0.01176248049255165,4.12147758561543e-18,0.9999999999999992,-4.076841252217483,3.45598447924849
2024-07-08,1000,854,0.854,853,0.02923201082010432,0.003106767685283206,-2.704056078712325e-17,1.0000000000000004,-4.750851736672732,3.253670377879953
2024-07-09,1000,852,0.852,851,0.16746247878154857,0.13674089195497305,-2.9188962149769376e-17,0.9999999999999999,-3.894443709238274,3.480211803957414
2024-07-10,1000,848,0.848,847,0.20276430058098477,0.11827317591867324,1.885284381438945e-17,1.0,-4.149044627953351,3.5596002965571802
2024-07-11,1000,856,0.856,855,0.07194217234973531,-0.010905281399982647,8.300732894393693e-18,0.9999999999999999,-3.7667168010602796,4.029475029602841
2024-07-12,1000,858,0.858,857,0.06887068322224717,0.007702297997273999,4.140691933333917e-18,0.9999999999999998,-4.393771796180262,3.744548014014435
2024-07-15,1000,855,0.855,854,0.04212069685374741,-0.0009363057571504123,1.66208827078386e-17,0.9999999999999999,-4.231689598546029,3.7545841958675514
2024-07-16,1000,853,0.853,852,0.029719873635038096,-0.022918926065420776,8.329926562252053e-18,1.0000000000000002,-3.8689411257163293,3.3995432162537593
2024-07-17,1000,854,0.854,854,-0.03044101985974995,-0.03215801567528784,8.320172549884077e-18,0.9999999999999996,-3.771556175626404,3.098864406068925
2024-07-18,1000,853,0.853,853,0.022006405291270098,0.016808285540586602,1.6659853124504108e-16,0.9999999999999987,-4.421766112832881,3.9639470811528303
2024-07-19,1000,851,0.851,851,0.02660890770157827,0.0463905807155096,1.1689304701106232e-16,1.0,-4.400973923339549,3.2396918780404467
2024-07-22,1000,847,0.847,847,0.02382175428051294,0.03444379658209814,-8.388934306494689e-18,1.0000000000000009,-4.240455708826807,3.721428955796733
2024-07-23,1000,844,0.844,844,-0.026568789887335,-0.07493837370451693,-4.209376396683058e-18,0.9999999999999999,-5.072069761592717,4.158606881779604
2024-07-24,1000,838,0.838,837,0.021576828730865975,-0.030633326210762386,1.27185453895006e-17,0.9999999999999994,-4.410392567754636,2.922504406909009
2024-07-25,1000,841,0.841,840,0.03195544131019138,-0.04780633224668015,3.801952807277587e-17,0.999999999999999,-4.449019149828662,3.6498180344883147
2024-07-26,1000,845,0.845,844,-0.002634536607752599,-0.08358774381655089,-2.1021974430772195e-18,0.9999999999999999,-4.436353573106319,3.3272259283898746
2024-07-29,1000,843,0.843,842,-0.021372080269172707,-0.10750031015338321,8.428739451483989e-18,0.9999999999999996,-4.40744975508584,3.1611884802717833
2024-07-30,1000,841,0.841,839,0.04104969226093517,-0.03427093097162479,-4.1187822078840525e-17,1.0,-4.159377120989901,3.2824460633310526
2024-07-31,1000,847,0.847,844,0.048066405269844174,0.0519321589527181,1.4680635036365707e-17,0.9999999999999997,-4.259306024354846,4.392682102822476
2024-08-01,1000,844,0.844,843,0.0980220263752801,0.07121877664805792,1.2628129190049173e-17,0.9999999999999999,-4.305883756461579,3.5144269578239693
2024-08-02,1000,847,0.847,846,0.15508252435913866,0.1250879885996123,5.452807299221548e-17,1.0,-4.282889219160021,3.67447765617768
2024-08-05,1000,849,0.849,846,0.1670750687773549,0.11873756404134955,8.369172388222616e-18,0.9999999999999994,-4.412669644484978,4.340403987809607
2024-08-06,1000,846,0.846,843,0.11882635840724572,0.1139936406193201,4.3044107810526164e-17,0.9999999999999997,-5.1320659861192075,5.040984007100772
2024-08-07,1000,848,0.848,846,0.03830302549989896,0.0075074953069297935,2.723188550967365e-17,1.0000000000000004,-4.226595546061451,4.7601472179588695
2024-08-08,1000,846,0.846,842,-0.022043974302890252,-0.04873974928148252,8.39885030449291e-18,1.0000000000000004,-4.153410506361708,5.176895723113333
2024-08-09,1000,845,0.845,841,-0.10320823515177951,-0.1292128168061298,4.204394886154439e-18,0.9999999999999993,-4.561963754100948,3.5709153331214143
2024-08-12,1000,847,0.847,843,0.005765365157597581,-0.013819736728469789,8.388934306494689e-18,0.9999999999999998,-4.130673953695739,4.181428659521352
2024-08-13,1000,847,0.847,843,-0.008614561392107388,-0.030162917923547552,-2.726403649610774e-17,1.0000000000000004,-3.687552898371201,3.375548611298666
2024-08-14,1000,850,0.85,846,0.036620973461300374,0.02894093759119775,-2.0898315757650005e-17,1.0000000000000002,-4.568998535139581,3.198344169862705
2024-08-15,1000,850,0.85,846,0.044598356652610575,0.036785741033610445,0.0,0.9999999999999998,-4.8314491272282485,2.4350013209368595
2024-08-16,1000,852,0.852,848,0.07154806666733433,0.020945199132899668,0.0,1.000000000000001,-5.263611962964998,3.07191243919182
2024-08-19,1000,853,0.853,851,0.01626762335107455,-0.002126636972893067,8.329926562252053e-18,1.0,-4.957817865052606,3.3291638406518818
2024-08-20,1000,849,0.849,847,0.008489392148382801,0.01202812524927821,3.766127574700178e-17,0.9999999999999992,-4.631709171363492,2.8975083433237274
2024-08-21,1000,848,0.848,845,0.03729279783602835,0.018682145995974224,8.3790416952842e-18,0.9999999999999991,-4.496691030482762,3.4645993387306984
2024-08-22,1000,845,0.845,843,0.08639809384973594,0.09939947393908452,5.675933096308492e-17,0.9999999999999997,-4.4287755542024705,3.0376402882251248
2024-08-23,1000,844,0.844,842,0.092996012013642,0.12061938379638629,6.945471054527046e-17,0.9999999999999991,-4.118667488275189,3.6676085738905324
2024-08-26,1000,849,0.849,847,0.06226947048178919,0.09086044703364399,-1.6738344776445233e-17,1.000000000000001,-4.694153470271383,3.388111440843864
2024-08-27,1000,849,0.849,847,0.13672769480652355,0.15467574331483414,-8.369172388222616e-18,1.0000000000000004,-4.456735386817817,3.4648141025101027
2024-08-28,1000,847,0.847,845,0.15911914006146666,0.1597304884956429,-3.3555737225978756e-17,1.0000000000000002,-4.631913832511072,3.0356524852850866
2024-08-29,1000,845,0.845,843,0.038310949477161654,0.011925650313825404,-2.5226369316926633e-17,1.0000000000000007,-3.6786928014170104,3.153894350975453
2024-08-30,1000,850,0.85,848,-0.10360138727076255,-0.12431324806216787,0.0,0.9999999999999997,-3.7226942677532455,3.8019748055764966
2024-09-02,1000,847,0.847,845,0.020136635564744623,0.030645322952152994,-3.3555737225978756e-17,1.0000000000000007,-4.244467882599551,3.28812681297123
2024-09-03,1000,843,0.843,843,0.018321096682654418,0.010419511567423859,2.3179033491580966e-17,0.9999999999999999,-4.046942180725451,3.550133838325174
2024-09-04,1000,840,0.84,840,-0.0057333630228407415,0.017645483875835,4.65236315081018e-17,0.9999999999999999,-4.230593504237851,3.2625443354070853
2024-09-05,1000,842,0.842,840,0.03288532584834896,-0.006277786706643103,-1.68774996617601e-17,1.0000000000000004,-3.7550679398334297,3.087657121141629
2024-09-06,1000,840,0.84,840,0.09767030235973799,0.10564284542860972,0.0,0.9999999999999999,-4.237341919748064,3.066706880633408
2024-09-09,1000,838,0.838,838,0.06329354444657548,0.0430856000179894,-1.6958060519334134e-17,1.0000000000000004,-4.339490583243503,3.339732919030221
2024-09-10,1000,833,0.833,832,0.02714113765174871,0.04820918975972632,-5.544451119376532e-17,0.9999999999999988,-4.245277008465008,3.386056302739846
2024-09-11,1000,831,0.831,829,-0.01108391835687785,-0.006675582629861675,-6.412840575452168e-18,0.9999999999999988,-3.9514432580589047,3.624410483228957
2024-09-12,1000,832,0.832,830,0.015301000512881567,0.11556553448415273,-1.4945309946877107e-17,1.0000000000000009,-4.468197944261298,2.842779598476778
2024-09-13,1000,833,0.833,831,0.06620184973422687,0.17015398882126317,-1.7059849598081636e-17,0.9999999999999998,-4.1749728149556775,3.9279058228850405
2024-09-18,1000,834,0.834,832,0.08808860985891236,0.191426762620975,3.1948864017990115e-17,0.9999999999999997,-4.330343694899232,3.4210956182336316
2024-09-19,1000,835,0.835,833,-0.038626529401598615,0.05036700995959574,1.701898768287665e-17,1.000000000000001,-3.5716674411215306,3.534951414590962
2024-09-20,1000,835,0.835,833,-0.044742262474889764,0.14733313926704955,-4.254746920719163e-18,0.9999999999999999,-3.57665302998869,3.534392917812323
2024-09-23,1000,835,0.835,833,-0.031633722325175084,0.14892091468146035,1.2764240762157488e-17,1.0000000000000002,-4.420744409525798,3.6503442403526396
2024-09-24,1000,846,0.846,843,-0.09612915144341155,0.022779670783850337,-2.0997125761232274e-17,1.0000000000000002,-3.7890813455533694,3.278655195645675
2024-09-25,1000,856,0.856,854,-0.1262315903094969,-0.005668987709934552,4.1503664471968466e-18,1.0,-4.20607085285782,3.657716022698442
2024-09-26,1000,865,0.865,864,-0.11518324931493125,0.04211804580028201,2.5156498592662506e-17,1.0000000000000007,-4.647760391564636,3.486027623531779
2024-09-27,1000,880,0.88,879,-0.01187592776366874,0.12118620916368403,8.074349270001138e-18,0.9999999999999992,-4.599023365873781,3.333897837184856
2024-09-30,1000,900,0.9,899,-0.0024369313252591493,0.045386229799716224,-3.947459643111668e-18,1.0000000000000007,-3.36542459104016,3.4144677023963714
2024-10-08,1000,913,0.913,912,-0.02039413731854643,-0.0005491958135795863,0.0,0.9999999999999987,-3.444891136857308,3.3001714656338414
2024-10-09,1000,902,0.902,900,-0.027932408329851652,0.022873073788236043,-4.332577657073782e-17,1.0000000000000002,-4.154823042973788,3.4360658256827814
2024-10-10,1000,901,0.901,900,-0.09271488148937262,-0.09669053129156345,-6.308925511743398e-17,0.999999999999999,-3.9513862531712642,3.0902103194735857
2024-10-11,1000,898,0.898,897,-0.07267453847609837,-0.013157299295345178,1.1868753938086306e-17,0.9999999999999986,-4.747209667949268,2.9465384110155064
2024-10-14,1000,901,0.901,900,-0.04382467007561251,0.05271664966136439,3.943078444839624e-18,1.0000000000000004,-4.635281569520345,2.614998189073425
2024-10-15,1000,902,0.902,901,0.09066671649654075,0.23853734102839388,-1.3785474363416579e-17,0.9999999999999992,-5.1413548822638155,2.3059296103741875
2024-10-16,1000,902,0.902,901,0.19798165318256514,0.28741510484600014,-1.9693534804880827e-17,1.0000000000000004,-5.862594110999568,2.873919223466848
2024-10-17,1000,899,0.899,897,0.08272909362047676,0.18643078321390022,2.3711103529258072e-17,0.9999999999999991,-5.243012267377574,2.0862249211173873
2024-10-18,1000,902,0.902,900,0.061668935140134225,0.1155139968385557,1.9693534804880827e-17,1.0000000000000007,-5.052907806168738,3.0709461256583315
2024-10-21,1000,902,0.902,901,0.11533639130113997,0.14512894679894325,1.1816120882928495e-17,1.0,-5.922586625459128,2.5467446977441397
2024-10-22,1000,904,0.904,904,0.0532187775623176,0.09456759968216415,3.1439944060181424e-17,1.0000000000000009,-5.745502669390684,2.3121995758425604
2024-10-23,1000,904,0.904,904,-0.04345306742648373,-0.03650824677589652,3.929993007522678e-18,1.0000000000000009,-5.63333772316369,3.595368347067778
2024-10-24,1000,906,0.906,906,0.006085437420536546,-0.020245319659344303,5.391811598621069e-18,1.0000000000000002,-5.300226472172353,2.9307295502452804
2024-10-25,1000,909,0.909,908,0.0790430256507414,0.062474632310745515,9.770939710672445e-18,0.9999999999999984,-5.523838222984817,2.551396918274011
2024-10-28,1000,914,0.914,913,0.11342091557680209,0.08710550600084828,4.470044563042206e-17,1.0,-5.270776765123125,2.33137934991456
2024-10-29,1000,911,0.911,909,0.14705003446931786,0.12233948525808144,3.1198363809444576e-17,0.9999999999999994,-5.157112328908944,2.3908213368796107
2024-10-30,1000,911,0.911,909,0.22865566852552102,0.20489139553941307,-1.1699386428541715e-17,1.0,-5.977514938834518,2.298691982296761
2024-10-31,1000,914,0.914,913,0.24421642439470148,0.21666649065927185,-3.109596217768491e-17,1.0000000000000002,-5.733491272922456,2.4446235800976304
2024-11-01,1000,911,0.911,909,0.16260329336831186,0.2452964234887339,-1.1699386428541715e-17,1.0000000000000002,-4.768938255829399,2.187970258036283
2024-11-04,1000,913,0.913,911,0.08737314661107831,0.15173129042841876,1.4592197475905672e-17,0.9999999999999996,-4.962920243752081,2.4957617081906283
2024-11-05,1000,921,0.921,918,0.04302040099362435,0.07007139916024141,-4.821815524973535e-18,0.9999999999999994,-4.264511499851962,3.208869716919439
2024-11-06,1000,918,0.918,915,-0.007460998279480446,0.060664398089169354,3.87005847363889e-18,1.0000000000000004,-5.057908031655236,2.7944811616421914
2024-11-07,1000,926,0.926,924,-0.014053497168319424,0.09268182317647757,0.0,1.0000000000000009,-4.519097400964851,3.518463307318962
2024-11-08,1000,923,0.923,922,-0.06357013959356746,0.002440331149796102,-9.622734774649244e-18,0.9999999999999999,-4.918306083060862,2.715947284780061
2024-11-11,1000,924,0.924,923,-0.027490002818614058,0.06161325604032373,-1.057355261547768e-17,1.0000000000000002,-4.842587701771753,2.8332406890814443
2024-11-12,1000,921,0.921,920,0.07167964392662413,0.11332559091281663,3.8574524199788285e-18,1.0,-5.134808524795661,2.622942209416457
2024-11-13,1000,920,0.92,919,0.059929784078396005,0.0692460191088789,7.723290606088046e-18,1.0000000000000002,-4.752733276904383,2.9890745901272777
2024-11-14,1000,917,0.917,916,0.03676157831285498,0.058336573911480984,-9.685697052345968e-18,1.0,-4.6969282793025675,3.2155955941870014
2024-11-15,1000,916,0.916,916,0.029574243635223495,0.0661742539267968,9.696270957424947e-18,1.0000000000000002,-4.380209987713274,2.8191486934143493
2024-11-18,1000,916,0.916,915,0.057624096712411255,0.06635656325095834,3.102806706375983e-17,0.9999999999999993,-5.324126447426184,2.8769104858781915
2024-11-19,1000,917,0.917,916,0.03968212936228739,0.020788406645018086,3.09942305675071e-17,1.0000000000000007,-5.007721837889857,3.5722408797909195
2024-11-20,1000,917,0.917,916,0.10322884583189604,0.09604415016989899,7.748557641876774e-18,0.9999999999999994,-5.064980887861788,2.8080943053438068
2024-11-21,1000,917,0.917,916,0.1015209287849495,0.15271269970379783,-1.9371394104691935e-17,0.999999999999999,-4.9918226001908925,2.6623466941005747
2024-11-22,1000,915,0.915,912,0.1727354537612025,0.20822540695656408,1.9413735949729513e-17,0.9999999999999998,-5.52392649297996,3.040920171015094
2024-11-25,1000,914,0.914,912,0.20317207994648945,0.1865113430590327,1.5547981088842454e-17,0.9999999999999997,-5.402704690014488,2.3601536571632358
2024-11-26,1000,914,0.914,912,0.08487994543015068,0.13225247060637207,2.526546926936899e-17,1.0,-5.390767801966802,3.109485043899718
2024-11-27,1000,917,0.917,914,0.15253888803498933,0.10154090795916819,2.5182812336099515e-17,1.0000000000000009,-4.667618286866267,2.642540724319473
2024-11-28,1000,917,0.917,915,0.1634261458213022,0.10903653494460892,-3.389993968321089e-17,1.0000000000000009,-4.665545870685693,2.803041121704999
2024-11-29,1000,917,0.917,912,0.1452859621580044,0.08010028853078224,-1.3559975873284354e-17,0.9999999999999993,-4.810774724700835,4.1813207163241355
2024-12-02,1000,920,0.92,917,0.10163060778833087,0.04869989027528276,-1.6411992537937097e-17,1.0000000000000002,-4.526334824279214,3.592175853641677
2024-12-03,1000,920,0.92,915,0.1631125691398657,0.11027301784446436,-1.9308226515220113e-17,0.999999999999999,-4.9287852200992095,2.7880705041170013
2024-12-04,1000,922,0.922,918,0.12350510645376163,0.07536399783651838,3.853268632104665e-18,1.0000000000000004,-5.202636759189747,2.841187767027633
2024-12-05,1000,924,0.924,920,0.16251472568903383,0.08277574766186722,5.959638746905603e-17,1.0000000000000004,-5.067153798240609,2.6333914471360766
2024-12-06,1000,925,0.925,922,0.11789771081662871,0.0537454049831815,3.6487329674167304e-17,0.9999999999999992,-5.567102856019498,2.7984881787781597
2024-12-09,1000,925,0.925,922,0.09386103808262637,0.012847366187313063,1.536308617859676e-17,1.0000000000000002,-5.16311673903619,2.899280975014438
2024-12-10,1000,924,0.924,921,0.043532812153326356,0.001145026581673665,1.3457248783335231e-17,1.0000000000000002,-5.2908446893554135,3.009213828180456
2024-12-11,1000,926,0.926,923,0.12238107069709606,0.09936708711290804,-3.8366238431970855e-18,0.9999999999999998,-5.735414963982697,2.63847808647158
2024-12-12,1000,928,0.928,925,0.11314892148383897,0.05604324830751592,5.742532885992189e-18,0.9999999999999999,-5.825268913259695,3.0980796587432358
2024-12-13,1000,923,0.923,922,0.15754262713308467,0.05265240402965886,-9.622734774649244e-18,0.9999999999999989,-5.4277182342487365,2.967223899503231
2024-12-16,1000,924,0.924,922,0.16072700354598504,0.04332370283275249,9.612320559525164e-18,1.0,-5.665814051138592,3.517173886953556
2024-12-17,1000,919,0.919,918,0.07979528263950823,0.0064083501615950925,-2.7060931176935263e-17,1.0000000000000002,-4.370918372552129,3.0779060775170106
2024-12-18,1000,921,0.921,920,0.1519752906268252,0.024409309671900463,2.7002166939851798e-17,1.0,-4.5062080148679735,2.8551959262305906
2024-12-19,1000,921,0.921,920,0.014437165111037546,-0.05778906597526082,-8.486395323953422e-17,0.9999999999999999,-4.588273825051531,3.873830204858303
2024-12-20,1000,920,0.92,918,0.022842798856186664,-0.007676795091380498,6.950961545479241e-17,1.0000000000000007,-5.001602826355761,3.5396300732705503
2024-12-23,1000,914,0.914,913,-0.011841197514614344,-0.028449985102048207,-9.717488180526534e-17,0.9999999999999996,-3.752680515200224,3.7352994268004616
2024-12-24,1000,916,0.916,916,0.003897015345298377,-0.017438247569335392,1.5514033531879916e-17,0.9999999999999986,-5.373263303422233,3.886883423055429
2024-12-25,1000,914,0.914,914,0.0013548172487493264,-0.03679471240045435,1.7491478724947763e-17,1.0000000000000004,-4.599188739478824,4.53698587721303
2024-12-26,1000,913,0.913,913,0.025840961664473316,0.027799747166658385,-3.8912526602415124e-17,0.9999999999999999,-4.572722903535049,3.8243415738877857
2024-12-27,1000,915,0.915,913,0.031724906385463554,-0.02780884296889463,-4.853433987432378e-17,0.9999999999999996,-4.761000775588054,3.874917925179867
2024-12-30,1000,912,0.912,910,0.10279062985594421,0.05407316545992358,-7.791038769299344e-18,1.0000000000000002,-4.382705246348644,3.7095490750345124
2024-12-31,1000,911,0.911,907,0.11278455038649664,0.0733468836545598,3.899795476180572e-18,0.9999999999999998,-4.298143029801821,3.694482744124495
2025-01-02,1000,905,0.905,904,0.06634606413802575,0.0533808671265539,0.0,0.9999999999999991,-4.645153798854197,3.4399411425748965
2025-01-03,1000,899,0.899,898,0.2342310503319205,0.22551758417650578,-4.6434244411463724e-17,0.9999999999999999,-5.041233813378493,3.654918864598092
2025-01-06,1000,901,0.901,900,0.2668676633007148,0.2583168597519019,5.717463745017454e-17,1.0000000000000002,-4.6343189326901175,3.539109100948524
2025-01-07,1000,902,0.902,901,0.20119137307246493,0.19081184418974995,-9.846767402440414e-18,0.9999999999999994,-4.498544672597731,3.4111504718905246
2025-01-08,1000,901,0.901,900,0.20761928159023207,0.2181771105065078,3.943078444839624e-18,0.9999999999999993,-4.395424182286156,3.5133724798112427
2025-01-09,1000,902,0.902,900,0.17214636717527554,0.17729717405387754,7.87741392195233e-18,1.0000000000000004,-4.80010973129799,3.5142430971959127
2025-01-10,1000,897,0.897,895,0.050846389747136324,0.06432868459495676,2.1783640171017563e-17,0.9999999999999993,-4.0982663601327864,3.1640365055171285
2025-01-13,1000,896,0.896,894,-0.030993071332883104,-0.013248559032148097,0.0,1.0000000000000004,-4.167618453026891,3.738704377770351
2025-01-14,1000,901,0.901,899,-0.06126368486616228,0.007825168129268999,3.943078444839624e-18,1.0000000000000007,-4.2503575940307945,3.261168580450582
2025-01-15,1000,901,0.901,898,-0.03845907522485721,-0.018700424308156244,1.182923533451887e-17,1.0,-4.864036124915396,3.793986984955495
2025-01-16,1000,901,0.901,899,-0.05688717526623819,-0.024279110201098707,-3.844501483718633e-17,1.0,-4.412445562661526,3.498070058511983
2025-01-17,1000,901,0.901,898,-0.003972460423218095,-0.014096105802066897,7.886156889679247e-17,1.0000000000000004,-4.590295745603887,3.69303035201069
2025-01-20,1000,902,0.902,899,-0.036067077708803436,-0.05055775831134412,-7.877413921952331e-17,1.0000000000000007,-4.687133820384385,3.1672449469579833
2025-01-21,1000,901,0.901,898,0.0806291735877745,0.0943866258644494,7.886156889679247e-18,1.0000000000000013,-4.19974372767321,2.641996916281307
2025-01-22,1000,895,0.895,893,0.1385528030960971,0.17859964222569025,-9.923781225699724e-18,0.9999999999999998,-4.351196866340242,2.9343432879111235
2025-01-23,1000,895,0.895,893,0.1582689206819975,0.13688660304480438,7.939024980559778e-18,1.0000000000000002,-4.119411286246288,3.347949366799581
2025-01-24,1000,895,0.895,893,0.14856382914785624,0.14115774687004395,0.0,1.0,-3.622834424839651,3.2324861394427282
2025-01-27,1000,899,0.899,897,0.155344918452162,0.19948231250328138,-3.161480470567743e-17,1.0000000000000002,-4.42604483297617,3.549653568149688
2025-02-05,1000,900,0.9,897,-0.09635071481462539,0.0060175385031728664,1.578983857244667e-17,0.9999999999999997,-4.69432272943615,4.055215678594508
2025-02-06,1000,900,0.9,899,-0.19157889626639268,-0.1254644186318563,-4.342205607422835e-17,1.0,-5.010321436088515,4.393526722134552
2025-02-07,1000,904,0.904,903,-0.19966360521565196,-0.10819641892772824,3.929993007522678e-18,0.9999999999999992,-5.748364204779897,4.364815990900754
2025-02-10,1000,905,0.905,905,-0.13055250936562832,-0.04190685893586029,-4.71078056857525e-17,0.999999999999999,-5.504129426816151,4.170676790108821
2025-02-11,1000,904,0.904,904,-0.1412638279556012,-0.049808640951800105,1.5719972030090712e-17,0.9999999999999999,-5.709320086744787,3.868216411657036
2025-02-12,1000,905,0.905,905,-0.011676902744101901,0.01507806043227951,5.888475710719062e-18,1.0000000000000002,-5.241866401343338,2.712520421649001
2025-02-13,1000,905,0.905,905,0.0016921556371580645,0.006963008657804643,-5.888475710719062e-18,1.0,-5.7498685798595695,2.659454721997467
2025-02-14,1000,905,0.905,902,0.037167776611468945,0.023657272073240428,-1.4721189276797655e-17,1.0000000000000009,-5.280602726960644,3.0418561410949247
2025-02-17,1000,906,0.906,904,0.03451916025816483,0.04406968600535059,-1.9606587631349343e-18,1.0000000000000004,-4.8323351065330895,3.282365810833413
2025-02-18,1000,904,0.904,901,0.06744139176277081,0.06250000717770435,3.929993007522678e-17,0.9999999999999997,-4.622447186599461,3.220639035444618
2025-02-19,1000,904,0.904,901,0.09614281765958489,0.05008889792961024,-1.1789979022568034e-17,0.9999999999999994,-4.747730488660177,2.632806634999335
2025-02-20,1000,905,0.905,902,0.11895225542679772,0.12936995264845128,3.9256504738127085e-18,1.0,-4.49731007139672,2.914642477409056
2025-02-21,1000,907,0.907,904,0.19059261938578526,0.18745466243274758,-1.5667976532747524e-17,1.0000000000000002,-4.330280299340058,2.332328649588995
2025-02-24,1000,906,0.906,902,0.0736760494481193,0.07622290365909017,-7.842635052539737e-18,1.0000000000000002,-4.811070690841031,2.3705099711791733
2025-02-25,1000,904,0.904,901,0.18205549045830638,0.19867176477194676,4.7159916090272136e-17,1.0000000000000002,-4.643262876501998,2.6879387120651423
2025-02-26,1000,907,0.907,905,0.10260475320427308,0.06838966106546927,-7.833988266373762e-18,0.9999999999999997,-4.194204471047213,2.8552772533707733
2025-02-27,1000,908,0.908,905,0.09969004554799933,0.0650707368653723,-7.825360525992294e-18,0.9999999999999996,-4.8512143708384565,2.6433149127602893
2025-02-28,1000,905,0.905,904,0.028838397329675216,-0.03920554307120746,3.9256504738127085e-18,1.0000000000000007,-5.2060692043459795,3.624516092465531
2025-03-03,1000,906,0.906,904,0.05730021401933856,0.02161874267928436,6.8623056709722704e-18,1.0,-4.48832164713683,4.070181458866648
2025-03-04,1000,906,0.906,904,-0.02032606671646278,-0.04091997506526889,-1.1763952578809606e-17,1.0000000000000009,-4.0675199385860275,3.3412421522092446
2025-03-05,1000,906,0.906,903,0.005470811908858135,-0.01722892253848963,1.3724611341944541e-17,0.9999999999999998,-4.674280021772534,3.273056740152598
2025-03-06,1000,907,0.907,904,0.08009952570372585,0.04634934064331058,-7.833988266373762e-18,0.9999999999999991,-4.323330640609969,2.926480899293572
2025-03-07,1000,905,0.905,902,0.1288053649842051,0.06791593441834853,0.0,1.0000000000000007,-5.177662589182,2.943793384103161
2025-03-10,1000,906,0.906,904,0.13221636303439163,0.07375915638495027,1.5685270105079474e-17,1.000000000000001,-4.753552812765191,3.1063029223307144
2025-03-11,1000,906,0.906,904,0.11023544460104064,0.00862016108003955,-3.9213175262698686e-18,1.0,-5.046775085439519,2.1430689021557807
2025-03-12,1000,906,0.906,904,0.07473861836831701,0.007022331269106609,1.3724611341944541e-17,0.9999999999999999,-4.420655764126277,2.3107902773294535
2025-03-13,1000,905,0.905,903,-0.007748496507241343,-0.0337245114600378,-1.962825236906354e-17,1.0,-4.176162112776362,2.789803300888628
2025-03-14,1000,906,0.906,902,-0.03007057253769896,-0.053560629532997756,7.842635052539737e-18,0.9999999999999997,-4.083309454730318,3.024281706649494
2025-03-17,1000,906,0.906,905,-0.006775154167160104,-0.061500620721296896,-1.5685270105079474e-17,0.9999999999999997,-4.130094645955217,2.4938801067936933
2025-03-18,1000,906,0.906,904,0.022469540643556427,-0.014315383115526823,0.0,0.9999999999999999,-4.01625411854869,2.946024905541957
2025-03-19,1000,905,0.905,904,-0.017887408943717494,-0.06457715332672263,1.5702601895250834e-17,1.0000000000000007,-4.0512127022133795,2.8701471471093556
2025-03-20,1000,905,0.905,903,0.08402957961657699,0.02846567981462481,-4.907063092265885e-18,1.0000000000000002,-4.469713618517092,3.809728793920582
2025-03-21,1000,904,0.904,901,0.04688311637074899,-0.008818254861840522,-2.3088708919195732e-17,1.0000000000000004,-4.58374258666378,3.4686239594652126
2025-03-24,1000,903,0.903,900,0.027054870593924998,0.014694331563527235,-2.3606070955485057e-17,1.000000000000001,-4.711780985395774,3.186280027708234
2025-03-25,1000,904,0.904,901,0.0036487756666548497,-0.012241504022770848,-1.1003980421063498e-16,0.9999999999999998,-5.017447792640057,3.537919494524593
2025-03-26,1000,904,0.904,902,-0.03430990079737553,-0.05758871361550435,1.5719972030090712e-17,0.9999999999999993,-4.435165441212925,3.82942034082603
2025-03-27,1000,904,0.904,903,-0.07976933245086022,-0.07723899816862514,-5.894989511284018e-17,1.0000000000000002,-3.4105168268659685,3.881029293287274
2025-03-28,1000,903,0.903,902,-0.03170591371431029,-0.015763871632479703,-6.294952254796015e-17,1.0000000000000004,-4.095736064269366,4.354279514227757
2025-03-31,1000,900,0.9,897,-0.0776292612778684,-0.09522120415600648,5.921189464667502e-18,1.0000000000000002,-3.9843481259783307,3.523698036236975
2025-04-01,1000,900,0.9,898,-0.008424639480602914,-0.02718247299185171,1.1842378929335004e-17,1.0000000000000002,-4.5569941430598115,2.9555665991454076
2025-04-02,1000,901,0.901,899,0.004774990731527934,0.01798541395842595,9.857696112099059e-18,1.0,-4.427629710846433,2.7559966699978324
2025-04-03,1000,901,0.901,899,0.011758717170198552,0.0242008376024829,1.9715392224198118e-17,1.0000000000000002,-3.987375546994257,3.341204924206772
2025-04-07,1000,894,0.894,892,0.1301761936567899,0.10029368434725705,-3.9739526608506724e-17,1.0000000000000007,-4.910449607011467,3.6883117672876424
2025-04-08,1000,892,0.892,890,0.34234559656529817,0.34685358042729164,-1.5931451474441708e-17,1.0000000000000002,-4.8262149688832485,4.072272122779545
2025-04-09,1000,894,0.894,891,0.2768552521446175,0.303174632600452,2.3843715965104033e-17,1.0000000000000002,-4.571278420924717,3.8145465956485167
2025-04-10,1000,897,0.897,894,0.3284303547080258,0.3285437824667392,-7.921323698551842e-17,1.0,-4.9880112178072125,3.7273472614818286
2025-04-11,1000,897,0.897,894,0.24372513400342358,0.2798185658410637,-1.9803309246379605e-17,1.0000000000000002,-5.021132469620402,3.302720727395613
2025-04-14,1000,900,0.9,897,0.19063933280342638,0.22311829559314722,1.1842378929335004e-17,1.0000000000000013,-4.308653067347255,3.396994857021195
2025-04-15,1000,900,0.9,897,0.01809068559808344,-0.022331732115749108,3.947459643111668e-18,0.9999999999999997,-4.416928540675191,3.5832235052125503
2025-04-16,1000,899,0.899,896,0.038850611785943574,-0.022136689941091654,1.5807402352838714e-17,1.0,-4.209411799525897,3.3048396574145857
2025-04-17,1000,902,0.902,899,0.04895781270917251,0.046715512878827775,1.575482784390466e-17,0.999999999999999,-4.444012867158751,2.8175455869833694
2025-04-18,1000,903,0.903,899,0.05603777083419533,0.018209080795453286,1.1803035477742528e-17,0.9999999999999993,-4.510233873849463,3.2775883583648127
2025-04-21,1000,901,0.901,897,0.022682295013489957,0.0047037180338660774,7.886156889679247e-18,1.0,-4.483300884965795,2.988847828907092
2025-04-22,1000,900,0.9,897,-0.024064295248039706,-0.011704580190522743,-7.894919286223335e-18,1.0000000000000018,-4.202419096877898,3.048688933905174
2025-04-23,1000,899,0.899,896,-0.15192045279586167,-0.13921591112672868,-7.903701176419357e-17,0.9999999999999996,-4.020217252986407,3.1911517967858574
2025-04-24,1000,900,0.9,897,-0.07902509074439056,-0.06899343538828269,0.0,0.9999999999999993,-4.456787425544411,3.2441658237514064
2025-04-25,1000,901,0.901,898,-0.07642188909057504,-0.05442615284894634,7.886156889679247e-18,0.9999999999999997,-4.013465173327021,3.5585494448829538
2025-04-28,1000,899,0.899,897,-0.042649175063932454,-0.022206136407428308,-1.1855551764629036e-17,0.9999999999999999,-3.8074620679181836,3.3365047454138783
2025-04-29,1000,902,0.902,898,0.04356662823033928,0.043691405922397536,-9.846767402440414e-18,1.0000000000000002,-3.7597832103371807,3.6946486030198535
2025-04-30,1000,899,0.899,897,0.06953181347747608,0.06908601913429589,-1.9759252941048392e-18,0.9999999999999997,-3.6361522977007654,3.237403444293081
2025-05-06,1000,898,0.898,896,0.10158836623430151,0.056032395734099065,-2.2748445047998753e-17,0.9999999999999983,-3.7527312393666397,3.463878467985485
2025-05-07,1000,901,0.901,898,0.04415393272498717,0.011804222874975755,2.9573088336297176e-18,0.9999999999999996,-3.7926369646223015,3.232479875771913
2025-05-08,1000,903,0.903,900,0.07266761902306879,-0.00969883018127472,-1.9671725796237546e-18,1.0000000000000002,-4.312323297907437,3.534242768032898
2025-05-09,1000,901,0.901,900,0.05137013115925844,-0.006309852346133346,0.0,1.0000000000000007,-4.222851642161878,2.796220048866766
2025-05-12,1000,901,0.901,900,0.028306914185637147,-0.0283059831967891,1.182923533451887e-17,0.9999999999999993,-4.2790805935451415,2.9099121611908836
2025-05-13,1000,900,0.9,900,0.02214686433241455,-0.03614948987415871,1.1842378929335004e-17,0.9999999999999991,-4.453282035459122,3.113075708564244
2025-05-14,1000,901,0.901,901,-0.009004972395188333,-0.03667399239580967,-1.5772313779358495e-17,0.9999999999999997,-4.453566573031028,2.7618060441546795
2025-05-15,1000,900,0.9,900,-0.052488307086007956,-0.07433448502621295,4.7369515717340015e-17,1.000000000000001,-5.514362562655218,2.9421396668197035
2025-05-16,1000,900,0.9,899,-0.017468715023072467,-0.007870224726322402,-7.894919286223335e-18,0.9999999999999991,-4.481914811993296,2.6647209077856555
2025-05-19,1000,901,0.901,901,0.0066584517800002746,-0.033455053646380226,3.5487706003556616e-17,0.9999999999999999,-5.26547166984585,2.878495883715736
2025-05-20,1000,900,0.9,900,-0.028992903558400583,-0.08142920605031714,-2.3684757858670008e-17,0.9999999999999998,-4.55766122540374,3.0858875191102166
2025-05-21,1000,900,0.9,900,0.02929526055937134,-0.03838402348612001,-3.3553406966449176e-17,1.0,-4.532231036377378,3.4144827200888708
2025-05-22,1000,900,0.9,900,0.028687331588834825,-0.007388231981985479,-7.894919286223335e-18,0.9999999999999999,-4.62181041506917,2.795555981964808
2025-05-23,1000,900,0.9,899,-0.0188000451509595,-0.005381092656742335,1.973729821555834e-17,0.9999999999999997,-4.591925148361818,2.5732665663805867
2025-05-26,1000,899,0.899,899,-0.017804807391652928,0.024684040249146184,1.7783327646943553e-17,0.9999999999999997,-4.918127553458029,2.836938119839311
2025-05-27,1000,899,0.899,899,0.06204497440212264,0.06853111300012701,0.0,1.0000000000000007,-4.78140438115229,2.7692584065708603
2025-05-28,1000,899,0.899,899,0.05311438012442964,0.09287115381173247,-5.927775882314518e-18,0.9999999999999996,-5.154542982643934,2.8796405769503246
2025-05-29,1000,901,0.901,901,-0.0735735134799046,-0.024980440861820007,-2.365847066903774e-17,1.0,-4.937924083143679,2.7413522957550196
2025-05-30,1000,900,0.9,900,-0.05817120747191865,0.028786126310329813,3.947459643111668e-17,1.0,-5.549515179199945,3.0439864307659468
2025-06-03,1000,901,0.901,901,-0.07498249464940752,-0.0010248693084913833,-1.7743853001778308e-17,0.9999999999999992,-5.043206629572922,3.064936050146937
2025-06-04,1000,902,0.902,901,-0.09536131420197644,-0.006070810827560632,1.1816120882928495e-17,1.0000000000000002,-4.863751155924381,3.250728310568918
2025-06-05,1000,900,0.9,899,-0.1480027518405281,-0.054893101186659785,1.7763568394002505e-17,0.9999999999999999,-4.723073277265824,2.9952177717577326
2025-06-06,1000,900,0.9,899,-0.09384386592234939,-0.026236842185343712,-3.947459643111668e-18,1.0000000000000007,-4.131764505571008,3.36209468262421
2025-06-09,1000,903,0.903,903,-0.0901940904406042,-0.039111526470609205,5.704800480908888e-17,0.9999999999999996,-4.726622010811254,2.724986613688197
2025-06-10,1000,901,0.901,901,-0.023920715588649,-0.005416451576501487,-2.365847066903774e-17,0.9999999999999997,-4.766713445048111,3.021820753841711
2025-06-11,1000,902,0.902,902,-0.05006967933663071,-0.01377634292561539,1.2800797623172536e-17,1.0000000000000002,-5.2870546024273315,2.7011545585816528
2025-06-12,1000,902,0.902,902,-0.0018378308572958488,3.98408491750377e-05,4.332577657073782e-17,1.0000000000000009,-5.468416943037863,2.8509472911208498
2025-06-13,1000,898,0.898,898,0.024695079226050392,0.07979151762033648,5.934376969043153e-18,0.9999999999999997,-4.666450724248115,2.6893550995803266
2025-06-16,1000,900,0.9,900,0.018583754727089067,0.014447947151922729,0.0,1.0000000000000009,-4.574261716311239,2.782316731557165
2025-06-17,1000,901,0.901,901,0.0017336506257732587,0.06330140743102562,7.886156889679247e-18,0.9999999999999989,-4.632814494821472,3.138980687942222
2025-06-18,1000,901,0.901,901,-0.024026340948864442,0.056866621854009224,0.0,0.9999999999999991,-5.521664251627624,2.9130600736290257
2025-06-19,1000,901,0.901,900,0.04553255721012992,0.12079976280135228,-4.1402323670816046e-17,0.999999999999999,-5.0708472277417425,3.292916901888075
2025-06-20,1000,901,0.901,901,0.04124807963394781,0.11499332094243077,-9.857696112099059e-18,1.0000000000000002,-4.270476188503109,4.011310871470015
2025-06-23,1000,901,0.901,900,0.08226532251531715,0.10717627443935679,1.182923533451887e-17,1.0000000000000007,-4.711774515546901,3.5170652378763974
2025-06-24,1000,902,0.902,901,0.0964896543888348,0.11001047760045049,0.0,1.0000000000000004,-5.046628144766039,3.2395316047436817
2025-06-25,1000,902,0.902,901,0.11926513389645346,0.11509282299533181,1.9693534804880827e-17,1.0000000000000007,-4.463799110713692,3.770240369931783
2025-06-26,1000,903,0.903,902,0.08216307389498943,0.06163111174760903,3.1474761273980073e-17,1.0000000000000007,-5.367099516681468,3.110846419542388
2025-06-27,1000,904,0.904,903,0.0689941348787725,0.03710551406613571,1.964996503761339e-17,0.9999999999999998,-5.816024430548148,2.8265928685351485
2025-06-30,1000,906,0.906,906,0.004845507692872492,-0.02612975686423974,-4.705581031523842e-17,1.0000000000000004,-5.289729604900729,2.380168374767538
2025-07-01,1000,906,0.906,906,-0.033603359083619534,-0.007416701204199917,1.5685270105079474e-17,1.0000000000000013,-5.2496147065118945,2.3260944238749017
2025-07-02,1000,908,0.908,908,-0.02327142832722482,-0.03984010144656954,1.2716210854737476e-17,1.0,-4.838836886468291,2.772746158859664
2025-07-03,1000,907,0.907,907,-0.04202584994860304,-0.0517179570947101,-1.9584970665934405e-18,1.0000000000000004,-4.23358905063212,3.014098148419269
2025-07-04,1000,907,0.907,904,-0.05564082356840379,-0.023027181243907704,2.3501964799121286e-17,1.0000000000000002,-5.101326132125723,2.930837787951423
2025-07-07,1000,905,0.905,903,-0.05521626703752105,0.024033689708345376,-9.81412618453177e-18,1.0000000000000002,-4.8457550212647895,2.660727120771869
2025-07-08,1000,910,0.91,907,-0.024869196079639482,-0.024056253298871257,6.832141690000964e-18,0.9999999999999997,-5.239068243121998,2.63439655264645
2025-07-09,1000,911,0.911,908,0.006624092432406951,0.07054270295552094,3.899795476180572e-18,0.9999999999999991,-5.0785122106156315,2.2942740621082045
2025-07-10,1000,914,0.914,911,0.025633562298130873,0.10319131371216578,3.8869952722106136e-18,1.0000000000000013,-5.146073104400877,2.1034717447312348
2025-07-11,1000,917,0.917,915,-0.0022526148913217595,0.03297960959844681,5.8114182314075805e-18,1.0000000000000004,-5.089593732916714,2.4304805580245894
2025-07-14,1000,915,0.915,913,-0.10008768621611114,-0.050404370978287705,-1.9413735949729513e-17,0.9999999999999998,-4.297081650011645,2.721222035702252
2025-07-15,1000,916,0.916,913,-0.09393289134850193,-0.04625645417441706,1.5514033531879916e-17,0.9999999999999996,-4.21665366272794,2.744109469535984
2025-07-16,1000,915,0.915,912,-0.15711234576067465,-0.09002234729328175,7.765494379891805e-18,0.9999999999999994,-3.9400405316789717,3.3447632203994333
2025-07-17,1000,916,0.916,912,-0.16925480094946657,-0.09196406447556131,-1.3574779340394926e-17,1.0000000000000004,-4.6486165145866085,2.488506353718004
2025-07-18,1000,916,0.916,914,-0.20297510500823007,-0.15656812456025643,7.757016765939958e-18,1.0000000000000002,-4.286872844938142,2.9219187878545854
2025-07-21,1000,916,0.916,914,-0.17945335103346338,-0.09086611430654849,8.144867604236957e-17,1.0,-4.535111985057686,2.7903376651069642
2025-07-22,1000,916,0.916,915,-0.04522198173981896,0.05622562957371481,0.0,0.9999999999999998,-5.744314064994994,3.5922930272571945
2025-07-23,1000,915,0.915,914,-0.03037230569266463,0.037773439163230185,4.853433987432378e-18,0.9999999999999996,-5.767162931076105,2.622277424313504
2025-07-24,1000,917,0.917,916,0.047176706547703354,0.10123296711134339,-7.748557641876774e-18,1.0,-6.174198573842195,2.5898978076664387
2025-07-25,1000,917,0.917,915,0.006928587234327887,0.030800990207747122,-3.874278820938387e-18,0.9999999999999996,-4.880199464281673,2.6496160275401346
2025-07-28,1000,916,0.916,915,-0.02629593185490882,-0.0004820537597048709,5.8177625744549685e-18,1.0000000000000002,-4.9944574666357004,2.5118557964275205
2025-07-29,1000,917,0.917,915,-0.003566423066164119,0.018516172168947503,0.0,1.0000000000000002,-5.51473185340148,2.9970093658020542
2025-07-30,1000,916,0.916,915,0.0021943232038488486,0.04026934699614081,1.9392541914849895e-18,1.0000000000000002,-5.320434534877011,2.2111713604946783
2025-07-31,1000,913,0.913,912,-0.07804666533053733,0.006407874054867467,0.0,0.9999999999999998,-5.439384446888372,2.782812468543148
2025-08-01,1000,914,0.914,911,-0.04768431687948263,0.0029061861636559827,-2.7208966905474295e-17,1.0000000000000002,-5.2288697973096365,2.548082142863751
2025-08-04,1000,910,0.91,909,-0.01045699324250394,0.01775638187887709,1.1712242897144509e-17,0.9999999999999996,-5.152621747190087,2.7063564564626303
2025-08-05,1000,913,0.913,912,0.005384492848560398,0.04262450707337732,-1.3619384310845294e-17,1.0000000000000007,-4.353599120140269,3.518953727984575
2025-08-06,1000,912,0.912,911,-0.056893133887062124,0.01467427432575693,-4.0902953538821554e-17,0.9999999999999997,-4.264218716387267,2.6140349757901533
2025-08-07,1000,911,0.911,910,0.0644190260988132,0.059812136250235265,1.949897738090286e-18,1.0000000000000007,-5.186216866612066,2.8246616129958726
2025-08-08,1000,911,0.911,910,0.02550414665519416,0.04872784958861624,0.0,1.000000000000001,-5.283923400422665,3.2358967474834364
2025-08-11,1000,911,0.911,910,0.020132333475423474,0.0028246035087114603,-1.5599181904722288e-17,1.0000000000000002,-5.58288965609947,2.468225702211207
2025-08-12,1000,911,0.911,909,0.06039597862901556,0.0658433818127458,3.899795476180572e-18,1.0000000000000009,-5.089716760745213,2.3677419453399082
2025-08-13,1000,910,0.91,910,0.05730624317608462,0.03635744923278389,0.0,1.0,-5.411323038648001,2.0341095962493703
2025-08-14,1000,907,0.907,907,0.022237211253021333,0.0016667423828473516,-1.5667976532747524e-17,1.0000000000000002,-4.921960190275768,2.5152710634665145
2025-08-15,1000,908,0.908,907,0.037100556692528784,0.0004054940381275298,3.423595230121628e-17,1.0000000000000007,-4.543352530545273,2.7070084138283446
2025-08-18,1000,913,0.913,912,0.0461218781828564,0.056366356619576834,-2.7238768621690587e-17,1.0,-4.784983395770563,2.430100891873146
2025-08-19,1000,913,0.913,912,0.007675716453661023,0.06598871574648683,1.9456263301207562e-18,1.0,-4.669367970054179,2.5790089267859355
2025-08-20,1000,913,0.913,912,0.023531894676688953,0.05321095272423349,0.0,0.9999999999999998,-4.284978439355456,2.924835750334369
2025-08-21,1000,913,0.913,912,-0.014618802980559873,-0.018889968484302067,-3.8912526602415124e-18,1.0000000000000002,-4.401283421836791,2.8275955759551032
2025-08-22,1000,913,0.913,909,0.018034421229774562,0.033638098678589155,1.9456263301207562e-18,1.0000000000000007,-4.386114607833065,2.743155623233904
2025-08-25,1000,914,0.914,913,-0.058488786095013776,-0.030385160519358946,2.7208966905474295e-17,0.9999999999999993,-4.304075722827828,2.624494507842542
2025-08-26,1000,913,0.913,912,-0.043225258861579005,-0.06126538710121703,3.015720811687172e-17,0.999999999999999,-4.110867420318741,3.8753497671233754
2025-08-27,1000,913,0.913,911,-0.0653042907188894,-0.07943321928413687,3.8912526602415124e-18,0.9999999999999996,-4.587010892123789,2.631912771285022
2025-08-28,1000,912,0.912,910,-0.08239011730461465,-0.054491160626302756,-1.0517902338554114e-16,1.000000000000001,-5.5651330917994875,3.1385357783868613
2025-08-29,1000,912,0.912,909,-0.07863557190691657,-0.06630263258059915,1.1686558153949016e-17,1.0000000000000004,-4.553551442001527,2.522601730390608
2025-09-01,1000,912,0.912,909,-0.09262713419426366,-0.07078915559107053,-1.5582077538598687e-17,1.0000000000000002,-4.246008709965987,2.460741656447522
2025-09-02,1000,909,0.909,905,-0.09787957010418115,-0.06733957137691914,3.908375884268978e-17,1.0,-4.76255101371084,2.1987141897015117
2025-09-03,1000,908,0.908,904,-0.11715798205390644,-0.06762078885983869,4.303948289295761e-17,0.9999999999999996,-5.288952859627853,2.7803665386115664
2025-09-04,1000,908,0.908,905,-0.05085330520336119,0.021363905725417836,-1.9563401314980733e-17,1.0,-5.095151866361036,3.751141317212201
2025-09-05,1000,909,0.909,907,-0.03794474925222894,0.042317385388121145,4.885469855336223e-18,0.9999999999999999,-4.507639767302215,4.309253360694615
2025-09-08,1000,911,0.911,909,-0.015879676584190518,0.046478280212795965,-1.949897738090286e-18,1.0,-4.437870506670401,4.300783469030464
2025-09-09,1000,911,0.911,909,0.000858134024659994,0.06750602340991547,0.0,1.000000000000001,-4.561521835923213,4.034136464764217
2025-09-10,1000,912,0.912,912,0.06574441354458437,0.09331660720252695,-2.7268635692547703e-17,0.9999999999999996,-5.332929773409401,3.2802463702516844
2025-09-11,1000,913,0.913,913,-0.007371935218949385,0.036445522968380224,-3.8912526602415124e-18,1.0000000000000002,-4.551023215219115,2.589198023201939
2025-09-12,1000,913,0.913,912,-0.018323639108882604,0.021133948233399702,0.0,1.0000000000000007,-4.150372922416395,2.3684570812089647
2025-09-15,1000,914,0.914,914,0.034271023083245866,0.03249986381067151,4.858744090263267e-17,1.0000000000000007,-5.092079512773538,2.4430898602881332
2025-09-16,1000,918,0.918,918,0.09268859155357713,0.1221855372296738,2.709040931547223e-17,1.0000000000000004,-4.939761320591999,2.4177791228416243
2025-09-17,1000,918,0.918,918,0.13283959745710533,0.14492991162669253,7.74011694727778e-18,0.9999999999999991,-5.127784103356567,2.293315342541892
2025-09-18,1000,918,0.918,917,0.10036535090765447,0.10087279987509698,4.644070168366668e-17,0.9999999999999999,-5.3346523283346725,2.355722361982431
2025-09-19,1000,915,0.915,912,0.0519422594618929,0.08459762609875437,7.765494379891805e-18,1.0,-4.563053430243298,2.8446185895311515
2025-09-22,1000,912,0.912,911,0.09268587479080528,0.0835009410639532,-2.1425356615573195e-17,1.0000000000000004,-4.229765235068485,3.145630766889467
2025-09-23,1000,911,0.911,910,0.07744586265526006,0.0852315612453162,7.799590952361144e-18,1.0000000000000002,-4.229873720024213,3.0882715138352057
2025-09-24,1000,912,0.912,910,0.04766780085501426,0.005907456060186854,-4.4798472923471226e-17,0.9999999999999993,-3.8392128371374534,2.988686174008203
2025-09-25,1000,909,0.909,908,0.04616203596786411,0.049897847600490736,3.908375884268978e-18,1.0000000000000002,-3.932547756428966,3.445979173362037
2025-09-26,1000,909,0.909,906,0.07192564449092298,0.06274048993123625,-7.816751768537955e-18,1.0000000000000002,-4.146103838759514,3.1013485319735623
2025-09-29,1000,907,0.907,906,0.01681036678105544,-0.005339329811802041,-3.916994133186881e-18,0.9999999999999994,-4.017523431358697,3.4504774500348154
2025-09-30,1000,906,0.906,904,0.010594870447217996,0.03750004796874778,2.352790515761921e-17,0.9999999999999998,-4.801594930463285,3.449219304919066
2025-10-09,1000,907,0.907,906,0.013965165939065183,0.0171427559006581,4.112843839846225e-17,1.0000000000000004,-4.883937563430485,3.110564539079643
2025-10-10,1000,909,0.909,909,-0.02005650969034055,0.00573565958487545,-1.75876914792104e-17,0.9999999999999993,-5.414545565289696,3.068350991694261
2025-10-13,1000,909,0.909,909,0.08575542286996227,0.058506490933863675,1.563350353707591e-17,1.0000000000000007,-5.5051071243291565,2.4994501831139755
2025-10-14,1000,909,0.909,909,0.0780190660427884,0.030624529273186544,3.908375884268978e-18,1.0000000000000002,-5.155043319157975,2.9211270382488723
2025-10-15,1000,909,0.909,909,0.027197910350228935,-0.007292409721726237,-1.563350353707591e-17,0.9999999999999999,-4.759351567097264,3.0185712709428625
2025-10-16,1000,908,0.908,908,-0.04349774613017232,-0.06615656340286069,1.173804078898844e-17,1.0000000000000002,-3.9562486670406236,3.3965781236772155
2025-10-17,1000,908,0.908,908,-0.09620318389765999,-0.08996562006502083,1.5650721051984587e-17,0.9999999999999997,-4.456222327727044,3.1841559325975513
2025-10-20,1000,908,0.908,908,-0.14860778667937952,-0.1736676018810121,1.9563401314980734e-18,0.9999999999999997,-4.756862589484594,3.1027583938478056
2025-10-21,1000,908,0.908,908,-0.1110339272682175,-0.11245592635635498,0.0,0.9999999999999983,-4.280202234486342,3.1579415663242725
2025-10-22,1000,909,0.909,908,-0.047575896994786475,-0.08509222008996138,-1.1725127652806934e-17,1.0,-4.446801981952548,3.5811951075652635
2025-10-23,1000,909,0.909,908,-0.09961184121247747,-0.10788968604464996,-2.3450255305613868e-17,0.9999999999999997,-3.9351959542474426,3.6272506087036787
2025-10-24,1000,909,0.909,906,0.07061082221282153,0.08777014244522208,1.563350353707591e-17,0.9999999999999999,-3.5147174615475203,3.7640101241268775
2025-10-27,1000,908,0.908,906,0.08846273451926856,0.10365266508035888,1.9563401314980733e-17,0.9999999999999999,-3.924327936432334,3.0125203337540882
2025-10-28,1000,908,0.908,906,0.009848409126989466,0.055551277260221986,1.6628891117733622e-17,1.0000000000000002,-4.343518014945972,2.898701666876073
2025-10-29,1000,909,0.909,907,0.06314435860744393,0.12626872326413624,1.8564785450277646e-17,1.0000000000000002,-4.800145754288867,2.8152286700228726
2025-10-30,1000,909,0.909,907,0.06714758056116499,0.09793830092932679,3.322119501628631e-17,0.999999999999999,-4.860856414101814,2.8032962891735744
2025-10-31,1000,907,0.907,903,-0.0902924175568489,-0.032733587646773636,-1.7626473599340965e-17,1.0000000000000002,-4.230968234389754,2.3634954102656263
2025-11-03,1000,907,0.907,903,-0.018658894475874235,-0.00779211719342958,6.365115466428682e-18,1.0000000000000004,-4.058677824977297,2.632417686131967
2025-11-04,1000,907,0.907,903,-0.0212446717777682,-0.03356604566530737,-9.792485332967202e-18,1.0000000000000002,-4.21005361870142,3.0213437461788155
2025-11-05,1000,909,0.909,905,0.02049052851838522,-0.04994286204229415,-6.644239003257262e-17,1.0000000000000007,-4.431597840850577,2.566411817262993
2025-11-06,1000,909,0.909,905,0.06543167371164124,0.011668984409943612,9.23353802658546e-17,0.9999999999999996,-4.650867525533072,2.5529385824920166
2025-11-07,1000,908,0.908,905,0.07034494013996838,0.047688407524432465,1.9563401314980734e-18,1.000000000000001,-5.5312943730024395,2.9548659068712317
2025-11-10,1000,910,0.91,908,0.04130921639211458,0.047478407778604174,3.904080965714836e-18,1.0,-4.873800693047216,3.177136635475853
2025-11-11,1000,912,0.912,908,0.1081692822782191,0.10584207739095919,1.947759692324836e-17,0.9999999999999992,-5.003204572674584,3.829890861194605
2025-11-12,1000,912,0.912,908,0.1310015022439854,0.14335158678455456,-1.947759692324836e-18,0.9999999999999993,-3.958718942765262,3.4227527526900547
2025-11-13,1000,914,0.914,910,0.1251285173074623,0.14387272685739524,-4.858744090263267e-19,0.9999999999999996,-4.178910129604922,3.52293007249028
2025-11-14,1000,916,0.916,912,0.14034417221516426,0.12631339004693487,1.9392541914849895e-18,0.9999999999999989,-4.735282897879696,3.0232028452782904
2025-11-17,1000,916,0.916,913,0.16304779668673713,0.17745229797239365,-1.1635525148909937e-17,0.9999999999999998,-4.732044209849409,2.889510139536861
2025-11-18,1000,914,0.914,912,0.12970194624410084,0.14698293962288192,-7.773990544421227e-18,1.0000000000000009,-5.103752119614845,2.3831995341686265
2025-11-19,1000,912,0.912,908,0.1661943954863657,0.18560793385977364,0.0,1.0000000000000002,-4.703903036992826,2.8606555485641443
2025-11-20,1000,911,0.911,907,0.14990760146681134,0.18610247955108256,1.5599181904722288e-17,1.0,-4.675542307355577,3.358582376694075
2025-11-21,1000,911,0.911,905,0.15431423506329964,0.19135627181731316,1.949897738090286e-17,0.999999999999999,-4.448692182452443,3.3254465444706636
2025-11-24,1000,911,0.911,907,0.10602933463037487,0.10338220407175086,-2.339877285708343e-17,0.9999999999999989,-5.064276412794407,3.6344998838304816
2025-11-25,1000,910,0.91,907,0.07505260878398393,0.04810772692986542,7.808161931429672e-18,1.0000000000000007,-4.307094381495394,3.5940935505961287
2025-11-26,1000,911,0.911,910,-0.0058870239036119725,-0.020777792874804284,0.0,0.9999999999999997,-4.90689454757737,3.593200950768983
2025-11-27,1000,912,0.912,911,0.008045969212197421,-0.03572121078725823,7.791038769299344e-18,0.9999999999999992,-4.1483615259342,3.78756346019628
2025-11-28,1000,914,0.914,911,-0.09552649661505329,-0.07117316430052963,-3.8869952722106136e-17,0.9999999999999998,-3.998239906365689,3.1439545884868356
2025-12-01,1000,912,0.912,909,-0.08583886342354023,-0.07445370329670249,0.0,0.9999999999999994,-4.757100060239724,2.232497163205724
2025-12-02,1000,911,0.911,909,-0.08576085094844499,-0.022187238684259036,-7.799590952361144e-18,1.0000000000000002,-4.797936538635811,2.1823126825422134
2025-12-03,1000,912,0.912,910,-0.04042876803220718,0.03205992965976612,2.921639538487254e-18,0.9999999999999996,-4.443712820352794,2.7442877941496455
2025-12-04,1000,910,0.91,908,-0.03311969364887959,0.0590561301244054,1.1712242897144509e-17,1.0,-4.661267798080216,2.7336624238457445
2025-12-05,1000,911,0.911,909,-0.009941678979802053,0.012189492702938499,-3.899795476180572e-18,0.9999999999999988,-4.615237331613463,3.3289173632367857
2025-12-08,1000,911,0.911,909,-0.13231887080277172,-0.06776403317196068,3.4123210416580004e-18,0.9999999999999997,-4.797399369426523,3.0198557619878845
2025-12-09,1000,909,0.909,906,-0.09529980102404126,-0.057855730491839744,-1.75876914792104e-17,1.0,-4.773485982848351,2.7816746492115176
2025-12-10,1000,911,0.911,909,-0.08228915435441553,-0.013782051896545928,-4.874744345225715e-18,0.9999999999999993,-4.897478821855009,2.793371213938593
2025-12-11,1000,909,0.909,905,-0.10411181860035214,0.014327569954212615,-1.3679315594941422e-17,1.0000000000000004,-4.550109986446103,3.4584306653323473
2025-12-12,1000,909,0.909,903,-0.08552620439091937,0.03885931070106082,5.471726237976569e-17,1.0,-4.848633607210535,3.5646245466452124
2025-12-15,1000,908,0.908,904,-0.026191749645109542,0.07950317522475692,-2.347608157797688e-17,0.999999999999999,-4.865416286480777,3.161705388155809
2025-12-16,1000,908,0.908,904,0.03327220441264805,0.10339196789007812,1.3694380920486513e-17,0.9999999999999999,-4.309097254616839,3.5605542477055714
2025-12-17,1000,908,0.908,903,-0.03205721846866202,0.04072941476419756,7.825360525992294e-18,1.0,-3.672318686935674,4.084774651269031
2025-12-18,1000,906,0.906,903,-0.041841499649154325,-0.031108569421382737,2.352790515761921e-17,1.0,-3.5181194948709997,4.395564810471316
2025-12-19,1000,905,0.905,902,-0.03514731802104727,-0.013488340829002311,-1.2758364039891302e-17,1.0,-3.7674429197807915,3.389472049024813
2025-12-22,1000,904,0.904,902,-0.10908813063351724,-0.07017896725876788,-6.8774877631646864e-18,0.9999999999999988,-4.272677860532448,2.922813605401367
2025-12-23,1000,904,0.904,903,-0.06030378999048493,-0.0610732722200374,-1.1789979022568034e-17,0.9999999999999999,-4.056507112400759,2.8923251902994562
2025-12-24,1000,904,0.904,903,-0.034175628641120684,-0.005143828743118048,7.859986015045356e-18,1.0000000000000002,-4.420237090864952,2.4825794913050667
2025-12-25,1000,903,0.903,903,0.04564862521985837,0.04654869200499819,7.868690318495018e-18,1.0000000000000004,-4.924945890776747,2.701721238763778
2025-12-26,1000,903,0.903,902,0.014224490283717117,0.06491026475558467,0.0,1.0000000000000002,-5.090336612495127,2.3374742464179774
2025-12-29,1000,903,0.903,902,0.0221495395633847,0.08204228230064527,0.0,1.0000000000000009,-5.123875092359408,2.8558901866102575
2025-12-30,1000,902,0.902,902,0.0759866261219246,0.07770104737205488,1.9693534804880826e-18,0.9999999999999991,-5.087879191495249,2.8478380387769797
2025-12-31,1000,902,0.902,901,0.08954938280945607,0.05490314170757996,-1.2800797623172536e-17,1.0000000000000004,-5.628067190158345,3.1644385013545695
2026-01-05,1000,902,0.902,901,-0.07706066101208132,-0.05177396227793991,3.2001994057931344e-17,0.9999999999999998,-4.601999994172692,3.1526885097173114
2026-01-06,1000,903,0.903,902,-0.04090880964717568,-0.070010258875921,-7.868690318495018e-18,0.9999999999999999,-4.630271199872478,3.3663345011641197
2026-01-07,1000,904,0.904,903,0.003794030822410242,-0.04932555862180457,-3.929993007522678e-18,0.9999999999999999,-4.345037915930305,2.9124869603917922
2026-01-08,1000,906,0.906,904,0.0709678494685929,-0.007778891487333963,-7.842635052539737e-18,1.0000000000000002,-5.384934014595048,2.401013020930026
2026-01-09,1000,906,0.906,903,0.07656018120166029,0.005652250702177893,-3.9213175262698686e-18,1.0000000000000002,-5.133924157845242,2.5754065228648777
2026-01-12,1000,906,0.906,902,0.15988256594556388,0.10212017436680636,5.881976289404803e-18,1.0000000000000007,-5.744057278603147,2.876601338657459
2026-01-13,1000,905,0.905,903,0.12009591002993278,0.03040201389120359,1.4721189276797655e-17,0.9999999999999997,-5.993794718820336,2.7583794158369863
2026-01-14,1000,904,0.904,903,0.13127189429803351,0.03762166972452215,3.53699370677041e-17,0.9999999999999992,-5.386384259114414,2.5109707981200824
2026-01-15,1000,903,0.903,902,-0.024951955658013277,-0.03188339903415006,-1.1803035477742528e-17,1.0000000000000002,-5.3058333017447845,3.098049259214145
2026-01-16,1000,901,0.901,900,-0.07100021878434737,-0.05857320515251611,-9.857696112099059e-18,1.0000000000000007,-4.210127388641916,3.2983423510485212
2026-01-19,1000,902,0.902,900,-0.11330604653331104,-0.13313368972337788,2.954030220732124e-18,0.9999999999999998,-4.592022775484235,4.153800656186657
2026-01-20,1000,904,0.904,902,-0.055645955592428215,-0.04812587707820893,2.7509951052658746e-17,1.0000000000000009,-4.256527423072225,4.626892964906471
2026-01-21,1000,903,0.903,901,-0.05997013040200338,-0.06023469901724787,-1.5737380636990037e-17,0.9999999999999998,-4.9215466476320495,4.358396121367788
2026-01-22,1000,904,0.904,900,-0.07967047851206839,-0.09249502929419304,6.8774877631646864e-18,0.9999999999999991,-4.59497597642629,3.8477255169990445
2026-01-23,1000,908,0.908,904,-0.060796332521421526,-0.0986896791764933,-1.3694380920486513e-17,0.9999999999999997,-4.1274215704623805,3.2146570834254655
2026-01-26,1000,905,0.905,902,-0.07900924868617236,-0.07326933348760593,-3.140520379050167e-17,0.9999999999999984,-4.622622310686306,3.178351415922044
2026-01-27,1000,905,0.905,902,-0.06922241521867575,-0.04887467563340079,-6.86988832917224e-18,1.0000000000000002,-4.805910439915835,2.423460240397645
2026-01-28,1000,906,0.906,903,-0.012764060734207945,0.01647556278890644,-1.9606587631349343e-18,1.0000000000000002,-4.993009062633883,2.9932996716146634
2026-01-29,1000,906,0.906,904,-0.02769179671308697,0.06750232381917726,-1.9606587631349343e-18,1.0000000000000007,-5.655181806900979,3.2527209411830835
2026-01-30,1000,906,0.906,903,-0.08120990425811699,-0.04226950051085305,1.5685270105079474e-17,0.9999999999999997,-4.747604415899428,3.2365958792402756
2026-02-02,1000,905,0.905,904,-0.06771380755236814,0.015909887462718493,-1.373977665834448e-17,0.9999999999999993,-4.691367453234826,3.0848388485055884
2026-02-03,1000,905,0.905,904,-0.0760489947435441,-0.03201089196806491,7.851300947625417e-18,0.9999999999999991,-4.645708815032925,2.8073742730248004
2026-02-04,1000,907,0.907,906,-0.010330740361559813,0.06273359604166592,2.9377455998901607e-18,0.9999999999999999,-4.17404705173005,3.6566647206573757
2026-02-05,1000,907,0.907,906,0.007991742935902732,0.05966269605552273,-1.3709479466154082e-17,1.0000000000000002,-4.753331454964343,4.955151281765992
2026-02-06,1000,905,0.905,904,0.06052402887168,0.036138785100430934,-3.9256504738127085e-18,0.9999999999999991,-4.085573873395868,3.7555948608955565
2026-02-09,1000,905,0.905,905,0.08362358208007306,0.03740305567335749,1.1776951421438125e-17,0.9999999999999993,-4.679826733029383,2.4346782924421886
2026-02-10,1000,907,0.907,906,0.04996269023334913,0.003984983564261449,0.0,1.0,-4.578298249450878,3.4005345224744867
2026-02-11,1000,907,0.907,906,0.027941049999780577,-0.04129611844118027,0.0,0.9999999999999983,-4.764899540191331,3.4840120169887516
2026-02-12,1000,907,0.907,907,0.029212927273394414,0.0017856178467411186,-3.916994133186881e-18,1.0000000000000007,-4.719594136996546,3.0897542583415785
2026-02-13,1000,906,0.906,905,-0.00035878749133219363,-0.004500529885510408,-1.2744281960377073e-17,0.9999999999999999,-4.596388900117046,2.872870265514563
2026-02-24,1000,906,0.906,905,-0.13745122648784647,-0.14368904472509353,1.764592886821441e-17,1.0,-4.208222451679158,3.3164675321008117
2026-02-25,1000,907,0.907,907,-0.06051475523169128,-0.0701104166621769,-1.9584970665934403e-17,0.9999999999999997,-4.674949367017083,3.65161980491768
2026-02-26,1000,906,0.906,906,-0.04365233031541081,-0.07335673439526846,-1.1763952578809606e-17,0.9999999999999993,-4.912699882392833,3.359096779064242
2026-02-27,1000,906,0.906,904,-0.048509621028752725,-0.044156134501043616,-2.352790515761921e-17,0.9999999999999998,-4.866634752049566,3.290565191025171
2026-03-02,1000,906,0.906,906,0.04820472455875451,0.004172822417798927,-2.1567246394484276e-17,0.9999999999999999,-4.605823151176978,2.5629157738781445
2026-03-03,1000,906,0.906,906,0.050417365146506236,0.044556610606669225,1.764592886821441e-17,0.9999999999999997,-4.740499869427884,2.8098418856251897
2026-03-04,1000,905,0.905,905,0.014642419862274332,-0.0510978418922709,4.71078056857525e-17,1.0000000000000007,-5.1543210833828415,3.0233074034953025
2026-03-05,1000,906,0.906,906,-0.04940333758594659,-0.08301398479080589,1.764592886821441e-17,0.9999999999999999,-5.278697695463865,3.001909937184258
2026-03-06,1000,907,0.907,907,-0.01625528650789722,-0.04208756927115521,-7.833988266373761e-17,1.0000000000000002,-3.9648499018268444,3.0370801089643416
2026-03-09,1000,907,0.907,907,-0.02172174800020604,-0.07153615229269769,7.833988266373762e-18,0.9999999999999993,-4.376046097869836,2.9458749357320184
2026-03-10,1000,909,0.909,909,0.03404357365450627,-0.023678522413280712,2.3450255305613868e-17,0.9999999999999999,-3.814178183151341,3.7084635586203425
2026-03-11,1000,910,0.91,910,0.007681065369452027,-0.050476326829039866,0.0,0.9999999999999998,-4.3569088160564124,3.6956750777587972
2026-03-12,1000,910,0.91,910,0.03737033023186358,-0.014829601377210719,0.0,0.9999999999999993,-4.394684648030155,2.988404796697912
2026-03-13,1000,910,0.91,910,-0.028899592746625558,-0.024652345399741763,0.0,1.0000000000000002,-4.0717091415984825,3.266389309853421
2026-03-16,1000,911,0.911,911,-0.11145918822086812,-0.03658818014935768,1.949897738090286e-18,1.0,-4.85205881796041,3.3101506955179434
2026-03-17,1000,912,0.912,912,0.08040493855791687,0.11054096207152107,1.3634317846273851e-17,0.9999999999999996,-4.936358782247501,3.495240830201746
2026-03-18,1000,912,0.912,911,0.10905302961756484,0.12226159755720063,-1.947759692324836e-18,0.9999999999999992,-5.153546300452298,3.7028690459172657
2026-03-19,1000,910,0.91,909,0.11742414123334773,0.12233433732551661,-7.808161931429672e-18,0.9999999999999997,-3.7206380698501866,3.489553998299898
2026-03-20,1000,909,0.909,907,0.09053891952481452,0.14427664415131947,-7.816751768537955e-18,1.0,-3.391467181029484,3.775497659270899
2026-03-23,1000,904,0.904,902,0.10622377737544907,0.15076923871866013,-9.824982518806695e-18,0.9999999999999993,-3.9399411810766423,3.6473182285041075
2026-03-24,1000,908,0.908,905,-0.07195023733684884,0.05482075978558631,-1.5650721051984587e-17,1.0000000000000009,-4.536036018022294,2.4836354612287956
2026-03-25,1000,910,0.91,907,-0.10228103880103553,0.04698106388163867,-7.808161931429672e-18,1.0,-4.38152116178256,2.4331112589598574
2026-03-26,1000,909,0.909,905,-0.11840421949607924,0.024410501831319688,-7.816751768537955e-18,0.999999999999999,-4.161936924255454,2.889457697473
2026-03-27,1000,910,0.91,908,-0.117567223504044,-0.03838897895156403,1.5616323862859345e-17,1.0000000000000002,-4.5012387457659635,2.9749042743265455
2026-03-30,1000,910,0.91,906,-0.09615061802271087,-0.05910810361127491,4.29448906228632e-17,1.0000000000000007,-4.172907626276345,2.9171516481256257
2026-03-31,1000,911,0.911,905,-0.030151867817090533,-0.012215237193441116,-1.3649284166632001e-17,1.0000000000000007,-4.7414916787847545,3.33181560439419
2026-04-01,1000,909,0.909,907,-0.036272517974111046,-0.012097547007949237,-2.3450255305613868e-17,1.0000000000000007,-4.715078793005216,3.3196609093654037
2026-04-02,1000,910,0.91,909,0.03053271856178192,0.05315850013192871,-9.760202414287091e-18,1.0000000000000002,-5.131953031028656,3.2592386492452694
2026-04-03,1000,909,0.909,909,0.04148662437130992,0.09192417040682509,9.770939710672445e-18,0.9999999999999998,-4.356232128311747,2.634272299895359
2026-04-07,1000,910,0.91,910,0.011317286487146307,0.04183931352049739,-1.5616323862859345e-17,1.0000000000000002,-4.3931329246552435,2.9606098737004674
2026-04-08,1000,911,0.911,911,-0.1538840852519398,-0.09825764529147409,-1.5599181904722288e-17,1.0000000000000002,-3.987144067411634,3.108399632421103
2026-04-09,1000,910,0.91,910,-0.1869080260867591,-0.09085749976166452,2.14724453114316e-17,1.0000000000000004,-4.7864695685357885,2.8882330300537453
2026-04-10,1000,910,0.91,910,-0.29535337748005064,-0.15379036585274283,-1.952040482857418e-18,1.0000000000000007,-5.287134273318778,3.011838681757784
2026-04-13,1000,910,0.91,910,-0.2694786107820276,-0.1980688085485572,1.5616323862859345e-17,1.0000000000000002,-4.459919925819021,3.153191700206128
2026-04-14,1000,913,0.913,913,-0.26362322065614646,-0.1819479180666286,1.1673757980724537e-17,0.9999999999999991,-4.24369551336642,3.12318689381182
2026-04-15,1000,913,0.913,913,-0.1772732327951046,-0.09407040023152095,-9.728131650603781e-19,0.9999999999999996,-4.616809298871855,2.18015366199797
2026-04-16,1000,912,0.912,912,-0.11971132328084728,-0.09849099487455962,0.0,0.9999999999999999,-4.179123129661076,2.655356165164999
2026-04-17,1000,913,0.913,912,-0.17407195516150797,-0.11121268918124615,1.556501064096605e-17,0.9999999999999999,-3.902373943785289,2.3705278008100357
2026-04-20,1000,912,0.912,911,-0.12384552870779535,-0.09854592329793517,3.895519384649672e-18,1.0000000000000004,-4.3734239340082866,2.8340622970064766
2026-04-21,1000,911,0.911,911,-0.12593484191704846,-0.0622401944799099,-1.949897738090286e-18,1.0,-4.613470585051995,2.529446144384742
2026-04-22,1000,913,0.913,912,-0.1232198372203378,-0.0810364977405901,-7.782505320483025e-18,0.9999999999999999,-4.946201923350002,2.4957618706781695
2026-04-23,1000,909,0.909,909,-0.06898698313278986,-0.024082040386193257,7.816751768537955e-18,1.0,-5.0543031630191555,2.702470801771157
2026-04-24,1000,910,0.91,908,-0.03248533498309895,-0.013457850800417078,-7.808161931429672e-18,1.0000000000000004,-4.419152705266822,2.8452852088005116
2026-04-27,1000,909,0.909,909,-0.08758781796753458,-0.041320413370132786,1.563350353707591e-17,0.9999999999999994,-3.7667230903351725,2.653866007144838
2026-04-28,1000,909,0.909,906,-0.04013065671621142,0.00848777918237595,-2.7358631189882845e-17,0.9999999999999987,-3.9399018715392438,2.9361898421289703
2026-04-29,1000,908,0.908,903,0.016017402567954725,0.03458295241368417,-1.9563401314980734e-18,1.0000000000000009,-3.3149007270449444,2.981079540803909
2026-04-30,1000,905,0.905,904,0.038738778572905204,0.040205248139604736,-3.9256504738127085e-18,0.9999999999999996,-4.057662360895312,2.6997658196836056
2026-05-06,1000,906,0.906,905,-0.017247163102300487,0.0002958729815048141,3.9213175262698686e-18,1.0000000000000004,-3.6157659035435987,2.538843717798236
2026-05-07,1000,909,0.909,909,-0.08308159627846284,-0.09370491243828359,1.563350353707591e-17,0.9999999999999987,-4.561461676646639,2.474555943952094
2026-05-08,1000,909,0.909,909,0.0032660332910172517,-0.013213893882974009,5.862563826403467e-18,1.0000000000000007,-4.489065623715579,2.916422341395195
2026-05-11,1000,910,0.91,910,-0.09406945266652035,-0.05069687678288825,1.6592344104288053e-17,1.0000000000000002,-4.226684880917844,3.074876047708618
2026-05-12,1000,908,0.908,908,-0.13826406468066088,-0.05443559303260861,1.9563401314980734e-18,0.9999999999999994,-4.856045793477342,2.407678961144882
2026-05-13,1000,909,0.909,909,-0.14803155542588953,-0.03286366299407692,-3.908375884268978e-18,1.0,-5.118418506952743,2.5721669400992946
2026-05-14,1000,906,0.906,906,-0.1639642894700442,-0.04695808665517755,-7.842635052539737e-18,0.9999999999999991,-4.471069901168778,2.8649545037205497
2026-05-15,1000,904,0.904,904,-0.14916043874959395,-0.08572927835684536,1.5719972030090712e-17,0.9999999999999997,-4.033198771552953,3.342290608207694
2026-05-18,1000,904,0.904,904,-0.15331594097840862,-0.08748468487546394,-3.929993007522678e-18,1.0000000000000007,-4.282066450546484,3.465533780331747
2026-05-19,1000,904,0.904,904,-0.10587791896167732,-0.04300188781816885,2.7509951052658746e-17,1.0000000000000004,-4.237926862089738,3.140735765315251
2026-05-20,1000,902,0.902,902,-0.11466757805985446,-0.050496685716391806,1.575482784390466e-17,0.9999999999999992,-4.311419848330568,3.337833788367925
2026-05-21,1000,900,0.9,900,-0.10543418170069525,-0.047801631227534974,3.947459643111668e-18,1.0000000000000004,-4.846031473028208,3.1383373895458306
2026-05-22,1000,900,0.9,900,-0.1869887858520044,-0.056989042488349455,1.7763568394002505e-17,0.9999999999999999,-4.705140525858787,2.787331290096304
2026-05-25,1000,900,0.9,900,-0.16718183857413696,-0.04866716496634218,-3.947459643111668e-18,1.000000000000001,-4.922999365327911,3.3194789359972523
2026-05-26,1000,900,0.9,900,-0.15592464520639943,-0.01831085538878082,-7.105427357601002e-17,1.0000000000000007,-4.674579625883682,3.14609363965085
2026-05-27,1000,897,0.897,897,-0.11672786202894293,-0.030646170366381943,-2.0793474708698583e-17,1.0,-5.251498376138778,3.304355433634416
2026-05-28,1000,896,0.896,895,-0.19389737305512184,-0.08558253815005061,3.568574007723718e-17,1.0,-5.45841162508945,3.1135845168996
2026-05-29,1000,895,0.895,893,-0.05778605999754614,-0.010281586096777439,2.6794209309389252e-17,1.0000000000000007,-4.969449127807475,2.6183791567245613
2026-06-01,1000,898,0.898,897,0.08777967356577986,0.1097890033008533,1.582500525078174e-17,0.9999999999999994,-4.993566324307038,3.1910155398530833
2026-06-02,1000,896,0.896,895,0.07621211685736792,0.08711639046155,-1.2886517250113425e-17,1.0000000000000007,-4.606359166628558,2.8584891954042817
2026-06-03,1000,895,0.895,894,0.0026668916438748044,0.040070120744236846,-1.3893293715979613e-17,0.9999999999999994,-4.539157275390907,2.9736379682342164
2026-06-04,1000,895,0.895,895,-0.03620200573828133,-0.0014529726033901715,-3.969512490279889e-18,1.0000000000000002,-4.611898699397333,2.885324103355227
2026-06-05,1000,895,0.895,895,-0.06181213142148269,-0.025684899864486303,2.3817074941679335e-17,1.0000000000000007,-4.2928957159112215,2.6822553940531475
2026-06-08,1000,892,0.892,892,-0.07612203541827296,-0.04988257360195869,3.982862868610427e-18,1.0000000000000007,-4.20540020275686,2.4057443763169015
2026-06-09,1000,894,0.894,894,-0.049869786463055836,-0.02368587988582673,-7.947905321701344e-18,1.0000000000000002,-4.545095100144305,3.061719265804549
2026-06-10,1000,891,0.891,891,0.013515968856978556,0.033380784013616556,9.96833243210017e-18,0.9999999999999997,-4.622229713712561,2.6403980033072716
2026-06-11,1000,891,0.891,891,0.03552864153347123,0.038715483867673296,-9.96833243210017e-18,0.9999999999999994,-4.4214186622446725,2.5957269515292314
2026-06-12,1000,892,0.892,892,0.0036066588405234386,-0.013646915009718333,5.576008016054598e-17,1.0000000000000002,-4.3808274732353,2.674453665156123
2026-06-15,1000,892,0.892,892,-0.049032612912220955,-0.02213004265403827,-1.1948588605831282e-17,0.9999999999999998,-4.6194473564023655,2.979909101380798
2026-06-16,1000,892,0.892,892,0.027992187687245148,0.016195800703928582,1.9914314343052134e-17,1.0000000000000004,-4.204353058675092,2.894517967637728
2026-06-17,1000,892,0.892,892,0.14958608063651907,0.1174947930933069,1.4935735757289102e-18,1.0,-4.901384008642034,3.517808694134667
2026-06-18,1000,890,0.89,890,0.265707650064835,0.19918685683526877,-1.5967252488991017e-17,1.0,-4.645262407411246,3.113808730662869
2026-06-22,1000,892,0.892,892,0.36184836544534976,0.2381582267138069,2.5888608645967777e-17,0.9999999999999991,-4.964705874035593,2.4857450815341666
2026-06-23,1000,892,0.892,892,0.29921350162997556,0.2183318547659484,-1.1948588605831282e-17,1.0000000000000004,-4.346030993297001,2.6345241214190245
2026-06-24,1000,890,0.89,889,0.2964418245332992,0.23445430290546723,1.5967252488991017e-17,1.000000000000001,-4.642849666934827,2.5885524808417273
2026-06-25,1000,889,0.889,888,0.35260501917503534,0.2528051232634503,5.195194355951239e-17,1.0000000000000007,-4.344209163799227,2.8035368098063302
2026-06-26,1000,886,0.886,884,0.31635971149581266,0.17700708980360055,9.824095387202289e-17,1.0000000000000004,-4.133678371890833,2.913930691437979
2026-06-29,1000,884,0.884,883,0.2345432461016745,0.11495968766006136,6.832141690000964e-17,1.0,-4.227679160021628,2.8669417756046953
2026-06-30,1000,881,0.881,880,0.3163694728663242,0.23879656538571847,-9.274961931034225e-17,0.9999999999999999,-4.013701390163257,2.931806218915818
2026-07-01,1000,889,0.889,889,0.20463862250031617,0.160429006617426,1.598521340292689e-17,0.9999999999999997,-4.349452077738241,2.9270511968763895
2026-07-02,1000,886,0.886,886,0.012928991432314603,-0.014034315240680913,-1.6039339407677204e-17,0.9999999999999996,-3.9008283354873425,3.0967524720343866
2026-07-03,1000,886,0.886,886,-0.12401950786864316,-0.09378618653684434,8.019669703838602e-18,0.9999999999999996,-4.1933778718485835,3.3145175769388313
2026-07-06,1000,898,0.898,898,-0.15875049860743126,-0.08282583963743573,7.91250262539087e-18,1.0000000000000002,-4.117979295843552,3.292767650783734
2026-07-07,1000,895,0.895,895,-0.20316905647203182,-0.1361280577620422,-4.961890612849862e-18,1.0,-4.031862517676089,3.2571102572401984
2026-07-08,1000,894,0.894,894,-0.2427049545726453,-0.17117357446101367,-3.973952660850672e-18,1.0,-3.4172237439299016,3.6654516181369488
2026-07-09,1000,894,0.894,894,-0.10605062303574185,-0.09647071529125696,-7.947905321701344e-18,0.9999999999999996,-3.4776357565248452,3.950616012255168
2026-07-10,1000,896,0.896,896,-0.0848157771943587,-0.09684180181959666,-4.55984456542475e-17,0.9999999999999998,-4.146751317262652,4.133252562767064
2026-07-13,1000,895,0.895,894,-0.014396420695842845,-0.020147079004817724,2.7786587431959227e-17,1.0,-3.468033824937166,3.4352877981558207
2026-07-14,1000,895,0.895,894,-0.11228393180824042,-0.14629965637148767,7.939024980559778e-18,0.9999999999999982,-3.5293245004670863,3.8088196050044494
2026-07-15,1000,899,0.899,898,-0.0826224565289885,-0.11257798764614547,-2.7662954117467748e-17,0.999999999999999,-4.185182277140223,3.4225354011144717
2026-07-16,1000,901,0.901,900,-0.05036125315904033,-0.0572283258085979,-1.971539222419812e-18,0.9999999999999996,-3.35767102757442,3.77717946877785
2026-07-17,1000,897,0.897,896,0.12222672468555018,0.1496454808478666,-5.148860404058697e-17,1.0000000000000004,-3.757663377599939,3.951479138349823
2026-07-20,1000,898,0.898,897,0.3236220366205376,0.3319234465397969,1.780313090712946e-17,1.0000000000000004,-3.4692976478047695,3.7782768812224288
2026-07-21,1000,895,0.895,894,0.27656185071289874,0.30061795468439,7.939024980559778e-18,1.0000000000000004,-4.1232210387703,3.763811095105401
2026-07-22,1000,895,0.895,892,0.2047311385112296,0.23254086918642408,7.939024980559779e-17,1.0000000000000002,-4.4325359944142795,3.532372945227701
2026-07-23,1000,896,0.896,894,0.1542725162555647,0.18631049015320536,-4.7580986769649563e-17,0.9999999999999987,-4.580288973392326,3.802037821718041
2026-07-24,1000,892,0.892,890,0.1501944972371253,0.165327051403519,-3.982862868610427e-17,0.9999999999999997,-4.0494227712381505,3.414295614909239
2026-07-27,1000,897,0.897,896,-0.009925046448274162,-0.0042132831216187576,1.9803309246379603e-18,0.9999999999999999,-4.460580472874875,2.90341006607682
2026-07-28,1000,898,0.898,896,0.11683114809714802,0.14800658368234076,3.956251312695435e-18,1.0000000000000007,-4.461317457551384,3.422910384393139
2026-07-29,1000,903,0.903,902,0.22881471589493058,0.2168929202740407,7.868690318495018e-18,1.0000000000000002,-3.772270104605848,4.675806606029157
2026-07-30,1000,904,0.904,903,0.35870768874769404,0.3764293051728462,-1.3754975526329373e-17,0.9999999999999992,-3.9278228451377695,4.746884669720771
2026-07-31,1000,907,0.907,906,0.30349720913922146,0.2748366421548658,2.1543467732527844e-17,0.9999999999999998,-4.830635887560597,4.763560623048642
2026-08-03,1000,908,0.908,907,0.40347868614367105,0.2910026245898561,-9.781700657490367e-18,1.0000000000000002,-4.215160564940341,5.2369856265049375
2026-08-04,1000,904,0.904,904,0.1793582028038658,0.12729271106552176,6.484488462412419e-17,1.0000000000000002,-4.389615062734133,4.567483112367603
2026-08-05,1000,904,0.904,904,-0.02037896067114802,-0.01891938372114887,-1.0807480770687364e-17,1.0000000000000002,-4.386680149631607,2.6812763347471176
2026-08-06,1000,905,0.905,905,-0.03980722614889099,-0.03192429925635191,-1.962825236906354e-17,1.0000000000000004,-4.10987318045405,3.22911306699115
2026-08-07,1000,905,0.905,905,0.1186408410698254,0.14118946321784903,1.1776951421438125e-17,1.0000000000000002,-4.7961195523090945,3.242571191323101
2026-08-10,1000,907,0.907,906,-0.01695212942345546,0.0224453981297916,-3.916994133186881e-18,1.0000000000000002,-4.909209189219648,2.9173706030816255
2026-08-11,1000,905,0.905,905,0.05249475543783586,0.04943065434751615,-3.9256504738127085e-18,0.9999999999999993,-4.638428320313622,2.7910907774377685
2026-08-12,1000,905,0.905,905,0.1264377280482471,0.0969971898501099,3.9256504738127085e-18,1.0,-5.166447759826657,2.671537721120705
2026-08-13,1000,907,0.907,907,0.1650870409238575,0.13984453004721561,-3.916994133186881e-18,1.0000000000000002,-5.018257743375544,3.1737292314609107
2026-08-14,1000,899,0.899,898,0.13393906487970864,0.1036704662006262,2.7662954117467748e-17,1.0000000000000002,-5.35329364178058,2.9776926021362784
2026-08-17,1000,902,0.902,900,0.17195047672220617,0.14776285839119296,-2.363224176585699e-17,1.0,-4.663192337474352,2.969911938500215
2026-08-18,1000,901,0.901,899,0.0685463957807181,0.1270450721625453,3.943078444839624e-18,0.9999999999999997,-4.649053833897982,2.84251800437917
