date,group,formed_count,valid_count,mean_forward_return
2023-01-03,1,181,181,0.04742240167132217
2023-01-03,2,181,181,0.06824447211568493
2023-01-03,3,181,181,0.08529428616955463
2023-01-03,4,181,181,0.0821504302760734
2023-01-03,5,180,180,0.06952198144616648
2023-01-04,1,181,181,0.030575295197896632
2023-01-04,2,181,181,0.05134730187701874
2023-01-04,3,181,181,0.05431768975703424
2023-01-04,4,181,181,0.06888648064929251
2023-01-04,5,181,181,0.070583717564531
2023-01-05,1,182,182,0.04892779176936907
2023-01-05,2,181,181,0.06571645286976652
2023-01-05,3,181,181,0.06855214426790654
2023-01-05,4,181,181,0.06839228826727588
2023-01-05,5,181,181,0.0693129060722256
2023-01-06,1,182,182,0.04893958851932873
2023-01-06,2,181,181,0.060926728546923145
2023-01-06,3,181,181,0.06185087951341703
2023-01-06,4,181,181,0.06487211150594965
2023-01-06,5,181,180,0.06172137874427792
2023-01-09,1,181,181,0.058528230948042596
2023-01-09,2,181,181,0.0681580798919768
2023-01-09,3,181,181,0.07489081114390109
2023-01-09,4,181,181,0.0738356755125143
2023-01-09,5,181,181,0.0631819315767559
2023-01-10,1,181,181,0.054182455006108306
2023-01-10,2,181,181,0.0649880845637085
2023-01-10,3,181,181,0.07995247502770657
2023-01-10,4,181,181,0.0731274222263642
2023-01-10,5,181,181,0.06750426564736454
2023-01-11,1,181,180,0.05625594309846496
2023-01-11,2,181,181,0.07637159751679952
2023-01-11,3,180,180,0.07640423425696108
2023-01-11,4,181,181,0.08516132992135166
2023-01-11,5,180,180,0.07456829050058002
2023-01-12,1,181,181,0.03338130762586851
2023-01-12,2,180,180,0.05968805520201064
2023-01-12,3,181,181,0.07640000507638407
2023-01-12,4,180,180,0.054895769038259504
2023-01-12,5,180,180,0.056550471276329506
2023-01-13,1,181,181,0.018684979495259952
2023-01-13,2,180,180,0.047438387118666145
2023-01-13,3,181,181,0.05742684847147362
2023-01-13,4,180,180,0.04791818139602598
2023-01-13,5,180,180,0.04755766191188001
2023-01-16,1,181,181,0.02895114877403007
2023-01-16,2,181,181,0.05790280687442833
2023-01-16,3,181,181,0.06041132116176174
2023-01-16,4,181,181,0.06276664573745969
2023-01-16,5,181,181,0.048540739984999776
2023-01-17,1,182,182,0.03532742298087166
2023-01-17,2,181,181,0.05494835107439196
2023-01-17,3,181,181,0.060625089407549966
2023-01-17,4,181,181,0.0574850547471495
2023-01-17,5,181,181,0.04625702533673731
2023-01-18,1,182,182,0.034924794449803016
2023-01-18,2,182,182,0.061165176850959825
2023-01-18,3,182,182,0.06019219783834721
2023-01-18,4,182,182,0.06231040937691317
2023-01-18,5,181,181,0.05830034722283673
2023-01-19,1,182,182,0.02489944534771669
2023-01-19,2,181,181,0.04859583000206195
2023-01-19,3,182,182,0.0389274661210954
2023-01-19,4,181,181,0.05039547076854648
2023-01-19,5,181,181,0.044053228082055605
2023-01-20,1,183,183,0.002806279451098842
2023-01-20,2,182,182,0.02251875541041956
2023-01-20,3,183,183,0.017682993478216533
2023-01-20,4,182,182,0.014773761181322006
2023-01-20,5,182,182,0.0243491036304724
2023-01-30,1,183,183,0.012548082185594363
2023-01-30,2,183,183,0.020453076305373206
2023-01-30,3,182,182,0.017437362334568947
2023-01-30,4,183,183,0.025839254622794926
2023-01-30,5,182,182,0.03347810242546575
2023-01-31,1,183,183,0.015228803111354328
2023-01-31,2,183,183,0.02225699072937402
2023-01-31,3,183,183,0.02268629434689165
2023-01-31,4,183,183,0.026989456416231433
2023-01-31,5,182,182,0.03102333814199248
2023-02-01,1,184,184,0.006906477879504974
2023-02-01,2,183,183,0.013103949924548764
2023-02-01,3,183,183,0.022760656508583124
2023-02-01,4,183,183,0.02541122378534138
2023-02-01,5,183,183,0.016937666053285432
2023-02-02,1,184,184,0.007479982504261037
2023-02-02,2,183,183,0.022416329491518904
2023-02-02,3,184,184,0.025618557680156858
2023-02-02,4,183,183,0.024007014451507155
2023-02-02,5,183,183,0.01958888084639247
2023-02-03,1,184,184,0.012826748166631074
2023-02-03,2,184,184,0.029855957721601892
2023-02-03,3,184,184,0.040209870308897826
2023-02-03,4,184,184,0.031882254226231595
2023-02-03,5,183,182,0.019317373245836766
2023-02-06,1,184,184,0.0229573214864519
2023-02-06,2,184,184,0.03218625554113242
2023-02-06,3,183,183,0.03477610758028476
2023-02-06,4,184,184,0.021840635888805054
2023-02-06,5,183,182,0.008519262996776043
2023-02-07,1,184,184,-0.006047952935132905
2023-02-07,2,184,184,0.006188281797233447
2023-02-07,3,184,184,0.007453165150588711
2023-02-07,4,184,183,-0.002543935874117008
2023-02-07,5,183,183,-0.012753238637664413
2023-02-08,1,184,184,0.016648980897444123
2023-02-08,2,184,184,0.019507307188188338
2023-02-08,3,184,183,0.02145156167682918
2023-02-08,4,184,184,0.016224919416746676
2023-02-08,5,183,183,0.007128250672801972
2023-02-09,1,185,185,-0.00841277748348619
2023-02-09,2,184,184,0.0015197983953750536
2023-02-09,3,184,183,-0.00535194678890969
2023-02-09,4,184,184,-0.008041091592817337
2023-02-09,5,184,184,-0.016356630171828233
2023-02-10,1,185,185,-0.012863950700348396
2023-02-10,2,184,184,-0.010946469503811014
2023-02-10,3,184,184,-0.013000057378789186
2023-02-10,4,184,184,-0.014018416334383846
2023-02-10,5,184,184,-0.035253767903318335
2023-02-13,1,184,184,-0.026646089866793347
2023-02-13,2,184,184,-0.011019131042412754
2023-02-13,3,184,184,-0.018968613968220045
2023-02-13,4,184,184,-0.022692346211545825
2023-02-13,5,184,184,-0.020767660618094857
2023-02-14,1,185,185,-0.027347487332217646
2023-02-14,2,184,184,-0.016033866193063323
2023-02-14,3,184,184,-0.024031679709977116
2023-02-14,4,184,184,-0.028059068886846873
2023-02-14,5,184,184,-0.03182978963146575
2023-02-15,1,185,185,-0.031852178474105104
2023-02-15,2,184,184,-0.014709254351050227
2023-02-15,3,185,185,-0.019570772945425502
2023-02-15,4,184,184,-0.026241710723100862
2023-02-15,5,184,184,-0.045904622240100994
2023-02-16,1,185,185,-0.008635005091554696
2023-02-16,2,184,184,-0.006050516728162961
2023-02-16,3,185,185,-0.003500859877153864
2023-02-16,4,184,184,-0.01610840083941224
2023-02-16,5,184,184,-0.03878695445297995
2023-02-17,1,185,185,-0.017169316764019282
2023-02-17,2,184,184,0.005211554926116635
2023-02-17,3,185,185,0.01601779233278811
2023-02-17,4,184,184,-0.006255503058976553
2023-02-17,5,184,184,-0.02451529958907482
2023-02-20,1,186,186,-0.03329305957399667
2023-02-20,2,185,185,-0.006837065129757792
2023-02-20,3,185,185,-0.015973337291328053
2023-02-20,4,185,185,-0.027712688769512293
2023-02-20,5,185,185,-0.05039587657237884
2023-02-21,1,187,187,-0.015115615837021267
2023-02-21,2,186,186,-0.0031732063747353313
2023-02-21,3,186,186,-0.008724602739092712
2023-02-21,4,186,186,-0.015419960137338797
2023-02-21,5,186,186,-0.027232476299661683
2023-02-22,1,186,186,-0.015089754009662603
2023-02-22,2,186,186,-0.0061657029505461204
2023-02-22,3,186,186,-0.016601511596312787
2023-02-22,4,186,186,-0.011431830312482643
2023-02-22,5,186,186,-0.02666284722580096
2023-02-23,1,186,186,-0.013872797107695753
2023-02-23,2,186,186,0.008886018159020435
2023-02-23,3,186,186,-0.009927089205353535
2023-02-23,4,186,186,0.00021941946018156516
2023-02-23,5,185,185,-0.0006098114258173052
2023-02-24,1,186,186,0.003004719758696793
2023-02-24,2,186,186,0.007979798120725582
2023-02-24,3,186,186,-0.0012812859426154408
2023-02-24,4,186,186,0.004647712226961053
2023-02-24,5,185,185,-0.0005235237014628565
2023-02-27,1,185,185,0.005468993826619594
2023-02-27,2,185,185,0.007779279452489762
2023-02-27,3,185,185,0.003346230393582798
2023-02-27,4,185,185,-0.007497153294340817
2023-02-27,5,184,184,0.007677065466246099
2023-02-28,1,186,186,-0.0017485160247296184
2023-02-28,2,185,185,-0.007649200714517258
2023-02-28,3,186,186,-0.015312035149676557
2023-02-28,4,185,185,-0.005678974238444816
2023-02-28,5,185,185,-0.011344638207882436
2023-03-01,1,186,186,-0.006773321622005028
2023-03-01,2,186,186,-0.01897229145603739
2023-03-01,3,186,186,-0.029250655896482614
2023-03-01,4,186,186,-0.03104775845024594
2023-03-01,5,186,186,-0.024813426417573482
2023-03-02,1,186,186,-0.004043142528190984
2023-03-02,2,186,186,-0.027075015502400046
2023-03-02,3,186,186,-0.028726448515472083
2023-03-02,4,186,186,-0.01837719078633267
2023-03-02,5,186,186,-0.025458065096689114
2023-03-03,1,187,186,0.01142035324386554
2023-03-03,2,186,186,-0.023209907371780122
2023-03-03,3,186,186,-0.02284970213502034
2023-03-03,4,186,186,-0.012959077120558953
2023-03-03,5,186,186,-0.016187087838945135
2023-03-06,1,186,186,0.023585787542022386
2023-03-06,2,186,186,-0.0038585029706189504
2023-03-06,3,186,186,-0.002731144981507539
2023-03-06,4,186,186,-0.003836851311065711
2023-03-06,5,185,185,-0.00520580209620517
2023-03-07,1,186,186,0.053575664314918496
2023-03-07,2,185,185,0.016217307550442275
2023-03-07,3,186,186,0.0066424918800609654
2023-03-07,4,185,185,0.01681897798250551
2023-03-07,5,185,185,0.00703925183827454
2023-03-08,1,186,186,0.030230355623708457
2023-03-08,2,186,186,0.020543162492100003
2023-03-08,3,185,185,-0.0028130097379205085
2023-03-08,4,186,186,0.020317142587224172
2023-03-08,5,185,185,0.011655072582087995
2023-03-09,1,186,186,0.046421592492587475
2023-03-09,2,186,186,0.008815879071038302
2023-03-09,3,185,185,0.03377613196695987
2023-03-09,4,186,186,0.029606252365820686
2023-03-09,5,185,185,0.046265800150845464
2023-03-10,1,185,185,0.041053345440247906
2023-03-10,2,185,185,0.019730031835692222
2023-03-10,3,184,184,0.022916003204124666
2023-03-10,4,185,185,0.04324887109650359
2023-03-10,5,184,184,0.02843566838041387
2023-03-13,1,185,185,0.042362543158749696
2023-03-13,2,184,184,0.029158413256549186
2023-03-13,3,185,185,0.01843070704579397
2023-03-13,4,184,184,0.0227791166055919
2023-03-13,5,184,184,0.02457016839868753
2023-03-14,1,185,185,0.0668474120185815
2023-03-14,2,184,184,0.028211642010685295
2023-03-14,3,185,185,0.02444090499762472
2023-03-14,4,184,184,0.03289134894597372
2023-03-14,5,184,184,0.030880627218590466
2023-03-15,1,185,185,0.06465885825192123
2023-03-15,2,185,185,0.028069312254496583
2023-03-15,3,185,185,0.01841111022019393
2023-03-15,4,185,185,0.03481672223701122
2023-03-15,5,185,185,0.0267085409076661
2023-03-16,1,185,184,0.05562715029625208
2023-03-16,2,184,184,0.030604199015151875
2023-03-16,3,184,184,0.03207317516056321
2023-03-16,4,184,184,0.027365041691116265
2023-03-16,5,184,184,0.03910863005992287
2023-03-17,1,185,185,0.05214275792878704
2023-03-17,2,184,184,0.04371863002612147
2023-03-17,3,185,185,0.02468836021505133
2023-03-17,4,184,184,0.03149134527730561
2023-03-17,5,184,184,0.03275457068604311
2023-03-20,1,185,185,0.06096734158826425
2023-03-20,2,184,184,0.033169345006437395
2023-03-20,3,184,184,0.03363183597299765
2023-03-20,4,184,184,0.035835330237551775
2023-03-20,5,184,184,0.03171637230203689
2023-03-21,1,185,185,0.03998318182232741
2023-03-21,2,184,184,0.020787183501978147
2023-03-21,3,185,185,0.012987949310549762
2023-03-21,4,184,184,0.01290615490190406
2023-03-21,5,184,184,0.017880360467907985
2023-03-22,1,185,185,0.042330893544454316
2023-03-22,2,185,185,0.005981452589006568
2023-03-22,3,184,184,0.009898994899269112
2023-03-22,4,185,185,0.011874663905705423
2023-03-22,5,184,184,0.02137937049768828
2023-03-23,1,185,185,0.004393431781502908
2023-03-23,2,184,184,-0.0206942561977803
2023-03-23,3,184,184,-0.017757987945468682
2023-03-23,4,184,184,-0.027129665962573615
2023-03-23,5,184,184,-0.012753450840838265
2023-03-24,1,185,185,-0.018397379773578203
2023-03-24,2,185,185,-0.037814844154130826
2023-03-24,3,185,185,-0.029047008681308155
2023-03-24,4,185,185,-0.01782099478345439
2023-03-24,5,184,184,0.006992305137398631
2023-03-27,1,184,184,-0.04406883931133081
2023-03-27,2,184,184,-0.05544714296340755
2023-03-27,3,183,183,-0.030423140496574547
2023-03-27,4,184,184,-0.031635844020486296
2023-03-27,5,183,183,-0.01582945507890262
2023-03-28,1,184,183,-0.03693032541285797
2023-03-28,2,183,183,-0.024658419661874292
2023-03-28,3,184,184,-0.032317475335509986
2023-03-28,4,183,182,-0.0355760672175442
2023-03-28,5,183,182,-0.01394290293367868
2023-03-29,1,183,183,-0.032846956891595634
2023-03-29,2,182,182,-0.021528889608483467
2023-03-29,3,183,183,-0.014186956658765678
2023-03-29,4,182,181,-0.017005678852819128
2023-03-29,5,182,181,-0.016283110606393262
2023-03-30,1,182,182,-0.021490196194073587
2023-03-30,2,182,182,-0.018167887650133666
2023-03-30,3,182,182,-0.003799370456484925
2023-03-30,4,182,181,-0.0028202616135976077
2023-03-30,5,182,181,0.006286315075864935
2023-03-31,1,182,182,-0.007395109408986803
2023-03-31,2,182,181,-0.017972401511788017
2023-03-31,3,181,181,0.004034683838090239
2023-03-31,4,182,182,-0.006880587643061152
2023-03-31,5,181,181,-0.017180464888898194
2023-04-03,1,182,182,-0.022770287587843885
2023-04-03,2,182,181,-0.029106736568201168
2023-04-03,3,182,182,-0.023157209532612823
2023-04-03,4,182,182,-0.02140414885578212
2023-04-03,5,182,182,-0.03679911437353697
2023-04-04,1,183,183,-0.014061288939889617
2023-04-04,2,182,181,-0.012122404038639427
2023-04-04,3,182,182,-0.012275491894562103
2023-04-04,4,182,182,-0.015299497984029398
2023-04-04,5,182,182,-0.032819663576187645
2023-04-06,1,183,182,-0.04251967786158305
2023-04-06,2,182,181,-0.023458213483103046
2023-04-06,3,182,182,-0.014797786571973727
2023-04-06,4,182,182,-0.030412414385696567
2023-04-06,5,182,182,-0.050693815548361436
2023-04-07,1,183,182,-0.06551851134070305
2023-04-07,2,182,182,-0.01785896678499512
2023-04-07,3,182,182,-0.02529989994458656
2023-04-07,4,182,181,-0.02880622629286256
2023-04-07,5,182,182,-0.054790382684291955
2023-04-10,1,182,181,-0.04479585274593809
2023-04-10,2,182,182,-0.027500201592286083
2023-04-10,3,182,181,-0.01929254228666185
2023-04-10,4,182,182,-0.03045964490980971
2023-04-10,5,181,181,-0.02639453988343219
2023-04-11,1,183,183,-0.05615793176038528
2023-04-11,2,182,180,-0.03970836720726134
2023-04-11,3,182,182,-0.03157993413843203
2023-04-11,4,182,182,-0.04297643276160361
2023-04-11,5,182,182,-0.05857409043425442
2023-04-12,1,184,183,-0.05694823214193937
2023-04-12,2,183,183,-0.023422006771556727
2023-04-12,3,183,183,-0.02614872917735585
2023-04-12,4,183,183,-0.04144009682846098
2023-04-12,5,183,183,-0.05438692565098119
2023-04-13,1,184,183,-0.056178249961260085
2023-04-13,2,183,183,-0.04537677060009374
2023-04-13,3,184,184,-0.031460323458894976
2023-04-13,4,183,183,-0.03995137804533787
2023-04-13,5,183,183,-0.07575372635311733
2023-04-14,1,184,182,-0.041137210510760205
2023-04-14,2,183,183,-0.03862427772092392
2023-04-14,3,184,184,-0.025579301578789973
2023-04-14,4,183,183,-0.04520401680225458
2023-04-14,5,183,183,-0.065954942651694
2023-04-17,1,184,183,-0.04955405392283535
2023-04-17,2,183,183,-0.03217487880501929
2023-04-17,3,184,184,-0.0382280031320818
2023-04-17,4,183,183,-0.04783749042696134
2023-04-17,5,183,183,-0.07625093999470646
2023-04-18,1,184,183,-0.031958864778236805
2023-04-18,2,183,183,-0.04136488615858719
2023-04-18,3,184,184,-0.04671738846785912
2023-04-18,4,183,183,-0.047240515582692794
2023-04-18,5,183,183,-0.06680219766713731
2023-04-19,1,183,182,-0.04791306757696298
2023-04-19,2,183,183,-0.021248934990760755
2023-04-19,3,183,183,-0.029528603955704037
2023-04-19,4,183,183,-0.04537265200097685
2023-04-19,5,183,183,-0.05458058970993652
2023-04-20,1,183,183,-0.07122455294810151
2023-04-20,2,183,183,-0.03450555066266439
2023-04-20,3,183,183,-0.026147864592960614
2023-04-20,4,183,183,-0.044713050974343166
2023-04-20,5,183,183,-0.06822671994849229
2023-04-21,1,183,183,-0.05260487311780083
2023-04-21,2,182,182,-0.013333597806988456
2023-04-21,3,182,182,-0.026623018178970444
2023-04-21,4,182,182,-0.028464073705092432
2023-04-21,5,182,182,-0.0360809787885524
2023-04-24,1,183,183,-0.042262299857128094
2023-04-24,2,182,182,-0.016330469953577707
2023-04-24,3,182,182,-0.017263812113336528
2023-04-24,4,182,182,-0.032061399923132235
2023-04-24,5,182,182,-0.03056861051670006
2023-04-25,1,183,183,-0.008828993856127561
2023-04-25,2,182,182,0.005226966350605458
2023-04-25,3,182,182,0.009546532734585035
2023-04-25,4,182,182,0.0032162639678731692
2023-04-25,5,182,182,-0.005916035714628509
2023-04-26,1,183,182,-0.018794008487292523
2023-04-26,2,182,182,-0.008644325141071298
2023-04-26,3,183,183,-0.004444102616147291
2023-04-26,4,182,182,0.0057996855732344
2023-04-26,5,182,181,-0.019703378877657936
2023-04-27,1,182,182,-0.013204796502817646
2023-04-27,2,182,182,-0.005527971159356756
2023-04-27,3,182,182,-0.017488819766330377
2023-04-27,4,182,182,-0.008500856301678666
2023-04-27,5,182,181,-0.0012151755529823793
2023-04-28,1,183,183,-0.021295523365724957
2023-04-28,2,183,183,-0.03730489411130774
2023-04-28,3,182,182,-0.014609951747794095
2023-04-28,4,183,182,-0.028005195981976715
2023-04-28,5,182,182,-0.02506434434467464
2023-05-04,1,183,183,-0.032539358613793465
2023-05-04,2,183,183,-0.03433309297049662
2023-05-04,3,182,182,-0.023745562568893833
2023-05-04,4,183,183,-0.025048525432744044
2023-05-04,5,182,182,-0.01668940795903226
2023-05-05,1,183,183,-0.025872649972988833
2023-05-05,2,183,183,-0.01915861181260774
2023-05-05,3,182,182,-0.015678281002425867
2023-05-05,4,183,183,-0.008461416642042722
2023-05-05,5,182,182,0.009839118424072979
2023-05-08,1,184,184,-0.03220002130269012
2023-05-08,2,183,183,-0.02519295031324297
2023-05-08,3,184,184,-0.015473587033355819
2023-05-08,4,183,183,-0.015372832469274414
2023-05-08,5,183,183,-0.007062929970697529
2023-05-09,1,184,184,-0.04325944812703725
2023-05-09,2,183,182,-0.021946346085610552
2023-05-09,3,183,183,-0.02825708948111007
2023-05-09,4,183,183,-0.016886410408758278
2023-05-09,5,183,183,-0.008201350469021082
2023-05-10,1,183,183,-0.040406131276990255
2023-05-10,2,183,182,-0.022977446573354623
2023-05-10,3,183,183,-0.02379025521488403
2023-05-10,4,183,183,-0.026661440396952736
2023-05-10,5,183,183,-0.007783733786713776
2023-05-11,1,184,183,-0.028923843789735268
2023-05-11,2,183,183,-0.03091690822858764
2023-05-11,3,183,183,-0.025095894907355584
2023-05-11,4,183,183,-0.02167459012710777
2023-05-11,5,183,183,-0.0009825244372250804
2023-05-12,1,183,182,-0.007919046855268895
2023-05-12,2,183,183,-0.031126724950602248
2023-05-12,3,183,183,-0.0066946360092612536
2023-05-12,4,183,183,-0.002877294408605582
2023-05-12,5,182,182,0.011505190485109484
2023-05-15,1,183,183,-0.011837016625514462
2023-05-15,2,183,182,-0.02354527806616393
2023-05-15,3,183,183,-0.024666900677031284
2023-05-15,4,183,183,0.0027356229427948704
2023-05-15,5,183,183,0.013910191283359817
2023-05-16,1,183,183,-0.001256385052789665
2023-05-16,2,183,182,-0.003372194346506542
2023-05-16,3,182,182,-0.008230035326858367
2023-05-16,4,183,183,0.014347336114009384
2023-05-16,5,182,182,0.0444912016750884
2023-05-17,1,183,183,0.009004796583563917
2023-05-17,2,182,181,-0.0142927781461199
2023-05-17,3,183,182,-0.020986916658587235
2023-05-17,4,182,182,0.008407524834392775
2023-05-17,5,182,182,0.03586400663457989
2023-05-18,1,183,182,0.030721656120679633
2023-05-18,2,182,182,-0.0031814058582303973
2023-05-18,3,182,181,-0.0004289922516862848
2023-05-18,4,182,182,-0.005507091256273577
2023-05-18,5,182,182,0.029920638001481217
2023-05-19,1,182,181,0.028205130861921918
2023-05-19,2,182,182,0.016636345499085183
2023-05-19,3,181,181,0.007653136242584905
2023-05-19,4,182,182,0.001420062865418945
2023-05-19,5,181,181,0.033702600209551084
2023-05-22,1,182,181,0.03485642664845214
2023-05-22,2,181,181,0.017714696815922183
2023-05-22,3,182,182,-0.018306257340204374
2023-05-22,4,181,181,0.006097731341840934
2023-05-22,5,181,181,0.02636637244995227
2023-05-23,1,181,181,0.06438489068631316
2023-05-23,2,181,181,0.014702117824650123
2023-05-23,3,181,181,-0.007088717108057384
2023-05-23,4,181,181,0.016480065452360842
2023-05-23,5,180,180,0.03454748643063433
2023-05-24,1,181,181,0.013782353668441208
2023-05-24,2,181,181,0.005483703050919163
2023-05-24,3,181,181,-0.0009771195591139776
2023-05-24,4,181,181,0.0074858159101750645
2023-05-24,5,180,180,0.008245566614381309
2023-05-25,1,181,181,-0.010035577663620185
2023-05-25,2,181,181,0.004250172964985897
2023-05-25,3,181,181,-0.014149163543362143
2023-05-25,4,181,181,-0.0008547763406774985
2023-05-25,5,180,180,0.0065289951175380515
2023-05-26,1,181,181,0.005174141544248427
2023-05-26,2,181,181,0.010025929636152462
2023-05-26,3,181,181,-0.009321531137409156
2023-05-26,4,181,181,-0.006192498668949831
2023-05-26,5,181,181,0.00793695752479234
2023-05-29,1,181,181,0.006363193547117178
2023-05-29,2,181,181,0.0028542557657176655
2023-05-29,3,180,180,0.005998947959975973
2023-05-29,4,181,181,-0.002882681090582047
2023-05-29,5,180,180,0.007182524873601105
2023-05-30,1,181,181,0.014350904035785853
2023-05-30,2,180,180,0.005263976197780346
2023-05-30,3,181,181,-0.0018051590169347066
2023-05-30,4,180,180,0.0017911518411903792
2023-05-30,5,180,180,0.0026100534551741594
2023-05-31,1,180,180,0.023502323990907896
2023-05-31,2,180,180,0.01772401827056364
2023-05-31,3,180,180,0.016125516146368746
2023-05-31,4,180,180,0.02848060376514853
2023-05-31,5,180,180,0.022936364182013266
2023-06-01,1,181,180,0.009928987666687168
2023-06-01,2,180,180,0.017394905718054056
2023-06-01,3,180,180,0.020656178362704072
2023-06-01,4,180,180,0.02451299524078015
2023-06-01,5,180,180,0.030979616473946266
2023-06-02,1,181,180,0.006451939608029653
2023-06-02,2,180,180,0.002269560973276326
2023-06-02,3,180,180,0.012855683133653477
2023-06-02,4,180,180,0.019953119169481226
2023-06-02,5,180,180,0.02471272762144959
2023-06-05,1,180,179,-0.005563213654164291
2023-06-05,2,180,180,-0.0019488355333794807
2023-06-05,3,180,180,0.019362808980442164
2023-06-05,4,180,180,0.004590607222640479
2023-06-05,5,179,179,0.01653498028889551
2023-06-06,1,180,180,0.014412442540511636
2023-06-06,2,179,179,0.0054799401238043634
2023-06-06,3,180,180,0.013821058612547097
2023-06-06,4,179,179,0.02690450714042877
2023-06-06,5,179,179,0.03872454559728923
2023-06-07,1,180,180,0.00456989676092709
2023-06-07,2,179,178,0.02288421470829894
2023-06-07,3,179,179,0.01660340772466272
2023-06-07,4,179,179,0.031947211549848864
2023-06-07,5,179,179,0.027127918044748903
2023-06-08,1,180,180,0.0053941980322068615
2023-06-08,2,179,179,0.024662010506895565
2023-06-08,3,180,180,0.019377611232026585
2023-06-08,4,179,179,0.02248323647827455
2023-06-08,5,179,179,0.021736861496674326
2023-06-09,1,179,179,0.013493694186935974
2023-06-09,2,179,179,0.009519911924841175
2023-06-09,3,179,179,0.031341901824387355
2023-06-09,4,179,179,0.018659988824268038
2023-06-09,5,179,179,0.038799157700455285
2023-06-12,1,180,180,-0.005698094930671267
2023-06-12,2,179,179,0.01830754191560976
2023-06-12,3,179,179,0.012828381446070026
2023-06-12,4,179,179,0.016946257898240075
2023-06-12,5,179,179,-0.00774965514244794
2023-06-13,1,180,180,0.007450944290731069
2023-06-13,2,180,180,0.015060044135572263
2023-06-13,3,179,179,0.017374768790521033
2023-06-13,4,180,180,0.019361291382358124
2023-06-13,5,179,179,0.004275997632855641
2023-06-14,1,179,179,0.0003347791560231167
2023-06-14,2,179,179,0.007015125255313948
2023-06-14,3,179,179,0.015644523791616637
2023-06-14,4,179,179,0.004746189264744725
2023-06-14,5,179,179,0.006948713046967607
2023-06-15,1,180,180,-0.015112050190913091
2023-06-15,2,179,179,0.0053480573957551064
2023-06-15,3,179,179,0.005310139437963995
2023-06-15,4,179,179,0.0006193964950409166
2023-06-15,5,179,179,0.002128607103954579
2023-06-16,1,180,180,-0.022521435931091294
2023-06-16,2,180,180,0.001802956102516684
2023-06-16,3,179,179,-0.008448288127237151
2023-06-16,4,180,180,-0.0003743240873643552
2023-06-16,5,179,179,-0.016476812304658823
2023-06-19,1,180,180,-0.02860270476340642
2023-06-19,2,180,180,0.0029820991391671333
2023-06-19,3,179,179,0.009163666733558819
2023-06-19,4,180,180,0.0025244518076581266
2023-06-19,5,179,179,-0.005228447899639011
2023-06-20,1,180,180,-0.05116124307528059
2023-06-20,2,180,180,-0.003631249407472621
2023-06-20,3,179,179,0.0028678315662223593
2023-06-20,4,180,180,0.00942727074451706
2023-06-20,5,179,179,-0.01946979317755874
2023-06-21,1,180,180,-0.030663253749328104
2023-06-21,2,180,180,0.010388376880811529
2023-06-21,3,180,180,0.028404785199986935
2023-06-21,4,180,180,0.025474918178243596
2023-06-21,5,180,180,0.010965687730428081
2023-06-26,1,181,181,-3.630543326651641e-05
2023-06-26,2,180,180,0.03984278636642048
2023-06-26,3,180,180,0.05329180105644786
2023-06-26,4,180,180,0.03298303188340709
2023-06-26,5,180,180,0.031217188162531467
2023-06-27,1,181,181,-0.009232065683783089
2023-06-27,2,181,181,0.0406240135118161
2023-06-27,3,181,181,0.0401460967772133
2023-06-27,4,181,181,0.03574106339317454
2023-06-27,5,180,180,0.017887909100410767
2023-06-28,1,181,181,-0.012582617603503614
2023-06-28,2,180,180,0.03185876722012371
2023-06-28,3,181,181,0.047208737498432456
2023-06-28,4,180,180,0.045171168005979485
2023-06-28,5,180,180,0.011257661183520491
2023-06-29,1,181,181,-0.026506633500737918
2023-06-29,2,180,180,0.014487193506325727
2023-06-29,3,181,181,0.03724568350607311
2023-06-29,4,180,180,0.035163887716590014
2023-06-29,5,180,180,0.0011341619182337695
2023-06-30,1,182,182,-0.026314208612795376
2023-06-30,2,181,181,0.02803135045261675
2023-06-30,3,181,181,0.05681440755901152
2023-06-30,4,181,181,0.03634783053804939
2023-06-30,5,181,181,0.0014340435867228453
2023-07-03,1,182,182,-0.016187471328809246
2023-07-03,2,181,181,0.03138143422527876
2023-07-03,3,182,182,0.035115329932300536
2023-07-03,4,181,180,0.04140925334829086
2023-07-03,5,181,181,-0.002818783632521709
2023-07-04,1,182,182,-0.020887859505304838
2023-07-04,2,181,181,0.029230540827130752
2023-07-04,3,181,181,0.031027808848310304
2023-07-04,4,181,181,0.028826101120257793
2023-07-04,5,181,181,-0.0008079700962794907
2023-07-05,1,180,180,-0.009352278626776976
2023-07-05,2,180,180,0.02506177368331072
2023-07-05,3,180,180,0.03340940637756704
2023-07-05,4,180,180,0.034760787316906426
2023-07-05,5,180,180,0.001514204199884394
2023-07-06,1,180,180,0.0070770691315272406
2023-07-06,2,180,180,0.046435078355059785
2023-07-06,3,180,180,0.05189770879147667
2023-07-06,4,180,180,0.04784063899785514
2023-07-06,5,179,179,0.004144889992419428
2023-07-07,1,181,181,0.011191104436802098
2023-07-07,2,180,180,0.03823660146919424
2023-07-07,3,180,180,0.04770960546551255
2023-07-07,4,180,180,0.03212732981362147
2023-07-07,5,180,180,0.004875706981918888
2023-07-10,1,180,180,0.0062760788166114495
2023-07-10,2,180,180,0.03156752172317854
2023-07-10,3,180,180,0.0455888780140264
2023-07-10,4,180,180,0.023987637694239044
2023-07-10,5,180,180,0.000856701086389533
2023-07-11,1,180,180,-4.4900221974033786e-05
2023-07-11,2,180,180,0.016620536255103874
2023-07-11,3,180,180,0.03638249756257096
2023-07-11,4,180,180,0.018584921376212392
2023-07-11,5,180,180,-0.011620479928500816
2023-07-12,1,180,180,-0.012128945770469319
2023-07-12,2,179,179,0.02824533966660687
2023-07-12,3,180,180,0.04486163860724528
2023-07-12,4,179,179,0.018242389204911686
2023-07-12,5,179,179,-0.0122919700621352
2023-07-13,1,180,180,-0.011763612544016805
2023-07-13,2,180,180,0.019319170275060225
2023-07-13,3,180,180,0.03982677747555084
2023-07-13,4,180,180,0.007363357998887599
2023-07-13,5,179,179,-0.021694298529101107
2023-07-14,1,180,180,-0.04086398216536934
2023-07-14,2,179,179,-0.002422910059568298
2023-07-14,3,180,180,0.0024276379434768737
2023-07-14,4,179,179,-0.016251377435976093
2023-07-14,5,179,179,-0.03267305642582787
2023-07-17,1,180,180,-0.028531568813980855
2023-07-17,2,179,179,-0.005950077703635799
2023-07-17,3,180,180,0.01917558681030832
2023-07-17,4,179,179,-0.0018149299056658206
2023-07-17,5,179,179,-0.02601854001925238
2023-07-18,1,180,180,-0.03522639874298679
2023-07-18,2,179,179,0.0029104027770043583
2023-07-18,3,180,180,0.009718708433605497
2023-07-18,4,179,179,-0.006436966720787529
2023-07-18,5,179,179,-0.04607688360289241
2023-07-19,1,180,180,-0.03968590673540289
2023-07-19,2,179,179,-0.017172477760019882
2023-07-19,3,179,179,0.006295881267799041
2023-07-19,4,179,179,-0.01788132868211329
2023-07-19,5,179,179,-0.05827632826209971
2023-07-20,1,179,179,-0.008589113775591552
2023-07-20,2,179,179,0.01124510755140679
2023-07-20,3,179,179,0.01847135203729359
2023-07-20,4,179,179,-0.0024763798019680366
2023-07-20,5,179,179,-0.030155537151538715
2023-07-21,1,180,180,-0.03231797643255999
2023-07-21,2,179,179,0.0036291810403134266
2023-07-21,3,180,180,-0.010582282746169866
2023-07-21,4,179,179,-0.0236731730895548
2023-07-21,5,179,179,-0.04451874316971182
2023-07-24,1,180,180,-0.04081758108174222
2023-07-24,2,179,179,-0.01953085276264703
2023-07-24,3,179,179,-0.0259707718107041
2023-07-24,4,179,179,-0.03727006385292666
2023-07-24,5,179,179,-0.06583579623985322
2023-07-25,1,180,180,-0.05015079567194067
2023-07-25,2,180,180,-0.037439492380335775
2023-07-25,3,180,180,-0.037419709882494816
2023-07-25,4,180,180,-0.036384462106909245
2023-07-25,5,180,180,-0.06037318674365273
2023-07-26,1,182,182,-0.057617255249792394
2023-07-26,2,182,182,-0.052509734234960505
2023-07-26,3,181,181,-0.0558400989555992
2023-07-26,4,182,182,-0.04413096016784493
2023-07-26,5,181,181,-0.051777945424942136
2023-07-27,1,182,182,-0.050753933686063825
2023-07-27,2,182,182,-0.049491788833148254
2023-07-27,3,182,182,-0.05471160590117684
2023-07-27,4,182,182,-0.04106538915001653
2023-07-27,5,181,181,-0.0502993443155915
2023-07-28,1,183,183,-0.03826025209531842
2023-07-28,2,182,182,-0.025521467814275584
2023-07-28,3,182,182,-0.04219490093689543
2023-07-28,4,182,182,-0.019884535481234138
2023-07-28,5,182,182,-0.0213285041586819
2023-07-31,1,183,183,-0.07286543906755041
2023-07-31,2,183,182,-0.08072444130264878
2023-07-31,3,182,182,-0.08066911858483562
2023-07-31,4,183,183,-0.07437556621280784
2023-07-31,5,182,182,-0.05382866141200432
2023-08-01,1,183,183,-0.053358812374370866
2023-08-01,2,183,182,-0.06008716922693463
2023-08-01,3,182,182,-0.04131475464498518
2023-08-01,4,183,183,-0.04476349491806153
2023-08-01,5,182,182,-0.03716961140360613
2023-08-02,1,184,184,-0.06110306260004286
2023-08-02,2,183,182,-0.04470872292132098
2023-08-02,3,183,183,-0.051043245237349655
2023-08-02,4,183,183,-0.03533794520183225
2023-08-02,5,183,183,-0.03669664822859636
2023-08-03,1,183,183,-0.07660058903922823
2023-08-03,2,183,183,-0.06510156470924876
2023-08-03,3,183,183,-0.05323692527900687
2023-08-03,4,183,182,-0.049284566330637096
2023-08-03,5,183,183,-0.044799243283690525
2023-08-04,1,184,184,-0.0558300683949388
2023-08-04,2,184,184,-0.057174634820820185
2023-08-04,3,183,183,-0.05266534507359554
2023-08-04,4,184,183,-0.04114131493421641
2023-08-04,5,183,183,-0.04073631933253899
2023-08-07,1,184,184,-0.04356000586705762
2023-08-07,2,184,184,-0.03275527397032866
2023-08-07,3,184,183,-0.03141335264269202
2023-08-07,4,184,184,-0.03356074813972586
2023-08-07,5,183,183,-0.02827071226254598
2023-08-08,1,184,184,-0.04924803637186849
2023-08-08,2,184,183,-0.03529808098798195
2023-08-08,3,184,184,-0.03872975770423449
2023-08-08,4,184,184,-0.02809774465796513
2023-08-08,5,183,183,-0.038520234918688154
2023-08-09,1,185,185,-0.034327434976299795
2023-08-09,2,184,184,-0.030972722805497514
2023-08-09,3,184,183,-0.031219211533354184
2023-08-09,4,184,184,-0.02591027301518008
2023-08-09,5,184,184,-0.02358201878441399
2023-08-10,1,184,184,-0.0432767600395364
2023-08-10,2,184,184,-0.048123734002648355
2023-08-10,3,184,183,-0.047451319079212774
2023-08-10,4,184,184,-0.0455966409526755
2023-08-10,5,184,184,-0.054320617861517845
2023-08-11,1,183,182,-0.018986764180980553
2023-08-11,2,183,183,-0.020378415806038032
2023-08-11,3,183,183,-0.01007324244572751
2023-08-11,4,183,183,-0.015773167771732922
2023-08-11,5,183,183,-0.010911801046314848
2023-08-14,1,184,184,-0.019400432933844455
2023-08-14,2,183,183,-0.0038459921407667584
2023-08-14,3,183,183,-0.02485370610205806
2023-08-14,4,183,183,-0.010565023222361879
2023-08-14,5,183,183,-0.019513903988387604
2023-08-15,1,183,183,-0.003090928910963027
2023-08-15,2,182,182,-0.014116975232916548
2023-08-15,3,183,183,-0.0029339606396505073
2023-08-15,4,182,182,-0.013175658645332365
2023-08-15,5,182,182,-0.00962355457888748
2023-08-16,1,183,183,0.0031680272395948755
2023-08-16,2,183,183,-0.01244736474576596
2023-08-16,3,182,182,-0.014781975678410095
2023-08-16,4,183,183,-0.019813049082274416
2023-08-16,5,182,182,-0.0017928211567625498
2023-08-17,1,183,183,-0.009979696759382217
2023-08-17,2,183,183,-0.017166343440002438
2023-08-17,3,183,183,-0.027070232448320148
2023-08-17,4,183,183,-0.019053476398150308
2023-08-17,5,183,183,-0.027380437582498977
2023-08-18,1,183,183,0.0016294911936351661
2023-08-18,2,183,183,-0.001970554754404817
2023-08-18,3,182,182,-0.009035327816773788
2023-08-18,4,183,183,-0.0035002881447460266
2023-08-18,5,182,182,-0.01523307677708018
2023-08-21,1,183,183,0.01302466254675363
2023-08-21,2,183,183,0.007665727393628066
2023-08-21,3,182,182,0.009984796664976484
2023-08-21,4,183,183,-0.005734899740967861
2023-08-21,5,182,182,0.001140158817407143
2023-08-22,1,183,183,0.0026164635077715057
2023-08-22,2,182,182,0.002046608187121597
2023-08-22,3,183,183,-0.00010319941414366602
2023-08-22,4,182,182,-0.010597365557322309
2023-08-22,5,182,182,-0.007186732175847601
2023-08-23,1,183,183,0.004784430432968509
2023-08-23,2,182,182,0.013179015477073243
2023-08-23,3,183,183,0.007098667913810939
2023-08-23,4,182,182,0.0036951845893789916
2023-08-23,5,182,182,-0.005472325199090067
2023-08-24,1,183,183,0.006276784766470048
2023-08-24,2,183,183,0.0022284531290150135
2023-08-24,3,182,182,-0.0016900846606997288
2023-08-24,4,183,183,0.01145261789843954
2023-08-24,5,182,182,-0.0032302111006314157
2023-08-25,1,182,182,-0.02631305399764991
2023-08-25,2,182,182,-0.01570400374270664
2023-08-25,3,182,182,-0.01623697580623159
2023-08-25,4,182,182,-0.02466319655516929
2023-08-25,5,182,182,-0.020875832126296574
2023-08-28,1,183,182,0.008921946964588034
2023-08-28,2,183,183,0.009015380281805574
2023-08-28,3,182,182,0.018565315085343464
2023-08-28,4,183,183,0.009005907152865728
2023-08-28,5,182,182,0.02688830187365749
2023-08-29,1,183,183,-0.02473458150988165
2023-08-29,2,183,183,-0.021067131427678413
2023-08-29,3,183,183,-0.00017405081135155696
2023-08-29,4,183,183,-0.011052520885719973
2023-08-29,5,183,183,-0.021151442885269104
2023-08-30,1,183,183,-0.01607573694662125
2023-08-30,2,183,183,-0.012014111668896264
2023-08-30,3,183,183,-0.003484400933662474
2023-08-30,4,183,183,0.0016064417354203528
2023-08-30,5,182,182,-0.010939510274311283
2023-08-31,1,183,183,-0.0005976498360019477
2023-08-31,2,182,182,-0.004334405028875836
2023-08-31,3,182,182,-0.006208488273628808
2023-08-31,4,182,182,0.0024411932739007644
2023-08-31,5,182,182,-0.008361578938095107
2023-09-01,1,182,182,-0.009321806883159714
2023-09-01,2,182,182,-0.003859593380581718
2023-09-01,3,182,182,-0.005031687405535416
2023-09-01,4,182,182,-0.012449659647178578
2023-09-01,5,181,181,-0.017618813797018264
2023-09-04,1,183,183,-0.023895809049979483
2023-09-04,2,182,182,-0.019764233475959268
2023-09-04,3,183,183,-0.01579662969093504
2023-09-04,4,182,182,-0.028809187032088804
2023-09-04,5,182,182,-0.028573585808037195
2023-09-05,1,183,183,-0.0028553653933290762
2023-09-05,2,183,183,-0.011549853952605499
2023-09-05,3,182,182,-0.013597168479776172
2023-09-05,4,183,183,-0.012086935224011917
2023-09-05,5,182,182,-0.014338873356545682
2023-09-06,1,183,183,-0.026085346236334135
2023-09-06,2,183,183,-0.005020803458288313
2023-09-06,3,183,183,-0.010750296562027209
2023-09-06,4,183,183,-0.004208077456546386
2023-09-06,5,183,183,-0.021729248758011552
2023-09-07,1,183,183,0.0008027210299227718
2023-09-07,2,183,183,0.0040655884826515136
2023-09-07,3,182,182,0.002221890855809351
2023-09-07,4,183,183,0.0037670606325364356
2023-09-07,5,182,182,0.006642361426931583
2023-09-08,1,183,183,-0.010157184493614023
2023-09-08,2,182,182,-0.013346591536175283
2023-09-08,3,182,182,-0.0031749519847548537
2023-09-08,4,182,182,-0.0028921264349247634
2023-09-08,5,182,182,-0.010102172567146588
2023-09-11,1,183,183,0.0010054731533204622
2023-09-11,2,182,182,-0.02374318224588883
2023-09-11,3,183,183,-0.0254054662547512
2023-09-11,4,182,182,-0.031231764816876936
2023-09-11,5,182,182,-0.02619757712654385
2023-09-12,1,183,183,-0.01769468008650617
2023-09-12,2,182,182,-0.03456128627008442
2023-09-12,3,183,183,-0.04075873321419114
2023-09-12,4,182,182,-0.042316082910762914
2023-09-12,5,182,182,-0.03736332309592295
2023-09-13,1,183,183,-0.0311718970654553
2023-09-13,2,182,182,-0.03555265409554155
2023-09-13,3,182,182,-0.0400536900859931
2023-09-13,4,182,182,-0.04673288249834976
2023-09-13,5,182,182,-0.043970789503979486
2023-09-14,1,183,183,-0.053850295705412866
2023-09-14,2,182,182,-0.042727211289499065
2023-09-14,3,183,183,-0.05391324074212154
2023-09-14,4,182,182,-0.04101021276569287
2023-09-14,5,182,182,-0.04278386218147245
2023-09-15,1,183,183,-0.06537882369464001
2023-09-15,2,183,183,-0.06700252398613797
2023-09-15,3,182,182,-0.050503987418124556
2023-09-15,4,183,183,-0.05282828628728835
2023-09-15,5,182,182,-0.03496124113452186
2023-09-18,1,183,183,-0.0382801642426233
2023-09-18,2,182,182,-0.0472791483592262
2023-09-18,3,183,183,-0.04849288665362326
2023-09-18,4,182,182,-0.04206482096709125
2023-09-18,5,182,182,-0.03681218089997244
2023-09-19,1,183,183,-0.027613376213589884
2023-09-19,2,182,182,-0.05403055319785356
2023-09-19,3,183,183,-0.03915643474311319
2023-09-19,4,182,182,-0.03967220811326434
2023-09-19,5,182,182,-0.02507626476868725
2023-09-20,1,183,183,-0.020654516206643707
2023-09-20,2,182,182,-0.029728257038715997
2023-09-20,3,183,183,-0.033906638434197264
2023-09-20,4,182,182,-0.01627923143925998
2023-09-20,5,182,182,-0.02663083108094195
2023-09-21,1,183,183,0.010500760225651736
2023-09-21,2,182,182,-0.016659884250785136
2023-09-21,3,183,183,-0.009816706302047402
2023-09-21,4,182,182,-0.005852644660128155
2023-09-21,5,182,182,-0.0019728804766168543
2023-09-22,1,183,183,0.0070552548487173555
2023-09-22,2,182,182,-0.004275800660058714
2023-09-22,3,182,182,-0.020930696785247057
2023-09-22,4,182,182,-0.014081441922154707
2023-09-22,5,182,182,-0.013158650053114
2023-09-25,1,182,182,0.0052127317980417915
2023-09-25,2,182,182,-0.01943554013848713
2023-09-25,3,182,182,-0.00934677629942768
2023-09-25,4,182,182,0.0007762079206298038
2023-09-25,5,182,182,-0.00040730149445473757
2023-09-26,1,182,182,-0.0025311355153546235
2023-09-26,2,182,182,-0.0037708251661267224
2023-09-26,3,182,182,-0.006769055239558696
2023-09-26,4,182,182,0.004814020355175363
2023-09-26,5,182,182,-0.0012494044068434977
2023-09-27,1,182,182,-0.029200452815939377
2023-09-27,2,182,182,-0.012369754475363915
2023-09-27,3,181,181,-0.01227934200014256
2023-09-27,4,182,182,-0.024278095904023727
2023-09-27,5,181,181,0.00537987537734678
2023-09-28,1,182,182,-0.006288633009575874
2023-09-28,2,182,182,-0.0060404938939713345
2023-09-28,3,181,181,-0.005234468449218019
2023-09-28,4,182,182,0.0038990007695679204
2023-09-28,5,181,181,-0.0018087197965776694
2023-10-09,1,182,182,0.015380303475718653
2023-10-09,2,182,182,-0.010853374500241595
2023-10-09,3,181,181,0.009894628132581629
2023-10-09,4,182,182,0.011340748134684548
2023-10-09,5,181,181,0.011538059779141503
2023-10-10,1,182,182,0.0317813820171986
2023-10-10,2,181,181,0.004862769555006067
2023-10-10,3,182,182,0.008851504769252927
2023-10-10,4,181,181,0.017100488718127648
2023-10-10,5,181,181,0.001299541483910657
2023-10-11,1,182,182,0.035704754626529805
2023-10-11,2,181,181,0.00824413964923812
2023-10-11,3,182,182,-0.0036959090960825714
2023-10-11,4,181,181,0.01652506745435046
2023-10-11,5,181,181,-0.012403432377100412
2023-10-12,1,182,182,0.013418146872489288
2023-10-12,2,181,181,0.0035183620691377443
2023-10-12,3,182,182,-0.00015656524002912036
2023-10-12,4,181,181,0.0024334303970410995
2023-10-12,5,181,181,-0.01785907405992278
2023-10-13,1,182,182,0.003321926337029135
2023-10-13,2,182,182,0.0038224354717595064
2023-10-13,3,181,181,0.0077530801749691935
2023-10-13,4,182,182,0.0013522195376392977
2023-10-13,5,181,181,-0.005667254759883938
2023-10-16,1,182,182,0.011371589669889989
2023-10-16,2,181,181,0.014266080028379424
2023-10-16,3,182,182,0.009505424086672843
2023-10-16,4,181,181,0.020994303807572997
2023-10-16,5,181,181,0.004213175049612637
2023-10-17,1,182,182,0.025388410913159548
2023-10-17,2,182,182,0.015920107283944305
2023-10-17,3,182,182,0.030751946252504887
2023-10-17,4,182,182,0.028256426944880605
2023-10-17,5,181,181,0.03811740034569632
2023-10-18,1,182,182,0.029838116164780694
2023-10-18,2,182,182,0.029009381837025523
2023-10-18,3,182,182,0.03960368260943804
2023-10-18,4,182,182,0.04655142278207028
2023-10-18,5,182,181,0.05466176895893043
2023-10-19,1,182,182,0.0429906732963613
2023-10-19,2,182,182,0.04296278579940616
2023-10-19,3,181,181,0.046657494753207164
2023-10-19,4,182,182,0.05277008302305224
2023-10-19,5,181,180,0.05392425269685602
2023-10-20,1,182,182,0.059857118319194616
2023-10-20,2,182,182,0.05133389297468153
2023-10-20,3,181,180,0.061769846972108966
2023-10-20,4,182,182,0.06927737249849199
2023-10-20,5,181,181,0.08831228195067589
2023-10-23,1,181,181,0.08274999999769123
2023-10-23,2,181,181,0.08157774527846176
2023-10-23,3,181,181,0.07780754450844378
2023-10-23,4,181,181,0.09170331413407397
2023-10-23,5,180,180,0.11480042160294938
2023-10-24,1,182,182,0.048802750674884716
2023-10-24,2,181,181,0.06300907295475919
2023-10-24,3,181,181,0.061883674965477226
2023-10-24,4,181,181,0.06324489000944913
2023-10-24,5,181,181,0.07741052658252487
2023-10-25,1,182,182,0.05314899175904367
2023-10-25,2,182,182,0.05584215647813287
2023-10-25,3,182,182,0.06209770385600943
2023-10-25,4,182,182,0.04902918361033826
2023-10-25,5,182,182,0.06670983848617722
2023-10-26,1,182,182,0.05830282024130561
2023-10-26,2,182,182,0.058935219791645295
2023-10-26,3,182,182,0.04974363654488284
2023-10-26,4,182,182,0.06813029241725559
2023-10-26,5,181,181,0.06622836673067177
2023-10-27,1,183,183,0.026046154950591476
2023-10-27,2,183,183,0.03799682779139904
2023-10-27,3,182,182,0.03766424125986797
2023-10-27,4,183,183,0.03897909994970963
2023-10-27,5,182,182,0.02589031842028985
2023-10-30,1,183,183,0.01989601851937214
2023-10-30,2,182,182,0.015495648070174211
2023-10-30,3,183,183,0.011671487727457137
2023-10-30,4,182,182,0.017637741591423863
2023-10-30,5,182,182,0.016591446970040228
2023-10-31,1,183,183,0.020296253752031573
2023-10-31,2,183,183,0.01931172776485643
2023-10-31,3,182,182,0.02537451314377286
2023-10-31,4,183,183,0.023032306237657674
2023-10-31,5,182,182,0.031007550515214054
2023-11-01,1,183,182,0.017695628220089632
2023-11-01,2,183,183,0.017122865292596056
2023-11-01,3,182,182,0.020791547092582605
2023-11-01,4,183,183,0.012292522061379867
2023-11-01,5,182,182,0.023059147748612886
2023-11-02,1,183,182,0.022917657616618906
2023-11-02,2,183,183,0.022923367329695098
2023-11-02,3,183,183,0.023245063535272923
2023-11-02,4,183,183,0.022934323957040956
2023-11-02,5,182,182,0.028001922943548103
2023-11-03,1,183,183,0.01881584143678133
2023-11-03,2,182,181,0.015316940563296993
2023-11-03,3,183,183,0.010190942579965162
2023-11-03,4,182,182,0.01065151905902884
2023-11-03,5,182,181,0.017146446137420675
2023-11-06,1,183,182,-0.0019657302122566417
2023-11-06,2,182,182,-0.002172148892539421
2023-11-06,3,183,183,-0.004179158973309581
2023-11-06,4,182,182,-0.00021532245426450584
2023-11-06,5,182,181,0.011639439072081145
2023-11-07,1,183,183,-0.02303001095842828
2023-11-07,2,183,182,-0.023163495418536
2023-11-07,3,182,182,-0.019907092292028118
2023-11-07,4,183,183,-0.01908395772307374
2023-11-07,5,182,181,-0.007668100742871452
2023-11-08,1,183,183,-0.031931268904922226
2023-11-08,2,183,182,-0.01407386600745112
2023-11-08,3,182,182,-0.009909166566566102
2023-11-08,4,183,183,-0.01201183529359741
2023-11-08,5,182,181,-0.004830826048627238
2023-11-09,1,183,183,-0.02754549775253379
2023-11-09,2,182,182,-0.017609380869892787
2023-11-09,3,183,183,0.005393401399605001
2023-11-09,4,182,182,0.00855195474869628
2023-11-09,5,182,181,-0.001518355825393754
2023-11-10,1,183,183,-0.021469364488046695
2023-11-10,2,182,182,-0.020826692457259748
2023-11-10,3,182,182,-0.01573374091164039
2023-11-10,4,182,182,-0.016996544600007057
2023-11-10,5,182,181,-0.01261538939291658
2023-11-13,1,183,183,0.016384118305279617
2023-11-13,2,182,182,-0.006815589386035214
2023-11-13,3,183,183,-0.009816508283440247
2023-11-13,4,182,182,-0.021946121393088294
2023-11-13,5,182,181,-0.009359865614325285
2023-11-14,1,183,183,-0.009888852915880817
2023-11-14,2,183,183,-0.003717727678495021
2023-11-14,3,182,182,-0.018543702136488833
2023-11-14,4,183,183,-0.01752588518153023
2023-11-14,5,182,182,-0.024287627336075125
2023-11-15,1,183,182,-0.0043351373286925655
2023-11-15,2,183,183,-0.017566051057524942
2023-11-15,3,183,183,-0.007048960451779719
2023-11-15,4,183,183,-0.02625557695246973
2023-11-15,5,183,183,-0.023440863410023882
2023-11-16,1,183,183,-0.010113414344787625
2023-11-16,2,183,183,-0.0016326407330728278
2023-11-16,3,183,183,-0.01808627875884468
2023-11-16,4,183,183,-0.023600291560936078
2023-11-16,5,182,182,-0.02863388640974874
2023-11-17,1,183,183,-0.02385234944148372
2023-11-17,2,183,183,-0.03026609382841975
2023-11-17,3,183,183,-0.023488566660681817
2023-11-17,4,183,182,-0.03472017491461707
2023-11-17,5,182,182,-0.050734847318498665
2023-11-20,1,183,183,-0.04527693008485219
2023-11-20,2,182,182,-0.048583432467723224
2023-11-20,3,183,183,-0.04690995407542224
2023-11-20,4,182,181,-0.04958784430632527
2023-11-20,5,182,182,-0.05920143101439857
2023-11-21,1,183,183,-0.030296516602583846
2023-11-21,2,183,183,-0.038355805528267305
2023-11-21,3,183,182,-0.04779842149142852
2023-11-21,4,183,183,-0.047505962741147496
2023-11-21,5,182,182,-0.054347331629372324
2023-11-22,1,183,183,-0.047977877672704325
2023-11-22,2,183,183,-0.042205511837396154
2023-11-22,3,183,183,-0.05838524158168758
2023-11-22,4,183,183,-0.06607419036336871
2023-11-22,5,182,182,-0.06359388432032109
2023-11-23,1,183,183,-0.05203446110830682
2023-11-23,2,183,183,-0.04302623313003133
2023-11-23,3,183,183,-0.061526533564060744
2023-11-23,4,183,183,-0.050948262822448166
2023-11-23,5,182,182,-0.058621232283409874
2023-11-24,1,183,183,-0.05382181647721863
2023-11-24,2,183,183,-0.04836168363084316
2023-11-24,3,183,183,-0.05623007912592913
2023-11-24,4,183,183,-0.061163795958906524
2023-11-24,5,182,182,-0.05722793795433353
2023-11-27,1,183,183,-0.04488708299328874
2023-11-27,2,183,183,-0.04369353792742654
2023-11-27,3,182,182,-0.04471089963589773
2023-11-27,4,183,183,-0.06482223280827733
2023-11-27,5,182,182,-0.04919355071954275
2023-11-28,1,183,183,-0.0642189404057196
2023-11-28,2,183,183,-0.05006872119711838
2023-11-28,3,183,183,-0.06292536701004406
2023-11-28,4,183,183,-0.07740237903405293
2023-11-28,5,182,182,-0.07131007126218686
2023-11-29,1,183,183,-0.046018986975224586
2023-11-29,2,183,183,-0.04747143683545309
2023-11-29,3,183,183,-0.04779133712924365
2023-11-29,4,183,182,-0.06494689548167777
2023-11-29,5,182,182,-0.06197400041549854
2023-11-30,1,183,183,-0.03837603524640965
2023-11-30,2,182,182,-0.027972460198418474
2023-11-30,3,183,183,-0.03060965918031484
2023-11-30,4,182,182,-0.047751044661456105
2023-11-30,5,182,182,-0.039532815359100935
2023-12-01,1,183,182,-0.02640084473334209
2023-12-01,2,183,183,-0.01976302404333086
2023-12-01,3,182,182,-0.028058117481753016
2023-12-01,4,183,183,-0.03512481637737679
2023-12-01,5,182,182,-0.038855732322088436
2023-12-04,1,183,183,-0.02174152899897963
2023-12-04,2,183,183,-0.026995645956133355
2023-12-04,3,182,182,-0.03204592498981926
2023-12-04,4,183,183,-0.031668072966199286
2023-12-04,5,182,182,-0.04729144286914203
2023-12-05,1,183,183,-0.010208165500736534
2023-12-05,2,183,183,-0.008119686508065355
2023-12-05,3,182,182,-0.00640276665402697
2023-12-05,4,183,182,-0.02414677679483637
2023-12-05,5,182,182,-0.032344647660665964
2023-12-06,1,183,183,-0.019142466037110586
2023-12-06,2,182,182,-0.016747529447852256
2023-12-06,3,183,183,-0.02226480907697333
2023-12-06,4,182,182,-0.025947172625531048
2023-12-06,5,182,182,-0.05285673175839981
2023-12-07,1,183,183,-0.04293245301838065
2023-12-07,2,182,182,-0.02472970731888196
2023-12-07,3,183,183,-0.04192707062847213
2023-12-07,4,182,182,-0.042463301891338616
2023-12-07,5,182,182,-0.06047705144985044
2023-12-08,1,182,182,-0.062134444523634084
2023-12-08,2,182,182,-0.03637674469652847
2023-12-08,3,182,182,-0.03954704714385984
2023-12-08,4,182,182,-0.04840866567309979
2023-12-08,5,181,181,-0.06466233179332961
2023-12-11,1,182,182,-0.06941828452593361
2023-12-11,2,182,182,-0.06231914508907534
2023-12-11,3,182,182,-0.055272164163480915
2023-12-11,4,182,182,-0.05980932648400049
2023-12-11,5,181,181,-0.06969446622955572
2023-12-12,1,182,182,-0.08170999695603058
2023-12-12,2,182,182,-0.06461481948018097
2023-12-12,3,182,182,-0.06565366314835532
2023-12-12,4,182,182,-0.05612528456033453
2023-12-12,5,182,182,-0.08449481684968611
2023-12-13,1,182,181,-0.06731561856437938
2023-12-13,2,182,182,-0.052552043860595
2023-12-13,3,182,182,-0.053527394280381106
2023-12-13,4,182,182,-0.04778862760900038
2023-12-13,5,182,182,-0.056825719192144006
2023-12-14,1,182,182,-0.06661685740832479
2023-12-14,2,182,182,-0.04879165838663718
2023-12-14,3,182,182,-0.05336281618509328
2023-12-14,4,182,182,-0.058989680016129954
2023-12-14,5,182,182,-0.049670532013692606
2023-12-15,1,183,182,-0.050279668179416925
2023-12-15,2,182,182,-0.03958731373190186
2023-12-15,3,182,182,-0.045082453635858326
2023-12-15,4,182,182,-0.03748235705209055
2023-12-15,5,182,182,-0.057800745891201225
2023-12-18,1,182,182,-0.03566146670557748
2023-12-18,2,181,181,-0.034552034098728326
2023-12-18,3,181,181,-0.02782058095411344
2023-12-18,4,181,181,-0.04209889155208309
2023-12-18,5,181,181,-0.05088995622641702
2023-12-19,1,182,182,-0.06642625868004362
2023-12-19,2,181,181,-0.04850004407404695
2023-12-19,3,181,181,-0.049336826676490184
2023-12-19,4,181,181,-0.07228202561930602
2023-12-19,5,181,181,-0.08368348923728894
2023-12-20,1,181,181,-0.0481641174184942
2023-12-20,2,181,181,-0.03216782608515544
2023-12-20,3,180,180,-0.041567371833692114
2023-12-20,4,181,181,-0.04285334357194815
2023-12-20,5,180,180,-0.06088785390387065
2023-12-21,1,181,181,-0.06061046409137419
2023-12-21,2,181,181,-0.049458144109816755
2023-12-21,3,181,181,-0.06078364859974056
2023-12-21,4,181,181,-0.05969101858456438
2023-12-21,5,180,180,-0.0873914307755792
2023-12-22,1,181,181,-0.09083601594017865
2023-12-22,2,181,181,-0.08539297144478822
2023-12-22,3,181,181,-0.09140885896574455
2023-12-22,4,181,181,-0.10555756990567568
2023-12-22,5,181,181,-0.12161597204507545
2023-12-25,1,181,181,-0.08260620764650896
2023-12-25,2,181,181,-0.0737357150571629
2023-12-25,3,181,181,-0.07604048089290283
2023-12-25,4,181,181,-0.09401020629014767
2023-12-25,5,180,180,-0.09554219247978749
2023-12-26,1,180,180,-0.06494389000915578
2023-12-26,2,180,180,-0.03781611995042379
2023-12-26,3,180,180,-0.06169372974322614
2023-12-26,4,180,180,-0.06722331879664986
2023-12-26,5,180,180,-0.07998063278043623
2023-12-27,1,181,181,-0.039983056388240026
2023-12-27,2,180,180,-0.03330847338729448
2023-12-27,3,181,181,-0.02791275018403932
2023-12-27,4,180,180,-0.050475430373308025
2023-12-27,5,180,180,-0.04970945178969382
2023-12-28,1,182,182,-0.07454518334942045
2023-12-28,2,181,181,-0.0419287051416137
2023-12-28,3,182,182,-0.04418622182540473
2023-12-28,4,181,181,-0.0544409792545118
2023-12-28,5,181,181,-0.056756987590357355
2023-12-29,1,182,182,-0.12064135734202802
2023-12-29,2,181,181,-0.08064195588904434
2023-12-29,3,181,181,-0.07873375074694253
2023-12-29,4,181,181,-0.08474937192429582
2023-12-29,5,181,180,-0.09196474168671735
2024-01-02,1,182,182,-0.11659526994820368
2024-01-02,2,181,181,-0.09615248957286283
2024-01-02,3,182,182,-0.09662920715040385
2024-01-02,4,181,181,-0.09999180067445816
2024-01-02,5,181,180,-0.1420516116927528
2024-01-03,1,182,182,-0.13930283123313
2024-01-03,2,181,181,-0.12428313021014963
2024-01-03,3,182,182,-0.12511233998945082
2024-01-03,4,181,181,-0.1269094024315752
2024-01-03,5,181,180,-0.17360983047395184
2024-01-04,1,181,180,-0.13887574750204043
2024-01-04,2,181,181,-0.12048588788526823
2024-01-04,3,181,181,-0.12641826033421427
2024-01-04,4,181,181,-0.11917072232997124
2024-01-04,5,181,180,-0.16686578531083993
2024-01-05,1,181,180,-0.13655662735323454
2024-01-05,2,181,181,-0.13828924374689364
2024-01-05,3,181,181,-0.14664668100017092
2024-01-05,4,181,181,-0.1749911879148956
2024-01-05,5,180,179,-0.1788829492282606
2024-01-08,1,181,181,-0.1444285577652131
2024-01-08,2,181,181,-0.18325882093626725
2024-01-08,3,180,180,-0.1774541891665933
2024-01-08,4,181,181,-0.19750196132956385
2024-01-08,5,180,180,-0.22086598390666165
2024-01-09,1,181,181,-0.11513180132512053
2024-01-09,2,180,180,-0.13006106941079906
2024-01-09,3,180,180,-0.11320048082270924
2024-01-09,4,180,180,-0.12618874589637563
2024-01-09,5,180,180,-0.16746998256597767
2024-01-10,1,181,181,-0.08974241223770217
2024-01-10,2,180,180,-0.0992562649502604
2024-01-10,3,180,180,-0.11008081842351324
2024-01-10,4,180,180,-0.08353741196669139
2024-01-10,5,180,180,-0.1252135882095919
2024-01-11,1,181,181,-0.0797996492415778
2024-01-11,2,181,181,-0.0751374984461561
2024-01-11,3,181,181,-0.07522954219899415
2024-01-11,4,181,180,-0.07074840447581283
2024-01-11,5,181,181,-0.08587799238613611
2024-01-12,1,181,181,-0.09104054979755409
2024-01-12,2,181,181,-0.04726284796152462
2024-01-12,3,180,180,-0.08151779407064891
2024-01-12,4,181,181,-0.06751082536626526
2024-01-12,5,180,180,-0.08441904961028457
2024-01-15,1,181,181,-0.08436215709425818
2024-01-15,2,181,181,-0.05344388549319848
2024-01-15,3,180,180,-0.0697246487193562
2024-01-15,4,181,181,-0.08485101605893687
2024-01-15,5,180,180,-0.06952671866632058
2024-01-16,1,181,181,-0.06952468315746049
2024-01-16,2,180,180,-0.0490131500048042
2024-01-16,3,180,180,-0.04172112279494796
2024-01-16,4,180,180,-0.06904209339912197
2024-01-16,5,180,180,-0.055624202861616054
2024-01-17,1,180,180,-0.021549385207143765
2024-01-17,2,180,180,-0.012836748165623166
2024-01-17,3,179,179,0.003771942691339311
2024-01-17,4,180,180,-0.01730868457677581
2024-01-17,5,179,179,-0.022288333192793865
2024-01-18,1,180,180,-0.018132978894662772
2024-01-18,2,180,180,-0.0018566766902673782
2024-01-18,3,180,180,0.005478055745924899
2024-01-18,4,180,180,-0.0027496372017124836
2024-01-18,5,179,179,-0.015317969726313186
2024-01-19,1,180,180,-0.0143421651992844
2024-01-19,2,179,179,0.0017055742602863483
2024-01-19,3,180,180,0.011140412956620188
2024-01-19,4,179,179,-0.0029906260877047837
2024-01-19,5,179,179,0.0023794848450718357
2024-01-22,1,179,179,0.06674556758863427
2024-01-22,2,178,178,0.07809785309639787
2024-01-22,3,179,179,0.0851402163677684
2024-01-22,4,178,178,0.08248811875788899
2024-01-22,5,178,178,0.08871231898709447
2024-01-23,1,179,179,0.009513414927809728
2024-01-23,2,179,179,0.02652751718802325
2024-01-23,3,178,178,0.030444179098893666
2024-01-23,4,179,179,0.013753699171745593
2024-01-23,5,178,178,-0.0027328170236128897
2024-01-24,1,181,181,0.03638636032026764
2024-01-24,2,180,180,0.059242616234507925
2024-01-24,3,180,180,0.054602320791904455
2024-01-24,4,180,180,0.04352611239005235
2024-01-24,5,180,180,0.01868785221159422
2024-01-25,1,182,182,0.039334272802720775
2024-01-25,2,182,182,0.018109730595318417
2024-01-25,3,181,181,0.02439935999551749
2024-01-25,4,182,182,0.035793545959246206
2024-01-25,5,181,181,-0.004984708156412932
2024-01-26,1,182,182,0.02019446057233487
2024-01-26,2,182,182,0.009602078698631321
2024-01-26,3,181,181,0.008966700557246287
2024-01-26,4,182,182,0.03441578435398315
2024-01-26,5,181,181,0.011146308759126335
2024-01-29,1,181,181,0.04768085450215672
2024-01-29,2,181,181,0.02410762840069535
2024-01-29,3,181,181,0.04470774558848004
2024-01-29,4,181,180,0.04479620560524665
2024-01-29,5,180,180,0.04748966754098686
2024-01-30,1,180,180,0.06011325820986217
2024-01-30,2,180,180,0.05395892168136862
2024-01-30,3,180,180,0.06896798975307872
2024-01-30,4,180,180,0.08660791052885092
2024-01-30,5,179,179,0.11341047092642609
2024-01-31,1,178,178,0.09749160629450525
2024-01-31,2,177,177,0.08936979249150788
2024-01-31,3,178,178,0.0866955992014748
2024-01-31,4,177,177,0.1135398314320444
2024-01-31,5,177,177,0.12855160637557583
2024-02-01,1,178,177,0.10209019561029725
2024-02-01,2,177,177,0.11281844190586558
2024-02-01,3,178,178,0.11676868846112502
2024-02-01,4,177,177,0.12275850800919175
2024-02-01,5,177,177,0.11333251613968992
2024-02-02,1,177,177,0.16061405794768696
2024-02-02,2,177,177,0.16430541212617036
2024-02-02,3,176,176,0.19512343982921546
2024-02-02,4,177,177,0.19360583675088297
2024-02-02,5,176,176,0.19803771423545163
2024-02-05,1,175,175,0.18497038805507737
2024-02-05,2,175,175,0.2205909955697341
2024-02-05,3,175,175,0.2833309409272311
2024-02-05,4,175,175,0.31777530718906577
2024-02-05,5,174,174,0.29768167646296406
2024-02-06,1,176,176,0.0998852785375204
2024-02-06,2,176,176,0.16639767456397891
2024-02-06,3,176,176,0.1957984322352047
2024-02-06,4,176,176,0.206002938142569
2024-02-06,5,176,176,0.22406006535658296
2024-02-07,1,176,176,0.04998939799554248
2024-02-07,2,176,176,0.08575177717208025
2024-02-07,3,175,175,0.1522095655273248
2024-02-07,4,176,176,0.16121310308513578
2024-02-07,5,175,175,0.25793979691480934
2024-02-08,1,178,178,0.04612397111847799
2024-02-08,2,178,178,0.07212951337653183
2024-02-08,3,177,176,0.1180673138425223
2024-02-08,4,178,178,0.11110715296757577
2024-02-08,5,177,177,0.20046714328820975
2024-02-19,1,178,178,0.11084776722384708
2024-02-19,2,178,178,0.09835733502859703
2024-02-19,3,178,177,0.12073121321330188
2024-02-19,4,178,178,0.11930259063456114
2024-02-19,5,178,178,0.15637712993187927
2024-02-20,1,179,179,0.14105335578596384
2024-02-20,2,179,179,0.0944741240681523
2024-02-20,3,178,177,0.0989570846662341
2024-02-20,4,179,179,0.07881213909777511
2024-02-20,5,178,177,0.14878889720649766
2024-02-21,1,179,179,0.1386882376278624
2024-02-21,2,179,179,0.10238510542260044
2024-02-21,3,178,177,0.10783039053541031
2024-02-21,4,179,178,0.09347365705067441
2024-02-21,5,178,178,0.09083224072721759
2024-02-22,1,179,179,0.1349356113134982
2024-02-22,2,179,178,0.07776526004722063
2024-02-22,3,179,178,0.07548508822703923
2024-02-22,4,179,179,0.06304740782674674
2024-02-22,5,179,179,0.05248482598868514
2024-02-23,1,179,179,0.09498878969154421
2024-02-23,2,179,179,0.04047343520395737
2024-02-23,3,179,178,0.0457078501973737
2024-02-23,4,179,178,0.040694218961341774
2024-02-23,5,179,179,0.04225190378541251
2024-02-26,1,180,180,0.06321317506894153
2024-02-26,2,179,179,0.028152277911174816
2024-02-26,3,179,178,0.04009394872849774
2024-02-26,4,179,179,0.022593329375179688
2024-02-26,5,179,179,0.027652550572381265
2024-02-27,1,180,180,0.02213720825754138
2024-02-27,2,179,179,0.007272536312531889
2024-02-27,3,180,180,0.003701412276905721
2024-02-27,4,179,179,0.006371750944969307
2024-02-27,5,179,179,0.0014278037402024892
2024-02-28,1,179,179,0.05014552904652616
2024-02-28,2,179,179,0.025134323447722873
2024-02-28,3,179,179,0.010838831466131635
2024-02-28,4,179,179,0.021023632743904865
2024-02-28,5,179,179,0.03138192832022321
2024-02-29,1,180,180,0.008117570897516654
2024-02-29,2,179,179,0.001003721187357025
2024-02-29,3,179,179,-0.0060121326270026285
2024-02-29,4,179,179,0.00019599591661688607
2024-02-29,5,179,179,0.02201925514655119
2024-03-01,1,180,180,-0.0007830372388203092
2024-03-01,2,179,179,-0.0030797321612475023
2024-03-01,3,179,179,0.012272405141207124
2024-03-01,4,179,179,0.021481163151998307
2024-03-01,5,179,179,0.018662890472680934
2024-03-04,1,179,179,0.02797388782305319
2024-03-04,2,179,179,0.024642417731569374
2024-03-04,3,179,179,0.015322330487428988
2024-03-04,4,179,179,0.04540798069635756
2024-03-04,5,179,179,0.047677099728400826
2024-03-05,1,180,180,0.03631094969544914
2024-03-05,2,179,179,0.02155896197664332
2024-03-05,3,179,179,0.020556045304978232
2024-03-05,4,179,179,0.022225728052923593
2024-03-05,5,179,179,0.05860764236463618
2024-03-06,1,179,179,0.020012099382584934
2024-03-06,2,179,179,0.026985272151243855
2024-03-06,3,179,179,0.018462158969471985
2024-03-06,4,179,179,0.021051261448433247
2024-03-06,5,179,179,0.014892152320842574
2024-03-07,1,179,179,0.020982949011694972
2024-03-07,2,179,179,0.03632492624700072
2024-03-07,3,179,179,0.0074925020092049
2024-03-07,4,179,179,0.014546925395798655
2024-03-07,5,178,178,-0.00335786070882598
2024-03-08,1,179,179,0.02264417613342221
2024-03-08,2,179,179,0.0189945615109193
2024-03-08,3,178,178,0.016819190742174576
2024-03-08,4,179,179,0.0029183728778324845
2024-03-08,5,178,178,0.015636385054471194
2024-03-11,1,180,180,-0.009411141389179305
2024-03-11,2,179,179,-0.016993089632233335
2024-03-11,3,179,179,-0.01998021552254282
2024-03-11,4,179,179,-0.03230595767685449
2024-03-11,5,179,179,-0.04408803153854888
2024-03-12,1,180,180,-0.030049170276046363
2024-03-12,2,180,180,-0.02054443470288016
2024-03-12,3,180,180,-0.012622528446027154
2024-03-12,4,180,180,-0.019786261164907358
2024-03-12,5,179,179,-0.01615735536811707
2024-03-13,1,180,180,-0.05183079538704307
2024-03-13,2,180,180,-0.021539114981767506
2024-03-13,3,179,179,-0.035163354499374806
2024-03-13,4,180,180,-0.022763622205228297
2024-03-13,5,179,179,-0.01912481900032799
2024-03-14,1,180,179,-0.06190193032986653
2024-03-14,2,179,179,-0.03135555011072008
2024-03-14,3,180,180,-0.03854933595509324
2024-03-14,4,179,179,-0.03235716045372842
2024-03-14,5,179,179,0.004647075165208414
2024-03-15,1,181,181,-0.10350070419320072
2024-03-15,2,180,180,-0.08195429378405156
2024-03-15,3,180,180,-0.07877251365619549
2024-03-15,4,180,180,-0.05987186902710313
2024-03-15,5,180,180,-0.03893510584745981
2024-03-18,1,181,181,-0.07786069903031656
2024-03-18,2,180,180,-0.05908037058256417
2024-03-18,3,181,181,-0.04779611577526621
2024-03-18,4,180,180,-0.04826696956456823
2024-03-18,5,180,180,-0.0347379029670095
2024-03-19,1,180,180,-0.05673862250891295
2024-03-19,2,180,180,-0.05286626152938788
2024-03-19,3,180,180,-0.04317945326154886
2024-03-19,4,180,180,-0.043627050265427056
2024-03-19,5,180,179,-0.05445667448722958
2024-03-20,1,180,180,-0.07361461933193073
2024-03-20,2,180,180,-0.05798044822934657
2024-03-20,3,180,180,-0.058344437149389805
2024-03-20,4,180,180,-0.05761094802672478
2024-03-20,5,180,180,-0.06592492616799299
2024-03-21,1,181,181,-0.09732030468361416
2024-03-21,2,180,180,-0.05640384501320695
2024-03-21,3,181,181,-0.05208586704713309
2024-03-21,4,180,180,-0.04671725960921296
2024-03-21,5,180,180,-0.06568497317331522
2024-03-22,1,180,180,-0.08926122369517205
2024-03-22,2,180,180,-0.03482952269362776
2024-03-22,3,180,180,-0.04449857560927201
2024-03-22,4,180,180,-0.038160964191522546
2024-03-22,5,179,179,-0.058109331482707194
2024-03-25,1,180,180,-0.0364474073743843
2024-03-25,2,180,180,-0.008957275420196921
2024-03-25,3,179,178,-0.028869278453016366
2024-03-25,4,180,180,-0.025029186254989462
2024-03-25,5,179,179,-0.05971046960422678
2024-03-26,1,180,179,-0.03334406418570514
2024-03-26,2,180,180,-0.002334769180164992
2024-03-26,3,180,180,-0.018236709881695474
2024-03-26,4,180,180,-0.023402925872035428
2024-03-26,5,179,179,-0.05847539633974538
2024-03-27,1,179,179,0.025836864843859178
2024-03-27,2,178,178,0.028419257233614256
2024-03-27,3,178,178,0.01900899951261921
2024-03-27,4,178,178,0.009132368673553947
2024-03-27,5,178,178,0.00404489061781089
2024-03-28,1,180,179,0.028664996569124114
2024-03-28,2,179,178,0.03041560432922393
2024-03-28,3,179,178,0.02094658899271976
2024-03-28,4,179,177,0.027918452649687543
2024-03-28,5,179,177,0.005406632417463503
2024-03-29,1,180,180,0.011838229176517003
2024-03-29,2,179,179,0.021792763820904896
2024-03-29,3,179,179,0.018435935285594708
2024-03-29,4,179,178,0.018197182520724393
2024-03-29,5,179,179,-0.003712786486617999
2024-04-01,1,180,180,-0.00038625649568672216
2024-04-01,2,180,180,0.021686289253794063
2024-04-01,3,180,179,0.01736942487094309
2024-04-01,4,180,180,-0.0010287792124909871
2024-04-01,5,180,180,-0.019836495217803327
2024-04-02,1,181,181,0.015655204321831553
2024-04-02,2,180,180,0.009772967557301223
2024-04-02,3,181,180,0.02623679250221628
2024-04-02,4,180,180,0.003071083914444518
2024-04-02,5,180,180,-0.0032788827901239666
2024-04-03,1,181,181,0.002308375106624028
2024-04-03,2,181,181,0.010985229808269227
2024-04-03,3,181,180,0.005019587208655381
2024-04-03,4,181,181,0.006383640926848232
2024-04-03,5,180,180,0.0002815850317278681
2024-04-08,1,180,180,0.030386687197027095
2024-04-08,2,179,179,0.0338412429767218
2024-04-08,3,180,179,0.056918613418293906
2024-04-08,4,179,179,0.0291340557972909
2024-04-08,5,179,179,0.026959953151987064
2024-04-09,1,181,181,0.00988075489206113
2024-04-09,2,180,180,0.020781367139483267
2024-04-09,3,180,179,0.019515519891469286
2024-04-09,4,180,179,0.021244315526397654
2024-04-09,5,180,180,0.0016915690179837171
2024-04-10,1,180,180,0.030786711397441484
2024-04-10,2,180,180,0.04383741236482842
2024-04-10,3,180,180,0.04429033768053777
2024-04-10,4,180,179,0.04491751104302069
2024-04-10,5,180,180,0.017816657632445103
2024-04-11,1,181,181,0.027697026961575506
2024-04-11,2,180,180,0.03966968087934694
2024-04-11,3,181,181,0.03787135986906361
2024-04-11,4,180,180,0.029177246908668304
2024-04-11,5,180,179,0.01515586490736066
2024-04-12,1,180,180,0.05288184686535344
2024-04-12,2,180,180,0.04696831917644337
2024-04-12,3,179,179,0.03281996320144792
2024-04-12,4,180,180,0.018319782570979385
2024-04-12,5,179,178,0.026980154589862772
2024-04-15,1,180,180,0.04711834321447122
2024-04-15,2,179,179,0.043133770145007376
2024-04-15,3,179,179,0.04972618941890545
2024-04-15,4,179,179,0.04733577424110381
2024-04-15,5,179,179,0.04270316250353908
2024-04-16,1,178,178,0.0723504752182612
2024-04-16,2,177,176,0.09169360655397982
2024-04-16,3,177,177,0.08647570424869566
2024-04-16,4,177,176,0.10894568124171623
2024-04-16,5,177,177,0.10036429574145683
2024-04-17,1,180,179,0.054874748514766016
2024-04-17,2,179,179,0.06898873591316844
2024-04-17,3,179,179,0.06616752176043735
2024-04-17,4,179,179,0.06611604399907463
2024-04-17,5,179,179,0.04955868452950507
2024-04-18,1,180,180,0.046501060805278965
2024-04-18,2,179,179,0.05135367936847751
2024-04-18,3,179,179,0.06874185942886761
2024-04-18,4,179,179,0.07058669178388015
2024-04-18,5,179,179,0.04526416570456869
2024-04-19,1,179,179,0.0225119371914461
2024-04-19,2,178,178,0.051312801715609514
2024-04-19,3,179,179,0.07343640487372602
2024-04-19,4,178,178,0.08231392325075931
2024-04-19,5,178,178,0.06692935537522814
2024-04-22,1,178,178,0.030783921429781605
2024-04-22,2,178,178,0.036341315810049554
2024-04-22,3,178,178,0.04885679629482833
2024-04-22,4,178,178,0.04901232535545
2024-04-22,5,177,177,0.050826613826795576
2024-04-23,1,178,178,0.04138457751824834
2024-04-23,2,178,178,0.03157966238893734
2024-04-23,3,178,178,0.029692709507493364
2024-04-23,4,178,178,0.04220570601980373
2024-04-23,5,178,178,0.04457709281212879
2024-04-24,1,179,179,0.03794617237365379
2024-04-24,2,178,178,0.031044360575704855
2024-04-24,3,178,178,0.04601181563039944
2024-04-24,4,178,177,0.03774904167827493
2024-04-24,5,178,178,0.03215015468871168
2024-04-25,1,179,179,0.023932220125679065
2024-04-25,2,178,178,0.026384840583367538
2024-04-25,3,178,178,0.015687138216373967
2024-04-25,4,178,178,0.01997420668753563
2024-04-25,5,178,177,0.018625764443931155
2024-04-26,1,181,181,-0.0006778801747839706
2024-04-26,2,180,180,0.0017191667981010417
2024-04-26,3,180,180,0.0007492373225459944
2024-04-26,4,180,180,0.0076578976788267495
2024-04-26,5,180,180,-0.0060959482866294315
2024-04-29,1,181,180,-0.012892820686027602
2024-04-29,2,181,181,-0.021414923476708665
2024-04-29,3,181,181,-0.019787673980632747
2024-04-29,4,181,180,-0.01649347847397415
2024-04-29,5,180,177,-0.026132795663283415
2024-04-30,1,180,180,-0.026167493738195245
2024-04-30,2,179,179,-0.01813104251852637
2024-04-30,3,180,180,-0.021790916939492307
2024-04-30,4,179,179,-0.02532757669968095
2024-04-30,5,179,179,-0.03672944372707412
2024-05-06,1,181,181,-0.040847511161301045
2024-05-06,2,181,181,-0.04900016930762659
2024-05-06,3,181,181,-0.03847832918852208
2024-05-06,4,181,181,-0.046431132821259595
2024-05-06,5,180,180,-0.057438928490279276
2024-05-07,1,181,181,-0.04574748290157755
2024-05-07,2,181,181,-0.04529143997635221
2024-05-07,3,180,180,-0.03180664864209121
2024-05-07,4,181,181,-0.04278776340474266
2024-05-07,5,180,180,-0.049701907419816435
2024-05-08,1,181,181,-0.04150386278450983
2024-05-08,2,180,180,-0.03902908294913298
2024-05-08,3,181,181,-0.03736491798128519
2024-05-08,4,180,180,-0.037687126132164774
2024-05-08,5,180,180,-0.04936875019151184
2024-05-09,1,181,181,-0.06972919575813938
2024-05-09,2,180,180,-0.05403877010664713
2024-05-09,3,181,181,-0.07233742363631541
2024-05-09,4,180,180,-0.06522136669288833
2024-05-09,5,180,180,-0.08346616782028787
2024-05-10,1,181,181,-0.05327919852715523
2024-05-10,2,181,181,-0.05911218632574469
2024-05-10,3,180,180,-0.06263454914829357
2024-05-10,4,181,181,-0.06217823191502677
2024-05-10,5,180,179,-0.06494128842668787
2024-05-13,1,180,180,-0.0583361739098128
2024-05-13,2,180,180,-0.046922329414393824
2024-05-13,3,180,180,-0.05539241188882595
2024-05-13,4,180,180,-0.06308840725257557
2024-05-13,5,180,180,-0.05117053185817202
2024-05-14,1,181,181,-0.05462561838496039
2024-05-14,2,180,180,-0.05118274992093163
2024-05-14,3,180,180,-0.05067966488810455
2024-05-14,4,180,180,-0.0508325707094714
2024-05-14,5,180,180,-0.047802212907816145
2024-05-15,1,181,181,-0.06557218075984891
2024-05-15,2,180,180,-0.05643406479552358
2024-05-15,3,180,180,-0.05148088020698683
2024-05-15,4,180,180,-0.056931123483463054
2024-05-15,5,180,180,-0.057003593693539883
2024-05-16,1,181,181,-0.06089425224283997
2024-05-16,2,180,180,-0.05596138589593043
2024-05-16,3,180,180,-0.05246882652944813
2024-05-16,4,180,180,-0.04352625742864595
2024-05-16,5,180,180,-0.06348370417381587
2024-05-17,1,182,181,-0.0752509722384508
2024-05-17,2,181,181,-0.06997708194379877
2024-05-17,3,181,180,-0.06217083273664732
2024-05-17,4,181,181,-0.05690012550603766
2024-05-17,5,181,181,-0.0645327835283418
2024-05-20,1,181,181,-0.07920822133899487
2024-05-20,2,180,180,-0.06135314816651692
2024-05-20,3,180,180,-0.05073583014368577
2024-05-20,4,180,180,-0.04449710645231756
2024-05-20,5,180,180,-0.06084586780682529
2024-05-21,1,181,181,-0.08725686043700157
2024-05-21,2,180,180,-0.05556153073037778
2024-05-21,3,180,180,-0.057876103213165504
2024-05-21,4,180,180,-0.0535764342994359
2024-05-21,5,180,180,-0.06536107723319813
2024-05-22,1,181,181,-0.10940809608046606
2024-05-22,2,180,180,-0.07769110719734972
2024-05-22,3,181,181,-0.07371133308146748
2024-05-22,4,180,180,-0.06998266456676566
2024-05-22,5,180,180,-0.07301849257912114
2024-05-23,1,180,180,-0.08423998114116357
2024-05-23,2,179,179,-0.055457602908826564
2024-05-23,3,179,179,-0.06426189998714574
2024-05-23,4,179,179,-0.058041044016965686
2024-05-23,5,179,179,-0.06388928159427139
2024-05-24,1,180,180,-0.07839383560345624
2024-05-24,2,179,179,-0.06581180714047591
2024-05-24,3,179,179,-0.07259056325071025
2024-05-24,4,179,179,-0.07944738865108869
2024-05-24,5,179,179,-0.08920463652939474
2024-05-27,1,180,180,-0.08438548493901687
2024-05-27,2,179,179,-0.07430703412183097
2024-05-27,3,180,180,-0.08673228827781837
2024-05-27,4,179,179,-0.09092802783054874
2024-05-27,5,179,179,-0.10570648956271213
2024-05-28,1,179,179,-0.059949641935307746
2024-05-28,2,179,179,-0.058999653808546854
2024-05-28,3,179,179,-0.05583229169504271
2024-05-28,4,179,179,-0.053475798425711166
2024-05-28,5,179,179,-0.06973715834792202
2024-05-29,1,179,179,-0.06558180273735702
2024-05-29,2,179,179,-0.08095428724861722
2024-05-29,3,179,179,-0.06856993236039308
2024-05-29,4,179,179,-0.06783796834835241
2024-05-29,5,178,178,-0.09055276401564255
2024-05-30,1,179,179,-0.05935970126099469
2024-05-30,2,178,178,-0.06141851168562702
2024-05-30,3,179,179,-0.07367245758429378
2024-05-30,4,178,178,-0.06854074641722649
2024-05-30,5,178,178,-0.08106329303413527
2024-05-31,1,178,178,-0.04018772563288764
2024-05-31,2,178,178,-0.06309464822305855
2024-05-31,3,178,178,-0.06096708201843726
2024-05-31,4,178,178,-0.06360447125982092
2024-05-31,5,177,177,-0.06631316531159417
2024-06-03,1,178,178,-0.03722733944527187
2024-06-03,2,177,177,-0.05610241914773469
2024-06-03,3,178,178,-0.04362732156769112
2024-06-03,4,177,177,-0.058107336006247186
2024-06-03,5,177,177,-0.06112132981969713
2024-06-04,1,177,177,-0.061565637664024
2024-06-04,2,177,177,-0.06472272016845784
2024-06-04,3,176,176,-0.05754806325874886
2024-06-04,4,177,177,-0.05541195697077209
2024-06-04,5,176,176,-0.060614551414331634
2024-06-05,1,177,177,-0.07322977150741311
2024-06-05,2,176,176,-0.07150086296499336
2024-06-05,3,176,176,-0.07531014550204511
2024-06-05,4,176,176,-0.07185913703531016
2024-06-05,5,176,176,-0.06974924076110352
2024-06-06,1,176,176,-0.07011102501828763
2024-06-06,2,176,176,-0.04716634393802062
2024-06-06,3,176,175,-0.0546809682859282
2024-06-06,4,176,176,-0.04925674167000796
2024-06-06,5,176,176,-0.042373766684476497
2024-06-07,1,177,177,-0.07541847039100454
2024-06-07,2,176,175,-0.06193926537751415
2024-06-07,3,177,177,-0.06916688807873266
2024-06-07,4,176,176,-0.0746782826352032
2024-06-07,5,176,176,-0.06409166120457645
2024-06-11,1,176,176,-0.0755707036984916
2024-06-11,2,176,176,-0.055574965182228514
2024-06-11,3,175,175,-0.06074600192313607
2024-06-11,4,176,176,-0.061974431615933634
2024-06-11,5,175,175,-0.04608766351521943
2024-06-12,1,176,176,-0.049292896407263025
2024-06-12,2,176,176,-0.05158931907294207
2024-06-12,3,176,176,-0.04967382288435394
2024-06-12,4,176,176,-0.06404475178675341
2024-06-12,5,175,175,-0.061223199162283026
2024-06-13,1,175,175,-0.03370816253835993
2024-06-13,2,175,175,-0.020827425338005596
2024-06-13,3,175,175,-0.03888144995019884
2024-06-13,4,175,175,-0.039567783809800035
2024-06-13,5,175,175,-0.04023653875333429
2024-06-14,1,176,176,-0.02864339641428528
2024-06-14,2,175,175,-0.04060488041874386
2024-06-14,3,176,176,-0.04039689603307347
2024-06-14,4,175,175,-0.04726104892070378
2024-06-14,5,175,175,-0.043493646173851166
2024-06-17,1,175,175,-0.049888038503713324
2024-06-17,2,175,175,-0.05070277648474868
2024-06-17,3,175,175,-0.05739565028534273
2024-06-17,4,175,175,-0.05339728369895853
2024-06-17,5,175,175,-0.036868392472414926
2024-06-18,1,176,176,-0.04052465037319208
2024-06-18,2,175,175,-0.04646204934250528
2024-06-18,3,175,175,-0.048487373542817666
2024-06-18,4,175,175,-0.058447327927070226
2024-06-18,5,175,175,-0.06967968587971608
2024-06-19,1,175,175,-0.03588290901527763
2024-06-19,2,175,175,-0.04908859913316337
2024-06-19,3,175,175,-0.05537039200688403
2024-06-19,4,175,175,-0.05062642853855609
2024-06-19,5,174,174,-0.07159911168791216
2024-06-20,1,175,175,-0.011257903862571096
2024-06-20,2,175,175,-0.02848379162795466
2024-06-20,3,175,175,-0.02969671275293987
2024-06-20,4,175,175,-0.03105899472526587
2024-06-20,5,174,174,-0.05211993781863095
2024-06-21,1,175,175,-0.011988113201665412
2024-06-21,2,175,175,-0.01727299942714397
2024-06-21,3,175,175,-0.01760813553589048
2024-06-21,4,175,175,-0.021518370322757358
2024-06-21,5,175,175,-0.040884342653163736
2024-06-24,1,174,174,7.310237050144293e-05
2024-06-24,2,174,174,-0.0021754683994600816
2024-06-24,3,174,174,0.005775387440749247
2024-06-24,4,174,174,-0.0033557938635075902
2024-06-24,5,173,173,-0.017171854570180514
2024-06-25,1,174,174,-0.01849631862630267
2024-06-25,2,174,174,-0.022057406522727238
2024-06-25,3,174,174,-0.02850889526358693
2024-06-25,4,174,174,-0.016477520059546794
2024-06-25,5,173,173,-0.036462885944667685
2024-06-26,1,175,175,-0.060852601954116715
2024-06-26,2,174,174,-0.05623971894997594
2024-06-26,3,175,175,-0.04281035481434005
2024-06-26,4,174,174,-0.05251216632828121
2024-06-26,5,174,174,-0.07833986418855185
2024-06-27,1,175,175,-0.03460679527620173
2024-06-27,2,174,174,-0.024718609988282667
2024-06-27,3,174,174,-0.038369819527286304
2024-06-27,4,174,174,-0.03472574371321424
2024-06-27,5,174,174,-0.043724759482923904
2024-06-28,1,174,174,-0.033378691805158976
2024-06-28,2,174,174,-0.023425201481415355
2024-06-28,3,174,174,-0.017417297664489965
2024-06-28,4,174,174,-0.03406184464148794
2024-06-28,5,173,173,-0.03283074257301371
2024-07-01,1,174,174,-0.048121936515500355
2024-07-01,2,174,174,-0.04261975621428796
2024-07-01,3,174,174,-0.04512639001848891
2024-07-01,4,174,174,-0.034737031807208385
2024-07-01,5,174,174,-0.05213599611678181
2024-07-02,1,174,173,-0.03646351224603951
2024-07-02,2,174,174,-0.03268467158293367
2024-07-02,3,174,174,-0.028294463823046144
2024-07-02,4,174,174,-0.031844533764620535
2024-07-02,5,174,174,-0.0508144554854351
2024-07-03,1,174,174,0.00984241158678906
2024-07-03,2,174,172,0.0033884725250512807
2024-07-03,3,174,174,0.005900786610955158
2024-07-03,4,174,174,0.005329003393768846
2024-07-03,5,173,173,0.0036398132771333436
2024-07-04,1,173,173,0.008129491526035324
2024-07-04,2,173,172,0.018318547504120344
2024-07-04,3,173,172,0.021714928546671248
2024-07-04,4,173,173,0.017374919737348508
2024-07-04,5,172,172,0.014268077541634056
2024-07-05,1,173,172,-0.007375645473503494
2024-07-05,2,172,171,0.009214652558567314
2024-07-05,3,173,173,0.005996463344872355
2024-07-05,4,172,172,-0.008670715402378638
2024-07-05,5,172,172,-0.002875009835436804
2024-07-08,1,171,171,0.009664863616924693
2024-07-08,2,171,170,0.023434045792594515
2024-07-08,3,171,171,0.025958014310321742
2024-07-08,4,171,171,0.006135029598847652
2024-07-08,5,170,170,0.017175341233803813
2024-07-09,1,171,171,-0.03112056680263387
2024-07-09,2,170,169,0.011428947588832053
2024-07-09,3,171,171,0.012029256445151541
2024-07-09,4,170,170,0.013227978875217261
2024-07-09,5,170,170,0.015168161260538387
2024-07-10,1,170,170,-0.050172418801592754
2024-07-10,2,170,170,-0.006191780094840714
2024-07-10,3,169,169,0.008319791886791232
2024-07-10,4,170,169,0.0008979670695490899
2024-07-10,5,169,169,-0.010565336770929506
2024-07-11,1,172,172,-0.037481570282941655
2024-07-11,2,171,171,-0.0014093163306474197
2024-07-11,3,171,171,0.005706707909982205
2024-07-11,4,171,171,-0.014073589110128574
2024-07-11,5,171,170,-0.023705692876279858
2024-07-12,1,172,172,-0.03415043582688275
2024-07-12,2,172,172,-0.016292056150374067
2024-07-12,3,171,171,-0.011220312447044556
2024-07-12,4,172,172,-0.022420577382082387
2024-07-12,5,171,170,-0.028657220460940564
2024-07-15,1,171,171,-0.02973479494743516
2024-07-15,2,171,171,-0.010507476846220033
2024-07-15,3,171,171,-0.0068620319494383485
2024-07-15,4,171,171,-0.02096642770741324
2024-07-15,5,171,170,-0.02409290100610403
2024-07-16,1,171,171,-0.03796486403269286
2024-07-16,2,171,171,-0.007335987611583332
2024-07-16,3,170,170,-0.002670060428508442
2024-07-16,4,171,171,-0.01281204338482062
2024-07-16,5,170,169,-0.037572489276273435
2024-07-17,1,171,171,-0.027554539044850793
2024-07-17,2,171,171,-0.013622565144876449
2024-07-17,3,171,171,-0.004031533107575918
2024-07-17,4,171,171,-0.008825909923122877
2024-07-17,5,170,170,-0.042601789811781025
2024-07-18,1,171,171,-0.029232797427319306
2024-07-18,2,171,171,-0.008282582492798314
2024-07-18,3,170,170,0.003500166906900775
2024-07-18,4,171,171,0.0005999173286972999
2024-07-18,5,170,170,-0.02075795157069446
2024-07-19,1,171,171,-0.038825678463904535
2024-07-19,2,170,170,-0.026333978742183697
2024-07-19,3,170,170,-0.017022830117179682
2024-07-19,4,170,170,-0.01392596159591361
2024-07-19,5,170,170,-0.030745390111950693
2024-07-22,1,170,170,-0.038959690760121256
2024-07-22,2,169,169,-0.022164456211388465
2024-07-22,3,170,170,-0.00527412790726318
2024-07-22,4,169,169,-0.014249029822900688
2024-07-22,5,169,169,-0.03672326015024889
2024-07-23,1,169,169,-0.02499504314016059
2024-07-23,2,169,169,-0.004789481033239906
2024-07-23,3,169,169,-0.002517393799555789
2024-07-23,4,169,169,-0.01359995672997447
2024-07-23,5,168,168,-0.035405212094319655
2024-07-24,1,168,168,-0.008264739963480141
2024-07-24,2,168,168,0.0009259668416004999
2024-07-24,3,167,166,0.005528478255338088
2024-07-24,4,168,168,0.0014861485027194573
2024-07-24,5,167,167,-0.0112028262166775
2024-07-25,1,169,168,-0.033313952195510026
2024-07-25,2,168,168,-0.0186969170457287
2024-07-25,3,168,168,-0.021230322431501233
2024-07-25,4,168,168,-0.02454971405255638
2024-07-25,5,168,168,-0.033888819439420126
2024-07-26,1,169,168,-0.03104484505773921
2024-07-26,2,169,169,-0.03315647279070735
2024-07-26,3,169,169,-0.027105584514102648
2024-07-26,4,169,169,-0.02963771863810133
2024-07-26,5,169,169,-0.045856135517146526
2024-07-29,1,169,168,-0.021765233684281345
2024-07-29,2,169,169,-0.019966153280718078
2024-07-29,3,168,168,-0.025760757386657555
2024-07-29,4,169,169,-0.025106379894665482
2024-07-29,5,168,168,-0.03545078726671082
2024-07-30,1,169,168,-0.051397707492203036
2024-07-30,2,168,167,-0.02659796405395519
2024-07-30,3,168,168,-0.037994661506642796
2024-07-30,4,168,168,-0.04549394058292053
2024-07-30,5,168,168,-0.04209700116454388
2024-07-31,1,170,169,-0.08832272616236511
2024-07-31,2,169,168,-0.06977946350358553
2024-07-31,3,170,169,-0.07038045312005593
2024-07-31,4,169,169,-0.07017773509446756
2024-07-31,5,169,169,-0.07820784742937421
2024-08-01,1,169,169,-0.06755813974520648
2024-08-01,2,169,168,-0.0462038347206512
2024-08-01,3,169,169,-0.03932610967414295
2024-08-01,4,169,169,-0.04822794098458185
2024-08-01,5,168,168,-0.05339111130187324
2024-08-02,1,170,169,-0.04549567120360118
2024-08-02,2,169,169,-0.0192825309663854
2024-08-02,3,170,170,-0.018227541589547674
2024-08-02,4,169,169,-0.01803300079480127
2024-08-02,5,169,169,-0.021355092382251747
2024-08-05,1,170,170,-0.06074328793897741
2024-08-05,2,170,169,-0.0371847788905883
2024-08-05,3,170,169,-0.027321759904283992
2024-08-05,4,170,170,-0.03307983289961368
2024-08-05,5,169,168,-0.028781744713132836
2024-08-06,1,170,170,-0.05010034010145797
2024-08-06,2,169,168,-0.04133316706824066
2024-08-06,3,169,168,-0.038465956089511255
2024-08-06,4,169,169,-0.01610210748678458
2024-08-06,5,169,168,-0.029780810121530117
2024-08-07,1,170,170,-0.039170086774981024
2024-08-07,2,170,170,-0.028412868204018515
2024-08-07,3,169,168,-0.021922066457478222
2024-08-07,4,170,170,-0.039691257973442765
2024-08-07,5,169,168,-0.02430609360845783
2024-08-08,1,170,170,-0.034645561140751326
2024-08-08,2,169,169,-0.02280150198897473
2024-08-08,3,169,167,-0.03338676671888369
2024-08-08,4,169,168,-0.023035515843021537
2024-08-08,5,169,168,-0.04279551642059348
2024-08-09,1,169,169,-0.03593259435967278
2024-08-09,2,169,167,-0.032599911396934474
2024-08-09,3,169,168,-0.026759746896971612
2024-08-09,4,169,169,-0.044376451511243656
2024-08-09,5,169,168,-0.056292784895888126
2024-08-12,1,170,170,-0.04002508397936837
2024-08-12,2,169,166,-0.029632906621294825
2024-08-12,3,170,170,-0.031245409094472286
2024-08-12,4,169,168,-0.044577414479949964
2024-08-12,5,169,169,-0.03832603762907117
2024-08-13,1,170,168,-0.045385188870780434
2024-08-13,2,169,168,-0.04225897680384691
2024-08-13,3,170,170,-0.04146376611218394
2024-08-13,4,169,168,-0.03890883190065322
2024-08-13,5,169,169,-0.052519509546616994
2024-08-14,1,170,168,-0.043487735001971416
2024-08-14,2,170,170,-0.03475047897288913
2024-08-14,3,170,169,-0.0218356820591975
2024-08-14,4,170,169,-0.018426672109251203
2024-08-14,5,170,170,-0.044053114470813205
2024-08-15,1,170,168,-0.05630019225063464
2024-08-15,2,170,169,-0.04217911068648667
2024-08-15,3,170,169,-0.043594624364955224
2024-08-15,4,170,170,-0.04583160287584
2024-08-15,5,170,170,-0.05272720343928042
2024-08-16,1,171,168,-0.053683226189593904
2024-08-16,2,170,170,-0.05325781019887518
2024-08-16,3,171,170,-0.04761237990029182
2024-08-16,4,170,170,-0.05268188818015943
2024-08-16,5,170,170,-0.04968770311811499
2024-08-19,1,171,171,-0.04695102585359707
2024-08-19,2,171,170,-0.05598357839034127
2024-08-19,3,170,169,-0.04135178367566398
2024-08-19,4,171,171,-0.04923906341709167
2024-08-19,5,170,170,-0.04975697707104237
2024-08-20,1,170,169,-0.013896539603163775
2024-08-20,2,170,169,-0.019788008872124545
2024-08-20,3,170,170,-0.015261838742101188
2024-08-20,4,170,170,-0.01433934275971441
2024-08-20,5,169,169,-0.01137242965379347
2024-08-21,1,170,169,-0.01022285994598589
2024-08-21,2,170,168,-0.019838069492648065
2024-08-21,3,169,169,-0.02070402435461259
2024-08-21,4,170,170,-0.010868490521262916
2024-08-21,5,169,169,-0.01139115105456456
2024-08-22,1,169,169,-0.008517628551640283
2024-08-22,2,169,168,0.009086423334406433
2024-08-22,3,169,168,0.013298767817361088
2024-08-22,4,169,169,0.022239298721258485
2024-08-22,5,169,169,0.01770252873238954
2024-08-23,1,169,169,0.026643166789903427
2024-08-23,2,169,168,0.05121223779990465
2024-08-23,3,169,168,0.04896692969980251
2024-08-23,4,169,169,0.0568183978113201
2024-08-23,5,168,168,0.054378080152033915
2024-08-26,1,170,170,0.034121685935159914
2024-08-26,2,170,168,0.03132095410542593
2024-08-26,3,170,170,0.04966485208841049
2024-08-26,4,170,170,0.05371909014359644
2024-08-26,5,169,169,0.04763104510305823
2024-08-27,1,170,170,0.09356273101946795
2024-08-27,2,170,169,0.11312946447426953
2024-08-27,3,170,169,0.12897764633747105
2024-08-27,4,170,170,0.14309512118965173
2024-08-27,5,169,169,0.13396748314786144
2024-08-28,1,170,170,0.17199720428168666
2024-08-28,2,169,167,0.1989664226412517
2024-08-28,3,170,170,0.21619632916364592
2024-08-28,4,169,169,0.23076397762288325
2024-08-28,5,169,169,0.2277530045435223
2024-08-29,1,169,169,0.3518263921425187
2024-08-29,2,169,168,0.34604358215854025
2024-08-29,3,169,169,0.38049730819945765
2024-08-29,4,169,168,0.36970756582085634
2024-08-29,5,169,169,0.3542992166329421
2024-08-30,1,170,169,0.27809309993426745
2024-08-30,2,170,170,0.2567284913949237
2024-08-30,3,170,170,0.2717711114317492
2024-08-30,4,170,169,0.2609561184702621
2024-08-30,5,170,170,0.23384678582032667
2024-09-02,1,170,170,0.2147391242264286
2024-09-02,2,169,169,0.21229415403268725
2024-09-02,3,170,170,0.22046874917101078
2024-09-02,4,169,169,0.2380750828916024
2024-09-02,5,169,167,0.2089399414629814
2024-09-03,1,169,169,0.19439285185622276
2024-09-03,2,169,169,0.20488747307942864
2024-09-03,3,168,168,0.1918846109584552
2024-09-03,4,169,169,0.21075722122272783
2024-09-03,5,168,168,0.200567336725183
2024-09-04,1,168,168,0.1765489645374875
2024-09-04,2,168,168,0.1607420393158462
2024-09-04,3,168,168,0.1670365651838918
2024-09-04,4,168,168,0.18706709277324352
2024-09-04,5,168,168,0.16036711394403635
2024-09-05,1,169,167,0.18449744839957055
2024-09-05,2,168,168,0.17106257188792995
2024-09-05,3,169,169,0.17442570356876283
2024-09-05,4,168,168,0.1889794691348889
2024-09-05,5,168,168,0.17681080732856366
2024-09-06,1,168,168,0.1421392394316827
2024-09-06,2,168,168,0.16991358283297475
2024-09-06,3,168,168,0.17358093759912743
2024-09-06,4,168,168,0.19472275996881405
2024-09-06,5,168,168,0.17522154456179567
2024-09-09,1,168,168,0.18358554694309684
2024-09-09,2,168,168,0.1978908132450075
2024-09-09,3,167,167,0.19847155388919557
2024-09-09,4,168,168,0.20328234660492125
2024-09-09,5,167,167,0.21927066310323282
2024-09-10,1,167,167,0.16529945742860558
2024-09-10,2,167,166,0.19816988884747647
2024-09-10,3,166,166,0.18009875285798754
2024-09-10,4,167,167,0.18378225819554292
2024-09-10,5,166,166,0.19246901686664108
2024-09-11,1,167,166,0.2343863705247181
2024-09-11,2,166,166,0.227911678533175
2024-09-11,3,166,165,0.21581093956688913
2024-09-11,4,166,166,0.2179055466954477
2024-09-11,5,166,166,0.23195156280546875
2024-09-12,1,167,165,0.23715255514785089
2024-09-12,2,166,166,0.22034756752011153
2024-09-12,3,167,167,0.2302765796730523
2024-09-12,4,166,166,0.23310691478154633
2024-09-12,5,166,166,0.27911514005599736
2024-09-13,1,167,165,0.25627918168443964
2024-09-13,2,167,167,0.25452865872280306
2024-09-13,3,166,166,0.2470821239037248
2024-09-13,4,167,167,0.2688210568171094
2024-09-13,5,166,166,0.31197215948086443
2024-09-18,1,167,165,0.23290876996275822
2024-09-18,2,167,167,0.24943471928401606
2024-09-18,3,167,167,0.2512454703096418
2024-09-18,4,167,167,0.2601567513453681
2024-09-18,5,166,166,0.3115929059619057
2024-09-19,1,167,166,0.27318367932421866
2024-09-19,2,167,167,0.22137096376567297
2024-09-19,3,167,167,0.23365953601906156
2024-09-19,4,167,166,0.22688817877978862
2024-09-19,5,167,167,0.2544829418677297
2024-09-20,1,167,166,0.27192470137489966
2024-09-20,2,167,167,0.23846477204412117
2024-09-20,3,167,167,0.2606286522359262
2024-09-20,4,167,167,0.2646075034216088
2024-09-20,5,167,166,0.28867755987036775
2024-09-23,1,167,166,0.27492546330907497
2024-09-23,2,167,167,0.27780356091363795
2024-09-23,3,167,167,0.2651259243193428
2024-09-23,4,167,167,0.2816935323815828
2024-09-23,5,167,166,0.30070144903338514
2024-09-24,1,170,168,0.21686799041870644
2024-09-24,2,169,169,0.21126961808046452
2024-09-24,3,169,169,0.18725628164145963
2024-09-24,4,169,169,0.19934347583715206
2024-09-24,5,169,168,0.19539888975004233
2024-09-25,1,172,172,0.24670353848178658
2024-09-25,2,171,170,0.20024222865123278
2024-09-25,3,171,171,0.20601177565247208
2024-09-25,4,171,171,0.20620350806595805
2024-09-25,5,171,170,0.21767353801409248
2024-09-26,1,173,173,0.18364600772882483
2024-09-26,2,173,173,0.12033409570673871
2024-09-26,3,173,172,0.1701578466972795
2024-09-26,4,173,173,0.16076140537913527
2024-09-26,5,173,173,0.1577611543720153
2024-09-27,1,176,176,0.05078477678189619
2024-09-27,2,176,175,0.0401593486578445
2024-09-27,3,176,176,0.0632925488393096
2024-09-27,4,176,176,0.0814865991755482
2024-09-27,5,176,176,0.056640089676240575
2024-09-30,1,180,180,-0.054896159413973696
2024-09-30,2,180,179,-0.07100532355475335
2024-09-30,3,180,180,-0.05451182836668209
2024-09-30,4,180,180,-0.05881198541380059
2024-09-30,5,180,180,-0.04972627613522766
2024-10-08,1,183,183,0.027782281515643333
2024-10-08,2,183,183,0.05037041710294368
2024-10-08,3,182,182,0.030455129987592828
2024-10-08,4,183,182,0.020555442286921702
2024-10-08,5,182,182,0.024299645778150438
2024-10-09,1,181,180,0.08864136206708634
2024-10-09,2,180,180,0.08488794709489665
2024-10-09,3,181,180,0.07344403797595787
2024-10-09,4,180,180,0.0777385190911941
2024-10-09,5,180,180,0.0902279095785831
2024-10-10,1,181,181,0.15999228926922485
2024-10-10,2,180,180,0.13542254309333016
2024-10-10,3,180,180,0.13175978626970078
2024-10-10,4,180,179,0.14476999035540966
2024-10-10,5,180,180,0.12193622613361366
2024-10-11,1,180,180,0.15862362576790998
2024-10-11,2,180,180,0.14612294232169268
2024-10-11,3,179,179,0.12893491102722088
2024-10-11,4,180,180,0.13527567337610785
2024-10-11,5,179,178,0.1671543703703905
2024-10-14,1,181,181,0.1630308365012125
2024-10-14,2,180,180,0.1317847343432588
2024-10-14,3,180,180,0.13993488759480904
2024-10-14,4,180,179,0.16597635931783736
2024-10-14,5,180,180,0.16048398589164564
2024-10-15,1,181,181,0.12805431045674498
2024-10-15,2,180,180,0.1407459828711147
2024-10-15,3,181,181,0.18166640165180342
2024-10-15,4,180,179,0.16866291323461305
2024-10-15,5,180,180,0.21701264242225496
2024-10-16,1,181,181,0.09985071049213412
2024-10-16,2,180,180,0.11267501811368728
2024-10-16,3,181,181,0.13175690764144318
2024-10-16,4,180,179,0.1668489945487563
2024-10-16,5,180,180,0.19875563547039138
2024-10-17,1,180,179,0.10250387263569376
2024-10-17,2,180,180,0.11997173411039679
2024-10-17,3,180,179,0.1323623244333334
2024-10-17,4,180,180,0.12475705583152166
2024-10-17,5,179,179,0.15746069794614873
2024-10-18,1,181,180,0.07058685462443205
2024-10-18,2,180,180,0.07352775728108996
2024-10-18,3,181,181,0.06877484925940734
2024-10-18,4,180,179,0.07916569021157499
2024-10-18,5,180,180,0.10324273204391247
2024-10-21,1,181,181,0.03194310299971108
2024-10-21,2,180,180,0.044522646961234535
2024-10-21,3,181,181,0.04547450240262798
2024-10-21,4,180,180,0.06938845397038658
2024-10-21,5,180,179,0.06095638202686652
2024-10-22,1,181,181,0.05439129314567898
2024-10-22,2,181,181,0.03933317389033201
2024-10-22,3,181,181,0.03738613475251246
2024-10-22,4,181,181,0.06378258878995235
2024-10-22,5,180,180,0.0708055258312669
2024-10-23,1,181,181,0.07858520588604231
2024-10-23,2,181,181,0.07972430544883033
2024-10-23,3,181,181,0.05243996252329041
2024-10-23,4,181,181,0.0763340246435066
2024-10-23,5,180,180,0.06997545042835772
2024-10-24,1,182,182,0.07859794339063854
2024-10-24,2,181,181,0.061364262572199506
2024-10-24,3,181,181,0.08269428500365568
2024-10-24,4,181,181,0.06322584656095374
2024-10-24,5,181,181,0.0743547944485978
2024-10-25,1,182,182,0.008958668725311585
2024-10-25,2,182,182,0.011429606958696987
2024-10-25,3,182,182,0.05058609381741591
2024-10-25,4,182,182,0.018062375743690424
2024-10-25,5,181,180,0.029262760368411467
2024-10-28,1,183,183,-0.02254714189612479
2024-10-28,2,183,183,0.00820382299166348
2024-10-28,3,183,183,0.008487834472124792
2024-10-28,4,183,183,0.01859772364868535
2024-10-28,5,182,181,0.003969747695755407
2024-10-29,1,183,182,-0.006911804094951392
2024-10-29,2,182,182,0.011681300820596385
2024-10-29,3,182,182,0.003915595426259213
2024-10-29,4,182,181,0.0499827024246737
2024-10-29,5,182,182,0.019269170753706048
2024-10-30,1,183,183,-0.012531438099961973
2024-10-30,2,182,182,0.023811385032114094
2024-10-30,3,182,182,0.026828880781690143
2024-10-30,4,182,181,0.055124863727642075
2024-10-30,5,182,181,0.07281059377501009
2024-10-31,1,183,183,-0.04218834704363265
2024-10-31,2,183,183,0.02433153860740217
2024-10-31,3,183,183,0.010047750048600049
2024-10-31,4,183,183,0.06147390782231948
2024-10-31,5,182,181,0.03704998820791963
2024-11-01,1,183,183,0.010521800044705112
2024-11-01,2,182,181,0.05143515201885658
2024-11-01,3,182,182,0.05028094313881953
2024-11-01,4,182,182,0.060587050073745714
2024-11-01,5,182,181,0.07454834930923641
2024-11-04,1,183,183,0.04045358019827807
2024-11-04,2,183,183,0.036203599014935854
2024-11-04,3,182,181,0.04787654871878873
2024-11-04,4,183,183,0.05092439079955403
2024-11-04,5,182,181,0.07273362332774229
2024-11-05,1,185,184,0.005332047510061927
2024-11-05,2,184,184,0.012238204968292483
2024-11-05,3,184,184,0.009839966442671145
2024-11-05,4,184,184,0.03896943086679157
2024-11-05,5,184,182,0.011618006595907924
2024-11-06,1,184,184,-0.0062512481548214855
2024-11-06,2,184,183,0.016559542203585766
2024-11-06,3,183,182,-0.000852698508285649
2024-11-06,4,184,184,0.013946172079991041
2024-11-06,5,183,182,-0.004774645024654696
2024-11-07,1,186,186,-0.03289309623020636
2024-11-07,2,185,184,-0.02073407919211983
2024-11-07,3,185,185,-0.01727661069541281
2024-11-07,4,185,185,-0.029168872592428768
2024-11-07,5,185,184,-0.022563220622241486
2024-11-08,1,185,184,0.0006913579207099527
2024-11-08,2,185,185,0.025968034593485116
2024-11-08,3,184,184,-0.006674723445364649
2024-11-08,4,185,185,-0.002203139809002834
2024-11-08,5,184,184,-0.01163670856775906
2024-11-11,1,185,184,0.014476228565831261
2024-11-11,2,185,185,0.003315378614477919
2024-11-11,3,185,185,0.012491682621217913
2024-11-11,4,185,185,0.012778648362727706
2024-11-11,5,184,184,-0.005476236144615063
2024-11-12,1,185,184,-0.015894948995021394
2024-11-12,2,184,184,-0.00750448489091444
2024-11-12,3,184,184,0.005114129120042774
2024-11-12,4,184,184,0.015167394321809998
2024-11-12,5,184,184,-0.0016984256779551507
2024-11-13,1,184,183,-0.008880477870575044
2024-11-13,2,184,184,0.015351581967507971
2024-11-13,3,184,184,0.033708628796072594
2024-11-13,4,184,184,0.0070178540624166825
2024-11-13,5,184,184,0.009899104193848797
2024-11-14,1,184,184,0.05023886296109199
2024-11-14,2,183,183,0.03877725660692628
2024-11-14,3,184,183,0.02700722765777263
2024-11-14,4,183,183,0.056445186688990026
2024-11-14,5,183,183,0.05762501123309127
2024-11-15,1,184,184,0.041429740165734
2024-11-15,2,183,183,0.019995053265928743
2024-11-15,3,183,183,0.03953075658544227
2024-11-15,4,183,183,0.03800857414463969
2024-11-15,5,183,183,0.06583715335371507
2024-11-18,1,184,184,0.0469630833006531
2024-11-18,2,183,183,0.029410455255641284
2024-11-18,3,183,182,0.03718179097001763
2024-11-18,4,183,183,0.059896716001591896
2024-11-18,5,183,183,0.07257074548525987
2024-11-19,1,184,184,0.021472049220041735
2024-11-19,2,183,183,0.011650527464686873
2024-11-19,3,184,183,0.008935987428980113
2024-11-19,4,183,183,0.01406533009393343
2024-11-19,5,183,183,0.03341792357276803
2024-11-20,1,184,184,-0.019323536813464836
2024-11-20,2,183,182,-0.002508694007913328
2024-11-20,3,184,184,-0.010244763453089863
2024-11-20,4,183,183,0.0030393715580513893
2024-11-20,5,183,183,0.01717968177144587
2024-11-21,1,184,184,-0.006416159658484994
2024-11-21,2,183,182,-0.010144058983470363
2024-11-21,3,184,184,-0.007285970885226763
2024-11-21,4,183,183,0.01604053943034649
2024-11-21,5,183,183,0.01934839015160153
2024-11-22,1,183,182,0.02438343394878664
2024-11-22,2,183,183,0.019128469891988062
2024-11-22,3,183,181,0.03336136861032404
2024-11-22,4,183,183,0.03937529400080828
2024-11-22,5,183,183,0.07644546032801995
2024-11-25,1,183,182,-0.013694058768845229
2024-11-25,2,183,183,0.008976321023681545
2024-11-25,3,183,183,0.023832607750754974
2024-11-25,4,183,182,0.010754306992401137
2024-11-25,5,182,182,0.0384867389419144
2024-11-26,1,183,183,0.024723559290706337
2024-11-26,2,183,182,0.024993368632602188
2024-11-26,3,183,183,0.028734326299688983
2024-11-26,4,183,182,0.033821612289820675
2024-11-26,5,182,182,0.05148989551582939
2024-11-27,1,184,183,-0.02150115558934157
2024-11-27,2,183,182,-0.004273685836679231
2024-11-27,3,184,184,0.0015269764012422779
2024-11-27,4,183,182,0.0048431829428166664
2024-11-27,5,183,183,0.00032576958033777816
2024-11-28,1,184,184,-0.012644037395706685
2024-11-28,2,183,182,0.009443788833952773
2024-11-28,3,184,184,0.01882420788918067
2024-11-28,4,183,182,0.01800885991979321
2024-11-28,5,183,183,0.014206409576178044
2024-11-29,1,184,184,-0.0350454180099312
2024-11-29,2,183,183,0.007267433981360676
2024-11-29,3,184,183,0.015592565827453041
2024-11-29,4,183,180,0.004027703911428353
2024-11-29,5,183,182,-0.004664586257338777
2024-12-02,1,184,184,-0.039448746298305526
2024-12-02,2,184,182,-0.017009787546292975
2024-12-02,3,184,184,-0.007346527272640621
2024-12-02,4,184,183,-0.014137812772347639
2024-12-02,5,184,184,-0.031465497727392724
2024-12-03,1,184,183,-0.06960989605124526
2024-12-03,2,184,183,-0.04949207174848351
2024-12-03,3,184,183,-0.04159731320782409
2024-12-03,4,184,183,-0.027945344408040664
2024-12-03,5,184,183,-0.04565949858225986
2024-12-04,1,185,185,-0.07200396699867391
2024-12-04,2,184,182,-0.041700805342527424
2024-12-04,3,185,185,-0.05474910170850913
2024-12-04,4,184,182,-0.04045979409446425
2024-12-04,5,184,184,-0.05725086955565339
2024-12-05,1,185,185,-0.11101171889928682
2024-12-05,2,185,183,-0.08952087585660516
2024-12-05,3,185,183,-0.07644776943537117
2024-12-05,4,185,185,-0.07807574665766731
2024-12-05,5,184,184,-0.09464642609457212
2024-12-06,1,185,184,-0.12549443151100545
2024-12-06,2,185,183,-0.08529949377536572
2024-12-06,3,185,185,-0.08320129805721042
2024-12-06,4,185,185,-0.07687832964892158
2024-12-06,5,185,185,-0.11978965663154831
2024-12-09,1,185,184,-0.13151524806222029
2024-12-09,2,185,184,-0.09314087135410126
2024-12-09,3,185,185,-0.10566708537942965
2024-12-09,4,185,185,-0.1015680660677126
2024-12-09,5,185,184,-0.13114954166050977
2024-12-10,1,185,183,-0.11522013991823736
2024-12-10,2,185,185,-0.08707106915965775
2024-12-10,3,185,185,-0.07127644960831926
2024-12-10,4,185,185,-0.0957499463325008
2024-12-10,5,184,183,-0.1141993250211446
2024-12-11,1,186,184,-0.13855643410173085
2024-12-11,2,185,184,-0.09856785754294867
2024-12-11,3,185,185,-0.08924036374758854
2024-12-11,4,185,185,-0.0849682652004393
2024-12-11,5,185,185,-0.11513711336463858
2024-12-12,1,186,184,-0.1711170819129875
2024-12-12,2,186,185,-0.1225636507685118
2024-12-12,3,185,185,-0.12562375755799413
2024-12-12,4,186,186,-0.1285307104445918
2024-12-12,5,185,185,-0.14174634349929707
2024-12-13,1,185,184,-0.14634866464838514
2024-12-13,2,185,185,-0.09733512452664482
2024-12-13,3,184,184,-0.10342847779829438
2024-12-13,4,185,185,-0.09870996116847693
2024-12-13,5,184,184,-0.1239514172273881
2024-12-16,1,185,185,-0.10252181336024134
2024-12-16,2,185,183,-0.059818923477026574
2024-12-16,3,185,185,-0.06094701757074666
2024-12-16,4,185,185,-0.07056091062654488
2024-12-16,5,184,184,-0.07846621910489877
2024-12-17,1,184,183,-0.06855716434232446
2024-12-17,2,184,184,-0.04406345402585972
2024-12-17,3,184,184,-0.06133784092450643
2024-12-17,4,184,184,-0.06848078982355342
2024-12-17,5,183,183,-0.0510765741690483
2024-12-18,1,185,184,-0.07566521044273976
2024-12-18,2,184,184,-0.03999300760375981
2024-12-18,3,184,184,-0.0549824473844458
2024-12-18,4,184,184,-0.052555534684532265
2024-12-18,5,184,184,-0.05413149780337351
2024-12-19,1,185,185,-0.0485819615138753
2024-12-19,2,184,184,-0.04561753484639195
2024-12-19,3,184,183,-0.04319691955214783
2024-12-19,4,184,184,-0.053399416301769455
2024-12-19,5,184,184,-0.06316266259634082
2024-12-20,1,184,184,-0.05214642899356099
2024-12-20,2,184,184,-0.05579204098160923
2024-12-20,3,184,184,-0.04246785207500705
2024-12-20,4,184,183,-0.05337330433530975
2024-12-20,5,184,183,-0.05515298935072583
2024-12-23,1,183,183,-0.03207445899314431
2024-12-23,2,183,183,-0.03521290822650511
2024-12-23,3,183,183,-0.044967737974805765
2024-12-23,4,183,182,-0.04530356222257395
2024-12-23,5,182,182,-0.04203756255936769
2024-12-24,1,184,184,-0.04258859449083407
2024-12-24,2,183,183,-0.038922708807368284
2024-12-24,3,183,183,-0.045310373720029586
2024-12-24,4,183,183,-0.049868195683040156
2024-12-24,5,183,183,-0.04622099018567641
2024-12-25,1,183,183,-0.03920923506480574
2024-12-25,2,183,183,-0.042518752575964644
2024-12-25,3,183,183,-0.04576730260871496
2024-12-25,4,183,183,-0.052179045321793904
2024-12-25,5,182,182,-0.045747961656446366
2024-12-26,1,183,183,-0.037792627059917816
2024-12-26,2,183,183,-0.034732547051949864
2024-12-26,3,182,182,-0.03267300501326137
2024-12-26,4,183,183,-0.0473404554635122
2024-12-26,5,182,182,-0.033553251565451095
2024-12-27,1,183,183,-0.04505752780495232
2024-12-27,2,183,183,-0.04028059845028618
2024-12-27,3,183,183,-0.03917521966324214
2024-12-27,4,183,182,-0.04214987365077744
2024-12-27,5,183,182,-0.044298616503540916
2024-12-30,1,183,183,-0.05027596886448744
2024-12-30,2,182,182,-0.049238126290621465
2024-12-30,3,183,182,-0.05285569830036362
2024-12-30,4,182,181,-0.03750797381855808
2024-12-30,5,182,182,-0.03700776458007926
2024-12-31,1,183,182,-0.006537058636218926
2024-12-31,2,182,181,-0.006194754949194324
2024-12-31,3,182,181,0.010792148483216149
2024-12-31,4,182,181,-0.003957045721891805
2024-12-31,5,182,182,0.017295449232631134
2025-01-02,1,181,181,0.02978470332267056
2025-01-02,2,181,180,0.049787538834259557
2025-01-02,3,181,181,0.033855849882621226
2025-01-02,4,181,181,0.043176210949902906
2025-01-02,5,181,181,0.04905321423476067
2025-01-03,1,180,180,0.0539473652628686
2025-01-03,2,180,179,0.06983309452554051
2025-01-03,3,180,180,0.07217191867180364
2025-01-03,4,180,180,0.093751969377472
2025-01-03,5,179,179,0.1271504994986297
2025-01-06,1,181,180,0.030000216195910593
2025-01-06,2,180,180,0.05802335812103561
2025-01-06,3,180,180,0.0797400527104419
2025-01-06,4,180,180,0.09063657272571825
2025-01-06,5,180,180,0.12481715237706979
2025-01-07,1,181,180,0.04588315356548163
2025-01-07,2,180,180,0.07604495549844793
2025-01-07,3,181,181,0.0746021537062397
2025-01-07,4,180,180,0.09372453235960122
2025-01-07,5,180,180,0.12352812814388257
2025-01-08,1,181,180,0.04854177432924126
2025-01-08,2,180,180,0.06307918412268898
2025-01-08,3,180,180,0.08845619441951655
2025-01-08,4,180,180,0.08826027266287063
2025-01-08,5,180,180,0.11711261318035944
2025-01-09,1,181,180,0.04411133846741501
2025-01-09,2,180,180,0.08061061750301689
2025-01-09,3,181,181,0.08716832681635331
2025-01-09,4,180,180,0.09849000129799035
2025-01-09,5,180,179,0.11832716911514402
2025-01-10,1,180,179,0.12196042849534627
2025-01-10,2,179,178,0.10491501894021055
2025-01-10,3,180,180,0.10272117751248595
2025-01-10,4,179,179,0.12624985974353692
2025-01-10,5,179,179,0.14216086551561863
2025-01-13,1,180,180,0.1033558949715944
2025-01-13,2,179,179,0.07648670432676585
2025-01-13,3,179,177,0.06252537193654017
2025-01-13,4,179,179,0.07350908094547795
2025-01-13,5,179,179,0.09648864819648645
2025-01-14,1,181,181,0.086676341598663
2025-01-14,2,180,180,0.05044014025177583
2025-01-14,3,180,179,0.04226621584520661
2025-01-14,4,180,179,0.05576602878671527
2025-01-14,5,180,180,0.0833127823669494
2025-01-15,1,181,181,0.09092327606684787
2025-01-15,2,180,179,0.05679679820069265
2025-01-15,3,180,180,0.055171518989481784
2025-01-15,4,180,179,0.07343431257493133
2025-01-15,5,180,179,0.07143673207171464
2025-01-16,1,181,180,0.10798691870630976
2025-01-16,2,180,180,0.05799124585950006
2025-01-16,3,180,180,0.08751617235622446
2025-01-16,4,180,179,0.0813221201499654
2025-01-16,5,180,180,0.06832033787067224
2025-01-17,1,181,181,0.062107690350532485
2025-01-17,2,180,180,0.05707710884422483
2025-01-17,3,180,180,0.0591230081646923
2025-01-17,4,180,178,0.0423052910556472
2025-01-17,5,180,179,0.055252263246307304
2025-01-20,1,181,181,0.06430570714744775
2025-01-20,2,180,180,0.05433289554129677
2025-01-20,3,181,180,0.05533114251778402
2025-01-20,4,180,180,0.05295035053146609
2025-01-20,5,180,178,0.04244240221776915
2025-01-21,1,181,180,0.06875095926799894
2025-01-21,2,180,179,0.05389387954988977
2025-01-21,3,180,180,0.07406592188930428
2025-01-21,4,180,180,0.07398037846784579
2025-01-21,5,180,179,0.11041757098355172
2025-01-22,1,179,179,0.035791841768078994
2025-01-22,2,179,178,0.062252947219634557
2025-01-22,3,179,178,0.059987088491092425
2025-01-22,4,179,179,0.06126978163398428
2025-01-22,5,179,179,0.10154368641768823
2025-01-23,1,179,178,0.03679364092327634
2025-01-23,2,179,179,0.046315031919442834
2025-01-23,3,179,179,0.05792440772884798
2025-01-23,4,179,179,0.05137390543688627
2025-01-23,5,179,178,0.0963137423329672
2025-01-24,1,179,178,0.019407701527611274
2025-01-24,2,179,179,0.029385478717459692
2025-01-24,3,179,178,0.01754111378963301
2025-01-24,4,179,179,0.043644309830041285
2025-01-24,5,179,179,0.06062316431530443
2025-01-27,1,180,179,0.03868744358862585
2025-01-27,2,180,180,0.02861649065397893
2025-01-27,3,180,180,0.0345431574585572
2025-01-27,4,180,179,0.058194956331883534
2025-01-27,5,179,179,0.09066332449464508
2025-02-05,1,180,179,0.08650146384846975
2025-02-05,2,180,180,0.06145396986833139
2025-02-05,3,180,179,0.03490573547662171
2025-02-05,4,180,180,0.0637622934695607
2025-02-05,5,180,179,0.06722035480886275
2025-02-06,1,180,179,0.10107915555287027
2025-02-06,2,180,180,0.046329233210972987
2025-02-06,3,180,180,0.03162202704590063
2025-02-06,4,180,180,0.02920736166966536
2025-02-06,5,180,180,0.045395086146227906
2025-02-07,1,181,180,0.07123200622236797
2025-02-07,2,181,181,0.02926979221287332
2025-02-07,3,181,181,0.019008830581739248
2025-02-07,4,181,181,0.015942818014820004
2025-02-07,5,180,180,0.03044323154750435
2025-02-10,1,181,181,0.029889157578401136
2025-02-10,2,181,181,0.008727766830249374
2025-02-10,3,181,181,0.001731086390622982
2025-02-10,4,181,181,0.00332837064813804
2025-02-10,5,181,181,0.01706664564519037
2025-02-11,1,181,181,0.06965533658025866
2025-02-11,2,181,181,0.033197723032319965
2025-02-11,3,181,181,0.020955057151401207
2025-02-11,4,181,181,0.025268737332095108
2025-02-11,5,180,180,0.0427211607876468
2025-02-12,1,181,181,0.02685667585161552
2025-02-12,2,181,181,0.021230820252321387
2025-02-12,3,181,181,0.012477053444725323
2025-02-12,4,181,181,0.021927237808083106
2025-02-12,5,181,181,0.032674912735070755
2025-02-13,1,181,181,0.02161912461637339
2025-02-13,2,181,181,0.026043346955251467
2025-02-13,3,181,181,0.01949466790497536
2025-02-13,4,181,181,0.026866507524951885
2025-02-13,5,181,181,0.023062736476133095
2025-02-14,1,181,180,0.024392052613660238
2025-02-14,2,181,181,0.057021565347135476
2025-02-14,3,181,180,0.02971347437910031
2025-02-14,4,181,181,0.0346052645011311
2025-02-14,5,181,180,0.03257710115880892
2025-02-17,1,182,182,0.030850699549440207
2025-02-17,2,181,181,0.04804038180864633
2025-02-17,3,181,180,0.03790612535791411
2025-02-17,4,181,181,0.036154415229226765
2025-02-17,5,181,180,0.03639009090607864
2025-02-18,1,181,180,0.05267222043675467
2025-02-18,2,181,181,0.0585957506484683
2025-02-18,3,181,180,0.052729583409104615
2025-02-18,4,181,181,0.06433615177360773
2025-02-18,5,180,179,0.05688944611877069
2025-02-19,1,181,180,0.029774845698424205
2025-02-19,2,181,181,0.04165302719097307
2025-02-19,3,181,180,0.03721384842656184
2025-02-19,4,181,181,0.04279425924936422
2025-02-19,5,180,179,0.04149411689336011
2025-02-20,1,181,181,0.009565400589838657
2025-02-20,2,181,180,0.018024717635202563
2025-02-20,3,181,180,0.030072054475307954
2025-02-20,4,181,181,0.04082215033131464
2025-02-20,5,181,180,0.02996808183125254
2025-02-21,1,182,182,-0.030381599708466864
2025-02-21,2,181,181,0.01091636173748694
2025-02-21,3,182,180,0.007046714040495523
2025-02-21,4,181,181,0.025384431088904348
2025-02-21,5,181,180,0.017007846828593107
2025-02-24,1,182,181,-0.011546117438916877
2025-02-24,2,181,180,0.010058446537373415
2025-02-24,3,181,180,0.019142596136349263
2025-02-24,4,181,181,0.008053579644415637
2025-02-24,5,181,180,0.00993852799707713
2025-02-25,1,181,181,-0.03281354454366512
2025-02-25,2,181,181,-0.0013943409721294687
2025-02-25,3,181,180,0.012424573139251218
2025-02-25,4,181,180,0.016214973626462143
2025-02-25,5,180,179,0.0155976327907905
2025-02-26,1,182,182,-0.028145510541005545
2025-02-26,2,181,181,-0.003339678753360271
2025-02-26,3,182,181,0.0017118586335593306
2025-02-26,4,181,180,0.0024479443564179183
2025-02-26,5,181,181,-0.009403493103575642
2025-02-27,1,182,182,-0.020335116996018972
2025-02-27,2,182,182,-0.003239760426089737
2025-02-27,3,181,179,0.009694503197699848
2025-02-27,4,182,181,0.017081618814219886
2025-02-27,5,181,181,-0.009914972116097457
2025-02-28,1,181,181,-0.005321052943535368
2025-02-28,2,181,181,0.012850732572571247
2025-02-28,3,181,180,0.010649982361576889
2025-02-28,4,181,181,0.018789343090385418
2025-02-28,5,181,181,-0.014121250105332505
2025-03-03,1,182,181,-0.008476614683726985
2025-03-03,2,181,181,0.010859103276109583
2025-03-03,3,181,180,0.006887590865248746
2025-03-03,4,181,181,0.006459603164384322
2025-03-03,5,181,181,0.0053280390791066445
2025-03-04,1,182,182,-0.011594464098504972
2025-03-04,2,181,181,0.0031544852059340444
2025-03-04,3,181,180,-0.0004556842364231761
2025-03-04,4,181,180,0.0018167485058839133
2025-03-04,5,181,181,-0.016851952979503804
2025-03-05,1,182,182,-0.03450916924243884
2025-03-05,2,181,180,-0.008960775297612087
2025-03-05,3,181,180,-0.007024644962743782
2025-03-05,4,181,180,0.0011883686556148538
2025-03-05,5,181,181,-0.03779295573793588
2025-03-06,1,182,181,-0.11529797489181719
2025-03-06,2,181,180,-0.058834340420158365
2025-03-06,3,182,182,-0.03471398626271936
2025-03-06,4,181,180,-0.038726247639607005
2025-03-06,5,181,181,-0.10790658591943829
2025-03-07,1,181,180,-0.15545619771647787
2025-03-07,2,181,180,-0.09880303048752756
2025-03-07,3,181,180,-0.08090739179920071
2025-03-07,4,181,181,-0.08752935306537414
2025-03-07,5,181,181,-0.1382716360110479
2025-03-10,1,182,181,-0.15774243008569477
2025-03-10,2,181,180,-0.08620525416984903
2025-03-10,3,181,181,-0.07373961570420487
2025-03-10,4,181,181,-0.09523302186214665
2025-03-10,5,181,181,-0.12535525964143523
2025-03-11,1,182,180,-0.112099958449407
2025-03-11,2,181,181,-0.072230224490086
2025-03-11,3,181,181,-0.06333672527925605
2025-03-11,4,181,181,-0.06952274258985687
2025-03-11,5,181,181,-0.10794786542969997
2025-03-12,1,182,180,-0.1098789734113566
2025-03-12,2,181,181,-0.07209569447238076
2025-03-12,3,181,181,-0.05779989657890672
2025-03-12,4,181,181,-0.06678418970190303
2025-03-12,5,181,181,-0.1087957665590701
2025-03-13,1,181,181,-0.08625149577709755
2025-03-13,2,181,180,-0.04238821445722475
2025-03-13,3,181,181,-0.04090344402232642
2025-03-13,4,181,180,-0.06140881290402659
2025-03-13,5,181,181,-0.08194158552961224
2025-03-14,1,182,181,-0.08896828477383296
2025-03-14,2,181,181,-0.06414739236032599
2025-03-14,3,181,180,-0.06491866745427412
2025-03-14,4,181,179,-0.07212886209604272
2025-03-14,5,181,181,-0.10352626812697475
2025-03-17,1,182,182,-0.09283225085517362
2025-03-17,2,181,181,-0.07155256180556688
2025-03-17,3,181,181,-0.0679125537388519
2025-03-17,4,181,181,-0.07478903157622875
2025-03-17,5,181,180,-0.11238603593990375
2025-03-18,1,182,182,-0.1102844734935042
2025-03-18,2,181,181,-0.08304314412357953
2025-03-18,3,181,181,-0.07675311947642224
2025-03-18,4,181,179,-0.08066573536838656
2025-03-18,5,181,181,-0.11280087308751079
2025-03-19,1,181,181,-0.10401623413162975
2025-03-19,2,181,181,-0.05706628165959117
2025-03-19,3,181,181,-0.06867066734615089
2025-03-19,4,181,181,-0.07723869531373581
2025-03-19,5,181,180,-0.11374634796887331
2025-03-20,1,181,181,-0.108612706437481
2025-03-20,2,181,181,-0.06040724185515096
2025-03-20,3,181,181,-0.060710318296975596
2025-03-20,4,181,179,-0.07528411235842894
2025-03-20,5,181,181,-0.08753767949540123
2025-03-21,1,181,181,-0.07385178752142561
2025-03-21,2,181,180,-0.03604749250074158
2025-03-21,3,181,181,-0.03878457776763498
2025-03-21,4,181,180,-0.046073910848271095
2025-03-21,5,180,179,-0.07707435839382908
2025-03-24,1,181,180,-0.05668501157578386
2025-03-24,2,181,181,-0.03577689694780374
2025-03-24,3,180,180,-0.03351364635170327
2025-03-24,4,181,180,-0.02303568670209041
2025-03-24,5,180,179,-0.05999227187181017
2025-03-25,1,181,179,-0.0517032047757308
2025-03-25,2,181,181,-0.028819705133982784
2025-03-25,3,181,181,-0.03793093125506166
2025-03-25,4,181,181,-0.036781410833299374
2025-03-25,5,180,179,-0.05456315566039752
2025-03-26,1,181,180,-0.045510662893113736
2025-03-26,2,181,181,-0.037405174330517627
2025-03-26,3,181,181,-0.049700850913872135
2025-03-26,4,181,181,-0.050773490546955125
2025-03-26,5,180,179,-0.050302627144352456
2025-03-27,1,181,181,-0.04032858006236637
2025-03-27,2,181,181,-0.04678707836326164
2025-03-27,3,181,181,-0.05245709295896766
2025-03-27,4,181,181,-0.04489130474516327
2025-03-27,5,180,179,-0.06324135052139748
2025-03-28,1,181,180,-0.04541092262077397
2025-03-28,2,181,181,-0.04808739627608852
2025-03-28,3,180,180,-0.04950876082892428
2025-03-28,4,181,181,-0.04589430653674439
2025-03-28,5,180,180,-0.052223532610321734
2025-03-31,1,180,180,-0.020634123045187674
2025-03-31,2,180,179,-0.03458373872171001
2025-03-31,3,180,180,-0.0373088433912219
2025-03-31,4,180,180,-0.03439398863944201
2025-03-31,5,180,178,-0.05221551705491143
2025-04-01,1,180,180,-0.025329376846623126
2025-04-01,2,180,179,-0.027642708390070703
2025-04-01,3,180,179,-0.04228579560663894
2025-04-01,4,180,180,-0.026344926660411577
2025-04-01,5,180,180,-0.03377629077011838
2025-04-02,1,181,180,0.005866925088076606
2025-04-02,2,180,179,-0.0077312085127943285
2025-04-02,3,180,180,-0.007901198230221309
2025-04-02,4,180,180,0.0015692628585048435
2025-04-02,5,180,180,0.005423423411792991
2025-04-03,1,181,181,0.05364890639129826
2025-04-03,2,180,179,0.03229470891067642
2025-04-03,3,180,180,0.031187786288254898
2025-04-03,4,180,179,0.03724379353148955
2025-04-03,5,180,180,0.047491981900153434
2025-04-07,1,179,179,0.07872648969819583
2025-04-07,2,179,179,0.10347338498578627
2025-04-07,3,179,178,0.10239354854003907
2025-04-07,4,179,178,0.09842905716187958
2025-04-07,5,178,178,0.10937476128645876
2025-04-08,1,179,179,0.05865990409305937
2025-04-08,2,178,178,0.08692941061086953
2025-04-08,3,179,178,0.10030410324449354
2025-04-08,4,178,177,0.11903129077965488
2025-04-08,5,178,178,0.17131873326750638
2025-04-09,1,179,179,0.028529357248554033
2025-04-09,2,179,178,0.06132092647637996
2025-04-09,3,179,179,0.06163033706821255
2025-04-09,4,179,178,0.095777335833274
2025-04-09,5,178,177,0.09479958471141044
2025-04-10,1,180,180,0.007881643685619586
2025-04-10,2,179,179,0.05569878404312221
2025-04-10,3,180,179,0.05751546452844453
2025-04-10,4,179,178,0.08314921749003076
2025-04-10,5,179,178,0.09592549664751546
2025-04-11,1,180,180,0.006646998780904526
2025-04-11,2,179,179,0.03543292023870281
2025-04-11,3,180,179,0.05416892856360058
2025-04-11,4,179,178,0.05608547747885377
2025-04-11,5,179,178,0.06248208413925706
2025-04-14,1,180,180,-0.0003559981331016667
2025-04-14,2,180,179,0.030718463644033463
2025-04-14,3,180,180,0.026091197783260297
2025-04-14,4,180,179,0.04218249798358545
2025-04-14,5,180,179,0.04063176995453347
2025-04-15,1,180,180,0.042192718880473816
2025-04-15,2,180,180,0.040592544552142514
2025-04-15,3,180,179,0.03814295180340781
2025-04-15,4,180,179,0.03130011681022205
2025-04-15,5,180,179,0.03665625323441343
2025-04-16,1,180,180,0.04974484124906181
2025-04-16,2,180,180,0.06401553374467712
2025-04-16,3,180,180,0.05002663528234289
2025-04-16,4,180,178,0.060516748707060454
2025-04-16,5,179,178,0.04880765953687196
2025-04-17,1,181,181,0.04173967340489132
2025-04-17,2,180,180,0.05748629871990472
2025-04-17,3,181,181,0.05253522073671188
2025-04-17,4,180,178,0.06437111591625498
2025-04-17,5,180,179,0.04767297962952014
2025-04-18,1,181,181,0.04600057182706458
2025-04-18,2,181,181,0.04663799252980344
2025-04-18,3,180,179,0.053135418037239944
2025-04-18,4,181,180,0.04818545753387533
2025-04-18,5,180,178,0.05271701863789055
2025-04-21,1,181,180,0.017113469795491013
2025-04-21,2,180,180,0.04168507452864719
2025-04-21,3,180,179,0.033432375943074605
2025-04-21,4,180,180,0.03320870477464148
2025-04-21,5,180,178,0.016919513830566363
2025-04-22,1,180,180,0.013491966558081063
2025-04-22,2,180,180,0.013873071912115613
2025-04-22,3,180,180,0.017736839660102
2025-04-22,4,180,180,0.009429322906579314
2025-04-22,5,180,177,0.008328031656829918
2025-04-23,1,180,179,0.03111835476584746
2025-04-23,2,180,180,0.016689602021618954
2025-04-23,3,180,180,0.02570572941818772
2025-04-23,4,180,180,0.014639135196513739
2025-04-23,5,179,177,0.0020919427295191346
2025-04-24,1,180,179,0.026882617648484035
2025-04-24,2,180,180,0.025908226909763726
2025-04-24,3,180,180,0.0234989275842711
2025-04-24,4,180,179,0.02883982396178662
2025-04-24,5,180,179,0.00962875774148815
2025-04-25,1,181,180,0.024917737668548344
2025-04-25,2,180,180,0.024655852531906077
2025-04-25,3,180,180,0.0224920475345487
2025-04-25,4,180,179,0.01881040708395322
2025-04-25,5,180,179,0.017469449322308137
2025-04-28,1,180,180,0.054310210611433915
2025-04-28,2,180,180,0.04017478538822653
2025-04-28,3,180,180,0.04137371874479094
2025-04-28,4,180,180,0.04536026209581407
2025-04-28,5,179,177,0.04790338495010031
2025-04-29,1,181,181,0.02208529875753852
2025-04-29,2,180,180,0.03195783772763038
2025-04-29,3,181,181,0.02398045534636807
2025-04-29,4,180,179,0.03618798105049359
2025-04-29,5,180,177,0.03542109479757567
2025-04-30,1,180,180,0.019353032463330186
2025-04-30,2,180,180,0.027157989012902155
2025-04-30,3,180,179,0.02925472304231807
2025-04-30,4,180,179,0.03586224935175134
2025-04-30,5,179,179,0.036826208144721005
2025-05-06,1,180,179,-0.001339018969363081
2025-05-06,2,180,180,0.014596257386350016
2025-05-06,3,179,178,0.022188701635986675
2025-05-06,4,180,180,0.014202587535929477
2025-05-06,5,179,179,0.01963657285838982
2025-05-07,1,181,180,0.01849068195314487
2025-05-07,2,180,178,0.03357100052928277
2025-05-07,3,180,180,0.027723011068105298
2025-05-07,4,180,180,0.024921111244501543
2025-05-07,5,180,180,0.021547457452384643
2025-05-08,1,181,180,0.01474477226324067
2025-05-08,2,181,181,0.021248476335247325
2025-05-08,3,180,179,0.013849680840383334
2025-05-08,4,181,180,0.01439423700672714
2025-05-08,5,180,180,0.02410812834945341
2025-05-09,1,181,180,0.026078398713894217
2025-05-09,2,180,180,0.03295166748750776
2025-05-09,3,180,180,0.01811056014293425
2025-05-09,4,180,180,0.02273567789755092
2025-05-09,5,180,180,0.050029791400161346
2025-05-12,1,181,181,0.010273897191249529
2025-05-12,2,180,180,0.00030761087718570877
2025-05-12,3,180,179,0.010147212840683824
2025-05-12,4,180,180,0.02297885272343418
2025-05-12,5,180,180,0.00830118114434655
2025-05-13,1,180,180,0.02020525275886815
2025-05-13,2,180,180,0.01859607350773869
2025-05-13,3,180,180,0.02480275016537124
2025-05-13,4,180,180,0.02240131625922146
2025-05-13,5,180,180,0.0274176433276684
2025-05-14,1,181,181,0.029098828317083304
2025-05-14,2,180,180,0.019138330575471867
2025-05-14,3,180,180,0.02447932820000717
2025-05-14,4,180,180,0.014496289314399658
2025-05-14,5,180,180,0.019290662743204266
2025-05-15,1,180,180,0.018490542614822348
2025-05-15,2,180,180,0.026133713470947714
2025-05-15,3,180,180,0.01637679428322227
2025-05-15,4,180,180,0.00781251560784748
2025-05-15,5,180,180,0.021712526610985647
2025-05-16,1,180,180,0.030491496394207868
2025-05-16,2,180,180,0.01745641838861638
2025-05-16,3,180,180,0.03225031775202466
2025-05-16,4,180,179,0.007037677601867052
2025-05-16,5,180,180,0.029682735838033977
2025-05-19,1,181,181,0.01021103155703973
2025-05-19,2,180,180,0.020098624932075544
2025-05-19,3,180,180,0.028998437841611633
2025-05-19,4,180,180,0.011386299457585418
2025-05-19,5,180,180,0.005285295033941818
2025-05-20,1,180,180,0.015731585483532946
2025-05-20,2,180,180,0.010854265242109898
2025-05-20,3,180,180,0.006739406882143495
2025-05-20,4,180,180,0.0014678834105098639
2025-05-20,5,180,180,-0.0027778624867399794
2025-05-21,1,180,180,-0.010273379430589242
2025-05-21,2,180,180,-0.0039291175423824
2025-05-21,3,180,180,0.010758079944507988
2025-05-21,4,180,180,-0.010815744133794833
2025-05-21,5,180,180,-0.0070464572290621415
2025-05-22,1,180,180,-0.014656755006622757
2025-05-22,2,180,180,-0.0007409541120495793
2025-05-22,3,180,180,-0.006703126794092153
2025-05-22,4,180,180,-0.008574142696542459
2025-05-22,5,180,180,-0.006236725808027146
2025-05-23,1,180,180,0.017988290316875252
2025-05-23,2,180,179,0.02423585116976714
2025-05-23,3,180,180,0.02401417236667293
2025-05-23,4,180,180,0.022800854122274714
2025-05-23,5,180,180,0.010736201599076156
2025-05-26,1,180,180,0.036567045646829006
2025-05-26,2,180,180,0.032661361242376584
2025-05-26,3,180,180,0.035453625903767765
2025-05-26,4,180,180,0.032121690812035045
2025-05-26,5,179,179,0.032326108714895205
2025-05-27,1,180,180,0.03005139992967475
2025-05-27,2,180,180,0.05333051566329063
2025-05-27,3,180,180,0.04825530016760247
2025-05-27,4,180,180,0.04309326055212908
2025-05-27,5,179,179,0.04568387518480243
2025-05-28,1,180,180,0.03796580565579972
2025-05-28,2,180,180,0.03988367522953711
2025-05-28,3,180,180,0.04946067662185401
2025-05-28,4,180,180,0.06085666998938368
2025-05-28,5,179,179,0.04357398779913815
2025-05-29,1,181,181,0.05018002872477363
2025-05-29,2,180,180,0.03861799670172848
2025-05-29,3,180,180,0.03636490648541856
2025-05-29,4,180,180,0.030948728801054676
2025-05-29,5,180,180,0.027933966816390474
2025-05-30,1,180,180,0.07146686667113876
2025-05-30,2,180,180,0.04166218216319095
2025-05-30,3,180,180,0.048400190423535605
2025-05-30,4,180,180,0.055863784575983386
2025-05-30,5,180,180,0.050282474636589976
2025-06-03,1,181,181,0.05709859135096518
2025-06-03,2,180,180,0.03983224634026864
2025-06-03,3,180,180,0.042296924093902
2025-06-03,4,180,180,0.0312582876328817
2025-06-03,5,180,180,0.048780443320186016
2025-06-04,1,181,180,0.04562105228836275
2025-06-04,2,180,180,0.030482604232322776
2025-06-04,3,181,181,0.02925485572800672
2025-06-04,4,180,180,0.03131682984678607
2025-06-04,5,180,180,0.02496573341271757
2025-06-05,1,180,180,0.0671068908641096
2025-06-05,2,180,180,0.026543657914301515
2025-06-05,3,180,180,0.027173687050598198
2025-06-05,4,180,179,0.0298237702148214
2025-06-05,5,180,180,0.033145809807090684
2025-06-06,1,180,180,0.04391796370022846
2025-06-06,2,180,180,0.03177150838047839
2025-06-06,3,180,180,0.03184564527036953
2025-06-06,4,180,180,0.02005592998449209
2025-06-06,5,180,179,0.02315423303583938
2025-06-09,1,181,181,0.03427830549843043
2025-06-09,2,181,181,0.023877203769813334
2025-06-09,3,180,180,0.0323573756888467
2025-06-09,4,181,181,0.01544803877815389
2025-06-09,5,180,180,0.014725985417144257
2025-06-10,1,181,181,0.044171099220143714
2025-06-10,2,180,180,0.05713394873536028
2025-06-10,3,180,180,0.03706147172359485
2025-06-10,4,180,180,0.045224006302197146
2025-06-10,5,180,180,0.04017159951226687
2025-06-11,1,181,181,0.04231063327805241
2025-06-11,2,180,180,0.040460956204907084
2025-06-11,3,181,181,0.04366004130368184
2025-06-11,4,180,180,0.03423213663909816
2025-06-11,5,180,180,0.029413575783885315
2025-06-12,1,181,181,0.04004518540413896
2025-06-12,2,180,180,0.046144774155225915
2025-06-12,3,181,181,0.05518999781039989
2025-06-12,4,180,180,0.04615116013953639
2025-06-12,5,180,180,0.032374449678512454
2025-06-13,1,180,180,0.05635438831208922
2025-06-13,2,180,180,0.0655895456252411
2025-06-13,3,179,179,0.06575786181593299
2025-06-13,4,180,180,0.06482884883935901
2025-06-13,5,179,179,0.06592486537507779
2025-06-16,1,180,180,0.0519039156131981
2025-06-16,2,180,180,0.05401140386618754
2025-06-16,3,180,180,0.05487627174974169
2025-06-16,4,180,180,0.04833138128086387
2025-06-16,5,180,180,0.05238931078640768
2025-06-17,1,181,181,0.05158360267714523
2025-06-17,2,180,180,0.04742891003931403
2025-06-17,3,180,180,0.05372491369478587
2025-06-17,4,180,180,0.05052954989842584
2025-06-17,5,180,180,0.05159216417538388
2025-06-18,1,181,181,0.05383671422003911
2025-06-18,2,180,180,0.05249992377582238
2025-06-18,3,180,180,0.06013353908517782
2025-06-18,4,180,180,0.06322013387962648
2025-06-18,5,180,180,0.057932832756077426
2025-06-19,1,181,180,0.07676876274338085
2025-06-19,2,180,180,0.0682354465640529
2025-06-19,3,180,180,0.09065039047023833
2025-06-19,4,180,180,0.08410451783032474
2025-06-19,5,180,180,0.0980564113998402
2025-06-20,1,181,181,0.08967488754636514
2025-06-20,2,180,180,0.08984442179992633
2025-06-20,3,180,180,0.0963652114360231
2025-06-20,4,180,180,0.11012661352790874
2025-06-20,5,180,180,0.10866470481158355
2025-06-23,1,181,181,0.0800946300748229
2025-06-23,2,180,179,0.07960264074117816
2025-06-23,3,180,180,0.09787818144492787
2025-06-23,4,180,180,0.09970145986395933
2025-06-23,5,180,180,0.10597867596658084
2025-06-24,1,181,180,0.058753979214290555
2025-06-24,2,180,180,0.06853725934358196
2025-06-24,3,181,181,0.11040012039342563
2025-06-24,4,180,180,0.09242943040058209
2025-06-24,5,180,180,0.08451391626343326
2025-06-25,1,181,180,0.04142497072075436
2025-06-25,2,180,180,0.057765131334349504
2025-06-25,3,181,181,0.06729970962614118
2025-06-25,4,180,180,0.0725263524017515
2025-06-25,5,180,180,0.07557025982012133
2025-06-26,1,181,181,0.06866226071088703
2025-06-26,2,181,181,0.080648138364542
2025-06-26,3,180,180,0.09494849687845838
2025-06-26,4,181,181,0.08242846053177254
2025-06-26,5,180,179,0.08218994007254703
2025-06-27,1,181,181,0.05884666376923325
2025-06-27,2,181,181,0.09339895276683169
2025-06-27,3,181,181,0.07800638366641058
2025-06-27,4,181,181,0.07630321913276211
2025-06-27,5,180,179,0.0662518109489158
2025-06-30,1,182,182,0.06649372953388506
2025-06-30,2,181,181,0.06938609924640103
2025-06-30,3,181,181,0.0830855063607011
2025-06-30,4,181,181,0.07838312125339779
2025-06-30,5,181,181,0.04524815615334079
2025-07-01,1,182,182,0.07843942112446244
2025-07-01,2,181,181,0.06621269490774669
2025-07-01,3,181,181,0.0724440728351939
2025-07-01,4,181,181,0.06759170384762894
2025-07-01,5,181,181,0.06757713864667252
2025-07-02,1,182,182,0.0645877538029423
2025-07-02,2,182,182,0.0762012946364148
2025-07-02,3,181,181,0.06397404871278398
2025-07-02,4,182,182,0.059785478230131785
2025-07-02,5,181,181,0.06005542714395714
2025-07-03,1,182,182,0.05183777199775145
2025-07-03,2,181,181,0.05115486987706534
2025-07-03,3,182,182,0.04360346478551551
2025-07-03,4,181,181,0.041346813197577534
2025-07-03,5,181,181,0.039557536650880985
2025-07-04,1,182,181,0.06431296567527828
2025-07-04,2,181,180,0.037656289714126996
2025-07-04,3,182,182,0.043745823745791654
2025-07-04,4,181,180,0.055963057863022456
2025-07-04,5,181,181,0.036667080305114834
2025-07-07,1,181,181,0.06068832389657319
2025-07-07,2,181,181,0.05087388437404459
2025-07-07,3,181,181,0.048111127540715115
2025-07-07,4,181,180,0.06256270819769998
2025-07-07,5,181,180,0.060444270671278055
2025-07-08,1,182,181,0.045749905073890595
2025-07-08,2,182,182,0.055969627990667695
2025-07-08,3,182,182,0.04803030861892602
2025-07-08,4,182,181,0.046064066312829305
2025-07-08,5,182,181,0.04490898096377724
2025-07-09,1,183,182,0.05630186739923018
2025-07-09,2,182,182,0.053532958461552704
2025-07-09,3,182,182,0.05942978167585836
2025-07-09,4,182,181,0.05906264508901574
2025-07-09,5,182,181,0.06050618631082156
2025-07-10,1,183,182,0.044089592938150145
2025-07-10,2,183,183,0.04849623245928374
2025-07-10,3,183,183,0.04191222417984755
2025-07-10,4,183,182,0.058944850266930617
2025-07-10,5,182,181,0.04881078544086636
2025-07-11,1,184,183,0.04223589360647663
2025-07-11,2,183,183,0.05726036858854652
2025-07-11,3,184,184,0.048656737936724793
2025-07-11,4,183,183,0.045262696562174666
2025-07-11,5,183,182,0.04484201437406078
2025-07-14,1,183,182,0.08421581677600375
2025-07-14,2,183,183,0.050207864054335
2025-07-14,3,183,183,0.052081215334636076
2025-07-14,4,183,183,0.054892577464039055
2025-07-14,5,183,182,0.04840494230335381
2025-07-15,1,184,183,0.08326496354229909
2025-07-15,2,183,182,0.06316194412761747
2025-07-15,3,183,183,0.05264944415331436
2025-07-15,4,183,182,0.06464698613393459
2025-07-15,5,183,183,0.06192055778173754
2025-07-16,1,183,182,0.10549697845569053
2025-07-16,2,183,182,0.06417433337510822
2025-07-16,3,183,182,0.05986280380939629
2025-07-16,4,183,183,0.05263847787016759
2025-07-16,5,183,183,0.067374871239806
2025-07-17,1,184,183,0.07851216740284352
2025-07-17,2,183,180,0.04561507542185909
2025-07-17,3,183,183,0.028425273768065754
2025-07-17,4,183,183,0.030092938798593427
2025-07-17,5,183,183,0.031685825487345234
2025-07-18,1,184,184,0.10500780556670962
2025-07-18,2,183,183,0.062311664031510595
2025-07-18,3,183,183,0.05013616501747559
2025-07-18,4,183,183,0.03853921151933373
2025-07-18,5,183,181,0.04942591141288204
2025-07-21,1,184,183,0.08565590181204451
2025-07-21,2,183,183,0.047604109180335065
2025-07-21,3,183,182,0.05816923192956464
2025-07-21,4,183,183,0.04019328318103837
2025-07-21,5,183,183,0.04573117481233623
2025-07-22,1,184,184,0.05152301833986295
2025-07-22,2,183,183,0.04461963253637818
2025-07-22,3,183,182,0.05382195625266584
2025-07-22,4,183,183,0.04374359062090997
2025-07-22,5,183,183,0.0510257452126765
2025-07-23,1,183,183,0.07911081666141033
2025-07-23,2,183,183,0.05772732733838319
2025-07-23,3,183,182,0.07678860084355514
2025-07-23,4,183,183,0.07047611568544088
2025-07-23,5,183,183,0.07750474295250626
2025-07-24,1,184,184,0.043850044700704444
2025-07-24,2,183,183,0.04478610103450649
2025-07-24,3,184,183,0.05315402830599894
2025-07-24,4,183,183,0.04836820906021508
2025-07-24,5,183,183,0.06278008624208523
2025-07-25,1,184,184,0.07580047922633754
2025-07-25,2,183,182,0.06541913068462314
2025-07-25,3,184,183,0.06653926869117156
2025-07-25,4,183,183,0.057468794639770227
2025-07-25,5,183,183,0.07968083874005921
2025-07-28,1,184,184,0.08597905384926943
2025-07-28,2,183,183,0.07474709387638538
2025-07-28,3,183,183,0.06600326608495834
2025-07-28,4,183,183,0.06924327494467618
2025-07-28,5,183,182,0.07542729127756688
2025-07-29,1,184,183,0.08678282250964246
2025-07-29,2,183,183,0.0714946599888831
2025-07-29,3,184,184,0.07330945564163245
2025-07-29,4,183,183,0.07603245266016502
2025-07-29,5,183,182,0.07679480996089016
2025-07-30,1,184,184,0.0687918989386968
2025-07-30,2,183,183,0.05823606577643737
2025-07-30,3,183,183,0.05624674731984909
2025-07-30,4,183,183,0.044103362229988834
2025-07-30,5,183,182,0.0699919224059732
2025-07-31,1,183,183,0.10413115530409854
2025-07-31,2,183,183,0.08015164411137132
2025-07-31,3,182,182,0.07082253450764901
2025-07-31,4,183,183,0.08754001680354422
2025-07-31,5,182,181,0.0765992071169766
2025-08-01,1,183,181,0.1122950136750408
2025-08-01,2,183,183,0.06563365143627091
2025-08-01,3,183,183,0.09511798783286335
2025-08-01,4,183,183,0.08729952519211322
2025-08-01,5,182,181,0.09075707955415709
2025-08-04,1,182,182,0.09168402686806214
2025-08-04,2,182,182,0.07059888039776928
2025-08-04,3,182,182,0.07659754340046568
2025-08-04,4,182,181,0.07386631960996334
2025-08-04,5,182,182,0.09342866351551475
2025-08-05,1,183,183,0.06955514398650213
2025-08-05,2,183,183,0.04360624917781051
2025-08-05,3,182,182,0.06224888199241545
2025-08-05,4,183,182,0.06027798428842611
2025-08-05,5,182,182,0.06930290746379153
2025-08-06,1,183,182,0.05077492476229412
2025-08-06,2,182,182,0.030450195611811916
2025-08-06,3,183,183,0.021572364689888098
2025-08-06,4,182,182,0.028217290340018117
2025-08-06,5,182,182,0.042855239344174324
2025-08-07,1,183,182,0.021533639299548577
2025-08-07,2,182,182,0.027820604109778917
2025-08-07,3,182,182,0.014423716346482896
2025-08-07,4,182,182,0.030514425238797105
2025-08-07,5,182,182,0.032948045954352564
2025-08-08,1,183,182,0.04305949345821549
2025-08-08,2,182,182,0.044097191624240126
2025-08-08,3,182,182,0.04499372446912536
2025-08-08,4,182,182,0.03925492564551184
2025-08-08,5,182,182,0.054202523167649126
2025-08-11,1,183,182,0.05116955412850943
2025-08-11,2,182,182,0.0480748139334006
2025-08-11,3,182,182,0.03996767945417479
2025-08-11,4,182,182,0.030730522161980633
2025-08-11,5,182,182,0.0513061460124842
2025-08-12,1,183,181,0.0320813093492735
2025-08-12,2,182,182,0.03379925003638333
2025-08-12,3,182,182,0.03330469659421156
2025-08-12,4,182,182,0.02744890305218107
2025-08-12,5,182,182,0.05645632617674386
2025-08-13,1,182,182,0.023213610621574454
2025-08-13,2,182,182,0.028918335460910556
2025-08-13,3,182,182,0.029163570940546342
2025-08-13,4,182,182,0.024493332503621765
2025-08-13,5,182,182,0.04127996964686579
2025-08-14,1,182,182,0.06822394537301577
2025-08-14,2,181,181,0.06857652851879101
2025-08-14,3,182,182,0.05488684228022359
2025-08-14,4,181,181,0.05998965481224098
2025-08-14,5,181,181,0.06632884286231287
2025-08-15,1,182,182,0.04144229762996752
2025-08-15,2,182,182,0.05579840514943364
2025-08-15,3,181,181,0.024825291989191162
2025-08-15,4,182,181,0.033120640365451745
2025-08-15,5,181,181,0.045829333782380605
2025-08-18,1,183,183,0.03604617341308094
2025-08-18,2,183,183,0.022168111464431314
2025-08-18,3,182,182,0.031568246960871585
2025-08-18,4,183,183,0.037022909851660436
2025-08-18,5,182,181,0.04270552937942735
2025-08-19,1,183,183,0.044642063632303754
2025-08-19,2,183,183,0.028156811379462975
2025-08-19,3,182,181,0.018515994464838977
2025-08-19,4,183,183,0.03256916862034048
2025-08-19,5,182,182,0.06123487638612725
2025-08-20,1,183,183,0.03260603719758056
2025-08-20,2,183,183,0.021490864554609905
2025-08-20,3,182,181,0.007691701462904314
2025-08-20,4,183,183,0.025107179080479058
2025-08-20,5,182,182,0.040060318514929284
2025-08-21,1,183,183,0.037108002779242345
2025-08-21,2,183,183,0.006840479686442905
2025-08-21,3,182,181,-0.00240650641816445
2025-08-21,4,183,183,0.001498549072309448
2025-08-21,5,182,182,0.03782975410854149
2025-08-22,1,183,181,0.0092418225447436
2025-08-22,2,183,182,-0.002725567529476066
2025-08-22,3,182,182,-0.01979558722074308
2025-08-22,4,183,182,-0.01120437798683087
2025-08-22,5,182,182,0.033199318576909505
2025-08-25,1,183,183,0.00938459045088016
2025-08-25,2,183,183,-0.007181990943176499
2025-08-25,3,183,182,-0.024069291374009
2025-08-25,4,183,183,-0.008991877985608077
2025-08-25,5,182,182,0.0036349521580402154
2025-08-26,1,183,183,-0.006336139147504611
2025-08-26,2,183,183,-0.025764957296762953
2025-08-26,3,182,181,-0.03933610865716585
2025-08-26,4,183,183,-0.03349927281491044
2025-08-26,5,182,182,-0.025886294341618123
2025-08-27,1,183,183,0.04532004906216283
2025-08-27,2,183,182,0.007778459041055965
2025-08-27,3,182,182,0.00822184011105807
2025-08-27,4,183,182,0.004568283150390338
2025-08-27,5,182,182,0.0045034117044676575
2025-08-28,1,183,183,0.015542715533906343
2025-08-28,2,182,181,-0.005652352694444935
2025-08-28,3,183,183,-0.0033426016597388466
2025-08-28,4,182,181,0.0006871677121715077
2025-08-28,5,182,182,-0.018436390835374943
2025-08-29,1,183,183,0.0033761688904455495
2025-08-29,2,182,182,0.009315768948129225
2025-08-29,3,183,181,-0.018017887586262674
2025-08-29,4,182,181,-0.020614069556719537
2025-08-29,5,182,182,-0.01666540001434251
2025-09-01,1,183,183,0.00931896544197734
2025-09-01,2,182,182,0.019621617815673644
2025-09-01,3,183,181,-0.002728032253063124
2025-09-01,4,182,181,-0.02013491256501658
2025-09-01,5,182,182,-0.004293040386317271
2025-09-02,1,182,182,0.05097961650447098
2025-09-02,2,182,181,0.022118999608256258
2025-09-02,3,182,182,0.006223706199263806
2025-09-02,4,182,179,0.008356864917199941
2025-09-02,5,181,181,0.02287330969124305
2025-09-03,1,182,181,0.07575538262946593
2025-09-03,2,182,182,0.04284422818146265
2025-09-03,3,181,181,0.03636280543040883
2025-09-03,4,182,180,0.027517096604314804
2025-09-03,5,181,180,0.043976421723274456
2025-09-04,1,182,181,0.04365547893900952
2025-09-04,2,182,182,0.018866612927492296
2025-09-04,3,181,179,0.007535848445374226
2025-09-04,4,182,182,0.02260295856523227
2025-09-04,5,181,181,0.02141939692745912
2025-09-05,1,182,182,0.05839702767380661
2025-09-05,2,182,181,0.02903806117040065
2025-09-05,3,182,182,0.008903679800873945
2025-09-05,4,182,182,0.027825533190995046
2025-09-05,5,181,180,0.04915605297487973
2025-09-08,1,183,182,0.01812592997625106
2025-09-08,2,182,182,0.001876333615963637
2025-09-08,3,182,182,0.003018582309236193
2025-09-08,4,182,182,0.013161157449234974
2025-09-08,5,182,181,0.021271331105815236
2025-09-09,1,183,182,0.028705704897891378
2025-09-09,2,182,182,0.016512123583151902
2025-09-09,3,182,182,0.023067245040795405
2025-09-09,4,182,181,0.01712259484433076
2025-09-09,5,182,182,0.04503012300167781
2025-09-10,1,183,183,0.009742054613656148
2025-09-10,2,182,182,0.015232114776485386
2025-09-10,3,183,183,0.013076284241063956
2025-09-10,4,182,182,0.028404187206133115
2025-09-10,5,182,182,0.03667646280834814
2025-09-11,1,183,183,-0.010939633786571427
2025-09-11,2,183,183,-0.010110442642477464
2025-09-11,3,182,182,-0.010795449980986305
2025-09-11,4,183,183,-0.014028114511509083
2025-09-11,5,182,182,-0.009934974813380926
2025-09-12,1,183,182,-0.003040586009936389
2025-09-12,2,183,183,-0.010246750005104624
2025-09-12,3,182,182,-0.012336846214264393
2025-09-12,4,183,183,-0.015826221251656145
2025-09-12,5,182,182,-0.007486585538795251
2025-09-15,1,183,183,-0.0004990858202084254
2025-09-15,2,183,183,-0.01288836569258612
2025-09-15,3,183,183,-0.003536456266804488
2025-09-15,4,183,183,-0.0015041291171175716
2025-09-15,5,182,182,-0.0004730090864638884
2025-09-16,1,184,184,-0.019966973442068783
2025-09-16,2,184,184,-0.014408468372712677
2025-09-16,3,183,183,-0.003769763482588175
2025-09-16,4,184,184,0.0005818291524462868
2025-09-16,5,183,183,-8.428191896590576e-05
2025-09-17,1,184,184,-0.026430284484320193
2025-09-17,2,184,184,0.0036214283800143202
2025-09-17,3,183,183,-0.0032436038728532674
2025-09-17,4,184,184,-0.004736040852233675
2025-09-17,5,183,183,0.006087065555941649
2025-09-18,1,184,183,0.0025354897597328467
2025-09-18,2,184,184,0.017422834597111313
2025-09-18,3,183,183,0.02143877685187073
2025-09-18,4,184,184,0.01816467874524474
2025-09-18,5,183,183,0.021219920782556887
2025-09-19,1,183,183,0.0004115329788491409
2025-09-19,2,183,181,0.017127824579561836
2025-09-19,3,183,182,0.014309238640454178
2025-09-19,4,183,183,0.02274908722903634
2025-09-19,5,183,183,0.025793438344951732
2025-09-22,1,183,183,-0.002302483039549013
2025-09-22,2,182,181,0.018286111140349375
2025-09-22,3,183,183,0.02269424872491589
2025-09-22,4,182,182,0.029773926361818526
2025-09-22,5,182,182,0.021987422842194505
2025-09-23,1,183,183,0.02875036620802912
2025-09-23,2,182,182,0.03634861437913143
2025-09-23,3,182,181,0.04179004700651094
2025-09-23,4,182,182,0.05266000934137263
2025-09-23,5,182,182,0.04420150893686771
2025-09-24,1,183,183,0.00011805626149117627
2025-09-24,2,182,181,0.032560251555699124
2025-09-24,3,183,182,0.020399631537204293
2025-09-24,4,182,182,0.016826052134297272
2025-09-24,5,182,182,0.0060628072908447085
2025-09-25,1,182,182,0.010957624425367065
2025-09-25,2,182,182,0.027154796184202672
2025-09-25,3,182,182,0.035172603135747584
2025-09-25,4,182,181,0.029939312624965915
2025-09-25,5,181,181,0.026214352739844564
2025-09-26,1,182,181,0.025093532703784182
2025-09-26,2,182,182,0.03334867860139307
2025-09-26,3,182,181,0.028042855625062067
2025-09-26,4,182,182,0.030795433579542016
2025-09-26,5,181,180,0.04200357293947961
2025-09-29,1,182,182,-0.010955817900178667
2025-09-29,2,181,181,0.016395519874379292
2025-09-29,3,182,182,0.010519934156222438
2025-09-29,4,181,180,0.00967395603047609
2025-09-29,5,181,181,-0.013567174807894173
2025-09-30,1,182,182,-0.002697722356049708
2025-09-30,2,181,181,0.016868004501641626
2025-09-30,3,181,181,0.009553108254774043
2025-09-30,4,181,180,0.02284311456304741
2025-09-30,5,181,180,-0.0006685237300694406
2025-10-09,1,182,182,0.0034709051879908254
2025-10-09,2,181,181,0.007919417311883488
2025-10-09,3,182,182,0.018590030404385904
2025-10-09,4,181,181,0.0034943015221580876
2025-10-09,5,181,180,0.009809704631493044
2025-10-10,1,182,182,0.056965310261563144
2025-10-10,2,182,182,0.045187191926364986
2025-10-10,3,182,182,0.04437783540048979
2025-10-10,4,182,182,0.04149563132969605
2025-10-10,5,181,181,0.04737534057001705
2025-10-13,1,182,182,-0.0008650732753633983
2025-10-13,2,182,182,0.032548609886075344
2025-10-13,3,182,182,0.0239479780558698
2025-10-13,4,182,182,0.035107862097387955
2025-10-13,5,181,181,0.01500941632357465
2025-10-14,1,182,182,0.01435949851858402
2025-10-14,2,182,182,0.03293682977410649
2025-10-14,3,182,182,0.04166049739438395
2025-10-14,4,182,182,0.03631287249866846
2025-10-14,5,181,181,0.02669804637542387
2025-10-15,1,182,182,0.006396915860522888
2025-10-15,2,182,182,0.024839252817295793
2025-10-15,3,182,182,0.019224564295368732
2025-10-15,4,182,182,0.01463925529100513
2025-10-15,5,181,181,0.018103491199363622
2025-10-16,1,182,182,0.031441444281137536
2025-10-16,2,182,182,0.035753226365162476
2025-10-16,3,181,181,0.03835654497359779
2025-10-16,4,182,182,0.024861976271154176
2025-10-16,5,181,181,0.014366874049750417
2025-10-17,1,182,182,0.05215711418094782
2025-10-17,2,182,182,0.04934059811663534
2025-10-17,3,181,181,0.03635669162332464
2025-10-17,4,182,182,0.04043891047226378
2025-10-17,5,181,181,0.02683293346000968
2025-10-20,1,182,182,0.06722663254155246
2025-10-20,2,182,182,0.05248553719901664
2025-10-20,3,181,181,0.021265422876835343
2025-10-20,4,182,182,0.02865761078143221
2025-10-20,5,181,181,0.02077147963222036
2025-10-21,1,182,182,0.04475917321152692
2025-10-21,2,182,182,0.03289647037805577
2025-10-21,3,181,181,0.013316202575420946
2025-10-21,4,182,182,0.017049682064422166
2025-10-21,5,181,181,0.005586510626273741
2025-10-22,1,182,181,0.034122802383245915
2025-10-22,2,182,182,0.02817070000781456
2025-10-22,3,182,182,0.02176534361396916
2025-10-22,4,182,182,0.006383600467465363
2025-10-22,5,181,181,0.013184787626672356
2025-10-23,1,182,182,0.007555260973848256
2025-10-23,2,182,182,-0.00020657713817352291
2025-10-23,3,182,181,-0.012546673028099095
2025-10-23,4,182,182,-0.013925589056477736
2025-10-23,5,181,181,-0.013798322747046139
2025-10-24,1,182,181,-0.036829471505192904
2025-10-24,2,182,182,-0.0367851752766388
2025-10-24,3,182,181,-0.031294577792619856
2025-10-24,4,182,182,-0.019080492578987657
2025-10-24,5,181,180,-0.027563934613360357
2025-10-27,1,182,181,-0.03583663601292264
2025-10-27,2,182,182,-0.028983143463624822
2025-10-27,3,181,181,-0.026266895797455045
2025-10-27,4,182,181,-0.01723586808904993
2025-10-27,5,181,181,-0.012300999312224321
2025-10-28,1,182,181,-0.02108570809277342
2025-10-28,2,182,182,-0.023392180398428847
2025-10-28,3,181,181,-0.015038003358588164
2025-10-28,4,182,181,-0.0021320530090371214
2025-10-28,5,181,181,-0.01734439832728282
2025-10-29,1,182,181,-0.035632590646244106
2025-10-29,2,182,182,-0.03216590523429459
2025-10-29,3,182,182,-0.0199693023174071
2025-10-29,4,182,181,-0.02281231029276507
2025-10-29,5,181,181,-0.012393489466285287
2025-10-30,1,182,181,-0.03104076347409376
2025-10-30,2,182,181,-0.015708857130712243
2025-10-30,3,182,182,-0.02167943290911355
2025-10-30,4,182,182,-0.008985313373533099
2025-10-30,5,181,181,-0.012141945924876415
2025-10-31,1,182,180,-0.0007261545751061367
2025-10-31,2,181,181,-0.012683046911181552
2025-10-31,3,182,181,-0.012337824259759232
2025-10-31,4,181,181,-0.01716660198098782
2025-10-31,5,181,180,-0.014627396340603135
2025-11-03,1,182,181,-0.000170539064176471
2025-11-03,2,181,179,-0.012153928756330484
2025-11-03,3,182,181,-0.02127788828270846
2025-11-03,4,181,181,-0.013054326651747996
2025-11-03,5,181,181,-0.007574242675456567
2025-11-04,1,182,181,0.015333574721074328
2025-11-04,2,181,180,0.008465389014228691
2025-11-04,3,182,180,-0.007433325279975838
2025-11-04,4,181,181,-0.0059349243173185615
2025-11-04,5,181,181,0.009638547646997403
2025-11-05,1,182,181,-0.010251755608147397
2025-11-05,2,182,180,-0.017706814909741093
2025-11-05,3,182,182,-0.019047602100206732
2025-11-05,4,182,182,-0.022887479037416603
2025-11-05,5,181,180,-0.014014535592357992
2025-11-06,1,182,179,-0.037031347042616146
2025-11-06,2,182,182,-0.012151758609612021
2025-11-06,3,182,182,-0.02575938682015326
2025-11-06,4,182,182,-0.019473621783090617
2025-11-06,5,181,180,-0.02750148749852262
2025-11-07,1,182,181,-0.02666722742795552
2025-11-07,2,182,181,-0.00542124763612654
2025-11-07,3,181,180,-0.020744419482266418
2025-11-07,4,182,182,-0.02346978392449679
2025-11-07,5,181,181,-0.00601086784562364
2025-11-10,1,182,181,-0.02474465652968872
2025-11-10,2,182,181,-0.02344794284952322
2025-11-10,3,182,182,-0.02073770511723906
2025-11-10,4,182,182,-0.031082934117350493
2025-11-10,5,182,182,-0.009363034637176058
2025-11-11,1,183,182,-0.03664161422235745
2025-11-11,2,182,180,-0.02715602332234517
2025-11-11,3,183,183,-0.03156148516156707
2025-11-11,4,182,182,-0.03650946422945748
2025-11-11,5,182,181,0.008754267241385132
2025-11-12,1,183,182,-0.02593116250770515
2025-11-12,2,182,180,-0.021784323786923694
2025-11-12,3,183,183,-0.02354125717658492
2025-11-12,4,182,182,-0.024866117893534094
2025-11-12,5,182,181,0.027372051760389118
2025-11-13,1,183,181,-0.04550445577881616
2025-11-13,2,183,182,-0.043179801273703335
2025-11-13,3,183,183,-0.025746935487832773
2025-11-13,4,183,183,-0.03397024272941155
2025-11-13,5,182,181,-0.018628297142742892
2025-11-14,1,184,183,-0.04560600703019359
2025-11-14,2,183,183,-0.036707108790072766
2025-11-14,3,183,182,-0.04043105071997065
2025-11-14,4,183,181,-0.03917999402002728
2025-11-14,5,183,183,-0.00994701610286613
2025-11-17,1,184,184,-0.05347868136181298
2025-11-17,2,183,182,-0.036040704944358896
2025-11-17,3,183,182,-0.033293641341838244
2025-11-17,4,183,182,-0.024170040966250462
2025-11-17,5,183,183,-0.008524162257884152
2025-11-18,1,183,182,-0.0545815767230382
2025-11-18,2,183,183,-0.036015939996085176
2025-11-18,3,183,182,-0.035670952037667104
2025-11-18,4,183,183,-0.022416231568204197
2025-11-18,5,182,182,-0.021882206797256876
2025-11-19,1,183,180,-0.053557679593651306
2025-11-19,2,182,182,-0.03558118781161894
2025-11-19,3,183,183,-0.024620132528407966
2025-11-19,4,182,181,-0.02264446994222367
2025-11-19,5,182,182,-0.002585586459036063
2025-11-20,1,183,181,-0.01605872933673279
2025-11-20,2,182,181,-0.021756883065429274
2025-11-20,3,182,182,-0.013898408998384506
2025-11-20,4,182,182,0.013686844596232338
2025-11-20,5,182,181,0.025962811579176282
2025-11-21,1,183,182,0.0018879304353448668
2025-11-21,2,182,179,0.007692477897404919
2025-11-21,3,182,182,0.02977123612041789
2025-11-21,4,182,182,0.051851414512373496
2025-11-21,5,182,180,0.05063888471774154
2025-11-24,1,183,182,0.0011782847487291001
2025-11-24,2,182,181,0.017663288483870387
2025-11-24,3,182,181,0.043634890910918635
2025-11-24,4,182,182,0.025930633591662873
2025-11-24,5,182,181,0.04094265332541275
2025-11-25,1,182,181,0.006745506730198062
2025-11-25,2,182,180,0.013585972271545723
2025-11-25,3,182,182,0.005733710656442106
2025-11-25,4,182,182,0.01412574602504219
2025-11-25,5,182,182,0.02267353263671226
2025-11-26,1,183,183,0.04264923620809875
2025-11-26,2,182,182,0.01985504447834583
2025-11-26,3,182,181,0.021216962033690844
2025-11-26,4,182,182,0.01773926621726511
2025-11-26,5,182,182,0.026265304097681675
2025-11-27,1,183,182,0.04886604429325429
2025-11-27,2,182,182,0.024046097952777942
2025-11-27,3,183,183,0.02210320127747352
2025-11-27,4,182,182,0.035039857833586575
2025-11-27,5,182,182,0.03411498325527807
2025-11-28,1,183,181,0.05961458078585233
2025-11-28,2,183,183,0.02339219656876399
2025-11-28,3,183,183,0.015466115005923627
2025-11-28,4,183,183,0.014929220750809396
2025-11-28,5,182,181,0.01251092033025562
2025-12-01,1,183,182,0.033469034039934606
2025-12-01,2,182,182,0.03278476462137644
2025-12-01,3,183,182,-0.006553493425405271
2025-12-01,4,182,181,0.010011160014783334
2025-12-01,5,182,182,-0.004246230838484589
2025-12-02,1,183,182,0.048074345552033666
2025-12-02,2,182,182,0.01837968309428147
2025-12-02,3,182,182,0.005999206448709428
2025-12-02,4,182,181,0.023890173489882035
2025-12-02,5,182,182,0.011145973659377948
2025-12-03,1,183,183,0.05250675282078515
2025-12-03,2,182,182,0.02133180283938402
2025-12-03,3,183,182,0.019676778001510676
2025-12-03,4,182,181,0.032106562947038265
2025-12-03,5,182,182,0.034844050171784144
2025-12-04,1,182,181,0.07093944436431344
2025-12-04,2,182,182,0.0286954977611319
2025-12-04,3,182,181,0.027717299770244872
2025-12-04,4,182,182,0.04914241411227517
2025-12-04,5,182,182,0.05980672435397546
2025-12-05,1,183,182,0.06919603044264158
2025-12-05,2,182,182,0.032963490565150626
2025-12-05,3,182,182,0.0342803438322521
2025-12-05,4,182,181,0.04106103568016008
2025-12-05,5,182,182,0.0546293887072959
2025-12-08,1,183,182,0.08175128481048233
2025-12-08,2,182,182,0.03788485610209355
2025-12-08,3,182,182,0.02991847134500376
2025-12-08,4,182,181,0.028964841160500354
2025-12-08,5,182,182,0.03823888280275963
2025-12-09,1,182,180,0.09702643800896414
2025-12-09,2,182,182,0.058809304380716194
2025-12-09,3,182,182,0.05440199254899114
2025-12-09,4,182,181,0.04328474073051822
2025-12-09,5,181,181,0.0501336850910418
2025-12-10,1,183,183,0.10442145108153711
2025-12-10,2,182,182,0.05785841367065913
2025-12-10,3,182,182,0.07454137306397111
2025-12-10,4,182,181,0.05753749461507394
2025-12-10,5,182,181,0.07851277673705118
2025-12-11,1,182,181,0.1534785958219992
2025-12-11,2,182,181,0.08024981532512147
2025-12-11,3,182,182,0.08809271997411243
2025-12-11,4,182,181,0.09713682943869917
2025-12-11,5,181,180,0.11556732589746918
2025-12-12,1,182,180,0.12125519359388913
2025-12-12,2,182,182,0.0689846801701819
2025-12-12,3,182,179,0.08723601620756281
2025-12-12,4,182,181,0.09388603957171744
2025-12-12,5,181,181,0.08926097658578801
2025-12-15,1,182,180,0.0946187463878505
2025-12-15,2,182,181,0.07203138681874993
2025-12-15,3,181,180,0.08276356644350205
2025-12-15,4,182,182,0.09117358852236342
2025-12-15,5,181,181,0.09944530022075043
2025-12-16,1,182,180,0.11495249649807662
2025-12-16,2,182,182,0.0843143400800161
2025-12-16,3,181,180,0.08270616813723321
2025-12-16,4,182,182,0.11357967158017193
2025-12-16,5,181,180,0.12563179822977538
2025-12-17,1,182,178,0.10322899481022964
2025-12-17,2,182,182,0.0671649859278225
2025-12-17,3,181,180,0.0769866388088946
2025-12-17,4,182,182,0.0808944805909096
2025-12-17,5,181,181,0.10040987086830845
2025-12-18,1,182,180,0.12154662122604921
2025-12-18,2,181,180,0.0754086039044842
2025-12-18,3,181,181,0.07487934867386192
2025-12-18,4,181,181,0.07469002404640289
2025-12-18,5,181,181,0.11511256499983555
2025-12-19,1,181,179,0.08616030541535234
2025-12-19,2,181,181,0.059394358257161155
2025-12-19,3,181,181,0.049563872598413904
2025-12-19,4,181,180,0.07505869021211406
2025-12-19,5,181,181,0.08492271993734823
2025-12-22,1,181,181,0.10845492156535579
2025-12-22,2,181,180,0.07742633027012895
2025-12-22,3,181,181,0.059916703004962914
2025-12-22,4,181,181,0.06322532521294465
2025-12-22,5,180,179,0.07884538489450396
2025-12-23,1,181,181,0.12017634846450616
2025-12-23,2,181,181,0.09820208915798422
2025-12-23,3,181,181,0.06636544172335869
2025-12-23,4,181,180,0.08708330968846767
2025-12-23,5,180,180,0.09314684006464877
2025-12-24,1,181,181,0.11447757690200244
2025-12-24,2,181,181,0.09270972673566617
2025-12-24,3,181,181,0.07548510175043444
2025-12-24,4,181,181,0.08375064221873138
2025-12-24,5,180,179,0.10530377469709576
2025-12-25,1,181,181,0.07749437367144084
2025-12-25,2,181,181,0.07956353872849604
2025-12-25,3,180,180,0.05519772152057624
2025-12-25,4,181,181,0.07292702040367585
2025-12-25,5,180,180,0.0885056424125575
2025-12-26,1,181,181,0.08523511045754768
2025-12-26,2,181,181,0.05671621718617212
2025-12-26,3,180,180,0.04967233563830402
2025-12-26,4,181,180,0.07884712440852425
2025-12-26,5,180,180,0.0795827969005037
2025-12-29,1,181,181,0.08544389300767716
2025-12-29,2,181,181,0.05355332037997985
2025-12-29,3,180,179,0.06684827443923991
2025-12-29,4,181,181,0.08953627148052484
2025-12-29,5,180,180,0.10596897803922115
2025-12-30,1,181,181,0.062365834762670005
2025-12-30,2,180,180,0.05223604446674146
2025-12-30,3,181,181,0.0676957174731379
2025-12-30,4,180,180,0.07629913708819573
2025-12-30,5,180,180,0.08484935629704747
2025-12-31,1,181,181,0.04376999435535051
2025-12-31,2,180,180,0.035997911975656195
2025-12-31,3,181,181,0.04025740750378054
2025-12-31,4,180,179,0.06227989066563813
2025-12-31,5,180,180,0.06047311106597447
2026-01-05,1,181,181,0.041953262864021165
2026-01-05,2,180,180,0.02666304507172067
2026-01-05,3,181,181,0.01389141878256689
2026-01-05,4,180,179,0.023465231480796038
2026-01-05,5,180,180,0.02057285849367789
2026-01-06,1,181,181,0.033637452482527246
2026-01-06,2,181,181,0.02556517956895346
2026-01-06,3,180,180,0.01428549717039488
2026-01-06,4,181,180,0.014709563786970708
2026-01-06,5,180,180,0.014215981389821239
2026-01-07,1,181,181,0.0318291863552023
2026-01-07,2,181,181,0.025123919441532448
2026-01-07,3,181,181,0.02542872010667025
2026-01-07,4,181,181,0.025055699248657547
2026-01-07,5,180,179,0.021916042163236216
2026-01-08,1,182,181,0.0016011229582564377
2026-01-08,2,181,181,0.023924125414867787
2026-01-08,3,181,181,-0.0014309118623113386
2026-01-08,4,181,181,0.009547023774738215
2026-01-08,5,181,180,0.0060143296295066765
2026-01-09,1,182,181,0.001062238899424751
2026-01-09,2,181,180,0.01401011277886096
2026-01-09,3,181,180,0.001061588010736522
2026-01-09,4,181,181,0.010684095639812912
2026-01-09,5,181,181,0.010287278565684873
2026-01-12,1,182,179,-0.021125982418607785
2026-01-12,2,181,181,-0.002259403564937525
2026-01-12,3,181,181,0.005953991601966159
2026-01-12,4,181,181,0.011132014251600738
2026-01-12,5,181,180,0.01488471680183464
2026-01-13,1,181,180,-0.0010543994942306253
2026-01-13,2,181,181,0.021951198307427793
2026-01-13,3,181,181,0.012882100932152632
2026-01-13,4,181,180,0.020851381447797333
2026-01-13,5,181,181,0.012231380778433757
2026-01-14,1,181,181,-0.0020433121252975217
2026-01-14,2,181,181,0.025938984117979666
2026-01-14,3,181,181,0.022009171767283918
2026-01-14,4,181,180,0.01880482804360639
2026-01-14,5,180,180,0.021506608627359394
2026-01-15,1,181,180,0.014247265087571523
2026-01-15,2,181,181,0.012150665928285686
2026-01-15,3,180,180,0.010388261647619352
2026-01-15,4,181,181,-0.001880868383729626
2026-01-15,5,180,180,0.007978550640765606
2026-01-16,1,181,181,0.03579964055553897
2026-01-16,2,180,179,0.01763256333897425
2026-01-16,3,180,180,0.02384754908445616
2026-01-16,4,180,180,0.01425129657232557
2026-01-16,5,180,180,0.019596640784706847
2026-01-19,1,181,181,0.03936773432756544
2026-01-19,2,180,180,0.007642910363063254
2026-01-19,3,181,180,2.858316582495431e-07
2026-01-19,4,180,180,0.015308881432843978
2026-01-19,5,180,179,0.0002899646774215209
2026-01-20,1,181,181,0.052914299176982954
2026-01-20,2,181,181,0.01754407828326345
2026-01-20,3,181,181,0.00975553243909847
2026-01-20,4,181,181,0.019853347657641074
2026-01-20,5,180,178,0.04276311273949904
2026-01-21,1,181,181,0.029597264609089787
2026-01-21,2,181,181,0.013197880605076423
2026-01-21,3,180,180,-0.0008999957560143589
2026-01-21,4,181,181,0.008488872741664107
2026-01-21,5,180,178,0.014862763762466393
2026-01-22,1,181,180,0.026804424791166195
2026-01-22,2,181,181,0.0037986990013219152
2026-01-22,3,181,181,0.004812774005282586
2026-01-22,4,181,179,-0.002102606737940231
2026-01-22,5,180,179,0.007378921081776268
2026-01-23,1,182,181,0.028672610960267672
2026-01-23,2,182,182,-0.00827839983246585
2026-01-23,3,181,180,-0.00176541779291982
2026-01-23,4,182,180,-0.01800413236139163
2026-01-23,5,181,181,0.004960335902379436
2026-01-26,1,181,180,-0.02971433118835857
2026-01-26,2,181,180,-0.011148829840664927
2026-01-26,3,181,181,-0.010601076588607919
2026-01-26,4,181,180,-0.04000946221020821
2026-01-26,5,181,181,-0.04967048702557156
2026-01-27,1,181,179,0.0003383429826328601
2026-01-27,2,181,180,-0.011623613837375693
2026-01-27,3,181,181,-0.0047827122540966245
2026-01-27,4,181,181,-0.022841334028911125
2026-01-27,5,181,181,-0.02867096566662865
2026-01-28,1,182,182,-0.020440852941826165
2026-01-28,2,181,179,-0.015990626490419033
2026-01-28,3,181,181,-0.02662527601460997
2026-01-28,4,181,180,-0.02401944444905016
2026-01-28,5,181,181,-0.02307354971469132
2026-01-29,1,182,182,-0.01722185866493529
2026-01-29,2,181,179,-0.020264894007699374
2026-01-29,3,181,181,-0.002642410759285445
2026-01-29,4,181,181,-0.004276476566254786
2026-01-29,5,181,181,-0.018684138076821715
2026-01-30,1,182,180,0.020798950289687458
2026-01-30,2,181,181,0.00695720695180654
2026-01-30,3,181,181,-0.0013412615564118004
2026-01-30,4,181,181,0.006147729835149471
2026-01-30,5,181,180,-0.001542500464398372
2026-02-02,1,181,181,0.026984947590372337
2026-02-02,2,181,180,0.023938864689462144
2026-02-02,3,181,181,0.027217760858754225
2026-02-02,4,181,181,0.040435554397752156
2026-02-02,5,181,181,0.013100429551882505
2026-02-03,1,181,181,0.029278579265388488
2026-02-03,2,181,181,0.012989856959267356
2026-02-03,3,181,180,0.024065590878530833
2026-02-03,4,181,181,0.007772037044631703
2026-02-03,5,181,181,0.011787840784684003
2026-02-04,1,182,182,0.00747209946939868
2026-02-04,2,181,180,0.007789785369224665
2026-02-04,3,182,182,0.0012680001384380972
2026-02-04,4,181,181,0.00037810213890824575
2026-02-04,5,181,181,0.022862978852888374
2026-02-05,1,182,181,0.012842462289042386
2026-02-05,2,181,181,-0.005342910976110151
2026-02-05,3,182,182,0.01958180954280484
2026-02-05,4,181,181,0.005238734046464113
2026-02-05,5,181,181,0.023285829673038067
2026-02-06,1,181,180,-0.016406489659107536
2026-02-06,2,181,181,-0.009087451102442114
2026-02-06,3,181,181,-0.013281660058174875
2026-02-06,4,181,181,-0.00565568161568882
2026-02-06,5,181,181,0.0060432153336001425
2026-02-09,1,181,181,-0.03960846098173709
2026-02-09,2,181,181,-0.02133212047624034
2026-02-09,3,181,181,-0.021764760210035216
2026-02-09,4,181,181,-0.035830398485576696
2026-02-09,5,181,181,-0.024037823015593887
2026-02-10,1,182,182,-0.04472106333974397
2026-02-10,2,181,181,-0.027498408815814755
2026-02-10,3,182,182,-0.032822291710021365
2026-02-10,4,181,181,-0.036069944185417244
2026-02-10,5,181,180,-0.0356269213459772
2026-02-11,1,182,182,-0.054926889416626885
2026-02-11,2,181,181,-0.0406134542045639
2026-02-11,3,182,182,-0.03507548647077813
2026-02-11,4,181,180,-0.041194956605563667
2026-02-11,5,181,181,-0.06190817016358973
2026-02-12,1,182,182,-0.08709673479282459
2026-02-12,2,181,181,-0.07104811643499914
2026-02-12,3,182,182,-0.05424737955569764
2026-02-12,4,181,181,-0.07709967175319793
2026-02-12,5,181,181,-0.09414445730014953
2026-02-13,1,182,181,-0.09741128568995416
2026-02-13,2,181,181,-0.09738845747744401
2026-02-13,3,181,181,-0.07420280150489675
2026-02-13,4,181,181,-0.08897226860549735
2026-02-13,5,181,181,-0.11163055077251782
2026-02-24,1,182,182,-0.07330307795535802
2026-02-24,2,181,181,-0.0733950652822686
2026-02-24,3,181,181,-0.06674487217357974
2026-02-24,4,181,181,-0.08558768677142646
2026-02-24,5,181,180,-0.12147738953743593
2026-02-25,1,182,182,-0.08202272760310327
2026-02-25,2,181,181,-0.0744177074127668
2026-02-25,3,182,182,-0.07254619567010746
2026-02-25,4,181,181,-0.0834053048395125
2026-02-25,5,181,181,-0.10254474493048746
2026-02-26,1,182,182,-0.1073952966437524
2026-02-26,2,181,181,-0.08111732717028246
2026-02-26,3,181,181,-0.08005683535897319
2026-02-26,4,181,181,-0.10568516322280612
2026-02-26,5,181,181,-0.11967187004630042
2026-02-27,1,182,182,-0.09667759078113482
2026-02-27,2,181,180,-0.08219540220377088
2026-02-27,3,181,181,-0.07301757655492173
2026-02-27,4,181,180,-0.07868393448300735
2026-02-27,5,181,181,-0.10822970460304764
2026-03-02,1,182,182,-0.09657856674588614
2026-03-02,2,181,181,-0.06212509920327613
2026-03-02,3,181,181,-0.07299900078407617
2026-03-02,4,181,181,-0.0693004259325023
2026-03-02,5,181,181,-0.07935297526283727
2026-03-03,1,182,182,-0.047985158189586194
2026-03-03,2,181,181,-0.03887635260011361
2026-03-03,3,181,181,-0.035021069916625056
2026-03-03,4,181,181,-0.025443499254271335
2026-03-03,5,181,181,-0.034407852022701774
2026-03-04,1,181,181,-0.0604968617985088
2026-03-04,2,181,181,-0.0404930420350923
2026-03-04,3,181,181,-0.049172191925715036
2026-03-04,4,181,181,-0.047535315015041935
2026-03-04,5,181,181,-0.05838449247023452
2026-03-05,1,182,182,-0.05191838403802925
2026-03-05,2,181,181,-0.03958236553841825
2026-03-05,3,181,181,-0.0413527448011948
2026-03-05,4,181,181,-0.05581961230037717
2026-03-05,5,181,181,-0.06137450384777869
2026-03-06,1,182,182,-0.07909670838057499
2026-03-06,2,181,181,-0.062199829228234624
2026-03-06,3,182,182,-0.05499029494631786
2026-03-06,4,181,181,-0.07420618746779649
2026-03-06,5,181,181,-0.08571388438939712
2026-03-09,1,182,182,-0.0631682285812582
2026-03-09,2,181,181,-0.03617647935362391
2026-03-09,3,182,182,-0.05696742786951785
2026-03-09,4,181,181,-0.058095757744791664
2026-03-09,5,181,181,-0.0688291626365295
2026-03-10,1,182,182,-0.061013253649180484
2026-03-10,2,182,182,-0.052397131324547444
2026-03-10,3,182,182,-0.04585899828226588
2026-03-10,4,182,182,-0.06326386723472832
2026-03-10,5,181,181,-0.06023534830409839
2026-03-11,1,182,182,-0.05658957385348523
2026-03-11,2,182,182,-0.04867374165930845
2026-03-11,3,182,182,-0.04536865592205065
2026-03-11,4,182,182,-0.05955118725950811
2026-03-11,5,182,182,-0.061150351643204544
2026-03-12,1,182,182,-0.05974773634694406
2026-03-12,2,182,182,-0.03782944016454748
2026-03-12,3,182,182,-0.051241597819237636
2026-03-12,4,182,182,-0.060559386813042196
2026-03-12,5,182,182,-0.048337500864239935
2026-03-13,1,182,182,-0.022676155202127377
2026-03-13,2,182,182,-0.04025380466235948
2026-03-13,3,182,182,-0.03543615094748471
2026-03-13,4,182,182,-0.046255529732638336
2026-03-13,5,182,182,-0.031226778669754533
2026-03-16,1,183,183,-0.006165408734587652
2026-03-16,2,182,182,-0.03401525146920986
2026-03-16,3,182,182,-0.033843450445078714
2026-03-16,4,182,182,-0.03327126215876324
2026-03-16,5,182,182,-0.03184787975256664
2026-03-17,1,183,183,-0.021775616679503708
2026-03-17,2,182,182,-0.029153400177748038
2026-03-17,3,183,183,-0.026732926727410938
2026-03-17,4,182,182,-0.016391878403516108
2026-03-17,5,182,182,-0.0023131207619886333
2026-03-18,1,183,182,-0.007735124623591972
2026-03-18,2,182,182,-0.02247323924339198
2026-03-18,3,183,183,-0.010735707517391823
2026-03-18,4,182,182,-0.008647669666291935
2026-03-18,5,182,182,0.02247153496959295
2026-03-19,1,182,182,0.007664093424756227
2026-03-19,2,182,182,0.0035785685780804783
2026-03-19,3,182,181,-0.0074114614937204155
2026-03-19,4,182,182,0.0031863333778434123
2026-03-19,5,182,182,0.03738924217317074
2026-03-20,1,182,182,0.05621179563326177
2026-03-20,2,182,182,0.029007839903198683
2026-03-20,3,182,182,0.0449345679745357
2026-03-20,4,182,181,0.04899620437803385
2026-03-20,5,181,180,0.08188214574959266
2026-03-23,1,181,181,0.052068824447279415
2026-03-23,2,181,180,0.05698774815323444
2026-03-23,3,181,181,0.057035014587361765
2026-03-23,4,181,180,0.06346246726220933
2026-03-23,5,180,180,0.09569036719694764
2026-03-24,1,182,182,0.07957869664809324
2026-03-24,2,182,181,0.05189711973673499
2026-03-24,3,181,181,0.03968626916971082
2026-03-24,4,182,181,0.07198514498902317
2026-03-24,5,181,180,0.056968344485948536
2026-03-25,1,182,182,0.05097801390975835
2026-03-25,2,182,182,0.03472552701539691
2026-03-25,3,182,181,0.02324920925598499
2026-03-25,4,182,180,0.031022430851345057
2026-03-25,5,182,182,0.03597783549798166
2026-03-26,1,182,181,0.09030868786239939
2026-03-26,2,182,182,0.047624743495712434
2026-03-26,3,182,181,0.030695183790830784
2026-03-26,4,182,181,0.052303928300819445
2026-03-26,5,181,180,0.06794264007259991
2026-03-27,1,182,182,0.07960770678436821
2026-03-27,2,182,182,0.021530109188414748
2026-03-27,3,182,180,0.026548946112247063
2026-03-27,4,182,182,0.04128149061012935
2026-03-27,5,182,182,0.0389004026721953
2026-03-30,1,182,182,0.0469680609705544
2026-03-30,2,182,180,0.01407656416462666
2026-03-30,3,182,181,0.0007416262814988934
2026-03-30,4,182,182,0.015649547542510817
2026-03-30,5,182,181,0.014649201494027122
2026-03-31,1,183,182,0.05512899464922704
2026-03-31,2,182,181,0.014856608599401435
2026-03-31,3,182,181,0.023353624070387744
2026-03-31,4,182,180,0.03738112346032312
2026-03-31,5,182,181,0.038405161534199414
2026-04-01,1,182,182,0.042211287724549955
2026-04-01,2,182,180,0.040791892301484424
2026-04-01,3,182,182,0.045274541637185736
2026-04-01,4,182,182,0.0469729756058962
2026-04-01,5,181,181,0.026405104382023033
2026-04-02,1,182,182,0.06196835397374197
2026-04-02,2,182,181,0.057645020364367826
2026-04-02,3,182,182,0.053268829250611646
2026-04-02,4,182,182,0.06464305799160833
2026-04-02,5,182,182,0.06919745629263896
2026-04-03,1,182,182,0.07172836152799719
2026-04-03,2,182,182,0.08711229803341905
2026-04-03,3,182,182,0.07214364452386961
2026-04-03,4,182,182,0.06839965286667486
2026-04-03,5,181,181,0.10393477660714448
2026-04-07,1,182,182,0.0784739433419985
2026-04-07,2,182,182,0.06611626377401238
2026-04-07,3,182,182,0.06531792762595051
2026-04-07,4,182,182,0.06918910919390264
2026-04-07,5,182,182,0.07469526736889602
2026-04-08,1,183,183,0.12912972624710653
2026-04-08,2,182,182,0.053650433598601624
2026-04-08,3,182,182,0.0378721633311691
2026-04-08,4,182,182,0.04943445600790797
2026-04-08,5,182,182,0.056588766455182175
2026-04-09,1,182,182,0.09916276809806408
2026-04-09,2,182,182,0.04381515030642085
2026-04-09,3,182,182,0.035284688097389647
2026-04-09,4,182,182,0.025586157511759248
2026-04-09,5,182,182,0.031084996504344806
2026-04-10,1,182,182,0.13593989377218552
2026-04-10,2,182,182,0.0414054880303996
2026-04-10,3,182,182,0.04765905617005043
2026-04-10,4,182,182,0.05368135780762889
2026-04-10,5,182,182,0.03164004921423178
2026-04-13,1,182,182,0.08652260236430065
2026-04-13,2,182,182,0.027661782420672677
2026-04-13,3,182,182,0.022584601034243847
2026-04-13,4,182,182,0.005843476438225615
2026-04-13,5,182,182,-0.009270200622496083
2026-04-14,1,183,183,0.07115736002563545
2026-04-14,2,183,183,-0.0024553455185654088
2026-04-14,3,182,182,-0.021655596818757516
2026-04-14,4,183,183,-0.002972300488711891
2026-04-14,5,182,182,-0.028696450842317457
2026-04-15,1,183,183,0.06022586010424872
2026-04-15,2,183,183,-0.006468466657377246
2026-04-15,3,182,182,-0.00768353004646104
2026-04-15,4,183,183,-0.006638741383858162
2026-04-15,5,182,182,-0.0013876410525075183
2026-04-16,1,183,183,0.046122776095141364
2026-04-16,2,182,182,-0.007434855272499447
2026-04-16,3,183,183,-0.005064368445878647
2026-04-16,4,182,182,-0.0007908017612994029
2026-04-16,5,182,182,-0.005263251054791532
2026-04-17,1,183,183,0.06021313893976962
2026-04-17,2,183,182,-0.004737745048749216
2026-04-17,3,182,182,-0.02255232066771032
2026-04-17,4,183,183,-0.004059806134266408
2026-04-17,5,182,182,-0.012209856074502774
2026-04-20,1,183,183,0.007177098728528397
2026-04-20,2,182,182,-0.0012023209595287193
2026-04-20,3,183,183,-0.035729233063446206
2026-04-20,4,182,181,-0.017106390279886235
2026-04-20,5,182,182,-0.05217415809852638
2026-04-21,1,183,183,0.04454008648701278
2026-04-21,2,182,182,-0.026625921174514927
2026-04-21,3,182,182,-0.02042805237383008
2026-04-21,4,182,182,-0.024459723612440736
2026-04-21,5,182,182,-0.005821258486072617
2026-04-22,1,183,183,0.016674399060646855
2026-04-22,2,183,183,-0.024628129162191134
2026-04-22,3,182,181,-0.034236479827876545
2026-04-22,4,183,183,-0.0178980156100253
2026-04-22,5,182,182,-0.03762688119459064
2026-04-23,1,182,182,0.016778747414360445
2026-04-23,2,182,182,-0.019444005492536363
2026-04-23,3,182,182,-0.02320288189145701
2026-04-23,4,182,182,-0.021216670376095554
2026-04-23,5,181,181,0.0014720901490127556
2026-04-24,1,182,182,-0.02538768893848303
2026-04-24,2,182,182,-0.0011882365642638243
2026-04-24,3,182,182,-0.02760202997170158
2026-04-24,4,182,181,-0.03230126279637949
2026-04-24,5,182,181,-0.024767712084528007
2026-04-27,1,182,182,0.009049220929854955
2026-04-27,2,182,182,0.014161049726085536
2026-04-27,3,182,182,-0.047328985639291166
2026-04-27,4,182,182,-0.028083282539210136
2026-04-27,5,181,181,-0.019468060678188702
2026-04-28,1,182,182,0.006255871717079381
2026-04-28,2,182,181,-0.0374422868675434
2026-04-28,3,182,182,-0.023241244415237703
2026-04-28,4,182,182,-0.03807449108114522
2026-04-28,5,181,179,-0.021693555416377613
2026-04-29,1,182,182,-0.03914122841217387
2026-04-29,2,182,182,-0.020696006675910858
2026-04-29,3,181,179,-0.04030667916495041
2026-04-29,4,182,181,-0.02642649080142601
2026-04-29,5,181,179,-0.01830770935080772
2026-04-30,1,181,180,-0.051704339706404374
2026-04-30,2,181,181,-0.02233495506903349
2026-04-30,3,181,181,-0.05246341455326347
2026-04-30,4,181,181,-0.037038578154040463
2026-04-30,5,181,181,-0.037254504544248175
2026-05-06,1,182,181,-0.05218805200968897
2026-05-06,2,181,181,-0.05340749635804095
2026-05-06,3,181,181,-0.05405685451973324
2026-05-06,4,181,181,-0.06631223876332908
2026-05-06,5,181,181,-0.07110275990146916
2026-05-07,1,182,182,-0.036303978545781025
2026-05-07,2,182,182,-0.052233769139293826
2026-05-07,3,182,182,-0.07477465447940262
2026-05-07,4,182,182,-0.08260830055660205
2026-05-07,5,181,181,-0.07584133785244922
2026-05-08,1,182,182,-0.0911130995604309
2026-05-08,2,182,182,-0.08438427119818118
2026-05-08,3,182,182,-0.09345393074609054
2026-05-08,4,182,182,-0.1021546094705737
2026-05-08,5,181,181,-0.0987875618248781
2026-05-11,1,182,182,-0.06888960034277247
2026-05-11,2,182,182,-0.09251903639027416
2026-05-11,3,182,182,-0.10447048353067659
2026-05-11,4,182,182,-0.10477265681475846
2026-05-11,5,182,182,-0.11481129687816702
2026-05-12,1,182,182,-0.06139108984603787
2026-05-12,2,182,182,-0.07451111897736018
2026-05-12,3,181,181,-0.10647603739593084
2026-05-12,4,182,182,-0.09292037584955853
2026-05-12,5,181,181,-0.10769829497616484
2026-05-13,1,182,182,-0.08970631612946635
2026-05-13,2,182,182,-0.09907361559369716
2026-05-13,3,182,182,-0.10121954606834295
2026-05-13,4,182,182,-0.09671843584950776
2026-05-13,5,181,181,-0.12467749617075233
2026-05-14,1,182,182,-0.05183189110071599
2026-05-14,2,181,181,-0.08101085778599404
2026-05-14,3,181,181,-0.09573451297492633
2026-05-14,4,181,181,-0.07440883023496636
2026-05-14,5,181,181,-0.09113725299104032
2026-05-15,1,181,181,-0.03697651038318739
2026-05-15,2,181,181,-0.0350087412607052
2026-05-15,3,181,181,-0.060941892510914
2026-05-15,4,181,181,-0.06478431379255538
2026-05-15,5,180,180,-0.0706281467418348
2026-05-18,1,181,181,0.005358584355650381
2026-05-18,2,181,181,-0.04988279575899386
2026-05-18,3,181,181,-0.046473226373892444
2026-05-18,4,181,181,-0.06162059778579823
2026-05-18,5,180,180,-0.048945443275572785
2026-05-19,1,181,181,-0.0089380889192459
2026-05-19,2,181,181,-0.05696130753182746
2026-05-19,3,181,181,-0.05262415417995334
2026-05-19,4,181,181,-0.06099224109864091
2026-05-19,5,180,180,-0.048203683790009104
2026-05-20,1,181,181,-0.007674132549172352
2026-05-20,2,180,180,-0.06684346117667612
2026-05-20,3,181,181,-0.06361431105904633
2026-05-20,4,180,180,-0.07091457921933099
2026-05-20,5,180,180,-0.041819772206885514
2026-05-21,1,180,180,0.02468080364031687
2026-05-21,2,180,180,-0.06461660242596264
2026-05-21,3,180,180,-0.04412079281515119
2026-05-21,4,180,180,-0.05308624153127586
2026-05-21,5,180,180,-0.031064125878458394
2026-05-22,1,180,180,0.023622734190373557
2026-05-22,2,180,180,-0.03276057267482541
2026-05-22,3,180,180,-0.048537012194526406
2026-05-22,4,180,180,-0.049177577024835946
2026-05-22,5,180,180,-0.04233432435901377
2026-05-25,1,180,180,-0.0013118369597189803
2026-05-25,2,180,180,-0.04731832669202221
2026-05-25,3,180,180,-0.041250196107460634
2026-05-25,4,180,180,-0.058453890033542386
2026-05-25,5,180,180,-0.04137640514025004
2026-05-26,1,180,180,0.0063030889861618086
2026-05-26,2,180,180,-0.06305547022254496
2026-05-26,3,180,180,-0.0580090769173486
2026-05-26,4,180,180,-0.05538005324028404
2026-05-26,5,180,180,-0.030488788501212935
2026-05-27,1,180,180,0.026154371890809477
2026-05-27,2,179,179,-0.049240496038267204
2026-05-27,3,180,180,-0.04995197421219792
2026-05-27,4,179,179,-0.058320724044698166
2026-05-27,5,179,179,-0.00267522403119086
2026-05-28,1,180,180,-0.0002303078804214308
2026-05-28,2,179,179,-0.07400653429221656
2026-05-28,3,179,178,-0.07466130743664344
2026-05-28,4,179,179,-0.08000158952843144
2026-05-28,5,179,179,-0.056043365847173406
2026-05-29,1,179,179,-0.014412225064169747
2026-05-29,2,179,179,-0.06686489954867338
2026-05-29,3,179,178,-0.04460825630129991
2026-05-29,4,179,178,-0.04129630312211323
2026-05-29,5,179,179,-0.03144597321279794
2026-06-01,1,180,180,-0.026128722207137564
2026-06-01,2,180,180,-0.08462560193156118
2026-06-01,3,179,179,-0.08003714786422668
2026-06-01,4,180,179,-0.0431240361568464
2026-06-01,5,179,179,0.04260867194820082
2026-06-02,1,180,180,-0.03752651296399725
2026-06-02,2,179,179,-0.04587046086882666
2026-06-02,3,179,178,-0.03198933202031143
2026-06-02,4,179,179,-0.02195890107431456
2026-06-02,5,179,179,0.015489317602001068
2026-06-03,1,179,179,-0.004599276200036013
2026-06-03,2,179,179,-0.03371400917306571
2026-06-03,3,179,179,-0.0333148282733061
2026-06-03,4,179,179,-0.009807626906895189
2026-06-03,5,179,178,0.007856134667029509
2026-06-04,1,179,179,0.004549671234454024
2026-06-04,2,179,179,-0.01651021670595831
2026-06-04,3,179,179,-0.00225353695183661
2026-06-04,4,179,179,-0.0026152768834372176
2026-06-04,5,179,179,-0.005300152939921998
2026-06-05,1,179,179,0.018991737957174005
2026-06-05,2,179,179,-0.0004803602545765042
2026-06-05,3,179,179,-0.0067194061339576686
2026-06-05,4,179,179,-0.012259287744739335
2026-06-05,5,179,179,0.01984955399151746
2026-06-08,1,179,179,-0.020037656739481335
2026-06-08,2,178,178,-0.007164445276850596
2026-06-08,3,179,179,-0.00852493961983296
2026-06-08,4,178,178,-0.006132981792997724
2026-06-08,5,178,178,-0.037569962128432215
2026-06-09,1,179,179,-0.030188163024193946
2026-06-09,2,179,179,-0.02646053014283498
2026-06-09,3,179,179,-0.014239898379273346
2026-06-09,4,179,179,-0.015323365423814492
2026-06-09,5,178,178,-0.05288779866499558
2026-06-10,1,179,179,-0.02259829318671285
2026-06-10,2,178,178,-0.018987232835533736
2026-06-10,3,178,178,-0.02138786590259373
2026-06-10,4,178,178,-0.012872685174532645
2026-06-10,5,178,178,-0.015128881007825352
2026-06-11,1,179,179,-0.040393257173186606
2026-06-11,2,178,178,-0.0183952273358988
2026-06-11,3,178,178,-0.02016391701535261
2026-06-11,4,178,178,-0.01677702220309161
2026-06-11,5,178,178,-0.019905669298128807
2026-06-12,1,179,179,-0.06604634130485453
2026-06-12,2,178,178,-0.052146983088387555
2026-06-12,3,179,179,-0.04751330351187268
2026-06-12,4,178,178,-0.05290934506156195
2026-06-12,5,178,178,-0.06164961488044229
2026-06-15,1,179,179,-0.05789337122415394
2026-06-15,2,178,178,-0.03899997949622212
2026-06-15,3,179,179,-0.04857769307474439
2026-06-15,4,178,178,-0.05567808087494103
2026-06-15,5,178,178,-0.0718483197304114
2026-06-16,1,179,179,-0.08479886641376777
2026-06-16,2,178,178,-0.02429494127615102
2026-06-16,3,179,179,-0.028055583225400443
2026-06-16,4,178,178,-0.049466667094343844
2026-06-16,5,178,178,-0.07105597122396945
2026-06-17,1,179,179,-0.12209999861850052
2026-06-17,2,178,178,-0.019462052207623086
2026-06-17,3,179,179,-0.0017021834787480036
2026-06-17,4,178,178,-0.02182879356770419
2026-06-17,5,178,178,-0.06299315745789162
2026-06-18,1,178,178,-0.16628370330464134
2026-06-18,2,178,178,-0.042236718387122146
2026-06-18,3,178,178,-0.024736353943036887
2026-06-18,4,178,178,-0.03057576501811702
2026-06-18,5,178,178,-0.06451858134210627
2026-06-22,1,179,179,-0.23323468909482195
2026-06-22,2,178,178,-0.039654693474980934
2026-06-22,3,179,179,-0.013211095522789847
2026-06-22,4,178,178,-0.04742676458323577
2026-06-22,5,178,178,-0.08248133471805669
2026-06-23,1,179,179,-0.1734526606701359
2026-06-23,2,178,178,-0.05360005394340372
2026-06-23,3,179,179,-0.025153455138990647
2026-06-23,4,178,178,-0.03309113375299025
2026-06-23,5,178,178,-0.06647180193458428
2026-06-24,1,178,178,-0.1753084821149111
2026-06-24,2,178,178,-0.03486167951297112
2026-06-24,3,178,178,-0.03080822563988147
2026-06-24,4,178,178,-0.022857329912804224
2026-06-24,5,178,177,-0.03597498301506271
2026-06-25,1,178,178,-0.17522485517017047
2026-06-25,2,178,178,-0.033030487098111544
2026-06-25,3,178,178,0.002629362566621846
2026-06-25,4,178,178,-0.021322864824470985
2026-06-25,5,177,176,-0.022487002493444173
2026-06-26,1,178,178,-0.17742206499921281
2026-06-26,2,177,176,0.0013489023834096882
2026-06-26,3,177,177,-0.0029822750897372545
2026-06-26,4,177,177,0.014818048077578699
2026-06-26,5,177,176,-0.05808310258558624
2026-06-29,1,177,177,-0.13435094457925953
2026-06-29,2,177,177,0.007378268487992862
2026-06-29,3,177,177,-0.004343873021370935
2026-06-29,4,177,177,0.02350046088756854
2026-06-29,5,176,175,-0.05996911305406692
2026-06-30,1,177,177,-0.1622917046260474
2026-06-30,2,176,176,-0.021496367656736046
2026-06-30,3,176,176,0.008652077211635672
2026-06-30,4,176,176,0.033057119630322124
2026-06-30,5,176,175,-0.034210250667039116
2026-07-01,1,178,178,-0.14792868952330812
2026-07-01,2,178,178,-0.010361529540442711
2026-07-01,3,178,178,0.02412182580582289
2026-07-01,4,178,178,0.011500471790556393
2026-07-01,5,177,177,-0.0640325056846872
2026-07-02,1,178,178,-0.11340346667367361
2026-07-02,2,177,177,0.012909232882360027
2026-07-02,3,177,177,0.018814294379375505
2026-07-02,4,177,177,0.0013042454237030107
2026-07-02,5,177,177,-0.12211068315011836
2026-07-03,1,178,178,-0.09073146687392578
2026-07-03,2,177,177,0.023641093685558435
2026-07-03,3,177,177,0.027697232445182796
2026-07-03,4,177,177,0.007258090708065923
2026-07-03,5,177,177,-0.15644060825540274
2026-07-06,1,180,180,-0.05215510777369409
2026-07-06,2,180,180,0.014624455864732816
2026-07-06,3,179,179,0.04038605972377978
2026-07-06,4,180,180,0.016696217638558795
2026-07-06,5,179,179,-0.11770522351251318
2026-07-07,1,179,179,-0.016438023451928532
2026-07-07,2,179,179,0.042004833498181494
2026-07-07,3,179,179,0.03871384072860576
2026-07-07,4,179,179,0.040709529386898466
2026-07-07,5,179,179,-0.10238767353782317
2026-07-08,1,179,179,0.027990469561268858
2026-07-08,2,179,179,0.04905480403188568
2026-07-08,3,179,179,0.059847556638071446
2026-07-08,4,179,179,0.03864353856054602
2026-07-08,5,178,178,-0.0578302270828073
2026-07-09,1,179,179,0.0028014403896101706
2026-07-09,2,179,179,0.030524454439541226
2026-07-09,3,179,179,0.06482453324309738
2026-07-09,4,179,179,0.05894399246971992
2026-07-09,5,178,178,-0.04590009529722928
2026-07-10,1,180,180,0.00835543130205429
2026-07-10,2,179,179,0.05056431657522071
2026-07-10,3,179,179,0.051217789979174436
2026-07-10,4,179,179,0.05056678918729044
2026-07-10,5,179,179,-0.026667143535724618
2026-07-13,1,179,179,0.036183102239968325
2026-07-13,2,179,178,0.07789985052353975
2026-07-13,3,179,179,0.07437479334877445
2026-07-13,4,179,179,0.07169562864357855
2026-07-13,5,179,179,0.03028098661354248
2026-07-14,1,179,179,0.04070516321176844
2026-07-14,2,179,179,0.06251550237081048
2026-07-14,3,179,179,0.05715405802901205
2026-07-14,4,179,178,0.03648196924200083
2026-07-14,5,179,179,0.0006307522498898656
2026-07-15,1,180,180,0.06344241364370855
2026-07-15,2,180,180,0.06338127788907767
2026-07-15,3,180,180,0.04719896994324632
2026-07-15,4,180,179,0.04568508775501381
2026-07-15,5,179,179,0.03062199070870653
2026-07-16,1,181,181,0.044880496885452675
2026-07-16,2,180,180,0.04149330186274469
2026-07-16,3,180,180,0.028563143035998703
2026-07-16,4,180,180,0.04247112898500322
2026-07-16,5,180,179,0.030383851448121238
2026-07-17,1,180,180,0.05389812162929217
2026-07-17,2,179,179,0.05629296045611332
2026-07-17,3,180,180,0.05828390599627625
2026-07-17,4,179,179,0.07265837105392141
2026-07-17,5,179,178,0.0918381449576561
2026-07-20,1,180,180,0.06303568423870179
2026-07-20,2,180,179,0.05328325928542716
2026-07-20,3,179,179,0.05396761993394577
2026-07-20,4,180,180,0.09178364947322024
2026-07-20,5,179,179,0.1887874726026838
2026-07-21,1,179,179,0.045352728622863284
2026-07-21,2,179,179,0.03206388342492849
2026-07-21,3,179,178,0.044856919284017846
2026-07-21,4,179,179,0.09188027901580692
2026-07-21,5,179,179,0.12709379088606215
2026-07-22,1,179,176,0.03894738573643521
2026-07-22,2,179,179,0.02218594346173986
2026-07-22,3,179,179,0.0326492554953666
2026-07-22,4,179,179,0.06604810212911498
2026-07-22,5,179,179,0.10361994611128598
2026-07-23,1,180,179,0.029785554077295575
2026-07-23,2,179,178,0.02855617554970771
2026-07-23,3,179,179,0.03604490423077084
2026-07-23,4,179,179,0.04628861221403951
2026-07-23,5,179,179,0.07981308090527184
2026-07-24,1,179,177,0.05494416478936292
2026-07-24,2,178,178,0.05485763134941531
2026-07-24,3,179,179,0.05417679886611157
2026-07-24,4,178,178,0.0678697995305566
2026-07-24,5,178,178,0.10318605879209505
2026-07-27,1,180,180,0.035112714075363365
2026-07-27,2,179,178,0.03921276522582867
2026-07-27,3,180,180,0.04896359570659036
2026-07-27,4,179,179,0.020069899916952825
2026-07-27,5,179,179,0.029525437067363533
2026-07-28,1,180,180,0.034715572357656765
2026-07-28,2,180,179,0.04489781085553109
2026-07-28,3,179,179,0.03458674545322561
2026-07-28,4,180,179,0.041761110464981134
2026-07-28,5,179,179,0.07547228887054899
2026-07-29,1,181,181,0.023077951253313623
2026-07-29,2,181,181,0.022081653412891773
2026-07-29,3,180,180,0.03682709038478326
2026-07-29,4,181,180,0.03734931698991449
2026-07-29,5,180,180,0.09550590777839901
2026-07-30,1,181,181,0.01272082297625639
2026-07-30,2,181,181,0.010456977825792002
2026-07-30,3,181,181,0.04288376930037158
2026-07-30,4,181,180,0.06364908820064555
2026-07-30,5,180,180,0.1459829766184692
2026-07-31,1,182,182,0.01776763704391143
2026-07-31,2,181,181,0.01564729243358223
2026-07-31,3,182,182,0.02556317316858656
2026-07-31,4,181,180,0.044973544346851704
2026-07-31,5,181,181,0.11666859861081928
2026-08-03,1,182,182,0.002886442418788823
2026-08-03,2,182,182,0.011430234601297483
2026-08-03,3,181,181,0.02106260822946177
2026-08-03,4,182,181,0.02125468263600211
2026-08-03,5,181,181,0.13638811610984364
2026-08-04,1,181,181,0.0074846000552643436
2026-08-04,2,181,181,0.0432417622082521
2026-08-04,3,181,181,0.028981760944725547
2026-08-04,4,181,181,0.03345738152807997
2026-08-04,5,180,180,0.054775930711130835
2026-08-05,1,181,181,0.01778543479711545
2026-08-05,2,181,181,0.025640014944189132
2026-08-05,3,181,181,0.027893823301094398
2026-08-05,4,181,181,0.011802918996352852
2026-08-05,5,180,180,0.003190764116211595
2026-08-06,1,181,181,0.01393316438152621
2026-08-06,2,181,181,0.031357986129959645
2026-08-06,3,181,181,0.012282408642677406
2026-08-06,4,181,181,0.006148967352500515
2026-08-06,5,181,181,-0.0013289222208444247
2026-08-07,1,181,181,-0.031887715109766034
2026-08-07,2,181,181,0.00898734497336653
2026-08-07,3,181,181,0.028658492270900452
2026-08-07,4,181,181,0.003969418781484771
2026-08-07,5,181,181,-0.0010420618085433826
2026-08-10,1,182,181,-0.008472174039682399
2026-08-10,2,181,181,0.012239158507759017
2026-08-10,3,182,182,0.012659707772467237
2026-08-10,4,181,181,-0.005495512275451255
2026-08-10,5,181,181,-0.01178126240991847
2026-08-11,1,181,181,0.0010705661193693033
2026-08-11,2,181,181,0.008968858995486991
2026-08-11,3,181,181,0.03126670656949762
2026-08-11,4,181,181,0.0006686106750408643
2026-08-11,5,181,181,0.006178898688853425
2026-08-12,1,181,181,-0.02268267315508604
2026-08-12,2,181,181,-0.0043037061894618134
2026-08-12,3,181,181,0.001923793915565583
2026-08-12,4,181,181,-0.004094649763539058
2026-08-12,5,181,181,-0.004150333729915371
2026-08-13,1,182,182,-0.04548715947177162
2026-08-13,2,181,181,-0.0017731004119738516
2026-08-13,3,182,182,0.01052484901628229
2026-08-13,4,181,181,-0.002373579201848666
2026-08-13,5,181,181,-0.004689632748449916
2026-08-14,1,180,180,-0.04706821188846061
2026-08-14,2,180,180,-0.01429564335877176
2026-08-14,3,180,180,-0.020361529567004027
2026-08-14,4,180,179,-0.010852318812670786
2026-08-14,5,179,179,-0.020301777041002195
2026-08-17,1,181,181,-0.057100198961005766
2026-08-17,2,180,180,-0.020136956418795576
2026-08-17,3,181,180,-0.012199350284347302
2026-08-17,4,180,180,-0.02105862985043669
2026-08-17,5,180,179,-0.021953503192021738
2026-08-18,1,181,181,-0.04639277818429463
2026-08-18,2,180,180,-0.02180761502216693
2026-08-18,3,180,179,-0.027477580866625356
2026-08-18,4,180,179,-0.01268723574606552
2026-08-18,5,180,180,-0.030524873776471895
