date,asset,open,high,low,close,volume,raw_open,raw_close,adj_factor,up_limit,down_limit
2024-01-02,SYN00,10.024512,10.139242,9.924267,10.038853,100000,10.024512,10.038853,1,11.026963,9.0220609
2024-01-02,SYN01,9.9134102,10.043411,9.8142761,9.9439712,100000,9.9134102,9.9439712,1,10.904751,8.9220692
2024-01-02,SYN02,9.7271176,9.8243888,9.6223846,9.7195804,100000,9.7271176,9.7195804,1,10.699829,8.7544059
2024-01-02,SYN03,10.021347,10.125828,9.921134,10.025573,100000,10.021347,10.025573,1,11.023482,9.0192127
2024-01-02,SYN04,9.7816006,9.8794166,9.6781938,9.7759534,100000,9.7816006,9.7759534,1,10.759761,8.8034405
2024-01-02,SYN05,10.003097,10.103128,9.8707191,9.9704234,100000,10.003097,9.9704234,1,11.003406,9.002787
2024-01-02,SYN06,10.011341,10.146886,9.9112278,10.046422,100000,10.011341,10.046422,1,11.012475,9.0102071
2024-01-02,SYN07,9.8536273,9.9674014,9.755091,9.8687143,100000,9.8536273,9.8687143,1,10.83899,8.8682645
2024-01-02,SYN08,9.9977846,10.097762,9.8872049,9.9870757,100000,9.9977846,9.9870757,1,10.997563,8.9980061
2024-01-02,SYN09,9.9420732,10.041494,9.8295056,9.9287936,100000,9.9420732,9.9287936,1,10.93628,8.9478659
2024-01-02,SYN10,10.237578,10.339954,10.107908,10.210008,100000,10.237578,10.210008,1,11.261336,9.2138206
2024-01-02,SYN11,10.207859,10.309938,10.092804,10.194752,100000,10.207859,10.194752,1,11.228645,9.1870733
2024-01-03,SYN00,10.06313,10.163761,9.9450246,10.045479,100000,10.06313,10.045479,1,11.069443,9.0568168
2024-01-03,SYN01,9.9352193,10.034572,9.8233324,9.9225579,100000,9.9352193,9.9225579,1,10.928741,8.9416974
2024-01-03,SYN02,9.6314094,9.7610694,9.5350953,9.6644251,100000,9.6314094,9.6644251,1,10.59455,8.6682685
2024-01-03,SYN03,10.15413,10.262632,10.052589,10.161022,100000,10.15413,10.161022,1,11.169543,9.1387174
2024-01-03,SYN04,9.6875058,9.7919432,9.5906308,9.6949933,100000,9.6875058,9.6949933,1,10.656256,8.7187553
2024-01-03,SYN05,10.132114,10.239718,10.030792,10.138334,100000,10.132114,10.138334,1,11.145325,9.1189023
2024-01-03,SYN06,9.9074623,10.006537,9.7987454,9.8977226,100000,9.9074623,9.8977226,1,10.898208,8.916716
2024-01-03,SYN07,9.5605774,9.6982563,9.4649716,9.602234,100000,9.5605774,9.602234,1,10.516635,8.6045196
2024-01-03,SYN08,10.054559,10.155105,9.9248434,10.025094,100000,10.054559,10.025094,1,11.060015,9.0491031
2024-01-03,SYN09,9.8967527,10.017295,9.7977852,9.9181136,100000,9.8967527,9.9181136,1,10.886428,8.9070775
2024-01-03,SYN10,10.123944,10.225184,9.9931359,10.094077,100000,10.123944,10.094077,1,11.136339,9.11155
2024-01-03,SYN11,10.491667,10.615346,10.386751,10.510244,100000,10.491667,10.510244,1,11.540834,9.4425007
2024-01-04,SYN00,9.9228056,10.038016,9.8235776,9.93863,100000,9.9228056,9.93863,1,10.915086,8.9305251
2024-01-04,SYN01,10.048457,10.148941,9.9453168,10.045775,100000,10.048457,10.045775,1,11.053302,9.043611
2024-01-04,SYN02,9.4763776,9.5711414,9.3722398,9.4669089,100000,9.4763776,9.4669089,1,10.424015,8.5287398
2024-01-04,SYN03,10.11415,10.255082,10.013009,10.153546,100000,10.11415,10.153546,1,11.125565,9.1027351
2024-01-04,SYN04,9.5318951,9.6487005,9.4365761,9.5531688,100000,9.5318951,9.5531688,1,10.485085,8.5787056
2024-01-04,SYN05,10.16698,10.26865,10.041141,10.142566,100000,10.16698,10.142566,1,11.183678,9.1502818
2024-01-04,SYN06,10.005744,10.143902,9.9056869,10.043467,100000,10.005744,10.043467,1,11.006319,9.0051699
2024-01-04,SYN07,9.5555408,9.6956295,9.4599854,9.5996331,100000,9.5555408,9.5996331,1,10.511095,8.5999867
2024-01-04,SYN08,10.029529,10.142463,9.9292333,10.042042,100000,10.029529,10.042042,1,11.032481,9.0265757
2024-01-04,SYN09,9.8351663,9.9677193,9.7368147,9.869029,100000,9.8351663,9.869029,1,10.818683,8.8516497
2024-01-04,SYN10,10.123351,10.272899,10.022118,10.171187,100000,10.123351,10.171187,1,11.135686,9.111016
2024-01-04,SYN11,10.477506,10.582281,10.35653,10.461141,100000,10.477506,10.461141,1,11.525257,9.4297557
2024-01-05,SYN00,9.8350417,9.9535684,9.7366913,9.8550182,100000,9.8350417,9.8550182,1,10.818546,8.8515375
2024-01-05,SYN01,10.032328,10.144056,9.932005,10.04362,100000,10.032328,10.04362,1,11.035561,9.0290954
2024-01-05,SYN02,9.4888019,9.5968434,9.3939139,9.5018251,100000,9.4888019,9.5018251,1,10.437682,8.5399217
2024-01-05,SYN03,9.9776141,10.094847,9.8778379,9.9948978,100000,9.9776141,9.9948978,1,10.975375,8.9798527
2024-01-05,SYN04,9.6917597,9.7886773,9.578712,9.6754666,100000,9.6917597,9.6754666,1,10.660936,8.7225837
2024-01-05,SYN05,10.171673,10.27339,10.065163,10.166832,100000,10.171673,10.166832,1,11.188841,9.1545059
2024-01-05,SYN06,9.9539221,10.065169,9.8543829,9.9655136,100000,9.9539221,9.9655136,1,10.949314,8.9585299
2024-01-05,SYN07,9.5715476,9.6672631,9.4669785,9.5626045,100000,9.5715476,9.5626045,1,10.528702,8.6143928
2024-01-05,SYN08,9.9576311,10.060081,9.8580548,9.9604758,100000,9.9576311,9.9604758,1,10.953394,8.961868
2024-01-05,SYN09,9.7779004,9.8756794,9.6556534,9.7531853,100000,9.7779004,9.7531853,1,10.75569,8.8001104
2024-01-05,SYN10,9.9752959,10.096882,9.875543,9.9969133,100000,9.9752959,9.9969133,1,10.972826,8.9777663
2024-01-05,SYN11,10.508596,10.614774,10.40351,10.509678,100000,10.508596,10.509678,1,11.559455,9.4577362
2024-01-08,SYN00,9.7134777,9.8106124,9.6036715,9.7006783,100000,9.7134777,9.7006783,1,10.684825,8.7421299
2024-01-08,SYN01,10.068159,10.180104,9.9674776,10.079311,100000,10.068159,10.079311,1,11.074975,9.0613433
2024-01-08,SYN02,9.5488203,9.6575096,9.4533321,9.5618907,100000,9.5488203,9.5618907,1,10.503702,8.5939382
2024-01-08,SYN03,9.9295026,10.028798,9.8221491,9.9213627,100000,9.9295026,9.9213627,1,10.922453,8.9365524
2024-01-08,SYN04,9.8909775,9.9898873,9.7920519,9.8909616,100000,9.8909775,9.8909616,1,10.880075,8.9018798
2024-01-08,SYN05,10.292001,10.394921,10.16294,10.265596,100000,10.292001,10.265596,1,11.321201,9.2628009
2024-01-08,SYN06,10.140667,10.242074,10.038315,10.139712,100000,10.140667,10.139712,1,11.154734,9.1266005
2024-01-08,SYN07,9.6497291,9.7462264,9.5218899,9.6180706,100000,9.6497291,9.6180706,1,10.614702,8.6847562
2024-01-08,SYN08,9.8684122,9.9670963,9.7625003,9.8611114,100000,9.8684122,9.8611114,1,10.855253,8.8815709
2024-01-08,SYN09,9.9188675,10.053205,9.8196789,9.9536681,100000,9.9188675,9.9536681,1,10.910754,8.9269808
2024-01-08,SYN10,9.863106,9.9837995,9.7644749,9.88495,100000,9.863106,9.88495,1,10.849417,8.8767954
2024-01-08,SYN11,10.586416,10.708327,10.480552,10.602304,100000,10.586416,10.602304,1,11.645058,9.5277744
2024-01-09,SYN00,9.9427089,10.063609,9.8432818,9.9639691,100000,9.9427089,9.9639691,1,10.93698,8.948438
2024-01-09,SYN01,9.9905359,10.099021,9.8906305,9.9990308,100000,9.9905359,9.9990308,1,10.989589,8.9914823
2024-01-09,SYN02,9.4317446,9.5633734,9.3374271,9.4686865,100000,9.4317446,9.4686865,1,10.374919,8.4885701
2024-01-09,SYN03,9.9063254,10.012884,9.8072621,9.9137464,100000,9.9063254,9.9137464,1,10.896958,8.9156928
2024-01-09,SYN04,10.03474,10.159971,9.9343925,10.059377,100000,10.03474,10.059377,1,11.038214,9.0312659
2024-01-09,SYN05,10.42259,10.526816,10.302288,10.406352,100000,10.42259,10.406352,1,11.464849,9.3803309
2024-01-09,SYN06,9.9994747,10.099469,9.8708855,9.9705914,100000,9.9994747,9.9705914,1,10.999422,8.9995273
2024-01-09,SYN07,9.4910525,9.585963,9.3921826,9.4870531,100000,9.4910525,9.4870531,1,10.440158,8.5419472
2024-01-09,SYN08,9.7868704,9.8924608,9.6890017,9.7945156,100000,9.7868704,9.7945156,1,10.765557,8.8081834
2024-01-09,SYN09,9.819395,9.9213185,9.721201,9.8230876,100000,9.819395,9.8230876,1,10.801334,8.8374555
2024-01-09,SYN10,9.8730526,9.9717831,9.772028,9.8707354,100000,9.8730526,9.8707354,1,10.860358,8.8857473
2024-01-09,SYN11,10.642283,10.771619,10.53586,10.664969,100000,10.642283,10.664969,1,11.706511,9.5780543
2024-01-10,SYN00,9.9025786,10.037388,9.8035528,9.9380079,100000,9.9025786,9.9380079,1,10.892836,8.9123207
2024-01-10,SYN01,9.926283,10.025546,9.8263109,9.9255666,100000,9.926283,9.9255666,1,10.918911,8.9336547
2024-01-10,SYN02,9.444336,9.5387793,9.3208188,9.4149685,100000,9.444336,9.4149685,1,10.38877,8.4999024
2024-01-10,SYN03,10.126256,10.227518,9.9999218,10.100931,100000,10.126256,10.100931,1,11.138881,9.1136301
2024-01-10,SYN04,10.109956,10.229408,10.008856,10.128126,100000,10.109956,10.128126,1,11.120951,9.0989601
2024-01-10,SYN05,10.41869,10.522877,10.298413,10.402438,100000,10.41869,10.402438,1,11.460559,9.3768213
2024-01-10,SYN06,9.9853555,10.085209,9.8792422,9.9790325,100000,9.9853555,9.9790325,1,10.983891,8.98682
2024-01-10,SYN07,9.6628284,9.7594567,9.5440595,9.6404642,100000,9.6628284,9.6404642,1,10.629111,8.6965456
2024-01-10,SYN08,9.7703563,9.8680599,9.6474757,9.744925,100000,9.7703563,9.744925,1,10.747392,8.7933207
2024-01-10,SYN09,9.8414994,9.9642298,9.7430844,9.8655741,100000,9.8414994,9.8655741,1,10.825649,8.8573494
2024-01-10,SYN10,9.853886,9.9524248,9.7204999,9.8186868,100000,9.853886,9.8186868,1,10.839275,8.8684974
2024-01-10,SYN11,10.581669,10.712708,10.475853,10.606642,100000,10.581669,10.606642,1,11.639836,9.5235024
2024-01-11,SYN00,10.112595,10.217335,10.011469,10.116173,100000,10.112595,10.116173,1,11.123854,9.1013351
2024-01-11,SYN01,9.8073356,9.9216618,9.7092622,9.8234275,100000,9.8073356,9.8234275,1,10.788069,8.826602
2024-01-11,SYN02,9.3354654,9.42882,9.2225995,9.3157571,100000,9.3354654,9.3157571,1,10.269012,8.4019188
2024-01-11,SYN03,10.274082,10.376823,10.152436,10.254986,100000,10.274082,10.254986,1,11.30149,9.2466739
2024-01-11,SYN04,10.146271,10.247734,10.026334,10.12761,100000,10.146271,10.12761,1,11.160898,9.131644
2024-01-11,SYN05,10.65693,10.7635,10.530984,10.637357,100000,10.65693,10.637357,1,11.722623,9.5912373
2024-01-11,SYN06,9.995254,10.095207,9.8890953,9.9889852,100000,9.995254,9.9889852,1,10.994779,8.9957286
2024-01-11,SYN07,9.714554,9.8382079,9.6174085,9.7407999,100000,9.714554,9.7407999,1,10.686009,8.7430986
2024-01-11,SYN08,9.9810878,10.126301,9.881277,10.02604,100000,9.9810878,10.02604,1,10.979197,8.9829791
2024-01-11,SYN09,9.792144,9.9012426,9.6942225,9.8032105,100000,9.792144,9.8032105,1,10.771358,8.8129296
2024-01-11,SYN10,9.7533011,9.8508341,9.6508692,9.7483527,100000,9.7533011,9.7483527,1,10.728631,8.777971
2024-01-11,SYN11,10.637107,10.758151,10.530736,10.651635,100000,10.637107,10.651635,1,11.700818,9.5733963
2024-01-12,SYN00,10.122382,10.223606,9.9788175,10.079614,100000,10.122382,10.079614,1,11.13462,9.1101436
2024-01-12,SYN01,9.8905758,9.9894816,9.7814115,9.8802136,100000,9.8905758,9.8802136,1,10.879633,8.9015183
2024-01-12,SYN02,9.2708895,9.369275,9.1781806,9.2765099,100000,9.2708895,9.2765099,1,10.197978,8.3438006
2024-01-12,SYN03,10.455156,10.559708,10.332747,10.437118,100000,10.455156,10.437118,1,11.500672,9.4096408
2024-01-12,SYN04,9.9407401,10.078805,9.8413327,9.9790147,100000,9.9407401,9.9790147,1,10.934814,8.9466661
2024-01-12,SYN05,10.408831,10.512919,10.298103,10.402125,100000,10.408831,10.402125,1,11.449714,9.367948
2024-01-12,SYN06,9.818793,9.916981,9.720542,9.8187292,100000,9.818793,9.8187292,1,10.800672,8.8369137
2024-01-12,SYN07,9.8334743,9.9323089,9.7351396,9.8339692,100000,9.8334743,9.8339692,1,10.816822,8.8501269
2024-01-12,SYN08,10.069076,10.194315,9.9683853,10.093381,100000,10.069076,10.093381,1,11.075984,9.0621685
2024-01-12,SYN09,9.6789447,9.7814223,9.5821552,9.6845765,100000,9.6789447,9.6845765,1,10.646839,8.7110502
2024-01-12,SYN10,9.5588883,9.6609026,9.4632995,9.5652501,100000,9.5588883,9.5652501,1,10.514777,8.6029995
2024-01-12,SYN11,10.388406,10.501942,10.284522,10.397962,100000,10.388406,10.397962,1,11.427247,9.3495658
2024-01-15,SYN00,10.010783,10.11089,9.9001246,10.000126,100000,10.010783,10.000126,1,11.011861,9.0097043
2024-01-15,SYN01,9.8308065,9.9504172,9.7324984,9.8518983,100000,9.8308065,9.8518983,1,10.813887,8.8477259
2024-01-15,SYN02,9.3447677,9.4382154,9.2311275,9.3243712,100000,9.3447677,9.3243712,1,10.279244,8.4102909
2024-01-15,SYN03,10.529824,10.685616,10.424526,10.579818,100000,10.529824,10.579818,1,11.582806,9.4768416
2024-01-15,SYN04,9.9374441,10.063428,9.8380697,9.9637904,100000,9.9374441,9.9637904,1,10.931189,8.9436997
2024-01-15,SYN05,10.297761,10.400739,10.184513,10.287387,100000,10.297761,10.287387,1,11.327537,9.2679851
2024-01-15,SYN06,9.8743198,9.9795411,9.7755766,9.8807338,100000,9.8743198,9.8807338,1,10.861752,8.8868878
2024-01-15,SYN07,9.8066138,9.90468,9.7047752,9.8028032,100000,9.8066138,9.8028032,1,10.787275,8.8259524
2024-01-15,SYN08,10.283477,10.386312,10.155544,10.258125,100000,10.283477,10.258125,1,11.311825,9.2551296
2024-01-15,SYN09,9.674952,9.7717015,9.5661007,9.662728,100000,9.674952,9.662728,1,10.642447,8.7074568
2024-01-15,SYN10,9.2637107,9.388925,9.1710736,9.2959653,100000,9.2637107,9.2959653,1,10.190082,8.3373396
2024-01-15,SYN11,10.471095,10.575806,10.36457,10.469263,100000,10.471095,10.469263,1,11.518204,9.4239855
2024-01-16,SYN00,10.239266,10.341659,10.134177,10.236543,100000,10.239266,10.236543,1,11.263193,9.2153398
2024-01-16,SYN01,9.8710836,9.9697944,9.770773,9.8694676,100000,9.8710836,9.8694676,1,10.858192,8.8839752
2024-01-16,SYN02,9.2310049,9.3458645,9.1386949,9.2533312,100000,9.2310049,9.2533312,1,10.154105,8.3079044
2024-01-16,SYN03,10.535641,10.640997,10.423751,10.529041,100000,10.535641,10.529041,1,11.589205,9.4820769
2024-01-16,SYN04,9.9887885,10.098242,9.8889006,9.9982595,100000,9.9887885,9.9982595,1,10.987667,8.9899096
2024-01-16,SYN05,10.501653,10.606669,10.352044,10.456611,100000,10.501653,10.456611,1,11.551818,9.4514874
2024-01-16,SYN06,10.101993,10.203013,9.9953498,10.096313,100000,10.101993,10.096313,1,11.112192,9.0917935
2024-01-16,SYN07,9.7129138,9.8194281,9.6157847,9.7222061,100000,9.7129138,9.7222061,1,10.684205,8.7416224
2024-01-16,SYN08,9.986377,10.087396,9.8865133,9.987521,100000,9.986377,9.987521,1,10.985015,8.9877393
2024-01-16,SYN09,9.4514906,9.5524647,9.3569757,9.4578858,100000,9.4514906,9.4578858,1,10.39664,8.5063415
2024-01-16,SYN10,9.2755589,9.3770664,9.1828033,9.2842242,100000,9.2755589,9.2842242,1,10.203115,8.348003
2024-01-16,SYN11,10.350355,10.453859,10.230932,10.334274,100000,10.350355,10.334274,1,11.385391,9.3153197
2024-01-17,SYN00,10.153968,10.255508,10.049839,10.151353,100000,10.153968,10.151353,1,11.169365,9.1385713
2024-01-17,SYN01,9.8350418,9.9333922,9.716863,9.8150132,100000,9.8350418,9.8150132,1,10.818546,8.8515376
2024-01-17,SYN02,9.2756425,9.368399,9.1635712,9.2561325,100000,9.2756425,9.2561325,1,10.203207,8.3480783
2024-01-17,SYN03,10.666264,10.772927,10.530334,10.636701,100000,10.666264,10.636701,1,11.732891,9.5996379
2024-01-17,SYN04,9.9476732,10.04715,9.8415932,9.9410032,100000,9.9476732,9.9410032,1,10.94244,8.9529058
2024-01-17,SYN05,10.388245,10.526727,10.284363,10.422502,100000,10.388245,10.422502,1,11.42707,9.3494209
2024-01-17,SYN06,10.203708,10.32671,10.101671,10.224465,100000,10.203708,10.224465,1,11.224079,9.1833376
2024-01-17,SYN07,9.588429,9.7220572,9.4925447,9.6257992,100000,9.588429,9.6257992,1,10.547272,8.6295861
2024-01-17,SYN08,9.9861299,10.085991,9.861921,9.9615363,100000,9.9861299,9.9615363,1,10.984743,8.9875169
2024-01-17,SYN09,9.4251929,9.5194449,9.295027,9.3889162,100000,9.4251929,9.3889162,1,10.367712,8.4826736
2024-01-17,SYN10,9.3594548,9.4538827,9.2658603,9.3602799,100000,9.3594548,9.3602799,1,10.2954,8.4235094
2024-01-17,SYN11,10.346136,10.484634,10.242675,10.380826,100000,10.346136,10.380826,1,11.38075,9.3115228
2024-01-18,SYN00,10.271302,10.387775,10.168589,10.284925,100000,10.271302,10.284925,1,11.298432,9.2441716
2024-01-18,SYN01,9.8119573,9.9100768,9.7082452,9.8063083,100000,9.8119573,9.8063083,1,10.793153,8.8307615
2024-01-18,SYN02,9.2283392,9.3331754,9.1360558,9.2407677,100000,9.2283392,9.2407677,1,10.151173,8.3055053
2024-01-18,SYN03,10.712422,10.819727,10.605298,10.712601,100000,10.712422,10.712601,1,11.783665,9.6411801
2024-01-18,SYN04,10.09122,10.192132,9.9848579,10.085715,100000,10.09122,10.085715,1,11.100342,9.0820979
2024-01-18,SYN05,10.31143,10.415379,10.208315,10.312257,100000,10.31143,10.312257,1,11.342572,9.2802866
2024-01-18,SYN06,10.377006,10.480776,10.238259,10.341675,100000,10.377006,10.341675,1,11.414706,9.3393051
2024-01-18,SYN07,9.6394116,9.7358057,9.5267152,9.6229447,100000,9.6394116,9.6229447,1,10.603353,8.6754705
2024-01-18,SYN08,9.9310703,10.031979,9.8317596,9.9326521,100000,9.9310703,9.9326521,1,10.924177,8.9379633
2024-01-18,SYN09,9.1078587,9.2114522,9.0167801,9.1202497,100000,9.1078587,9.1202497,1,10.018645,8.1970728
2024-01-18,SYN10,9.5229744,9.6301473,9.4277447,9.5347993,100000,9.5229744,9.5347993,1,10.475272,8.570677
2024-01-18,SYN11,10.390577,10.508017,10.286671,10.403978,100000,10.390577,10.403978,1,11.429635,9.3515193
2024-01-19,SYN00,10.320083,10.428218,10.216882,10.324968,100000,10.320083,10.324968,1,11.352091,9.2880745
2024-01-19,SYN01,9.6854479,9.7823024,9.5564587,9.6529886,100000,9.6854479,9.6529886,1,10.653993,8.7169031
2024-01-19,SYN02,9.2053475,9.3005913,9.113294,9.2085063,100000,9.2053475,9.2085063,1,10.125882,8.2848127
2024-01-19,SYN03,10.757913,10.878275,10.650334,10.770569,100000,10.757913,10.770569,1,11.833704,9.6821218
2024-01-19,SYN04,10.110856,10.211964,9.9953088,10.096271,100000,10.110856,10.096271,1,11.121941,9.0997701
2024-01-19,SYN05,10.29472,10.405358,10.191772,10.302335,100000,10.29472,10.302335,1,11.324192,9.2652477
2024-01-19,SYN06,10.280277,10.408638,10.177474,10.305582,100000,10.280277,10.305582,1,11.308305,9.2522493
2024-01-19,SYN07,9.6112247,9.7204629,9.5151125,9.6242207,100000,9.6112247,9.6242207,1,10.572347,8.6501023
2024-01-19,SYN08,9.9775055,10.077281,9.8733907,9.973122,100000,9.9775055,9.973122,1,10.975256,8.979755
2024-01-19,SYN09,9.1169562,9.2252927,9.0257866,9.1339532,100000,9.1169562,9.1339532,1,10.028652,8.2052606
2024-01-19,SYN10,9.4966892,9.6000064,9.4017223,9.5049568,100000,9.4966892,9.5049568,1,10.446358,8.5470203
2024-01-19,SYN11,10.428833,10.533122,10.307018,10.411129,100000,10.428833,10.411129,1,11.471717,9.3859501
2024-01-22,SYN00,10.297471,10.419464,10.194497,10.316301,100000,10.297471,10.316301,1,11.327219,9.2677243
2024-01-22,SYN01,9.7325688,9.8298944,9.6227939,9.7199939,100000,9.7325688,9.7199939,1,10.705826,8.7593119
2024-01-22,SYN02,9.1967579,9.2925343,9.1047903,9.200529,100000,9.1967579,9.200529,1,10.116434,8.2770821
2024-01-22,SYN03,10.70634,10.813403,10.562269,10.668958,100000,10.70634,10.668958,1,11.776974,9.6357059
2024-01-22,SYN04,10.123384,10.224618,9.980437,10.081249,100000,10.123384,10.081249,1,11.135722,9.1110455
2024-01-22,SYN05,10.27189,10.374608,10.163099,10.265757,100000,10.27189,10.265757,1,11.299079,9.2447006
2024-01-22,SYN06,10.19537,10.318869,10.093416,10.216702,100000,10.19537,10.216702,1,11.214907,9.1758328
2024-01-22,SYN07,9.4444067,9.5388508,9.3359106,9.4302127,100000,9.4444067,9.4302127,1,10.388847,8.4999661
2024-01-22,SYN08,9.9903682,10.090272,9.854995,9.9545404,100000,9.9903682,9.9545404,1,10.989405,8.9913314
2024-01-22,SYN09,8.9432316,9.0473575,8.8537993,8.9577797,100000,8.9432316,8.9577797,1,9.8375548,8.0489085
2024-01-22,SYN10,9.4554793,9.5500341,9.3345071,9.4287951,100000,9.4554793,9.4287951,1,10.401027,8.5099314
2024-01-22,SYN11,10.582667,10.68929,10.476841,10.583455,100000,10.582667,10.583455,1,11.640934,9.5244005
2024-01-23,SYN00,10.331049,10.434359,10.21445,10.317627,100000,10.331049,10.317627,1,11.364154,9.2979438
2024-01-23,SYN01,9.7623483,9.8599717,9.6431675,9.7405732,100000,9.7623483,9.7405732,1,10.738583,8.7861134
2024-01-23,SYN02,9.2169117,9.3090808,9.1047005,9.1966672,100000,9.2169117,9.1966672,1,10.138603,8.2952205
2024-01-23,SYN03,10.773851,10.92054,10.666112,10.812416,100000,10.773851,10.812416,1,11.851236,9.6964656
2024-01-23,SYN04,10.238482,10.340866,10.1149,10.217071,100000,10.238482,10.217071,1,11.26233,9.2146335
2024-01-23,SYN05,9.986978,10.091089,9.8871082,9.9911771,100000,9.986978,9.9911771,1,10.985676,8.9882802
2024-01-23,SYN06,10.119679,10.247824,10.018482,10.146361,100000,10.119679,10.146361,1,11.131647,9.1077112
2024-01-23,SYN07,9.3687373,9.4624247,9.2517959,9.3452484,100000,9.3687373,9.3452484,1,10.305611,8.4318636
2024-01-23,SYN08,10.007187,10.135446,9.9071147,10.035095,100000,10.007187,10.035095,1,11.007905,9.0064679
2024-01-23,SYN09,8.8590368,8.9476272,8.7668809,8.8554353,100000,8.8590368,8.8554353,1,9.7449405,7.9731332
2024-01-23,SYN10,9.4622316,9.5568539,9.3564593,9.450969,100000,9.4622316,9.450969,1,10.408455,8.5160084
2024-01-23,SYN11,10.57902,10.68481,10.469772,10.575527,100000,10.57902,10.575527,1,11.636921,9.5211176
2024-01-24,SYN00,10.185536,10.287392,10.071832,10.173567,100000,10.185536,10.173567,1,11.20409,9.1669827
2024-01-24,SYN01,9.8354972,9.9338522,9.7183443,9.8165094,100000,9.8354972,9.8165094,1,10.819047,8.8519475
2024-01-24,SYN02,9.3433744,9.4552073,9.2499407,9.3615914,100000,9.3433744,9.3615914,1,10.277712,8.409037
2024-01-24,SYN03,11.024137,11.134378,10.884411,10.994354,100000,11.024137,10.994354,1,12.126551,9.9217234
2024-01-24,SYN04,10.095524,10.196479,9.9874713,10.088355,100000,10.095524,10.088355,1,11.105076,9.0859715
2024-01-24,SYN05,10.061208,10.187564,9.9605955,10.086697,100000,10.061208,10.086697,1,11.067328,9.0550868
2024-01-24,SYN06,10.083566,10.199734,9.9827302,10.098747,100000,10.083566,10.098747,1,11.091922,9.0752093
2024-01-24,SYN07,9.312682,9.4058088,9.1807581,9.273493,100000,9.312682,9.273493,1,10.24395,8.3814138
2024-01-24,SYN08,10.244408,10.352311,10.141963,10.249813,100000,10.244408,10.249813,1,11.268848,9.2199668
2024-01-24,SYN09,8.7361389,8.8235003,8.6267362,8.713875,100000,8.7361389,8.713875,1,9.6097528,7.862525
2024-01-24,SYN10,9.4892697,9.5841624,9.3914632,9.4863264,100000,9.4892697,9.4863264,1,10.438197,8.5403428
2024-01-24,SYN11,10.827959,10.936239,10.689401,10.797375,100000,10.827959,10.797375,1,11.910755,9.7451634
2024-01-25,SYN00,10.144121,10.251151,10.042679,10.149655,100000,10.144121,10.149655,1,11.158533,9.1297085
2024-01-25,SYN01,9.8723519,9.9710755,9.7691798,9.8678583,100000,9.8723519,9.8678583,1,10.859587,8.8851167
2024-01-25,SYN02,9.3881738,9.4820555,9.2723709,9.3660312,100000,9.3881738,9.3660312,1,10.326991,8.4493564
2024-01-25,SYN03,11.165112,11.276764,11.049077,11.160684,100000,11.165112,11.160684,1,12.281624,10.048601
2024-01-25,SYN04,10.056354,10.171098,9.9557907,10.070394,100000,10.056354,10.070394,1,11.06199,9.0507188
2024-01-25,SYN05,9.9410459,10.054127,9.8416354,9.954581,100000,9.9410459,9.954581,1,10.93515,8.9469413
2024-01-25,SYN06,10.187512,10.291106,10.085637,10.189214,100000,10.187512,10.189214,1,11.206263,9.1687609
2024-01-25,SYN07,9.4577244,9.5523017,9.3547038,9.4491958,100000,9.4577244,9.4491958,1,10.403497,8.511952
2024-01-25,SYN08,9.9905064,10.105105,9.8906013,10.005054,100000,9.9905064,10.005054,1,10.989557,8.9914557
2024-01-25,SYN09,8.7670532,8.8547237,8.6669877,8.754533,100000,8.7670532,8.754533,1,9.6437585,7.8903478
2024-01-25,SYN10,9.4320492,9.5263697,9.3109427,9.4049926,100000,9.4320492,9.4049926,1,10.375254,8.4888443
2024-01-25,SYN11,10.738831,10.846219,10.605541,10.712667,100000,10.738831,10.712667,1,11.812714,9.6649476
2024-01-26,SYN00,10.272262,10.414119,10.169539,10.311009,100000,10.272262,10.311009,1,11.299488,9.2450358
2024-01-26,SYN01,9.6583375,9.7549208,9.5397668,9.6361281,100000,9.6583375,9.6361281,1,10.624171,8.6925037
2024-01-26,SYN02,9.3535235,9.4470587,9.2460764,9.3394711,100000,9.3535235,9.3394711,1,10.288876,8.4181712
2024-01-26,SYN03,11.374054,11.487794,11.259382,11.373114,100000,11.374054,11.373114,1,12.511459,10.236648
2024-01-26,SYN04,10.103834,10.204873,10.000554,10.10157,100000,10.103834,10.10157,1,11.114218,9.093451
2024-01-26,SYN05,9.9277648,10.027042,9.8114124,9.9105176,100000,9.9277648,9.9105176,1,10.920541,8.9349883
2024-01-26,SYN06,10.361901,10.46552,10.247241,10.350748,100000,10.361901,10.350748,1,11.398091,9.3257105
2024-01-26,SYN07,9.3350996,9.4284506,9.2384277,9.3317452,100000,9.3350996,9.3317452,1,10.26861,8.4015896
2024-01-26,SYN08,9.8553388,9.9650759,9.7567854,9.8664118,100000,9.8553388,9.8664118,1,10.840873,8.8698049
2024-01-26,SYN09,9.0077336,9.1146816,8.9176563,9.0244372,100000,9.0077336,9.0244372,1,9.9085069,8.1069602
2024-01-26,SYN10,9.4273566,9.5311938,9.333083,9.4368255,100000,9.4273566,9.4368255,1,10.370092,8.4846209
2024-01-26,SYN11,10.873855,11.012633,10.765116,10.903597,100000,10.873855,10.903597,1,11.96124,9.7864692
2024-01-29,SYN00,10.305902,10.423142,10.202843,10.319942,100000,10.305902,10.319942,1,11.336493,9.2753122
2024-01-29,SYN01,9.7276403,9.8249167,9.6252302,9.7224548,100000,9.7276403,9.7224548,1,10.700404,8.7548763
2024-01-29,SYN02,9.3868368,9.4807052,9.2804657,9.3742078,100000,9.3868368,9.3742078,1,10.325521,8.4481531
2024-01-29,SYN03,11.085492,11.196347,10.946761,11.057335,100000,11.085492,11.057335,1,12.194041,9.9769428
2024-01-29,SYN04,9.9248664,10.024115,9.8250193,9.9242619,100000,9.9248664,9.9242619,1,10.917353,8.9323798
2024-01-29,SYN05,10.054244,10.167567,9.9537014,10.066898,100000,10.054244,10.066898,1,11.059668,9.0488195
2024-01-29,SYN06,10.229845,10.361626,10.127547,10.259036,100000,10.229845,10.259036,1,11.25283,9.2068608
2024-01-29,SYN07,9.3500043,9.4681696,9.2565043,9.3744253,100000,9.3500043,9.3744253,1,10.285005,8.4150039
2024-01-29,SYN08,9.9172043,10.016376,9.7995525,9.8985379,100000,9.9172043,9.8985379,1,10.908925,8.9254839
2024-01-29,SYN09,9.0772517,9.1680242,8.9464346,9.0368026,100000,9.0772517,9.0368026,1,9.9849768,8.1695265
2024-01-29,SYN10,9.4624773,9.5571021,9.354719,9.4492111,100000,9.4624773,9.4492111,1,10.408725,8.5162296
2024-01-29,SYN11,11.052335,11.182167,10.941811,11.071453,100000,11.052335,11.071453,1,12.157568,9.9471013
2024-01-30,SYN00,10.414827,10.518975,10.308309,10.412433,100000,10.414827,10.412433,1,11.45631,9.3733442
2024-01-30,SYN01,9.8810655,9.9866008,9.7822548,9.8877236,100000,9.8810655,9.8877236,1,10.869172,8.8929589
2024-01-30,SYN02,9.3849021,9.5052592,9.2910531,9.4111478,100000,9.3849021,9.4111478,1,10.323392,8.4464119
2024-01-30,SYN03,10.997115,11.137542,10.887144,11.027269,100000,10.997115,11.027269,1,12.096827,9.8974036
2024-01-30,SYN04,9.972694,10.072421,9.8486416,9.9481229,100000,9.972694,9.9481229,1,10.969963,8.9754246
2024-01-30,SYN05,9.8938471,10.006066,9.7949086,9.9069957,100000,9.8938471,9.9069957,1,10.883232,8.9044624
2024-01-30,SYN06,10.139116,10.253131,10.037725,10.151615,100000,10.139116,10.151615,1,11.153027,9.1252041
2024-01-30,SYN07,9.5394687,9.6348634,9.4429038,9.5382867,100000,9.5394687,9.5382867,1,10.493416,8.5855218
2024-01-30,SYN08,9.7551408,9.8536365,9.6575893,9.7560758,100000,9.7551408,9.7560758,1,10.730655,8.7796267
2024-01-30,SYN09,9.1085527,9.2281875,9.0174672,9.1368193,100000,9.1085527,9.1368193,1,10.019408,8.1976975
2024-01-30,SYN10,9.4577097,9.5603478,9.3631326,9.4656909,100000,9.4577097,9.4656909,1,10.403481,8.5119387
2024-01-30,SYN11,10.997017,11.146797,10.887047,11.036433,100000,10.997017,11.036433,1,12.096718,9.8973151
2024-01-31,SYN00,10.459477,10.565656,10.354882,10.461045,100000,10.459477,10.461045,1,11.505425,9.4135292
2024-01-31,SYN01,10.099581,10.200577,9.9648803,10.065536,100000,10.099581,10.065536,1,11.109539,9.0896231
2024-01-31,SYN02,9.342727,9.4361543,9.2170211,9.3101223,100000,9.342727,9.3101223,1,10.277,8.4084543
2024-01-31,SYN03,11.080964,11.191773,10.949374,11.059973,100000,11.080964,11.059973,1,12.18906,9.9728674
2024-01-31,SYN04,10.154603,10.282498,10.053057,10.180692,100000,10.154603,10.180692,1,11.170063,9.1391424
2024-01-31,SYN05,10.06765,10.168326,9.9427617,10.043194,100000,10.06765,10.043194,1,11.074415,9.060885
2024-01-31,SYN06,10.125904,10.256803,10.024645,10.15525,100000,10.125904,10.15525,1,11.138494,9.1133137
2024-01-31,SYN07,9.5441329,9.6395742,9.4386281,9.5339678,100000,9.5441329,9.5339678,1,10.498546,8.5897196
2024-01-31,SYN08,9.7712125,9.8723448,9.6735003,9.7745988,100000,9.7712125,9.7745988,1,10.748334,8.7940912
2024-01-31,SYN09,9.323329,9.4165623,9.2043482,9.2973214,100000,9.323329,9.2973214,1,10.255662,8.3909961
2024-01-31,SYN10,9.4299877,9.5408054,9.3356878,9.446342,100000,9.4299877,9.446342,1,10.372986,8.4869889
2024-01-31,SYN11,11.050638,11.162964,10.940131,11.05244,100000,11.050638,11.05244,1,12.155701,9.945574
2024-02-01,SYN00,10.530843,10.645622,10.425534,10.54022,100000,10.530843,10.54022,1,11.583927,9.4777586
2024-02-01,SYN01,10.037601,10.137977,9.9285532,10.028842,100000,10.037601,10.028842,1,11.041361,9.0338405
2024-02-01,SYN02,9.1635934,9.2650564,9.0719574,9.1733232,100000,9.1635934,9.1733232,1,10.079953,8.247234
2024-02-01,SYN03,11.041977,11.156966,10.931557,11.046501,100000,11.041977,11.046501,1,12.146174,9.937779
2024-02-01,SYN04,10.294892,10.397841,10.186392,10.289285,100000,10.294892,10.289285,1,11.324381,9.2654026
2024-02-01,SYN05,10.185784,10.287642,10.075109,10.176878,100000,10.185784,10.176878,1,11.204363,9.1672058
2024-02-01,SYN06,10.250494,10.365539,10.147989,10.26291,100000,10.250494,10.26291,1,11.275543,9.2254445
2024-02-01,SYN07,9.3471537,9.4406252,9.2441422,9.3375174,100000,9.3471537,9.3375174,1,10.281869,8.4124383
2024-02-01,SYN08,9.4141647,9.5398347,9.320023,9.4453809,100000,9.4141647,9.4453809,1,10.355581,8.4727482
2024-02-01,SYN09,9.2889883,9.420347,9.1960984,9.3270762,100000,9.2889883,9.3270762,1,10.217887,8.3600894
2024-02-01,SYN10,9.5962615,9.7050563,9.5002988,9.6089667,100000,9.5962615,9.6089667,1,10.555888,8.6366353
2024-02-01,SYN11,11.273552,11.386288,11.150613,11.263245,100000,11.273552,11.263245,1,12.400907,10.146197
2024-02-02,SYN00,10.578841,10.68463,10.43829,10.543728,100000,10.578841,10.543728,1,11.636726,9.5209572
2024-02-02,SYN01,10.162384,10.264008,10.055856,10.15743,100000,10.162384,10.15743,1,11.178623,9.146146
2024-02-02,SYN02,9.1539006,9.2501814,9.0623616,9.1585954,100000,9.1539006,9.1585954,1,10.069291,8.2385106
2024-02-02,SYN03,11.052605,11.182934,10.942079,11.072212,100000,11.052605,11.072212,1,12.157865,9.9473442
2024-02-02,SYN04,10.231842,10.33468,10.129523,10.232357,100000,10.231842,10.232357,1,11.255026,9.2086575
2024-02-02,SYN05,10.072953,10.214512,9.9722236,10.113378,100000,10.072953,10.113378,1,11.080248,9.0656578
2024-02-02,SYN06,10.159232,10.277313,10.05764,10.175557,100000,10.159232,10.175557,1,11.175156,9.1433092
2024-02-02,SYN07,9.2572504,9.4024637,9.1646779,9.30937,100000,9.2572504,9.30937,1,10.182975,8.3315254
2024-02-02,SYN08,9.476804,9.571572,9.3668627,9.4614775,100000,9.476804,9.4614775,1,10.424484,8.5291236
2024-02-02,SYN09,9.3871274,9.4809986,9.2728016,9.3664662,100000,9.3871274,9.3664662,1,10.32584,8.4484146
2024-02-02,SYN10,9.6654454,9.7975611,9.568791,9.7005556,100000,9.6654454,9.7005556,1,10.63199,8.6989009
2024-02-02,SYN11,11.308867,11.424679,11.195778,11.311563,100000,11.308867,11.311563,1,12.439754,10.17798
2024-02-05,SYN00,10.473359,10.600582,10.368626,10.495625,100000,10.473359,10.495625,1,11.520695,9.4260235
2024-02-05,SYN01,10.054876,10.165355,9.9543269,10.064708,100000,10.054876,10.064708,1,11.060363,9.0493881
2024-02-05,SYN02,9.290245,9.3902874,9.1973426,9.2973143,100000,9.290245,9.2973143,1,10.21927,8.3612205
2024-02-05,SYN03,11.258957,11.371547,11.136163,11.24865,100000,11.258957,11.24865,1,12.384853,10.133062
2024-02-05,SYN04,10.194797,10.296745,10.073905,10.175662,100000,10.194797,10.175662,1,11.214276,9.1753171
2024-02-05,SYN05,10.065265,10.178118,9.9646126,10.077345,100000,10.065265,10.077345,1,11.071792,9.0587387
2024-02-05,SYN06,10.164557,10.281198,10.062911,10.179404,100000,10.164557,10.179404,1,11.181012,9.148101
2024-02-05,SYN07,9.2023677,9.3245784,9.110344,9.2322558,100000,9.2023677,9.2322558,1,10.122604,8.282131
2024-02-05,SYN08,9.4996165,9.5946126,9.3904844,9.4853377,100000,9.4996165,9.4853377,1,10.449578,8.5496548
2024-02-05,SYN09,9.6113581,9.7074717,9.5087728,9.604821,100000,9.6113581,9.604821,1,10.572494,8.6502223
2024-02-05,SYN10,9.7913137,9.8931024,9.6934005,9.7951509,100000,9.7913137,9.7951509,1,10.770445,8.8121823
2024-02-05,SYN11,11.314005,11.427145,11.167907,11.280714,100000,11.314005,11.280714,1,12.445405,10.182604
2024-02-06,SYN00,10.647652,10.754129,10.538981,10.645435,100000,10.647652,10.645435,1,11.712417,9.5828869
2024-02-06,SYN01,10.070716,10.171423,9.9698576,10.070563,100000,10.070716,10.070563,1,11.077788,9.0636445
2024-02-06,SYN02,9.29785,9.3908285,9.199435,9.2923585,100000,9.29785,9.2923585,1,10.227635,8.368065
2024-02-06,SYN03,11.219616,11.354322,11.10742,11.241903,100000,11.219616,11.241903,1,12.341578,10.097655
2024-02-06,SYN04,10.255125,10.357676,10.149425,10.251945,100000,10.255125,10.251945,1,11.280637,9.2296123
2024-02-06,SYN05,9.9429729,10.04457,9.8435432,9.9451192,100000,9.9429729,9.9451192,1,10.93727,8.9486756
2024-02-06,SYN06,10.323219,10.438562,10.219987,10.33521,100000,10.323219,10.33521,1,11.355541,9.2908972
2024-02-06,SYN07,9.0627699,9.1824293,8.9721422,9.0915141,100000,9.0627699,9.0915141,1,9.9690469,8.1564929
2024-02-06,SYN08,9.4822883,9.5815994,9.3874654,9.4867321,100000,9.4822883,9.4867321,1,10.430517,8.5340595
2024-02-06,SYN09,9.7068927,9.8048381,9.6098238,9.7077605,100000,9.7068927,9.7077605,1,10.677582,8.7362034
2024-02-06,SYN10,9.8725808,9.9745864,9.773855,9.8758281,100000,9.8725808,9.8758281,1,10.859839,8.8853227
2024-02-06,SYN11,11.190218,11.302121,11.061264,11.172994,100000,11.190218,11.172994,1,12.30924,10.071197
2024-02-07,SYN00,10.731293,10.838606,10.613464,10.720671,100000,10.731293,10.720671,1,11.804422,9.6581638
2024-02-07,SYN01,10.069946,10.170645,9.9672008,10.06788,100000,10.069946,10.06788,1,11.076941,9.0629514
2024-02-07,SYN02,9.4055972,9.5311266,9.3115413,9.436759,100000,9.4055972,9.436759,1,10.346157,8.4650375
2024-02-07,SYN03,11.163648,11.298538,11.052011,11.186671,100000,11.163648,11.186671,1,12.280012,10.047283
2024-02-07,SYN04,10.026614,10.12688,9.9258172,10.026078,100000,10.026614,10.026078,1,11.029276,9.0239527
2024-02-07,SYN05,9.9125022,10.035092,9.8133772,9.9357349,100000,9.9125022,9.9357349,1,10.903752,8.921252
2024-02-07,SYN06,10.065072,10.189327,9.9644211,10.088443,100000,10.065072,10.088443,1,11.071579,9.0585646
2024-02-07,SYN07,9.083339,9.1741724,8.9842193,9.074969,100000,9.083339,9.074969,1,9.9916729,8.1750051
2024-02-07,SYN08,9.2863537,9.4045813,9.1934901,9.3114666,100000,9.2863537,9.3114666,1,10.214989,8.3577183
2024-02-07,SYN09,9.6380511,9.7344316,9.5213267,9.6175017,100000,9.6380511,9.6175017,1,10.601856,8.674246
2024-02-07,SYN10,9.9893915,10.089285,9.8428056,9.9422279,100000,9.9893915,9.9422279,1,10.988331,8.9904523
2024-02-07,SYN11,11.020316,11.130519,10.898474,11.008559,100000,11.020316,11.008559,1,12.122348,9.9182845
2024-02-08,SYN00,10.574447,10.680191,10.467456,10.573188,100000,10.574447,10.573188,1,11.631891,9.5170021
2024-02-08,SYN01,10.245844,10.348302,10.109604,10.211721,100000,10.245844,10.211721,1,11.270428,9.2212596
2024-02-08,SYN02,9.4910201,9.5859303,9.3800843,9.4748326,100000,9.4910201,9.4748326,1,10.440122,8.5419181
2024-02-08,SYN03,11.379382,11.493176,11.256332,11.370033,100000,11.379382,11.370033,1,12.517321,10.241444
2024-02-08,SYN04,9.9093107,10.01747,9.8102176,9.9182874,100000,9.9093107,9.9182874,1,10.900242,8.9183796
2024-02-08,SYN05,9.7801408,9.9030702,9.6823394,9.80502,100000,9.7801408,9.80502,1,10.758155,8.8021267
2024-02-08,SYN06,10.009096,10.131436,9.9090047,10.031125,100000,10.009096,10.031125,1,11.010005,9.008186
2024-02-08,SYN07,8.9856235,9.083754,8.8957673,8.9938159,100000,8.9856235,8.9938159,1,9.8841858,8.0870611
2024-02-08,SYN08,9.364737,9.4759646,9.2710896,9.3821431,100000,9.364737,9.3821431,1,10.301211,8.4282633
2024-02-08,SYN09,9.3355153,9.4349855,9.2421601,9.3415698,100000,9.3355153,9.3415698,1,10.269067,8.4019638
2024-02-08,SYN10,10.027216,10.127488,9.9009614,10.000971,100000,10.027216,10.000971,1,11.029938,9.0244947
2024-02-08,SYN11,10.905133,11.014184,10.794392,10.903426,100000,10.905133,10.903426,1,11.995646,9.8146193
2024-02-09,SYN00,10.803888,10.911927,10.670738,10.778523,100000,10.803888,10.778523,1,11.884277,9.7234995
2024-02-09,SYN01,10.470083,10.574783,10.352501,10.457072,100000,10.470083,10.457072,1,11.517091,9.4230744
2024-02-09,SYN02,9.6474317,9.7544,9.5509574,9.6578218,100000,9.6474317,9.6578218,1,10.612175,8.6826885
2024-02-09,SYN03,11.339616,11.457329,11.22622,11.343891,100000,11.339616,11.343891,1,12.473577,10.205654
2024-02-09,SYN04,10.07649,10.177255,9.9527481,10.053281,100000,10.07649,10.053281,1,11.084139,9.068841
2024-02-09,SYN05,9.7557774,9.8545866,9.6582197,9.7570164,100000,9.7557774,9.7570164,1,10.731355,8.7801997
2024-02-09,SYN06,9.8564949,9.9618223,9.7579299,9.8631904,100000,9.8564949,9.8631904,1,10.842144,8.8708454
2024-02-09,SYN07,8.8956495,9.010375,8.806693,8.9211634,100000,8.8956495,8.9211634,1,9.7852144,8.0060845
2024-02-09,SYN08,9.4141531,9.5408817,9.3200115,9.4464176,100000,9.4141531,9.4464176,1,10.355568,8.4727378
2024-02-09,SYN09,9.3916673,9.5273425,9.2977506,9.4330123,100000,9.3916673,9.4330123,1,10.330834,8.4525006
2024-02-09,SYN10,10.188578,10.302798,10.086692,10.20079,100000,10.188578,10.20079,1,11.207435,9.1697199
2024-02-09,SYN11,10.969473,11.079849,10.859779,10.970148,100000,10.969473,10.970148,1,12.066421,9.8725261
2024-02-12,SYN00,10.842924,10.951353,10.732943,10.841357,100000,10.842924,10.841357,1,11.927216,9.7586315
2024-02-12,SYN01,10.390389,10.494292,10.284988,10.388877,100000,10.390389,10.388877,1,11.429427,9.3513497
2024-02-12,SYN02,9.7447939,9.8422418,9.6353953,9.7327225,100000,9.7447939,9.7327225,1,10.719273,8.7703145
2024-02-12,SYN03,11.496818,11.611786,11.372847,11.487724,100000,11.496818,11.487724,1,12.6465,10.347136
2024-02-12,SYN04,10.042233,10.154241,9.9418108,10.053704,100000,10.042233,10.053704,1,11.046456,9.0380098
2024-02-12,SYN05,9.8016503,9.8996668,9.6957935,9.7937309,100000,9.8016503,9.7937309,1,10.781815,8.8214853
2024-02-12,SYN06,9.7922339,9.8901562,9.667787,9.7654414,100000,9.7922339,9.7654414,1,10.771457,8.8130105
2024-02-12,SYN07,8.9460866,9.042122,8.8566257,8.9525961,100000,8.9460866,8.9525961,1,9.8406952,8.0514779
2024-02-12,SYN08,9.4621626,9.5711516,9.367541,9.4763878,100000,9.4621626,9.4763878,1,10.408379,8.5159463
2024-02-12,SYN09,9.2934856,9.3952338,9.2005508,9.3022116,100000,9.2934856,9.3022116,1,10.222834,8.3641371
2024-02-12,SYN10,10.071778,10.212896,9.9710607,10.111779,100000,10.071778,10.111779,1,11.078956,9.0646006
2024-02-12,SYN11,11.041313,11.151726,10.928304,11.038691,100000,11.041313,11.038691,1,12.145444,9.9371813
2024-02-13,SYN00,10.818113,10.943739,10.709932,10.835385,100000,10.818113,10.835385,1,11.899924,9.7363018
2024-02-13,SYN01,10.366373,10.470036,10.2501,10.353636,100000,10.366373,10.353636,1,11.40301,9.3297353
2024-02-13,SYN02,9.6861635,9.7830252,9.566482,9.6631131,100000,9.6861635,9.6631131,1,10.65478,8.7175472
2024-02-13,SYN03,11.590002,11.714156,11.474102,11.598174,100000,11.590002,11.598174,1,12.749003,10.431002
2024-02-13,SYN04,9.9156657,10.046683,9.8165091,9.9472105,100000,9.9156657,9.9472105,1,10.907232,8.9240992
2024-02-13,SYN05,9.7362856,9.864613,9.6389227,9.7669436,100000,9.7362856,9.7669436,1,10.709914,8.762657
2024-02-13,SYN06,9.9486292,10.067552,9.8491429,9.9678728,100000,9.9486292,9.9678728,1,10.943492,8.9537663
2024-02-13,SYN07,9.0690499,9.1794055,8.9783594,9.0885203,100000,9.0690499,9.0885203,1,9.9759548,8.1621449
2024-02-13,SYN08,9.5127434,9.6295921,9.4176159,9.5342496,100000,9.5127434,9.5342496,1,10.464018,8.561469
2024-02-13,SYN09,9.4953798,9.6037034,9.400426,9.5086173,100000,9.4953798,9.5086173,1,10.444918,8.5458418
2024-02-13,SYN10,10.006755,10.106822,9.8997926,9.9997905,100000,10.006755,9.9997905,1,11.00743,9.0060792
2024-02-13,SYN11,11.122014,11.233234,11.000198,11.111311,100000,11.122014,11.111311,1,12.234215,10.009813
2024-02-14,SYN00,10.81848,10.949368,10.710295,10.840958,100000,10.81848,10.840958,1,11.900328,9.7366322
2024-02-14,SYN01,10.446284,10.570541,10.341821,10.465882,100000,10.446284,10.465882,1,11.490912,9.4016555
2024-02-14,SYN02,9.8030108,9.9010409,9.6997098,9.7976866,100000,9.8030108,9.7976866,1,10.783312,8.8227097
2024-02-14,SYN03,11.648608,11.774271,11.532122,11.657695,100000,11.648608,11.657695,1,12.813469,10.483747
2024-02-14,SYN04,10.127914,10.242214,10.026635,10.140806,100000,10.127914,10.140806,1,11.140706,9.1151227
2024-02-14,SYN05,9.8179279,9.9222274,9.7197486,9.8239875,100000,9.8179279,9.8239875,1,10.799721,8.8361351
2024-02-14,SYN06,9.9515302,10.051046,9.8138742,9.9130042,100000,9.9515302,9.9130042,1,10.946683,8.9563772
2024-02-14,SYN07,9.0404209,9.1308251,8.9454686,9.0358269,100000,9.0404209,9.0358269,1,9.944463,8.1363788
2024-02-14,SYN08,9.4129978,9.5071277,9.3046636,9.3986501,100000,9.4129978,9.3986501,1,10.354298,8.471698
2024-02-14,SYN09,9.5714671,9.6671818,9.4707441,9.5664082,100000,9.5714671,9.5664082,1,10.528614,8.6143204
2024-02-14,SYN10,10.029048,10.148171,9.9287571,10.047694,100000,10.029048,10.047694,1,11.031952,9.0261428
2024-02-14,SYN11,11.12251,11.271657,11.011285,11.160057,100000,11.12251,11.160057,1,12.234762,10.010259
2024-02-15,SYN00,11.125953,11.237213,10.992125,11.103156,100000,11.125953,11.103156,1,12.238549,10.013358
2024-02-15,SYN01,10.435056,10.562849,10.330706,10.458266,100000,10.435056,10.458266,1,11.478562,9.3915506
2024-02-15,SYN02,9.6465136,9.7429787,9.54614,9.6425656,100000,9.6465136,9.6425656,1,10.611165,8.6818622
2024-02-15,SYN03,11.482508,11.598972,11.367683,11.484131,100000,11.482508,11.484131,1,12.630758,10.334257
2024-02-15,SYN04,10.062445,10.16307,9.9415717,10.041992,100000,10.062445,10.041992,1,11.06869,9.0562008
2024-02-15,SYN05,10.070936,10.171646,9.9588231,10.059417,100000,10.070936,10.059417,1,11.07803,9.0638426
2024-02-15,SYN06,9.9239328,10.023172,9.7807781,9.8795739,100000,9.9239328,9.8795739,1,10.916326,8.9315395
2024-02-15,SYN07,8.9735681,9.0633038,8.8802962,8.9699962,100000,8.9735681,8.9699962,1,9.870925,8.0762113
2024-02-15,SYN08,9.3177764,9.4122331,9.2245987,9.3190427,100000,9.3177764,9.3190427,1,10.249554,8.3859988
2024-02-15,SYN09,9.4592831,9.5883945,9.3646902,9.4934599,100000,9.4592831,9.4934599,1,10.405211,8.5133547
2024-02-15,SYN10,10.169468,10.271163,10.056041,10.157617,100000,10.169468,10.157617,1,11.186415,9.1525214
2024-02-15,SYN11,11.338546,11.465188,11.22516,11.351671,100000,11.338546,11.351671,1,12.4724,10.204691
2024-02-16,SYN00,11.077982,11.244274,10.967202,11.132944,100000,11.077982,11.132944,1,12.18578,9.970184
2024-02-16,SYN01,10.354018,10.468099,10.250477,10.364455,100000,10.354018,10.364455,1,11.389419,9.3186158
2024-02-16,SYN02,9.6355442,9.7343134,9.5391887,9.6379341,100000,9.6355442,9.6379341,1,10.599099,8.6719898
2024-02-16,SYN03,11.455677,11.571182,11.34112,11.456616,100000,11.455677,11.456616,1,12.601244,10.310109
2024-02-16,SYN04,10.026991,10.127261,9.9034157,10.00345,100000,10.026991,10.00345,1,11.02969,9.0242917
2024-02-16,SYN05,10.021329,10.158337,9.9211157,10.05776,100000,10.021329,10.05776,1,11.023462,9.0191961
2024-02-16,SYN06,9.9271034,10.032509,9.8278323,9.9331768,100000,9.9271034,9.9331768,1,10.919814,8.934393
2024-02-16,SYN07,8.9432537,9.0326863,8.8393532,8.9286396,100000,8.9432537,8.9286396,1,9.8375791,8.0489283
2024-02-16,SYN08,9.25056,9.3570716,9.1580544,9.2644273,100000,9.25056,9.2644273,1,10.175616,8.325504
2024-02-16,SYN09,9.324512,9.4177571,9.2240029,9.3171746,100000,9.324512,9.3171746,1,10.256963,8.3920608
2024-02-16,SYN10,10.073382,10.189484,9.9726484,10.088598,100000,10.073382,10.088598,1,11.08072,9.066044
2024-02-16,SYN11,11.498287,11.61327,11.353487,11.468169,100000,11.498287,11.468169,1,12.648116,10.348459
2024-02-19,SYN00,11.318865,11.432053,11.200905,11.314045,100000,11.318865,11.314045,1,12.450751,10.186978
2024-02-19,SYN01,10.471429,10.576143,10.333474,10.437853,100000,10.471429,10.437853,1,11.518572,9.4242861
2024-02-19,SYN02,9.6794535,9.7832437,9.582659,9.6863799,100000,9.6794535,9.6863799,1,10.647399,8.7115082
2024-02-19,SYN03,11.601932,11.722028,11.485913,11.605968,100000,11.601932,11.605968,1,12.762125,10.441739
2024-02-19,SYN04,9.983146,10.084299,9.8833145,9.9844546,100000,9.983146,9.9844546,1,10.981461,8.9848314
2024-02-19,SYN05,10.072616,10.220658,9.9718898,10.119463,100000,10.072616,10.119463,1,11.079878,9.0653543
2024-02-19,SYN06,10.224773,10.327021,10.110548,10.212675,100000,10.224773,10.212675,1,11.24725,9.2022956
2024-02-19,SYN07,8.9466126,9.0643233,8.8571464,8.9745775,100000,8.9466126,8.9745775,1,9.8412738,8.0519513
2024-02-19,SYN08,9.2743305,9.3670738,9.1359035,9.2281854,100000,9.2743305,9.2281854,1,10.201764,8.3468974
2024-02-19,SYN09,9.4385684,9.5329541,9.3209546,9.4151056,100000,9.4385684,9.4151056,1,10.382425,8.4947115
2024-02-19,SYN10,10.520595,10.625801,10.390892,10.495851,100000,10.520595,10.495851,1,11.572655,9.4685358
2024-02-19,SYN11,11.719531,11.836726,11.60198,11.719172,100000,11.719531,11.719172,1,12.891484,10.547578
2024-02-20,SYN00,11.128866,11.269387,11.017578,11.157809,100000,11.128866,11.157809,1,12.241753,10.01598
2024-02-20,SYN01,10.49391,10.598849,10.374978,10.479776,100000,10.49391,10.479776,1,11.5433,9.4445186
2024-02-20,SYN02,9.5398475,9.635246,9.438046,9.5333798,100000,9.5398475,9.5333798,1,10.493832,8.5858628
2024-02-20,SYN03,11.761308,11.916957,11.643695,11.798968,100000,11.761308,11.798968,1,12.937439,10.585178
2024-02-20,SYN04,9.9748733,10.074622,9.8676834,9.9673569,100000,9.9748733,9.9673569,1,10.972361,8.977386
2024-02-20,SYN05,10.303929,10.410452,10.200889,10.307378,100000,10.303929,10.307378,1,11.334321,9.2735357
2024-02-20,SYN06,10.183202,10.292756,10.08137,10.190848,100000,10.183202,10.190848,1,11.201522,9.1648817
2024-02-20,SYN07,8.8889014,8.9852219,8.8000124,8.8962593,100000,8.8889014,8.8962593,1,9.7777916,8.0000113
2024-02-20,SYN08,9.2196748,9.3118715,9.1015928,9.1935281,100000,9.2196748,9.1935281,1,10.141642,8.2977073
2024-02-20,SYN09,9.5169745,9.6323439,9.4218048,9.5369742,100000,9.5169745,9.5369742,1,10.468672,8.5652771
2024-02-20,SYN10,10.509583,10.635203,10.404487,10.529904,100000,10.509583,10.529904,1,11.560542,9.4586249
2024-02-20,SYN11,11.683637,11.808922,11.5668,11.692002,100000,11.683637,11.692002,1,12.852001,10.515273
2024-02-21,SYN00,11.116298,11.227461,10.980558,11.091473,100000,11.116298,11.091473,1,12.227927,10.004668
2024-02-21,SYN01,10.572028,10.677748,10.451816,10.55739,100000,10.572028,10.55739,1,11.629231,9.514825
2024-02-21,SYN02,9.5627127,9.6583398,9.4556277,9.5511391,100000,9.5627127,9.5511391,1,10.518984,8.6064414
2024-02-21,SYN03,12.0152,12.149605,11.895048,12.029312,100000,12.0152,12.029312,1,13.21672,10.81368
2024-02-21,SYN04,10.166908,10.268577,10.054577,10.156139,100000,10.166908,10.156139,1,11.183598,9.1502169
2024-02-21,SYN05,10.502815,10.607844,10.359666,10.464309,100000,10.502815,10.464309,1,11.553097,9.4525339
2024-02-21,SYN06,9.9799435,10.081301,9.880144,9.9814864,100000,9.9799435,9.9814864,1,10.977938,8.9819491
2024-02-21,SYN07,9.0993933,9.1986152,9.0083994,9.1075398,100000,9.0993933,9.1075398,1,10.009333,8.189454
2024-02-21,SYN08,9.2752826,9.3680354,9.1711695,9.2638076,100000,9.2752826,9.2638076,1,10.202811,8.3477543
2024-02-21,SYN09,9.4895889,9.5909926,9.3946931,9.4960323,100000,9.4895889,9.4960323,1,10.438548,8.54063
2024-02-21,SYN10,10.661003,10.767613,10.513521,10.619719,100000,10.661003,10.619719,1,11.727103,9.5949028
2024-02-21,SYN11,11.630796,11.747104,11.467255,11.583086,100000,11.630796,11.583086,1,12.793876,10.467717
2024-02-22,SYN00,11.242013,11.354434,11.089781,11.201799,100000,11.242013,11.201799,1,12.366215,10.117812
2024-02-22,SYN01,10.739587,10.846983,10.614939,10.722161,100000,10.739587,10.722161,1,11.813545,9.6656281
2024-02-22,SYN02,9.4765124,9.5712775,9.3434177,9.4377956,100000,9.4765124,9.4377956,1,10.424164,8.5288611
2024-02-22,SYN03,12.043424,12.18258,11.92299,12.06196,100000,12.043424,12.06196,1,13.247767,10.839082
2024-02-22,SYN04,10.286729,10.413275,10.183861,10.310174,100000,10.286729,10.310174,1,11.315401,9.2580557
2024-02-22,SYN05,10.33393,10.437869,10.230591,10.334524,100000,10.33393,10.334524,1,11.367323,9.3005371
2024-02-22,SYN06,9.9359684,10.035328,9.8300593,9.9293528,100000,9.9359684,9.9293528,1,10.929565,8.9423716
2024-02-22,SYN07,9.0327174,9.1230445,8.9367304,9.0270005,100000,9.0327174,9.0270005,1,9.9359891,8.1294456
2024-02-22,SYN08,9.0092415,9.1030898,8.9191491,9.0129602,100000,9.0092415,9.0129602,1,9.9101657,8.1083174
2024-02-22,SYN09,9.6267093,9.7358348,9.5304422,9.6394404,100000,9.6267093,9.6394404,1,10.58938,8.6640384
2024-02-22,SYN10,10.593622,10.706175,10.487686,10.600173,100000,10.593622,10.600173,1,11.652984,9.5342599
2024-02-22,SYN11,11.548376,11.665153,11.432892,11.549657,100000,11.548376,11.549657,1,12.703214,10.393538
2024-02-23,SYN00,11.122157,11.237353,11.010935,11.126092,100000,11.122157,11.126092,1,12.234372,10.009941
2024-02-23,SYN01,10.618109,10.72429,10.492695,10.598682,100000,10.618109,10.598682,1,11.67992,9.5562981
2024-02-23,SYN02,9.4370517,9.5314222,9.3355079,9.4298059,100000,9.4370517,9.4298059,1,10.380757,8.4933465
2024-02-23,SYN03,12.397204,12.521176,12.256991,12.380799,100000,12.397204,12.380799,1,13.636925,11.157484
2024-02-23,SYN04,10.286938,10.423043,10.184068,10.319844,100000,10.286938,10.319844,1,11.315631,9.2582439
2024-02-23,SYN05,10.062312,10.166784,9.9616889,10.066123,100000,10.062312,10.066123,1,11.068543,9.0560808
2024-02-23,SYN06,9.9610322,10.060642,9.8167721,9.9159314,100000,9.9610322,9.9159314,1,10.957135,8.964929
2024-02-23,SYN07,9.0184504,9.1169735,8.9282659,9.0267065,100000,9.0184504,9.0267065,1,9.9202955,8.1166054
2024-02-23,SYN08,9.243088,9.3355189,9.1223634,9.2145085,100000,9.243088,9.2145085,1,10.167397,8.3187792
2024-02-23,SYN09,9.5337846,9.6479329,9.4384467,9.5524088,100000,9.5337846,9.5524088,1,10.487163,8.5804061
2024-02-23,SYN10,10.313461,10.444818,10.210326,10.341404,100000,10.313461,10.341404,1,11.344807,9.2821145
2024-02-23,SYN11,11.270128,11.399394,11.157427,11.286529,100000,11.270128,11.286529,1,12.397141,10.143115
2024-02-26,SYN00,11.152525,11.264051,11.013326,11.124571,100000,11.152525,11.124571,1,12.267778,10.037273
2024-02-26,SYN01,10.722219,10.829442,10.568111,10.67486,100000,10.722219,10.67486,1,11.794441,9.6499975
2024-02-26,SYN02,9.3364608,9.4298254,9.2362946,9.3295905,100000,9.3364608,9.3295905,1,10.270107,8.4028147
2024-02-26,SYN03,12.437493,12.563347,12.313118,12.438958,100000,12.437493,12.438958,1,13.681243,11.193744
2024-02-26,SYN04,10.100052,10.204198,9.9990514,10.103166,100000,10.100052,10.103166,1,11.110057,9.0900467
2024-02-26,SYN05,9.952652,10.055495,9.8531255,9.9559352,100000,9.952652,9.9559352,1,10.947917,8.9573868
2024-02-26,SYN06,10.019605,10.119801,9.9017241,10.001742,100000,10.019605,10.001742,1,11.021565,9.0176444
2024-02-26,SYN07,9.0985986,9.1895846,8.9764757,9.0671472,100000,9.0985986,9.0671472,1,10.008459,8.1887388
2024-02-26,SYN08,9.2428474,9.339835,9.1504189,9.2473614,100000,9.2428474,9.2473614,1,10.167132,8.3185627
2024-02-26,SYN09,9.3553462,9.4489075,9.2617928,9.355354,100000,9.3553462,9.355354,1,10.290881,8.4198116
2024-02-26,SYN10,10.423646,10.530307,10.31941,10.426046,100000,10.423646,10.426046,1,11.466011,9.3812818
2024-02-26,SYN11,11.371282,11.502646,11.257569,11.388758,100000,11.371282,11.388758,1,12.50841,10.234154
2024-02-27,SYN00,11.265879,11.378537,11.141877,11.254421,100000,11.265879,11.254421,1,12.392466,10.139291
2024-02-27,SYN01,10.681629,10.788445,10.56522,10.67194,100000,10.681629,10.67194,1,11.749792,9.6134661
2024-02-27,SYN02,9.23162,9.3239362,9.1279778,9.2201796,100000,9.23162,9.2201796,1,10.154782,8.308458
2024-02-27,SYN03,12.420657,12.544864,12.258482,12.382305,100000,12.420657,12.382305,1,13.662723,11.178592
2024-02-27,SYN04,10.216036,10.318196,10.069832,10.171548,100000,10.216036,10.171548,1,11.23764,9.1944325
2024-02-27,SYN05,10.141541,10.275292,10.040126,10.173557,100000,10.141541,10.173557,1,11.155695,9.1273871
2024-02-27,SYN06,9.9230953,10.022326,9.7958386,9.8947865,100000,9.9230953,9.8947865,1,10.915405,8.9307858
2024-02-27,SYN07,9.2427061,9.3351332,9.148008,9.2404121,100000,9.2427061,9.2404121,1,10.166977,8.3184355
2024-02-27,SYN08,9.2735012,9.3662363,9.1648788,9.2574533,100000,9.2735012,9.2574533,1,10.200851,8.3461511
2024-02-27,SYN09,9.5318849,9.6272038,9.3973361,9.4922587,100000,9.5318849,9.4922587,1,10.485073,8.5786964
2024-02-27,SYN10,10.392618,10.552564,10.288692,10.448083,100000,10.392618,10.448083,1,11.43188,9.353356
2024-02-27,SYN11,11.37122,11.485003,11.257508,11.37129,100000,11.37122,11.37129,1,12.508342,10.234098
2024-02-28,SYN00,11.191105,11.303016,11.039605,11.151116,100000,11.191105,11.151116,1,12.310215,10.071994
2024-02-28,SYN01,10.78355,10.891385,10.671862,10.779659,100000,10.78355,10.779659,1,11.861905,9.7051946
2024-02-28,SYN02,9.2209439,9.3286034,9.1287345,9.236241,100000,9.2209439,9.236241,1,10.143038,8.2988495
2024-02-28,SYN03,12.550566,12.706522,12.42506,12.580715,100000,12.550566,12.580715,1,13.805622,11.295509
2024-02-28,SYN04,10.264548,10.367193,10.148702,10.251214,100000,10.264548,10.251214,1,11.291002,9.2380929
2024-02-28,SYN05,10.162583,10.264209,10.049292,10.1508,100000,10.162583,10.1508,1,11.178842,9.1463251
2024-02-28,SYN06,9.8817624,9.9805801,9.7803555,9.879147,100000,9.8817624,9.879147,1,10.869939,8.8935862
2024-02-28,SYN07,9.3401536,9.4389086,9.2467521,9.3454541,100000,9.3401536,9.3454541,1,10.274169,8.4061382
2024-02-28,SYN08,9.0977689,9.2128346,9.0067912,9.1216184,100000,9.0977689,9.1216184,1,10.007546,8.187992
2024-02-28,SYN09,9.5616508,9.6628024,9.4660343,9.5671311,100000,9.5616508,9.5671311,1,10.517816,8.6054857
2024-02-28,SYN10,10.334984,10.448683,10.231635,10.345231,100000,10.334984,10.345231,1,11.368483,9.301486
2024-02-28,SYN11,11.277867,11.390645,11.158089,11.270797,100000,11.277867,11.270797,1,12.405653,10.15008
2024-02-29,SYN00,11.306653,11.429423,11.193586,11.31626,100000,11.306653,11.31626,1,12.437318,10.175987
2024-02-29,SYN01,10.872085,10.992335,10.763364,10.8835,100000,10.872085,10.8835,1,11.959293,9.7848762
2024-02-29,SYN02,9.3974053,9.5058559,9.3034313,9.4117385,100000,9.3974053,9.4117385,1,10.337146,8.4576648
2024-02-29,SYN03,12.44579,12.583441,12.321332,12.458852,100000,12.44579,12.458852,1,13.690368,11.201211
2024-02-29,SYN04,10.288512,10.403041,10.185626,10.300041,100000,10.288512,10.300041,1,11.317363,9.2596604
2024-02-29,SYN05,10.290247,10.395971,10.187344,10.293041,100000,10.290247,10.293041,1,11.319272,9.2612222
2024-02-29,SYN06,9.9233962,10.02263,9.8059132,9.9049629,100000,9.9233962,9.9049629,1,10.915736,8.9310566
2024-02-29,SYN07,9.2199115,9.3394116,9.1277124,9.2469422,100000,9.2199115,9.2469422,1,10.141903,8.2979204
2024-02-29,SYN08,9.111982,9.2192876,9.0208622,9.1280076,100000,9.111982,9.1280076,1,10.02318,8.2007838
2024-02-29,SYN09,9.5833057,9.6953053,9.4874727,9.5993122,100000,9.5833057,9.5993122,1,10.541636,8.6249751
2024-02-29,SYN10,10.303803,10.406841,10.192114,10.295065,100000,10.303803,10.295065,1,11.334183,9.2734227
2024-02-29,SYN11,11.395262,11.509214,11.265515,11.379308,100000,11.395262,11.379308,1,12.534788,10.255736
2024-03-01,SYN00,11.378326,11.49211,11.263713,11.377488,100000,11.378326,11.377488,1,12.516159,10.240494
2024-03-01,SYN01,10.877179,10.985951,10.760012,10.868699,100000,10.877179,10.868699,1,11.964897,9.7894612
2024-03-01,SYN02,9.3681904,9.4656346,9.2745085,9.3719155,100000,9.3681904,9.3719155,1,10.305009,8.4313714
2024-03-01,SYN03,12.516075,12.651168,12.390914,12.525909,100000,12.516075,12.525909,1,13.767682,11.264467
2024-03-01,SYN04,10.332768,10.436096,10.213188,10.316351,100000,10.332768,10.316351,1,11.366045,9.2994913
2024-03-01,SYN05,10.173251,10.274984,10.066193,10.167872,100000,10.173251,10.167872,1,11.190576,9.1559262
2024-03-01,SYN06,9.9788853,10.119719,9.8790964,10.019523,100000,9.9788853,10.019523,1,10.976774,8.9809968
2024-03-01,SYN07,9.2252494,9.3175019,9.1294659,9.2216828,100000,9.2252494,9.2216828,1,10.147774,8.3027244
2024-03-01,SYN08,8.9857653,9.1149877,8.8959076,9.0247403,100000,8.9857653,9.0247403,1,9.8843418,8.0871888
2024-03-01,SYN09,9.8151044,9.9241694,9.7169533,9.8259103,100000,9.8151044,9.8259103,1,10.796615,8.8335939
2024-03-01,SYN10,10.19221,10.294133,10.074099,10.175858,100000,10.19221,10.175858,1,11.211432,9.1729894
2024-03-01,SYN11,11.417224,11.531397,11.27348,11.387354,100000,11.417224,11.387354,1,12.558947,10.275502
2024-03-04,SYN00,11.333485,11.456582,11.22015,11.34315,100000,11.333485,11.34315,1,12.466833,10.200136
2024-03-04,SYN01,10.585847,10.714041,10.479989,10.607961,100000,10.585847,10.607961,1,11.644432,9.5272624
2024-03-04,SYN02,9.3695496,9.4674705,9.2758541,9.3737332,100000,9.3695496,9.3737332,1,10.306505,8.4325946
2024-03-04,SYN03,12.723776,12.851014,12.587367,12.714512,100000,12.723776,12.714512,1,13.996154,11.451399
2024-03-04,SYN04,10.279465,10.382259,10.171737,10.274482,100000,10.279465,10.274482,1,11.307411,9.2515181
2024-03-04,SYN05,9.9624426,10.062067,9.8498545,9.949348,100000,9.9624426,9.949348,1,10.958687,8.9661984
2024-03-04,SYN06,10.278131,10.381744,10.17535,10.278954,100000,10.278131,10.278954,1,11.305944,9.2503178
2024-03-04,SYN07,9.096076,9.2247944,9.0051153,9.1334598,100000,9.096076,9.1334598,1,10.005684,8.1864684
2024-03-04,SYN08,8.8991316,8.9881229,8.8098956,8.8988845,100000,8.8991316,8.8988845,1,9.7890447,8.0092184
2024-03-04,SYN09,9.917586,10.02584,9.8184101,9.9265745,100000,9.917586,9.9265745,1,10.909345,8.9258274
2024-03-04,SYN10,10.339619,10.443016,10.234401,10.337779,100000,10.339619,10.337779,1,11.373581,9.3056575
2024-03-04,SYN11,11.51484,11.629989,11.394397,11.509492,100000,11.51484,11.509492,1,12.666324,10.363356
2024-03-05,SYN00,11.362629,11.476255,11.234861,11.348344,100000,11.362629,11.348344,1,12.498892,10.226366
2024-03-05,SYN01,10.502425,10.607449,10.387378,10.492301,100000,10.502425,10.492301,1,11.552668,9.4521826
2024-03-05,SYN02,9.3729574,9.4688434,9.2792278,9.3750925,100000,9.3729574,9.3750925,1,10.310253,8.4356617
2024-03-05,SYN03,12.722933,12.850162,12.57907,12.706131,100000,12.722933,12.706131,1,13.995226,11.450639
2024-03-05,SYN04,10.370831,10.474539,10.242516,10.345975,100000,10.370831,10.345975,1,11.407914,9.3337475
2024-03-05,SYN05,9.6787346,9.7889802,9.5819472,9.6920596,100000,9.6787346,9.6920596,1,10.646608,8.7108611
2024-03-05,SYN06,10.164585,10.268894,10.062939,10.167222,100000,10.164585,10.167222,1,11.181043,9.1481262
2024-03-05,SYN07,8.85817,8.9467517,8.7687033,8.8572761,100000,8.85817,8.8572761,1,9.743987,7.972353
2024-03-05,SYN08,8.8782605,8.9882822,8.7894779,8.8992893,100000,8.8782605,8.8992893,1,9.7660866,7.9904345
2024-03-05,SYN09,9.8640735,9.9875565,9.7654327,9.8886698,100000,9.8640735,9.8886698,1,10.850481,8.8776661
2024-03-05,SYN10,10.220551,10.322756,10.083797,10.185654,100000,10.220551,10.185654,1,11.242606,9.1984957
2024-03-05,SYN11,11.562563,11.678189,11.420762,11.536123,100000,11.562563,11.536123,1,12.71882,10.406307
2024-03-06,SYN00,11.604831,11.720879,11.456387,11.572108,100000,11.604831,11.572108,1,12.765314,10.444348
2024-03-06,SYN01,10.584979,10.704072,10.479129,10.598091,100000,10.584979,10.598091,1,11.643476,9.5264807
2024-03-06,SYN02,9.2575662,9.3698031,9.1649905,9.2770327,100000,9.2575662,9.2770327,1,10.183323,8.3318096
2024-03-06,SYN03,12.747118,12.875962,12.619647,12.748477,100000,12.747118,12.748477,1,14.02183,11.472406
2024-03-06,SYN04,10.306245,10.417404,10.203182,10.314262,100000,10.306245,10.314262,1,11.336869,9.2756203
2024-03-06,SYN05,9.5848321,9.6959998,9.4889838,9.5999998,100000,9.5848321,9.5999998,1,10.543315,8.6263489
2024-03-06,SYN06,10.190867,10.305165,10.088959,10.203134,100000,10.190867,10.203134,1,11.209954,9.1717806
2024-03-06,SYN07,8.8493948,8.951065,8.7609008,8.8624406,100000,8.8493948,8.8624406,1,9.7343343,7.9644553
2024-03-06,SYN08,8.9858099,9.075668,8.881884,8.9716,100000,8.9858099,8.9716,1,9.8843909,8.0872289
2024-03-06,SYN09,9.7701271,9.8678283,9.669314,9.7669838,100000,9.7701271,9.7669838,1,10.74714,8.7931144
2024-03-06,SYN10,10.28807,10.39095,10.1774,10.280202,100000,10.28807,10.280202,1,11.316876,9.2592626
2024-03-06,SYN11,11.432755,11.547083,11.308168,11.422392,100000,11.432755,11.422392,1,12.576031,10.28948
2024-03-07,SYN00,11.523552,11.649362,11.408316,11.534022,100000,11.523552,11.534022,1,12.675907,10.371197
2024-03-07,SYN01,10.618939,10.725128,10.496974,10.603004,100000,10.618939,10.603004,1,11.680832,9.5570447
2024-03-07,SYN02,9.1263298,9.2175931,9.0304076,9.1216239,100000,9.1263298,9.1216239,1,10.038963,8.2136968
2024-03-07,SYN03,12.942878,13.072306,12.79479,12.92403,100000,12.942878,12.92403,1,14.237165,11.64859
2024-03-07,SYN04,10.348483,10.451967,10.236795,10.340197,100000,10.348483,10.340197,1,11.383331,9.3136343
2024-03-07,SYN05,9.5394136,9.6390886,9.4440195,9.5436521,100000,9.5394136,9.5436521,1,10.493355,8.5854723
2024-03-07,SYN06,10.133126,10.238491,10.031795,10.13712,100000,10.133126,10.13712,1,11.146439,9.1198134
2024-03-07,SYN07,8.8794071,8.9947696,8.790613,8.9057124,100000,8.8794071,8.9057124,1,9.7673478,7.9914664
2024-03-07,SYN08,8.9531418,9.0512465,8.8636103,8.9616302,100000,8.9531418,8.9616302,1,9.8484559,8.0578276
2024-03-07,SYN09,9.819073,9.9172637,9.6845979,9.7824221,100000,9.819073,9.7824221,1,10.80098,8.8371657
2024-03-07,SYN10,10.343666,10.447103,10.218546,10.321764,100000,10.343666,10.321764,1,11.378033,9.3092995
2024-03-07,SYN11,11.386714,11.500582,11.269683,11.383518,100000,11.386714,11.383518,1,12.525386,10.248043
2024-03-08,SYN00,11.59685,11.712819,11.414656,11.529956,100000,11.59685,11.529956,1,12.756535,10.437165
2024-03-08,SYN01,10.61282,10.718948,10.471446,10.577218,100000,10.61282,10.577218,1,11.674102,9.5515381
2024-03-08,SYN02,9.2778649,9.3850075,9.1850863,9.2920866,100000,9.2778649,9.2920866,1,10.205651,8.3500784
2024-03-08,SYN03,12.709836,12.85649,12.582738,12.729198,100000,12.709836,12.729198,1,13.98082,11.438853
2024-03-08,SYN04,10.585484,10.691339,10.460789,10.566454,100000,10.585484,10.566454,1,11.644032,9.5269355
2024-03-08,SYN05,9.5118409,9.6078543,9.4167225,9.512727,100000,9.5118409,9.512727,1,10.463025,8.5606568
2024-03-08,SYN06,10.019427,10.127688,9.9192324,10.027414,100000,10.019427,10.027414,1,11.021369,9.017484
2024-03-08,SYN07,8.9551528,9.0447043,8.8578807,8.9473543,100000,8.9551528,8.9473543,1,9.8506681,8.0596375
2024-03-08,SYN08,8.9358307,9.0282883,8.8464724,8.9388993,100000,8.9358307,8.9388993,1,9.8294137,8.0422476
2024-03-08,SYN09,9.8084001,9.9065849,9.7103161,9.8084999,100000,9.8084001,9.8084999,1,10.78924,8.8275601
2024-03-08,SYN10,10.431921,10.536241,10.289962,10.393901,100000,10.431921,10.393901,1,11.475114,9.3887293
2024-03-08,SYN11,11.456272,11.585798,11.341709,11.471087,100000,11.456272,11.471087,1,12.601899,10.310645
2024-03-11,SYN00,11.659544,11.776139,11.497127,11.61326,100000,11.659544,11.61326,1,12.825498,10.493589
2024-03-11,SYN01,10.464229,10.568871,10.35379,10.458374,100000,10.464229,10.458374,1,11.510652,9.4178059
2024-03-11,SYN02,9.3015568,9.3945724,9.1995232,9.2924477,100000,9.3015568,9.2924477,1,10.231712,8.3714011
2024-03-11,SYN03,12.955209,13.113159,12.825657,12.983326,100000,12.955209,12.983326,1,14.25073,11.659688
2024-03-11,SYN04,10.574751,10.723863,10.469003,10.617686,100000,10.574751,10.617686,1,11.632226,9.5172756
2024-03-11,SYN05,9.6103903,9.7064942,9.5023853,9.598369,100000,9.6103903,9.598369,1,10.571429,8.6493513
2024-03-11,SYN06,10.113366,10.214499,10.001646,10.102672,100000,10.113366,10.102672,1,11.124702,9.102029
2024-03-11,SYN07,8.8692485,8.9615079,8.7805561,8.8727801,100000,8.8692485,8.8727801,1,9.7561734,7.9823237
2024-03-11,SYN08,8.9463389,9.0477408,8.8568755,8.9581592,100000,8.9463389,8.9581592,1,9.8409728,8.051705
2024-03-11,SYN09,9.7901315,9.8932022,9.6922302,9.7952497,100000,9.7901315,9.7952497,1,10.769145,8.8111184
2024-03-11,SYN10,10.340018,10.500472,10.236618,10.396507,100000,10.340018,10.396507,1,11.37402,9.3060164
2024-03-11,SYN11,11.559906,11.675505,11.412561,11.52784,100000,11.559906,11.52784,1,12.715896,10.403915
2024-03-12,SYN00,11.979225,12.099017,11.834517,11.954057,100000,11.979225,11.954057,1,13.177148,10.781303
2024-03-12,SYN01,10.35498,10.462284,10.25143,10.358697,100000,10.35498,10.358697,1,11.390478,9.3194821
2024-03-12,SYN02,9.2675263,9.3641797,9.1748511,9.2714651,100000,9.2675263,9.2714651,1,10.194279,8.3407737
2024-03-12,SYN03,13.12829,13.259573,12.992997,13.124239,100000,13.12829,13.124239,1,14.441119,11.815461
2024-03-12,SYN04,10.665579,10.780351,10.558924,10.673615,100000,10.665579,10.673615,1,11.732137,9.5990214
2024-03-12,SYN05,9.5467839,9.6565603,9.4513161,9.5609508,100000,9.5467839,9.5609508,1,10.501462,8.5921055
2024-03-12,SYN06,9.9537039,10.053241,9.8457997,9.9452522,100000,9.9537039,9.9452522,1,10.949074,8.9583335
2024-03-12,SYN07,8.9483548,9.0378383,8.8485625,8.9379419,100000,8.9483548,8.9379419,1,9.8431903,8.0535193
2024-03-12,SYN08,8.9467606,9.0549391,8.857293,8.9652863,100000,8.9467606,8.9652863,1,9.8414366,8.0520845
2024-03-12,SYN09,9.7975819,9.8955577,9.6850484,9.7828772,100000,9.7975819,9.7828772,1,10.77734,8.8178237
2024-03-12,SYN10,10.41623,10.520392,10.30029,10.404333,100000,10.41623,10.404333,1,11.457853,9.3746068
2024-03-12,SYN11,11.280911,11.39372,11.153058,11.265715,100000,11.280911,11.265715,1,12.409002,10.152819
2024-03-13,SYN00,12.111096,12.232207,11.977395,12.098379,100000,12.111096,12.098379,1,13.322206,10.899986
2024-03-13,SYN01,10.135776,10.268461,10.034419,10.166793,100000,10.135776,10.166793,1,11.149354,9.1221987
2024-03-13,SYN02,9.3498542,9.4433527,9.2503711,9.3438092,100000,9.3498542,9.3438092,1,10.28484,8.4148687
2024-03-13,SYN03,12.92815,13.080407,12.798869,12.950898,100000,12.92815,12.950898,1,14.220965,11.635335
2024-03-13,SYN04,10.591928,10.697848,10.459692,10.565345,100000,10.591928,10.565345,1,11.651121,9.5327355
2024-03-13,SYN05,9.4910149,9.5859251,9.3813649,9.4761262,100000,9.4910149,9.4761262,1,10.440116,8.5419134
2024-03-13,SYN06,10.035132,10.135483,9.9255367,10.025795,100000,10.035132,10.025795,1,11.038645,9.0316184
2024-03-13,SYN07,8.849963,8.9384626,8.7580253,8.8464902,100000,8.849963,8.8464902,1,9.7349593,7.9649667
2024-03-13,SYN08,9.0209841,9.1111939,8.9137435,9.0037813,100000,9.0209841,9.0037813,1,9.9230825,8.1188857
2024-03-13,SYN09,9.6792445,9.7760369,9.5814324,9.6782145,100000,9.6792445,9.6782145,1,10.647169,8.71132
2024-03-13,SYN10,10.272748,10.375475,10.148459,10.250968,100000,10.272748,10.250968,1,11.300023,9.2454731
2024-03-13,SYN11,11.262513,11.375138,11.148361,11.260971,100000,11.262513,11.260971,1,12.388765,10.136262
2024-03-14,SYN00,11.962831,12.104342,11.843203,11.984497,100000,11.962831,11.984497,1,13.159114,10.766548
2024-03-14,SYN01,10.013717,10.134302,9.9135798,10.033962,100000,10.013717,10.033962,1,11.015089,9.0123453
2024-03-14,SYN02,9.1953122,9.2872653,9.1001027,9.1920229,100000,9.1953122,9.1920229,1,10.114843,8.2757809
2024-03-14,SYN03,12.891524,13.020439,12.760932,12.88983,100000,12.891524,12.88983,1,14.180676,11.602371
2024-03-14,SYN04,10.533122,10.642253,10.427791,10.536884,100000,10.533122,10.536884,1,11.586434,9.47981
2024-03-14,SYN05,9.4940032,9.5897727,9.3990631,9.4948245,100000,9.4940032,9.4948245,1,10.443403,8.5446029
2024-03-14,SYN06,9.967148,10.069623,9.8674765,9.969924,100000,9.967148,9.969924,1,10.963863,8.9704332
2024-03-14,SYN07,9.0772156,9.1679878,8.9709097,9.0615249,100000,9.0772156,9.0615249,1,9.9849372,8.169494
2024-03-14,SYN08,8.9615566,9.0709211,8.871941,8.98111,100000,8.9615566,8.98111,1,9.8577122,8.0654009
2024-03-14,SYN09,9.9126978,10.011825,9.7996721,9.8986587,100000,9.9126978,9.8986587,1,10.903968,8.921428
2024-03-14,SYN10,10.346175,10.449637,10.238726,10.342147,100000,10.346175,10.342147,1,11.380793,9.3115578
2024-03-14,SYN11,11.623095,11.739326,11.468021,11.58386,100000,11.623095,11.58386,1,12.785405,10.460786
2024-03-15,SYN00,12.00475,12.165204,11.884702,12.044757,100000,12.00475,12.044757,1,13.205225,10.804275
2024-03-15,SYN01,9.9591214,10.073382,9.8595302,9.9736456,100000,9.9591214,9.9736456,1,10.955034,8.9632093
2024-03-15,SYN02,9.0048917,9.1284735,8.9148428,9.0380925,100000,9.0048917,9.0380925,1,9.9053809,8.1044025
2024-03-15,SYN03,13.110731,13.241838,12.915314,13.045771,100000,13.110731,13.045771,1,14.421804,11.799658
2024-03-15,SYN04,10.610809,10.716917,10.439986,10.54544,100000,10.610809,10.54544,1,11.671889,9.5497277
2024-03-15,SYN05,9.4732859,9.5701731,9.3785531,9.4754189,100000,9.4732859,9.4754189,1,10.420615,8.5259573
2024-03-15,SYN06,9.8678894,9.9678653,9.7692105,9.8691736,100000,9.8678894,9.8691736,1,10.854678,8.8811005
2024-03-15,SYN07,9.3656022,9.471529,9.2719462,9.3777515,100000,9.3656022,9.3777515,1,10.302162,8.429042
2024-03-15,SYN08,9.0545043,9.1450494,8.9597196,9.0502218,100000,9.0545043,9.0502218,1,9.9599547,8.1490539
2024-03-15,SYN09,10.084178,10.18502,9.9577141,10.058297,100000,10.084178,10.058297,1,11.092596,9.0757606
2024-03-15,SYN10,10.343176,10.449386,10.239744,10.345926,100000,10.343176,10.345926,1,11.377494,9.3088586
2024-03-15,SYN11,11.78837,11.906254,11.660681,11.778466,100000,11.78837,11.778466,1,12.967207,10.609533
2024-03-18,SYN00,12.067209,12.187881,11.943244,12.063883,100000,12.067209,12.063883,1,13.27393,10.860488
2024-03-18,SYN01,9.8813847,9.9911006,9.7825708,9.8921789,100000,9.8813847,9.8921789,1,10.869523,8.8932462
2024-03-18,SYN02,8.9623004,9.0555174,8.8726774,8.9658588,100000,8.9623004,8.9658588,1,9.8585305,8.0660704
2024-03-18,SYN03,13.060254,13.19384,12.929652,13.063208,100000,13.060254,13.063208,1,14.36628,11.754229
2024-03-18,SYN04,10.377765,10.53203,10.273987,10.427753,100000,10.377765,10.427753,1,11.415541,9.3399882
2024-03-18,SYN05,9.5522121,9.6477342,9.4542144,9.5497115,100000,9.5522121,9.5497115,1,10.507433,8.5969909
2024-03-18,SYN06,9.9088021,10.00789,9.7901607,9.8890512,100000,9.9088021,9.8890512,1,10.899682,8.9179219
2024-03-18,SYN07,9.4190847,9.5132755,9.2817274,9.3754822,100000,9.4190847,9.3754822,1,10.360993,8.4771762
2024-03-18,SYN08,9.1765371,9.2721867,9.0847717,9.1803829,100000,9.1765371,9.1803829,1,10.094191,8.2588834
2024-03-18,SYN09,10.152955,10.254485,10.031517,10.132845,100000,10.152955,10.132845,1,11.168251,9.1376596
2024-03-18,SYN10,10.03865,10.139037,9.924469,10.024716,100000,10.03865,10.024716,1,11.042515,9.0347853
2024-03-18,SYN11,11.701551,11.818567,11.538575,11.655126,100000,11.701551,11.655126,1,12.871706,10.531396
2024-03-19,SYN00,12.058884,12.198628,11.938295,12.07785,100000,12.058884,12.07785,1,13.264772,10.852995
2024-03-19,SYN01,10.044695,10.150316,9.9442478,10.049817,100000,10.044695,10.049817,1,11.049164,9.0402253
2024-03-19,SYN02,9.0754366,9.1856039,8.9846823,9.0946573,100000,9.0754366,9.0946573,1,9.9829803,8.167893
2024-03-19,SYN03,12.915137,13.044288,12.761873,12.89078,100000,12.915137,12.89078,1,14.20665,11.623623
2024-03-19,SYN04,10.392687,10.496614,10.280744,10.38459,100000,10.392687,10.38459,1,11.431956,9.3534182
2024-03-19,SYN05,9.3330837,9.431918,9.2397529,9.3385327,100000,9.3330837,9.3385327,1,10.266392,8.3997753
2024-03-19,SYN06,9.923952,10.023192,9.8224414,9.921658,100000,9.923952,9.921658,1,10.916347,8.9315568
2024-03-19,SYN07,9.5204746,9.6170844,9.4252699,9.5218657,100000,9.5204746,9.5218657,1,10.472522,8.5684272
2024-03-19,SYN08,9.102335,9.1933583,9.0068691,9.0978476,100000,9.102335,9.0978476,1,10.012568,8.1921015
2024-03-19,SYN09,10.190387,10.315432,10.088483,10.213299,100000,10.190387,10.213299,1,11.209425,9.1713481
2024-03-19,SYN10,9.8999469,9.9989464,9.7991979,9.8981797,100000,9.8999469,9.8981797,1,10.889942,8.9099523
2024-03-19,SYN11,11.621989,11.740701,11.505769,11.624457,100000,11.621989,11.624457,1,12.784188,10.45979
2024-03-20,SYN00,12.042184,12.222686,11.921762,12.101669,100000,12.042184,12.101669,1,13.246403,10.837966
2024-03-20,SYN01,10.055369,10.183647,9.9548154,10.082819,100000,10.055369,10.082819,1,11.060906,9.0498322
2024-03-20,SYN02,9.1789947,9.2707846,9.0490361,9.1404405,100000,9.1789947,9.1404405,1,10.096894,8.2610952
2024-03-20,SYN03,13.053457,13.194513,12.922922,13.063874,100000,13.053457,13.063874,1,14.358802,11.748111
2024-03-20,SYN04,10.420451,10.532292,10.316246,10.428012,100000,10.420451,10.428012,1,11.462496,9.3784056
2024-03-20,SYN05,9.2104988,9.3069926,9.1183938,9.2148441,100000,9.2104988,9.2148441,1,10.131549,8.2894489
2024-03-20,SYN06,9.9417745,10.041192,9.8394532,9.9388416,100000,9.9417745,9.9388416,1,10.935952,8.947597
2024-03-20,SYN07,9.482125,9.5769462,9.3701425,9.4647904,100000,9.482125,9.4647904,1,10.430337,8.5339125
2024-03-20,SYN08,9.0554539,9.1678874,8.9648993,9.0771163,100000,9.0554539,9.0771163,1,9.9609993,8.1499085
2024-03-20,SYN09,10.218049,10.32023,10.049454,10.150963,100000,10.218049,10.150963,1,11.239854,9.1962444
2024-03-20,SYN10,9.9321752,10.031735,9.8328535,9.9324111,100000,9.9321752,9.9324111,1,10.925393,8.9389577
2024-03-20,SYN11,11.888078,12.057648,11.769197,11.938265,100000,11.888078,11.938265,1,13.076886,10.69927
2024-03-21,SYN00,11.841174,11.959586,11.714904,11.833237,100000,11.841174,11.833237,1,13.025292,10.657057
2024-03-21,SYN01,10.087957,10.188836,9.9743771,10.075128,100000,10.087957,10.075128,1,11.096753,9.0791612
2024-03-21,SYN02,9.2521169,9.3790569,9.1595957,9.2861949,100000,9.2521169,9.2861949,1,10.177329,8.3269052
2024-03-21,SYN03,13.088535,13.219421,12.916384,13.046853,100000,13.088535,13.046853,1,14.397389,11.779682
2024-03-21,SYN04,10.466162,10.570823,10.351135,10.455692,100000,10.466162,10.455692,1,11.512778,9.4195454
2024-03-21,SYN05,9.2029004,9.2949294,9.0930218,9.1848706,100000,9.2029004,9.1848706,1,10.12319,8.2826104
2024-03-21,SYN06,9.9076067,10.006802,9.8085307,9.9077244,100000,9.9076067,9.9077244,1,10.898367,8.9168461
2024-03-21,SYN07,9.4002145,9.4942167,9.2931542,9.3870244,100000,9.4002145,9.3870244,1,10.340236,8.4601931
2024-03-21,SYN08,9.1736993,9.2654363,9.0476773,9.139068,100000,9.1736993,9.139068,1,10.091069,8.2563294
2024-03-21,SYN09,10.483159,10.58799,10.365125,10.469823,100000,10.483159,10.469823,1,11.531474,9.4348427
2024-03-21,SYN10,9.8717513,9.9704688,9.7582751,9.8568435,100000,9.8717513,9.8568435,1,10.858926,8.8845762
2024-03-21,SYN11,11.94193,12.083392,11.82251,11.963755,100000,11.94193,11.963755,1,13.136122,10.747737
2024-03-22,SYN00,12.028554,12.14884,11.8761,11.99606,100000,12.028554,11.99606,1,13.23141,10.825699
2024-03-22,SYN01,9.9925555,10.092481,9.8924161,9.9923395,100000,9.9925555,9.9923395,1,10.991811,8.9932999
2024-03-22,SYN02,9.3486425,9.442129,9.227724,9.3209333,100000,9.3486425,9.3209333,1,10.283507,8.4137783
2024-03-22,SYN03,13.102044,13.236223,12.971024,13.105172,100000,13.102044,13.105172,1,14.412249,11.79184
2024-03-22,SYN04,10.393772,10.49771,10.280066,10.383905,100000,10.393772,10.383905,1,11.43315,9.3543951
2024-03-22,SYN05,8.9175314,9.0140198,8.8283561,8.9247721,100000,8.9175314,8.9247721,1,9.8092846,8.0257783
2024-03-22,SYN06,9.8749655,10.00091,9.7762158,9.9018909,100000,9.8749655,9.9018909,1,10.862462,8.8874689
2024-03-22,SYN07,9.3468554,9.440324,9.2329365,9.3261984,100000,9.3468554,9.3261984,1,10.281541,8.4121699
2024-03-22,SYN08,9.0143877,9.1045316,8.912073,9.002094,100000,9.0143877,9.002094,1,9.9158265,8.1129489
2024-03-22,SYN09,10.412538,10.516663,10.300057,10.404098,100000,10.412538,10.404098,1,11.453792,9.3712842
2024-03-22,SYN10,9.6740367,9.7707771,9.5688383,9.6654933,100000,9.6740367,9.6654933,1,10.64144,8.706633
2024-03-22,SYN11,11.733506,11.850841,11.587489,11.704534,100000,11.733506,11.704534,1,12.906856,10.560155
2024-03-25,SYN00,11.930522,12.049827,11.803832,11.923063,100000,11.930522,11.923063,1,13.123574,10.737469
2024-03-25,SYN01,10.079679,10.180476,9.9682207,10.06891,100000,10.079679,10.06891,1,11.087647,9.0717112
2024-03-25,SYN02,9.1478441,9.2828205,9.0563657,9.1909114,100000,9.1478441,9.1909114,1,10.062629,8.2330597
2024-03-25,SYN03,12.819993,12.948193,12.679451,12.807527,100000,12.819993,12.807527,1,14.101992,11.537994
2024-03-25,SYN04,10.137043,10.270482,10.035673,10.168794,100000,10.137043,10.168794,1,11.150747,9.1233388
2024-03-25,SYN05,8.9512112,9.0407233,8.8409515,8.930254,100000,8.9512112,8.930254,1,9.8463324,8.0560901
2024-03-25,SYN06,9.5840757,9.6888943,9.488235,9.5929646,100000,9.5840757,9.5929646,1,10.542483,8.6256681
2024-03-25,SYN07,9.3379591,9.4358703,9.2445795,9.3424459,100000,9.3379591,9.3424459,1,10.271755,8.4041632
2024-03-25,SYN08,9.0279242,9.141338,8.9376449,9.0508297,100000,9.0279242,9.0508297,1,9.9307166,8.1251318
2024-03-25,SYN09,10.613895,10.720034,10.490418,10.596382,100000,10.613895,10.596382,1,11.675285,9.5525058
2024-03-25,SYN10,9.5252738,9.623169,9.4300211,9.5278901,100000,9.5252738,9.5278901,1,10.477801,8.5727464
2024-03-25,SYN11,11.639209,11.755601,11.500788,11.616958,100000,11.639209,11.616958,1,12.80313,10.475288
2024-03-26,SYN00,12.024423,12.155438,11.904179,12.035087,100000,12.024423,12.035087,1,13.226865,10.821981
2024-03-26,SYN01,10.04054,10.187232,9.9401348,10.086368,100000,10.04054,10.086368,1,11.044594,9.0364862
2024-03-26,SYN02,9.346793,9.4402609,9.2147257,9.3078037,100000,9.346793,9.3078037,1,10.281472,8.4121137
2024-03-26,SYN03,13.050088,13.20574,12.919587,13.074991,100000,13.050088,13.074991,1,14.355097,11.745079
2024-03-26,SYN04,10.057398,10.157972,9.9405459,10.040955,100000,10.057398,10.040955,1,11.063138,9.0516586
2024-03-26,SYN05,8.9146318,9.0164988,8.8254855,8.9272265,100000,8.9146318,8.9272265,1,9.806095,8.0231687
2024-03-26,SYN06,9.4810871,9.5961286,9.3862762,9.5011174,100000,9.4810871,9.5011174,1,10.429196,8.5329784
2024-03-26,SYN07,9.5195763,9.6194899,9.4243806,9.5242475,100000,9.5195763,9.5242475,1,10.471534,8.5676187
2024-03-26,SYN08,9.1731621,9.2648937,9.0686508,9.1602533,100000,9.1731621,9.1602533,1,10.090478,8.2558459
2024-03-26,SYN09,10.844025,10.984154,10.735585,10.8754,100000,10.844025,10.8754,1,11.928428,9.7596229
2024-03-26,SYN10,9.4025383,9.4965637,9.3056741,9.3996708,100000,9.4025383,9.3996708,1,10.342792,8.4622845
2024-03-26,SYN11,11.408008,11.54017,11.293928,11.425911,100000,11.408008,11.425911,1,12.548809,10.267207
2024-03-27,SYN00,11.773217,11.911466,11.655485,11.793531,100000,11.773217,11.793531,1,12.950539,10.595896
2024-03-27,SYN01,10.08563,10.186487,9.9665239,10.067196,100000,10.08563,10.067196,1,11.094193,9.0770672
2024-03-27,SYN02,9.4980125,9.5929926,9.3933539,9.4882363,100000,9.4980125,9.4882363,1,10.447814,8.5482112
2024-03-27,SYN03,13.087244,13.226266,12.956372,13.095312,100000,13.087244,13.095312,1,14.395969,11.77852
2024-03-27,SYN04,9.94797,10.052801,9.8484903,9.9532686,100000,9.94797,9.9532686,1,10.942767,8.953173
2024-03-27,SYN05,8.8629592,8.9705579,8.7743296,8.8817405,100000,8.8629592,8.8817405,1,9.7492551,7.9766633
2024-03-27,SYN06,9.4105608,9.5046664,9.3003944,9.3943377,100000,9.4105608,9.3943377,1,10.351617,8.4695047
2024-03-27,SYN07,9.604278,9.7236084,9.5082352,9.627335,100000,9.604278,9.627335,1,10.564706,8.6438502
2024-03-27,SYN08,9.2007356,9.292743,9.0910827,9.1829119,100000,9.2007356,9.1829119,1,10.120809,8.280662
2024-03-27,SYN09,10.782372,10.890196,10.672844,10.78065,100000,10.782372,10.78065,1,11.860609,9.7041348
2024-03-27,SYN10,9.3946808,9.4886276,9.2747169,9.368401,100000,9.3946808,9.368401,1,10.334149,8.4552128
2024-03-27,SYN11,11.387596,11.524106,11.27372,11.410006,100000,11.387596,11.410006,1,12.526356,10.248836
2024-03-28,SYN00,11.771488,11.903446,11.653774,11.785591,100000,11.771488,11.785591,1,12.948637,10.59434
2024-03-28,SYN01,10.128918,10.236581,10.027629,10.135229,100000,10.128918,10.135229,1,11.14181,9.1160263
2024-03-28,SYN02,9.3587038,9.4533157,9.2651168,9.3597185,100000,9.3587038,9.3597185,1,10.294574,8.4228335
2024-03-28,SYN03,12.898423,13.027407,12.743282,12.872002,100000,12.898423,12.872002,1,14.188266,11.608581
2024-03-28,SYN04,9.752385,9.8544332,9.6548611,9.7568646,100000,9.752385,9.7568646,1,10.727623,8.7771465
2024-03-28,SYN05,8.8256227,8.9258994,8.7373665,8.8375241,100000,8.8256227,8.8375241,1,9.708185,7.9430605
2024-03-28,SYN06,9.1478098,9.2392878,9.0528852,9.1443285,100000,9.1478098,9.1443285,1,10.062591,8.2330288
2024-03-28,SYN07,9.5877205,9.7006569,9.4918433,9.6046108,100000,9.5877205,9.6046108,1,10.546493,8.6289484
2024-03-28,SYN08,9.1491754,9.2595412,9.0576836,9.1678626,100000,9.1491754,9.1678626,1,10.064093,8.2342578
2024-03-28,SYN09,10.614551,10.720696,10.486638,10.592563,100000,10.614551,10.592563,1,11.676006,9.5530956
2024-03-28,SYN10,9.4779504,9.5727299,9.3771238,9.4718422,100000,9.4779504,9.4718422,1,10.425745,8.5301553
2024-03-28,SYN11,11.471456,11.595433,11.356741,11.480627,100000,11.471456,11.480627,1,12.618601,10.32431
2024-03-29,SYN00,11.802701,11.921153,11.684674,11.803122,100000,11.802701,11.803122,1,12.982971,10.622431
2024-03-29,SYN01,10.025632,10.159088,9.9253756,10.058503,100000,10.025632,10.058503,1,11.028195,9.0230687
2024-03-29,SYN02,9.1924385,9.2974253,9.1005141,9.2053716,100000,9.1924385,9.2053716,1,10.111682,8.2731946
2024-03-29,SYN03,12.650535,12.788389,12.52403,12.661771,100000,12.650535,12.661771,1,13.915589,11.385482
2024-03-29,SYN04,9.8666733,9.96534,9.7480141,9.8464789,100000,9.8666733,9.8464789,1,10.853341,8.880006
2024-03-29,SYN05,8.8407927,8.9411092,8.7523848,8.8525834,100000,8.8407927,8.8525834,1,9.724872,7.9567134
2024-03-29,SYN06,8.9583512,9.0479347,8.859812,8.9493051,100000,8.9583512,8.9493051,1,9.8541863,8.0625161
2024-03-29,SYN07,9.6144567,9.7164727,9.5183121,9.62027,100000,9.6144567,9.62027,1,10.575902,8.653011
2024-03-29,SYN08,9.2006736,9.2926804,9.0978776,9.1897753,100000,9.2006736,9.1897753,1,10.120741,8.2806063
2024-03-29,SYN09,10.642839,10.749267,10.530267,10.636634,100000,10.642839,10.636634,1,11.707123,9.5785551
2024-03-29,SYN10,9.4661888,9.5699086,9.3715269,9.475157,100000,9.4661888,9.475157,1,10.412808,8.5195699
2024-03-29,SYN11,11.519332,11.636602,11.404139,11.521389,100000,11.519332,11.521389,1,12.671265,10.367399
2024-04-01,SYN00,11.40379,11.519663,11.289752,11.405606,100000,11.40379,11.405606,1,12.544169,10.263411
2024-04-01,SYN01,10.060781,10.161436,9.9601736,10.060827,100000,10.060781,10.060827,1,11.06686,9.0547033
2024-04-01,SYN02,9.270332,9.3697292,9.1776287,9.2769596,100000,9.270332,9.2769596,1,10.197365,8.3432988
2024-04-01,SYN03,12.622318,12.748541,12.469148,12.595099,100000,12.622318,12.595099,1,13.88455,11.360086
2024-04-01,SYN04,9.762904,9.8683659,9.665275,9.7706594,100000,9.762904,9.7706594,1,10.739194,8.7866136
2024-04-01,SYN05,8.8857155,8.9745727,8.7954135,8.8842561,100000,8.8857155,8.8842561,1,9.7742871,7.997144
2024-04-01,SYN06,9.0654926,9.1667531,8.9748377,9.0759932,100000,9.0654926,9.0759932,1,9.9720419,8.1589434
2024-04-01,SYN07,9.7043404,9.8206915,9.607297,9.7234569,100000,9.7043404,9.7234569,1,10.674774,8.7339063
2024-04-01,SYN08,9.0851131,9.1870795,8.994262,9.0961183,100000,9.0851131,9.0961183,1,9.9936245,8.1766018
2024-04-01,SYN09,10.725701,10.832958,10.604638,10.711756,100000,10.725701,10.711756,1,11.798271,9.6531305
2024-04-01,SYN10,9.5200667,9.6152674,9.4127946,9.5078734,100000,9.5200667,9.5078734,1,10.472073,8.56806
2024-04-01,SYN11,11.313761,11.426899,11.199431,11.312556,100000,11.313761,11.312556,1,12.445138,10.182385
2024-04-02,SYN00,10.968849,11.086577,10.85916,10.976809,100000,10.968849,10.976809,1,12.065734,9.8719639
2024-04-02,SYN01,10.256706,10.359273,10.127833,10.230134,100000,10.256706,10.230134,1,11.282376,9.2310352
2024-04-02,SYN02,9.3945318,9.5137895,9.3005865,9.4195936,100000,9.3945318,9.4195936,1,10.333985,8.4550786
2024-04-02,SYN03,12.79205,12.919971,12.640232,12.767911,100000,12.79205,12.767911,1,14.071255,11.512845
2024-04-02,SYN04,9.7251348,9.8223862,9.6102826,9.7073562,100000,9.7251348,9.7073562,1,10.697648,8.7526213
2024-04-02,SYN05,8.9649159,9.054565,8.8739795,8.9636157,100000,8.9649159,8.9636157,1,9.8614074,8.0684243
2024-04-02,SYN06,8.9633664,9.053,8.8735584,8.9631903,100000,8.9633664,8.9631903,1,9.859703,8.0670297
2024-04-02,SYN07,9.703389,9.8192547,9.6063551,9.7220343,100000,9.703389,9.7220343,1,10.673728,8.7330501
2024-04-02,SYN08,9.1958301,9.2877884,9.0811798,9.1729089,100000,9.1958301,9.1729089,1,10.115413,8.2762471
2024-04-02,SYN09,10.770604,10.898931,10.662898,10.791021,100000,10.770604,10.791021,1,11.847664,9.6935434
2024-04-02,SYN10,9.3851237,9.478975,9.2794779,9.37321,100000,9.3851237,9.37321,1,10.323636,8.4466113
2024-04-02,SYN11,11.395023,11.508974,11.273735,11.387611,100000,11.395023,11.387611,1,12.534526,10.255521
2024-04-03,SYN00,10.847078,10.975607,10.738607,10.866937,100000,10.847078,10.866937,1,11.931786,9.7623702
2024-04-03,SYN01,10.140475,10.24188,10.037946,10.13934,100000,10.140475,10.13934,1,11.154522,9.1264273
2024-04-03,SYN02,9.5331481,9.6284796,9.41416,9.5092525,100000,9.5331481,9.5092525,1,10.486463,8.5798333
2024-04-03,SYN03,12.934635,13.087565,12.805289,12.957986,100000,12.934635,12.957986,1,14.228099,11.641172
2024-04-03,SYN04,9.7891559,9.8923534,9.6912643,9.7944093,100000,9.7891559,9.7944093,1,10.768071,8.8102403
2024-04-03,SYN05,8.838208,8.9455778,8.749826,8.8570077,100000,8.838208,8.8570077,1,9.7220289,7.9543872
2024-04-03,SYN06,8.9705983,9.0603043,8.8608608,8.9503645,100000,8.9705983,8.9503645,1,9.8676581,8.0735385
2024-04-03,SYN07,9.7992331,9.8972254,9.6799087,9.7776855,100000,9.7992331,9.7776855,1,10.779156,8.8193098
2024-04-03,SYN08,9.1996845,9.2916814,9.095851,9.1877283,100000,9.1996845,9.1877283,1,10.119653,8.2797161
2024-04-03,SYN09,10.601716,10.710521,10.495699,10.604476,100000,10.601716,10.604476,1,11.661887,9.5415441
2024-04-03,SYN10,9.5053309,9.6003842,9.4004728,9.4954271,100000,9.5053309,9.4954271,1,10.455864,8.5547978
2024-04-03,SYN11,11.678458,11.800157,11.561674,11.683324,100000,11.678458,11.683324,1,12.846304,10.510612
2024-04-04,SYN00,10.846694,10.981824,10.738227,10.873093,100000,10.846694,10.873093,1,11.931363,9.7620246
2024-04-04,SYN01,10.113356,10.239476,10.012223,10.138095,100000,10.113356,10.138095,1,11.124692,9.1020206
2024-04-04,SYN02,9.6597611,9.7641318,9.5631635,9.6674573,100000,9.6597611,9.6674573,1,10.625737,8.693785
2024-04-04,SYN03,12.759065,12.886655,12.616721,12.744163,100000,12.759065,12.744163,1,14.034971,11.483158
2024-04-04,SYN04,9.8502002,9.9525145,9.7516982,9.8539748,100000,9.8502002,9.8539748,1,10.83522,8.8651802
2024-04-04,SYN05,9.1177635,9.2089411,9.0093857,9.1003895,100000,9.1177635,9.1003895,1,10.02954,8.2059871
2024-04-04,SYN06,9.0410126,9.1353504,8.9506024,9.0449014,100000,9.0410126,9.0449014,1,9.9451138,8.1369113
2024-04-04,SYN07,9.5434704,9.6599193,9.4480357,9.5642765,100000,9.5434704,9.5642765,1,10.497817,8.5891234
2024-04-04,SYN08,8.9946416,9.084588,8.9032944,8.9932267,100000,8.9946416,8.9932267,1,9.8941058,8.0951774
2024-04-04,SYN09,10.559449,10.682239,10.453855,10.576474,100000,10.559449,10.576474,1,11.615394,9.5035045
2024-04-04,SYN10,9.4512203,9.5457325,9.3496444,9.4440853,100000,9.4512203,9.4440853,1,10.396342,8.5060983
2024-04-04,SYN11,11.81738,11.935999,11.699207,11.817821,100000,11.81738,11.817821,1,12.999118,10.635642
2024-04-05,SYN00,10.987789,11.097667,10.856469,10.96613,100000,10.987789,10.96613,1,12.086568,9.8890105
2024-04-05,SYN01,10.401916,10.505935,10.292072,10.396032,100000,10.401916,10.396032,1,11.442107,9.3617241
2024-04-05,SYN02,9.5533206,9.6488538,9.4495456,9.5449955,100000,9.5533206,9.5449955,1,10.508653,8.5979885
2024-04-05,SYN03,12.631466,12.757781,12.491569,12.617746,100000,12.631466,12.617746,1,13.894613,11.36832
2024-04-05,SYN04,9.816334,9.9144974,9.695822,9.7937596,100000,9.816334,9.7937596,1,10.797967,8.8347006
2024-04-05,SYN05,9.0278081,9.1328198,8.93753,9.0423959,100000,9.0278081,9.0423959,1,9.9305889,8.1250273
2024-04-05,SYN06,8.891061,8.9886133,8.8021504,8.8996172,100000,8.891061,8.8996172,1,9.7801671,8.0019549
2024-04-05,SYN07,9.5584691,9.6559127,9.4628844,9.5603096,100000,9.5584691,9.5603096,1,10.514316,8.6026222
2024-04-05,SYN08,9.0376399,9.146465,8.9472635,9.0559059,100000,9.0376399,9.0559059,1,9.9414039,8.1338759
2024-04-05,SYN09,10.498826,10.603814,10.388342,10.493275,100000,10.498826,10.493275,1,11.548708,9.4489433
2024-04-05,SYN10,9.4535534,9.548089,9.3492067,9.4436431,100000,9.4535534,9.4436431,1,10.398909,8.5081981
2024-04-05,SYN11,11.653242,11.769775,11.50927,11.625525,100000,11.653242,11.625525,1,12.818567,10.487918
2024-04-08,SYN00,10.924746,11.082272,10.815499,10.972546,100000,10.924746,10.972546,1,12.017221,9.8322718
2024-04-08,SYN01,10.502896,10.607925,10.39509,10.500091,100000,10.502896,10.500091,1,11.553186,9.4526068
2024-04-08,SYN02,9.790282,9.8895024,9.6923791,9.7915865,100000,9.790282,9.7915865,1,10.76931,8.8112538
2024-04-08,SYN03,12.684192,12.853756,12.55735,12.726491,100000,12.684192,12.726491,1,13.952612,11.415773
2024-04-08,SYN04,9.838427,9.9368113,9.7357429,9.8340838,100000,9.838427,9.8340838,1,10.82227,8.8545843
2024-04-08,SYN05,9.0411243,9.1315356,8.9291555,9.0193489,100000,9.0411243,9.0193489,1,9.9452368,8.1370119
2024-04-08,SYN06,8.8680356,8.9671004,8.7793552,8.8783173,100000,8.8680356,8.8783173,1,9.7548391,7.981232
2024-04-08,SYN07,9.6219878,9.746261,9.5257679,9.6497634,100000,9.6219878,9.6497634,1,10.584187,8.659789
2024-04-08,SYN08,9.1287708,9.2286502,9.0374831,9.1372774,100000,9.1287708,9.1372774,1,10.041648,8.2158937
2024-04-08,SYN09,10.513655,10.618792,10.367122,10.471841,100000,10.513655,10.471841,1,11.565021,9.4622895
2024-04-08,SYN10,9.4812451,9.5924951,9.3864327,9.4975199,100000,9.4812451,9.4975199,1,10.42937,8.5331206
2024-04-08,SYN11,11.702604,11.857637,11.585578,11.740235,100000,11.702604,11.740235,1,12.872865,10.532344
2024-04-09,SYN00,11.111388,11.222502,10.963873,11.074619,100000,11.111388,11.074619,1,12.222527,10.00025
2024-04-09,SYN01,10.584002,10.689842,10.44475,10.550253,100000,10.584002,10.550253,1,11.642402,9.525602
2024-04-09,SYN02,9.7136524,9.8107889,9.6050841,9.7021052,100000,9.7136524,9.7021052,1,10.685018,8.7422871
2024-04-09,SYN03,12.727182,12.880313,12.59991,12.752785,100000,12.727182,12.752785,1,13.9999,11.454464
2024-04-09,SYN04,9.8828017,9.9979743,9.7839736,9.8989845,100000,9.8828017,9.8989845,1,10.871082,8.8945215
2024-04-09,SYN05,9.1160333,9.2071936,9.0090903,9.1000912,100000,9.1160333,9.1000912,1,10.027637,8.2044299
2024-04-09,SYN06,8.9671767,9.0568485,8.8737974,8.9634317,100000,8.9671767,8.9634317,1,9.8638944,8.0704591
2024-04-09,SYN07,9.8483363,9.9468197,9.7307938,9.8290847,100000,9.8483363,9.8290847,1,10.83317,8.8635027
2024-04-09,SYN08,9.3350618,9.4284124,9.2071554,9.3001569,100000,9.3350618,9.3001569,1,10.268568,8.4015556
2024-04-09,SYN09,10.234912,10.337261,10.088431,10.190334,100000,10.234912,10.190334,1,11.258404,9.2114211
2024-04-09,SYN10,9.5012562,9.5962688,9.3988205,9.4937581,100000,9.5012562,9.4937581,1,10.451382,8.5511306
2024-04-09,SYN11,11.722028,11.839248,11.571198,11.688079,100000,11.722028,11.688079,1,12.89423,10.549825
2024-04-10,SYN00,10.952027,11.094872,10.842507,10.985022,100000,10.952027,10.985022,1,12.04723,9.8568244
2024-04-10,SYN01,10.428854,10.547202,10.324565,10.442774,100000,10.428854,10.442774,1,11.471739,9.3859686
2024-04-10,SYN02,9.851342,9.9498555,9.7290508,9.827324,100000,9.851342,9.827324,1,10.836476,8.8662078
2024-04-10,SYN03,12.826079,12.95434,12.67822,12.806283,100000,12.826079,12.806283,1,14.108687,11.543471
2024-04-10,SYN04,9.8022285,9.9189108,9.7042062,9.8207037,100000,9.8022285,9.8207037,1,10.782451,8.8220057
2024-04-10,SYN05,9.2743002,9.4100766,9.1815572,9.3169075,100000,9.2743002,9.3169075,1,10.20173,8.3468702
2024-04-10,SYN06,8.9040308,8.9930712,8.8049456,8.8938845,100000,8.9040308,8.8938845,1,9.7944339,8.0136278
2024-04-10,SYN07,9.7469572,9.8444268,9.6434363,9.7408448,100000,9.7469572,9.7408448,1,10.721653,8.7722615
2024-04-10,SYN08,9.15902,9.2967232,9.0674298,9.2046765,100000,9.15902,9.2046765,1,10.074922,8.243118
2024-04-10,SYN09,10.044639,10.153868,9.9441929,10.053335,100000,10.044639,10.053335,1,11.049103,9.0401754
2024-04-10,SYN10,9.4582884,9.563041,9.3637056,9.4683574,100000,9.4582884,9.4683574,1,10.404117,8.5124596
2024-04-10,SYN11,11.651318,11.806906,11.534805,11.690006,100000,11.651318,11.690006,1,12.81645,10.486186
2024-04-11,SYN00,10.796644,10.923897,10.688677,10.81574,100000,10.796644,10.81574,1,11.876308,9.7169793
2024-04-11,SYN01,10.503795,10.608833,10.397859,10.502888,100000,10.503795,10.502888,1,11.554175,9.4534155
2024-04-11,SYN02,9.9600398,10.063567,9.8604394,9.9639278,100000,9.9600398,9.9639278,1,10.956044,8.9640358
2024-04-11,SYN03,12.998136,13.143056,12.868155,13.012927,100000,12.998136,13.012927,1,14.29795,11.698323
2024-04-11,SYN04,9.731051,9.8283615,9.6216,9.7187879,100000,9.731051,9.7187879,1,10.704156,8.7579459
2024-04-11,SYN05,9.2418555,9.3472253,9.1494369,9.2546785,100000,9.2418555,9.2546785,1,10.166041,8.3176699
2024-04-11,SYN06,8.9420064,9.040384,8.8525863,8.9508753,100000,8.9420064,8.9508753,1,9.836207,8.0478058
2024-04-11,SYN07,9.6161386,9.713602,9.5199772,9.6174277,100000,9.6161386,9.6174277,1,10.577752,8.6545247
2024-04-11,SYN08,9.1649748,9.2566245,9.0618897,9.1534239,100000,9.1649748,9.1534239,1,10.081472,8.2484773
2024-04-11,SYN09,10.02374,10.123977,9.9043738,10.004418,100000,10.02374,10.004418,1,11.026114,9.0213657
2024-04-11,SYN10,9.3550608,9.4486114,9.2603756,9.3539147,100000,9.3550608,9.3539147,1,10.290567,8.4195547
2024-04-11,SYN11,11.522112,11.637333,11.381802,11.49677,100000,11.522112,11.49677,1,12.674323,10.3699
2024-04-12,SYN00,10.82406,10.982582,10.715819,10.873844,100000,10.82406,10.873844,1,11.906466,9.7416539
2024-04-12,SYN01,10.533241,10.66341,10.427909,10.557832,100000,10.533241,10.557832,1,11.586566,9.4799173
2024-04-12,SYN02,10.047422,10.175656,9.9469476,10.074907,100000,10.047422,10.074907,1,11.052164,9.0426797
2024-04-12,SYN03,13.072768,13.203496,12.896403,13.026669,100000,13.072768,13.026669,1,14.380045,11.765492
2024-04-12,SYN04,9.6221068,9.7375036,9.5258857,9.6410927,100000,9.6221068,9.6410927,1,10.584317,8.6598961
2024-04-12,SYN05,9.3780521,9.4718327,9.268374,9.3619939,100000,9.3780521,9.3619939,1,10.315857,8.4402469
2024-04-12,SYN06,8.9314442,9.0350301,8.8421298,8.9455744,100000,8.9314442,8.9455744,1,9.8245887,8.0382998
2024-04-12,SYN07,9.6634663,9.7604573,9.5668316,9.6638191,100000,9.6634663,9.6638191,1,10.629813,8.6971196
2024-04-12,SYN08,9.2704044,9.3725982,9.1777003,9.2798002,100000,9.2704044,9.2798002,1,10.197445,8.3433639
2024-04-12,SYN09,10.132045,10.233366,9.9836455,10.08449,100000,10.132045,10.08449,1,11.14525,9.1188409
2024-04-12,SYN10,9.1582835,9.2498663,9.0666803,9.1582629,100000,9.1582835,9.1582629,1,10.074112,8.2424552
2024-04-12,SYN11,11.50861,11.623696,11.371824,11.486691,100000,11.50861,11.486691,1,12.659471,10.357749
2024-04-15,SYN00,10.692302,10.799225,10.571502,10.678285,100000,10.692302,10.678285,1,11.761532,9.623072
2024-04-15,SYN01,10.328777,10.432064,10.210316,10.31345,100000,10.328777,10.31345,1,11.361654,9.2958989
2024-04-15,SYN02,9.9734654,10.085387,9.8737308,9.985532,100000,9.9734654,9.985532,1,10.970812,8.9761189
2024-04-15,SYN03,13.025464,13.155719,12.870489,13.000494,100000,13.025464,13.000494,1,14.328011,11.722918
2024-04-15,SYN04,9.6089314,9.7162714,9.5128421,9.6200707,100000,9.6089314,9.6200707,1,10.569825,8.6480383
2024-04-15,SYN05,9.2720373,9.3765343,9.1793169,9.2836974,100000,9.2720373,9.2836974,1,10.199241,8.3448336
2024-04-15,SYN06,9.0391175,9.1295086,8.9142152,9.0042578,100000,9.0391175,9.0042578,1,9.9430292,8.1352057
2024-04-15,SYN07,9.6513044,9.7478175,9.5057211,9.6017385,100000,9.6513044,9.6017385,1,10.616435,8.686174
2024-04-15,SYN08,9.2046498,9.2966963,9.0959809,9.1878595,100000,9.2046498,9.1878595,1,10.125115,8.2841848
2024-04-15,SYN09,9.9587222,10.129627,9.8591349,10.029334,100000,9.9587222,10.029334,1,10.954594,8.9628499
2024-04-15,SYN10,9.0908267,9.181735,8.9498063,9.0402084,100000,9.0908267,9.0402084,1,9.9999094,8.1817441
2024-04-15,SYN11,11.382282,11.502637,11.268459,11.388749,100000,11.382282,11.388749,1,12.52051,10.244054
2024-04-16,SYN00,10.539337,10.64473,10.411715,10.516883,100000,10.539337,10.516883,1,11.593271,9.4854034
2024-04-16,SYN01,10.135072,10.236423,10.014438,10.115594,100000,10.135072,10.115594,1,11.148579,9.1215646
2024-04-16,SYN02,10.034482,10.16304,9.9341374,10.062416,100000,10.034482,10.062416,1,11.03793,9.031034
2024-04-16,SYN03,13.007322,13.139291,12.877248,13.009199,100000,13.007322,13.009199,1,14.308054,11.706589
2024-04-16,SYN04,9.6484312,9.7495783,9.5519469,9.6530478,100000,9.6484312,9.6530478,1,10.613274,8.6835881
2024-04-16,SYN05,9.4551379,9.5496893,9.3552246,9.4497218,100000,9.4551379,9.4497218,1,10.400652,8.5096241
2024-04-16,SYN06,9.0933341,9.1842674,8.9863779,9.0771494,100000,9.0933341,9.0771494,1,10.002668,8.1840007
2024-04-16,SYN07,9.7022946,9.7993175,9.5779276,9.6746744,100000,9.7022946,9.6746744,1,10.672524,8.7320651
2024-04-16,SYN08,9.1252875,9.2165404,9.0111067,9.102128,100000,9.1252875,9.102128,1,10.037816,8.2127588
2024-04-16,SYN09,10.1139,10.215039,10.000787,10.101805,100000,10.1139,10.101805,1,11.12529,9.1025096
2024-04-16,SYN10,9.035648,9.1260045,8.9217235,9.0118419,100000,9.035648,9.0118419,1,9.9392128,8.1320832
2024-04-16,SYN11,11.211759,11.323877,11.098983,11.211094,100000,11.211759,11.211094,1,12.332935,10.090583
2024-04-17,SYN00,10.656482,10.781738,10.549917,10.674988,100000,10.656482,10.674988,1,11.72213,9.5908337
2024-04-17,SYN01,10.187842,10.289721,10.065079,10.166747,100000,10.187842,10.166747,1,11.206627,9.1690582
2024-04-17,SYN02,10.273395,10.377823,10.170661,10.275073,100000,10.273395,10.275073,1,11.300734,9.2460551
2024-04-17,SYN03,13.071599,13.205683,12.940883,13.074933,100000,13.071599,13.074933,1,14.378759,11.764439
2024-04-17,SYN04,9.4412262,9.5356384,9.346652,9.4410626,100000,9.4412262,9.4410626,1,10.385349,8.4971036
2024-04-17,SYN05,9.3278563,9.4211349,9.2309766,9.3242188,100000,9.3278563,9.3242188,1,10.260642,8.3950707
2024-04-17,SYN06,8.9586799,9.0558907,8.8690931,8.9662284,100000,8.9586799,8.9662284,1,9.8545479,8.0628119
2024-04-17,SYN07,9.5848007,9.6865973,9.4889527,9.5906904,100000,9.5848007,9.5906904,1,10.543281,8.6263206
2024-04-17,SYN08,9.1226016,9.2138276,9.0000952,9.0910053,100000,9.1226016,9.0910053,1,10.034862,8.2103414
2024-04-17,SYN09,10.134297,10.23564,10.014382,10.115537,100000,10.134297,10.115537,1,11.147727,9.1208675
2024-04-17,SYN10,9.1257247,9.2185253,9.0344675,9.1272528,100000,9.1257247,9.1272528,1,10.038297,8.2131523
2024-04-17,SYN11,11.235116,11.3596,11.122765,11.247129,100000,11.235116,11.247129,1,12.358628,10.111604
2024-04-18,SYN00,10.524378,10.653697,10.419134,10.548214,100000,10.524378,10.548214,1,11.576816,9.4719403
2024-04-18,SYN01,10.097058,10.198029,9.9946915,10.095648,100000,10.097058,10.095648,1,11.106764,9.0873522
2024-04-18,SYN02,10.070407,10.171111,9.9632228,10.063861,100000,10.070407,10.063861,1,11.077447,9.063366
2024-04-18,SYN03,13.274673,13.451325,13.141926,13.318144,100000,13.274673,13.318144,1,14.60214,11.947205
2024-04-18,SYN04,9.5162453,9.6232223,9.4210829,9.5279429,100000,9.5162453,9.5279429,1,10.46787,8.5646208
2024-04-18,SYN05,9.2630746,9.3557053,9.1550104,9.2474852,100000,9.2630746,9.2474852,1,10.189382,8.3367671
2024-04-18,SYN06,8.9769328,9.0667021,8.8754855,8.9651369,100000,8.9769328,8.9651369,1,9.8746261,8.0792395
2024-04-18,SYN07,9.4192873,9.5356487,9.3250945,9.4412363,100000,9.4192873,9.4412363,1,10.361216,8.4773586
2024-04-18,SYN08,9.1668869,9.2763084,9.0752181,9.1844637,100000,9.1668869,9.1844637,1,10.083576,8.2501982
2024-04-18,SYN09,9.9870016,10.086872,9.8832929,9.9831241,100000,9.9870016,9.9831241,1,10.985702,8.9883015
2024-04-18,SYN10,9.0593365,9.1735454,8.9687432,9.0827182,100000,9.0593365,9.0827182,1,9.9652702,8.1534029
2024-04-18,SYN11,11.318399,11.431583,11.167865,11.280672,100000,11.318399,11.280672,1,12.450239,10.186559
2024-04-19,SYN00,10.505133,10.610184,10.392967,10.497946,100000,10.505133,10.497946,1,11.555646,9.4546197
2024-04-19,SYN01,10.121926,10.223146,9.9825945,10.083429,100000,10.121926,10.083429,1,11.134119,9.1097338
2024-04-19,SYN02,10.290991,10.393901,10.185601,10.288486,100000,10.290991,10.288486,1,11.32009,9.2618918
2024-04-19,SYN03,13.237077,13.374273,13.104707,13.241854,100000,13.237077,13.241854,1,14.560785,11.91337
2024-04-19,SYN04,9.4348613,9.5598221,9.3405127,9.4651704,100000,9.4348613,9.4651704,1,10.378347,8.4913752
2024-04-19,SYN05,9.2431874,9.3356192,9.1296945,9.2219136,100000,9.2431874,9.2219136,1,10.167506,8.3188686
2024-04-19,SYN06,9.0581039,9.1486849,8.9401119,9.030416,100000,9.0581039,9.030416,1,9.9639143,8.1522935
2024-04-19,SYN07,9.4502405,9.544743,9.3397444,9.4340852,100000,9.4502405,9.4340852,1,10.395265,8.5052165
2024-04-19,SYN08,9.3633446,9.4699177,9.2697111,9.3761561,100000,9.3633446,9.3761561,1,10.299679,8.4270101
2024-04-19,SYN09,9.8678973,9.9756262,9.7692183,9.8768576,100000,9.8678973,9.8768576,1,10.854687,8.8811076
2024-04-19,SYN10,9.0896319,9.1805282,8.9759478,9.0666139,100000,9.0896319,9.0666139,1,9.9985951,8.1806687
2024-04-19,SYN11,11.374939,11.497872,11.26119,11.384031,100000,11.374939,11.384031,1,12.512433,10.237445
2024-04-22,SYN00,10.440831,10.562365,10.336422,10.457787,100000,10.440831,10.457787,1,11.484914,9.3967476
2024-04-22,SYN01,10.006999,10.107069,9.8815408,9.9813543,100000,10.006999,9.9813543,1,11.007699,9.0062991
2024-04-22,SYN02,10.300797,10.403805,10.162426,10.265076,100000,10.300797,10.265076,1,11.330877,9.2707172
2024-04-22,SYN03,13.32619,13.460945,13.192928,13.327668,100000,13.32619,13.327668,1,14.658809,11.993571
2024-04-22,SYN04,9.4209913,9.5152012,9.3242344,9.4184186,100000,9.4209913,9.4184186,1,10.36309,8.4788922
2024-04-22,SYN05,9.0905034,9.206402,8.9995984,9.1152495,100000,9.0905034,9.1152495,1,9.9995538,8.1814531
2024-04-22,SYN06,9.0919979,9.1854609,9.001078,9.0945158,100000,9.0919979,9.0945158,1,10.001198,8.1827981
2024-04-22,SYN07,9.3927305,9.4866578,9.2736731,9.3673466,100000,9.3927305,9.3673466,1,10.332003,8.4534574
2024-04-22,SYN08,9.4187435,9.512931,9.3195068,9.4136432,100000,9.4187435,9.4136432,1,10.360618,8.4768692
2024-04-22,SYN09,9.751351,9.8577489,9.6538375,9.7601474,100000,9.751351,9.7601474,1,10.726486,8.7762159
2024-04-22,SYN10,9.0951192,9.1860703,8.9664935,9.0570641,100000,9.0951192,9.0570641,1,10.004631,8.1856072
2024-04-22,SYN11,11.455842,11.581359,11.341284,11.466692,100000,11.455842,11.466692,1,12.601426,10.310258
2024-04-23,SYN00,10.35689,10.460459,10.238114,10.341529,100000,10.35689,10.341529,1,11.392579,9.3212014
2024-04-23,SYN01,10.016193,10.127143,9.9160312,10.026874,100000,10.016193,10.026874,1,11.017812,9.0145738
2024-04-23,SYN02,10.582736,10.688564,10.449784,10.555338,100000,10.582736,10.555338,1,11.64101,9.5244627
2024-04-23,SYN03,13.298793,13.445449,13.165805,13.312326,100000,13.298793,13.312326,1,14.628672,11.968914
2024-04-23,SYN04,9.5749945,9.6707444,9.4759028,9.571619,100000,9.5749945,9.571619,1,10.532494,8.617495
2024-04-23,SYN05,8.980871,9.0754622,8.8910623,8.9856061,100000,8.980871,8.9856061,1,9.8789581,8.0827839
2024-04-23,SYN06,9.0226118,9.1192778,8.9323857,9.0289879,100000,9.0226118,9.0289879,1,9.924873,8.1203506
2024-04-23,SYN07,9.2763734,9.3796602,9.1836097,9.2867923,100000,9.2763734,9.2867923,1,10.204011,8.3487361
2024-04-23,SYN08,9.2384255,9.3591788,9.1460413,9.2665137,100000,9.2384255,9.2665137,1,10.162268,8.314583
2024-04-23,SYN09,9.688247,9.7994656,9.5913646,9.7024412,100000,9.688247,9.7024412,1,10.657072,8.7194223
2024-04-23,SYN10,9.1766287,9.290936,9.0848624,9.1989465,100000,9.1766287,9.1989465,1,10.094292,8.2589659
2024-04-23,SYN11,11.454935,11.569484,11.312278,11.426543,100000,11.454935,11.426543,1,12.600428,10.309441
2024-04-24,SYN00,10.091838,10.192756,9.9893831,10.090286,100000,10.091838,10.090286,1,11.101021,9.0826539
2024-04-24,SYN01,9.8834099,9.9918626,9.7845758,9.8929333,100000,9.8834099,9.8929333,1,10.871751,8.8950689
2024-04-24,SYN02,10.639065,10.745455,10.516514,10.622742,100000,10.639065,10.622742,1,11.702971,9.5751582
2024-04-24,SYN03,13.329386,13.561935,13.196092,13.427658,100000,13.329386,13.427658,1,14.662324,11.996447
2024-04-24,SYN04,9.7802427,9.8881884,9.6824403,9.7902856,100000,9.7802427,9.7902856,1,10.758267,8.8022184
2024-04-24,SYN05,8.9983826,9.0883665,8.9064319,8.9963958,100000,8.9983826,8.9963958,1,9.8982209,8.0985444
2024-04-24,SYN06,9.0439582,9.1343978,8.9419901,9.0323132,100000,9.0439582,9.0323132,1,9.948354,8.1395624
2024-04-24,SYN07,9.2036422,9.2966542,9.1116058,9.2046081,100000,9.2036422,9.2046081,1,10.124006,8.283278
2024-04-24,SYN08,9.187421,9.3285728,9.0955468,9.2362106,100000,9.187421,9.2362106,1,10.106163,8.2686789
2024-04-24,SYN09,9.7003519,9.8388226,9.6033483,9.7414085,100000,9.7003519,9.7414085,1,10.670387,8.7303167
2024-04-24,SYN10,9.3644524,9.458097,9.236845,9.3301465,100000,9.3644524,9.3301465,1,10.300898,8.4280072
2024-04-24,SYN11,11.45701,11.57158,11.319967,11.434311,100000,11.45701,11.434311,1,12.602711,10.311309
2024-04-25,SYN00,10.117625,10.240223,10.016449,10.138835,100000,10.117625,10.138835,1,11.129388,9.1058625
2024-04-25,SYN01,9.9129572,10.012087,9.8090913,9.9081731,100000,9.9129572,9.9081731,1,10.904253,8.9216615
2024-04-25,SYN02,10.733359,10.858042,10.626025,10.750537,100000,10.733359,10.750537,1,11.806694,9.6600227
2024-04-25,SYN03,13.653774,13.790312,13.473552,13.609648,100000,13.653774,13.609648,1,15.019152,12.288397
2024-04-25,SYN04,9.6115362,9.7076516,9.4937676,9.5896643,100000,9.6115362,9.5896643,1,10.57269,8.6503826
2024-04-25,SYN05,9.0270293,9.1280657,8.936759,9.0376889,100000,9.0270293,9.0376889,1,9.9297322,8.1243264
2024-04-25,SYN06,8.98665,9.0963978,8.8967835,9.0063344,100000,8.98665,9.0063344,1,9.885315,8.087985
2024-04-25,SYN07,9.1151922,9.209134,9.0240403,9.1179544,100000,9.1151922,9.1179544,1,10.026711,8.203673
2024-04-25,SYN08,9.1547683,9.246316,9.0463212,9.1376982,100000,9.1547683,9.1376982,1,10.070245,8.2392915
2024-04-25,SYN09,9.8701982,9.9766037,9.7714962,9.8778254,100000,9.8701982,9.8778254,1,10.857218,8.8831784
2024-04-25,SYN10,9.2552352,9.3648335,9.1626829,9.2721124,100000,9.2552352,9.2721124,1,10.180759,8.3297117
2024-04-25,SYN11,11.608568,11.724741,11.492482,11.608654,100000,11.608568,11.608654,1,12.769425,10.447711
2024-04-26,SYN00,10.322671,10.433425,10.219444,10.330124,100000,10.322671,10.330124,1,11.354938,9.2904038
2024-04-26,SYN01,9.8802695,9.9816299,9.7814668,9.8828019,100000,9.8802695,9.8828019,1,10.868296,8.8922426
2024-04-26,SYN02,10.92279,11.032018,10.801539,10.910645,100000,10.92279,10.910645,1,12.015069,9.8305109
2024-04-26,SYN03,13.846379,14.026742,13.707915,13.887864,100000,13.846379,13.887864,1,15.231017,12.461741
2024-04-26,SYN04,9.3270617,9.4415277,9.2337911,9.3480473,100000,9.3270617,9.3480473,1,10.259768,8.3943555
2024-04-26,SYN05,8.9200257,9.0482445,8.8308254,8.9586579,100000,8.9200257,8.9586579,1,9.8120283,8.0280231
2024-04-26,SYN06,8.9329792,9.0349154,8.8436494,8.9454608,100000,8.9329792,8.9454608,1,9.8262771,8.0396813
2024-04-26,SYN07,8.9575592,9.0471348,8.8561018,8.9455574,100000,8.9575592,8.9455574,1,9.8533152,8.0618033
2024-04-26,SYN08,8.9892829,9.0903612,8.8993901,9.0003576,100000,8.9892829,9.0003576,1,9.8882112,8.0903546
2024-04-26,SYN09,9.7447234,9.8421706,9.6406946,9.7380753,100000,9.7447234,9.7380753,1,10.719196,8.7702511
2024-04-26,SYN10,9.361837,9.4582865,9.2682186,9.3646401,100000,9.361837,9.3646401,1,10.298021,8.4256533
2024-04-26,SYN11,11.574049,11.716223,11.458309,11.600221,100000,11.574049,11.600221,1,12.731454,10.416644
2024-04-29,SYN00,10.499322,10.604315,10.355073,10.45967,100000,10.499322,10.45967,1,11.549254,9.44939
2024-04-29,SYN01,10.06372,10.164357,9.9402055,10.040612,100000,10.06372,10.040612,1,11.070092,9.0573476
2024-04-29,SYN02,10.814667,10.922814,10.700605,10.808692,100000,10.814667,10.808692,1,11.896134,9.7332006
2024-04-29,SYN03,13.623748,13.762362,13.487511,13.626101,100000,13.623748,13.626101,1,14.986123,12.261373
2024-04-29,SYN04,9.5154719,9.6106266,9.3990336,9.4939734,100000,9.5154719,9.4939734,1,10.467019,8.5639247
2024-04-29,SYN05,8.9229642,9.0301079,8.8337346,8.9407009,100000,8.9229642,8.9407009,1,9.8152606,8.0306678
2024-04-29,SYN06,8.8925418,8.9925245,8.8036164,8.9034896,100000,8.8925418,8.9034896,1,9.781796,8.0032876
2024-04-29,SYN07,8.9482265,9.0377088,8.8583731,8.9478516,100000,8.9482265,8.9478516,1,9.8430492,8.0534039
2024-04-29,SYN08,9.0455026,9.1608967,8.9550476,9.0701948,100000,9.0455026,9.0701948,1,9.9500529,8.1409524
2024-04-29,SYN09,9.7771077,9.8748788,9.6689484,9.7666145,100000,9.7771077,9.7666145,1,10.754818,8.799397
2024-04-29,SYN10,9.3305981,9.4546804,9.2372921,9.3610697,100000,9.3305981,9.3610697,1,10.263658,8.3975383
2024-04-29,SYN11,11.646641,11.773938,11.530175,11.657365,100000,11.646641,11.657365,1,12.811305,10.481977
2024-04-30,SYN00,10.228647,10.343827,10.12636,10.241413,100000,10.228647,10.241413,1,11.251511,9.205782
2024-04-30,SYN01,10.02209,10.127703,9.9218695,10.027429,100000,10.02209,10.027429,1,11.024299,9.0198814
2024-04-30,SYN02,10.940006,11.049406,10.811326,10.920532,100000,10.940006,10.920532,1,12.034007,9.8460055
2024-04-30,SYN03,13.656567,13.816008,13.520001,13.679216,100000,13.656567,13.679216,1,15.022224,12.29091
2024-04-30,SYN04,9.6350636,9.7314143,9.5188874,9.6150378,100000,9.6350636,9.6150378,1,10.59857,8.6715573
2024-04-30,SYN05,9.0250127,9.1152628,8.9154459,9.005501,100000,9.0250127,9.005501,1,9.927514,8.1225114
2024-04-30,SYN06,9.1207052,9.2119123,9.0180829,9.1091746,100000,9.1207052,9.1091746,1,10.032776,8.2086347
2024-04-30,SYN07,8.9306496,9.0309067,8.8413432,8.9414918,100000,8.9306496,8.9414918,1,9.8237146,8.0375847
2024-04-30,SYN08,8.8948401,8.991201,8.8058917,8.9021792,100000,8.8948401,8.9021792,1,9.7843241,8.0053561
2024-04-30,SYN09,9.6535011,9.7500361,9.5521482,9.6486345,100000,9.6535011,9.6486345,1,10.618851,8.6881509
2024-04-30,SYN10,9.2842252,9.405589,9.1913829,9.3124644,100000,9.2842252,9.3124644,1,10.212648,8.3558027
2024-04-30,SYN11,11.886059,12.00492,11.721869,11.840272,100000,11.886059,11.840272,1,13.074665,10.697453
2024-05-01,SYN00,10.114884,10.224012,10.013735,10.122784,100000,10.114884,10.122784,1,11.126373,9.1033959
2024-05-01,SYN01,10.049726,10.150224,9.9398434,10.040246,100000,10.049726,10.040246,1,11.054699,9.0447537
2024-05-01,SYN02,10.789267,10.897159,10.671146,10.778935,100000,10.789267,10.778935,1,11.868193,9.7103401
2024-05-01,SYN03,13.935271,14.074624,13.766842,13.905901,100000,13.935271,13.905901,1,15.328798,12.541744
2024-05-01,SYN04,9.5618393,9.6580412,9.4662209,9.5624171,100000,9.5618393,9.5624171,1,10.518023,8.6056553
2024-05-01,SYN05,8.976509,9.0710806,8.8867439,8.9812679,100000,8.976509,8.9812679,1,9.8741599,8.0788581
2024-05-01,SYN06,9.0100496,9.1001501,8.8875776,8.9773511,100000,9.0100496,8.9773511,1,9.9110545,8.1090446
2024-05-01,SYN07,8.9788057,9.0852921,8.8890176,8.9953387,100000,8.9788057,8.9953387,1,9.8766862,8.0809251
2024-05-01,SYN08,8.79096,8.8788696,8.6884626,8.7762248,100000,8.79096,8.7762248,1,9.670056,7.911864
2024-05-01,SYN09,9.602657,9.716644,9.5066304,9.6204396,100000,9.602657,9.6204396,1,10.562923,8.6423913
2024-05-01,SYN10,9.2824968,9.4093532,9.1896718,9.3161912,100000,9.2824968,9.3161912,1,10.210746,8.3542471
2024-05-01,SYN11,11.834682,11.971091,11.716335,11.852565,100000,11.834682,11.852565,1,13.01815,10.651214
2024-05-02,SYN00,10.059559,10.180248,9.9589632,10.079453,100000,10.059559,10.079453,1,11.065515,9.0536029
2024-05-02,SYN01,10.197894,10.299873,10.090032,10.191952,100000,10.197894,10.191952,1,11.217683,9.1781043
2024-05-02,SYN02,10.733215,10.840547,10.578489,10.685342,100000,10.733215,10.685342,1,11.806536,9.6598932
2024-05-02,SYN03,13.744827,13.882275,13.590231,13.727506,100000,13.744827,13.727506,1,15.11931,12.370344
2024-05-02,SYN04,9.8249903,9.9232402,9.6954386,9.7933723,100000,9.8249903,9.7933723,1,10.807489,8.8424912
2024-05-02,SYN05,8.9876435,9.0944964,8.8977671,9.0044518,100000,8.9876435,9.0044518,1,9.8864078,8.0888791
2024-05-02,SYN06,8.7618221,8.8494403,8.6510275,8.7384117,100000,8.7618221,8.7384117,1,9.6380043,7.8856399
2024-05-02,SYN07,9.0519511,9.1532344,8.9614316,9.0626083,100000,9.0519511,9.0626083,1,9.9571463,8.146756
2024-05-02,SYN08,8.7988942,8.8868832,8.6902595,8.7780399,100000,8.7988942,8.7780399,1,9.6787836,7.9190048
2024-05-02,SYN09,9.5517396,9.647257,9.4551731,9.5506799,100000,9.5517396,9.5506799,1,10.506914,8.5965656
2024-05-02,SYN10,9.4298775,9.5297392,9.3355787,9.4353854,100000,9.4298775,9.4353854,1,10.372865,8.4868897
2024-05-02,SYN11,11.845355,11.963809,11.719925,11.838308,100000,11.845355,11.838308,1,13.029891,10.66082
2024-05-03,SYN00,10.064794,10.17215,9.9641457,10.071436,100000,10.064794,10.071436,1,11.071273,9.0583143
2024-05-03,SYN01,10.208306,10.319141,10.106223,10.216972,100000,10.208306,10.216972,1,11.229137,9.1874754
2024-05-03,SYN02,10.712571,10.819697,10.586623,10.693559,100000,10.712571,10.693559,1,11.783828,9.641314
2024-05-03,SYN03,13.762048,13.899668,13.619654,13.757226,100000,13.762048,13.757226,1,15.138252,12.385843
2024-05-03,SYN04,9.7859282,9.8931376,9.6880689,9.7951858,100000,9.7859282,9.7951858,1,10.764521,8.8073353
2024-05-03,SYN05,8.8323959,8.9207198,8.7314047,8.8196007,100000,8.8323959,8.8196007,1,9.7156355,7.9491563
2024-05-03,SYN06,8.8692338,8.9579261,8.7739457,8.8625714,100000,8.8692338,8.8625714,1,9.7561572,7.9823104
2024-05-03,SYN07,8.8551255,8.9436768,8.7345112,8.8227386,100000,8.8551255,8.8227386,1,9.7406381,7.969613
2024-05-03,SYN08,8.7541421,8.8416835,8.6546151,8.7420355,100000,8.7541421,8.7420355,1,9.6295563,7.8787279
2024-05-03,SYN09,9.5149726,9.6101224,9.4169931,9.5121142,100000,9.5149726,9.5121142,1,10.46647,8.5634754
2024-05-03,SYN10,9.3087161,9.4018033,9.2039372,9.2969062,100000,9.3087161,9.2969062,1,10.239588,8.3778445
2024-05-03,SYN11,11.89167,12.010587,11.766988,11.885846,100000,11.89167,11.885846,1,13.080837,10.702503
2024-05-06,SYN00,9.9429834,10.042413,9.841197,9.940603,100000,9.9429834,9.940603,1,10.937282,8.9486851
2024-05-06,SYN01,10.199598,10.301594,10.085224,10.187095,100000,10.199598,10.187095,1,11.219558,9.1796381
2024-05-06,SYN02,10.67779,10.784568,10.549348,10.655907,100000,10.67779,10.655907,1,11.745569,9.6100109
2024-05-06,SYN03,13.704702,13.841749,13.554554,13.691469,100000,13.704702,13.691469,1,15.075172,12.334231
2024-05-06,SYN04,9.5818007,9.6776187,9.4829536,9.578741,100000,9.5818007,9.578741,1,10.539981,8.6236206
2024-05-06,SYN05,8.8691736,8.9578654,8.7684306,8.8570006,100000,8.8691736,8.8570006,1,9.756091,7.9822563
2024-05-06,SYN06,8.7560588,8.8554561,8.6684983,8.7677784,100000,8.7560588,8.7677784,1,9.6316647,7.880453
2024-05-06,SYN07,8.8904848,8.9793896,8.7970149,8.8858736,100000,8.8904848,8.8858736,1,9.7795333,8.0014363
2024-05-06,SYN08,8.7029203,8.7899495,8.6127233,8.6997205,100000,8.7029203,8.6997205,1,9.5732123,7.8326282
2024-05-06,SYN09,9.3952423,9.5017504,9.3012899,9.4076736,100000,9.3952423,9.4076736,1,10.334767,8.4557181
2024-05-06,SYN10,9.5444379,9.6398823,9.4485754,9.5440156,100000,9.5444379,9.5440156,1,10.498882,8.5899942
2024-05-06,SYN11,12.051381,12.171895,11.918779,12.039171,100000,12.051381,12.039171,1,13.256519,10.846243
2024-05-07,SYN00,9.8714129,9.9807492,9.7726987,9.8819299,100000,9.8714129,9.8819299,1,10.858554,8.8842716
2024-05-07,SYN01,10.090831,10.19174,9.9845386,10.085392,100000,10.090831,10.085392,1,11.099914,9.0817482
2024-05-07,SYN02,10.821795,10.930013,10.674133,10.781952,100000,10.821795,10.781952,1,11.903974,9.7396153
2024-05-07,SYN03,13.778616,13.949725,13.640829,13.811609,100000,13.778616,13.811609,1,15.156477,12.400754
2024-05-07,SYN04,9.5706039,9.6663099,9.46618,9.561798,100000,9.5706039,9.561798,1,10.527664,8.6135435
2024-05-07,SYN05,8.7153125,8.8152382,8.6281593,8.7279586,100000,8.7153125,8.7279586,1,9.5868437,7.8437812
2024-05-07,SYN06,8.8363118,8.9246749,8.7455196,8.8338581,100000,8.8363118,8.8338581,1,9.719943,7.9526806
2024-05-07,SYN07,9.018956,9.1091456,8.9090979,8.9990887,100000,9.018956,8.9990887,1,9.9208516,8.1170604
2024-05-07,SYN08,8.7461148,8.8676147,8.6586536,8.7798165,100000,8.7461148,8.7798165,1,9.6207263,7.8715033
2024-05-07,SYN09,9.366592,9.4602579,9.2653286,9.3589178,100000,9.366592,9.3589178,1,10.303251,8.4299328
2024-05-07,SYN10,9.6770884,9.7738593,9.5551557,9.6516724,100000,9.6770884,9.6516724,1,10.644797,8.7093795
2024-05-07,SYN11,12.18351,12.305345,12.044054,12.165711,100000,12.18351,12.165711,1,13.401861,10.965159
2024-05-08,SYN00,9.8140809,9.9286254,9.7159401,9.8303222,100000,9.8140809,9.8303222,1,10.795489,8.8326729
2024-05-08,SYN01,10.122148,10.22337,10.019101,10.120304,100000,10.122148,10.120304,1,11.134363,9.1099334
2024-05-08,SYN02,10.679701,10.823813,10.572904,10.716646,100000,10.679701,10.716646,1,11.747672,9.6117313
2024-05-08,SYN03,13.980142,14.119944,13.833773,13.973508,100000,13.980142,13.973508,1,15.378157,12.582128
2024-05-08,SYN04,9.6845891,9.781435,9.5778891,9.6746354,100000,9.6845891,9.6746354,1,10.653048,8.7161302
2024-05-08,SYN05,8.6958845,8.7828433,8.592023,8.6788111,100000,8.6958845,8.6788111,1,9.5654729,7.826296
2024-05-08,SYN06,8.9196981,9.0257865,8.8305011,8.9364223,100000,8.9196981,8.9364223,1,9.8116679,8.0277283
2024-05-08,SYN07,8.7838057,8.8716437,8.6828491,8.7705546,100000,8.7838057,8.7705546,1,9.6621863,7.9054251
2024-05-08,SYN08,8.8992827,8.9882755,8.8024826,8.8913965,100000,8.8992827,8.8913965,1,9.789211,8.0093544
2024-05-08,SYN09,9.5756734,9.6768626,9.4799167,9.5810521,100000,9.5756734,9.5810521,1,10.533241,8.618106
2024-05-08,SYN10,9.5282912,9.6235742,9.4232022,9.5183861,100000,9.5282912,9.5183861,1,10.48112,8.5754621
2024-05-08,SYN11,12.163415,12.356683,12.041781,12.23434,100000,12.163415,12.23434,1,13.379757,10.947074
2024-05-09,SYN00,9.7849827,9.8828325,9.6693862,9.7670568,100000,9.7849827,9.7670568,1,10.763481,8.8064844
2024-05-09,SYN01,9.8369428,9.943597,9.7385733,9.8451456,100000,9.8369428,9.8451456,1,10.820637,8.8532485
2024-05-09,SYN02,10.651918,10.766058,10.545398,10.659463,100000,10.651918,10.659463,1,11.717109,9.5867259
2024-05-09,SYN03,13.85473,13.993277,13.709869,13.848353,100000,13.85473,13.848353,1,15.240203,12.469257
2024-05-09,SYN04,9.9147266,10.013874,9.7848895,9.8837267,100000,9.9147266,9.8837267,1,10.906199,8.9232539
2024-05-09,SYN05,8.595026,8.6816654,8.5090758,8.5957084,100000,8.595026,8.5957084,1,9.4545286,7.7355234
2024-05-09,SYN06,8.9230726,9.0226634,8.8338419,8.9333301,100000,8.9230726,8.9333301,1,9.8153799,8.0307653
2024-05-09,SYN07,8.9738668,9.0636055,8.8817705,8.9714854,100000,8.9738668,8.9714854,1,9.8712535,8.0764801
2024-05-09,SYN08,8.8544992,8.9430441,8.7544321,8.8428607,100000,8.8544992,8.8428607,1,9.7399491,7.9690492
2024-05-09,SYN09,9.4504685,9.5551915,9.3559638,9.4605856,100000,9.4504685,9.4605856,1,10.395515,8.5054216
2024-05-09,SYN10,9.4299497,9.5472865,9.3356502,9.4527589,100000,9.4299497,9.4527589,1,10.372945,8.4869547
2024-05-09,SYN11,12.34698,12.47045,12.179702,12.30273,100000,12.34698,12.30273,1,13.581678,11.112282
2024-05-10,SYN00,9.8840174,9.9943458,9.7851773,9.8953919,100000,9.8840174,9.8953919,1,10.872419,8.8956157
2024-05-10,SYN01,9.9492981,10.052703,9.8498051,9.9531709,100000,9.9492981,9.9531709,1,10.944228,8.9543683
2024-05-10,SYN02,10.774375,10.905114,10.666631,10.797143,100000,10.774375,10.797143,1,11.851813,9.6969375
2024-05-10,SYN03,13.760526,13.898131,13.611027,13.748512,100000,13.760526,13.748512,1,15.136578,12.384473
2024-05-10,SYN04,9.7822187,9.8807245,9.6843965,9.7828955,100000,9.7822187,9.7828955,1,10.760441,8.8039968
2024-05-10,SYN05,8.5137842,8.5999367,8.4286464,8.5147888,100000,8.5137842,8.5147888,1,9.3651626,7.6624058
2024-05-10,SYN06,9.1233148,9.2258992,9.0320816,9.1345537,100000,9.1233148,9.1345537,1,10.035646,8.2109833
2024-05-10,SYN07,8.8838223,8.9755089,8.794984,8.8866425,100000,8.8838223,8.8866425,1,9.7722045,7.99544
2024-05-10,SYN08,8.8890333,8.9825618,8.800143,8.8936255,100000,8.8890333,8.8936255,1,9.7779367,8.00013
2024-05-10,SYN09,9.5464946,9.6419596,9.4274254,9.5226519,100000,9.5464946,9.5226519,1,10.501144,8.5918452
2024-05-10,SYN10,9.3233384,9.4172109,9.230105,9.3239712,100000,9.3233384,9.3239712,1,10.255672,8.3910045
2024-05-10,SYN11,12.243695,12.380185,12.121258,12.257609,100000,12.243695,12.257609,1,13.468065,11.019326
2024-05-13,SYN00,9.9105439,10.009649,9.8088312,9.9079103,100000,9.9105439,9.9079103,1,10.901598,8.9194895
2024-05-13,SYN01,10.077041,10.177811,9.9671223,10.0678,100000,10.077041,10.0678,1,11.084745,9.0693369
2024-05-13,SYN02,10.899574,11.025222,10.790579,10.916061,100000,10.899574,10.916061,1,11.989532,9.809617
2024-05-13,SYN03,13.559407,13.695001,13.415958,13.551473,100000,13.559407,13.551473,1,14.915347,12.203466
2024-05-13,SYN04,9.7651431,9.8766232,9.6674916,9.7788349,100000,9.7651431,9.7788349,1,10.741657,8.7886288
2024-05-13,SYN05,8.3827577,8.4846659,8.2989301,8.4006593,100000,8.3827577,8.4006593,1,9.2210334,7.5444819
2024-05-13,SYN06,8.9795595,9.0822308,8.8897639,8.9923077,100000,8.9795595,8.9923077,1,9.8775155,8.0816036
2024-05-13,SYN07,8.9693219,9.0778543,8.8796287,8.9879746,100000,8.9693219,8.9879746,1,9.8662541,8.0723897
2024-05-13,SYN08,8.8178873,8.9060662,8.7106891,8.7986759,100000,8.8178873,8.7986759,1,9.699676,7.9360986
2024-05-13,SYN09,9.5643243,9.6742108,9.4686811,9.5784265,100000,9.5643243,9.5784265,1,10.520757,8.6078919
2024-05-13,SYN10,9.3962807,9.4902435,9.2682155,9.3618338,100000,9.3962807,9.3618338,1,10.335909,8.4566526
2024-05-13,SYN11,12.502303,12.627326,12.365572,12.490476,100000,12.502303,12.490476,1,13.752534,11.252073
2024-05-14,SYN00,9.6409825,9.7505045,9.5445727,9.6539648,100000,9.6409825,9.6539648,1,10.605081,8.6768843
2024-05-14,SYN01,10.056379,10.156943,9.9361076,10.036472,100000,10.056379,10.036472,1,11.062017,9.0507413
2024-05-14,SYN02,11.053305,11.17072,10.942772,11.060119,100000,11.053305,11.060119,1,12.158635,9.9479743
2024-05-14,SYN03,13.468333,13.625265,13.333649,13.490361,100000,13.468333,13.490361,1,14.815166,12.121499
2024-05-14,SYN04,9.7460436,9.8689891,9.6485832,9.7712764,100000,9.7460436,9.7712764,1,10.720648,8.7714392
2024-05-14,SYN05,8.4621651,8.5689685,8.3775435,8.4841272,100000,8.4621651,8.4841272,1,9.3083816,7.6159486
2024-05-14,SYN06,9.0315212,9.1379188,8.941206,9.0474444,100000,9.0315212,9.0474444,1,9.9346733,8.1283691
2024-05-14,SYN07,9.0693804,9.1600742,8.9600917,9.0505976,100000,9.0693804,9.0505976,1,9.9763185,8.1624424
2024-05-14,SYN08,8.8723911,8.961115,8.7422327,8.8305381,100000,8.8723911,8.8305381,1,9.7596302,7.985152
2024-05-14,SYN09,9.5317912,9.6308034,9.4364733,9.5354489,100000,9.5317912,9.5354489,1,10.48497,8.5786121
2024-05-14,SYN10,9.3880578,9.4819384,9.2773288,9.3710392,100000,9.3880578,9.3710392,1,10.326864,8.449252
2024-05-14,SYN11,12.505964,12.631024,12.358275,12.483106,100000,12.505964,12.483106,1,13.756561,11.255368
2024-05-15,SYN00,9.5389591,9.6638126,9.4435695,9.5681313,100000,9.5389591,9.5681313,1,10.492855,8.5850632
2024-05-15,SYN01,9.9763093,10.080034,9.8765462,9.9802321,100000,9.9763093,9.9802321,1,10.97394,8.9786784
2024-05-15,SYN02,11.105089,11.21614,10.977606,11.088491,100000,11.105089,11.088491,1,12.215598,9.9945803
2024-05-15,SYN03,13.508941,13.662837,13.373852,13.527561,100000,13.508941,13.527561,1,14.859835,12.158047
2024-05-15,SYN04,9.5786402,9.6744266,9.4678355,9.5634702,100000,9.5786402,9.5634702,1,10.536504,8.6207762
2024-05-15,SYN05,8.3240303,8.4072706,8.2256104,8.3086974,100000,8.3240303,8.3086974,1,9.1564333,7.4916273
2024-05-15,SYN06,9.0525817,9.1431075,8.9616115,9.0521328,100000,9.0525817,9.0521328,1,9.9578399,8.1473236
2024-05-15,SYN07,9.2178149,9.309993,9.1052811,9.1972537,100000,9.2178149,9.1972537,1,10.139596,8.2960334
2024-05-15,SYN08,8.8675471,8.966329,8.7788716,8.8775535,100000,8.8675471,8.8775535,1,9.7543018,7.9807924
2024-05-15,SYN09,9.4761583,9.5709199,9.3538234,9.4483064,100000,9.4761583,9.4483064,1,10.423774,8.5285425
2024-05-15,SYN10,9.3397667,9.4331644,9.2219599,9.315111,100000,9.3397667,9.315111,1,10.273743,8.40579
2024-05-15,SYN11,12.862899,12.991528,12.720386,12.848875,100000,12.862899,12.848875,1,14.149189,11.576609
2024-05-16,SYN00,9.8330001,9.9313301,9.7094999,9.8075756,100000,9.8330001,9.8075756,1,10.8163,8.8497001
2024-05-16,SYN01,10.036652,10.137018,9.9247306,10.02498,100000,10.036652,10.02498,1,11.040317,9.0329867
2024-05-16,SYN02,11.312239,11.425362,11.17238,11.285232,100000,11.312239,11.285232,1,12.443463,10.181015
2024-05-16,SYN03,13.716042,13.853203,13.566414,13.703448,100000,13.716042,13.703448,1,15.087646,12.344438
2024-05-16,SYN04,9.8419478,9.9518505,9.7435283,9.8533173,100000,9.8419478,9.8533173,1,10.826143,8.857753
2024-05-16,SYN05,8.1955558,8.3160233,8.1136003,8.2336865,100000,8.1955558,8.2336865,1,9.0151114,7.3760002
2024-05-16,SYN06,9.1463707,9.2401399,9.054907,9.1486533,100000,9.1463707,9.1486533,1,10.061008,8.2317337
2024-05-16,SYN07,9.2655679,9.3582236,9.1726799,9.2653333,100000,9.2655679,9.2653333,1,10.192125,8.3390111
2024-05-16,SYN08,8.8512394,8.9397518,8.7442911,8.8326173,100000,8.8512394,8.8326173,1,9.7363633,7.9661154
2024-05-16,SYN09,9.3084543,9.4157023,9.2153698,9.3224775,100000,9.3084543,9.3224775,1,10.2393,8.3776089
2024-05-16,SYN10,9.272339,9.3712438,9.1796156,9.2784592,100000,9.272339,9.2784592,1,10.199573,8.3451051
2024-05-16,SYN11,12.920362,13.058832,12.791158,12.929537,100000,12.920362,12.929537,1,14.212398,11.628326
2024-05-17,SYN00,9.7861826,9.8945649,9.6883208,9.7965989,100000,9.7861826,9.7965989,1,10.764801,8.8075643
2024-05-17,SYN01,9.9927629,10.09269,9.8845274,9.9843711,100000,9.9927629,9.9843711,1,10.992039,8.9934866
2024-05-17,SYN02,11.467779,11.582456,11.338564,11.453095,100000,11.467779,11.453095,1,12.614557,10.321001
2024-05-17,SYN03,13.740949,13.878359,13.590451,13.727729,100000,13.740949,13.727729,1,15.115044,12.366854
2024-05-17,SYN04,9.8339072,9.9451176,9.7355681,9.8466511,100000,9.8339072,9.8466511,1,10.817298,8.8505165
2024-05-17,SYN05,8.2100054,8.2921055,8.1228347,8.2048836,100000,8.2100054,8.2048836,1,9.031006,7.3890049
2024-05-17,SYN06,9.1057479,9.2040769,9.0146905,9.1129474,100000,9.1057479,9.1129474,1,10.016323,8.1951731
2024-05-17,SYN07,9.3092164,9.4139344,9.2161242,9.3207271,100000,9.3092164,9.3207271,1,10.240138,8.3782947
2024-05-17,SYN08,8.7837758,8.8946053,8.6959381,8.8065399,100000,8.7837758,8.8065399,1,9.6621534,7.9053983
2024-05-17,SYN09,9.327328,9.4346506,9.2340548,9.3412383,100000,9.327328,9.3412383,1,10.260061,8.3945952
2024-05-17,SYN10,9.1839514,9.3144165,9.0921119,9.2221946,100000,9.1839514,9.2221946,1,10.102347,8.2655562
2024-05-17,SYN11,13.052813,13.183341,12.91847,13.048959,100000,13.052813,13.048959,1,14.358094,11.747531
2024-05-20,SYN00,9.9045402,10.003586,9.7935731,9.8924981,100000,9.9045402,9.8924981,1,10.894994,8.9140861
2024-05-20,SYN01,9.8827235,9.9884534,9.7838963,9.8895578,100000,9.8827235,9.8895578,1,10.870996,8.8944512
2024-05-20,SYN02,11.597214,11.713187,11.426967,11.542391,100000,11.597214,11.542391,1,12.756936,10.437493
2024-05-20,SYN03,13.675951,13.81271,13.5117,13.648182,100000,13.675951,13.648182,1,15.043546,12.308356
2024-05-20,SYN04,9.7906769,9.8885837,9.6811705,9.7789601,100000,9.7906769,9.7789601,1,10.769745,8.8116092
2024-05-20,SYN05,8.2327511,8.3150786,8.1360084,8.2181903,100000,8.2327511,8.2181903,1,9.0560262,7.409476
2024-05-20,SYN06,9.168956,9.2606456,9.075104,9.1667717,100000,9.168956,9.1667717,1,10.085852,8.2520604
2024-05-20,SYN07,9.1998423,9.3080642,9.1078438,9.2159051,100000,9.1998423,9.2159051,1,10.119826,8.279858
2024-05-20,SYN08,8.8239037,8.918825,8.7356647,8.8305198,100000,8.8239037,8.8305198,1,9.7062941,7.9415133
2024-05-20,SYN09,9.321506,9.4276706,9.2282909,9.3343273,100000,9.321506,9.3343273,1,10.253657,8.3893554
2024-05-20,SYN10,9.3685928,9.4643838,9.2749069,9.370677,100000,9.3685928,9.370677,1,10.305452,8.4317335
2024-05-20,SYN11,13.136941,13.268311,12.978065,13.109157,100000,13.136941,13.109157,1,14.450635,11.823247
2024-05-21,SYN00,10.023111,10.123342,9.8942393,9.9941811,100000,10.023111,9.9941811,1,11.025422,9.0207998
2024-05-21,SYN01,9.9895935,10.089489,9.8660286,9.9656855,100000,9.9895935,9.9656855,1,10.988553,8.9906341
2024-05-21,SYN02,11.762945,11.902925,11.645315,11.785074,100000,11.762945,11.785074,1,12.939239,10.58665
2024-05-21,SYN03,13.622589,13.807517,13.486363,13.670809,100000,13.622589,13.670809,1,14.984848,12.26033
2024-05-21,SYN04,9.9482325,10.051679,9.8487502,9.9521571,100000,9.9482325,9.9521571,1,10.943056,8.9534093
2024-05-21,SYN05,8.3023726,8.3906638,8.2193489,8.3075879,100000,8.3023726,8.3075879,1,9.1326099,7.4721353
2024-05-21,SYN06,9.240533,9.3329384,9.1366117,9.2289007,100000,9.240533,9.2289007,1,10.164586,8.3164797
2024-05-21,SYN07,9.3862577,9.4811422,9.2923951,9.3872695,100000,9.3862577,9.3872695,1,10.324883,8.4476319
2024-05-21,SYN08,8.8431599,8.9411614,8.7547283,8.8526351,100000,8.8431599,8.8526351,1,9.7274759,7.9588439
2024-05-21,SYN09,9.0778052,9.1956845,8.9870271,9.1046381,100000,9.0778052,9.1046381,1,9.9855857,8.1700247
2024-05-21,SYN10,9.2766934,9.4153436,9.1839264,9.3221223,100000,9.2766934,9.3221223,1,10.204363,8.349024
2024-05-21,SYN11,13.184575,13.324578,13.052729,13.192652,100000,13.184575,13.192652,1,14.503032,11.866117
2024-05-22,SYN00,9.9555438,10.055099,9.8478634,9.9473367,100000,9.9555438,9.9473367,1,10.951098,8.9599894
2024-05-22,SYN01,9.9793195,10.105194,9.8795263,10.005143,100000,9.9793195,10.005143,1,10.977251,8.9813875
2024-05-22,SYN02,12.015279,12.145168,11.895126,12.024918,100000,12.015279,12.024918,1,13.216807,10.813751
2024-05-22,SYN03,13.601368,13.737382,13.443966,13.579764,100000,13.601368,13.579764,1,14.961505,12.241231
2024-05-22,SYN04,9.7979022,9.9046895,9.6999232,9.8066233,100000,9.7979022,9.8066233,1,10.777692,8.818112
2024-05-22,SYN05,8.3730102,8.4777072,8.2892801,8.3937695,100000,8.3730102,8.3937695,1,9.2103112,7.5357092
2024-05-22,SYN06,9.0772751,9.193869,8.9865023,9.1028406,100000,9.0772751,9.1028406,1,9.9850026,8.1695476
2024-05-22,SYN07,9.5139184,9.6152751,9.4187792,9.5200743,100000,9.5139184,9.5200743,1,10.46531,8.5625266
2024-05-22,SYN08,9.0410225,9.1314327,8.9459467,9.0363098,100000,9.0410225,9.0363098,1,9.9451248,8.1369203
2024-05-22,SYN09,8.9964834,9.0864482,8.9031137,8.9930442,100000,8.9964834,8.9930442,1,9.8961318,8.0968351
2024-05-22,SYN10,9.0846915,9.2024044,8.9938446,9.1112915,100000,9.0846915,9.1112915,1,9.9931607,8.1762224
2024-05-22,SYN11,13.281252,13.426549,13.14844,13.293613,100000,13.281252,13.293613,1,14.609377,11.953127
2024-05-23,SYN00,9.8865601,10.002299,9.7876945,9.9032659,100000,9.8865601,9.9032659,1,10.875216,8.8979041
2024-05-23,SYN01,9.7719582,9.8696778,9.6572359,9.7547838,100000,9.7719582,9.7547838,1,10.749154,8.7947624
2024-05-23,SYN02,12.057667,12.178244,11.92977,12.050273,100000,12.057667,12.050273,1,13.263434,10.851901
2024-05-23,SYN03,13.388339,13.535931,13.254456,13.401912,100000,13.388339,13.401912,1,14.727173,12.049505
2024-05-23,SYN04,9.7356654,9.833022,9.6281757,9.72543,100000,9.7356654,9.72543,1,10.709232,8.7620989
2024-05-23,SYN05,8.268942,8.3671334,8.1862526,8.2842905,100000,8.268942,8.2842905,1,9.0958362,7.4420478
2024-05-23,SYN06,9.0071036,9.0971746,8.9036593,8.9935952,100000,9.0071036,8.9935952,1,9.9078139,8.1063932
2024-05-23,SYN07,9.5725992,9.6720586,9.4768732,9.5762956,100000,9.5725992,9.5762956,1,10.529859,8.6153393
2024-05-23,SYN08,9.2580694,9.3506501,9.1570467,9.2495422,100000,9.2580694,9.2495422,1,10.183876,8.3322625
2024-05-23,SYN09,8.8729246,8.9630661,8.7841953,8.8743229,100000,8.8729246,8.8743229,1,9.760217,7.9856321
2024-05-23,SYN10,8.9543659,9.0537412,8.8648223,8.9641002,100000,8.9543659,8.9641002,1,9.8498025,8.0589293
2024-05-23,SYN11,13.078525,13.212092,12.947739,13.081279,100000,13.078525,13.081279,1,14.386377,11.770672
2024-05-24,SYN00,9.8190879,9.9179081,9.720897,9.819711,100000,9.8190879,9.819711,1,10.800997,8.8371791
2024-05-24,SYN01,9.8383408,9.937534,9.7399574,9.8391426,100000,9.8383408,9.8391426,1,10.822175,8.8545067
2024-05-24,SYN02,12.080052,12.221263,11.959251,12.10026,100000,12.080052,12.10026,1,13.288057,10.872047
2024-05-24,SYN03,13.616279,13.761748,13.480116,13.625493,100000,13.616279,13.625493,1,14.977907,12.254651
2024-05-24,SYN04,9.8367955,9.9351634,9.7131649,9.8112776,100000,9.8367955,9.8112776,1,10.820475,8.8531159
2024-05-24,SYN05,8.2663099,8.3737891,8.1836468,8.2908803,100000,8.2663099,8.2908803,1,9.0929409,7.4396789
2024-05-24,SYN06,9.0366932,9.1270601,8.9339679,9.02421,100000,9.0366932,9.02421,1,9.9403625,8.1330239
2024-05-24,SYN07,9.6756604,9.772417,9.5604016,9.6569713,100000,9.6756604,9.6569713,1,10.643226,8.7080944
2024-05-24,SYN08,9.278262,9.3710446,9.161817,9.2543606,100000,9.278262,9.2543606,1,10.206088,8.3504358
2024-05-24,SYN09,8.8537531,8.9422907,8.7326371,8.8208455,100000,8.8537531,8.8208455,1,9.7391284,7.9683778
2024-05-24,SYN10,9.1790496,9.2728536,9.0872591,9.1810431,100000,9.1790496,9.1810431,1,10.096955,8.2611447
2024-05-24,SYN11,13.074188,13.2171,12.943446,13.086237,100000,13.074188,13.086237,1,14.381607,11.766769
2024-05-27,SYN00,10.023178,10.12341,9.9149127,10.015063,100000,10.023178,10.015063,1,11.025496,9.0208606
2024-05-27,SYN01,9.6439077,9.7622928,9.5474686,9.6656365,100000,9.6439077,9.6656365,1,10.608298,8.6795169
2024-05-27,SYN02,12.082843,12.218706,11.962015,12.097729,100000,12.082843,12.097729,1,13.291127,10.874559
2024-05-27,SYN03,13.535368,13.670722,13.350187,13.485038,100000,13.535368,13.485038,1,14.888905,12.181831
2024-05-27,SYN04,9.9438307,10.058607,9.8443924,9.9590164,100000,9.9438307,9.9590164,1,10.938214,8.9494476
2024-05-27,SYN05,8.2186439,8.3151573,8.1364575,8.232829,100000,8.2186439,8.232829,1,9.0405083,7.3967795
2024-05-27,SYN06,9.111974,9.2033001,9.0208542,9.1121783,100000,9.111974,9.1121783,1,10.023171,8.2007766
2024-05-27,SYN07,9.4737735,9.5685112,9.3766352,9.4713487,100000,9.4737735,9.4713487,1,10.421151,8.5263961
2024-05-27,SYN08,9.3433312,9.4367645,9.2370989,9.3304029,100000,9.3433312,9.3304029,1,10.277664,8.4089981
2024-05-27,SYN09,8.8969934,8.9859634,8.8017532,8.8906598,100000,8.8969934,8.8906598,1,9.7866928,8.0072941
2024-05-27,SYN10,9.1277624,9.2448458,9.0364848,9.1533127,100000,9.1277624,9.1533127,1,10.040539,8.2149862
2024-05-27,SYN11,13.213641,13.345778,13.057681,13.189577,100000,13.213641,13.189577,1,14.535005,11.892277
2024-05-28,SYN00,9.982704,10.084559,9.882877,9.9847118,100000,9.982704,9.9847118,1,10.980974,8.9844336
2024-05-28,SYN01,9.4996234,9.6234197,9.4046271,9.5281383,100000,9.4996234,9.5281383,1,10.449586,8.549661
2024-05-28,SYN02,12.09332,12.214253,11.927506,12.047986,100000,12.09332,12.047986,1,13.302652,10.883988
2024-05-28,SYN03,13.339893,13.473292,13.175814,13.308903,100000,13.339893,13.308903,1,14.673882,12.005904
2024-05-28,SYN04,9.7727198,9.870447,9.6606272,9.7582093,100000,9.7727198,9.7582093,1,10.749992,8.7954479
2024-05-28,SYN05,8.221515,8.3037302,8.1384629,8.2206695,100000,8.221515,8.2206695,1,9.0436665,7.3993635
2024-05-28,SYN06,9.2617857,9.3544035,9.1539903,9.2464548,100000,9.2617857,9.2464548,1,10.187964,8.3356071
2024-05-28,SYN07,9.572092,9.6678129,9.4627406,9.5583238,100000,9.572092,9.5583238,1,10.529301,8.6148828
2024-05-28,SYN08,9.4377771,9.5321549,9.3234101,9.4175859,100000,9.4377771,9.4175859,1,10.381555,8.4939994
2024-05-28,SYN09,9.0330157,9.1233458,8.9059289,8.9958878,100000,9.0330157,8.9958878,1,9.9363172,8.1297141
2024-05-28,SYN10,9.106544,9.1976094,9.0154778,9.1065432,100000,9.106544,9.1065432,1,10.017198,8.1958896
2024-05-28,SYN11,12.979498,13.147698,12.849703,13.017522,100000,12.979498,13.017522,1,14.277448,11.681549
2024-05-29,SYN00,9.9835054,10.08334,9.8684912,9.9681729,100000,9.9835054,9.9681729,1,10.981856,8.9851549
2024-05-29,SYN01,9.5031785,9.6205932,9.4081467,9.5253398,100000,9.5031785,9.5253398,1,10.453496,8.5528606
2024-05-29,SYN02,12.043302,12.174799,11.922869,12.054256,100000,12.043302,12.054256,1,13.247632,10.838972
2024-05-29,SYN03,13.287653,13.420529,13.14184,13.274585,100000,13.287653,13.274585,1,14.616418,11.958887
2024-05-29,SYN04,9.7184723,9.8156571,9.6138993,9.7110093,100000,9.7184723,9.7110093,1,10.69032,8.7466251
2024-05-29,SYN05,8.2805872,8.3633931,8.1759685,8.2585541,100000,8.2805872,8.2585541,1,9.1086459,7.4525285
2024-05-29,SYN06,9.4015661,9.4955818,9.27776,9.3714748,100000,9.4015661,9.3714748,1,10.341723,8.4614095
2024-05-29,SYN07,9.7017918,9.7988097,9.589832,9.6866989,100000,9.7017918,9.6866989,1,10.671971,8.7316126
2024-05-29,SYN08,9.4579058,9.5588268,9.3633267,9.4641849,100000,9.4579058,9.4641849,1,10.403696,8.5121152
2024-05-29,SYN09,9.1658101,9.2883139,9.074152,9.1963504,100000,9.1658101,9.1963504,1,10.082391,8.2492291
2024-05-29,SYN10,9.0938642,9.1848028,8.9958373,9.0867043,100000,9.0938642,9.0867043,1,10.003251,8.1844777
2024-05-29,SYN11,13.154252,13.285795,12.993946,13.125198,100000,13.154252,13.125198,1,14.469677,11.838827
2024-05-30,SYN00,10.053691,10.154227,9.9399297,10.040333,100000,10.053691,10.040333,1,11.05906,9.0483215
2024-05-30,SYN01,9.5939247,9.6999823,9.4979855,9.6039429,100000,9.5939247,9.6039429,1,10.553317,8.6345322
2024-05-30,SYN02,12.135677,12.262109,12.014321,12.140702,100000,12.135677,12.140702,1,13.349245,10.92211
2024-05-30,SYN03,13.187177,13.319048,13.037951,13.169647,100000,13.187177,13.169647,1,14.505894,11.868459
2024-05-30,SYN04,9.7873109,9.9116665,9.6894378,9.8135312,100000,9.7873109,9.8135312,1,10.766042,8.8085798
2024-05-30,SYN05,8.2037399,8.2933921,8.1217025,8.2112793,100000,8.2037399,8.2112793,1,9.0241139,7.3833659
2024-05-30,SYN06,9.3686707,9.4959485,9.274984,9.4019292,100000,9.3686707,9.4019292,1,10.305538,8.4318036
2024-05-30,SYN07,9.5261069,9.6306065,9.4308458,9.5352539,100000,9.5261069,9.5352539,1,10.478718,8.5734962
2024-05-30,SYN08,9.5766907,9.6724576,9.4671497,9.5627775,100000,9.5766907,9.5627775,1,10.53436,8.6190216
2024-05-30,SYN09,9.278075,9.3751499,9.1852942,9.2823267,100000,9.278075,9.2823267,1,10.205882,8.3502675
2024-05-30,SYN10,9.1296915,9.2284752,9.0383946,9.1371041,100000,9.1296915,9.1371041,1,10.042661,8.2167223
2024-05-30,SYN11,12.884753,13.013601,12.742541,12.871254,100000,12.884753,12.871254,1,14.173228,11.596278
2024-05-31,SYN00,9.7847933,9.898697,9.6869453,9.8006901,100000,9.7847933,9.8006901,1,10.763273,8.8063139
2024-05-31,SYN01,9.6802912,9.7770941,9.5394183,9.6357761,100000,9.6802912,9.6357761,1,10.64832,8.7122621
2024-05-31,SYN02,12.032495,12.180442,11.91217,12.059844,100000,12.032495,12.059844,1,13.235744,10.829245
2024-05-31,SYN03,13.460202,13.594804,13.285687,13.419885,100000,13.460202,13.419885,1,14.806223,12.114182
2024-05-31,SYN04,9.7016832,9.8153667,9.6046663,9.7181848,100000,9.7016832,9.7181848,1,10.671851,8.7315149
2024-05-31,SYN05,8.0661301,8.1542361,7.9854688,8.0735011,100000,8.0661301,8.0735011,1,8.8727431,7.2595171
2024-05-31,SYN06,9.2614762,9.3615873,9.1688615,9.2688983,100000,9.2614762,9.2688983,1,10.187624,8.3353286
2024-05-31,SYN07,9.5233276,9.6303472,9.4280943,9.5349972,100000,9.5233276,9.5349972,1,10.47566,8.5709948
2024-05-31,SYN08,9.3780383,9.4718187,9.2719162,9.3655719,100000,9.3780383,9.3655719,1,10.315842,8.4402345
2024-05-31,SYN09,9.2823424,9.3952638,9.189519,9.3022414,100000,9.2823424,9.3022414,1,10.210577,8.3541082
2024-05-31,SYN10,9.0666433,9.1573097,8.9538924,9.0443358,100000,9.0666433,9.0443358,1,9.9733076,8.1599789
2024-05-31,SYN11,12.691251,12.84902,12.564338,12.721802,100000,12.691251,12.721802,1,13.960376,11.422126
2024-06-03,SYN00,9.9283177,10.065814,9.8290345,9.966152,100000,9.9283177,9.966152,1,10.921149,8.9354859
2024-06-03,SYN01,9.5593651,9.6766476,9.4637715,9.5808392,100000,9.5593651,9.5808392,1,10.515302,8.6034286
2024-06-03,SYN02,11.950873,12.092093,11.831364,11.97237,100000,11.950873,11.97237,1,13.14596,10.755786
2024-06-03,SYN03,13.425928,13.566383,13.291669,13.432063,100000,13.425928,13.432063,1,14.768521,12.083335
2024-06-03,SYN04,9.9113729,10.010487,9.811011,9.9101121,100000,9.9113729,9.9101121,1,10.90251,8.9202356
2024-06-03,SYN05,8.0618113,8.1716205,7.9811932,8.0907134,100000,8.0618113,8.0907134,1,8.8679925,7.2556302
2024-06-03,SYN06,9.4733207,9.5680539,9.3588047,9.4533381,100000,9.4733207,9.4533381,1,10.420653,8.5259886
2024-06-03,SYN07,9.4938139,9.615668,9.3988757,9.5204634,100000,9.4938139,9.5204634,1,10.443195,8.5444325
2024-06-03,SYN08,9.325799,9.4481853,9.232541,9.3546389,100000,9.325799,9.3546389,1,10.258379,8.3932191
2024-06-03,SYN09,9.325619,9.421674,9.2323628,9.3283901,100000,9.325619,9.3283901,1,10.258181,8.3930571
2024-06-03,SYN10,9.0826147,9.1734409,8.9877497,9.078535,100000,9.0826147,9.078535,1,9.9908762,8.1743533
2024-06-03,SYN11,12.635702,12.781101,12.509345,12.654556,100000,12.635702,12.654556,1,13.899272,11.372131
2024-06-04,SYN00,10.086864,10.187732,9.9675625,10.068245,100000,10.086864,10.068245,1,11.09555,9.0781775
2024-06-04,SYN01,9.5312779,9.6265907,9.3954924,9.4903964,100000,9.5312779,9.4903964,1,10.484406,8.5781501
2024-06-04,SYN02,11.761229,11.893953,11.643616,11.776191,100000,11.761229,11.776191,1,12.937352,10.585106
2024-06-04,SYN03,13.589338,13.742747,13.453444,13.60668,100000,13.589338,13.60668,1,14.948271,12.230404
2024-06-04,SYN04,9.9941562,10.094098,9.8907768,9.9906836,100000,9.9941562,9.9906836,1,10.993572,8.9947406
2024-06-04,SYN05,7.8396521,7.9180486,7.7587917,7.8371633,100000,7.8396521,7.8371633,1,8.6236173,7.0556869
2024-06-04,SYN06,9.3359149,9.4647933,9.2425557,9.3710824,100000,9.3359149,9.3710824,1,10.269506,8.4023234
2024-06-04,SYN07,9.5865347,9.6965819,9.4906694,9.6005762,100000,9.5865347,9.6005762,1,10.545188,8.6278813
2024-06-04,SYN08,9.414624,9.5087703,9.3041762,9.3981578,100000,9.414624,9.3981578,1,10.356086,8.4731616
2024-06-04,SYN09,9.190143,9.312681,9.0982416,9.2204763,100000,9.190143,9.2204763,1,10.109157,8.2711287
2024-06-04,SYN10,9.1016107,9.1926268,8.9897052,9.0805103,100000,9.1016107,9.0805103,1,10.011772,8.1914496
2024-06-04,SYN11,12.773679,12.901416,12.645622,12.773356,100000,12.773679,12.773356,1,14.051047,11.496311
2024-06-05,SYN00,10.074786,10.175534,9.9690755,10.069773,100000,10.074786,10.069773,1,11.082264,9.0673073
2024-06-05,SYN01,9.3872711,9.5109713,9.2933984,9.4168033,100000,9.3872711,9.4168033,1,10.325998,8.448544
2024-06-05,SYN02,11.558847,11.721155,11.443258,11.605104,100000,11.558847,11.605104,1,12.714731,10.402962
2024-06-05,SYN03,13.477108,13.611879,13.335827,13.470532,100000,13.477108,13.470532,1,14.824818,12.129397
2024-06-05,SYN04,10.145523,10.246978,10.033391,10.134738,100000,10.145523,10.134738,1,11.160075,9.1309707
2024-06-05,SYN05,7.9480869,8.0275678,7.8595579,7.9389474,100000,7.9480869,7.9389474,1,8.7428956,7.1532782
2024-06-05,SYN06,9.4332462,9.5275787,9.3337379,9.4280181,100000,9.4332462,9.4280181,1,10.376571,8.4899216
2024-06-05,SYN07,9.760295,9.8692019,9.662692,9.7714871,100000,9.760295,9.7714871,1,10.736324,8.7842655
2024-06-05,SYN08,9.6266495,9.7266575,9.530383,9.630354,100000,9.6266495,9.630354,1,10.589314,8.6639846
2024-06-05,SYN09,9.0705029,9.1739511,8.9797979,9.0831199,100000,9.0705029,9.0831199,1,9.9775532,8.1634526
2024-06-05,SYN10,9.1895631,9.2814588,9.0823667,9.1741078,100000,9.1895631,9.1741078,1,10.108519,8.2706068
2024-06-05,SYN11,12.796773,12.924741,12.621653,12.749145,100000,12.796773,12.749145,1,14.076451,11.517096
2024-06-06,SYN00,10.071718,10.172435,9.9276729,10.027952,100000,10.071718,10.027952,1,11.07889,9.064546
2024-06-06,SYN01,9.345103,9.4418609,9.251652,9.3483771,100000,9.345103,9.3483771,1,10.279613,8.4105927
2024-06-06,SYN02,11.540282,11.655685,11.4203,11.535657,100000,11.540282,11.535657,1,12.69431,10.386254
2024-06-06,SYN03,13.492794,13.66386,13.357866,13.528575,100000,13.492794,13.528575,1,14.842073,12.143514
2024-06-06,SYN04,9.9291335,10.028425,9.8222581,9.9214728,100000,9.9291335,9.9214728,1,10.922047,8.9362201
2024-06-06,SYN05,7.9628291,8.0676157,7.8832008,7.9877383,100000,7.9628291,7.9877383,1,8.759112,7.1665462
2024-06-06,SYN06,9.3262648,9.4356102,9.2330022,9.3421883,100000,9.3262648,9.3421883,1,10.258891,8.3936383
2024-06-06,SYN07,9.6152121,9.7359913,9.51906,9.6395954,100000,9.6152121,9.6395954,1,10.576733,8.6536909
2024-06-06,SYN08,9.5434673,9.647583,9.4480326,9.5520624,100000,9.5434673,9.5520624,1,10.497814,8.5891206
2024-06-06,SYN09,9.1998518,9.2966093,9.1078533,9.2045637,100000,9.1998518,9.2045637,1,10.119837,8.2798667
2024-06-06,SYN10,9.166311,9.2587966,9.0746479,9.1671254,100000,9.166311,9.1671254,1,10.082942,8.2496799
2024-06-06,SYN11,12.710744,12.852061,12.583637,12.724813,100000,12.710744,12.724813,1,13.981819,11.43967
2024-06-07,SYN00,10.016284,10.153315,9.9161214,10.052787,100000,10.016284,10.052787,1,11.017913,9.0146558
2024-06-07,SYN01,9.4446873,9.5528412,9.3502405,9.4582586,100000,9.4446873,9.4582586,1,10.389156,8.5002186
2024-06-07,SYN02,11.583599,11.699435,11.42206,11.537435,100000,11.583599,11.537435,1,12.741959,10.425239
2024-06-07,SYN03,13.796131,13.934093,13.63139,13.76908,100000,13.796131,13.76908,1,15.175745,12.416518
2024-06-07,SYN04,9.978018,10.077798,9.8717551,9.9714698,100000,9.978018,9.9714698,1,10.97582,8.9802162
2024-06-07,SYN05,8.0148832,8.095032,7.9039597,7.9837977,100000,8.0148832,7.9837977,1,8.8163715,7.2133949
2024-06-07,SYN06,9.2184036,9.3272478,9.1262195,9.2348989,100000,9.2184036,9.2348989,1,10.140244,8.2965632
2024-06-07,SYN07,9.6796598,9.7764564,9.5773182,9.6740588,100000,9.6796598,9.6740588,1,10.647626,8.7116938
2024-06-07,SYN08,9.6571036,9.7722211,9.5605326,9.6754664,100000,9.6571036,9.6754664,1,10.622814,8.6913932
2024-06-07,SYN09,9.2478625,9.3403411,9.1304239,9.2226505,100000,9.2478625,9.2226505,1,10.172649,8.3230763
2024-06-07,SYN10,9.2621359,9.3619571,9.1695145,9.2692645,100000,9.2621359,9.2692645,1,10.188349,8.3359223
2024-06-07,SYN11,12.453625,12.600059,12.329089,12.475306,100000,12.453625,12.475306,1,13.698987,11.208262
2024-06-10,SYN00,10.171007,10.272717,10.04034,10.141757,100000,10.171007,10.141757,1,11.188107,9.1539061
2024-06-10,SYN01,9.4373585,9.5317321,9.3250354,9.4192277,100000,9.4373585,9.4192277,1,10.381094,8.4936226
2024-06-10,SYN02,11.775347,11.900534,11.657594,11.782707,100000,11.775347,11.782707,1,12.952882,10.597813
2024-06-10,SYN03,13.697639,13.843549,13.560663,13.706484,100000,13.697639,13.706484,1,15.067403,12.327875
2024-06-10,SYN04,10.00947,10.137502,9.9093755,10.037131,100000,10.00947,10.037131,1,11.010417,9.0085232
2024-06-10,SYN05,7.9336344,8.0129708,7.8429655,7.9221874,100000,7.9336344,7.9221874,1,8.7269979,7.140271
2024-06-10,SYN06,9.2901421,9.3830436,9.1885136,9.2813268,100000,9.2901421,9.2813268,1,10.219156,8.3611279
2024-06-10,SYN07,9.7169104,9.8140795,9.6161185,9.713251,100000,9.7169104,9.713251,1,10.688601,8.7452194
2024-06-10,SYN08,9.6741667,9.7786891,9.577425,9.6818704,100000,9.6741667,9.6818704,1,10.641583,8.70675
2024-06-10,SYN09,9.1384639,9.2298485,9.0307518,9.1219715,100000,9.1384639,9.1219715,1,10.05231,8.2246175
2024-06-10,SYN10,8.9558725,9.0454312,8.8553908,8.9448392,100000,8.9558725,8.9448392,1,9.8514597,8.0602852
2024-06-10,SYN11,12.334905,12.458254,12.204757,12.328038,100000,12.334905,12.328038,1,13.568396,11.101415
2024-06-11,SYN00,9.8963403,10.005158,9.7973769,9.906097,100000,9.8963403,9.906097,1,10.885974,8.9067063
2024-06-11,SYN01,9.3527772,9.446305,9.2319481,9.3252001,100000,9.3527772,9.3252001,1,10.288055,8.4174995
2024-06-11,SYN02,11.861867,12.001748,11.743248,11.882919,100000,11.861867,11.882919,1,13.048053,10.67568
2024-06-11,SYN03,13.86498,14.008119,13.72633,13.869425,100000,13.86498,13.869425,1,15.251478,12.478482
2024-06-11,SYN04,9.90937,10.035194,9.8102763,9.9358359,100000,9.90937,9.9358359,1,10.900307,8.918433
2024-06-11,SYN05,7.9341993,8.0135413,7.8178835,7.896852,100000,7.9341993,7.896852,1,8.7276192,7.1407794
2024-06-11,SYN06,9.1121505,9.2056828,9.021029,9.1145374,100000,9.1121505,9.1145374,1,10.023366,8.2009355
2024-06-11,SYN07,9.670799,9.7983878,9.574091,9.7013741,100000,9.670799,9.7013741,1,10.637879,8.7037191
2024-06-11,SYN08,9.6735972,9.7912927,9.5768613,9.6943492,100000,9.6735972,9.6943492,1,10.640957,8.7062375
2024-06-11,SYN09,8.9435874,9.0330233,8.8317915,8.9210016,100000,8.9435874,8.9210016,1,9.8379462,8.0492287
2024-06-11,SYN10,8.9980145,9.1026138,8.9080344,9.0124889,100000,8.9980145,9.0124889,1,9.897816,8.0982131
2024-06-11,SYN11,12.290791,12.418497,12.167884,12.295542,100000,12.290791,12.295542,1,13.519871,11.061712
2024-06-12,SYN00,10.042467,10.142891,9.9418807,10.042304,100000,10.042467,10.042304,1,11.046713,9.03822
2024-06-12,SYN01,9.2963222,9.4037169,9.203359,9.3106108,100000,9.2963222,9.3106108,1,10.225954,8.36669
2024-06-12,SYN02,11.901013,12.020023,11.775373,11.894316,100000,11.901013,11.894316,1,13.091115,10.710912
2024-06-12,SYN03,13.840234,14.01245,13.701832,13.873713,100000,13.840234,13.873713,1,15.224258,12.456211
2024-06-12,SYN04,9.8776616,9.9764382,9.7292895,9.8275651,100000,9.8776616,9.8275651,1,10.865428,8.8898954
2024-06-12,SYN05,7.9343644,8.0197248,7.8550208,7.9403216,100000,7.9343644,7.9403216,1,8.7278009,7.140928
2024-06-12,SYN06,9.1564341,9.2479984,9.0633707,9.1549199,100000,9.1564341,9.1549199,1,10.072077,8.2407907
2024-06-12,SYN07,9.6917123,9.7907581,9.5947951,9.6938199,100000,9.6917123,9.6938199,1,10.660883,8.722541
2024-06-12,SYN08,9.7302284,9.8275307,9.616524,9.7136606,100000,9.7302284,9.7136606,1,10.703251,8.7572056
2024-06-12,SYN09,8.9006045,8.9983909,8.8115985,8.9092979,100000,8.9006045,8.9092979,1,9.7906649,8.010544
2024-06-12,SYN10,8.8455683,8.934024,8.7483831,8.8367506,100000,8.8455683,8.8367506,1,9.7301251,7.9610115
2024-06-12,SYN11,12.099645,12.220641,11.972863,12.093801,100000,12.099645,12.093801,1,13.309609,10.88968
2024-06-13,SYN00,10.23277,10.335098,10.111092,10.213224,100000,10.23277,10.213224,1,11.256047,9.2094932
2024-06-13,SYN01,9.2709324,9.3636417,9.1647107,9.2572836,100000,9.2709324,9.2572836,1,10.198026,8.3438391
2024-06-13,SYN02,11.659641,11.802095,11.543045,11.685242,100000,11.659641,11.685242,1,12.825605,10.493677
2024-06-13,SYN03,13.959924,14.127662,13.820325,13.987785,100000,13.959924,13.987785,1,15.355917,12.563932
2024-06-13,SYN04,9.7754159,9.87317,9.6575545,9.7551056,100000,9.7754159,9.7551056,1,10.752957,8.7978743
2024-06-13,SYN05,8.0666884,8.1473553,7.9618176,8.04224,100000,8.0666884,8.04224,1,8.8733573,7.2600196
2024-06-13,SYN06,9.0180157,9.1081959,8.9031854,8.9931166,100000,9.0180157,8.9931166,1,9.9198173,8.1162142
2024-06-13,SYN07,9.8533436,9.9543825,9.7548101,9.8558243,100000,9.8533436,9.8558243,1,10.838678,8.8680092
2024-06-13,SYN08,9.7495858,9.8470816,9.640189,9.7375647,100000,9.7495858,9.7375647,1,10.724544,8.7746272
2024-06-13,SYN09,9.0283328,9.1391471,8.9380495,9.0486605,100000,9.0283328,9.0486605,1,9.9311661,8.1254995
2024-06-13,SYN10,8.7419884,8.8551263,8.6545685,8.7674518,100000,8.7419884,8.7674518,1,9.6161872,7.8677895
2024-06-13,SYN11,12.221465,12.34368,12.094133,12.216296,100000,12.221465,12.216296,1,13.443612,10.999319
2024-06-14,SYN00,10.13584,10.237198,10.021337,10.122563,100000,10.13584,10.122563,1,11.149423,9.1222556
2024-06-14,SYN01,9.3606996,9.4753752,9.2670926,9.3815596,100000,9.3606996,9.3815596,1,10.29677,8.4246296
2024-06-14,SYN02,11.663302,11.810755,11.546669,11.693817,100000,11.663302,11.693817,1,12.829632,10.496971
2024-06-14,SYN03,13.988252,14.128135,13.837642,13.977416,100000,13.988252,13.977416,1,15.387077,12.589427
2024-06-14,SYN04,9.7950138,9.892964,9.6864561,9.7842991,100000,9.7950138,9.7842991,1,10.774515,8.8155125
2024-06-14,SYN05,8.0972867,8.1782595,7.9988029,8.0795989,100000,8.0972867,8.0795989,1,8.9070153,7.287558
2024-06-14,SYN06,9.0076839,9.0977608,8.9144062,9.0044507,100000,9.0076839,9.0044507,1,9.9084523,8.1069155
2024-06-14,SYN07,9.7535544,9.8571357,9.6560189,9.7595403,100000,9.7535544,9.7595403,1,10.72891,8.778199
2024-06-14,SYN08,10.113151,10.216315,10.01202,10.115164,100000,10.113151,10.115164,1,11.124467,9.1018363
2024-06-14,SYN09,9.1776162,9.2755814,9.0858401,9.1837439,100000,9.1776162,9.1837439,1,10.095378,8.2598546
2024-06-14,SYN10,8.8166549,8.9155717,8.7284883,8.8272987,100000,8.8166549,8.8272987,1,9.6983204,7.9349894
2024-06-14,SYN11,12.248623,12.401958,12.126137,12.279167,100000,12.248623,12.279167,1,13.473486,11.023761
2024-06-17,SYN00,10.149744,10.256321,10.048247,10.154773,100000,10.149744,10.154773,1,11.164719,9.1347699
2024-06-17,SYN01,9.3967164,9.4984833,9.3027493,9.4044389,100000,9.3967164,9.4044389,1,10.336388,8.4570448
2024-06-17,SYN02,11.802528,11.958484,11.684503,11.840083,100000,11.802528,11.840083,1,12.982781,10.622275
2024-06-17,SYN03,13.987709,14.127586,13.805201,13.944647,100000,13.987709,13.944647,1,15.38648,12.588938
2024-06-17,SYN04,9.5833332,9.6791665,9.4788675,9.5746136,100000,9.5833332,9.5746136,1,10.541667,8.6249999
2024-06-17,SYN05,7.9783106,8.0580937,7.8900469,7.9697443,100000,7.9783106,7.9697443,1,8.7761417,7.1804795
2024-06-17,SYN06,8.7780464,8.8740877,8.6902659,8.7862254,100000,8.7780464,8.7862254,1,9.655851,7.9002417
2024-06-17,SYN07,9.7118781,9.8223925,9.6147593,9.725141,100000,9.7118781,9.725141,1,10.683066,8.7406903
2024-06-17,SYN08,10.19966,10.324179,10.097663,10.221959,100000,10.19966,10.221959,1,11.219626,9.1796936
2024-06-17,SYN09,9.0748091,9.1731628,8.984061,9.0823394,100000,9.0748091,9.0823394,1,9.98229,8.1673282
2024-06-17,SYN10,8.8210299,8.9092402,8.704135,8.7920556,100000,8.8210299,8.7920556,1,9.7031329,7.9389269
2024-06-17,SYN11,12.354251,12.503588,12.230708,12.37979,100000,12.354251,12.37979,1,13.589676,11.118826
