date,assets_total,factor_count,factor_coverage,valid_pairs,ic,rank_ic,factor_mean,factor_std,factor_min,factor_max
2023-01-03,1000,758,0.758,758,0.01867900075263169,0.05244419115568757,4.68695735989512e-17,0.9999999999999994,-3.9432796711301656,5.796690676156297
2023-01-04,1000,760,0.76,760,0.028279627324583945,0.06090284935784247,4.207160935421646e-17,0.9999999999999996,-4.0292933949554035,5.732901816067156
2023-01-05,1000,760,0.76,760,0.027232080547343246,0.06313292380407956,7.946859544685331e-17,1.0000000000000009,-4.020173081376569,5.769608203506435
2023-01-06,1000,760,0.76,759,0.04093213797345229,0.06704918520828146,-1.402386978473882e-17,0.9999999999999998,-3.9775151162946334,5.858455286466902
2023-01-09,1000,759,0.759,759,0.04017655436329513,0.06884227448792091,2.8084693113047436e-17,1.0000000000000004,-3.9489202361351547,5.886869232041609
2023-01-10,1000,758,0.758,758,0.0630163092682663,0.08253108825602028,-4.68695735989512e-18,1.0000000000000002,-3.972495739667658,5.937206885568194
2023-01-11,1000,756,0.756,755,0.05630624290215076,0.07863413822543923,-3.289549702593056e-17,0.9999999999999998,-3.828228320795204,5.94043039617977
2023-01-12,1000,755,0.755,755,0.08087499359162521,0.11228628801249901,-1.882232412609537e-17,1.0,-3.7740833513314564,5.940410812528591
2023-01-13,1000,755,0.755,755,0.08944262193079212,0.10868929982624995,-5.646697237828611e-17,1.0000000000000007,-3.8108840611106163,5.940316404090783
2023-01-16,1000,757,0.757,757,0.09969930168952537,0.13789936356519977,4.693148849142009e-18,0.9999999999999993,-3.863689415642855,5.997329178008053
2023-01-17,1000,759,0.759,759,0.12979611725683293,0.16073319858727625,-5.148860404058697e-17,0.9999999999999998,-3.8669141456207026,5.998894568363179
2023-01-18,1000,761,0.761,761,0.13548178878088407,0.16227992624188142,-1.8673922096191858e-17,1.0000000000000004,-3.885662896102711,6.001323593029061
2023-01-19,1000,761,0.761,761,0.14330500089797663,0.17000242022926648,5.135328576452761e-17,0.9999999999999991,-3.8598474696669482,6.025882916097463
2023-01-20,1000,766,0.766,766,0.12376693615250109,0.15878363935187859,-9.739815568513123e-17,0.9999999999999998,-3.7307845972710014,6.107899245377364
2023-01-30,1000,766,0.766,766,0.16129642951047363,0.19919080611881268,3.710405930862142e-17,1.0,-3.7968552079812117,6.101017197531534
2023-01-31,1000,767,0.767,767,0.1547652872858546,0.20290039752447767,0.0,0.9999999999999998,-3.765574378425132,6.132094476845021
2023-02-01,1000,768,0.768,768,0.16800408967890773,0.2230116203056043,1.850371707708594e-17,0.999999999999999,-3.795906875504582,6.168223055235926
2023-02-02,1000,769,0.769,769,0.178621143221202,0.243366307545706,0.0,1.0000000000000004,-3.7547303296537486,6.190550987173895
2023-02-03,1000,770,0.77,769,0.20707928061304048,0.2652773232756282,-3.229739708000455e-17,0.9999999999999991,-3.762142584299868,6.148632528337676
2023-02-06,1000,769,0.769,768,0.21247537148085394,0.27282073121518274,6.46787925919467e-17,0.9999999999999996,-3.751347829180133,6.1137107912385815
2023-02-07,1000,770,0.77,769,0.20917781446325692,0.27091386803407125,6.45947941600091e-17,1.0,-3.763951205580914,6.13437315210718
2023-02-08,1000,770,0.77,769,0.196928608297756,0.2615549454944479,-1.3841741605716237e-17,1.0000000000000002,-3.775706740628278,6.108626574731815
2023-02-09,1000,772,0.772,771,0.20218362116474803,0.25749938985476795,4.601960723834846e-18,1.0000000000000007,-3.80370663673002,6.136299247792762
2023-02-10,1000,772,0.772,772,0.17080566025148347,0.21681906760605604,0.0,1.0000000000000007,-3.8618625563981164,6.122987071869798
2023-02-13,1000,771,0.771,771,0.17041680352854194,0.2174816096888087,1.3823788633464984e-17,1.0000000000000002,-3.9110782854424864,6.145318651924754
2023-02-14,1000,772,0.772,772,0.15340220488642867,0.1965900367660332,-4.601960723834846e-18,1.0000000000000013,-3.9181551319537524,6.145769137736719
2023-02-15,1000,772,0.772,772,0.16866574003567583,0.18870919799569372,3.681568579067877e-17,0.9999999999999992,-3.9227916849644306,6.151997747127844
2023-02-16,1000,771,0.771,771,0.16012438091458114,0.1851212417712417,-3.686343635590662e-17,0.9999999999999996,-3.952575683673816,6.101950728447494
2023-02-17,1000,771,0.771,771,0.13824513188233833,0.18350761164078816,0.0,1.0000000000000007,-3.847539770127602,6.173481930247711
2023-02-20,1000,775,0.775,775,0.12690379232617277,0.18491808757496186,-9.168293364646454e-18,0.9999999999999996,-3.8104743105506076,6.245385929128944
2023-02-21,1000,776,0.776,776,0.09408642675555468,0.14558960973680207,4.578239276804769e-18,0.9999999999999996,-3.749858597331723,6.31433231632431
2023-02-22,1000,776,0.776,776,0.08721260189905354,0.13139446909203154,9.156478553609538e-18,0.9999999999999997,-3.7209709313496204,6.305361342397972
2023-02-23,1000,776,0.776,776,0.08623138071363846,0.13441164099763492,2.7469435660828616e-17,1.0,-3.6652914375220065,6.286118015139875
2023-02-24,1000,776,0.776,776,0.07833843816520566,0.13641395478008142,8.240830698248585e-17,1.0000000000000004,-3.6631801571196587,6.266372148468367
2023-02-27,1000,774,0.774,774,0.06937946551410112,0.12753582080953038,-6.426097093437598e-17,0.9999999999999994,-3.626183878778869,6.269581622425311
2023-02-28,1000,775,0.775,775,0.06145404440628684,0.12025212566190596,1.8336586729292908e-17,1.0000000000000004,-3.7195289872602806,6.015299969744562
2023-03-01,1000,777,0.777,777,0.05566536700463615,0.12288663563463889,0.0,0.9999999999999998,-3.5708739064087744,6.052896816462051
2023-03-02,1000,777,0.777,777,0.04924373754311018,0.11218040035033292,-1.8289388307853286e-17,0.9999999999999998,-3.568442016213593,6.070125174447416
2023-03-03,1000,778,0.778,777,0.02263215188809831,0.10268547595150791,3.196529016915618e-17,1.0000000000000004,-3.5949410110148694,6.080079063531486
2023-03-06,1000,776,0.776,776,0.0039574832754807245,0.07081737707890834,1.3734717830414308e-17,0.9999999999999994,-3.673788678711211,6.021006665240844
2023-03-07,1000,775,0.775,775,0.011790097416620843,0.07700365566312235,8.709878696414132e-17,1.0000000000000013,-3.592382032795899,6.029270347284208
2023-03-08,1000,777,0.777,777,0.00756792231948099,0.07348829854443577,5.029581784659654e-17,0.9999999999999996,-3.7144869736580497,6.022592289283017
2023-03-09,1000,777,0.777,777,-0.004110874616454011,0.04456798913637926,5.486816492355986e-17,1.0000000000000002,-3.712630272106839,6.008879666725067
2023-03-10,1000,774,0.774,774,0.011710535630091109,0.06742801752177015,-6.885104028683141e-17,1.0,-3.7136960388575284,5.922179445366274
2023-03-13,1000,775,0.775,775,0.0035454024024930003,0.0667206513845166,1.558609871989897e-16,0.9999999999999996,-3.706005209870495,6.036787070858099
2023-03-14,1000,774,0.774,774,0.006982876878745569,0.067194177193302,1.0557159510647483e-16,1.0,-3.783431684404107,6.045278221899891
2023-03-15,1000,776,0.776,776,-0.006110427030543131,0.055498464749996625,2.2891196384023845e-17,0.9999999999999998,-3.8273597840837286,6.050921914173503
2023-03-16,1000,774,0.774,773,-0.024096178537410518,0.03670587720579286,6.426097093437598e-17,1.0000000000000004,-3.9234470312511456,5.984304438888132
2023-03-17,1000,774,0.774,774,-0.012777926679658706,0.04539014351364821,-4.131062417209885e-17,1.0,-3.940145810832267,5.987344575055296
2023-03-20,1000,773,0.773,773,0.007105549213558969,0.07392718453702556,-1.8384029385772322e-17,1.0,-3.93993041802466,5.943891007857994
2023-03-21,1000,773,0.773,773,0.021684695897879903,0.107382520868027,4.5960073464430803e-17,1.0000000000000009,-3.96974686303859,6.015615506250568
2023-03-22,1000,773,0.773,773,0.025326438616159314,0.11083964764212599,0.0,1.0000000000000004,-3.9549359425310184,5.9896558557914705
2023-03-23,1000,772,0.772,772,0.025047293633893963,0.08847551889320343,-3.221372506684392e-17,1.0,-3.9374282114333403,5.994207971872719
2023-03-24,1000,774,0.774,774,0.03312660336022873,0.0806985084142481,3.213048546718799e-17,1.0,-3.9610937231539314,5.962357088512884
2023-03-27,1000,771,0.771,771,0.028511030516673367,0.07116567059569362,4.147136590039495e-17,1.0,-3.8921982995122795,5.632538144582735
2023-03-28,1000,769,0.769,768,0.05285211650474653,0.09235027536765436,5.0819051322243836e-17,1.0000000000000004,-3.863963841939897,5.746036755695687
2023-03-29,1000,768,0.768,767,0.03378353250920112,0.06316070216290053,6.938893903907228e-17,0.9999999999999996,-3.859695875529374,5.761818975382492
2023-03-30,1000,768,0.768,767,0.0020327452525288835,0.04393145944535309,1.1102230246251565e-16,0.9999999999999991,-3.744218482090037,5.704063183504682
2023-03-31,1000,766,0.766,765,0.028172974852945853,0.05113621686226944,-1.2058819275301962e-16,1.0000000000000009,-3.8346327478273428,5.684401126849703
2023-04-03,1000,768,0.768,767,0.03556484659732581,0.06642571995792135,4.625929269271486e-17,1.0000000000000004,-3.9336105876727303,5.87587144163975
2023-04-04,1000,769,0.769,768,0.03882872097106415,0.07824308466060853,0.0,1.0000000000000002,-3.9543725834053767,5.9083990000657565
2023-04-06,1000,769,0.769,767,0.0550459432990613,0.08754286658019385,-1.8479655026270486e-17,1.0,-3.999012283260861,5.90297193144251
2023-04-07,1000,769,0.769,767,0.07083082808463158,0.09225440502290769,-9.239827513135243e-18,1.0000000000000004,-4.056757198417814,5.8457149969413225
2023-04-10,1000,768,0.768,766,0.0688778175305433,0.09820396277996007,4.163336342344337e-17,1.0000000000000002,-4.110873432484104,5.810821860974096
2023-04-11,1000,771,0.771,769,0.0784614907558635,0.11364778010265182,-5.068722498937161e-17,1.0,-4.146088576219501,5.853193702086007
2023-04-12,1000,775,0.775,774,0.08451842089588747,0.1122443777905789,-9.168293364646454e-18,1.0000000000000004,-4.107783101174784,5.866411826932706
2023-04-13,1000,775,0.775,774,0.0820480987210302,0.11330951267185924,-4.584146682323227e-18,0.9999999999999997,-4.0938916874044535,5.840857106822923
2023-04-14,1000,775,0.775,773,0.06779716393102216,0.11684475247391508,1.3752440046969681e-17,1.0000000000000009,-4.128064700437654,5.889096430447905
2023-04-17,1000,774,0.774,773,0.049009682218983185,0.09666907529712633,-9.180138704910856e-18,0.9999999999999999,-4.144339641690943,6.082635068994526
2023-04-18,1000,774,0.774,773,0.017581505978283292,0.06874331791727399,-5.967090158192056e-17,1.0000000000000004,-4.117047908461939,6.227807875040103
2023-04-19,1000,772,0.772,771,0.01697611204383045,0.06071555102953882,-5.0621567962183305e-17,0.9999999999999999,-4.078865721741063,6.166206251336614
2023-04-20,1000,772,0.772,772,0.002935105890139361,0.04691601017566574,7.593235194327495e-17,1.0000000000000007,-4.115389250451746,6.173220724124863
2023-04-21,1000,769,0.769,769,-0.023936927264613002,0.012916702815185635,-4.1579223809108596e-17,1.0000000000000002,-4.157482266780542,6.16135304125687
2023-04-24,1000,768,0.768,768,-0.03304113152693669,0.010355465070829371,-3.700743415417188e-17,1.0000000000000009,-4.191803826679422,6.134805149501033
2023-04-25,1000,771,0.771,771,-0.030511022935736275,0.010914592021700654,-3.686343635590662e-17,0.9999999999999996,-4.222381924125842,6.070012776286543
2023-04-26,1000,773,0.773,772,-0.01892355303736507,0.04927146926122576,4.5960073464430803e-17,0.9999999999999998,-4.153516271230348,6.055312959977492
2023-04-27,1000,770,0.77,770,0.00605013167023602,0.07116940718505405,-5.075305255429287e-17,1.0,-4.172055852006185,6.100708337178901
2023-04-28,1000,767,0.767,767,0.03387991673470398,0.09677709602211763,-2.3159802338986317e-17,0.999999999999999,-4.185453777819075,6.121228358612207
2023-05-04,1000,765,0.765,765,0.03209482986763226,0.07052650690114846,8.591529811478336e-17,1.0,-4.327502514487348,5.7415391944492065
2023-05-05,1000,766,0.766,766,0.05092512012089888,0.060701475298996756,-1.855202965431071e-17,0.9999999999999992,-4.331643598865874,5.7355155086951894
2023-05-08,1000,768,0.768,768,0.03346763829296073,0.049505304779366176,-2.7755575615628914e-17,1.0000000000000002,-4.236364205392312,5.904603057709657
2023-05-09,1000,767,0.767,766,0.05115317998616259,0.06846350158055667,6.947940701695895e-18,1.0000000000000002,-4.187689276583481,5.92252792490281
2023-05-10,1000,767,0.767,766,0.03997718657686103,0.08696441362772772,-5.789950584746579e-17,1.0,-4.214010599562667,5.951594606268553
2023-05-11,1000,768,0.768,767,0.05116788465836687,0.08383122471986225,2.544261098099317e-17,1.0000000000000002,-4.254953141885403,5.293792657150183
2023-05-12,1000,766,0.766,765,0.04588181676876994,0.0793036570970127,-4.1742066722199096e-17,1.0,-4.240860972633733,6.004735997619974
2023-05-15,1000,766,0.766,765,0.011564751082102476,0.058030540867046364,-1.391402224073303e-17,0.9999999999999987,-4.189660142059163,6.099872651425419
2023-05-16,1000,763,0.763,762,0.0008572374103942615,0.039737591751137745,4.423431185924608e-17,0.9999999999999997,-4.179504550252554,6.14035633487403
2023-05-17,1000,763,0.763,761,-0.016071182706613736,0.025056309267205104,-2.328121676802425e-17,0.9999999999999993,-4.183063602491831,6.07681946267915
2023-05-18,1000,762,0.762,760,-0.027921497090003158,0.014004913375236612,-7.459766254699214e-17,1.0000000000000004,-4.158988030707791,6.093621820698424
2023-05-19,1000,761,0.761,760,-0.009234707714386158,0.04286576192451603,1.6339681834167875e-17,1.0000000000000007,-4.1705061477044545,6.029568865655247
2023-05-22,1000,761,0.761,760,-0.023782469082895403,0.03279213674642882,5.368752602655159e-17,0.9999999999999998,-4.180161212221626,5.996790965085241
2023-05-23,1000,758,0.758,758,-0.028362235069990957,0.020276041021315572,3.983913755910852e-17,1.0,-4.179561353043057,6.038902598022431
2023-05-24,1000,758,0.758,758,-0.007770233549693766,0.06930285811714355,-7.499131775832192e-17,0.9999999999999997,-4.155031803018172,6.0071141962486365
2023-05-25,1000,758,0.758,758,-0.011146222019734956,0.06546581963356154,7.03043603984268e-18,0.9999999999999993,-4.170177264229081,6.0762605109884005
2023-05-26,1000,759,0.759,759,0.0038938072341015055,0.07153845808149926,2.3403910927539533e-18,1.0000000000000002,-4.227229014430425,6.099078978418289
2023-05-29,1000,758,0.758,758,-0.009363196354479067,0.050127765911048,-3.398044085923962e-17,1.0,-4.251823541784154,6.1685725349829905
2023-05-30,1000,758,0.758,758,-0.018028126591341793,0.04229648455914463,8.553697181808594e-17,1.0000000000000016,-4.312577543623642,6.115928656531742
2023-05-31,1000,756,0.756,756,0.0036067398534662615,0.06466937244514162,-4.11193712824132e-17,0.9999999999999991,-4.387687441712053,6.037609099446446
2023-06-01,1000,758,0.758,757,0.010674046002671501,0.0492570005673826,6.327392435858412e-17,1.0,-4.4140198334533745,5.898849961475956
2023-06-02,1000,757,0.757,756,-0.011319602607653335,0.04425536916326236,5.16246373405621e-17,0.9999999999999998,-4.454882305910323,5.993746247738889
2023-06-05,1000,757,0.757,756,-0.020791220486644647,0.029644494866230133,2.8158893094852054e-17,0.9999999999999998,-4.429503975501712,5.930683557271976
2023-06-06,1000,756,0.756,756,-0.028494957465362073,0.02003793487959999,3.289549702593056e-17,0.9999999999999998,-4.378591742014946,5.962856080151089
2023-06-07,1000,755,0.755,754,-0.01419863791029484,0.022292648004749747,-4.705581031523842e-17,1.0000000000000004,-4.41034811002608,5.879918812389475
2023-06-08,1000,754,0.754,754,-0.011071925932159518,0.0198495649271463,-3.2982752986211546e-17,0.9999999999999991,-4.420844575648586,5.890458330254347
2023-06-09,1000,754,0.754,754,-0.0249721144538092,0.006714603505381244,7.067732782759617e-18,1.0000000000000004,-4.429260636206949,5.873339404152621
2023-06-12,1000,755,0.755,755,-0.012094798483195973,-0.007290541082141764,-3.764464825219074e-17,0.9999999999999994,-4.412596757534378,5.936985521995789
2023-06-13,1000,757,0.757,757,0.004939973637202401,0.022455565500679,-3.4025329156279567e-17,1.0000000000000004,-4.385732653039058,5.998927751543341
2023-06-14,1000,755,0.755,755,0.037704033334147985,0.06321750779937703,-5.881976289404803e-17,1.0000000000000009,-4.3560841681376035,6.042126625728383
2023-06-15,1000,754,0.754,754,0.03237296966521228,0.0708614105480963,-2.591502020345193e-17,1.0000000000000002,-4.374649862288531,6.071422271536749
2023-06-16,1000,756,0.756,756,0.025323773598315835,0.05792394858018733,-5.8741958974876004e-18,1.0000000000000013,-4.424611281435346,6.155093055168921
2023-06-19,1000,756,0.756,756,0.04767042015794386,0.06884058169749621,2.819614030794048e-17,1.0,-4.416662007163295,6.271211673034432
2023-06-20,1000,756,0.756,756,0.058717217903049346,0.05496323570126199,-2.819614030794048e-17,1.0000000000000007,-4.401022092270141,6.279732290525626
2023-06-21,1000,758,0.758,758,0.03101413186724029,0.014505115992124068,2.34347867994756e-18,0.9999999999999993,-4.454982545594721,6.256926905882881
2023-06-26,1000,758,0.758,758,0.03719351901006723,0.041655593951530144,3.163696217929206e-17,0.9999999999999992,-4.435392066251799,6.2773909716110925
2023-06-27,1000,760,0.76,760,0.03910608849662056,0.034906237774865644,2.162013258480568e-17,1.0000000000000002,-4.45285092069843,6.315839341772267
2023-06-28,1000,758,0.758,758,0.03456507433878467,0.028912390839742952,6.093044567863656e-17,0.999999999999999,-4.351710643776377,6.342672514707527
2023-06-29,1000,758,0.758,758,0.041825491582278496,0.028254128712873458,5.8586966998689e-18,0.9999999999999998,-4.366637508358454,6.335552027826269
2023-06-30,1000,762,0.762,762,0.04768182648252523,0.037004849090731075,1.3404267488912651e-17,0.9999999999999998,-4.334861041625367,6.269070958711854
2023-07-03,1000,761,0.761,760,0.03787559934768555,0.03345360004262866,-1.050408117910792e-17,0.9999999999999998,-4.3144859563408335,6.299452391194544
2023-07-04,1000,760,0.76,760,0.045625966046863614,0.021458099372236798,3.0385051200267444e-17,0.9999999999999996,-4.292682366143207,6.252211681198634
2023-07-05,1000,759,0.759,759,0.03464841183214723,0.03183198731818615,-7.606271051450348e-18,1.0000000000000002,-4.270151356622165,6.276884402221785
2023-07-06,1000,758,0.758,758,0.035570484934609944,0.015588059031699419,-5.390000963879388e-17,0.9999999999999997,-4.242266615533005,6.289265427639787
2023-07-07,1000,758,0.758,758,0.022326425334064218,0.017478921722271144,-5.624348831874144e-17,1.0,-4.220607768117637,6.297494600445059
2023-07-10,1000,758,0.758,758,-0.012161716526422332,-0.019408152129535686,-1.17173933997378e-18,0.9999999999999998,-4.2370745890183255,6.260647255308866
2023-07-11,1000,757,0.757,757,-0.007218250788550366,-0.020874927785690195,3.050546751942306e-17,1.0000000000000002,-4.273045422912758,6.279910425717485
2023-07-12,1000,756,0.756,756,0.005901621455352004,-0.004503911271634306,4.11193712824132e-18,0.9999999999999993,-4.290162294942047,6.258198399390631
2023-07-13,1000,756,0.756,756,0.0020559103095415675,-0.015452486841250158,-5.0518084718393364e-17,1.0000000000000002,-4.321090758003567,6.251803498157738
2023-07-14,1000,755,0.755,755,0.00834487947608596,-0.015396887707838132,-6.646633207027428e-17,0.9999999999999999,-4.298816668193416,6.260315972297725
2023-07-17,1000,757,0.757,757,0.011223249808155018,-0.006446569503344943,1.994588260885354e-17,0.9999999999999998,-4.387219474718454,6.245581599576245
2023-07-18,1000,757,0.757,757,0.014931143205245493,0.00923919926451,0.0,1.0000000000000002,-4.368875322529337,6.201175998399683
2023-07-19,1000,754,0.754,754,0.021342663277926208,0.011554170104178862,-2.827093113103847e-17,0.9999999999999997,-4.355483143188078,6.151591323247346
2023-07-20,1000,751,0.751,751,-0.0015667444067433362,0.00771235537616102,-1.1826610115847208e-18,0.9999999999999996,-4.328910017257419,6.103618271982144
2023-07-21,1000,753,0.753,753,0.040797798145335844,0.041256442709325235,-4.836031236083019e-17,1.0,-4.346155824050123,6.092200761464032
2023-07-24,1000,754,0.754,754,0.039499234257620704,0.027982583547731844,-6.94993723638029e-17,0.9999999999999996,-4.342141346817786,6.041394708545889
2023-07-25,1000,756,0.756,756,0.012808982537389638,0.03310253369511817,1.586032892321652e-17,1.0000000000000002,-4.390811324624111,6.14060732128742
2023-07-26,1000,762,0.762,762,0.034515499124202216,0.07418829414615637,-8.159119341077266e-18,1.0000000000000002,-4.392558243053257,6.126226556017492
2023-07-27,1000,763,0.763,763,0.02846085490979386,0.055919422321293315,1.8624973414419402e-17,1.0000000000000002,-4.399212397895592,6.075348338156677
2023-07-28,1000,762,0.762,762,0.026549575547005197,0.06065772877498842,-3.613324279619932e-17,0.9999999999999984,-4.431540907280419,6.040392278760812
2023-07-31,1000,763,0.763,762,0.06049114601247175,0.10492343062982697,-4.6562433536048505e-18,1.000000000000001,-4.554385956693481,5.864022647924884
2023-08-01,1000,761,0.761,760,0.045710551019829265,0.0892909404184163,4.668480524047964e-17,0.9999999999999996,-4.54972681371041,5.89451282631028
2023-08-02,1000,764,0.764,763,0.04794031683024346,0.07883282178677484,4.6501487942414933e-17,0.9999999999999992,-4.600352164296283,5.922441058726614
2023-08-03,1000,764,0.764,763,0.029358838069391786,0.07072134210711799,-6.045193432513942e-17,1.0000000000000009,-4.616195878624934,5.840235519207263
2023-08-04,1000,766,0.766,765,0.06403162499857097,0.071423337011547,1.391402224073303e-17,0.9999999999999998,-4.6112585812227636,5.958650894776797
2023-08-07,1000,765,0.765,764,0.07512987608921562,0.09277337381384793,-6.501698235713335e-17,0.9999999999999991,-4.579018597104949,5.860100532796479
2023-08-08,1000,764,0.764,763,0.07715771504476646,0.08128977432869158,4.650148794241494e-18,0.9999999999999993,-4.51018447493418,5.769762444155542
2023-08-09,1000,765,0.765,764,0.0630026867457482,0.07963048723814323,3.715256134693334e-17,1.0000000000000009,-4.503513142955925,5.891583104127608
2023-08-10,1000,766,0.766,765,0.06761274646400485,0.08266320163937928,2.3190037067888388e-18,0.9999999999999998,-4.430299309786373,5.864100735110112
2023-08-11,1000,765,0.765,764,0.0399829176717518,0.07678636539402915,2.322035084183334e-17,1.0000000000000004,-4.4488336750281485,5.755742749843629
2023-08-14,1000,766,0.766,766,0.04302910004536641,0.07210448748720734,-6.957011120366516e-18,1.0,-4.465858490388769,5.6499840147400855
2023-08-15,1000,763,0.763,763,0.05308265223430082,0.07618064444879775,-3.7249946828838804e-17,1.0,-4.431784238898607,5.724548247683841
2023-08-16,1000,763,0.763,763,0.046638205552340425,0.05564102419328768,3.492182515203638e-17,1.0,-4.4320351110888465,5.803880006111681
2023-08-17,1000,763,0.763,763,0.06515680022810677,0.05799036834742126,6.402334611206669e-17,1.0,-4.452815938263325,5.7929759319598935
2023-08-18,1000,763,0.763,763,0.03696917819569678,0.03192528089421325,-3.2593703475233955e-17,1.0000000000000007,-4.368840220826729,5.83448235593224
2023-08-21,1000,763,0.763,763,0.045019598286519066,0.028225725514868173,3.2593703475233955e-17,0.9999999999999983,-4.385234671355207,5.875209160297833
2023-08-22,1000,764,0.764,764,0.05931285666252716,0.04724940133593822,-4.3013876346733816e-17,1.0000000000000007,-4.18459384899311,5.862819517650066
2023-08-23,1000,763,0.763,763,0.04439870369973948,0.03437404847355811,-1.1640608384012126e-17,1.0,-4.076675211563169,5.752621024046105
2023-08-24,1000,764,0.764,764,0.05908927168759326,0.03888341165635334,-1.6275520779845225e-17,1.0000000000000004,-4.07944368759216,5.629752746894804
2023-08-25,1000,764,0.764,764,0.028445916381003317,0.038888941660979684,-2.5575818368328213e-17,1.000000000000001,-4.1150026830615625,5.622664568487649
2023-08-28,1000,762,0.762,761,0.0023782820510162513,0.043677659597007416,3.030530040971556e-17,0.9999999999999991,-3.8930918906521685,5.808947338713607
2023-08-29,1000,760,0.76,760,0.0014625848092819842,0.048242150166065305,3.9734297723426655e-17,0.9999999999999998,-4.0887858780748205,5.729748737328672
2023-08-30,1000,758,0.758,758,0.034528940748796304,0.07244135885473678,-3.51521801992134e-17,1.0,-4.11316490930342,5.806688411730726
2023-08-31,1000,752,0.752,752,0.043950061653431585,0.08556627660794454,1.299197156476247e-17,1.0000000000000004,-3.9854463815054917,5.835398963062604
2023-09-01,1000,752,0.752,752,0.007210768847471676,0.07541354476328616,-5.196788625904988e-17,1.0000000000000002,-3.827378143833128,5.787601236925376
2023-09-04,1000,752,0.752,752,0.006402327716548661,0.06182088527077679,-4.60624446387033e-17,0.9999999999999999,-3.7723344312933182,5.891944836485743
2023-09-05,1000,753,0.753,753,-0.001276942046989309,0.0724367070472191,2.4769916087254488e-17,1.0000000000000004,-3.7193555296508864,5.922540825428604
2023-09-06,1000,754,0.754,754,0.04091315123895158,0.09762754785677856,2.944888659483174e-17,0.9999999999999996,-3.682434547057506,5.974624624483702
2023-09-07,1000,753,0.753,753,0.027995548576815306,0.08613140996148531,6.133503031129682e-17,1.0000000000000002,-3.6113092633529664,5.998801087770738
2023-09-08,1000,752,0.752,752,0.022112758413736285,0.07083814088323954,2.1259589833247678e-17,1.0000000000000007,-3.6566152394204945,6.021695849591072
2023-09-11,1000,752,0.752,752,0.024535413817247623,0.07531293796345738,2.7165031453594255e-17,0.9999999999999998,-3.6617465575051993,6.112476974553055
2023-09-12,1000,752,0.752,752,-0.007550277592112213,0.033149861056312055,2.0078501509178364e-17,1.0000000000000007,-3.697925205996268,6.082360922134709
2023-09-13,1000,752,0.752,752,-0.007739625515691105,0.019468942618408095,1.1220339078658498e-16,0.9999999999999992,-3.614108303334146,6.209183090111231
2023-09-14,1000,753,0.753,753,0.010527023684365512,0.03296714940565072,-2.5949435900933272e-17,0.9999999999999999,-3.4671336688429943,6.281344394520471
2023-09-15,1000,752,0.752,752,0.008966499290754342,0.039178837523936305,-4.2519179666495357e-17,0.9999999999999998,-3.468919372117073,6.253604186693426
2023-09-18,1000,752,0.752,752,0.01297971170812039,0.05673392539662247,-3.307047307394083e-17,1.0,-3.4744064171599973,6.180701430807381
2023-09-19,1000,752,0.752,752,-0.007855990387681016,0.014142540644079792,4.960570961091125e-17,0.9999999999999998,-3.4461851406614348,6.111193075141438
2023-09-20,1000,752,0.752,752,-0.021619348581905673,-0.005179116417994597,-5.669223955532714e-17,1.0000000000000007,-3.4476644831993246,6.082137702874261
2023-09-21,1000,752,0.752,752,-0.035639359090833,-0.040314733382723664,2.598394312952494e-17,1.0000000000000009,-3.4343212481741605,6.141319471148174
2023-09-22,1000,752,0.752,752,-0.052673490840406116,-0.05907926384608786,2.1259589833247678e-17,0.9999999999999996,-3.5170579540301725,6.160877299255377
2023-09-25,1000,751,0.751,751,-0.07542411805865486,-0.10326012857042613,1.655725416218609e-17,0.9999999999999998,-3.4660692032172875,6.153194547269743
2023-09-26,1000,751,0.751,751,-0.06602515939927431,-0.09666368931238442,-7.095966069508324e-18,1.0000000000000002,-3.473271955615211,6.163091161559819
2023-09-27,1000,749,0.749,749,-0.06195903541022457,-0.0995815168290732,5.45476733060157e-17,1.0000000000000004,-3.526120721419991,6.14110197068372
2023-09-28,1000,749,0.749,749,-0.08374688466987933,-0.11290860506915937,-4.743275939653539e-18,0.9999999999999998,-3.5024520222260813,6.140654087962505
2023-10-09,1000,749,0.749,749,-0.07154159977055201,-0.10375238359704123,4.2689483456881854e-17,0.9999999999999996,-3.4418956287425675,6.2849015499318135
2023-10-10,1000,748,0.748,748,-0.0849659178352232,-0.09506296839061047,-5.224578939412501e-17,0.9999999999999998,-3.47867187961322,6.191098907609848
2023-10-11,1000,748,0.748,748,-0.08098522256114635,-0.10060253866417523,7.124425826471594e-18,0.9999999999999998,-3.4795559391275654,6.234692553154478
2023-10-12,1000,748,0.748,748,-0.12247557767563573,-0.12814813162384825,-4.2746554958829555e-17,0.9999999999999998,-3.5704100281966866,6.344632190503526
2023-10-13,1000,749,0.749,749,-0.11451295781248706,-0.11831710116946702,4.0317845487055087e-17,0.9999999999999997,-3.506145902895665,6.380936936460647
2023-10-16,1000,747,0.747,747,-0.10392001025607914,-0.0976037336714418,-1.4267926420885545e-17,1.0000000000000002,-3.4079599378703,6.245412681967045
2023-10-17,1000,749,0.749,749,-0.10540163017260992,-0.10518538161531156,9.486551879307078e-18,1.000000000000001,-3.3844031817988225,6.1997147347015265
2023-10-18,1000,750,0.75,749,-0.08079276036798216,-0.09024167760394734,3.315866100213801e-17,0.9999999999999999,-3.3667763586471082,6.109874525667576
2023-10-19,1000,750,0.75,749,-0.09134252269155986,-0.09132252567219956,2.6053233644537006e-17,1.0,-3.36552251447333,6.121181076512283
2023-10-20,1000,749,0.749,748,-0.1049246255908491,-0.08956802066587365,3.201711259266139e-17,1.0,-3.3931261211601718,6.200732976935278
2023-10-23,1000,747,0.747,747,-0.0957154329692785,-0.06726311755360476,-1.070094481566416e-17,0.9999999999999994,-3.378815229777066,6.07183839064095
2023-10-24,1000,747,0.747,747,-0.10083581799151783,-0.0810762103647119,-3.804780378902812e-17,0.9999999999999996,-3.3865337893220557,6.1166898453525045
2023-10-25,1000,751,0.751,751,-0.07174490256339983,-0.0363682916656014,-1.1826610115847208e-18,0.9999999999999998,-3.3589025802350947,6.085148129644326
2023-10-26,1000,753,0.753,753,-0.05410304597633411,-0.025034160413735615,-6.605310956601197e-17,0.9999999999999986,-3.3866799908693306,6.1281700233310215
2023-10-27,1000,755,0.755,755,-0.026684947546524646,-0.003208397722981746,-9.411162063047685e-18,0.9999999999999997,-3.4419142209497595,6.270034087629966
2023-10-30,1000,754,0.754,754,-0.015220352327609682,0.012750372410583093,1.4135465565519235e-17,0.9999999999999996,-3.7373460034402064,4.7395755683055905
2023-10-31,1000,758,0.758,758,-0.0004975612861039166,0.03341355078549197,-5.390000963879388e-17,1.0000000000000002,-3.797533490986533,4.8078329092766445
2023-11-01,1000,758,0.758,757,-0.029452132188541237,-0.00035947675896310077,6.327392435858412e-17,0.9999999999999999,-3.798908240735507,4.799517293085975
2023-11-02,1000,759,0.759,758,-0.034663074704617804,-0.004119874095219404,-1.1701955463769766e-17,1.0,-3.8116279358375746,4.7202469766470925
2023-11-03,1000,758,0.758,756,0.00014823186008765843,0.019555251476314515,4.452609491900364e-17,1.000000000000001,-3.786359221624601,4.765258806824659
2023-11-06,1000,757,0.757,755,0.00873570793712105,0.01964047019952511,-4.223833964227808e-17,0.9999999999999998,-3.900819408973099,4.836095556502425
2023-11-07,1000,758,0.758,757,0.034343619383139616,0.04867024245924497,-1.288913273971158e-16,0.9999999999999998,-3.8425378471546314,4.845570588206272
2023-11-08,1000,758,0.758,757,0.05403350117494656,0.059960843836092716,2.34347867994756e-17,0.9999999999999996,-3.854350146241886,4.846074595507934
2023-11-09,1000,758,0.758,758,0.03305310129335279,0.0415852731945826,-1.054565405976402e-16,0.9999999999999998,-3.7427849125444075,4.837328931991977
2023-11-10,1000,757,0.757,757,0.015541319937682142,0.03685219162522216,-7.743695601084315e-17,0.9999999999999992,-3.6490301931586804,4.907625027667181
2023-11-13,1000,757,0.757,757,0.023888747137872188,0.05394310498160026,6.101093503884612e-17,1.0000000000000002,-3.6355246679077977,4.91091207594954
2023-11-14,1000,757,0.757,757,0.040951303833207275,0.08800746418248853,3.2852041943994067e-17,1.0000000000000013,-3.6835007685494303,4.876817248144361
2023-11-15,1000,759,0.759,758,0.036154954544817985,0.0725551993106593,-1.4042346556523718e-17,1.0000000000000007,-3.678167849387084,4.891686043639253
2023-11-16,1000,758,0.758,758,0.05577359486205769,0.08708903301176686,-1.406087207968536e-17,0.9999999999999991,-3.6203776493553086,4.879326805085442
2023-11-17,1000,758,0.758,757,0.05576034906088194,0.09219913030168903,-7.03043603984268e-18,0.9999999999999996,-3.623353781502868,4.9360191016074895
2023-11-20,1000,757,0.757,756,0.0723568366300853,0.0873225719299384,7.039723273713013e-18,0.9999999999999998,-3.635785561049312,4.94347295452451
2023-11-21,1000,759,0.759,758,0.07287679319741784,0.09474257378260872,-1.099983813594358e-16,1.0000000000000007,-3.6144093043297807,4.930878484645297
2023-11-22,1000,759,0.759,759,0.09187228881586397,0.1023515758888866,-3.042508420580139e-17,1.0000000000000004,-3.5789599957464304,4.944515583039093
2023-11-23,1000,759,0.759,759,0.06930886582717342,0.06671458034173054,-4.6807821855079066e-18,0.9999999999999994,-3.560051021565623,5.01176367312073
2023-11-24,1000,759,0.759,759,0.07784976932628239,0.05154977535917812,4.680782185507906e-17,0.9999999999999997,-3.50511506262615,4.997433144346208
2023-11-27,1000,758,0.758,758,0.0978359220766586,0.08518105871379272,4.452609491900364e-17,1.0,-3.3586169299538393,5.036758338302139
2023-11-28,1000,759,0.759,759,0.1063755931281042,0.08507579920004522,-4.680782185507906e-17,0.9999999999999996,-3.3600559944166344,5.121156863404452
2023-11-29,1000,759,0.759,758,0.1372702483245791,0.13298914333319387,-4.680782185507906e-17,0.9999999999999994,-3.2525227770851197,5.171310032270197
2023-11-30,1000,759,0.759,759,0.14775099610830683,0.132236377759099,-4.446743076232511e-17,0.9999999999999998,-3.2481600769571197,5.184342696761019
2023-12-01,1000,759,0.759,758,0.12036159931396298,0.13058080550759987,1.6382737649277672e-17,1.0000000000000002,-3.2164296580670064,5.102607190315927
2023-12-04,1000,758,0.758,758,0.16487243725008294,0.1715159455577458,-3.51521801992134e-17,0.9999999999999998,-3.1751230853134143,5.129747214731516
2023-12-05,1000,759,0.759,759,0.19493467353743327,0.1999702020343979,-1.49785029936253e-16,1.0000000000000004,-3.1976160645771605,5.134565314266199
2023-12-06,1000,759,0.759,759,0.19225375375400586,0.19940544050480472,-1.802101141420544e-16,1.0000000000000002,-3.2182803724602813,5.206474238456965
2023-12-07,1000,759,0.759,759,0.21362328120326565,0.20645049865303353,4.446743076232511e-17,0.9999999999999996,-3.2241219815649838,5.189055300483796
2023-12-08,1000,759,0.759,759,0.22713532918381246,0.2140677670025767,-2.5744302020293485e-17,1.0000000000000002,-3.2515450862342643,5.176545097616907
2023-12-11,1000,759,0.759,759,0.22210665029512378,0.19738617734062391,-1.8723128742031626e-17,1.0000000000000002,-3.1376153838844645,5.236509855885754
2023-12-12,1000,760,0.76,760,0.21819619679104335,0.18987215445139108,-5.3758167508165475e-17,1.0000000000000004,-3.1394803105071576,5.212445419921127
2023-12-13,1000,760,0.76,759,0.23391235463592375,0.19196099224144306,3.5059674461847047e-17,1.0000000000000002,-3.1105272352430324,5.17655106897853
2023-12-14,1000,760,0.76,760,0.23755182546767428,0.18779815976312914,2.5710427938687835e-17,1.0000000000000004,-3.0956106700767085,5.186999741417354
2023-12-15,1000,760,0.76,759,0.24527549558714015,0.20427428160622335,-1.379013862165984e-16,0.9999999999999994,-3.1279301139107116,5.228379877488838
2023-12-18,1000,758,0.758,758,0.2342268967108085,0.19655727390703454,-6.796088171847924e-17,1.0000000000000007,-3.103591236236016,5.23215048167701
2023-12-19,1000,758,0.758,758,0.24333164870619617,0.20911317695723278,-1.0780001927758776e-16,1.0000000000000004,-3.11555310481847,5.243035020040351
2023-12-20,1000,757,0.757,757,0.24271920884939813,0.18537999450312354,-3.519861636856507e-17,1.0000000000000007,-3.056572623857817,5.186514964953006
2023-12-21,1000,757,0.757,757,0.23597496925343753,0.1870682580678642,4.9278062915991094e-17,1.0,-3.0772969418223015,5.226899080428234
2023-12-22,1000,757,0.757,757,0.21958596040765727,0.18128595423186275,5.3971211765133107e-17,1.0000000000000002,-3.0777767307737154,5.225749098610046
2023-12-25,1000,756,0.756,756,0.20983571319120253,0.17436549664847148,3.52451753849256e-17,0.9999999999999988,-3.034960277633,5.204606703411473
2023-12-26,1000,753,0.753,753,0.2054287989469741,0.1743635818484626,7.077118882072711e-18,0.9999999999999998,-3.0861650249052746,5.165699502931361
2023-12-27,1000,754,0.754,754,0.23194391432500605,0.19428761589160837,6.360959504483656e-17,0.9999999999999999,-3.056004117472776,5.1417106124983025
2023-12-28,1000,759,0.759,759,0.21116675765262088,0.17653568154701854,-3.2765475298555344e-17,1.0000000000000004,-3.2449510888553768,5.11321722207648
2023-12-29,1000,759,0.759,758,0.21670703706198283,0.1739456253128424,-4.680782185507906e-17,1.0000000000000002,-3.215998228938078,5.13800310633342
2024-01-02,1000,758,0.758,757,0.19754354763290904,0.1409458181247048,9.842610455779751e-17,1.0,-3.045197418733922,5.223341798326489
2024-01-03,1000,759,0.759,758,0.1799324053266654,0.13201143563232917,-4.446743076232511e-17,0.9999999999999997,-3.016086513241353,5.22426915500621
2024-01-04,1000,758,0.758,756,0.16691301472789757,0.11958392193898332,1.1014349795753532e-16,0.9999999999999988,-2.9534009769585463,5.204129490313394
2024-01-05,1000,757,0.757,755,0.14825251818865737,0.10920672283997242,-5.631778618970411e-17,1.0000000000000004,-2.9651321471310403,5.135259206661938
2024-01-08,1000,757,0.757,757,0.1445810926588803,0.11801454298014323,0.0,1.0,-2.95362412947728,5.065015156500518
2024-01-09,1000,755,0.755,755,0.12830085130689237,0.10001551695077096,-4.705581031523842e-17,0.9999999999999991,-2.927619294219072,5.030297763698576
2024-01-10,1000,755,0.755,755,0.11553178155467463,0.09006304649145479,-2.8233486189143054e-17,0.9999999999999998,-2.9580370736608748,4.992284442208892
2024-01-11,1000,758,0.758,757,0.11587919495918476,0.09056877446297944,4.68695735989512e-18,0.9999999999999997,-3.040067947466431,5.070589655781412
2024-01-12,1000,757,0.757,757,0.11083464339751775,0.09215807759812632,9.386297698284018e-18,1.0000000000000002,-3.0296237319123542,5.050447327096554
2024-01-15,1000,755,0.755,755,0.10872938202339373,0.09479221648666725,-8.470045856742917e-17,0.9999999999999992,-3.0000425575210903,5.033055274844608
2024-01-16,1000,754,0.754,754,0.11008928296886489,0.09510830215497419,0.0,1.0000000000000013,-2.788046872356232,4.998155122976781
2024-01-17,1000,752,0.752,752,0.09789035819042408,0.07994522970376564,-3.307047307394083e-17,1.0,-2.7833439656358667,4.9632255180092075
2024-01-18,1000,753,0.753,753,0.09928169076968674,0.08259934198667764,-5.1898871801866544e-17,1.0000000000000009,-2.816614680674891,4.9180503039899675
2024-01-19,1000,753,0.753,753,0.08647732128237932,0.08087546534894342,-2.35903962735757e-18,1.0000000000000004,-2.79427678803732,4.917907708951071
2024-01-22,1000,752,0.752,752,0.0656562218019471,0.10043085513028245,8.976271262926797e-17,0.9999999999999998,-2.7869409470845135,4.720673794364241
2024-01-23,1000,752,0.752,752,0.09980226427887716,0.10220442933092944,-4.015700301835673e-17,0.9999999999999999,-2.788022077712931,4.782923174148331
2024-01-24,1000,757,0.757,757,0.0714087372773392,0.09727907865102463,-7.039723273713013e-17,1.0000000000000002,-2.7186747468594255,4.776303157991091
2024-01-25,1000,761,0.761,761,0.024378296296475466,0.03110045619081486,5.135328576452761e-17,0.9999999999999991,-2.6721755532089007,4.831598426110459
2024-01-26,1000,760,0.76,760,0.02127187637943488,0.04072215376353494,-6.544472566211448e-17,1.0000000000000009,-2.620778332438295,4.778609761815276
2024-01-29,1000,758,0.758,757,-0.0010233283424942502,0.0065537610370321265,4.68695735989512e-18,1.0,-2.579545042237292,4.6035804606970006
2024-01-30,1000,754,0.754,754,0.0068470773943226015,0.011695274598867864,-3.7694574841384623e-17,0.9999999999999999,-2.543186455415892,4.529771755546608
2024-01-31,1000,750,0.75,750,-0.007489006462092253,0.0004868133133521184,1.4210854715202004e-17,1.0000000000000004,-2.511542212137213,4.367035787335178
2024-02-01,1000,750,0.75,749,0.015186945813750154,0.019815540432741557,3.552713678800501e-17,1.0000000000000002,-2.582237918710527,4.401469685437588
2024-02-02,1000,749,0.749,749,0.010667224021465381,0.024217959061279565,-3.320293157757477e-17,0.9999999999999998,-2.5430026755314277,4.280767818174744
2024-02-05,1000,745,0.745,745,-0.017719673388794578,-0.008323064716374317,-4.530306033369766e-17,0.999999999999999,-2.586515248607967,4.21353069115979
2024-02-06,1000,748,0.748,748,-0.03184586889769054,-0.026322492982647,-1.4248851652943187e-17,0.9999999999999998,-2.643680261531832,4.2880208227939
2024-02-07,1000,749,0.749,749,-0.0026471721817601284,-0.0079396854186596,7.11491390948031e-18,1.0000000000000004,-2.677069144259728,4.420059211958333
2024-02-08,1000,753,0.753,752,-0.019265109888593486,-0.025982889037546794,7.313022844808468e-17,1.0,-2.6867051751803612,4.516493965792467
2024-02-19,1000,753,0.753,752,-0.03427465962717434,-0.05481220018394284,-3.3026554783005986e-17,0.9999999999999996,-2.667356365536479,4.547093124177378
2024-02-20,1000,755,0.755,753,-0.028448862861092973,-0.05082388227606843,-9.411162063047685e-18,1.0000000000000007,-2.661625121246466,4.544955625176592
2024-02-21,1000,755,0.755,753,-0.04950600169460665,-0.07413990324327,4.2350229283714584e-17,1.0000000000000004,-2.6562981189013626,4.411413895808612
2024-02-22,1000,755,0.755,753,-0.0691537635985862,-0.08314876437991617,-1.646953361033345e-17,1.0000000000000004,-2.6728075250334693,4.445160342149913
2024-02-23,1000,755,0.755,753,-0.06713312418506105,-0.07376845597019074,1.2940347836690567e-17,0.9999999999999998,-2.661487676624614,4.494410435056006
2024-02-26,1000,755,0.755,754,-0.054812682240625736,-0.0538226493684746,3.529185773642882e-17,0.9999999999999998,-2.6976971078075755,4.6375519782243915
2024-02-27,1000,755,0.755,755,-0.0365611739563193,-0.03241194874101839,-7.293650598861955e-17,0.9999999999999993,-2.706616548363334,4.706849962496988
2024-02-28,1000,755,0.755,755,-0.03950698645908876,-0.03592757778569364,-1.1763952578809606e-17,1.0,-2.7092987271267823,4.558410650100342
2024-02-29,1000,755,0.755,755,-0.04449385464043466,-0.03403027252195928,7.058371547285763e-18,1.0000000000000002,-2.7300224926879646,4.6725874728975265
2024-03-01,1000,755,0.755,755,-0.03708124514288708,-0.026310612387642464,-2.352790515761921e-18,1.0000000000000002,-2.7411572479761883,4.690276537349555
2024-03-04,1000,756,0.756,756,-0.031105410318836173,-0.019317260650831336,9.39871343598016e-18,0.9999999999999993,-2.755273205168559,4.943959502634652
2024-03-05,1000,756,0.756,756,-0.01701287427943569,-0.0074182438672355695,1.409807015397024e-17,1.0000000000000007,-2.7167090839603985,4.795536399770546
2024-03-06,1000,756,0.756,756,-0.00411301388799266,-0.0021577653073350848,-3.054581866693552e-17,1.0000000000000004,-2.7218661356015503,4.862112324342114
2024-03-07,1000,755,0.755,755,-0.015174999432731255,-0.022124897782268248,9.411162063047685e-18,1.0,-2.7190415420045335,4.82463867646223
2024-03-08,1000,755,0.755,755,-0.0262463325121695,-0.02590102288956644,-2.5880695673381134e-17,1.0000000000000004,-2.738412767407288,4.867404117091488
2024-03-11,1000,756,0.756,756,-0.006965330418274103,-0.0032214001037140206,-1.879742687196032e-17,0.9999999999999997,-2.7548419029709943,4.91794787863172
2024-03-12,1000,757,0.757,757,-0.01224205697842223,0.0037605625390048215,4.6931488491420093e-17,1.0,-2.9098181062558774,4.939117945041596
2024-03-13,1000,757,0.757,757,0.011771218848732574,0.028224834660290545,9.386297698284018e-18,1.0000000000000004,-2.90527720439378,4.992406626316058
2024-03-14,1000,757,0.757,756,0.03297060491421135,0.05575656133368943,2.581231867028105e-17,0.9999999999999998,-2.869419144669913,4.9773602989917665
2024-03-15,1000,759,0.759,759,0.10266029894269275,0.11805639966716308,4.6807821855079066e-18,1.0000000000000004,-2.8730906328545283,4.859329585995186
2024-03-18,1000,760,0.76,760,0.0926110143985476,0.10058354320281573,0.0,1.0,-2.8532048957346543,4.900734828834042
2024-03-19,1000,760,0.76,759,0.09797618910465031,0.10679175341528482,6.544472566211448e-17,1.0000000000000007,-2.8496120858259375,4.90389348990629
2024-03-20,1000,760,0.76,760,0.12267348564548902,0.12743335766409092,6.077010240053489e-17,1.000000000000001,-2.846819279616211,4.913399018785956
2024-03-21,1000,760,0.76,760,0.1378163670031652,0.15105506591365112,5.142085587737567e-17,0.9999999999999998,-2.836894653234791,4.868330251794342
2024-03-22,1000,759,0.759,759,0.09945014109876289,0.12106606859418363,4.6807821855079066e-18,0.9999999999999997,-2.8436577258597335,4.797476126544545
2024-03-25,1000,758,0.758,757,0.06371699054238304,0.09837544575222182,3.280870151926584e-17,1.0,-2.841973201596231,4.723083015108635
2024-03-26,1000,759,0.759,759,0.04053480821095528,0.0734772529253802,4.2127039669571154e-17,1.0000000000000002,-2.8403017682529637,4.683941422188373
2024-03-27,1000,753,0.753,753,-0.027272629144120885,0.00461697990475032,3.066751515564841e-17,0.9999999999999994,-2.842902518350404,4.575301470575455
2024-03-28,1000,758,0.758,757,0.02368076594097238,0.03766587472311639,9.37391471979024e-18,1.0,-2.9134960572167192,4.507044855055542
2024-03-29,1000,757,0.757,757,0.043555919776274994,0.06683884799264084,-9.386297698284018e-18,1.000000000000001,-3.0175170688966944,4.652907359226813
2024-04-01,1000,759,0.759,759,0.04865145348307144,0.08495434377083623,2.8084693113047436e-17,1.0000000000000002,-3.009208852688785,4.722957900085066
2024-04-02,1000,762,0.762,762,0.031901586442354524,0.07319587337377625,-4.196118518268308e-17,0.9999999999999982,-3.035461663970749,4.835989582274898
2024-04-03,1000,764,0.764,764,0.00432872988939111,0.0412975005859498,-3.720119035393195e-17,0.9999999999999996,-3.0573257091700428,4.927705132763287
2024-04-08,1000,761,0.761,761,0.02857507939889791,0.05663783343928742,1.8673922096191858e-17,1.0000000000000007,-3.035494144139946,4.920432886949644
2024-04-09,1000,764,0.764,764,0.061583076037804774,0.08910158484231494,4.6501487942414933e-17,0.9999999999999997,-3.094637865334365,5.1393148131037805
2024-04-10,1000,763,0.763,763,0.06645129015659917,0.09837829157922709,4.65624335360485e-17,1.0000000000000007,-3.081348761997085,5.143149489710395
2024-04-11,1000,765,0.765,765,0.06562248370391775,0.09802299250476343,-2.7864421010200007e-17,1.0000000000000004,-3.0516419348845023,5.157177379942088
2024-04-12,1000,762,0.762,762,0.0610199050200564,0.08045107690516408,1.2588355554804924e-16,0.9999999999999996,-3.0464468277565646,5.166431311169926
2024-04-15,1000,766,0.766,766,0.04154632570463167,0.06019172342226783,6.029409637650981e-17,1.0000000000000007,-2.982417895902156,5.034926452626937
2024-04-16,1000,762,0.762,761,-0.023636136239124285,-0.028996080888208473,4.662353909187009e-18,0.9999999999999999,-2.9548515032502194,4.850261636807728
2024-04-17,1000,767,0.767,766,0.010250243753012808,0.018742687507823236,-8.337528842035074e-17,1.0000000000000002,-2.9324088259483836,4.872853488220422
2024-04-18,1000,769,0.769,769,0.01604060609634787,0.019011109655384863,3.4649353174257164e-17,1.0000000000000004,-2.97976180819542,4.921992341827912
2024-04-19,1000,767,0.767,767,0.007620503340850185,-0.010594284128934747,-2.3159802338986316e-18,1.0000000000000004,-2.9527173261145188,4.942937534186472
2024-04-22,1000,769,0.769,769,0.0013204067191023316,-0.015550304793618252,1.8479655026270486e-17,0.9999999999999997,-2.938219360499562,5.069189167074735
2024-04-23,1000,771,0.771,771,0.04544223990829695,0.049312292596538396,-2.0735682950197477e-17,1.0,-2.853894464618661,5.033055454858214
2024-04-24,1000,774,0.774,773,0.05771521065953026,0.08082009917211445,5.737586690569284e-17,0.9999999999999994,-2.8538684791332827,5.221479433644579
2024-04-25,1000,775,0.775,775,0.07592557445097946,0.10327474952175622,6.188598021136356e-17,0.9999999999999997,-2.794567260943069,5.218347864600795
2024-04-26,1000,778,0.778,778,0.14855533254790546,0.18735933822079204,3.6531760193321344e-17,1.0,-2.8094625096300203,5.469498167924834
2024-04-29,1000,776,0.776,775,0.14977174563445392,0.19659885458863974,-9.156478553609538e-18,0.9999999999999998,-2.8778550888873515,5.510620556846338
2024-04-30,1000,776,0.776,776,0.1568402288264012,0.19505845934925234,-3.204767493763338e-17,1.0000000000000004,-3.077872379590816,5.7966786493148845
2024-05-06,1000,777,0.777,777,0.15635301759571013,0.16957563256332106,-5.486816492355986e-17,0.9999999999999996,-3.068793833544396,5.904485766550564
2024-05-07,1000,776,0.776,776,0.17696986478645543,0.21019880253668083,-6.409534987526676e-17,1.0,-3.0701218457539166,5.924011093696715
2024-05-08,1000,775,0.775,775,0.1582359914125078,0.19300785372250184,6.417805355252518e-17,1.0,-3.063795098989363,5.848762996612414
2024-05-09,1000,775,0.775,775,0.15305993728775033,0.18069785363208452,-4.584146682323227e-18,1.0000000000000007,-3.0669888304985156,5.990227187271589
2024-05-10,1000,776,0.776,776,0.10783523170281313,0.14938539899427333,-7.325182842887631e-17,1.0,-3.0643758538884835,5.965956989926062
2024-05-13,1000,774,0.774,774,0.06807063288818345,0.13202233287946824,-9.180138704910856e-18,1.0,-3.039621746318888,5.932619283548624
2024-05-14,1000,775,0.775,775,0.08424128140148565,0.1397423672762502,-2.2920733411616135e-17,1.0,-3.0350750867503193,5.949275296364195
2024-05-15,1000,775,0.775,775,0.06427956241555458,0.11552514417264108,0.0,0.9999999999999994,-3.038910254401005,5.891367577626334
2024-05-16,1000,775,0.775,775,0.06568477954698167,0.10652768862318672,5.04256135055555e-17,0.9999999999999997,-3.0009882633092464,5.799790848476192
2024-05-17,1000,776,0.776,775,0.05429480446153145,0.09763912627641444,7.783006770568107e-17,0.9999999999999989,-2.9987768626831572,5.778364501418003
2024-05-20,1000,775,0.775,775,0.033615987930648766,0.0599950245293282,-1.1460366705808067e-16,1.0000000000000007,-3.041358675717673,5.875964961024717
2024-05-21,1000,775,0.775,775,0.032886006591067975,0.06121223604870288,-1.8336586729292908e-17,0.999999999999999,-3.034459224179853,5.783063279900431
2024-05-22,1000,774,0.774,774,0.047355684022554294,0.08796293567546438,7.803117899174226e-17,0.9999999999999993,-2.9983284885893218,5.711535058388462
2024-05-23,1000,772,0.772,772,0.051749360568167195,0.0841387493413481,4.601960723834846e-18,0.9999999999999997,-2.990261610306904,5.6287913491698145
2024-05-24,1000,772,0.772,772,0.0393570475073159,0.07749776042701431,6.442745013368784e-17,1.0,-2.98566250055935,5.712313219079229
2024-05-27,1000,773,0.773,773,0.046677544570468466,0.08707068464895551,-1.8384029385772322e-17,1.0000000000000002,-2.9891568115873905,5.872426105981503
2024-05-28,1000,771,0.771,771,0.0312562191253189,0.0561894044343995,-7.833480225630158e-17,1.0000000000000009,-2.9830662290736787,5.918906288905973
2024-05-29,1000,770,0.77,770,0.03379790955930389,0.05749894190930797,1.8455655474288317e-17,1.0000000000000002,-2.9885888170721397,5.830841687484523
2024-05-30,1000,769,0.769,769,0.06779006605405732,0.09306700492290546,-4.1579223809108596e-17,0.9999999999999998,-2.9631590623427657,5.8489272327378625
2024-05-31,1000,769,0.769,769,0.09562580228318145,0.14129195223501884,5.0819051322243836e-17,1.0,-2.9528069260709535,5.950840431539363
2024-06-03,1000,769,0.769,769,0.061023211766560274,0.10842379946126696,-8.315844761821719e-17,1.0,-2.9427840663158507,5.976139487961009
2024-06-04,1000,766,0.766,766,0.022851011349335457,0.040644231862222796,1.391402224073303e-17,1.0000000000000007,-2.9335151335014062,5.955943917744424
2024-06-05,1000,765,0.765,765,0.058248787821412434,0.08655286810909071,6.037291218876668e-17,0.9999999999999986,-2.943920650705388,6.011024156518448
2024-06-06,1000,766,0.766,765,0.004141441175312557,0.024637859463498876,-7.420811861724284e-17,1.0000000000000002,-2.9606494491983177,6.098515707449272
2024-06-07,1000,767,0.767,766,0.015532311262726226,0.049969513031502,2.779176280678358e-17,1.0,-2.9350429396903603,6.085805886371737
2024-06-11,1000,763,0.763,763,0.038221184071351354,0.0670249316103139,6.518740695046791e-17,0.9999999999999996,-2.973542225759533,6.158795521598992
2024-06-12,1000,764,0.764,764,0.01558899829269069,0.03790698084315623,5.580178553089792e-17,0.9999999999999998,-2.968024006931493,6.188804348853756
2024-06-13,1000,760,0.76,760,0.007955713929236042,0.025631481032709194,-1.402386978473882e-17,0.9999999999999989,-2.9684117950766096,6.154028680952128
2024-06-14,1000,762,0.762,762,-0.012559223189142142,0.007950065240598943,-9.324707818374018e-18,1.0,-2.96620837444306,6.155889438355496
2024-06-17,1000,759,0.759,759,0.009864787694415211,0.037718960021191066,9.361564371015813e-18,0.9999999999999997,-2.836700699856447,6.250836433237089
2024-06-18,1000,759,0.759,759,0.005392408377815028,0.03617594284500451,-2.8084693113047436e-17,1.0,-2.7938426036000217,6.257656300579039
2024-06-19,1000,757,0.757,757,-0.005388129636736502,0.029564994838972455,-4.223833964227808e-17,1.0000000000000007,-2.7472581872644337,6.164728162855217
2024-06-20,1000,757,0.757,757,0.003940602526206714,0.029623654591449188,-9.386297698284018e-18,1.0000000000000007,-2.726694470316491,6.10354569077975
2024-06-21,1000,758,0.758,758,-0.031834782526392755,-0.0147816965061052,-3.280870151926584e-17,0.9999999999999998,-2.703054515366605,6.106388838252777
2024-06-24,1000,756,0.756,756,-0.059708618053878046,-0.0538811594526711,4.6993567179900803e-17,0.9999999999999994,-2.7052917474718816,5.997364460967378
2024-06-25,1000,756,0.756,756,-0.06304106551248005,-0.061865590363394576,1.409807015397024e-17,1.0000000000000004,-2.7088836234931706,6.002032747953629
2024-06-26,1000,756,0.756,756,-0.03152075790452371,-0.02290431756324494,7.518970748784129e-17,1.0,-2.7329959239512416,6.060248558746428
2024-06-27,1000,756,0.756,756,-0.03297825170660419,-0.009889602574642713,1.409807015397024e-17,1.0,-2.703351865244908,5.976935434738961
2024-06-28,1000,755,0.755,755,-0.06480406117503805,-0.050308197669889816,4.705581031523842e-18,0.9999999999999989,-2.6768180723762782,5.918507118074369
2024-07-01,1000,755,0.755,755,-0.09649735808355359,-0.09740901812150955,-2.352790515761921e-17,0.9999999999999998,-2.6768363661220587,5.952863979091363
2024-07-02,1000,754,0.754,753,-0.09650818303087862,-0.10721467442504008,-4.24063966965577e-17,0.9999999999999993,-2.6805312736554434,5.810262182991335
2024-07-03,1000,753,0.753,751,-0.08225799114528905,-0.09238723668928153,-1.887231701886056e-17,1.0000000000000002,-2.8054274063545273,5.8131418356446245
2024-07-04,1000,750,0.75,748,-0.11749035610136167,-0.14603993739363297,9.473903143468002e-18,0.9999999999999998,-2.8010098410432946,5.755186616627214
2024-07-05,1000,748,0.748,746,-0.09466216052359898,-0.12262194592373088,3.7996937741181826e-17,0.9999999999999997,-2.817961862752543,5.872696517121598
2024-07-08,1000,744,0.744,743,-0.08539734822570642,-0.10762659230793675,6.685213911721373e-17,1.0000000000000009,-2.8102812077068267,5.815609203782527
2024-07-09,1000,741,0.741,740,-0.06179916436045088,-0.08173731797162785,9.588970792983808e-18,0.9999999999999993,-2.830462484972761,5.939798874281639
2024-07-10,1000,739,0.739,738,-0.03547382147205062,-0.07422090298127415,3.3652226998110294e-17,1.0000000000000002,-2.8366525919999606,5.861179406364153
2024-07-11,1000,743,0.743,742,-0.027564968978543047,-0.05395064829580044,-9.56315929690579e-18,0.9999999999999992,-2.8806448487397103,5.996460776505829
2024-07-12,1000,744,0.744,743,-0.01704410412711337,-0.04490222256568832,-1.4325458382260084e-17,0.9999999999999993,-2.9444697558734245,5.9046331348367
2024-07-15,1000,740,0.74,739,-0.008412487805182183,-0.0225409129738242,-1.9203857723245952e-17,0.9999999999999993,-2.887591676823326,5.8441080843313244
2024-07-16,1000,739,0.739,738,-0.0032231437341129353,-0.0056635447188763365,-6.249699299649054e-17,0.9999999999999998,-2.9020783715490475,5.785401361476373
2024-07-17,1000,739,0.739,739,-0.016466857458299938,-0.0269178561433825,-1.922984399892017e-17,1.0,-2.9034114013773356,5.716736894564239
2024-07-18,1000,738,0.738,738,-0.058792816260307725,-0.0677056471473814,-3.851180139621139e-17,1.0000000000000007,-2.9282471010385964,5.7813878375313115
2024-07-19,1000,736,0.736,736,-0.03323133363935626,-0.039926572222525,-1.9308226515220113e-17,1.0,-2.913378405615594,5.748757228081931
2024-07-22,1000,732,0.732,732,-0.0017975154920247492,-0.007313156577707554,9.706867974864757e-18,1.0,-2.951668925113789,5.733069689850907
2024-07-23,1000,731,0.731,731,-0.03927229719775737,-0.041144977655931024,3.888058745609303e-17,1.0000000000000004,-2.9073790414115965,5.745949199443805
2024-07-24,1000,727,0.727,726,-0.07116230686437101,-0.07380156730447279,-4.88681386354952e-18,0.9999999999999992,-2.8976349811957047,5.636346265025052
2024-07-25,1000,728,0.728,727,-0.06853612515995883,-0.06850405312634575,4.3920910864291905e-17,1.0,-2.912743862535375,5.720254354888962
2024-07-26,1000,731,0.731,730,-0.0699415239015585,-0.06137438793074328,9.720146864023258e-18,0.9999999999999998,-2.9494889530513055,5.8175090396795115
2024-07-29,1000,729,0.729,728,-0.06722170430368753,-0.05802197328490928,-3.41138487676317e-17,0.9999999999999996,-2.893109083874884,5.644622830064905
2024-07-30,1000,729,0.729,727,-0.03257638035078688,-0.014284633709962863,2.436703483402264e-17,1.0000000000000007,-2.8392921930487534,5.649887826987348
2024-07-31,1000,733,0.733,730,-0.043086311597529514,-0.029965324840937318,-5.3314939245300835e-17,0.9999999999999996,-2.896061449851344,5.871059129852565
2024-08-01,1000,730,0.73,729,-0.01721354856216128,0.009636075500682914,-1.4600193200550002e-17,0.9999999999999997,-2.833423685293125,5.748220291943802
2024-08-02,1000,731,0.731,730,-0.0206526054516578,0.020587874542437823,9.720146864023258e-18,1.0000000000000002,-2.8210324901364934,5.74600480479776
2024-08-05,1000,734,0.734,732,-0.027045711321258194,0.019763232820836963,-3.872167497330246e-17,1.0000000000000002,-2.8338463353060983,5.746988701592271
2024-08-06,1000,732,0.732,730,-0.0378444049875305,0.024394841239851087,-2.912060392459427e-17,0.9999999999999998,-2.862965986409428,5.767037032937321
2024-08-07,1000,733,0.733,732,-0.04603066783386703,0.003527330115766224,-4.846812658663712e-17,0.9999999999999988,-2.864737972710567,5.837972303970289
2024-08-08,1000,733,0.733,731,-0.0537230115548631,-0.021006389611958366,1.9387250634654848e-17,0.9999999999999996,-2.8935995851967906,5.894340590140271
2024-08-09,1000,731,0.731,729,-0.05957179906119531,-0.04458293127587293,-4.860073432011629e-18,1.0000000000000004,-2.824720931015041,5.705042975047001
2024-08-12,1000,732,0.732,730,-0.11239178499998848,-0.11040758610145292,2.912060392459427e-17,0.9999999999999989,-2.835199308430711,5.7459017153908825
2024-08-13,1000,732,0.732,730,-0.1250396579468238,-0.12758191836038116,-5.824120784918854e-17,1.0,-2.817164964823912,5.821774070920824
2024-08-14,1000,735,0.735,733,-0.10895693354909933,-0.10770406483226766,-1.9334496211159187e-17,0.9999999999999997,-2.9033322812236184,5.730752382968103
2024-08-15,1000,735,0.735,733,-0.09553242569176112,-0.09249688796320168,6.283711268626737e-17,0.9999999999999991,-2.7932306688981408,5.672192945330307
2024-08-16,1000,736,0.736,734,-0.10365132146443116,-0.10104672155859232,3.8616453030440226e-17,0.9999999999999992,-2.9423752904669205,5.598744115897263
2024-08-19,1000,738,0.738,737,-0.08574776121628207,-0.0779896213880714,2.888385104715855e-17,1.0000000000000002,-2.926874503883168,5.559355194508451
2024-08-20,1000,736,0.736,735,-0.05373581521616291,-0.04561368520413281,1.4481169886415085e-17,1.0000000000000007,-2.9345498954428018,5.477912453844237
2024-08-21,1000,736,0.736,734,-0.03994916315559139,-0.02960057271021375,0.0,0.9999999999999998,-2.9517532829533994,5.472682523911033
2024-08-22,1000,733,0.733,732,-0.05308085016328278,-0.034354292808103204,2.423406329331856e-17,0.9999999999999998,-2.9556279832206034,5.387803149166718
2024-08-23,1000,732,0.732,731,-0.0014537341526586463,0.0030555032451723323,-1.4560301962297136e-17,1.0,-2.9310997187167107,5.3327839183423515
2024-08-26,1000,734,0.734,733,0.0353357775440709,0.013390672700061099,-4.840209371662808e-18,1.0000000000000007,-2.9159733096543974,5.324269153476553
2024-08-27,1000,734,0.734,733,0.08020964016597866,0.06380286356746578,2.420104685831404e-17,1.0000000000000009,-2.9197286900013055,5.302918857435423
2024-08-28,1000,732,0.732,731,0.06697217801636808,0.03373756570554324,7.280150981148567e-17,0.9999999999999999,-2.926797244669874,5.3253642628323155
2024-08-29,1000,728,0.728,727,0.050075490522213814,0.0037694580022953157,2.928060724286127e-17,0.9999999999999994,-2.978877617773692,5.583379160079391
2024-08-30,1000,723,0.723,722,0.005709727970826576,-0.041465479034380984,-4.9138501781473045e-18,1.0000000000000007,-3.2730418912365393,5.844717305794407
2024-09-02,1000,721,0.721,720,0.0032342130561843294,-0.041751880951416444,5.420228913565258e-17,1.0,-3.497617518555605,5.76995932551706
2024-09-03,1000,719,0.719,719,0.04774033755434159,0.003951376840959738,-9.882374628095969e-18,0.9999999999999999,-3.5512944275609284,5.881216069828461
2024-09-04,1000,718,0.718,718,0.04004113264363186,0.003316711816207504,9.896138381059891e-18,1.0000000000000002,-3.6826169946120815,5.943260968310941
2024-09-05,1000,719,0.719,718,0.05849242015142643,0.01555108945613211,0.0,1.0000000000000007,-3.6557047140550494,5.940307748640046
2024-09-06,1000,718,0.718,718,0.05341214241644324,0.026755980081930697,4.9480691905299456e-18,0.9999999999999996,-3.6309228882332736,5.861797300777689
2024-09-09,1000,715,0.715,715,0.0727928784652988,0.059163544309781574,-1.4906490960002102e-17,1.0,-3.6319562306281696,5.880197576967059
2024-09-10,1000,713,0.713,713,0.07704860852654997,0.06659338152522344,4.982768132960029e-18,0.9999999999999992,-3.6172590227508823,5.879821001469955
2024-09-11,1000,711,0.711,710,0.048902505446541664,0.0458028909981884,-7.495176537553799e-17,0.9999999999999994,-3.6251389495766526,5.928226869372334
2024-09-12,1000,710,0.71,709,0.04778377953577029,0.04518045616819657,2.5019110414088035e-17,0.9999999999999992,-3.608518840274955,5.882139799029305
2024-09-13,1000,711,0.711,710,0.0656919760183158,0.056404530867218146,-6.99549810171688e-17,0.9999999999999994,-3.5955413943855747,5.853645652218043
2024-09-18,1000,710,0.71,709,0.02757151097686135,0.003980099670000111,0.0,0.9999999999999999,-3.612000061419437,5.857050180848564
2024-09-19,1000,712,0.712,711,-0.0054849028027511935,-0.007675999580663234,4.989766402809692e-17,0.9999999999999998,-3.6091420361756326,5.934707747544519
2024-09-20,1000,712,0.712,711,0.0011372564013451554,-0.01571324309580042,-1.995906561123877e-17,1.0000000000000002,-3.6195064403371275,5.8557843892981065
2024-09-23,1000,711,0.711,710,-0.02907931693288187,-0.051406518655834114,1.4990353075107598e-17,0.9999999999999999,-3.604829053585713,5.815841377013286
2024-09-24,1000,720,0.72,718,-0.09625387334629647,-0.11876274691255613,-4.934324553889585e-18,1.0000000000000004,-3.6064895092437332,5.936298793457481
2024-09-25,1000,725,0.725,724,-0.12361866908232255,-0.14204958225593653,1.9601178917520004e-17,1.0,-3.554209424880479,5.81362717519375
2024-09-26,1000,729,0.729,728,-0.15466102455007846,-0.15372301156395482,-9.746813933609055e-18,1.0,-3.3408055208522525,5.792702964884678
2024-09-27,1000,737,0.737,736,-0.14820387440368812,-0.107277462026726,1.4461521080599053e-17,0.9999999999999998,-3.399068038484501,5.848595508485892
2024-09-30,1000,751,0.751,750,-0.14936582937770826,-0.14903293051992433,-4.257579641704994e-17,1.0000000000000002,-3.3160646086728014,6.025865702007972
2024-10-08,1000,761,0.761,760,-0.13646553763384164,-0.11294749668062676,1.3538593519739098e-16,1.0000000000000004,-3.1101747571489557,6.011487667026102
2024-10-09,1000,754,0.754,752,-0.15423978213987272,-0.11640104172369084,5.183004040690386e-17,1.0,-3.206058854842433,6.027001857558192
2024-10-10,1000,754,0.754,753,-0.19154926815912976,-0.1997603861881893,2.3559109275865392e-17,1.0000000000000002,-2.98537961135317,5.855250087073961
2024-10-11,1000,752,0.752,751,-0.2078559001821477,-0.21033473099696862,4.724353296277262e-18,0.9999999999999998,-3.0883451777611497,5.701554432539647
2024-10-14,1000,755,0.755,754,-0.2067225653929173,-0.22364689187109485,-4.705581031523842e-17,0.9999999999999997,-3.0607236239800835,5.833565426599818
2024-10-15,1000,754,0.754,753,-0.1954938259248683,-0.21112822821249572,7.067732782759617e-17,0.9999999999999996,-3.051168226770533,5.763443707181226
2024-10-16,1000,754,0.754,753,-0.1766109219146836,-0.18954370984777275,-2.3559109275865392e-17,0.9999999999999998,-3.011028162722506,5.616142542810396
2024-10-17,1000,754,0.754,753,-0.16069709808238547,-0.19173090357684336,-2.827093113103847e-17,0.9999999999999996,-3.010298412065871,5.582264972234423
2024-10-18,1000,755,0.755,753,-0.121358293836898,-0.15571041751296089,-5.176139134676227e-17,0.9999999999999996,-3.0266052028409542,5.7091292987921225
2024-10-21,1000,754,0.754,753,-0.0811254196132904,-0.11338156680646318,0.0,1.0,-3.022477871255923,5.766619823849317
2024-10-22,1000,755,0.755,755,-0.10251990335269402,-0.1289215324477529,0.0,1.0000000000000004,-3.0441438752632073,5.768474808782629
2024-10-23,1000,755,0.755,755,-0.09936679055546667,-0.134265190486652,-3.764464825219074e-17,1.0000000000000004,-3.0080203854349152,5.6694821531448945
2024-10-24,1000,756,0.756,756,-0.10639544951405876,-0.14231144289130163,-1.879742687196032e-17,0.9999999999999998,-3.019263875145223,5.470129574896438
2024-10-25,1000,755,0.755,754,-0.0925301535118226,-0.1330223270900589,-4.2350229283714584e-17,0.9999999999999998,-3.029422076427205,5.2763152355786405
2024-10-28,1000,757,0.757,756,-0.062212558900806916,-0.1103379208249387,4.6931488491420093e-17,1.0,-3.1246260348010515,6.053933327026225
2024-10-29,1000,754,0.754,752,-0.06542890493988349,-0.08874358295368959,2.827093113103847e-17,1.0,-3.2057947363623573,5.831465490292293
2024-10-30,1000,755,0.755,754,-0.03502305467903048,-0.036381759048643235,1.882232412609537e-17,0.9999999999999999,-3.1305461011259186,6.116128163864404
2024-10-31,1000,752,0.752,751,-0.033069442407342046,-0.03586242558467933,-2.834611977766357e-17,0.9999999999999986,-3.0065376729396878,6.03387499941672
2024-11-01,1000,751,0.751,750,-0.06558381345809305,-0.0729721906916968,6.622901664874436e-17,0.9999999999999991,-2.9851470254220356,5.99336830777228
2024-11-04,1000,752,0.752,751,-0.08085918999126225,-0.10934614839788086,-4.724353296277262e-17,0.9999999999999996,-3.0013964724529867,5.943168248557123
2024-11-05,1000,755,0.755,754,-0.05791289545638624,-0.06053059545780619,-4.705581031523842e-17,1.0000000000000002,-2.991555980114844,5.998525789917211
2024-11-06,1000,754,0.754,752,-0.02259044918872801,0.006839375078786176,1.0366008081380772e-16,1.0,-2.9443127480819937,6.056554324998261
2024-11-07,1000,756,0.756,755,-0.052709880792860375,-0.02091249754036143,9.39871343598016e-18,0.9999999999999996,-2.9565496270193337,6.179175108193869
2024-11-08,1000,755,0.755,755,-0.03358445973289672,0.009225657719940264,9.411162063047685e-17,0.9999999999999983,-2.997679467698463,6.144763032477051
2024-11-11,1000,755,0.755,755,-0.010244306243970115,0.055878352205932444,-2.352790515761921e-17,0.9999999999999998,-2.997245082206576,6.214653030846746
2024-11-12,1000,755,0.755,755,-0.0061486587753847395,0.04818042339858733,-9.411162063047685e-18,0.9999999999999993,-3.017552442494582,6.241751299833618
2024-11-13,1000,755,0.755,755,-0.03583479705049791,0.014177421835537754,2.8233486189143054e-17,1.0000000000000004,-2.9833334985906403,6.230516268858601
2024-11-14,1000,754,0.754,754,-0.06451933271161356,0.003019853473591273,-8.48127933931154e-17,0.9999999999999996,-2.9833903164941113,6.125476298465709
2024-11-15,1000,753,0.753,753,-0.10633516677276157,-0.056920606330269165,2.8308475528290844e-17,1.0000000000000002,-2.9946041659302503,6.060840415436761
2024-11-18,1000,754,0.754,753,-0.1189615483750139,-0.07578098603532908,2.827093113103847e-17,0.9999999999999989,-2.879377771465865,6.1376758811537115
2024-11-19,1000,754,0.754,753,-0.07722577014013392,-0.03808565158311537,7.067732782759617e-17,1.0000000000000002,-2.951305917584383,6.11453971977915
2024-11-20,1000,754,0.754,753,-0.052738718393575953,-0.004922322457610345,7.538914968276925e-17,1.0000000000000002,-2.961768971517224,6.171963115888005
2024-11-21,1000,754,0.754,753,-0.03497310453836987,0.020534170099724428,-2.827093113103847e-17,0.9999999999999998,-2.970489945151163,6.13230189031331
2024-11-22,1000,753,0.753,750,-0.03916898570000489,0.007498524086160106,9.43615850943028e-18,0.9999999999999998,-2.9584818119107807,6.074379749996264
2024-11-25,1000,752,0.752,750,0.016527239713947144,0.08595653455623226,9.448706592554524e-17,0.9999999999999997,-2.9475005211291796,6.10434465975282
2024-11-26,1000,752,0.752,750,0.008313786770225545,0.08788511268464477,-9.448706592554524e-18,1.0000000000000002,-2.959887750596339,6.069272504331596
2024-11-27,1000,752,0.752,750,0.06904025659906882,0.1352072473544818,4.724353296277262e-18,0.9999999999999991,-2.9804870087383812,6.049817550624179
2024-11-28,1000,753,0.753,751,0.061698054924272244,0.12395356007263823,3.3026554783005986e-17,0.9999999999999994,-2.9419994189914753,6.032939063150711
2024-11-29,1000,753,0.753,751,0.07226654534100302,0.12457842355292724,-1.1323390211316337e-16,0.9999999999999983,-2.970731042019073,5.849742782416863
2024-12-02,1000,754,0.754,753,0.15252471635226258,0.21795709025619664,-1.2250736823450003e-16,1.0,-2.957406292504207,5.878712251927493
2024-12-03,1000,754,0.754,753,0.17020255360844205,0.23418212935984895,8.010097153794232e-17,0.9999999999999998,-2.9216098908670696,5.83166036483871
2024-12-04,1000,755,0.755,754,0.15095559705472028,0.23868692838872993,4.705581031523842e-17,0.9999999999999998,-2.9495562096577768,5.9100392285739565
2024-12-05,1000,756,0.756,755,0.23179189654966045,0.29911078819994735,7.04903507698512e-17,1.0000000000000002,-2.9320150357581967,5.896657368834256
2024-12-06,1000,756,0.756,756,0.21617370929296872,0.2752998997075657,1.0338584779578177e-16,1.0000000000000007,-2.938812597465272,5.903724980362957
2024-12-09,1000,756,0.756,756,0.18279678587247483,0.25565063506921837,-2.819614030794048e-17,1.0000000000000002,-2.975203929737842,5.832795674134741
2024-12-10,1000,756,0.756,756,0.16690894078739285,0.2547145942600023,8.458842092382145e-17,1.0000000000000002,-3.000775494971399,5.8337894861715816
2024-12-11,1000,757,0.757,757,0.14979259362869876,0.22951922415678458,-1.1732872122855024e-16,1.0000000000000002,-2.9984890481358244,5.921914406672407
2024-12-12,1000,759,0.759,759,0.1650157709706181,0.23173716540247757,2.8084693113047436e-17,0.9999999999999996,-3.0235374221971316,5.946938319818729
2024-12-13,1000,756,0.756,756,0.18023990312471352,0.23814992400825016,-4.6993567179900803e-17,0.9999999999999996,-3.0160846638624212,5.90144910287055
2024-12-16,1000,756,0.756,755,0.1231441033551974,0.18633518577086,1.879742687196032e-17,1.0000000000000002,-3.013440270453871,5.764202396242331
2024-12-17,1000,754,0.754,753,0.08178965986518386,0.1728617726171897,-1.8847287420692312e-17,1.0000000000000004,-3.044637691296605,5.721621311478141
2024-12-18,1000,754,0.754,753,0.10041164949816013,0.1906556290780217,-2.3559109275865392e-17,1.0,-3.0207042299923947,5.730389908937259
2024-12-19,1000,754,0.754,753,0.11082147575417253,0.19808910550054948,4.24063966965577e-17,1.0000000000000004,-3.014084094140191,5.704626319413171
2024-12-20,1000,754,0.754,752,0.13229999485452085,0.21788266939607634,-1.8847287420692312e-17,0.9999999999999996,-3.0095569696098847,5.679882247272288
2024-12-23,1000,752,0.752,751,0.08674990005256125,0.16583344663380598,-1.4173059888831785e-17,0.9999999999999998,-3.055033448103476,5.685204393765067
2024-12-24,1000,753,0.753,753,0.06539148875996176,0.14021269836431616,-5.1898871801866544e-17,1.0000000000000004,-3.094356641200816,5.7231723601837095
2024-12-25,1000,751,0.751,751,0.06791331105787647,0.1342695422717904,-4.7306440463388826e-17,1.0000000000000002,-3.152975558201811,5.676237924937906
2024-12-26,1000,751,0.751,751,0.06805362135223725,0.13041516368540645,6.622901664874436e-17,0.9999999999999998,-3.167681460658662,5.7134311720334665
2024-12-27,1000,753,0.753,753,0.10343920274203888,0.1846257366585565,3.3026554783005986e-17,1.0,-3.0548898670119007,5.686840383031162
2024-12-30,1000,752,0.752,751,0.0062286551265605455,0.07421412584638923,-9.448706592554524e-18,1.0000000000000007,-3.1488349346234688,5.669078603786769
2024-12-31,1000,750,0.75,749,-0.07109734500076591,-0.03695588440170412,4.7369515717340015e-17,1.0000000000000002,-3.1648858468858583,5.695512656798229
2025-01-02,1000,749,0.749,749,-0.07378479169022295,-0.07027692827897922,4.7432759396535395e-17,1.0000000000000004,-3.1917639023626934,5.739119707835909
2025-01-03,1000,745,0.745,745,-0.1378679976117658,-0.1755500796047564,-1.9074972772083225e-17,0.9999999999999998,-3.208613106566432,5.702901627180791
2025-01-06,1000,745,0.745,745,-0.11229616763185772,-0.16741997352554025,9.537486386041613e-18,1.0000000000000009,-3.19171892412664,5.669701202200102
2025-01-07,1000,746,0.746,746,-0.11211376274037697,-0.17847994525832753,0.0,1.0,-3.1735641919533575,5.657402251889597
2025-01-08,1000,746,0.746,746,-0.11327821413576405,-0.17280989100688318,7.619761241395176e-17,0.9999999999999998,-3.1951872856962793,5.6670723112672
2025-01-09,1000,746,0.746,745,-0.08443308945757151,-0.1275470857597662,1.904940310348794e-17,1.0000000000000007,-3.205088951253195,5.679049468661392
2025-01-10,1000,746,0.746,745,-0.1255465654757738,-0.1699702860641972,6.667291086220779e-17,0.9999999999999996,-3.211991805005937,5.627161701659466
2025-01-13,1000,746,0.746,745,-0.08772008361730703,-0.1300384128656769,1.904940310348794e-17,1.0,-3.2018582446901767,5.691128884426329
2025-01-14,1000,747,0.747,746,-0.0866997518294639,-0.1099444368650405,-9.51195094725703e-18,1.0,-3.2039930084397064,5.708403227779033
2025-01-15,1000,747,0.747,745,-0.0922335981296693,-0.10559775846000813,-9.51195094725703e-18,0.9999999999999994,-3.198856079160099,5.700842850046443
2025-01-16,1000,746,0.746,745,-0.09558858342558006,-0.12188124655601694,3.809880620697588e-17,1.0000000000000002,-3.2190565354057035,5.709362217895622
2025-01-17,1000,747,0.747,745,-0.09152073856251797,-0.1192963699372314,-2.853585284177109e-17,1.0,-3.2347824337506257,5.752215656468011
2025-01-20,1000,747,0.747,745,-0.09606881093018492,-0.12756582748030287,-5.707170568354218e-17,0.9999999999999996,-3.2271427079139765,5.767316046350135
2025-01-21,1000,747,0.747,745,-0.0853390358823967,-0.11483502072647718,-3.804780378902812e-17,1.0000000000000002,-3.225311417679715,5.771409105975511
2025-01-22,1000,743,0.743,742,-0.06593306281736522,-0.09156947491375049,6.694211507834053e-17,0.9999999999999988,-3.245937242464574,5.772248838994045
2025-01-23,1000,743,0.743,742,-0.07337472072237759,-0.10170571311999074,-2.868947789071737e-17,1.000000000000001,-3.240932663498117,5.764071024796973
2025-01-24,1000,743,0.743,742,-0.062462726175669725,-0.059823784471353995,-6.694211507834053e-17,1.0000000000000002,-3.236509494254087,5.775396246868201
2025-01-27,1000,746,0.746,745,-0.09841382250474452,-0.12311709137899492,7.619761241395176e-17,0.9999999999999997,-3.2287044925459814,5.760328801217264
2025-02-05,1000,747,0.747,745,-0.0562232971887558,-0.06473189076909086,-1.902390189451406e-17,0.9999999999999993,-3.2147869950637644,5.732526660916691
2025-02-06,1000,748,0.748,747,-0.02992547457085921,-0.027443736504091255,-3.7996937741181826e-17,0.9999999999999998,-3.220769256695018,5.732688411319546
2025-02-07,1000,750,0.75,749,-0.002845393971125522,-0.007098949344073717,-9.473903143468002e-18,0.9999999999999998,-3.233832819271432,5.751995026900829
2025-02-10,1000,750,0.75,750,0.038447736119596405,0.06181992313869749,2.842170943040401e-17,1.0000000000000002,-3.2015525597892034,5.756616397055531
2025-02-11,1000,750,0.75,750,0.018885022223910364,0.030614483741005307,1.2316074086508403e-16,1.0000000000000002,-3.234080012949842,5.773841250871718
2025-02-12,1000,751,0.751,751,0.06018324400291531,0.08248205814106448,-5.676772855606659e-17,1.0000000000000002,-3.233310566240748,5.7929381788811165
2025-02-13,1000,751,0.751,751,0.09276497246491042,0.1375355226744148,-9.461288092677766e-18,0.9999999999999999,-3.2439800741182276,5.780922116883231
2025-02-14,1000,751,0.751,749,0.07880271981653647,0.13986798618417684,-3.7845152370711064e-17,1.000000000000001,-3.254320497945345,5.7776567673715995
2025-02-17,1000,752,0.752,751,0.11109075314302247,0.1677013633376683,0.0,1.0,-3.2276915716069268,5.754694562744112
2025-02-18,1000,750,0.75,748,0.09439431833934422,0.13537409820401644,-1.8947806286936004e-17,0.9999999999999998,-3.249705351357855,5.708639450812621
2025-02-19,1000,750,0.75,748,0.13949762919189643,0.20041806642140989,0.0,0.9999999999999999,-3.233448822872977,5.740914005916939
2025-02-20,1000,751,0.751,749,0.15152277552232837,0.19948174158042997,2.8383864278033297e-17,1.0000000000000007,-3.2360373791574766,5.769632077136369
2025-02-21,1000,752,0.752,750,0.18255182005521922,0.24268564561135678,-5.669223955532714e-17,0.9999999999999994,-3.2603002323669763,5.821530424412483
2025-02-24,1000,752,0.752,749,0.2083096977020127,0.27263053249345315,-1.8897413185109047e-17,0.9999999999999997,-3.2189672795351947,5.742370393415936
2025-02-25,1000,750,0.75,748,0.24961674418033258,0.29547743324417586,1.6105635343895605e-16,1.0000000000000002,-3.213176471093117,5.754868271856224
2025-02-26,1000,751,0.751,750,0.21393581970991007,0.2703249513563552,0.0,1.0,-3.225137857710121,5.799059395567113
2025-02-27,1000,751,0.751,749,0.21288331447816541,0.26816072958711956,6.622901664874436e-17,0.9999999999999996,-3.2470028524181607,5.862719511496188
2025-02-28,1000,750,0.75,749,0.1831989897938251,0.234959973500628,2.842170943040401e-17,0.9999999999999996,-3.256589891967493,5.817158423306665
2025-03-03,1000,751,0.751,749,0.1697274805572644,0.2366063583249228,9.461288092677766e-18,1.0000000000000004,-3.2285153006109972,5.833007009226078
2025-03-04,1000,751,0.751,749,0.1976592811029314,0.2424859453955991,-4.7306440463388826e-17,0.9999999999999997,-3.238155513453272,5.865946855491478
2025-03-05,1000,751,0.751,748,0.18541210969661528,0.2354255289644513,6.622901664874436e-17,0.9999999999999996,-3.2671610545008707,5.83715142963674
2025-03-06,1000,752,0.752,749,0.137287214782804,0.16567397646540466,9.448706592554524e-18,0.9999999999999998,-3.2921759495287963,5.91333575543677
2025-03-07,1000,749,0.749,746,0.1339407503689511,0.16875946125759309,-3.7946207517228313e-17,1.0,-3.3406578756363037,5.974937454314988
2025-03-10,1000,751,0.751,749,0.10462213503605594,0.12662901784646208,2.8383864278033297e-17,0.9999999999999998,-3.3638680866569337,6.054401343202297
2025-03-11,1000,751,0.751,749,0.09835126596702559,0.1092265986896327,3.7845152370711064e-17,1.0000000000000002,-3.3512814947275276,6.095908842197871
2025-03-12,1000,752,0.752,750,0.07544991185836873,0.08999535288062732,1.8897413185109047e-17,1.0000000000000002,-3.310935742598961,5.999716816194676
2025-03-13,1000,751,0.751,749,0.013547961446034063,0.016799526407388864,-1.8922576185355532e-17,0.9999999999999993,-3.3173375154997973,6.028270329110548
2025-03-14,1000,752,0.752,749,0.003110945998495635,0.009200716820288012,8.503835933299071e-17,0.9999999999999996,-3.346067669593638,6.117271957674336
2025-03-17,1000,753,0.753,752,0.023305062654095345,0.03680030141495947,2.8308475528290844e-17,0.9999999999999993,-3.332690860731294,6.104096173333121
2025-03-18,1000,752,0.752,750,0.030644933957105283,0.03841009522441886,1.8897413185109047e-17,1.0000000000000002,-3.3438859192840966,6.118507996650096
2025-03-19,1000,750,0.75,749,0.024181935916022496,0.033016856700199194,4.7369515717340015e-17,1.0000000000000007,-3.3431446591655125,6.122813935891178
2025-03-20,1000,750,0.75,748,0.03593990770222714,0.049330641496256704,6.631732200427602e-17,1.0,-3.3080987464091,6.067537035642416
2025-03-21,1000,749,0.749,747,-0.024032743467132703,-0.005404307082237856,9.486551879307078e-18,0.999999999999999,-3.295171465988296,6.078611941391649
2025-03-24,1000,750,0.75,748,-0.05069546348320767,-0.03465286601130514,4.7369515717340015e-17,0.9999999999999994,-3.320497492314801,6.226631200062573
2025-03-25,1000,751,0.751,749,-0.09745196321321577,-0.08607402997751247,1.3245803329748872e-16,1.0000000000000004,-3.30109277673619,6.204840176940218
2025-03-26,1000,751,0.751,749,-0.058376637383000335,-0.027790386987738842,-9.461288092677766e-18,0.9999999999999991,-3.2849961177001976,6.212794125813306
2025-03-27,1000,751,0.751,750,-0.0661533990874261,-0.05998243267863124,2.8383864278033297e-17,1.0000000000000009,-3.295829632896291,6.216062216518207
2025-03-28,1000,748,0.748,747,-0.05603699343043892,-0.051694786486341925,-4.7496172176477284e-17,1.0000000000000004,-3.2176895679435544,6.121039561564129
2025-03-31,1000,752,0.752,751,-0.09743147050643497,-0.09696178214127109,-8.503835933299071e-17,0.9999999999999996,-3.0880005302552633,6.115206319840697
2025-04-01,1000,750,0.75,749,-0.14390975033650355,-0.16858014375188723,3.789561257387201e-17,0.9999999999999996,-3.0678340020799224,6.135590413104699
2025-04-02,1000,752,0.752,751,-0.1976891242432972,-0.2321709842811284,-3.7794826370218094e-17,0.9999999999999996,-3.0498277874627044,6.0816031844079745
2025-04-03,1000,752,0.752,751,-0.15371130519195245,-0.15512730225849988,2.834611977766357e-17,0.9999999999999998,-3.031263205389908,6.059788606698331
2025-04-07,1000,751,0.751,750,-0.17839085506453917,-0.17684177216315047,0.0,1.0000000000000002,-3.0082680491270137,5.871478709975587
2025-04-08,1000,748,0.748,747,-0.10542917380703315,-0.11918713261095881,0.0,0.9999999999999999,-2.951096978004542,5.7047760466962805
2025-04-09,1000,750,0.75,748,-0.07344559124185007,-0.09237367083074767,9.473903143468002e-18,1.0,-2.9841707700115694,4.290890503834029
2025-04-10,1000,750,0.75,748,-0.038342648338445036,-0.051920830399759026,-5.684341886080802e-17,0.9999999999999997,-3.0218020824946987,4.359668699176267
2025-04-11,1000,749,0.749,747,0.001509760230569682,-0.01705433975527099,4.7432759396535395e-17,1.0000000000000002,-3.1959543049631773,4.405501206528748
2025-04-14,1000,752,0.752,750,0.021867553232490882,0.025378336699502586,6.614094614788166e-17,0.9999999999999997,-3.1963949631831916,4.4061833062986375
2025-04-15,1000,753,0.753,752,-0.020200516464453193,-0.016735947290520522,-1.4154237764145422e-17,0.9999999999999998,-3.1888498847078903,4.3236266137672965
2025-04-16,1000,756,0.756,755,-0.04720798429949789,-0.0466363804993071,-2.3496783589950402e-17,1.0000000000000002,-3.1550529325598857,4.2983341653636415
2025-04-17,1000,757,0.757,756,-0.04113206609358081,-0.04736823322211794,1.4079446547426027e-17,1.0000000000000002,-3.153054915601817,4.268346743571816
2025-04-18,1000,757,0.757,755,-0.04060732509337448,-0.04471473284795487,-4.6931488491420093e-17,1.0,-3.158560841262402,4.254390751924477
2025-04-21,1000,753,0.753,752,0.003129112951131286,-0.0026500512173550468,2.3590396273575704e-17,0.9999999999999999,-3.214098472529703,4.378317445957285
2025-04-22,1000,752,0.752,751,-0.005623165125165703,-0.0014850554292165185,2.362176648138631e-17,1.0,-3.2202750509104145,4.459482667844403
2025-04-23,1000,748,0.748,747,-0.023501177919300297,-0.01748163641097021,1.4248851652943187e-17,0.9999999999999996,-3.4237538088865986,4.513081484079029
2025-04-24,1000,746,0.746,745,-0.06962981210007872,-0.07196856228992606,-3.809880620697588e-17,0.9999999999999996,-3.4091992819754324,4.506863113575955
2025-04-25,1000,749,0.749,748,-0.0409185284757369,-0.026489829433324136,4.743275939653539e-18,1.0,-3.3878484511274007,4.453006870699706
2025-04-28,1000,751,0.751,750,-0.06786117982650253,-0.036899730156963385,-3.7845152370711064e-17,1.0000000000000002,-3.3726149904077363,4.431434647622391
2025-04-29,1000,748,0.748,747,-0.000677033065644766,0.047869229150830556,0.0,0.9999999999999993,-3.1203758641080155,4.407123045290421
2025-04-30,1000,744,0.744,742,0.03860365421399276,0.08421596832724687,4.775152794086695e-18,0.9999999999999991,-3.042152121742866,4.463523710243585
2025-05-06,1000,743,0.743,741,0.07745237291362018,0.1375584923979658,-5.737895578143474e-17,0.9999999999999991,-3.0548707164791944,4.460070500015263
2025-05-07,1000,745,0.745,742,0.04804153325675045,0.1191886814848122,-9.537486386041613e-18,0.9999999999999999,-3.0445054707877675,4.43254087770446
2025-05-08,1000,746,0.746,743,0.05006135154198463,0.12611656216147804,-3.3336455431103894e-17,1.0,-3.0672060097930536,4.290289320188504
2025-05-09,1000,745,0.745,744,0.016923130725376136,0.06976532916893562,9.060612066739532e-17,0.9999999999999992,-3.05119081205199,4.251105421215031
2025-05-12,1000,746,0.746,745,0.02876639560827375,0.07850815575082505,-1.4287052327615956e-17,1.0,-3.0504736192940873,4.270122618061461
2025-05-13,1000,745,0.745,745,0.02794397267608027,0.08048188728070305,3.3381202351145644e-17,1.0000000000000002,-3.0222065646259204,4.216488579748455
2025-05-14,1000,745,0.745,745,0.013877468667347502,0.08968670920322913,8.583737747437452e-17,1.0,-3.044641270954081,4.237509557730491
2025-05-15,1000,745,0.745,745,0.02109743808429651,0.10058537002349038,7.15311478953121e-17,1.0000000000000002,-3.0446533485672123,4.228052617972643
2025-05-16,1000,745,0.745,744,0.01010621791470642,0.07811424081933771,-7.15311478953121e-17,1.0000000000000007,-3.048455596795265,4.236722604327377
2025-05-19,1000,744,0.744,744,0.036047978715449604,0.11741789859426173,1.4325458382260084e-17,0.9999999999999996,-3.059423188619459,4.270995714265857
2025-05-20,1000,744,0.744,744,0.04188494456698192,0.11867836745776288,-6.685213911721373e-17,1.0000000000000002,-3.0667931381685425,4.260106998602322
2025-05-21,1000,744,0.744,744,0.04970517719125372,0.11254641766345233,-4.775152794086695e-18,1.0,-3.068363949552999,4.273281176453758
2025-05-22,1000,744,0.744,744,0.059783108503349426,0.13856952914333517,3.820122235269356e-17,0.9999999999999999,-3.061812623387636,4.221773571159395
2025-05-23,1000,744,0.744,743,0.007198646610138103,0.04346351105314937,3.820122235269356e-17,0.9999999999999996,-3.0696610503936275,4.21681394775817
2025-05-26,1000,743,0.743,743,-0.006622179963862268,0.04987360399922032,5.737895578143474e-17,1.0,-3.0633989534504247,4.252298229136007
2025-05-27,1000,743,0.743,743,0.011167010517798066,0.06214504022554629,-7.650527437524632e-17,1.0000000000000004,-3.051133777887795,4.219410064463355
2025-05-28,1000,742,0.742,742,0.006451906005195398,0.026641546190317025,-1.005485003434104e-16,1.0000000000000013,-3.055237785862216,4.2630528757188415
2025-05-29,1000,744,0.744,744,0.013807141066151081,0.04083981492121659,8.117759749947381e-17,0.9999999999999996,-3.061884287931368,4.295507915245343
2025-05-30,1000,743,0.743,743,-0.03167429921318427,-0.03323590412551686,0.0,0.9999999999999993,-3.0559590524100897,4.234025204327215
2025-06-03,1000,744,0.744,744,-0.026197018999125625,-0.018861426564667987,5.730183352904034e-17,1.0000000000000004,-3.056036463146798,4.147091332463115
2025-06-04,1000,745,0.745,744,0.00242596882439478,0.03989723673012915,-1.0491235024645774e-16,1.0,-3.035337111843556,4.136918011703802
2025-06-05,1000,743,0.743,742,0.018982320374518705,0.07589889370121354,1.0997633191441658e-16,1.0000000000000002,-3.0372098541468153,4.191833233787986
2025-06-06,1000,743,0.743,743,0.027652193514119218,0.08971419744879013,-7.172369472679342e-17,0.9999999999999996,-3.0108385885617484,4.167446104447893
2025-06-09,1000,746,0.746,746,0.028639338220605617,0.10106864373307406,-3.809880620697588e-17,0.9999999999999994,-3.022336721647753,4.206698343391561
2025-06-10,1000,744,0.744,744,0.0026154400869717823,0.053336364487933156,-7.162729191130042e-17,0.9999999999999997,-3.052618687573026,4.197241968787735
2025-06-11,1000,745,0.745,745,-0.015027400745114635,0.04115136724481243,-5.245617512322887e-17,0.999999999999999,-3.053278826645844,4.197698607393127
2025-06-12,1000,745,0.745,745,-0.007691591341229849,0.036628389392751655,1.0968109343947855e-16,0.999999999999999,-3.060203001080881,4.247481135824716
2025-06-13,1000,742,0.742,742,-0.0528834988802349,-0.01848564520111171,-1.4842873860217726e-16,1.0000000000000007,-3.0796939158978556,4.250554438567285
2025-06-16,1000,743,0.743,743,0.014361939743559092,0.06122974857052633,-4.781579648452895e-17,1.0000000000000007,-3.049346435759813,4.136528271451755
2025-06-17,1000,744,0.744,744,-0.01931522818222705,0.01881471811256971,-4.775152794086695e-18,1.000000000000001,-3.015979451748105,4.193898229792755
2025-06-18,1000,744,0.744,744,-0.037097041137981845,-0.008150205043218249,-4.297637514678025e-17,1.0,-3.0191785873886308,4.026330507346469
2025-06-19,1000,744,0.744,743,-0.08180590897740074,-0.07380951654775586,5.2526680734953645e-17,0.9999999999999999,-3.023359514757632,3.9722192554402413
2025-06-20,1000,744,0.744,744,-0.08619828836139092,-0.0847246628023297,-1.3847943102851415e-16,1.0000000000000002,-3.0339174269367293,4.056715279880768
2025-06-23,1000,744,0.744,744,-0.021598792020045353,0.006259096820344754,4.297637514678025e-17,1.0000000000000007,-3.016282782160818,3.9844892206392326
2025-06-24,1000,745,0.745,745,0.03695203332354348,0.10682344905757929,-6.199366150927048e-17,0.9999999999999996,-3.009452516484305,3.9223449800412973
2025-06-25,1000,745,0.745,745,0.05028952548721637,0.11282581377690197,-1.2875606621156178e-16,0.9999999999999998,-3.0318728609226566,3.951828824143703
2025-06-26,1000,746,0.746,746,0.01040423752306329,0.04971838014900981,-5.2385858534591835e-17,0.9999999999999996,-3.007556272081659,3.809973605924053
2025-06-27,1000,747,0.747,747,-0.004761164516527175,0.04910447692552607,-8.560755852531328e-17,0.9999999999999991,-3.0209331835884345,3.8691181208679963
2025-06-30,1000,748,0.748,748,-0.0007975261171318631,0.05587730988199997,9.499234435295456e-18,0.9999999999999993,-3.015335303969078,3.940811455708758
2025-07-01,1000,748,0.748,748,-0.015438084049568316,0.02279318720463533,0.0,0.9999999999999994,-3.0099163439800756,3.831755974093922
2025-07-02,1000,749,0.749,749,-0.016663063770980494,0.011854422737299806,1.8973103758614157e-17,1.0000000000000002,-3.043175600038473,3.814508922609289
2025-07-03,1000,749,0.749,749,-0.04191654207797067,-0.026034792559142785,-4.2689483456881854e-17,1.0000000000000004,-3.015513295872528,4.139876050964499
2025-07-04,1000,749,0.749,747,-0.054006024627890954,-0.04145094993355641,-4.743275939653539e-18,1.0000000000000004,-2.993364982277137,4.10690865480196
2025-07-07,1000,748,0.748,746,-0.05271610355714134,-0.03226705381747302,9.499234435295457e-17,1.0,-2.9883122356214162,3.8476771493236748
2025-07-08,1000,752,0.752,749,-0.04330811486014362,-0.03029488396824095,-1.3228189229576333e-16,1.0000000000000002,-3.0075913786585073,3.8599278734925413
2025-07-09,1000,753,0.753,750,-0.0359518314161071,-0.03610338991192483,-8.964350583958767e-17,0.9999999999999993,-2.98575432972575,3.8738270854813193
2025-07-10,1000,756,0.756,753,-0.04381531450226084,-0.038648087190007625,-6.579099405186112e-17,0.9999999999999992,-2.9819894646961527,4.040131233010675
2025-07-11,1000,758,0.758,756,-0.01844249345671942,0.0350558665375622,-1.874782943958048e-17,0.9999999999999999,-3.086233660583083,4.059793674979447
2025-07-14,1000,757,0.757,755,-0.06421107166226062,-0.034717214203280874,5.16246373405621e-17,1.0000000000000007,-3.05600855378892,4.086371390842399
2025-07-15,1000,757,0.757,754,-0.0495258808296687,-0.017470225461399456,3.7545190793136074e-17,1.0000000000000004,-3.0298105422798733,4.107212085356689
2025-07-16,1000,757,0.757,754,-0.049166409833270364,-0.012091756713786615,0.0,0.9999999999999996,-3.0391011494410427,4.113089079354288
2025-07-17,1000,757,0.757,753,-0.016201251717485154,0.04462292549743034,-9.386297698284019e-17,0.9999999999999996,-3.0281828740589987,4.141980632506319
2025-07-18,1000,757,0.757,755,-0.054041165709974054,-0.014513648379610927,-4.6931488491420093e-17,1.0000000000000002,-3.0392179646422877,4.159919607729747
2025-07-21,1000,756,0.756,755,-0.08489220056640139,-0.07352877014547923,-1.879742687196032e-17,1.0000000000000004,-2.9970337184722164,4.139709648155455
2025-07-22,1000,756,0.756,755,-0.11532596626869052,-0.14353107459847533,9.39871343598016e-18,1.0000000000000002,-2.9338663199952117,4.006355489031633
2025-07-23,1000,756,0.756,755,-0.1260199776595704,-0.1513728747763466,-2.819614030794048e-17,1.0,-2.9695272203279868,4.108817140251764
2025-07-24,1000,757,0.757,756,-0.07907484220172314,-0.07193363563307176,3.7545190793136074e-17,0.9999999999999998,-2.974626013602243,4.1750225336319176
2025-07-25,1000,757,0.757,756,-0.10287289958868483,-0.09691137726160982,-4.223833964227808e-17,1.0000000000000002,-2.9898068913320666,4.210700069907129
2025-07-28,1000,757,0.757,756,-0.08612624763711384,-0.076607321071732,4.6931488491420093e-17,1.0,-2.9975833363600546,4.153726922314873
2025-07-29,1000,757,0.757,755,-0.053512154839694966,-0.04329559136437325,-3.7545190793136074e-17,0.9999999999999996,-2.9847854870777604,4.185056717076757
2025-07-30,1000,755,0.755,754,-0.07086676464476879,-0.0633367434697012,-9.411162063047685e-18,1.0000000000000002,-3.0208575567941662,4.209132301237837
2025-07-31,1000,754,0.754,753,-0.07961030050244966,-0.0523273761269955,4.24063966965577e-17,1.0,-2.989292237679562,4.157083309602681
2025-08-01,1000,754,0.754,751,-0.08629824393769676,-0.049133658893155935,-9.894825895863464e-17,0.9999999999999997,-3.003270214834762,4.154186087988305
2025-08-04,1000,751,0.751,750,-0.0896260230048369,-0.06328293075304778,-1.8922576185355532e-17,0.9999999999999993,-3.003688881857389,4.165847670742692
2025-08-05,1000,752,0.752,751,-0.08163583768535093,-0.0506904540389874,9.448706592554524e-18,0.9999999999999997,-3.011675750236647,4.193110560256975
2025-08-06,1000,753,0.753,752,-0.056541458277331993,-0.012969867893043071,-2.8308475528290844e-17,0.9999999999999991,-3.0329970566301783,4.177549580402008
2025-08-07,1000,752,0.752,751,-0.038256274557162254,0.011437006058850653,6.614094614788166e-17,0.9999999999999997,-3.0284086456973514,4.180465853522182
2025-08-08,1000,752,0.752,751,-0.05940104167184239,-0.013093435702750943,7.558965274043619e-17,0.9999999999999998,-3.028478274783461,4.187094702418034
2025-08-11,1000,751,0.751,750,-0.03162462800978853,0.0027429606548547594,-4.730644046338883e-18,0.9999999999999997,-3.0234380511786725,4.203429733381225
2025-08-12,1000,751,0.751,749,-0.022896421348514637,0.0024628488784536164,2.8383864278033297e-17,1.0000000000000004,-3.0234426886308436,4.223609428287931
2025-08-13,1000,749,0.749,749,-0.01997492801249627,0.006662003097906469,-7.589241503445663e-17,0.9999999999999996,-3.0268414351538486,4.25136804856666
2025-08-14,1000,746,0.746,746,-0.038293529436255504,-0.019001621102094385,9.048466474156772e-17,1.0,-3.0804407659956285,4.333311787367058
2025-08-15,1000,746,0.746,745,-0.02046396929924726,-0.004715892739769525,-3.809880620697588e-17,0.9999999999999998,-3.1013098384327304,4.411302027264903
2025-08-18,1000,751,0.751,750,-0.007322255235364613,-0.009796042373736076,-2.8383864278033297e-17,1.0000000000000002,-3.0231815790421694,4.340566329914414
2025-08-19,1000,753,0.753,752,-0.03630344179741607,-0.028398066952452082,7.548926807544225e-17,1.0000000000000002,-3.009323120911373,4.319985078040097
2025-08-20,1000,754,0.754,753,-0.04543894929160386,-0.016330988146446162,-7.538914968276925e-17,0.9999999999999999,-3.0417025190374822,4.381927387402841
2025-08-21,1000,754,0.754,753,-0.0835623945719274,-0.06004180622316474,-7.067732782759617e-17,0.9999999999999996,-3.030795121094499,4.348731501066686
2025-08-22,1000,755,0.755,753,-0.03336609259526971,0.00553619735924629,1.882232412609537e-17,1.000000000000001,-3.0310234500792133,4.350501268348005
2025-08-25,1000,753,0.753,752,-0.055783152907131574,-0.010638326465729799,-4.718079254715141e-17,0.9999999999999997,-3.052540050030578,4.290461216501345
2025-08-26,1000,755,0.755,754,-0.05257899189171285,-0.0030512274408855543,4.705581031523842e-18,1.000000000000001,-3.0395514547304514,4.310379671202943
2025-08-27,1000,751,0.751,749,-0.0690295434350972,-0.017714017063709765,-2.3653220231694413e-17,0.9999999999999998,-3.098041117266231,4.341953393247026
2025-08-28,1000,750,0.75,748,-0.06241416732326888,-0.005771571100935271,8.052817671947803e-17,0.9999999999999997,-3.1124571752032746,4.360564388549342
2025-08-29,1000,753,0.753,751,-0.041566533280912143,0.0076916316160576675,-1.4154237764145422e-17,0.9999999999999989,-3.0948315247321223,4.533712180516557
2025-09-01,1000,753,0.753,751,-0.05079895160126771,0.008154986055859688,-4.2462713292436265e-17,1.0000000000000002,-3.0549272210599523,4.649806906021415
2025-09-02,1000,750,0.75,748,-0.059944507365526735,-0.017934486062399505,3.789561257387201e-17,1.0000000000000002,-3.0428388004816616,4.516770208754574
2025-09-03,1000,749,0.749,747,-0.08174015477689342,-0.06696410980192095,2.3716379698267697e-17,1.0,-3.0673396412728633,4.603304868373652
2025-09-04,1000,750,0.75,748,-0.050318486917065336,-0.026211957146707352,0.0,1.0000000000000002,-3.0282118930706674,4.528075215024392
2025-09-05,1000,751,0.751,750,-0.05875845463568441,-0.03357565459547949,1.8922576185355532e-17,0.9999999999999998,-3.0406880982807336,4.6282775453821605
2025-09-08,1000,752,0.752,751,-0.029461090899118123,-0.0017093662593048455,1.8897413185109047e-17,0.9999999999999999,-3.052484576504431,4.759499162957748
2025-09-09,1000,752,0.752,751,-0.04247669664523108,-0.012956757929394429,3.7794826370218094e-17,0.9999999999999991,-3.0688986005337977,4.754224804226042
2025-09-10,1000,752,0.752,752,-0.024564474372008278,0.0034320745100183247,-1.1810883240693154e-16,0.9999999999999996,-3.0486362922287635,4.7154569971481175
2025-09-11,1000,753,0.753,753,-0.0005923450171506997,0.05311505954472132,-9.43615850943028e-18,1.0000000000000004,-3.047276307114412,4.721140076641424
2025-09-12,1000,753,0.753,752,-0.0024034275339947456,0.06530410306616492,-6.605310956601197e-17,1.0,-3.0363085883290184,4.766408522450467
2025-09-15,1000,754,0.754,754,0.011660807644975008,0.08138770585225304,-3.7694574841384623e-17,0.9999999999999997,-3.019266658327146,4.792458249874071
2025-09-16,1000,758,0.758,758,0.05355040193951487,0.12476117704516468,-1.1248697663748289e-16,0.9999999999999997,-2.9897187345073677,4.746337051936743
2025-09-17,1000,758,0.758,758,0.09243921531467017,0.14760812852188207,4.68695735989512e-17,1.0000000000000007,-2.974413645403404,4.756908873464793
2025-09-18,1000,758,0.758,758,0.07378897819779881,0.12001952209873637,-7.499131775832192e-17,0.9999999999999997,-2.9613747843748075,4.762507517504248
2025-09-19,1000,757,0.757,756,0.061478608173553474,0.09167120528900388,-6.101093503884612e-17,1.0000000000000007,-2.935425698719602,4.777855990836376
2025-09-22,1000,755,0.755,755,0.08333696077201715,0.11297588008489308,-4.705581031523842e-18,0.9999999999999993,-2.950732497221499,4.783894221253599
2025-09-23,1000,754,0.754,754,0.05594470730020271,0.07156265162355692,4.7118218551730784e-17,1.000000000000001,-2.947356976360918,4.73348952431101
2025-09-24,1000,755,0.755,754,0.0835423392766467,0.10267327418323177,1.882232412609537e-17,1.0000000000000002,-2.942823123255995,4.775653336975307
2025-09-25,1000,752,0.752,752,0.08592606234784536,0.11903832805441154,1.4173059888831785e-17,1.0,-2.9822339161733478,4.820801827190204
2025-09-26,1000,752,0.752,751,0.057005801260625294,0.09646594169694576,1.4173059888831785e-17,1.0000000000000004,-2.990162905208248,4.819901459683888
2025-09-29,1000,751,0.751,751,0.10708810262023995,0.1329730666184854,-2.8383864278033297e-17,0.9999999999999993,-3.0126084537535105,4.8618795327452045
2025-09-30,1000,750,0.75,750,0.10415701424139384,0.13045937720489328,3.315866100213801e-17,1.0000000000000002,-3.00086199659883,4.859245674403928
2025-10-09,1000,751,0.751,751,0.11553978378691279,0.14863344599165038,1.8922576185355532e-17,1.0000000000000002,-2.970528279994024,4.815957994534003
2025-10-10,1000,752,0.752,752,0.06739566253223718,0.11301723440261675,9.448706592554524e-18,1.0,-2.9679545018598468,4.831447294795199
2025-10-13,1000,752,0.752,752,0.12556618825375715,0.16177185482591974,2.834611977766357e-17,1.0,-2.94756461068038,4.8184886548789505
2025-10-14,1000,752,0.752,752,0.08909672123515497,0.1250386200625896,-2.834611977766357e-17,0.9999999999999998,-2.967753556900228,4.790920117110501
2025-10-15,1000,751,0.751,751,0.11922867398881432,0.14878538527146726,9.461288092677766e-18,1.0000000000000004,-2.9925489671266905,4.893833988658072
2025-10-16,1000,751,0.751,751,0.08226641443550557,0.13273753190604604,2.3653220231694413e-17,1.0000000000000002,-3.0248901712968723,4.857901734228159
2025-10-17,1000,751,0.751,751,0.06293217178321495,0.12390718006348599,4.7306440463388826e-17,1.0000000000000004,-3.0018939030264624,4.826041203710963
2025-10-20,1000,751,0.751,751,0.04165179891306287,0.10678313360789427,-9.461288092677766e-18,1.0,-3.007651838976295,4.854827223086145
2025-10-21,1000,751,0.751,751,0.04447889034495477,0.11115442609530769,7.569030474142213e-17,1.0000000000000004,-2.991585181566918,4.827040059278124
2025-10-22,1000,751,0.751,750,0.05516849790528895,0.1212539204079491,1.0407416901945542e-16,1.0,-3.0513177213332883,4.771343566325129
2025-10-23,1000,751,0.751,750,0.06266475116660829,0.12074348564512255,-1.2772738925114983e-16,0.9999999999999996,-3.026107031513952,4.777611379126498
2025-10-24,1000,751,0.751,749,0.10543067626336841,0.15053619450335992,2.8383864278033297e-17,1.0,-2.9999547814652705,4.768243874380015
2025-10-27,1000,751,0.751,749,0.07374146833478759,0.1132763846663848,4.257579641704994e-17,1.0,-3.125446051537403,4.777874450822468
2025-10-28,1000,749,0.749,747,0.08551103912820898,0.13003129550037698,-3.320293157757477e-17,1.0000000000000002,-3.2215965314135637,4.801486797098495
2025-10-29,1000,750,0.75,748,0.083751464486448,0.11229522240160618,4.263256414560601e-17,1.0000000000000004,-3.2427568320010964,4.852509748974086
2025-10-30,1000,751,0.751,749,0.039176404811958776,0.09121287109980143,9.461288092677766e-18,1.0000000000000009,-3.2051769738636033,4.863942569001621
2025-10-31,1000,748,0.748,746,0.04545982256169778,0.09722667773131136,-4.749617217647728e-18,0.9999999999999996,-3.1237132450448204,4.451602990281556
2025-11-03,1000,749,0.749,746,0.04830302110618685,0.10420058414705358,-3.7946207517228313e-17,1.0000000000000002,-3.1035176913746616,4.593844138381365
2025-11-04,1000,749,0.749,746,0.03140378124022842,0.11188552715791973,-3.7946207517228313e-17,0.9999999999999996,-3.1038670809855216,4.533126338291641
2025-11-05,1000,750,0.75,747,0.08016843138823761,0.14150276431238115,7.105427357601002e-17,1.0000000000000002,-3.116651249057288,4.610505236764445
2025-11-06,1000,750,0.75,747,0.056341091643483665,0.14556076771970658,4.7369515717340015e-17,0.9999999999999999,-3.1393891521917925,4.538295893329595
2025-11-07,1000,749,0.749,747,0.028446816398790615,0.09947642415280024,-8.537896691376371e-17,0.9999999999999998,-3.137190466621518,4.577183386066067
2025-11-10,1000,750,0.75,749,-0.019101395527676958,0.04245972775961257,9.000207986294602e-17,0.9999999999999998,-3.161743702182816,4.53792490693302
2025-11-11,1000,751,0.751,748,-0.039850024499611635,-0.007164418008453855,8.988223688043877e-17,1.0000000000000009,-3.2173296465325616,4.66666211655919
2025-11-12,1000,750,0.75,747,-0.06651509314817601,-0.0413346407954077,1.6105635343895605e-16,0.9999999999999998,-3.3523855411996717,4.384917845649808
2025-11-13,1000,751,0.751,748,-0.019569053600021744,0.052160780435974816,5.676772855606659e-17,0.9999999999999996,-3.3417309463585623,4.462618374015928
2025-11-14,1000,752,0.752,748,-0.012428048961749557,0.08505571578457878,-1.8897413185109047e-17,0.999999999999999,-3.2935495612856376,4.508566254486968
2025-11-17,1000,752,0.752,749,0.04510315217804799,0.16858213355163684,-5.669223955532714e-17,0.9999999999999994,-3.2580729546326728,4.4704281962114365
2025-11-18,1000,751,0.751,749,0.06979114342010408,0.20039294318679296,3.311450832437218e-17,0.9999999999999998,-3.1784006545729317,4.460151168164361
2025-11-19,1000,751,0.751,748,0.07494514958205617,0.197429071248767,-2.8383864278033297e-17,0.999999999999999,-3.183959557091215,4.370081620727805
2025-11-20,1000,750,0.75,747,0.04241712267478459,0.15299093364050526,1.8947806286936004e-17,1.0000000000000007,-3.1634391338918926,4.369851109265708
2025-11-21,1000,750,0.75,746,0.036188712384899714,0.12241986242754219,1.8947806286936004e-17,0.999999999999999,-3.1414703744212873,4.435099723490687
2025-11-24,1000,749,0.749,747,0.01372895813527031,0.08857230012543331,1.6127138194822035e-16,0.9999999999999996,-3.122058922488697,4.498032611734279
2025-11-25,1000,749,0.749,748,0.021379208272855024,0.08351397016247941,4.7432759396535395e-17,1.0,-3.1274400772335293,4.429731508975779
2025-11-26,1000,749,0.749,749,-0.0072589349176391095,0.06534603219209024,7.114913909480309e-17,1.0000000000000004,-3.1367182797776745,4.406449527697624
2025-11-27,1000,749,0.749,749,-0.007557516168184736,0.04632448586168277,-5.217603533618893e-17,0.9999999999999996,-3.149315820486072,4.432385366353325
2025-11-28,1000,749,0.749,747,-0.001561015860814131,0.06590669667936555,1.8973103758614157e-17,0.9999999999999991,-3.127944695848934,4.454592402636794
2025-12-01,1000,748,0.748,745,-0.00723023939481175,0.04773187734685147,5.224578939412501e-17,0.9999999999999996,-3.1381802796010714,4.48634372911169
2025-12-02,1000,747,0.747,745,-0.028802570169063242,0.029643659375539852,9.51195094725703e-18,1.0000000000000004,-3.131234120884763,4.526643111507785
2025-12-03,1000,747,0.747,745,-0.04777937018841729,-0.01306174213080307,2.853585284177109e-17,1.0,-3.139659986322536,4.616891547880506
2025-12-04,1000,747,0.747,745,-0.04299788281297974,-0.04108583560865676,-1.0463146041982733e-16,0.9999999999999996,-3.1395581425775805,4.646857362442295
2025-12-05,1000,747,0.747,745,-0.0635020468905057,-0.029823190093352832,-9.51195094725703e-18,1.0000000000000002,-3.173894261399323,4.520067400909709
2025-12-08,1000,747,0.747,745,-0.06095791147859937,-0.007082909731615248,-8.085158305168475e-17,1.0000000000000007,-3.1804449069572485,4.3890944324647005
2025-12-09,1000,747,0.747,744,-0.06422231239832174,-0.012108568246509703,-1.0938743589345586e-16,1.0,-3.1814174526808694,4.374543187318023
2025-12-10,1000,746,0.746,744,-0.07900861080706255,-0.039324489077519155,5.714820931046382e-17,0.9999999999999997,-3.1768315969957883,4.348181491493316
2025-12-11,1000,746,0.746,742,-0.10433898519735287,-0.10523965907317037,5.2385858534591835e-17,0.9999999999999993,-3.1898667683596638,4.399731437103228
2025-12-12,1000,746,0.746,740,-0.08359472341589752,-0.08105768717021096,-8.095996318982375e-17,0.9999999999999998,-3.18813672953762,4.41523276934985
2025-12-15,1000,745,0.745,741,-0.10571709581580857,-0.09431418359487606,-3.3381202351145644e-17,0.9999999999999999,-3.2028356273027443,4.478850508596927
2025-12-16,1000,745,0.745,741,-0.10078032209296718,-0.08490832732033082,0.0,0.9999999999999996,-3.2152456355902483,4.49030824111043
2025-12-17,1000,745,0.745,741,-0.13450831213909858,-0.125498839781291,-4.768743193020806e-18,0.9999999999999998,-3.242963345023101,4.500860474230105
2025-12-18,1000,744,0.744,741,-0.12461576872009361,-0.11884427185783605,3.820122235269356e-17,0.9999999999999997,-3.235982178255901,4.488177690181781
2025-12-19,1000,743,0.743,741,-0.07780865338588198,-0.038288310773819396,1.0997633191441658e-16,0.9999999999999997,-3.245061247222166,4.494053160406848
2025-12-22,1000,743,0.743,741,-0.07140508421830984,-0.046444978599314145,5.2597376132981845e-17,1.0,-3.2802398225952083,4.501241658376945
2025-12-23,1000,743,0.743,742,-0.08661677007374612,-0.06151894806547767,-1.4344738945358685e-17,1.0000000000000002,-3.2848142714401836,4.4955790103362405
2025-12-24,1000,743,0.743,742,-0.06156396440952977,-0.05030161286811869,1.0519475226596369e-16,1.0000000000000007,-3.295200480567098,4.473912177052037
2025-12-25,1000,743,0.743,743,-0.021333124642578753,-0.007870608224746915,3.3471057539170265e-17,0.9999999999999988,-3.29896525142916,4.477236681285933
2025-12-26,1000,743,0.743,742,-0.01923741672303383,0.011722640571306996,3.3471057539170265e-17,0.9999999999999996,-3.2978490344846856,4.482105362952261
2025-12-29,1000,743,0.743,742,0.005213113692136871,0.04929325640605096,8.128685402369921e-17,1.0,-3.2668711608166374,4.430872393444958
2025-12-30,1000,742,0.742,742,0.029158631070256593,0.08351176071194538,-3.35161667811368e-17,0.9999999999999998,-3.2716539889245615,4.449279913937337
2025-12-31,1000,742,0.742,741,0.031208376289754463,0.08970034497750516,8.139640503990366e-17,1.0000000000000007,-3.2710541254657537,4.453566791598503
2026-01-05,1000,742,0.742,741,0.007824653712832462,0.063715603615825,-9.576047651753372e-18,1.0,-3.302245725911161,4.57149197667387
2026-01-06,1000,742,0.742,741,0.0003197993302018908,0.0543788708015434,7.182035738815028e-17,0.9999999999999998,-3.3531275980874287,4.633880603732575
2026-01-07,1000,743,0.743,742,0.04711342046438724,0.10938782403018034,4.781579648452895e-17,1.0000000000000009,-3.3362666609828984,4.716424786129963
2026-01-08,1000,744,0.744,742,0.08322687239943223,0.15611115183557742,-7.640244470538712e-17,0.9999999999999996,-3.2956764598167068,4.71131964388018
2026-01-09,1000,744,0.744,742,0.08679974714307856,0.14886133354555423,9.072790308764721e-17,0.9999999999999998,-3.3085276545999753,4.771816358600709
2026-01-12,1000,743,0.743,740,0.09007220261863379,0.16659506658618223,1.4344738945358685e-17,1.0000000000000007,-3.2927632439360677,4.8201808242212865
2026-01-13,1000,743,0.743,742,0.06423247170958508,0.13118712360525286,-9.56315929690579e-18,1.0,-3.270146875225249,4.752767859308718
2026-01-14,1000,743,0.743,743,0.08084612883621119,0.16273788711268625,-1.912631859381158e-17,1.0,-3.2879184431498127,4.807549867501502
2026-01-15,1000,742,0.742,742,0.05177690994839107,0.14073807239470848,-3.830419060701349e-17,0.9999999999999999,-3.3097984586576445,5.1075008670623205
2026-01-16,1000,740,0.74,739,0.05969951346758639,0.13632528259798524,-6.721350203136083e-17,1.0,-3.2463260162167002,5.139777555879345
2026-01-19,1000,741,0.741,740,0.061429950016771324,0.15067417660193363,-2.3972426982459522e-17,1.0,-3.272948249867219,5.115172307599005
2026-01-20,1000,743,0.743,742,-0.0020488808870313202,0.049547966238017584,-1.912631859381158e-17,1.0000000000000009,-3.2267956275574345,5.006892199571138
2026-01-21,1000,742,0.742,741,0.03532110025188787,0.10160191701162603,7.660838121402698e-17,1.0,-3.2409311160774252,5.086357099294871
2026-01-22,1000,743,0.743,741,0.0558362035205093,0.1326728640532017,-4.781579648452895e-17,0.9999999999999989,-3.2563252220836603,5.094613260898354
2026-01-23,1000,746,0.746,743,0.06993594469046623,0.1568533229310545,-1.4763287405203154e-16,0.9999999999999993,-3.287614785102075,5.0376138745129415
2026-01-26,1000,743,0.743,741,0.10305769544115907,0.17816597090830402,-2.3907898242264475e-17,1.000000000000001,-3.2910584964158787,5.116315614093822
2026-01-27,1000,743,0.743,741,0.06403035433508754,0.1314274260666488,1.912631859381158e-17,0.9999999999999998,-3.287579331972114,5.232152042237895
2026-01-28,1000,743,0.743,741,0.03920702196824161,0.07849151573084046,1.912631859381158e-17,1.0000000000000009,-3.3244120922192764,5.449669929057431
2026-01-29,1000,743,0.743,742,0.057297521785170814,0.09813058388880276,-3.825263718762316e-17,0.9999999999999997,-3.339742191998627,5.397894486060993
2026-01-30,1000,743,0.743,741,0.01647586945399671,0.08001355230106431,0.0,1.0,-3.305658291550455,5.042351012259758
2026-02-02,1000,742,0.742,741,0.0250589006371222,0.08450565148588006,7.660838121402698e-17,0.9999999999999988,-3.2902634433135023,5.215657833436047
2026-02-03,1000,742,0.742,741,0.07031787127261699,0.12366825541427011,4.788023825876686e-18,1.0,-3.2880595151924865,5.235737994566483
2026-02-04,1000,743,0.743,742,0.06485898392887407,0.10727821165043455,-6.694211507834053e-17,0.9999999999999994,-3.291455720699946,5.265311121311215
2026-02-05,1000,743,0.743,742,0.06925062848839214,0.09386749337451034,9.56315929690579e-18,0.9999999999999998,-3.2885075060446662,5.226846025533173
2026-02-06,1000,741,0.741,741,0.07716923186414046,0.11736570744952483,1.9177941585967616e-17,0.9999999999999998,-3.340916656840965,5.284846627839687
2026-02-09,1000,742,0.742,742,0.11270203532600007,0.1608762710949085,-1.9152095303506745e-17,0.9999999999999993,-3.288599890057938,5.173541393322294
2026-02-10,1000,743,0.743,742,0.09531495854184813,0.13262679158522547,-7.172369472679342e-17,1.0,-3.3105588884066526,5.230562805469486
2026-02-11,1000,743,0.743,742,0.0638995242180256,0.1067673845463953,8.606843367215211e-17,1.0000000000000016,-3.3237849355674474,5.301248161557434
2026-02-12,1000,743,0.743,743,0.12198764478839653,0.16089764796624273,-4.781579648452895e-17,1.0,-3.301908077300083,5.387336605432317
2026-02-13,1000,742,0.742,741,0.11514269550562957,0.15255926070225972,-3.35161667811368e-17,0.9999999999999999,-3.3338748720933435,5.426334501399226
2026-02-24,1000,742,0.742,742,0.07897671762461109,0.13279097647418464,-8.139640503990366e-17,1.0,-3.253392907053219,5.405117730439784
2026-02-25,1000,743,0.743,743,0.09113174177739657,0.11982318700591664,1.0519475226596369e-16,1.0000000000000007,-3.3008945473601567,5.290604883877054
2026-02-26,1000,743,0.743,743,0.1059756517526834,0.13491142187904592,1.2432107085977526e-16,0.9999999999999994,-3.2691753660173264,5.4122838769551604
2026-02-27,1000,743,0.743,742,0.06412372949513208,0.0988165884965007,4.781579648452895e-17,0.9999999999999996,-3.2608947550701695,5.2137375645653865
2026-03-02,1000,744,0.744,744,0.049526475834815384,0.07746588916242649,-1.4325458382260084e-17,0.9999999999999999,-3.26794993080893,5.311900260408123
2026-03-03,1000,744,0.744,744,-0.027617810602229877,-0.007035674743567152,-6.207698632312703e-17,0.9999999999999998,-3.349066496512499,5.2630929309131425
2026-03-04,1000,744,0.744,744,0.03429468978174469,0.06736197536835738,9.55030558817339e-18,0.9999999999999993,-3.332765663648,5.120062814655393
2026-03-05,1000,745,0.745,745,0.04458482048419519,0.09117833113680225,-5.245617512322887e-17,1.0000000000000004,-3.29951273323366,5.274850559205901
2026-03-06,1000,745,0.745,745,0.004064284783910077,0.043824551465069965,9.060612066739532e-17,1.0000000000000004,-3.2907353198443654,5.075947869582047
2026-03-09,1000,745,0.745,745,0.008628042394479148,0.06140939775531995,8.106863428135371e-17,0.9999999999999998,-3.306897265694615,4.931585462221648
2026-03-10,1000,747,0.747,747,0.011803727464289166,0.05954154748704603,9.51195094725703e-18,0.9999999999999998,-3.2812667368808985,4.968597301042192
2026-03-11,1000,748,0.748,748,-0.045591642842922615,-0.004914956979305934,-1.8998468870590913e-17,0.9999999999999994,-3.2619349483932663,5.035716692288968
2026-03-12,1000,748,0.748,748,-0.06643501066954857,-0.02904441710352544,-5.699540661177275e-17,0.9999999999999996,-3.2630748686929807,4.9665689137742
2026-03-13,1000,748,0.748,748,-0.09594026689076471,-0.08429428895766614,-7.599387548236365e-17,1.0000000000000009,-3.204579619887737,5.141346389702984
2026-03-16,1000,748,0.748,748,-0.08271031583616821,-0.056574498851983186,2.8497703305886374e-17,1.0,-3.2671098986762983,4.912265778905774
2026-03-17,1000,749,0.749,749,-0.07257438388539358,-0.053585315562177854,-1.2332517443099202e-16,0.9999999999999996,-3.2886714808750344,5.056536279854146
2026-03-18,1000,748,0.748,747,-0.07647399021045101,-0.05373017549836619,-4.749617217647728e-18,1.0000000000000009,-3.286532149053874,5.176792963290951
2026-03-19,1000,747,0.747,746,-0.08557498220161983,-0.07599128904917399,1.4743523968248398e-16,1.0000000000000002,-3.2726081373208338,5.065002859030238
2026-03-20,1000,748,0.748,746,-0.1485796935327624,-0.16599237993389632,6.649464104706819e-17,0.9999999999999997,-3.2815683812452674,5.106083301601824
2026-03-23,1000,745,0.745,743,-0.11968747287854221,-0.11811560816026623,-9.060612066739532e-17,0.9999999999999998,-3.236364759517392,5.230116249008927
2026-03-24,1000,749,0.749,746,-0.13363510091525282,-0.12315565562618098,-1.8973103758614157e-17,1.0000000000000007,-3.222290432262996,5.315261165843404
2026-03-25,1000,750,0.75,747,-0.12947803029982005,-0.08601083193322481,8.526512829121202e-17,0.9999999999999992,-3.21432122511185,5.362001549283224
2026-03-26,1000,751,0.751,748,-0.13838889694281495,-0.0983284570607117,6.622901664874436e-17,1.0,-3.220879694342722,5.490420539816469
2026-03-27,1000,751,0.751,749,-0.11320020594614658,-0.07067228288447792,-7.569030474142213e-17,1.0,-3.2554325905044985,5.408039684344566
2026-03-30,1000,751,0.751,748,-0.08338535098583702,-0.025671010533930463,9.461288092677766e-18,1.0000000000000002,-2.9693996409031835,5.485700603109654
2026-03-31,1000,754,0.754,751,-0.10051507291675753,-0.050604978972536505,-6.596550597242309e-17,1.0,-2.8035980706367334,5.61801046624679
2026-04-01,1000,754,0.754,752,-0.13410858749191734,-0.10970790251097956,7.538914968276925e-17,1.0,-2.813040477231396,5.680775549789161
2026-04-02,1000,755,0.755,754,-0.1550920578049683,-0.1343314664003862,-4.705581031523842e-17,0.9999999999999993,-2.8124910916470465,5.494904822221153
2026-04-03,1000,755,0.755,755,-0.16117802827866193,-0.14985128963134048,1.882232412609537e-17,0.9999999999999992,-2.8117789857555597,5.6249895062344875
2026-04-07,1000,756,0.756,756,-0.1582714105257006,-0.15020600678443166,0.0,1.0000000000000002,-2.8113869713021606,5.431742056046193
2026-04-08,1000,757,0.757,757,-0.1532746138154854,-0.13943434720876527,3.7545190793136074e-17,0.9999999999999994,-2.8528680549233165,5.495689473744253
2026-04-09,1000,756,0.756,756,-0.14513636937964533,-0.12259788921672983,-3.759485374392064e-17,0.9999999999999996,-2.888439582779778,5.522150881283226
2026-04-10,1000,755,0.755,755,-0.15848740937278932,-0.12771105678009465,-2.8233486189143054e-17,0.9999999999999993,-2.906138956663852,5.612605033426178
2026-04-13,1000,754,0.754,754,-0.1352183024308895,-0.09689176918083822,0.0,1.0000000000000002,-2.926632964902365,5.430813445088453
2026-04-14,1000,756,0.756,756,-0.12516920548291302,-0.09934913580227027,4.229421046191072e-17,0.9999999999999996,-2.96631355952992,5.156819922219033
2026-04-15,1000,758,0.758,758,-0.14504238553409426,-0.13173079098202017,-7.499131775832192e-17,0.9999999999999991,-2.949746574729683,5.146688007981111
2026-04-16,1000,758,0.758,758,-0.13373463767443916,-0.1129060940213448,-1.406087207968536e-17,1.0,-2.9507571831686317,5.353378587560829
2026-04-17,1000,758,0.758,757,-0.1271463451912787,-0.09823115625096826,1.17173933997378e-16,1.0000000000000002,-2.927679022840577,5.355033383589092
2026-04-20,1000,763,0.763,762,-0.10251253336095377,-0.0574000240488216,-4.1906190182443653e-17,1.0000000000000007,-2.922203777358492,5.394005133664639
2026-04-21,1000,762,0.762,762,-0.10734988971755555,-0.07605710156162607,-6.527295472861813e-17,0.9999999999999989,-2.8919724141935754,5.5321806604256185
2026-04-22,1000,762,0.762,761,-0.08358954521762614,-0.06538052478553258,4.662353909187009e-17,1.0000000000000004,-2.890663807321896,5.592711201395861
2026-04-23,1000,762,0.762,762,-0.07825967029599067,-0.05506103296928064,-1.3520826336642326e-16,0.9999999999999999,-2.9600194963654003,4.6030877396670515
2026-04-24,1000,762,0.762,761,-0.07095435584950599,-0.04899397862977204,-5.12858930010571e-17,1.0,-2.949089858165155,4.6161098144808035
2026-04-27,1000,761,0.761,761,-0.08603249109711683,-0.06780221121984761,-7.469568838476743e-17,1.0000000000000004,-2.9494591495478324,4.648106579408512
2026-04-28,1000,750,0.75,748,-0.07192706246098232,-0.0484525795864609,-1.0421293457814803e-16,0.999999999999999,-3.066304569680192,4.729306958361511
2026-04-29,1000,744,0.744,742,-0.03364737346423601,-0.006381358079715034,-4.775152794086695e-17,0.9999999999999999,-3.1248330548338377,4.680167653755654
2026-04-30,1000,740,0.74,739,0.008255162041182129,0.08146506188025712,7.201446646217232e-17,1.0,-3.0149576984569997,4.664386908290506
2026-05-06,1000,741,0.741,740,0.01967361579180625,0.1032911790647791,3.835588317193523e-17,1.0000000000000007,-3.022818132720963,4.679193405599696
2026-05-07,1000,744,0.744,744,0.010031664510858242,0.08245001263142437,-8.117759749947381e-17,1.0000000000000002,-2.969113674272813,4.60164041532259
2026-05-08,1000,744,0.744,744,0.06640078465753672,0.14409649184406267,1.910061117634678e-17,0.999999999999999,-2.99349491016537,4.628485821424494
2026-05-11,1000,744,0.744,744,0.03583009004233392,0.1209726517278827,-5.2526680734953645e-17,1.0,-2.9731193096023123,4.588108480516513
2026-05-12,1000,743,0.743,743,0.0171780674447107,0.09788235395997517,-9.56315929690579e-18,0.9999999999999998,-2.942322701489267,4.653957651709073
2026-05-13,1000,743,0.743,743,0.06850062352535635,0.15913245533216552,3.825263718762316e-17,0.999999999999999,-2.9734996467476758,4.766302213326515
2026-05-14,1000,742,0.742,742,0.03635702198261751,0.13744266081405432,7.660838121402698e-17,0.9999999999999998,-2.9533393346949506,4.783440833343501
2026-05-15,1000,742,0.742,742,0.05683922554022509,0.15449472787407378,-1.340646671245472e-16,1.0000000000000002,-2.925598049785762,4.751223622321176
2026-05-18,1000,742,0.742,742,0.04676155565380856,0.14342665650142888,1.005485003434104e-16,1.0,-2.983703658894684,4.75256711051128
2026-05-19,1000,742,0.742,742,0.00985427749448691,0.08999930690893412,3.35161667811368e-17,1.0000000000000002,-2.97914615113226,4.78406670210682
2026-05-20,1000,740,0.74,740,0.010133869176293081,0.096017439867593,3.3606751015680416e-17,0.9999999999999992,-3.0409428547267994,4.819172529879654
2026-05-21,1000,740,0.74,740,-0.04981722493813486,0.03988648657448603,3.8407715446491904e-17,0.9999999999999999,-2.973821353820901,4.797841771245579
2026-05-22,1000,740,0.74,740,-0.033822885178224564,0.0415587203080992,-4.800964430811488e-17,1.0,-2.988473669885458,4.830467199943528
2026-05-25,1000,740,0.74,740,-0.021096621599176833,0.03647946343056404,-3.8407715446491904e-17,1.0000000000000007,-3.024320736961962,4.784561953168365
2026-05-26,1000,740,0.74,740,-0.07847397899199765,-0.017130172917283193,3.8407715446491904e-17,1.0000000000000004,-3.0375690518794403,4.790568422542938
2026-05-27,1000,737,0.737,737,-0.08056288563858319,-0.011854170293811956,-8.676912648359432e-17,1.0000000000000002,-3.0935214405464593,4.8559705194054255
2026-05-28,1000,738,0.738,738,-0.06185546250618752,0.019345961072524138,4.813975174526424e-18,0.9999999999999996,-3.0570125861351207,4.777836528371986
2026-05-29,1000,738,0.738,737,-0.08981647772991563,-0.027885193446488824,5.295372691979066e-17,1.0000000000000002,-2.993845804103896,4.729111824190236
2026-06-01,1000,740,0.74,740,-0.11866243111246634,-0.07928678131655127,9.121832418541827e-17,1.0,-3.048991099185287,4.751019648685473
2026-06-02,1000,738,0.738,738,-0.10537719441710885,-0.09812372209682994,9.627950349052848e-18,1.0,-3.14022404848047,4.689158020306865
2026-06-03,1000,737,0.737,737,-0.08613553645485075,-0.05724666458510494,-6.748709837612892e-17,1.0000000000000009,-3.1510290799569556,4.723599858676771
2026-06-04,1000,737,0.737,737,-0.07286422866136755,-0.03362216826085823,8.676912648359432e-17,0.9999999999999996,-3.2212293899795474,4.6748920218433705
2026-06-05,1000,738,0.738,738,-0.04951814434022455,-0.006263833089800944,2.4069875872632122e-17,0.9999999999999994,-3.215809567080878,4.572981025516051
2026-06-08,1000,736,0.736,736,-0.013652282736114608,0.04314019159666698,-6.275173617446536e-17,1.0,-3.1859831731647508,4.469085273231143
2026-06-09,1000,737,0.737,737,0.020607453707234488,0.08766837214190222,8.676912648359432e-17,1.0,-3.2063691875783205,4.489984427210343
2026-06-10,1000,736,0.736,736,-0.04132750238382195,0.028269086739427563,-1.4481169886415085e-17,1.0000000000000007,-3.2326081698879245,4.407971554254526
2026-06-11,1000,736,0.736,736,0.0015551615239769237,0.05549781108265877,-2.896233977283017e-17,0.9999999999999996,-3.3445834637898804,4.379263875506359
2026-06-12,1000,736,0.736,736,0.037196486723670874,0.09775707049972368,-5.792467954566034e-17,1.0,-3.320029780510302,4.481970402411711
2026-06-15,1000,736,0.736,736,0.060480882312690436,0.1399589031530257,-5.3097622916855314e-17,0.9999999999999999,-3.3421453578617992,4.370945141878607
2026-06-16,1000,737,0.737,737,0.16267944347888277,0.2384357254879518,-3.374354918806446e-17,1.0,-3.3498653723316805,4.422413581938565
2026-06-17,1000,738,0.738,738,0.17137314292084257,0.24979032845540347,9.627950349052848e-18,1.0000000000000002,-3.311375134945217,4.437549966729827
2026-06-18,1000,736,0.736,736,0.2660289470403416,0.2929824740939972,0.0,0.9999999999999996,-3.378014708893137,4.634266514869648
2026-06-22,1000,738,0.738,738,0.29686295323688694,0.3253404070304068,9.627950349052848e-18,0.9999999999999996,-3.451575015579706,4.287234890499287
2026-06-23,1000,738,0.738,738,0.30381765742838623,0.37219525318845303,3.851180139621139e-17,1.0000000000000004,-3.4368856468607705,4.324677788292789
2026-06-24,1000,738,0.738,738,0.3218349889767523,0.36406149074726935,-7.702360279242278e-17,0.999999999999999,-3.485276838586711,4.274717720900203
2026-06-25,1000,737,0.737,737,0.3407234578677637,0.38289451457295937,5.784608432239621e-17,1.0000000000000007,-3.547604478290997,4.243151964526467
2026-06-26,1000,734,0.734,734,0.35166028245375336,0.39165614551248235,-3.3881465601639656e-17,0.9999999999999999,-3.5804383904308303,4.348793786850514
2026-06-29,1000,735,0.735,735,0.32797903677613743,0.3812623031448656,-7.733798484463675e-17,0.9999999999999999,-3.6586834383899136,4.458750176234279
2026-06-30,1000,733,0.733,733,0.35723765259150175,0.3790640925941179,9.693625317327424e-17,0.9999999999999997,-3.6476679801736664,4.358149370223743
2026-07-01,1000,736,0.736,736,0.38213609838362217,0.41831211571408106,1.9308226515220113e-17,0.9999999999999998,-3.7217361393661257,4.418498165526864
2026-07-02,1000,734,0.734,734,0.38225307501973654,0.41035362897621097,1.25845443663233e-16,0.9999999999999988,-3.704921437753125,4.21400067047242
2026-07-03,1000,734,0.734,734,0.3475889557853757,0.3719184563495845,0.0,0.9999999999999997,-3.7383300878840653,4.193031862739022
2026-07-06,1000,739,0.739,739,0.3153237606186206,0.32739227803873255,3.845968799784034e-17,0.9999999999999994,-3.7198303999418663,4.264138946625818
2026-07-07,1000,739,0.739,739,0.27683440371413076,0.27787195426721484,-4.807460999730042e-17,1.0000000000000007,-3.6997083529625843,4.294985318216988
2026-07-08,1000,738,0.738,738,0.24699166561378016,0.25467798425184546,-4.8139751745264243e-17,1.0000000000000002,-3.6275309922085266,4.310612690872232
2026-07-09,1000,739,0.739,739,0.2509462019310801,0.26699727550250674,1.4422382999190125e-17,0.9999999999999998,-3.6427971682684825,4.361496363659751
2026-07-10,1000,739,0.739,739,0.20491286940018263,0.23584242690376925,7.691937599568068e-17,1.0000000000000007,-3.6348273639918,4.397556445690535
2026-07-13,1000,739,0.739,739,0.16481009839048488,0.16558004405640842,9.13417589948708e-17,0.9999999999999997,-3.610887241991588,4.373049387056036
2026-07-14,1000,739,0.739,739,0.15190200047186814,0.1534457337473878,9.614921999460084e-18,1.0000000000000002,-3.609670400659772,4.248027084503543
2026-07-15,1000,740,0.74,740,0.029403741304319574,0.03226946396979817,-2.880578658486893e-17,0.999999999999999,-3.5823025819934977,4.273565868521322
2026-07-16,1000,740,0.74,740,-0.008473541663844442,0.014646505925623374,-6.721350203136083e-17,0.9999999999999996,-3.5398433785044205,4.17992842005118
2026-07-17,1000,739,0.739,739,-0.11338666629705434,-0.10118116326358458,3.3652226998110294e-17,0.9999999999999994,-3.455910111290891,4.245107110027632
2026-07-20,1000,740,0.74,740,-0.22953404431924193,-0.24384530049869269,4.800964430811488e-17,1.0000000000000007,-3.3878513938095547,4.241996860471279
2026-07-21,1000,739,0.739,739,-0.1851153701888199,-0.18479043600929135,1.922984399892017e-17,1.0000000000000007,-3.460615290182081,4.216830837386328
2026-07-22,1000,739,0.739,738,-0.1369649024697304,-0.11792605825091584,0.0,0.9999999999999993,-3.4334972990554125,4.212334741337989
2026-07-23,1000,740,0.74,739,-0.13595663392961996,-0.12001492036500615,-4.800964430811488e-17,1.0000000000000007,-3.415764584754235,4.198205279241838
2026-07-24,1000,739,0.739,738,-0.15431917570233927,-0.16388859311985796,3.3652226998110294e-17,1.0000000000000004,-3.4392997172409405,4.344352098514667
2026-07-27,1000,740,0.74,739,-0.050073756061369726,-0.030096868633971343,2.880578658486893e-17,0.9999999999999994,-3.4976940250624193,4.330221363504079
2026-07-28,1000,740,0.74,739,-0.1351601742416002,-0.14686007438625068,0.0,1.0000000000000009,-3.4234005854319047,5.733157507964905
2026-07-29,1000,741,0.741,741,-0.18144277116071625,-0.21803437978026635,-4.315036856842714e-17,1.0000000000000007,-3.4132896331849056,5.859336280607325
2026-07-30,1000,742,0.742,742,-0.20163037735199257,-0.24256488703621382,-5.2668262084643545e-17,1.0,-3.33980553938529,5.761970509872049
2026-07-31,1000,742,0.742,742,-0.1860118214271196,-0.19792978559072927,1.1491257182104047e-16,0.9999999999999988,-3.4033568327898345,5.783609015074705
2026-08-03,1000,744,0.744,744,-0.18092707181150142,-0.18284804623328738,8.59527502935605e-17,0.9999999999999982,-3.3377333714166837,5.749166017488937
2026-08-04,1000,742,0.742,742,-0.11551264272194532,-0.08690792739084073,-3.35161667811368e-17,1.0,-3.3729717519653737,5.7990458099526965
2026-08-05,1000,742,0.742,742,-0.10322322588687513,-0.0797028441430511,4.309221443289017e-17,1.0000000000000002,-3.436689828419333,5.884591601884499
2026-08-06,1000,743,0.743,743,-0.04227001315567106,0.001463182540952392,-3.825263718762316e-17,0.9999999999999992,-3.44793783915062,5.8255826663179215
2026-08-07,1000,744,0.744,744,0.06179486206189583,0.12882491977697336,7.162729191130042e-17,1.0,-3.4557623948349834,5.816594666846876
2026-08-10,1000,745,0.745,745,-0.028101920103926516,0.02545068267282389,-7.62998910883329e-17,0.9999999999999993,-3.4383351398562314,5.852200092499651
2026-08-11,1000,744,0.744,744,0.007153612989218261,0.067948088488154,-4.775152794086695e-18,1.0,-3.49142238355335,5.882060163250129
2026-08-12,1000,744,0.744,744,0.08602485308526674,0.15026817811352022,-3.3426069558606865e-17,0.9999999999999993,-3.522113669460319,5.875586653314836
2026-08-13,1000,743,0.743,743,0.10788538394185923,0.1698793422981019,-2.868947789071737e-17,0.9999999999999996,-3.5316644167754307,5.797822009330478
2026-08-14,1000,742,0.742,742,0.13349341935451234,0.18419859834040897,5.745628591052023e-17,1.0000000000000002,-3.490733236130654,5.815599368572887
2026-08-17,1000,742,0.742,741,0.17548469643411096,0.21201566617079223,-7.182035738815028e-17,1.0000000000000004,-3.4944047899018575,5.7779893585575035
2026-08-18,1000,740,0.74,739,0.13666323069106856,0.1859117506175817,4.800964430811488e-18,0.9999999999999999,-3.4853384977193613,5.8159412531661046
