date,group,formed_count,valid_count,mean_forward_return
2023-01-03,1,152,152,0.05643661182847146
2023-01-03,2,152,152,0.06305288127271833
2023-01-03,3,151,151,0.08351577399743072
2023-01-03,4,152,152,0.08925738326247773
2023-01-03,5,151,151,0.0603523286768981
2023-01-04,1,152,152,0.040789671102112096
2023-01-04,2,152,152,0.050233982968995415
2023-01-04,3,152,152,0.0673911251391496
2023-01-04,4,152,152,0.07095879136906032
2023-01-04,5,152,152,0.04909764369155332
2023-01-05,1,152,152,0.05101448335523834
2023-01-05,2,152,152,0.055594065284407045
2023-01-05,3,152,152,0.07510129334457502
2023-01-05,4,152,152,0.08454437162110688
2023-01-05,5,152,152,0.05463243563128099
2023-01-06,1,152,152,0.04402111075013372
2023-01-06,2,152,152,0.046962932310175516
2023-01-06,3,152,152,0.06762618044354494
2023-01-06,4,152,151,0.0812739059598377
2023-01-06,5,152,152,0.05039064846604918
2023-01-09,1,152,152,0.0549615106201218
2023-01-09,2,152,152,0.05428827197919639
2023-01-09,3,152,152,0.07171350213961081
2023-01-09,4,152,152,0.09028980710113664
2023-01-09,5,151,151,0.06167816063864963
2023-01-10,1,152,152,0.053951503040509295
2023-01-10,2,152,152,0.05526942764084991
2023-01-10,3,151,151,0.07072239772483632
2023-01-10,4,152,152,0.09001457927910628
2023-01-10,5,151,151,0.06927616888052375
2023-01-11,1,152,152,0.053392144349340365
2023-01-11,2,151,150,0.05735485514286504
2023-01-11,3,151,151,0.08040929040020733
2023-01-11,4,151,151,0.0987726888782538
2023-01-11,5,151,151,0.06863381815833387
2023-01-12,1,151,151,0.035062159804755307
2023-01-12,2,151,151,0.04037569427973385
2023-01-12,3,151,151,0.06361947824483757
2023-01-12,4,151,151,0.07822923229592987
2023-01-12,5,151,151,0.055439319853830715
2023-01-13,1,151,151,0.023540727203772184
2023-01-13,2,151,151,0.032260779113617466
2023-01-13,3,151,151,0.04837345859316782
2023-01-13,4,151,151,0.05986628507891107
2023-01-13,5,151,151,0.047883379376434186
2023-01-16,1,152,152,0.03664647313363603
2023-01-16,2,151,151,0.03649743909530216
2023-01-16,3,152,152,0.05395455277005664
2023-01-16,4,151,151,0.06540192816881295
2023-01-16,5,151,151,0.062094578092500866
2023-01-17,1,152,152,0.03469654047713242
2023-01-17,2,152,152,0.03541109273621075
2023-01-17,3,152,152,0.050283584512539024
2023-01-17,4,152,152,0.06353144310803129
2023-01-17,5,151,151,0.06604128874428972
2023-01-18,1,153,153,0.037271849087572015
2023-01-18,2,152,152,0.038039363161376925
2023-01-18,3,152,152,0.06002902865832787
2023-01-18,4,152,152,0.06790932227724665
2023-01-18,5,152,152,0.06960961741949513
2023-01-19,1,153,153,0.022323569546209905
2023-01-19,2,152,152,0.02601607354128589
2023-01-19,3,152,152,0.04245377581311566
2023-01-19,4,152,152,0.05258207222304877
2023-01-19,5,152,152,0.057187446666221234
2023-01-20,1,154,154,-0.006720174312701287
2023-01-20,2,153,153,0.0003094788428103247
2023-01-20,3,153,153,0.024793039639658038
2023-01-20,4,153,153,0.031606634952700705
2023-01-20,5,153,153,0.025541945134314827
2023-01-30,1,154,154,-0.0007534100895240106
2023-01-30,2,153,153,0.004019829984013934
2023-01-30,3,153,153,0.024811509299344982
2023-01-30,4,153,153,0.0386944083098653
2023-01-30,5,153,153,0.039475859986111056
2023-01-31,1,154,154,-0.0014930493550103468
2023-01-31,2,153,153,0.012154774224303883
2023-01-31,3,154,154,0.02610344516820133
2023-01-31,4,153,153,0.04272371979406276
2023-01-31,5,153,153,0.038569142609543104
2023-02-01,1,154,154,-0.009340524434378434
2023-02-01,2,154,154,0.00502425470050332
2023-02-01,3,153,153,0.014757699591584175
2023-02-01,4,154,154,0.034801142553752815
2023-02-01,5,153,153,0.04060412662842898
2023-02-02,1,154,154,-0.008746767291011946
2023-02-02,2,154,154,0.006367696185204818
2023-02-02,3,154,154,0.020597838851311157
2023-02-02,4,154,154,0.04113644767334685
2023-02-02,5,153,153,0.041516760715238604
2023-02-03,1,154,154,0.0020012235460778
2023-02-03,2,154,154,0.014103760513404494
2023-02-03,3,154,154,0.027043833036421713
2023-02-03,4,154,153,0.04347173274564131
2023-02-03,5,154,154,0.056735747763867
2023-02-06,1,154,154,-0.0032387421973738006
2023-02-06,2,154,154,0.010804494902034301
2023-02-06,3,154,154,0.02885526201969809
2023-02-06,4,154,153,0.03708763881449397
2023-02-06,5,153,153,0.05452237506065596
2023-02-07,1,154,154,-0.025069591336479697
2023-02-07,2,154,154,-0.013368137209745019
2023-02-07,3,154,154,0.0028478373735074084
2023-02-07,4,154,153,0.008543478084987743
2023-02-07,5,154,154,0.030418940437565985
2023-02-08,1,154,154,-0.009781730866447954
2023-02-08,2,154,154,0.002181236367013543
2023-02-08,3,154,154,0.023677330971432018
2023-02-08,4,154,153,0.02843593602288026
2023-02-08,5,154,154,0.04432352018805124
2023-02-09,1,155,155,-0.02897552549357389
2023-02-09,2,154,154,-0.027080703495064282
2023-02-09,3,155,155,0.001803466826071434
2023-02-09,4,154,153,0.0029408146913727
2023-02-09,5,154,154,0.019643151422817175
2023-02-10,1,155,155,-0.036213723756425356
2023-02-10,2,154,154,-0.035945715648840165
2023-02-10,3,155,155,-0.0004400320030845454
2023-02-10,4,154,154,-0.008130142733932384
2023-02-10,5,154,154,0.004864579062684488
2023-02-13,1,155,155,-0.04298274987727791
2023-02-13,2,154,154,-0.035965877147613394
2023-02-13,3,154,154,0.0006311626671659145
2023-02-13,4,154,154,-0.013708833523178936
2023-02-13,5,154,154,0.003441781748748834
2023-02-14,1,155,155,-0.05079259364274207
2023-02-14,2,154,154,-0.03996734798996095
2023-02-14,3,155,155,-0.00786233955240264
2023-02-14,4,154,154,-0.01572069967025779
2023-02-14,5,154,154,-0.0059546207786780984
2023-02-15,1,155,155,-0.04965170945643238
2023-02-15,2,154,154,-0.03733948436624312
2023-02-15,3,155,155,-0.013259150914222641
2023-02-15,4,154,154,-0.023015622809933946
2023-02-15,5,154,154,-0.003417168093431153
2023-02-16,1,155,155,-0.036134951548882466
2023-02-16,2,154,154,-0.027156215149245447
2023-02-16,3,154,154,-5.62109454147691e-05
2023-02-16,4,154,154,-0.007073545285555004
2023-02-16,5,154,154,0.010948853190538616
2023-02-17,1,155,155,-0.030332199677188934
2023-02-17,2,154,154,-0.022294903662994275
2023-02-17,3,154,154,0.012438536308186275
2023-02-17,4,154,154,0.009597982036239612
2023-02-17,5,154,154,0.01453585806364466
2023-02-20,1,155,155,-0.05510277974210649
2023-02-20,2,155,155,-0.03778099345032527
2023-02-20,3,155,155,-0.009154532707078625
2023-02-20,4,155,155,-0.012649079825342632
2023-02-20,5,155,155,-0.012856095997399076
2023-02-21,1,156,156,-0.04145309871687786
2023-02-21,2,155,155,-0.020977686748036094
2023-02-21,3,155,155,-0.00017338377767695193
2023-02-21,4,155,155,0.003070521057361432
2023-02-21,5,155,155,-0.00916917391355384
2023-02-22,1,156,156,-0.042553110658803274
2023-02-22,2,155,155,-0.02090944161869116
2023-02-22,3,155,155,0.000467629084720519
2023-02-22,4,155,155,0.0002635982729590543
2023-02-22,5,155,155,-0.012172875716340893
2023-02-23,1,156,156,-0.03348554630489858
2023-02-23,2,155,155,-0.008757413433680309
2023-02-23,3,155,155,0.014737069228350662
2023-02-23,4,155,155,0.012900721310222876
2023-02-23,5,155,155,0.0006318736847424434
2023-02-24,1,156,156,-0.028339419324788492
2023-02-24,2,155,155,-0.004910768827360803
2023-02-24,3,155,155,0.021501077503032807
2023-02-24,4,155,155,0.014282113646844539
2023-02-24,5,155,155,0.007206109384091727
2023-02-27,1,155,155,-0.02651108987805716
2023-02-27,2,155,155,-0.003577368538977344
2023-02-27,3,155,155,0.02424085510339939
2023-02-27,4,155,155,0.012225787053354325
2023-02-27,5,154,154,0.0026755990712851456
2023-02-28,1,155,155,-0.036922811715686135
2023-02-28,2,155,155,-0.014576071388441034
2023-02-28,3,155,155,0.014206080880897852
2023-02-28,4,155,155,-0.003038566849976517
2023-02-28,5,155,155,-0.007315606668731663
2023-03-01,1,156,156,-0.04769306053488756
2023-03-01,2,155,155,-0.026595695825104973
2023-03-01,3,156,156,-0.00200439940973448
2023-03-01,4,155,155,-0.01460145216594882
2023-03-01,5,155,155,-0.02269164427915151
2023-03-02,1,156,156,-0.04516045018947052
2023-03-02,2,155,155,-0.01924973342703505
2023-03-02,3,156,156,-0.0050496146272075255
2023-03-02,4,155,155,-0.010553994867077492
2023-03-02,5,155,155,-0.021841663188406562
2023-03-03,1,156,156,-0.038052390396076545
2023-03-03,2,156,156,-0.013981589170984306
2023-03-03,3,155,155,0.0024952803400782007
2023-03-03,4,156,155,0.002889099579487954
2023-03-03,5,155,155,-0.020172581278312975
2023-03-06,1,156,156,-0.016355630332826936
2023-03-06,2,155,155,-0.008500572162787679
2023-03-06,3,155,155,0.01838110745841412
2023-03-06,4,155,155,0.014390948964601752
2023-03-06,5,155,155,-0.008252130869043615
2023-03-07,1,155,155,-0.0032989200151259815
2023-03-07,2,155,155,0.011891957080335124
2023-03-07,3,155,155,0.045587676042823426
2023-03-07,4,155,155,0.032910467857851546
2023-03-07,5,155,155,0.0102560491450123
2023-03-08,1,156,156,-0.006863973227598643
2023-03-08,2,155,155,0.00748308745254644
2023-03-08,3,156,156,0.04410023094513068
2023-03-08,4,155,155,0.035104748241635654
2023-03-08,5,155,155,0.006330864776287621
2023-03-09,1,156,156,0.012312283582690757
2023-03-09,2,155,155,0.02234971890569207
2023-03-09,3,156,156,0.05788454631116031
2023-03-09,4,155,155,0.05539424675863852
2023-03-09,5,155,155,0.020427357663608998
2023-03-10,1,155,155,0.012427386910595502
2023-03-10,2,155,155,0.026212005125651226
2023-03-10,3,155,155,0.04594346765569499
2023-03-10,4,155,155,0.05074530343284454
2023-03-10,5,154,154,0.028686506723753145
2023-03-13,1,155,155,0.015348761263584535
2023-03-13,2,155,155,0.01979330793456536
2023-03-13,3,155,155,0.033392937016042644
2023-03-13,4,155,155,0.05184819056492357
2023-03-13,5,155,155,0.02380497133253452
2023-03-14,1,155,155,0.02085375348440135
2023-03-14,2,155,155,0.027812787711181747
2023-03-14,3,155,155,0.03599321264794966
2023-03-14,4,155,155,0.06247384975576801
2023-03-14,5,154,154,0.03185043796051323
2023-03-15,1,156,156,0.024997811843876346
2023-03-15,2,155,155,0.018257547308500092
2023-03-15,3,155,155,0.03754055751392492
2023-03-15,4,155,155,0.06212303955468277
2023-03-15,5,155,155,0.02362022970830453
2023-03-16,1,155,155,0.029472719446335158
2023-03-16,2,155,154,0.024415413396897727
2023-03-16,3,155,155,0.04679131451934447
2023-03-16,4,155,155,0.05264575652342215
2023-03-16,5,154,154,0.024198171577666145
2023-03-17,1,155,155,0.030788083514641868
2023-03-17,2,155,155,0.028251263017188655
2023-03-17,3,155,155,0.04374187549251028
2023-03-17,4,155,155,0.05655280510271921
2023-03-17,5,154,154,0.030721366676705813
2023-03-20,1,155,155,0.03210258605383339
2023-03-20,2,155,155,0.03213820757615393
2023-03-20,3,154,154,0.04783324696231686
2023-03-20,4,155,155,0.057050237129656886
2023-03-20,5,154,154,0.03717498001566963
2023-03-21,1,155,155,0.015414770110627099
2023-03-21,2,155,155,0.009674740754742952
2023-03-21,3,154,154,0.027727122816479884
2023-03-21,4,155,155,0.04072111750168668
2023-03-21,5,154,154,0.02443378267247304
2023-03-22,1,155,155,0.011139643858863964
2023-03-22,2,155,155,0.004011171001503801
2023-03-22,3,154,154,0.0357307164966901
2023-03-22,4,155,155,0.03440358155389861
2023-03-22,5,154,154,0.021776510346504283
2023-03-23,1,155,155,-0.016739892749262526
2023-03-23,2,154,154,-0.02783026989980914
2023-03-23,3,155,155,-0.0028843167796955465
2023-03-23,4,154,154,-0.002123758575147535
2023-03-23,5,154,154,-0.007145066495995144
2023-03-24,1,155,155,-0.023000888162803847
2023-03-24,2,155,155,-0.024787755396276572
2023-03-24,3,155,155,-0.012825136289220567
2023-03-24,4,155,155,-0.00702336207008785
2023-03-24,5,154,154,-0.007013837308997178
2023-03-27,1,155,155,-0.03528633427536526
2023-03-27,2,154,154,-0.04879130867576018
2023-03-27,3,154,154,-0.031088624308711052
2023-03-27,4,154,154,-0.019164476652711575
2023-03-27,5,154,154,-0.024068952180508994
2023-03-28,1,154,153,-0.03065191687336385
2023-03-28,2,154,154,-0.04302799808683876
2023-03-28,3,154,154,-0.031126795311302025
2023-03-28,4,154,154,-0.019924038279780853
2023-03-28,5,153,153,-0.011389914147212996
2023-03-29,1,154,153,-0.016046445009675052
2023-03-29,2,154,154,-0.040142765509548796
2023-03-29,3,153,153,-0.01613159842067893
2023-03-29,4,154,154,-0.014874733930202187
2023-03-29,5,153,153,-0.0024302092059048136
2023-03-30,1,154,153,-0.008646160520060842
2023-03-30,2,154,154,-0.022680485065622515
2023-03-30,3,153,153,-0.005710539644776886
2023-03-30,4,154,154,-0.005066597414446276
2023-03-30,5,153,153,0.003971000664237276
2023-03-31,1,154,153,-0.009745797966537935
2023-03-31,2,153,153,-0.028394657254991653
2023-03-31,3,153,153,-0.0008977318663651448
2023-03-31,4,153,153,-0.009845029192297846
2023-03-31,5,153,153,0.009393614880988365
2023-04-03,1,154,153,-0.022882282826453538
2023-04-03,2,154,154,-0.04936241966748182
2023-04-03,3,153,153,-0.019125598977413717
2023-04-03,4,154,154,-0.03011505550699709
2023-04-03,5,153,153,-9.925264437877865e-05
2023-04-04,1,154,153,-0.015606109499015797
2023-04-04,2,154,154,-0.03460896613069246
2023-04-04,3,154,154,-0.013033730824129133
2023-04-04,4,154,154,-0.0203296388663201
2023-04-04,5,153,153,0.01289212386060761
2023-04-06,1,154,153,-0.02665952408384329
2023-04-06,2,154,154,-0.053827501590848086
2023-04-06,3,154,153,-0.02643198636922704
2023-04-06,4,154,154,-0.04148106952214204
2023-04-06,5,153,153,0.0008521974120706994
2023-04-07,1,154,153,-0.03351024913982766
2023-04-07,2,154,154,-0.053462998445839356
2023-04-07,3,154,153,-0.037717783900639484
2023-04-07,4,154,154,-0.05053567924251501
2023-04-07,5,153,153,-0.002168744551520786
2023-04-10,1,154,153,-0.035071698971360185
2023-04-10,2,154,154,-0.0440500881591444
2023-04-10,3,153,152,-0.02661923522268556
2023-04-10,4,154,154,-0.03629156932563378
2023-04-10,5,153,153,-0.0023794848995084077
2023-04-11,1,155,154,-0.055077839406021754
2023-04-11,2,154,154,-0.05227581075527765
2023-04-11,3,154,153,-0.04509964606867981
2023-04-11,4,154,154,-0.04887443284979983
2023-04-11,5,154,154,-0.018026756317349468
2023-04-12,1,155,155,-0.042031088958207105
2023-04-12,2,155,155,-0.04412277408040123
2023-04-12,3,155,154,-0.04096121195357786
2023-04-12,4,155,155,-0.04361852983721707
2023-04-12,5,155,155,-0.005742648627562663
2023-04-13,1,155,155,-0.05177814121982139
2023-04-13,2,155,155,-0.04820806200941344
2023-04-13,3,155,154,-0.05056988101530958
2023-04-13,4,155,155,-0.04832163320818131
2023-04-13,5,155,155,-0.016349057586651894
2023-04-14,1,155,155,-0.04813693240669895
2023-04-14,2,155,154,-0.04240778105601412
2023-04-14,3,155,154,-0.042488271945667684
2023-04-14,4,155,155,-0.04472588726362386
2023-04-14,5,155,155,-0.013710644016798848
2023-04-17,1,155,155,-0.061520779544721925
2023-04-17,2,155,155,-0.04484903921867663
2023-04-17,3,155,154,-0.04336211830849937
2023-04-17,4,155,155,-0.04631926627295285
2023-04-17,5,154,154,-0.03185400380993763
2023-04-18,1,155,155,-0.058741764176490255
2023-04-18,2,155,155,-0.04344445896575469
2023-04-18,3,155,154,-0.037320059327610976
2023-04-18,4,155,155,-0.04526661604998718
2023-04-18,5,154,154,-0.03922411677972648
2023-04-19,1,155,155,-0.04920894517588262
2023-04-19,2,154,154,-0.032117725467990924
2023-04-19,3,155,154,-0.032283864065463436
2023-04-19,4,154,154,-0.03666742930912175
2023-04-19,5,154,154,-0.0333279805488391
2023-04-20,1,155,155,-0.05171985562220118
2023-04-20,2,154,154,-0.03702931359022739
2023-04-20,3,155,155,-0.049056920889845625
2023-04-20,4,154,154,-0.04727747418765179
2023-04-20,5,154,154,-0.041428957538203394
2023-04-21,1,154,154,-0.02952657537338308
2023-04-21,2,154,154,-0.01934506735479253
2023-04-21,3,154,154,-0.034210164687433195
2023-04-21,4,154,154,-0.025724936171508013
2023-04-21,5,153,153,-0.03425454572562295
2023-04-24,1,154,154,-0.02205129483569684
2023-04-24,2,154,154,-0.021261944337223077
2023-04-24,3,153,153,-0.024960791453693957
2023-04-24,4,154,154,-0.0258481233226757
2023-04-24,5,153,153,-0.029102237252876112
2023-04-25,1,155,155,0.00047344334392251724
2023-04-25,2,154,154,0.007156232919232321
2023-04-25,3,154,154,0.008465113879268647
2023-04-25,4,154,154,-0.0011963740419019655
2023-04-25,5,154,154,-0.0031385855347156014
2023-04-26,1,155,154,-0.02534810799296365
2023-04-26,2,155,155,-0.0005338149473107863
2023-04-26,3,154,154,0.001792819157915957
2023-04-26,4,155,155,0.0018757182759010877
2023-04-26,5,154,154,-0.014280521781810312
2023-04-27,1,154,154,-0.029323164384917322
2023-04-27,2,154,154,-0.005714460480762057
2023-04-27,3,154,154,0.004510678326217105
2023-04-27,4,154,154,-0.0022262332836272807
2023-04-27,5,154,154,-0.011450708250669267
2023-04-28,1,154,154,-0.042000980319441175
2023-04-28,2,153,153,-0.026264743189499656
2023-04-28,3,154,154,-0.017306638332849334
2023-04-28,4,153,153,-0.015611816004894571
2023-04-28,5,153,153,-0.02340753394032244
2023-05-04,1,153,153,-0.04788277514588905
2023-05-04,2,153,153,-0.020395422536460785
2023-05-04,3,153,153,-0.01967234470349127
2023-05-04,4,153,153,-0.017732798689181994
2023-05-04,5,153,153,-0.02889708675349337
2023-05-05,1,154,154,-0.028787362623775122
2023-05-05,2,153,153,-0.006062442974869512
2023-05-05,3,153,153,-0.004466264343939648
2023-05-05,4,153,153,-0.009935731245017548
2023-05-05,5,153,153,-0.010353461182434472
2023-05-08,1,154,154,-0.04363901369404259
2023-05-08,2,154,154,-0.00995797629203002
2023-05-08,3,153,153,-0.009390677226247002
2023-05-08,4,154,154,-0.020708767385757745
2023-05-08,5,153,153,-0.021320136588439377
2023-05-09,1,154,154,-0.048639667227189785
2023-05-09,2,153,153,-0.014895369438515327
2023-05-09,3,154,153,-0.020424360611805397
2023-05-09,4,153,153,-0.01601090376279964
2023-05-09,5,153,153,-0.025929525451293782
2023-05-10,1,154,154,-0.04922957676300757
2023-05-10,2,153,152,-0.018494799148690472
2023-05-10,3,154,154,-0.018627591663126306
2023-05-10,4,153,153,-0.01783739217957462
2023-05-10,5,153,153,-0.027478599854896014
2023-05-11,1,154,154,-0.03908716441030648
2023-05-11,2,154,153,-0.022985418380199657
2023-05-11,3,153,153,-0.020299291147259108
2023-05-11,4,154,154,-0.009109549976372743
2023-05-11,5,153,153,-0.020073224173127104
2023-05-12,1,154,154,-0.02599325145411804
2023-05-12,2,153,152,-0.0055772168666518955
2023-05-12,3,153,153,-0.007206514198118564
2023-05-12,4,153,153,0.005862608738879168
2023-05-12,5,153,153,-0.009402668920155653
2023-05-15,1,154,154,-0.03123862508134209
2023-05-15,2,153,152,-0.007574106087811678
2023-05-15,3,153,153,-0.007234814883468557
2023-05-15,4,153,153,0.0063294323951677296
2023-05-15,5,153,153,-0.020310292321214896
2023-05-16,1,153,153,-0.017474051041074044
2023-05-16,2,153,152,0.01394948409540746
2023-05-16,3,152,152,0.012502731364589723
2023-05-16,4,153,153,0.018090359704163807
2023-05-16,5,152,152,-0.0037597890828571616
2023-05-17,1,153,153,-0.022441813034377284
2023-05-17,2,153,152,0.017928637721214967
2023-05-17,3,152,152,0.0064990411558035486
2023-05-17,4,153,152,0.014584929890725287
2023-05-17,5,152,152,-0.014626800642239842
2023-05-18,1,153,152,-0.005856522645479346
2023-05-18,2,152,152,0.021493934486154314
2023-05-18,3,153,153,0.014349549028224651
2023-05-18,4,152,151,0.02070272904947183
2023-05-18,5,152,152,-0.006741790970525608
2023-05-19,1,153,152,0.0021580589048048895
2023-05-19,2,152,152,0.0206240628237521
2023-05-19,3,152,152,0.02353622705822531
2023-05-19,4,152,152,0.03310317976545049
2023-05-19,5,152,152,-0.0009541554863646879
2023-05-22,1,153,153,-0.01538551270667962
2023-05-22,2,152,151,0.024781130766872814
2023-05-22,3,152,152,0.02723620348027757
2023-05-22,4,152,152,0.02610762149345231
2023-05-22,5,152,152,-0.008230571402776068
2023-05-23,1,152,152,-0.007275758864322602
2023-05-23,2,152,152,0.03728806868964659
2023-05-23,3,151,151,0.044514949054993314
2023-05-23,4,152,152,0.03801665608112772
2023-05-23,5,151,151,-0.0006415311624505889
2023-05-24,1,152,152,-0.019529339109878405
2023-05-24,2,152,152,0.014792570066619368
2023-05-24,3,151,151,0.022273923049554976
2023-05-24,4,152,152,0.01840415535560086
2023-05-24,5,151,151,-0.008512060054641266
2023-05-25,1,152,152,-0.026900916859966973
2023-05-25,2,152,152,0.007821305362641333
2023-05-25,3,151,151,0.008212319451363841
2023-05-25,4,152,152,0.009408317091898431
2023-05-25,5,151,151,-0.01701925443836211
2023-05-26,1,152,152,-0.010492168251991446
2023-05-26,2,152,152,0.001338261793373486
2023-05-26,3,152,152,0.0035574155796368246
2023-05-26,4,152,152,0.012391857755757189
2023-05-26,5,151,151,-0.006323956429709769
2023-05-29,1,152,152,-0.002231979489571562
2023-05-29,2,152,152,0.0008433513967343977
2023-05-29,3,151,151,0.00957917939023757
2023-05-29,4,152,152,0.010493257174267684
2023-05-29,5,151,151,-0.00555313892016679
2023-05-30,1,152,152,-0.004061905000085356
2023-05-30,2,152,152,0.0031082157024133823
2023-05-30,3,151,151,0.016494099528766053
2023-05-30,4,152,152,0.013218623054856507
2023-05-30,5,151,151,-0.0074214138405152615
2023-05-31,1,152,152,0.015066371819195165
2023-05-31,2,151,151,0.020345572732280007
2023-05-31,3,151,151,0.025760523189323085
2023-05-31,4,151,151,0.034100857116546784
2023-05-31,5,151,151,0.014114242642151286
2023-06-01,1,152,151,0.020910662660710483
2023-06-01,2,152,152,0.018546470445810953
2023-06-01,3,151,151,0.016319556388457886
2023-06-01,4,152,152,0.024566866411258263
2023-06-01,5,151,151,0.022581838686737365
2023-06-02,1,152,151,0.007587830444304935
2023-06-02,2,151,151,0.011893774522478515
2023-06-02,3,152,152,0.01573967732966549
2023-06-02,4,151,151,0.021127254629371504
2023-06-02,5,151,151,0.005841207182425309
2023-06-05,1,152,151,0.00605943093299809
2023-06-05,2,151,151,0.00656448942222413
2023-06-05,3,152,152,0.005815377115294548
2023-06-05,4,151,151,0.015328597763623743
2023-06-05,5,151,151,0.0005958839746060289
2023-06-06,1,152,152,0.013578778785229997
2023-06-06,2,151,151,0.017198805324864553
2023-06-06,3,151,151,0.02559153356060321
2023-06-06,4,151,151,0.02613144599174273
2023-06-06,5,151,151,0.008110227092315162
2023-06-07,1,151,151,0.01853832787104542
2023-06-07,2,151,150,0.020527321838872868
2023-06-07,3,151,151,0.01717702564219511
2023-06-07,4,151,151,0.027056268742185613
2023-06-07,5,151,151,0.013966826306674432
2023-06-08,1,151,151,0.015830864209267135
2023-06-08,2,151,151,0.017118861738171474
2023-06-08,3,151,151,0.016276659772781376
2023-06-08,4,151,151,0.029965630608392156
2023-06-08,5,150,150,0.007881546668336287
2023-06-09,1,151,151,0.017643911900652474
2023-06-09,2,151,151,0.026504125204640933
2023-06-09,3,151,151,0.01811003834688689
2023-06-09,4,151,151,0.03026897288176554
2023-06-09,5,150,150,0.012468420659719473
2023-06-12,1,151,151,0.008784554806664941
2023-06-12,2,151,151,0.008857384945763215
2023-06-12,3,151,151,-0.001019183466642557
2023-06-12,4,151,151,0.015655908022990293
2023-06-12,5,151,151,0.002741824471833483
2023-06-13,1,152,152,0.014609213266426183
2023-06-13,2,151,151,0.010976360127849106
2023-06-13,3,152,152,0.0027230237565358784
2023-06-13,4,151,151,0.023973608744323204
2023-06-13,5,151,151,0.012365800157520545
2023-06-14,1,151,151,0.0068398397195922975
2023-06-14,2,151,151,-0.001986869161719628
2023-06-14,3,151,151,0.0003479187422915134
2023-06-14,4,151,151,0.018680082155059414
2023-06-14,5,151,151,0.013124132933414813
2023-06-15,1,151,151,-0.003991429479375939
2023-06-15,2,151,151,-0.004217637092756843
2023-06-15,3,151,151,-0.01442130454435734
2023-06-15,4,151,151,0.010581468795389098
2023-06-15,5,150,150,0.005327405250411368
2023-06-16,1,152,152,-0.007385736605143636
2023-06-16,2,151,151,-0.015134051155071361
2023-06-16,3,151,151,-0.02543392146789715
2023-06-16,4,151,151,-0.00014139245426246936
2023-06-16,5,151,151,-0.0023846776790271466
2023-06-19,1,152,152,0.004781798036624076
2023-06-19,2,151,151,-0.0166221568270925
2023-06-19,3,151,151,-0.0234317242707349
2023-06-19,4,151,151,0.0012154951693929966
2023-06-19,5,151,151,0.011280187831753446
2023-06-20,1,152,152,0.002829538784738635
2023-06-20,2,151,151,-0.02997861745149684
2023-06-20,3,151,151,-0.03701148160503494
2023-06-20,4,151,151,-0.010653299548491483
2023-06-20,5,151,151,0.009123803450118597
2023-06-21,1,152,152,0.02422523435365519
2023-06-21,2,152,152,-0.00941061843121282
2023-06-21,3,151,151,-0.010216589334855794
2023-06-21,4,152,152,0.006021693245327026
2023-06-21,5,151,151,0.02344745652940213
2023-06-26,1,152,152,0.037744869736809065
2023-06-26,2,152,152,0.014514283658550365
2023-06-26,3,151,151,0.01606199286383529
2023-06-26,4,152,152,0.03456272388513448
2023-06-26,5,151,151,0.041195313539663464
2023-06-27,1,152,152,0.034133970224972617
2023-06-27,2,152,152,0.012638928276231646
2023-06-27,3,152,152,0.010789505986737656
2023-06-27,4,152,152,0.026232846452333897
2023-06-27,5,152,152,0.037245497329593785
2023-06-28,1,152,152,0.035808789608198256
2023-06-28,2,152,152,0.01422900403156819
2023-06-28,3,151,151,0.005963686700598819
2023-06-28,4,152,152,0.02635053396296412
2023-06-28,5,151,151,0.03811042018202003
2023-06-29,1,152,152,0.025868571204858276
2023-06-29,2,152,152,-0.0023260405789426483
2023-06-29,3,151,151,-0.0043776932104718815
2023-06-29,4,152,152,0.0054844117146033225
2023-06-29,5,151,151,0.03045143914149046
2023-06-30,1,153,153,0.03604882426535681
2023-06-30,2,152,152,0.0035200778031577785
2023-06-30,3,153,153,-0.0034368944408286204
2023-06-30,4,152,152,0.013254328950060746
2023-06-30,5,152,152,0.043801564345722584
2023-07-03,1,153,153,0.03393348549796926
2023-07-03,2,152,151,6.990616537814422e-05
2023-07-03,3,152,152,0.003347090989920523
2023-07-03,4,152,152,0.012014173819387986
2023-07-03,5,152,152,0.03394931913729815
2023-07-04,1,152,152,0.03463413765477845
2023-07-04,2,152,152,-0.006721529228501841
2023-07-04,3,152,152,-0.0037351974478749134
2023-07-04,4,152,152,0.006717089162232006
2023-07-04,5,152,152,0.03582834542852015
2023-07-05,1,152,152,0.03187882730814965
2023-07-05,2,152,152,0.005340860816313176
2023-07-05,3,152,152,0.004100725732740302
2023-07-05,4,152,152,0.008854027680764686
2023-07-05,5,151,151,0.03371458777346064
2023-07-06,1,152,152,0.05324780772649987
2023-07-06,2,152,152,0.019159916873438976
2023-07-06,3,151,151,0.016129484299315246
2023-07-06,4,152,152,0.025561533146277522
2023-07-06,5,151,151,0.05277273415930909
2023-07-07,1,152,152,0.039582433015037735
2023-07-07,2,152,152,0.015505745563244066
2023-07-07,3,151,151,0.02244264141306666
2023-07-07,4,152,152,0.02234498952719648
2023-07-07,5,151,151,0.04041765015674973
2023-07-10,1,152,152,0.03640323716154022
2023-07-10,2,152,152,0.013718095864781378
2023-07-10,3,151,151,0.015494396113618436
2023-07-10,4,152,152,0.013813799527800574
2023-07-10,5,151,151,0.031056871927968552
2023-07-11,1,152,152,0.030683928355358877
2023-07-11,2,151,151,0.002007889279327719
2023-07-11,3,152,152,0.005407553076296199
2023-07-11,4,151,151,0.0011817721965742805
2023-07-11,5,151,151,0.025146649480777963
2023-07-12,1,152,152,0.031182584857174817
2023-07-12,2,151,151,-0.001662050876959744
2023-07-12,3,151,151,0.004866841172103296
2023-07-12,4,151,151,0.008590659256768766
2023-07-12,5,151,151,0.026119431002825537
2023-07-13,1,152,152,0.028019713477493692
2023-07-13,2,151,151,-0.009869140460921527
2023-07-13,3,151,151,-0.006385844511921348
2023-07-13,4,151,151,0.0004678265921485999
2023-07-13,5,151,151,0.018325000045493575
2023-07-14,1,151,151,0.0038189390754256895
2023-07-14,2,151,151,-0.033059718909381634
2023-07-14,3,151,151,-0.03151100007879632
2023-07-14,4,151,151,-0.026769658119978144
2023-07-14,5,151,151,-0.004315417213137163
2023-07-17,1,152,152,0.009416600881853934
2023-07-17,2,151,151,-0.02410406821523106
2023-07-17,3,152,152,-0.01920439622475464
2023-07-17,4,151,151,-0.016260901229188284
2023-07-17,5,151,151,0.0026555304324002993
2023-07-18,1,152,152,0.006083880145260386
2023-07-18,2,151,151,-0.03135193001267995
2023-07-18,3,152,152,-0.024998066265843527
2023-07-18,4,151,151,-0.022254903287053197
2023-07-18,5,151,151,-0.004074980666677326
2023-07-19,1,151,151,-0.0058649021589675596
2023-07-19,2,151,151,-0.04186055299516985
2023-07-19,3,151,151,-0.035639566971750594
2023-07-19,4,151,151,-0.03035236440261238
2023-07-19,5,150,150,-0.014796661480007902
2023-07-20,1,151,151,0.011107383861714669
2023-07-20,2,150,150,-0.018630176191502833
2023-07-20,3,150,150,-0.0011739667941815016
2023-07-20,4,150,150,-0.009095512447745218
2023-07-20,5,150,150,0.0025813120904387508
2023-07-21,1,151,151,-0.014286521721386418
2023-07-21,2,151,151,-0.03491535972957102
2023-07-21,3,150,150,-0.022011958360517125
2023-07-21,4,151,151,-0.024821085280896698
2023-07-21,5,150,150,-0.010140677685653193
2023-07-24,1,151,151,-0.02751911024649462
2023-07-24,2,151,151,-0.04959715432355755
2023-07-24,3,151,151,-0.04147116013075369
2023-07-24,4,151,151,-0.04236351556232874
2023-07-24,5,150,150,-0.026169670196194678
2023-07-25,1,152,152,-0.03859047808531221
2023-07-25,2,151,151,-0.0625059844809158
2023-07-25,3,151,151,-0.03859220056611653
2023-07-25,4,151,151,-0.05022941248170846
2023-07-25,5,151,151,-0.03919991964928331
2023-07-26,1,153,153,-0.05104777245917083
2023-07-26,2,152,152,-0.07060928670609715
2023-07-26,3,153,153,-0.04698242069547076
2023-07-26,4,152,152,-0.05624195112953646
2023-07-26,5,152,152,-0.04494867309039049
2023-07-27,1,153,153,-0.047938607979066
2023-07-27,2,153,153,-0.065615592491576
2023-07-27,3,152,152,-0.04552958422973899
2023-07-27,4,153,153,-0.048233451183642716
2023-07-27,5,152,152,-0.044701758426321944
2023-07-28,1,153,153,-0.02507216060102355
2023-07-28,2,152,152,-0.04385781582015478
2023-07-28,3,153,153,-0.028749683969441914
2023-07-28,4,152,152,-0.02824790058239865
2023-07-28,5,152,152,-0.022317417697577845
2023-07-31,1,153,152,-0.07361264066716496
2023-07-31,2,153,153,-0.0859827138583379
2023-07-31,3,152,152,-0.07351648283833201
2023-07-31,4,153,153,-0.07010996929159019
2023-07-31,5,152,152,-0.05907994678188599
2023-08-01,1,153,152,-0.05247128853831296
2023-08-01,2,152,152,-0.05524922597865144
2023-08-01,3,152,152,-0.04679490462662468
2023-08-01,4,152,152,-0.044776303612312066
2023-08-01,5,152,152,-0.041394855336219165
2023-08-02,1,153,152,-0.04906684301209769
2023-08-02,2,153,153,-0.054073838696691814
2023-08-02,3,153,153,-0.04524751362570318
2023-08-02,4,153,153,-0.04115100986188618
2023-08-02,5,152,152,-0.03820226089309303
2023-08-03,1,153,152,-0.06365905453693176
2023-08-03,2,153,153,-0.06421369377807867
2023-08-03,3,153,153,-0.05292738003320904
2023-08-03,4,153,153,-0.055222339796676005
2023-08-03,5,152,152,-0.05484647063720965
2023-08-04,1,154,153,-0.05181573454080583
2023-08-04,2,153,153,-0.05728130449359343
2023-08-04,3,153,153,-0.054233401884704595
2023-08-04,4,153,153,-0.04506657520279528
2023-08-04,5,153,153,-0.03647500221317477
2023-08-07,1,153,152,-0.036479101904421406
2023-08-07,2,153,153,-0.043350140512054075
2023-08-07,3,153,153,-0.03945331843039335
2023-08-07,4,153,153,-0.03026643830803129
2023-08-07,5,153,153,-0.017624730602306106
2023-08-08,1,153,152,-0.04387388892410409
2023-08-08,2,153,153,-0.04533143158091885
2023-08-08,3,153,153,-0.04362443999931393
2023-08-08,4,153,153,-0.03359620009866012
2023-08-08,5,152,152,-0.024217683227780767
2023-08-09,1,153,152,-0.03762873557430995
2023-08-09,2,153,153,-0.035376416898322896
2023-08-09,3,153,153,-0.03124430169199768
2023-08-09,4,153,153,-0.02348613612175862
2023-08-09,5,153,153,-0.017592346688139894
2023-08-10,1,154,153,-0.05408217577156249
2023-08-10,2,153,153,-0.05613681438335695
2023-08-10,3,153,153,-0.050958126959697266
2023-08-10,4,153,153,-0.041841412578089904
2023-08-10,5,153,153,-0.033634326782061456
2023-08-11,1,153,152,-0.02073028129127215
2023-08-11,2,153,153,-0.022553474834275476
2023-08-11,3,153,153,-0.016632992302560465
2023-08-11,4,153,153,-0.010385671189043912
2023-08-11,5,153,153,-0.004582666539325112
2023-08-14,1,154,154,-0.017693001472614992
2023-08-14,2,153,153,-0.019670952582168076
2023-08-14,3,153,153,-0.020761975388452383
2023-08-14,4,153,153,-0.010427759820927
2023-08-14,5,153,153,-0.00545507770855979
2023-08-15,1,153,153,-0.015172329329454986
2023-08-15,2,153,153,-0.007861243701367378
2023-08-15,3,152,152,-0.010560359813933967
2023-08-15,4,153,153,-0.007600417149146935
2023-08-15,5,152,152,0.0016346492675181317
2023-08-16,1,153,153,-0.015360144254881946
2023-08-16,2,153,153,-0.008103765244629057
2023-08-16,3,152,152,-0.010265003804223653
2023-08-16,4,153,153,-0.006931401630914846
2023-08-16,5,152,152,0.0004894723128568818
2023-08-17,1,153,153,-0.020800996336617267
2023-08-17,2,153,153,-0.02139575169987304
2023-08-17,3,152,152,-0.029300540700770622
2023-08-17,4,153,153,-0.016491626565721906
2023-08-17,5,152,152,-0.003651628204461343
2023-08-18,1,153,153,-0.0018190352218827712
2023-08-18,2,153,153,-0.006437276152608513
2023-08-18,3,152,152,-0.014549934982414359
2023-08-18,4,153,153,-0.006209281454770908
2023-08-18,5,152,152,0.0075577737580336726
2023-08-21,1,153,153,0.007117074040957237
2023-08-21,2,153,153,0.005909719690453804
2023-08-21,3,152,152,-0.004962609388967636
2023-08-21,4,153,153,0.004970940376032058
2023-08-21,5,152,152,0.01742325322393722
2023-08-22,1,153,153,0.0005772845029212017
2023-08-22,2,153,153,-0.00011266564223864842
2023-08-22,3,153,153,-0.01647986554614387
2023-08-22,4,153,153,-0.0027972918640553983
2023-08-22,5,152,152,0.015031339779844406
2023-08-23,1,153,153,0.010223538539964555
2023-08-23,2,153,153,0.005724373016745805
2023-08-23,3,152,152,-0.008582127005591394
2023-08-23,4,153,153,0.005392089434400067
2023-08-23,5,152,152,0.017880935229337785
2023-08-24,1,153,153,0.005354811221246699
2023-08-24,2,153,153,0.002305449918603857
2023-08-24,3,153,153,-0.009220004293181441
2023-08-24,4,153,153,0.0017588640899012648
2023-08-24,5,152,152,0.019512861263261395
2023-08-25,1,153,153,-0.026099467944550366
2023-08-25,2,153,153,-0.016732573176918404
2023-08-25,3,153,153,-0.025441217900067502
2023-08-25,4,153,153,-0.02341213888177623
2023-08-25,5,152,152,-0.011657898095800104
2023-08-28,1,153,152,0.014352058640612704
2023-08-28,2,152,152,0.01806646547568896
2023-08-28,3,153,153,0.012222605795733948
2023-08-28,4,152,152,0.015814216116408496
2023-08-28,5,152,152,0.01877234698209158
2023-08-29,1,152,152,-0.012472687194037517
2023-08-29,2,152,152,-0.015972757478382286
2023-08-29,3,152,152,-0.016572558334032914
2023-08-29,4,152,152,-0.01287541260329741
2023-08-29,5,152,152,-0.008865305891419368
2023-08-30,1,152,152,-0.006911839208183136
2023-08-30,2,152,152,-0.007577532062608942
2023-08-30,3,151,151,-0.013995066760636318
2023-08-30,4,152,152,-0.0032595952577471063
2023-08-30,5,151,151,0.0015305008793329432
2023-08-31,1,151,151,-0.003699675509371951
2023-08-31,2,150,150,-0.0030156067707799174
2023-08-31,3,151,151,-0.011689086780628478
2023-08-31,4,150,150,0.000992607805276701
2023-08-31,5,150,150,0.006739471100329233
2023-09-01,1,151,151,-0.007539721951827032
2023-09-01,2,150,150,-0.012438830016427975
2023-09-01,3,151,151,-0.014980385399849791
2023-09-01,4,150,150,-0.0033693239479840554
2023-09-01,5,150,150,-0.006691302898540885
2023-09-04,1,151,151,-0.021552061476498994
2023-09-04,2,150,150,-0.028891362934366
2023-09-04,3,151,151,-0.024106240124193396
2023-09-04,4,150,150,-0.017150504655162706
2023-09-04,5,150,150,-0.024034613331392854
2023-09-05,1,151,151,-0.01081237068004462
2023-09-05,2,151,151,-0.016564349860036496
2023-09-05,3,150,150,-0.007732313716760266
2023-09-05,4,151,151,-0.0069312904914865725
2023-09-05,5,150,150,-0.015094735260318536
2023-09-06,1,151,151,-0.01338183469730507
2023-09-06,2,151,151,-0.025668233724990906
2023-09-06,3,151,151,-0.010251959968671195
2023-09-06,4,151,151,-0.012741539716967688
2023-09-06,5,150,150,-0.010644059542931208
2023-09-07,1,151,151,-0.0017751154554537742
2023-09-07,2,151,151,-0.0025868618181576204
2023-09-07,3,150,150,0.005320069370182544
2023-09-07,4,151,151,0.004437997748278868
2023-09-07,5,150,150,0.00379793955631451
2023-09-08,1,151,151,-0.010083518040851938
2023-09-08,2,150,150,-0.01937004364625839
2023-09-08,3,151,151,-0.004224999400640494
2023-09-08,4,150,150,-0.009579883331091027
2023-09-08,5,150,150,-0.009099218742571786
2023-09-11,1,151,151,-0.024695089055778482
2023-09-11,2,150,150,-0.027936804986527033
2023-09-11,3,151,151,-0.01806125903627094
2023-09-11,4,150,150,-0.022606034991834934
2023-09-11,5,150,150,-0.02201499229454109
2023-09-12,1,151,151,-0.03798622215014293
2023-09-12,2,150,150,-0.044142534100010025
2023-09-12,3,151,151,-0.02518101812423339
2023-09-12,4,150,150,-0.036983624943611404
2023-09-12,5,150,150,-0.040380165507829274
2023-09-13,1,151,151,-0.04424472189725081
2023-09-13,2,150,150,-0.0470646591896104
2023-09-13,3,151,151,-0.02748842867709219
2023-09-13,4,150,150,-0.04416252950926575
2023-09-13,5,150,150,-0.047236982240989225
2023-09-14,1,151,151,-0.05540722895541232
2023-09-14,2,151,151,-0.05480736336796943
2023-09-14,3,150,150,-0.02754902477861073
2023-09-14,4,151,151,-0.05435557288684971
2023-09-14,5,150,150,-0.0557385263299192
2023-09-15,1,151,151,-0.064560899266756
2023-09-15,2,150,150,-0.058284638596738055
2023-09-15,3,151,151,-0.03709162244964627
2023-09-15,4,150,150,-0.05941390448293286
2023-09-15,5,150,150,-0.06419286318726253
2023-09-18,1,151,151,-0.05385575621493947
2023-09-18,2,150,150,-0.04957012677039966
2023-09-18,3,151,151,-0.025667361858273643
2023-09-18,4,150,150,-0.047966277103338006
2023-09-18,5,150,150,-0.04916215262382392
2023-09-19,1,151,151,-0.051639169567191
2023-09-19,2,150,150,-0.041925723823239155
2023-09-19,3,151,151,-0.016379097336077588
2023-09-19,4,150,150,-0.050087365182139486
2023-09-19,5,150,150,-0.051683306455867425
2023-09-20,1,151,151,-0.04321902999762073
2023-09-20,2,150,150,-0.027288039529665107
2023-09-20,3,151,151,-0.004170920576164829
2023-09-20,4,150,150,-0.03497606042093552
2023-09-20,5,150,150,-0.04598738340673313
2023-09-21,1,151,151,-0.01585611827923779
2023-09-21,2,150,150,-0.006425307176850518
2023-09-21,3,151,151,0.013373702724058087
2023-09-21,4,150,150,-0.013190752379144322
2023-09-21,5,150,150,-0.026200448878747458
2023-09-22,1,151,151,-0.022149171074881173
2023-09-22,2,150,150,-0.003755014627715896
2023-09-22,3,151,151,0.004271493311377075
2023-09-22,4,150,150,-0.020089955673139315
2023-09-22,5,150,150,-0.033599630471485446
2023-09-25,1,151,151,-0.015016387915693324
2023-09-25,2,150,150,0.00385604323226844
2023-09-25,3,150,150,0.005859195552881189
2023-09-25,4,150,150,-0.019040698782598373
2023-09-25,5,150,150,-0.033024155090523546
2023-09-26,1,151,151,-0.013586513173421353
2023-09-26,2,150,150,0.003888686253109508
2023-09-26,3,150,150,0.00605181088422159
2023-09-26,4,150,150,-0.013853999635048119
2023-09-26,5,150,150,-0.028808056699389902
2023-09-27,1,150,150,-0.02499035025000018
2023-09-27,2,150,150,-0.009084275807142515
2023-09-27,3,150,150,-0.008330310061327853
2023-09-27,4,150,150,-0.0283547223149524
2023-09-27,5,149,149,-0.04294666469886919
2023-09-28,1,150,150,-0.011791682498429462
2023-09-28,2,150,150,0.003907881010053705
2023-09-28,3,150,150,0.002192154827761741
2023-09-28,4,150,150,-0.01336274333225783
2023-09-28,5,149,149,-0.03430124760766824
2023-10-09,1,150,150,-0.005403913635599092
2023-10-09,2,150,150,0.011554220306462018
2023-10-09,3,150,150,0.015599917320584303
2023-10-09,4,150,150,-0.006100972805997002
2023-10-09,5,149,149,-0.02315092398347599
2023-10-10,1,150,150,0.0015954281167290586
2023-10-10,2,150,150,0.017764185858064517
2023-10-10,3,149,149,0.02019657038533581
2023-10-10,4,150,150,0.0010356866547907883
2023-10-10,5,149,149,-0.019160837823375042
2023-10-11,1,150,150,-0.00010269201928721383
2023-10-11,2,150,150,0.02030382168312562
2023-10-11,3,149,149,0.011516591594158961
2023-10-11,4,150,150,-0.003476421112065138
2023-10-11,5,149,149,-0.023567995230652252
2023-10-12,1,150,150,-0.005014576919697719
2023-10-12,2,150,150,0.011783151052278633
2023-10-12,3,149,149,0.004177011982561152
2023-10-12,4,150,150,-0.010030928902324234
2023-10-12,5,149,149,-0.02879193986658596
2023-10-13,1,150,150,-0.004865822351506728
2023-10-13,2,150,150,0.011090227876527614
2023-10-13,3,150,150,0.011836546529430093
2023-10-13,4,150,150,-0.006317783914278752
2023-10-13,5,149,149,-0.02562192821572213
2023-10-16,1,150,150,0.003978058771998269
2023-10-16,2,149,149,0.018895904221318094
2023-10-16,3,150,150,0.02735536913390746
2023-10-16,4,149,149,0.0032885407065352365
2023-10-16,5,149,149,-0.01425627583262946
2023-10-17,1,150,150,0.018359417814670313
2023-10-17,2,150,150,0.03417209041993174
2023-10-17,3,150,150,0.04429177134502022
2023-10-17,4,150,150,0.016476892203666375
2023-10-17,5,149,149,-0.001010530592918452
2023-10-18,1,150,150,0.030506084100885726
2023-10-18,2,150,150,0.04501832757103486
2023-10-18,3,150,150,0.054744774876367225
2023-10-18,4,150,150,0.03403768712708721
2023-10-18,5,150,149,0.013917216227007556
2023-10-19,1,150,150,0.03920566462055131
2023-10-19,2,150,150,0.053292619431495124
2023-10-19,3,150,150,0.05972836248268313
2023-10-19,4,150,150,0.03836038824938699
2023-10-19,5,150,149,0.022387800045688522
2023-10-20,1,150,150,0.05347246798609349
2023-10-20,2,150,150,0.07358845587737886
2023-10-20,3,150,150,0.07779218764439359
2023-10-20,4,150,150,0.06466542588787684
2023-10-20,5,149,148,0.031464635357476255
2023-10-23,1,150,150,0.07499406472777638
2023-10-23,2,149,149,0.09418208467017866
2023-10-23,3,150,150,0.10583185391884427
2023-10-23,4,149,149,0.08153136217052173
2023-10-23,5,149,149,0.05470167939179476
2023-10-24,1,150,150,0.05259846588528333
2023-10-24,2,149,149,0.07028227124876094
2023-10-24,3,150,150,0.07657836237449384
2023-10-24,4,149,149,0.053769797795359495
2023-10-24,5,149,149,0.030525982653808688
2023-10-25,1,151,151,0.04509248422262506
2023-10-25,2,150,150,0.06505324994976033
2023-10-25,3,150,150,0.06502143222839477
2023-10-25,4,150,150,0.05660108152678028
2023-10-25,5,150,150,0.032679017585514655
2023-10-26,1,151,151,0.0471860932561005
2023-10-26,2,151,151,0.06770525707426359
2023-10-26,3,150,150,0.0652456422745868
2023-10-26,4,151,151,0.061188197206027306
2023-10-26,5,150,150,0.038226053711092715
2023-10-27,1,151,151,0.02195887746810799
2023-10-27,2,151,151,0.034948416204943177
2023-10-27,3,151,151,0.03875327244347045
2023-10-27,4,151,151,0.03417256497626287
2023-10-27,5,151,151,0.01658207916367406
2023-10-30,1,151,151,0.005326395532970677
2023-10-30,2,151,151,0.022767030321686813
2023-10-30,3,151,151,0.010424978242348414
2023-10-30,4,151,151,0.020485941072674933
2023-10-30,5,150,150,0.006577105861714173
2023-10-31,1,152,152,0.01021463141488025
2023-10-31,2,152,152,0.026843486882559355
2023-10-31,3,151,151,0.023589774184626426
2023-10-31,4,152,152,0.0301085725456522
2023-10-31,5,151,151,0.015805513048646785
2023-11-01,1,152,152,0.011378213247003013
2023-11-01,2,152,152,0.020563562922415343
2023-11-01,3,151,151,0.018143099204239503
2023-11-01,4,152,152,0.02388250104926943
2023-11-01,5,151,150,0.0068621350445330145
2023-11-02,1,152,152,0.015737466371919907
2023-11-02,2,152,152,0.028388411698068453
2023-11-02,3,152,152,0.026016218667010753
2023-11-02,4,152,152,0.028667153663001977
2023-11-02,5,151,150,0.011039157668218644
2023-11-03,1,152,152,0.0037366220613209997
2023-11-03,2,152,151,0.017719268147620527
2023-11-03,3,151,151,0.014524074634280102
2023-11-03,4,152,152,0.015113525152601748
2023-11-03,5,151,150,0.006788883296017343
2023-11-06,1,152,152,-0.00835558392661434
2023-11-06,2,151,150,0.004286898797959362
2023-11-06,3,152,152,-0.002896681115611308
2023-11-06,4,151,150,0.0014257947163685046
2023-11-06,5,151,151,-0.004847627730458412
2023-11-07,1,152,152,-0.0253423290527436
2023-11-07,2,152,152,-0.016831239239651057
2023-11-07,3,151,151,-0.025087958914514985
2023-11-07,4,152,152,-0.016047275217797873
2023-11-07,5,151,150,-0.018336681881382207
2023-11-08,1,152,152,-0.022730171135292677
2023-11-08,2,152,152,-0.012974298393015945
2023-11-08,3,151,151,-0.022797196045557286
2023-11-08,4,152,151,-0.013635509151853423
2023-11-08,5,151,151,-0.011030317913388547
2023-11-09,1,152,152,-0.018009429973111384
2023-11-09,2,152,152,-0.0037504846205097266
2023-11-09,3,151,151,-0.014368138835879054
2023-11-09,4,152,152,-0.00971901437260024
2023-11-09,5,151,151,-0.008618199621499522
2023-11-10,1,152,152,-0.023986759522539744
2023-11-10,2,151,151,-0.015771332451093092
2023-11-10,3,152,152,-0.020810482867055523
2023-11-10,4,151,151,-0.018573190976418238
2023-11-10,5,151,151,-0.02322595068129719
2023-11-13,1,152,152,-0.014694818428310974
2023-11-13,2,151,151,-0.005947421291951773
2023-11-13,3,152,152,-0.011251057091849427
2023-11-13,4,151,151,-0.004622231365158411
2023-11-13,5,151,151,-0.012143222473964781
2023-11-14,1,152,152,-0.022197488827694727
2023-11-14,2,151,151,-0.015909844697915048
2023-11-14,3,152,152,-0.02393822780967799
2023-11-14,4,151,151,-0.010085772818159323
2023-11-14,5,151,151,-0.01650636478490475
2023-11-15,1,152,152,-0.021544570439996993
2023-11-15,2,152,152,-0.020889112923007273
2023-11-15,3,152,152,-0.024901641786005877
2023-11-15,4,152,152,-0.009251986427931798
2023-11-15,5,151,150,-0.019735141207600594
2023-11-16,1,152,152,-0.021868168875606664
2023-11-16,2,152,152,-0.024453053418190013
2023-11-16,3,151,151,-0.02740717362743473
2023-11-16,4,152,152,-0.006515671711316034
2023-11-16,5,151,151,-0.017145189266318108
2023-11-17,1,152,152,-0.04075986267847142
2023-11-17,2,152,152,-0.03675486797211919
2023-11-17,3,151,151,-0.04667569863168622
2023-11-17,4,152,152,-0.02821233794639888
2023-11-17,5,151,150,-0.03224117373372775
2023-11-20,1,152,152,-0.05570476110174497
2023-11-20,2,151,151,-0.05604151859170081
2023-11-20,3,152,152,-0.0597338525986498
2023-11-20,4,151,151,-0.044319908801926954
2023-11-20,5,151,150,-0.04510577849352206
2023-11-21,1,152,152,-0.05211243989867202
2023-11-21,2,152,152,-0.04896726219497557
2023-11-21,3,152,152,-0.050077490126247105
2023-11-21,4,152,152,-0.03476746162247395
2023-11-21,5,151,150,-0.04410229430587243
2023-11-22,1,152,152,-0.0599175453023471
2023-11-22,2,152,152,-0.062308620906409325
2023-11-22,3,152,152,-0.06221064147308581
2023-11-22,4,152,152,-0.0479626150837342
2023-11-22,5,151,151,-0.04848080981027174
2023-11-23,1,152,152,-0.05544731756803145
2023-11-23,2,152,152,-0.05540696375411882
2023-11-23,3,152,152,-0.06444591077367767
2023-11-23,4,152,152,-0.04764956951893881
2023-11-23,5,151,151,-0.049916127073398
2023-11-24,1,152,152,-0.05141305745873049
2023-11-24,2,152,152,-0.061411030907641696
2023-11-24,3,152,152,-0.06359954647444696
2023-11-24,4,152,152,-0.04964790480394544
2023-11-24,5,151,151,-0.04950772298835233
2023-11-27,1,152,152,-0.04347474994372218
2023-11-27,2,152,152,-0.05835674591098358
2023-11-27,3,151,151,-0.056616939365793754
2023-11-27,4,152,152,-0.04417764365297042
2023-11-27,5,151,151,-0.039275532637910934
2023-11-28,1,152,152,-0.056026554295612374
2023-11-28,2,152,152,-0.0763240654217516
2023-11-28,3,152,152,-0.07472107444390548
2023-11-28,4,152,152,-0.060728436679847134
2023-11-28,5,151,151,-0.05261543603094161
2023-11-29,1,152,152,-0.05300568179622722
2023-11-29,2,152,152,-0.06229502394953188
2023-11-29,3,152,152,-0.06386942676072203
2023-11-29,4,152,152,-0.04745367355090247
2023-11-29,5,151,150,-0.03666870320549073
2023-11-30,1,152,152,-0.03365077889763102
2023-11-30,2,152,152,-0.04711891432380805
2023-11-30,3,152,152,-0.03961823699350342
2023-11-30,4,152,152,-0.03590025080395546
2023-11-30,5,151,151,-0.018818436312330718
2023-12-01,1,152,152,-0.02517823896723838
2023-12-01,2,152,151,-0.0391870691839178
2023-12-01,3,152,152,-0.030921239689082662
2023-12-01,4,152,152,-0.02609486352819667
2023-12-01,5,151,151,-0.013188159598337114
2023-12-04,1,152,152,-0.03005228773648691
2023-12-04,2,152,152,-0.042552681257941406
2023-12-04,3,151,151,-0.035391770062086894
2023-12-04,4,152,152,-0.021666505589616386
2023-12-04,5,151,151,-0.009664477521694132
2023-12-05,1,152,152,-0.01769801179291531
2023-12-05,2,152,152,-0.026612794644690796
2023-12-05,3,152,152,-0.01759961191238067
2023-12-05,4,152,152,-0.00878272334628849
2023-12-05,5,151,151,0.010529621508667698
2023-12-06,1,152,152,-0.029281128223934052
2023-12-06,2,152,152,-0.037507364157199484
2023-12-06,3,152,152,-0.028631559133610162
2023-12-06,4,152,152,-0.01756118128627186
2023-12-06,5,151,151,-0.0011039789763852375
2023-12-07,1,152,152,-0.04129427571661115
2023-12-07,2,152,152,-0.05383430027540428
2023-12-07,3,152,152,-0.045923762630466325
2023-12-07,4,152,152,-0.03422607405706591
2023-12-07,5,151,151,-0.006810941055673039
2023-12-08,1,152,152,-0.048987156440896774
2023-12-08,2,152,152,-0.06480974474674835
2023-12-08,3,152,152,-0.05942544894941984
2023-12-08,4,152,152,-0.041647164739998264
2023-12-08,5,151,151,-0.011365026370444129
2023-12-11,1,152,152,-0.05924637913526755
2023-12-11,2,152,152,-0.07860948062211844
2023-12-11,3,152,152,-0.07532356842120566
2023-12-11,4,152,152,-0.060862535411174465
2023-12-11,5,151,151,-0.016236340242761514
2023-12-12,1,152,152,-0.06857426125956047
2023-12-12,2,152,152,-0.08417352222953371
2023-12-12,3,152,152,-0.08239986124073022
2023-12-12,4,152,152,-0.064934978678603
2023-12-12,5,152,152,-0.02676501501559982
2023-12-13,1,152,152,-0.056288600988062154
2023-12-13,2,152,152,-0.06970656312691889
2023-12-13,3,152,151,-0.06147687287646291
2023-12-13,4,152,152,-0.057155846032511434
2023-12-13,5,152,152,-0.013339451880088095
2023-12-14,1,152,152,-0.05611603629167642
2023-12-14,2,152,152,-0.06936312216955745
2023-12-14,3,152,152,-0.06167230489757702
2023-12-14,4,152,152,-0.05580149696428633
2023-12-14,5,152,152,-0.011999978299149965
2023-12-15,1,152,152,-0.04752606011683201
2023-12-15,2,152,152,-0.059557014826960575
2023-12-15,3,152,152,-0.0540229328487669
2023-12-15,4,152,152,-0.04305834763721504
2023-12-15,5,152,151,0.0016346601939871653
2023-12-18,1,152,152,-0.038393678931412774
2023-12-18,2,152,152,-0.05005642568576323
2023-12-18,3,151,151,-0.050594028510617624
2023-12-18,4,152,152,-0.035736268034573505
2023-12-18,5,151,151,0.008905141235027452
2023-12-19,1,152,152,-0.06466881330607033
2023-12-19,2,152,152,-0.07696071990012637
2023-12-19,3,151,151,-0.07993563469228744
2023-12-19,4,152,152,-0.057524622233817664
2023-12-19,5,151,151,-0.013659283537651544
2023-12-20,1,152,152,-0.04881893548624313
2023-12-20,2,151,151,-0.05720786723010192
2023-12-20,3,152,152,-0.05204153917087286
2023-12-20,4,151,151,-0.04383493786790365
2023-12-20,5,151,151,0.0009048712979739375
2023-12-21,1,152,152,-0.06593828688106101
2023-12-21,2,151,151,-0.07251371508713472
2023-12-21,3,152,152,-0.06886804657904629
2023-12-21,4,151,151,-0.061858228197934344
2023-12-21,5,151,151,-0.018745418818097125
2023-12-22,1,152,152,-0.10151162497523417
2023-12-22,2,151,151,-0.10584680016754558
2023-12-22,3,152,152,-0.10534681503252291
2023-12-22,4,151,151,-0.1000387193166998
2023-12-22,5,151,151,-0.05587999699826104
2023-12-25,1,152,152,-0.08757442191836355
2023-12-25,2,151,151,-0.08936798208972142
2023-12-25,3,151,151,-0.09241088424663477
2023-12-25,4,151,151,-0.08583164995559174
2023-12-25,5,151,151,-0.04213765809702086
2023-12-26,1,151,151,-0.06480940671760525
2023-12-26,2,151,151,-0.06934690335666553
2023-12-26,3,150,150,-0.07253225577735073
2023-12-26,4,151,151,-0.0645682310728191
2023-12-26,5,150,150,-0.019497932409493515
2023-12-27,1,151,151,-0.04541101548258283
2023-12-27,2,151,151,-0.050127495684304
2023-12-27,3,151,151,-0.047909833014562114
2023-12-27,4,151,151,-0.05022791999552677
2023-12-27,5,150,150,0.0109444204880001
2023-12-28,1,152,152,-0.05648995077884577
2023-12-28,2,152,152,-0.06511679796414897
2023-12-28,3,152,152,-0.07459809342188532
2023-12-28,4,152,152,-0.05481395987201302
2023-12-28,5,151,151,-0.0055827154072504515
2023-12-29,1,152,151,-0.09040211868483282
2023-12-29,2,152,152,-0.1082750296172259
2023-12-29,3,152,152,-0.1147703142974136
2023-12-29,4,152,152,-0.08809900653040714
2023-12-29,5,151,151,-0.029236079528659593
2024-01-02,1,152,151,-0.10208336126799698
2024-01-02,2,152,152,-0.12368571595010748
2024-01-02,3,151,151,-0.12806757009104192
2024-01-02,4,152,152,-0.1098310625081917
2024-01-02,5,151,151,-0.053758157072019974
2024-01-03,1,152,151,-0.12744244387418785
2024-01-03,2,152,152,-0.14560529943097122
2024-01-03,3,152,152,-0.16037478726977283
2024-01-03,4,152,152,-0.13489307744425702
2024-01-03,5,151,151,-0.07869634136325487
2024-01-04,1,152,151,-0.12187271935872311
2024-01-04,2,152,152,-0.13975556979921602
2024-01-04,3,151,151,-0.15414965542326753
2024-01-04,4,152,152,-0.12398545374870275
2024-01-04,5,151,150,-0.08214484528542379
2024-01-05,1,152,151,-0.14160674338474663
2024-01-05,2,151,151,-0.16191198021640088
2024-01-05,3,152,152,-0.16869947039965688
2024-01-05,4,151,151,-0.14247486476028148
2024-01-05,5,151,150,-0.10763900557606777
2024-01-08,1,152,152,-0.16379822935687424
2024-01-08,2,151,151,-0.19235938910422754
2024-01-08,3,152,152,-0.1961486633340682
2024-01-08,4,151,151,-0.16491128872197222
2024-01-08,5,151,151,-0.12075129964806278
2024-01-09,1,151,151,-0.10857574942595029
2024-01-09,2,151,151,-0.13892277469916167
2024-01-09,3,151,151,-0.12778583104230162
2024-01-09,4,151,151,-0.10287783931799677
2024-01-09,5,151,151,-0.07578188434079842
2024-01-10,1,151,151,-0.07125948266676403
2024-01-10,2,151,151,-0.10745231104333473
2024-01-10,3,151,151,-0.10156423215106201
2024-01-10,4,151,151,-0.06871502670590536
2024-01-10,5,151,151,-0.042228135780135845
2024-01-11,1,152,152,-0.05242861539591168
2024-01-11,2,152,152,-0.07489172197631877
2024-01-11,3,151,150,-0.08292592686054368
2024-01-11,4,152,152,-0.05135746732435962
2024-01-11,5,151,151,-0.02026874112176335
2024-01-12,1,152,152,-0.052127497773765685
2024-01-12,2,151,151,-0.07720897534468342
2024-01-12,3,152,152,-0.07002108786657904
2024-01-12,4,151,151,-0.05244988809396954
2024-01-12,5,151,151,-0.02313333762966083
2024-01-15,1,151,151,-0.05252983646305342
2024-01-15,2,151,151,-0.07779756604546237
2024-01-15,3,151,151,-0.06546008884827142
2024-01-15,4,151,151,-0.051990117324732535
2024-01-15,5,151,151,-0.02338014027745161
2024-01-16,1,151,151,-0.03794955148724761
2024-01-16,2,151,151,-0.06195183786351584
2024-01-16,3,151,151,-0.05285049121946406
2024-01-16,4,151,151,-0.035681601176348984
2024-01-16,5,150,150,-0.010070171379658821
2024-01-17,1,151,151,0.0021764043849550455
2024-01-17,2,150,150,-0.018706237308729636
2024-01-17,3,151,151,-0.004906750999196026
2024-01-17,4,150,150,0.002515073114546344
2024-01-17,5,150,150,0.027301876621413743
2024-01-18,1,151,151,0.008339216568055696
2024-01-18,2,151,151,-0.00884708716436993
2024-01-18,3,150,150,-0.006382372902333879
2024-01-18,4,151,151,0.011890553081239355
2024-01-18,5,150,150,0.02923776763290165
2024-01-19,1,151,151,0.01282264777786757
2024-01-19,2,151,151,-0.0017299657920542015
2024-01-19,3,150,150,-0.0012557528132860632
2024-01-19,4,151,151,0.016978441145925626
2024-01-19,5,150,150,0.028820411712082408
2024-01-22,1,151,151,0.08072395311415004
2024-01-22,2,150,150,0.08280468459563946
2024-01-22,3,151,151,0.08295954593042641
2024-01-22,4,150,150,0.09786728920603477
2024-01-22,5,150,150,0.10049631027883336
2024-01-23,1,151,151,0.02428259236171364
2024-01-23,2,150,150,0.014962561683319902
2024-01-23,3,151,151,0.012601717991941628
2024-01-23,4,150,150,0.0359668306118945
2024-01-23,5,150,150,0.048821319880169474
2024-01-24,1,152,152,0.0461764640762618
2024-01-24,2,151,151,0.04593540933451894
2024-01-24,3,152,152,0.046529748685378645
2024-01-24,4,151,151,0.06428751644349676
2024-01-24,5,151,151,0.06694004096509817
2024-01-25,1,153,153,0.031161004667205016
2024-01-25,2,152,152,0.029026255132609105
2024-01-25,3,152,152,0.02954373738700275
2024-01-25,4,152,152,0.045167885890066505
2024-01-25,5,152,152,0.039566335731858186
2024-01-26,1,152,152,0.018172502733710044
2024-01-26,2,152,152,0.028343984300707087
2024-01-26,3,152,152,0.026797282503596417
2024-01-26,4,152,152,0.05032473934297312
2024-01-26,5,152,152,0.024828754892446077
2024-01-29,1,152,151,0.04587023717595565
2024-01-29,2,152,152,0.04846710173703799
2024-01-29,3,151,151,0.059611700210063436
2024-01-29,4,152,152,0.0692704793853629
2024-01-29,5,151,151,0.04385043805534724
2024-01-30,1,151,151,0.0763240458031572
2024-01-30,2,151,151,0.08064820676248714
2024-01-30,3,151,151,0.09176045962209925
2024-01-30,4,151,151,0.10253883563702461
2024-01-30,5,150,150,0.0803585929423599
2024-01-31,1,150,150,0.10607081801665234
2024-01-31,2,150,150,0.10185046241667188
2024-01-31,3,150,150,0.1138911505054056
2024-01-31,4,150,150,0.12739304502279178
2024-01-31,5,150,150,0.10279662720022256
2024-02-01,1,150,150,0.1109616121287968
2024-02-01,2,150,150,0.11011946303211573
2024-02-01,3,150,150,0.12531819016073048
2024-02-01,4,150,150,0.13237424085652194
2024-02-01,5,150,149,0.11809845777665073
2024-02-02,1,150,150,0.1625437584400864
2024-02-02,2,150,150,0.18867024625248546
2024-02-02,3,150,150,0.1957483587050244
2024-02-02,4,150,150,0.2003218131846657
2024-02-02,5,149,149,0.17259728357259388
2024-02-05,1,149,149,0.22700966286085192
2024-02-05,2,149,149,0.27501560532694996
2024-02-05,3,149,149,0.2548687281703755
2024-02-05,4,149,149,0.25875454038369233
2024-02-05,5,149,149,0.23506389675751949
2024-02-06,1,150,150,0.15220109091555145
2024-02-06,2,150,150,0.19089319254818388
2024-02-06,3,149,149,0.1705880695440513
2024-02-06,4,150,150,0.1668550869506808
2024-02-06,5,149,149,0.15209305775142637
2024-02-07,1,150,150,0.11145651093382199
2024-02-07,2,150,150,0.14266155366205244
2024-02-07,3,150,150,0.13663464927033261
2024-02-07,4,150,150,0.122000444333213
2024-02-07,5,149,149,0.11706779054346445
2024-02-08,1,151,150,0.08137561109830826
2024-02-08,2,151,151,0.11621988252023122
2024-02-08,3,150,150,0.11353533941686678
2024-02-08,4,151,151,0.09366294323537744
2024-02-08,5,150,150,0.08436963448605704
2024-02-19,1,151,150,0.09528867642748193
2024-02-19,2,151,151,0.13301601135881186
2024-02-19,3,150,150,0.11625541642217868
2024-02-19,4,151,151,0.11745609321540361
2024-02-19,5,150,150,0.09463897709455761
2024-02-20,1,151,150,0.08372613636519051
2024-02-20,2,151,151,0.12418871653314659
2024-02-20,3,151,150,0.11090980300413757
2024-02-20,4,151,151,0.1103670381177881
2024-02-20,5,151,151,0.08516594829009523
2024-02-21,1,151,150,0.08262144780391076
2024-02-21,2,151,151,0.12199162660941411
2024-02-21,3,151,150,0.1003185521910583
2024-02-21,4,151,151,0.10733723163764075
2024-02-21,5,151,151,0.0743406578262883
2024-02-22,1,151,150,0.06259991469993036
2024-02-22,2,151,151,0.0931610168253765
2024-02-22,3,151,150,0.07471098275207784
2024-02-22,4,151,151,0.08400596661758013
2024-02-22,5,151,151,0.050372123059606796
2024-02-23,1,151,150,0.03616784079181568
2024-02-23,2,151,151,0.07012885172515404
2024-02-23,3,151,150,0.05376530092907723
2024-02-23,4,151,151,0.05947137094553607
2024-02-23,5,151,151,0.02664637423840495
2024-02-26,1,151,151,0.028202456277669118
2024-02-26,2,151,151,0.04723514756735523
2024-02-26,3,151,150,0.039284230827772826
2024-02-26,4,151,151,0.042191865858228386
2024-02-26,5,151,151,0.020555208324648813
2024-02-27,1,151,151,0.005757845567546034
2024-02-27,2,151,151,0.012708768582289906
2024-02-27,3,151,151,0.0149014709623818
2024-02-27,4,151,151,0.012514207321332523
2024-02-27,5,151,151,0.0009241436542136172
2024-02-28,1,151,151,0.016932227616274994
2024-02-28,2,151,151,0.033743874260982076
2024-02-28,3,151,151,0.03389901509087984
2024-02-28,4,151,151,0.03429696121990842
2024-02-28,5,151,151,0.01289134420474387
2024-02-29,1,151,151,-0.0040996501175582754
2024-02-29,2,151,151,0.01462840005718201
2024-02-29,3,151,151,0.007058831876659623
2024-02-29,4,151,151,0.010730985148154607
2024-02-29,5,151,151,-0.009737488388859532
2024-03-01,1,151,151,0.0030460880057532357
2024-03-01,2,151,151,0.010533152821528183
2024-03-01,3,151,151,0.022314326524597184
2024-03-01,4,151,151,0.011273414136672167
2024-03-01,5,151,151,-0.003687127185318786
2024-03-04,1,152,152,0.023342218637561328
2024-03-04,2,151,151,0.034042487017874296
2024-03-04,3,151,151,0.037207631577629956
2024-03-04,4,151,151,0.03295170099275014
2024-03-04,5,151,151,0.018678649507552898
2024-03-05,1,152,152,0.027281045060467315
2024-03-05,2,151,151,0.03229101718622469
2024-03-05,3,151,151,0.03407298208338711
2024-03-05,4,151,151,0.025630921831404366
2024-03-05,5,151,151,0.023314990869155755
2024-03-06,1,152,152,0.016800884357383507
2024-03-06,2,151,151,0.01802413328644455
2024-03-06,3,151,151,0.022068580473667082
2024-03-06,4,151,151,0.01640953429641749
2024-03-06,5,151,151,0.016054105153543302
2024-03-07,1,151,151,0.013609981948002907
2024-03-07,2,151,151,0.015716277977187172
2024-03-07,3,151,151,0.01905229195447858
2024-03-07,4,151,151,0.014293565927652
2024-03-07,5,151,151,0.007079143341892978
2024-03-08,1,151,151,0.016775318866753403
2024-03-08,2,151,151,0.01296512147795275
2024-03-08,3,151,151,0.01822417124710987
2024-03-08,4,151,151,0.014021048147129615
2024-03-08,5,151,151,0.006386787129303988
2024-03-11,1,152,152,-0.017638328759011047
2024-03-11,2,151,151,-0.02887885694412614
2024-03-11,3,151,151,-0.01974075277107453
2024-03-11,4,151,151,-0.024989399000401227
2024-03-11,5,151,151,-0.02438404820773204
2024-03-12,1,152,152,-0.004595757633903266
2024-03-12,2,151,151,-0.024010838165267084
2024-03-12,3,152,152,-0.018565142567009012
2024-03-12,4,151,151,-0.018824320402163235
2024-03-12,5,151,151,-0.013838760026621747
2024-03-13,1,152,152,-0.02188386759366075
2024-03-13,2,151,151,-0.031245994871261725
2024-03-13,3,152,152,-0.024090498632598486
2024-03-13,4,151,151,-0.024306541487084582
2024-03-13,5,151,151,-0.021964413334432407
2024-03-14,1,152,151,-0.01960327674354931
2024-03-14,2,151,151,-0.033551339874721954
2024-03-14,3,152,152,-0.02521165430977808
2024-03-14,4,151,151,-0.0161819488542268
2024-03-14,5,151,151,-0.01432978382455475
2024-03-15,1,152,152,-0.06090614184559944
2024-03-15,2,152,152,-0.08162046086846692
2024-03-15,3,152,152,-0.06094255387716285
2024-03-15,4,152,152,-0.049936630150125755
2024-03-15,5,151,151,-0.038744843818084886
2024-03-18,1,152,152,-0.03977994985915545
2024-03-18,2,152,152,-0.059884138327149734
2024-03-18,3,152,152,-0.05224238769798189
2024-03-18,4,152,152,-0.02788115121409202
2024-03-18,5,152,152,-0.02493902651129834
2024-03-19,1,152,152,-0.03545925801070226
2024-03-19,2,152,152,-0.05765446297208959
2024-03-19,3,152,151,-0.04732673063316787
2024-03-19,4,152,152,-0.024549651099143477
2024-03-19,5,152,152,-0.017491325257202085
2024-03-20,1,152,152,-0.054128669639612076
2024-03-20,2,152,152,-0.07155610773236877
2024-03-20,3,152,152,-0.05891167481559776
2024-03-20,4,152,152,-0.03296961135291994
2024-03-20,5,152,152,-0.01995124419022645
2024-03-21,1,152,152,-0.05892149224594879
2024-03-21,2,152,152,-0.0712256258343265
2024-03-21,3,152,152,-0.06209012224155106
2024-03-21,4,152,152,-0.028405046908556712
2024-03-21,5,152,152,-0.020237776487772856
2024-03-22,1,152,152,-0.04510244620477589
2024-03-22,2,152,152,-0.06063234647664164
2024-03-22,3,152,152,-0.047074333458101074
2024-03-22,4,152,152,-0.021259527932547942
2024-03-22,5,151,151,-0.021755120676345326
2024-03-25,1,152,152,-0.02753851748073349
2024-03-25,2,152,152,-0.033094562917901346
2024-03-25,3,151,150,-0.019084200534741053
2024-03-25,4,152,152,-0.0065380432230380935
2024-03-25,5,151,151,-0.010636613600521566
2024-03-26,1,152,152,-0.018602468519609703
2024-03-26,2,152,152,-0.030992328120963666
2024-03-26,3,152,152,-0.01849792233006793
2024-03-26,4,152,152,-0.0006499308990711863
2024-03-26,5,151,151,-0.009096506633956718
2024-03-27,1,151,151,0.026311504058902712
2024-03-27,2,151,151,0.02241790843072706
2024-03-27,3,150,150,0.03129730654749885
2024-03-27,4,151,151,0.034110970044217294
2024-03-27,5,150,150,0.018751740710800113
2024-03-28,1,152,152,0.027065236097729893
2024-03-28,2,152,151,0.02003057224185627
2024-03-28,3,151,151,0.03419991991647625
2024-03-28,4,152,152,0.039905281152784265
2024-03-28,5,151,151,0.02687367590771498
2024-03-29,1,152,152,0.01562732184409026
2024-03-29,2,151,151,0.00989091485351588
2024-03-29,3,152,152,0.027318387625499055
2024-03-29,4,151,151,0.02675657002725462
2024-03-29,5,151,151,0.02658953583926721
2024-04-01,1,152,152,0.00937751007160821
2024-04-01,2,152,152,-0.0020852476494488594
2024-04-01,3,152,152,0.016279341346923357
2024-04-01,4,152,152,0.02296516662029805
2024-04-01,5,151,151,0.021278266898036337
2024-04-02,1,153,153,0.01362480199469499
2024-04-02,2,152,152,0.006497268837232556
2024-04-02,3,153,153,0.023987390473318913
2024-04-02,4,152,152,0.02951751212249445
2024-04-02,5,152,152,0.02430075896038326
2024-04-03,1,153,153,0.007579838744921497
2024-04-03,2,153,153,0.010949801106914517
2024-04-03,3,153,153,0.014170886160745862
2024-04-03,4,153,153,0.02173782815131312
2024-04-03,5,152,152,0.01556124228464317
2024-04-08,1,153,153,0.0311678024696368
2024-04-08,2,152,152,0.038126160508513425
2024-04-08,3,152,152,0.04643452697374846
2024-04-08,4,152,152,0.053288364575996075
2024-04-08,5,152,152,0.049510081313757275
2024-04-09,1,153,153,0.010390211109536154
2024-04-09,2,153,153,0.01731497225647857
2024-04-09,3,153,153,0.024924718660958255
2024-04-09,4,153,153,0.03542543641172966
2024-04-09,5,152,152,0.03421891484913874
2024-04-10,1,153,153,0.030429880630742197
2024-04-10,2,153,153,0.03753506569401774
2024-04-10,3,152,152,0.051741756394097706
2024-04-10,4,153,153,0.05231110368181399
2024-04-10,5,152,152,0.062028442350100056
2024-04-11,1,153,153,0.020849292390071626
2024-04-11,2,153,153,0.03311442858370706
2024-04-11,3,153,153,0.04349603102810326
2024-04-11,4,153,153,0.04808234263036903
2024-04-11,5,153,153,0.05313972081439601
2024-04-12,1,153,153,0.03083688093701176
2024-04-12,2,152,152,0.03788358849544362
2024-04-12,3,153,153,0.0453277579548708
2024-04-12,4,152,152,0.046528642666333296
2024-04-12,5,152,152,0.05983628020528313
2024-04-15,1,154,154,0.03513200358466614
2024-04-15,2,153,153,0.04920167948528457
2024-04-15,3,153,153,0.04572319011756007
2024-04-15,4,153,153,0.047852356588556307
2024-04-15,5,153,153,0.05938534781428069
2024-04-16,1,153,153,0.09008323216868998
2024-04-16,2,152,152,0.09331620162946874
2024-04-16,3,153,153,0.08710003502667608
2024-04-16,4,152,152,0.07967747310128175
2024-04-16,5,152,151,0.09561194703906149
2024-04-17,1,154,154,0.05563139822171377
2024-04-17,2,153,153,0.06307894787192315
2024-04-17,3,154,154,0.06405618636832218
2024-04-17,4,153,153,0.052993594067540624
2024-04-17,5,153,152,0.07298272806442778
2024-04-18,1,154,154,0.04988686236594954
2024-04-18,2,154,154,0.0599926203344711
2024-04-18,3,154,154,0.059525578678703735
2024-04-18,4,154,154,0.05150640993022098
2024-04-18,5,153,153,0.0656570622378044
2024-04-19,1,154,154,0.05572220171823122
2024-04-19,2,153,153,0.06335386692140066
2024-04-19,3,154,154,0.05633519226498216
2024-04-19,4,153,153,0.04745958822711605
2024-04-19,5,153,153,0.06760349947934947
2024-04-22,1,154,154,0.0449244341362116
2024-04-22,2,154,154,0.052061493574241585
2024-04-22,3,154,154,0.03786835982884443
2024-04-22,4,154,154,0.030507605078165585
2024-04-22,5,153,153,0.05043846273352142
2024-04-23,1,155,155,0.0355627012000917
2024-04-23,2,154,154,0.03890135212668628
2024-04-23,3,154,154,0.040152919944370855
2024-04-23,4,154,154,0.028625830153968676
2024-04-23,5,154,154,0.05219524307793208
2024-04-24,1,155,155,0.03394115688616253
2024-04-24,2,155,155,0.03841848856249798
2024-04-24,3,155,154,0.03890614823870076
2024-04-24,4,155,155,0.02928110846136726
2024-04-24,5,154,154,0.05483086389556415
2024-04-25,1,155,155,0.018298234677501347
2024-04-25,2,155,155,0.013399234541284851
2024-04-25,3,155,155,0.022653653717034705
2024-04-25,4,155,155,0.018275707919273784
2024-04-25,5,155,155,0.038533161982538186
2024-04-26,1,156,156,-0.004020150918281558
2024-04-26,2,156,156,-0.021373931127614883
2024-04-26,3,155,155,-7.148301548892426e-05
2024-04-26,4,156,156,0.007247162437836809
2024-04-26,5,155,155,0.032505214836325756
2024-04-29,1,156,156,-0.027147765508824195
2024-04-29,2,155,154,-0.03193428607009967
2024-04-29,3,155,155,-0.01888141227415892
2024-04-29,4,155,155,-0.011623788955840195
2024-04-29,5,155,155,0.009598639049718726
2024-04-30,1,156,156,-0.028023595846257902
2024-04-30,2,155,155,-0.04328396736126364
2024-04-30,3,155,155,-0.02926695492732713
2024-04-30,4,155,155,-0.012669134728115664
2024-04-30,5,155,155,0.0018019737439992547
2024-05-06,1,156,156,-0.04943091435426878
2024-05-06,2,155,155,-0.05612335269755189
2024-05-06,3,156,156,-0.038772220206381255
2024-05-06,4,155,155,-0.042127654330320646
2024-05-06,5,155,155,-0.01588448971961242
2024-05-07,1,156,156,-0.04595666712066752
2024-05-07,2,155,155,-0.05342377327135155
2024-05-07,3,155,155,-0.03350006645994179
2024-05-07,4,155,155,-0.03335071648529289
2024-05-07,5,155,155,-0.006440818942743855
2024-05-08,1,155,155,-0.041531858032143674
2024-05-08,2,155,155,-0.05024403094971648
2024-05-08,3,155,155,-0.031865194755518175
2024-05-08,4,155,155,-0.03220259229702929
2024-05-08,5,155,155,-0.006705026525167023
2024-05-09,1,155,155,-0.06938417962310066
2024-05-09,2,155,155,-0.07660226464668891
2024-05-09,3,155,155,-0.05409926428620027
2024-05-09,4,155,155,-0.056899650408103075
2024-05-09,5,155,155,-0.03348174400134331
2024-05-10,1,156,156,-0.057568725149550616
2024-05-10,2,155,155,-0.06636556607941445
2024-05-10,3,155,155,-0.04756762104720477
2024-05-10,4,155,155,-0.055908500272836
2024-05-10,5,155,155,-0.03461481452769485
2024-05-13,1,155,155,-0.05711366421418425
2024-05-13,2,155,155,-0.057770614240869676
2024-05-13,3,155,155,-0.045221947790286675
2024-05-13,4,155,155,-0.04832112357895516
2024-05-13,5,154,154,-0.040355261515881306
2024-05-14,1,155,155,-0.05782409921924954
2024-05-14,2,155,155,-0.0499613023801127
2024-05-14,3,155,155,-0.04073630885556594
2024-05-14,4,155,155,-0.04919603717493746
2024-05-14,5,155,155,-0.03489964147963598
2024-05-15,1,155,155,-0.06152235916872429
2024-05-15,2,155,155,-0.05520644432362425
2024-05-15,3,155,155,-0.04552787301671273
2024-05-15,4,155,155,-0.05794794976224243
2024-05-15,5,155,155,-0.04299611652529304
2024-05-16,1,155,155,-0.060451040304705016
2024-05-16,2,155,155,-0.05157829268927521
2024-05-16,3,155,155,-0.039871285206116325
2024-05-16,4,155,155,-0.050678572428395324
2024-05-16,5,155,155,-0.04194423618933462
2024-05-17,1,156,156,-0.07255836386046476
2024-05-17,2,155,155,-0.06007960781700684
2024-05-17,3,155,155,-0.0491087938479375
2024-05-17,4,155,155,-0.05654180085072522
2024-05-17,5,155,154,-0.053589498074434326
2024-05-20,1,155,155,-0.06384651572806055
2024-05-20,2,155,155,-0.05265776066056268
2024-05-20,3,155,155,-0.042537367234969474
2024-05-20,4,155,155,-0.053875774583505634
2024-05-20,5,155,155,-0.051505208271839235
2024-05-21,1,155,155,-0.06891289062200817
2024-05-21,2,155,155,-0.05651246677631586
2024-05-21,3,155,155,-0.05098551560057493
2024-05-21,4,155,155,-0.05944172159807807
2024-05-21,5,155,155,-0.05579475215704674
2024-05-22,1,155,155,-0.08469133445048885
2024-05-22,2,155,155,-0.07491209365097101
2024-05-22,3,155,155,-0.06380320985851036
2024-05-22,4,155,155,-0.07126001993561316
2024-05-22,5,154,154,-0.07018041680572476
2024-05-23,1,155,155,-0.07280812911806106
2024-05-23,2,154,154,-0.055799829792280445
2024-05-23,3,155,155,-0.05169511857146369
2024-05-23,4,154,154,-0.05524016511383206
2024-05-23,5,154,154,-0.056065455623399214
2024-05-24,1,155,155,-0.08165416070579498
2024-05-24,2,154,154,-0.06960647393518778
2024-05-24,3,155,155,-0.061352273271146146
2024-05-24,4,154,154,-0.06731798139686418
2024-05-24,5,154,154,-0.06892909710568143
2024-05-27,1,155,155,-0.0897328600911201
2024-05-27,2,155,155,-0.08422100874518162
2024-05-27,3,154,154,-0.07480292891098814
2024-05-27,4,155,155,-0.07854659323653601
2024-05-27,5,154,154,-0.07738223463536029
2024-05-28,1,155,155,-0.06400288602678093
2024-05-28,2,154,154,-0.0549104655693291
2024-05-28,3,154,154,-0.046022163099520653
2024-05-28,4,154,154,-0.049996981280745825
2024-05-28,5,154,154,-0.05449199695357314
2024-05-29,1,154,154,-0.0819994872358448
2024-05-29,2,154,154,-0.06722863785425906
2024-05-29,3,154,154,-0.06253408284884351
2024-05-29,4,154,154,-0.06762911419000166
2024-05-29,5,154,154,-0.06744054331672615
2024-05-30,1,154,154,-0.0799451853698808
2024-05-30,2,154,154,-0.06412860419887324
2024-05-30,3,154,154,-0.05474399291928429
2024-05-30,4,154,154,-0.05914282399378566
2024-05-30,5,153,153,-0.05603548291471945
2024-05-31,1,154,154,-0.07212521476115169
2024-05-31,2,154,154,-0.05616940682453765
2024-05-31,3,154,154,-0.045195074185194306
2024-05-31,4,154,154,-0.048092433969165016
2024-05-31,5,153,153,-0.04535188967738343
2024-06-03,1,154,154,-0.0580474030001474
2024-06-03,2,154,154,-0.05614834716098282
2024-06-03,3,154,154,-0.044887955604078954
2024-06-03,4,154,154,-0.045127766122003685
2024-06-03,5,153,153,-0.039152417638243744
2024-06-04,1,154,154,-0.06280242499946045
2024-06-04,2,153,153,-0.06338875508410798
2024-06-04,3,153,153,-0.057751508511155056
2024-06-04,4,153,153,-0.061669473714887436
2024-06-04,5,153,153,-0.050458517043921146
2024-06-05,1,153,153,-0.07842494155541505
2024-06-05,2,153,153,-0.07303526528797011
2024-06-05,3,153,153,-0.0717473384639973
2024-06-05,4,153,153,-0.07137280494913967
2024-06-05,5,153,153,-0.05531170355215578
2024-06-06,1,154,154,-0.05688648776472313
2024-06-06,2,153,152,-0.05625897567963094
2024-06-06,3,153,153,-0.05379415951910691
2024-06-06,4,153,153,-0.056954549749591216
2024-06-06,5,153,153,-0.0470630629750135
2024-06-07,1,154,154,-0.07473477457945411
2024-06-07,2,153,152,-0.07006641059182513
2024-06-07,3,154,154,-0.06503358211676545
2024-06-07,4,153,153,-0.06892453545516783
2024-06-07,5,153,153,-0.06234259684447662
2024-06-11,1,153,153,-0.06317571507856498
2024-06-11,2,153,153,-0.0597230039844751
2024-06-11,3,152,152,-0.053807787825155586
2024-06-11,4,153,153,-0.06014488402132958
2024-06-11,5,152,152,-0.04495101586403553
2024-06-12,1,153,153,-0.05696510095686632
2024-06-12,2,153,153,-0.051496648273008566
2024-06-12,3,153,153,-0.048821519678723405
2024-06-12,4,153,153,-0.05132101804703699
2024-06-12,5,152,152,-0.046327220294291274
2024-06-13,1,152,152,-0.03607000791458118
2024-06-13,2,152,152,-0.03119911738524005
2024-06-13,3,152,152,-0.033409905517437805
2024-06-13,4,152,152,-0.028786043287344704
2024-06-13,5,152,152,-0.029656988385043024
2024-06-14,1,153,153,-0.04012279576026004
2024-06-14,2,152,152,-0.035656512406594155
2024-06-14,3,153,153,-0.042533278424272805
2024-06-14,4,152,152,-0.04247619872729381
2024-06-14,5,152,152,-0.031316524864036355
2024-06-17,1,152,152,-0.045856522114235417
2024-06-17,2,152,152,-0.05326251247532162
2024-06-17,3,152,152,-0.04896575095937595
2024-06-17,4,152,152,-0.05111521200909236
2024-06-17,5,151,151,-0.03845355369586484
2024-06-18,1,152,152,-0.052046392331076614
2024-06-18,2,152,152,-0.053573082173098585
2024-06-18,3,152,152,-0.051293140455372324
2024-06-18,4,152,152,-0.05653894185609333
2024-06-18,5,151,151,-0.04146996108964057
2024-06-19,1,152,152,-0.04717487206576489
2024-06-19,2,151,151,-0.05337823792479531
2024-06-19,3,152,152,-0.051157980025892044
2024-06-19,4,151,151,-0.060428797137835916
2024-06-19,5,151,151,-0.04188468874966375
2024-06-20,1,152,152,-0.029040039224883085
2024-06-20,2,151,151,-0.027793568218857905
2024-06-20,3,152,152,-0.03282534437803406
2024-06-20,4,151,151,-0.036431969559771536
2024-06-20,5,151,151,-0.021117689850433486
2024-06-21,1,152,152,-0.019529802013065443
2024-06-21,2,152,152,-0.018342370709707005
2024-06-21,3,151,151,-0.021020102468219195
2024-06-21,4,152,152,-0.028514979768955534
2024-06-21,5,151,151,-0.02142486152013514
2024-06-24,1,152,152,-0.0016769028665009162
2024-06-24,2,151,151,0.002485670733785703
2024-06-24,3,151,151,-0.005756045302331454
2024-06-24,4,151,151,-0.011772663239273564
2024-06-24,5,151,151,-0.00836142396496385
2024-06-25,1,152,152,-0.021955463922560453
2024-06-25,2,151,151,-0.02037334283005739
2024-06-25,3,151,151,-0.030395946758901816
2024-06-25,4,151,151,-0.032402458002309065
2024-06-25,5,151,151,-0.03205969771577663
2024-06-26,1,152,152,-0.053537789241793185
2024-06-26,2,151,151,-0.05241794570359194
2024-06-26,3,151,151,-0.06380155592270262
2024-06-26,4,151,151,-0.061855908594731834
2024-06-26,5,151,151,-0.05939705141518132
2024-06-27,1,152,152,-0.031059260551182775
2024-06-27,2,151,151,-0.030906757791435212
2024-06-27,3,151,151,-0.04627121986534885
2024-06-27,4,151,151,-0.03668339423126642
2024-06-27,5,151,151,-0.03765155474775388
2024-06-28,1,151,151,-0.02147843560631274
2024-06-28,2,151,151,-0.023200966214666056
2024-06-28,3,151,151,-0.04048112020284719
2024-06-28,4,151,151,-0.029141256903976735
2024-06-28,5,151,151,-0.03635427388593245
2024-07-01,1,151,151,-0.03547431210341144
2024-07-01,2,151,151,-0.03819295038056563
2024-07-01,3,151,151,-0.05538261044549917
2024-07-01,4,151,151,-0.04683094567922853
2024-07-01,5,151,151,-0.05704466683071484
2024-07-02,1,151,151,-0.02741943409846516
2024-07-02,2,151,151,-0.027065333703866375
2024-07-02,3,151,150,-0.04935967243210884
2024-07-02,4,151,151,-0.04276380304209322
2024-07-02,5,150,150,-0.046051357445390455
2024-07-03,1,151,151,0.0067590266904214704
2024-07-03,2,151,151,0.011790253424020297
2024-07-03,3,150,150,-0.0020532408249364443
2024-07-03,4,151,149,0.00486660234168472
2024-07-03,5,150,150,-0.009402143499849712
2024-07-04,1,150,150,0.022833292270127335
2024-07-04,2,150,150,0.020289907074247954
2024-07-04,3,150,150,0.003042794911185611
2024-07-04,4,150,148,0.005900778402154031
2024-07-04,5,150,150,-0.0027431913463906742
2024-07-05,1,150,150,0.01055551139225079
2024-07-05,2,150,149,-0.00184876757728551
2024-07-05,3,149,149,-0.014846580168891302
2024-07-05,4,150,149,-0.0058879480124606745
2024-07-05,5,149,149,-0.01756048756682848
2024-07-08,1,149,149,0.03242938280476008
2024-07-08,2,149,149,0.01148251679335875
2024-07-08,3,149,149,0.002652940269218989
2024-07-08,4,149,148,0.0075748422614334236
2024-07-08,5,148,148,0.002209485656412747
2024-07-09,1,149,149,0.01803629639997842
2024-07-09,2,148,148,-0.0017291805273662864
2024-07-09,3,148,148,-0.015316757468850351
2024-07-09,4,148,147,-0.0060239024297802785
2024-07-09,5,148,148,-0.006128998419523557
2024-07-10,1,148,148,-0.0024580598459067724
2024-07-10,2,148,148,-0.015663864558217968
2024-07-10,3,148,148,-0.03301096710036226
2024-07-10,4,148,147,-0.02179301373348174
2024-07-10,5,147,147,-0.012271398174306253
2024-07-11,1,149,149,-0.0060353420599309
2024-07-11,2,149,149,-0.02168838632978761
2024-07-11,3,148,148,-0.03246786420895356
2024-07-11,4,149,148,-0.015569780454219159
2024-07-11,5,148,148,-0.01687260439472093
2024-07-12,1,149,149,-0.017139662078118303
2024-07-12,2,149,149,-0.029778214952572383
2024-07-12,3,149,149,-0.036780687928807294
2024-07-12,4,149,148,-0.021375565453528336
2024-07-12,5,148,148,-0.0254439018460989
2024-07-15,1,148,148,-0.012979395240110825
2024-07-15,2,148,148,-0.02713752873824198
2024-07-15,3,148,148,-0.030623496397688035
2024-07-15,4,148,147,-0.02114498773483157
2024-07-15,5,148,148,-0.019846608267398702
2024-07-16,1,148,148,-0.0157311636652993
2024-07-16,2,148,148,-0.03122506530852038
2024-07-16,3,148,148,-0.032234053404868866
2024-07-16,4,148,147,-0.021395601527423407
2024-07-16,5,147,147,-0.017832283396291067
2024-07-17,1,148,148,-0.02052515265004534
2024-07-17,2,148,148,-0.026230191417034806
2024-07-17,3,148,148,-0.030217435442036176
2024-07-17,4,148,148,-0.022417682005800996
2024-07-17,5,147,147,-0.023267418230325167
2024-07-18,1,148,148,-0.005137623406061535
2024-07-18,2,148,148,-0.019564336496353477
2024-07-18,3,147,147,-0.02535439089121486
2024-07-18,4,148,148,-0.01657373620119048
2024-07-18,5,147,147,-0.019342327096830585
2024-07-19,1,148,148,-0.0210713035885268
2024-07-19,2,147,147,-0.03446248539221305
2024-07-19,3,147,147,-0.038229398781626234
2024-07-19,4,147,147,-0.030599171650492016
2024-07-19,5,147,147,-0.02720313130246065
2024-07-22,1,147,147,-0.01788787928800525
2024-07-22,2,146,146,-0.03020145254088313
2024-07-22,3,147,147,-0.039420922781391074
2024-07-22,4,146,146,-0.02758560591059961
2024-07-22,5,146,146,-0.01978831896225807
2024-07-23,1,147,147,-0.00772383210365881
2024-07-23,2,146,146,-0.0209968467335787
2024-07-23,3,146,146,-0.026962733779609418
2024-07-23,4,146,146,-0.02268692364860565
2024-07-23,5,146,146,-0.015105390134503967
2024-07-24,1,146,146,0.006229955670821964
2024-07-24,2,145,145,-0.008345901270632457
2024-07-24,3,146,146,-0.010143969522610631
2024-07-24,4,145,144,-0.011093663810612935
2024-07-24,5,145,145,-0.00708219029993794
2024-07-25,1,146,146,-0.016407110257482097
2024-07-25,2,146,146,-0.025773219022492414
2024-07-25,3,145,145,-0.0330725607660904
2024-07-25,4,146,145,-0.03663410932280146
2024-07-25,5,145,145,-0.02708887057256524
2024-07-26,1,147,147,-0.021890205525405455
2024-07-26,2,146,146,-0.036581955898289706
2024-07-26,3,146,146,-0.036482189081196104
2024-07-26,4,146,145,-0.04559694967215086
2024-07-26,5,146,146,-0.030844817578965438
2024-07-29,1,146,146,-0.013533211583089495
2024-07-29,2,146,146,-0.035054978364350536
2024-07-29,3,146,146,-0.02438863723049818
2024-07-29,4,146,145,-0.0358474024158666
2024-07-29,5,145,145,-0.026268024762592747
2024-07-30,1,146,146,-0.0304692818165454
2024-07-30,2,146,145,-0.04894144799988357
2024-07-30,3,146,146,-0.037578537172058044
2024-07-30,4,146,145,-0.04657458236307058
2024-07-30,5,145,145,-0.035972648692280076
2024-07-31,1,147,147,-0.06377578530333423
2024-07-31,2,147,147,-0.08046941226235416
2024-07-31,3,146,145,-0.07541635805899914
2024-07-31,4,147,145,-0.0835877035982301
2024-07-31,5,146,146,-0.0706961307288822
2024-08-01,1,146,146,-0.04610751048227469
2024-08-01,2,146,146,-0.055486273987898814
2024-08-01,3,146,146,-0.050082657723356586
2024-08-01,4,146,145,-0.05565398177835018
2024-08-01,5,146,146,-0.046162251970963436
2024-08-02,1,147,147,-0.02720047519598345
2024-08-02,2,146,146,-0.025336641898182626
2024-08-02,3,146,146,-0.02079109652699292
2024-08-02,4,146,145,-0.024372795257534382
2024-08-02,5,146,146,-0.025179763619644586
2024-08-05,1,147,147,-0.040185136834299987
2024-08-05,2,147,146,-0.042925648993403946
2024-08-05,3,147,147,-0.03466209129431535
2024-08-05,4,147,146,-0.039388874415844946
2024-08-05,5,146,146,-0.03985880393530821
2024-08-06,1,147,147,-0.03474615122322613
2024-08-06,2,146,145,-0.04059958144796591
2024-08-06,3,147,147,-0.03343451826775745
2024-08-06,4,146,145,-0.03735836024476621
2024-08-06,5,146,146,-0.03968382948519729
2024-08-07,1,147,147,-0.028258852963625573
2024-08-07,2,147,146,-0.03453643310042452
2024-08-07,3,146,146,-0.03183307464360838
2024-08-07,4,147,147,-0.03521749649366135
2024-08-07,5,146,146,-0.033273860957290714
2024-08-08,1,147,147,-0.030940414906728646
2024-08-08,2,147,146,-0.032820705257448006
2024-08-08,3,146,146,-0.03534786923355195
2024-08-08,4,147,146,-0.03232357286591908
2024-08-08,5,146,146,-0.03749073358201581
2024-08-09,1,147,147,-0.03553417899849361
2024-08-09,2,146,145,-0.04176546430368905
2024-08-09,3,146,146,-0.043509518906619866
2024-08-09,4,146,145,-0.0454006982560799
2024-08-09,5,146,146,-0.04243253690969214
2024-08-12,1,147,147,-0.02961203009234877
2024-08-12,2,146,145,-0.038598078134090205
2024-08-12,3,147,147,-0.04260644135547152
2024-08-12,4,146,145,-0.04718267019054343
2024-08-12,5,146,146,-0.04819572136013081
2024-08-13,1,147,147,-0.03533998685440371
2024-08-13,2,146,145,-0.04262024861486899
2024-08-13,3,147,147,-0.05032315584861168
2024-08-13,4,146,145,-0.057133101720057276
2024-08-13,5,146,146,-0.05827776156005512
2024-08-14,1,147,147,-0.02291852761548893
2024-08-14,2,147,146,-0.031355546658483856
2024-08-14,3,147,147,-0.040389701263091306
2024-08-14,4,147,146,-0.043127188814093255
2024-08-14,5,147,147,-0.042581487921354896
2024-08-15,1,147,147,-0.03815387716588978
2024-08-15,2,147,146,-0.048797351501585866
2024-08-15,3,147,147,-0.05775626756400608
2024-08-15,4,147,146,-0.05456672017394084
2024-08-15,5,147,147,-0.058055184343249966
2024-08-16,1,148,148,-0.03938199950189832
2024-08-16,2,147,146,-0.05090289308993633
2024-08-16,3,147,147,-0.05802818884392537
2024-08-16,4,147,146,-0.06139733771410847
2024-08-16,5,147,147,-0.060803062989355616
2024-08-19,1,148,148,-0.034917653734217464
2024-08-19,2,148,148,-0.04861370265199873
2024-08-19,3,147,147,-0.059292043025220946
2024-08-19,4,148,147,-0.056157370688569665
2024-08-19,5,147,147,-0.054950817028004244
2024-08-20,1,148,148,-0.007135158383889455
2024-08-20,2,147,147,-0.01775527150023337
2024-08-20,3,147,147,-0.02937984926936816
2024-08-20,4,147,146,-0.02402898895956193
2024-08-20,5,147,147,-0.0184267848086695
2024-08-21,1,148,148,-0.0066131254412464995
2024-08-21,2,147,147,-0.01685559830166066
2024-08-21,3,147,147,-0.034586894602850166
2024-08-21,4,147,145,-0.020264064876792515
2024-08-21,5,147,147,-0.017828655606772853
2024-08-22,1,147,147,0.019131215203292116
2024-08-22,2,147,147,0.01083187421509127
2024-08-22,3,146,146,-0.010971544644406273
2024-08-22,4,147,146,0.0043350221496387675
2024-08-22,5,146,146,0.00496048432859116
2024-08-23,1,147,147,0.04820769300404761
2024-08-23,2,146,146,0.04671179766176386
2024-08-23,3,147,147,0.02778835567463991
2024-08-23,4,146,145,0.042918762489801705
2024-08-23,5,146,146,0.0491930529350099
2024-08-26,1,147,147,0.0390583897412287
2024-08-26,2,147,147,0.044391825669752805
2024-08-26,3,147,147,0.022772696010563642
2024-08-26,4,147,146,0.04043501079284847
2024-08-26,5,146,146,0.046766809049403404
2024-08-27,1,147,147,0.11978146741870804
2024-08-27,2,147,147,0.11174750168501754
2024-08-27,3,147,147,0.09894564730240538
2024-08-27,4,147,146,0.1252043903448652
2024-08-27,5,146,146,0.13138561566986393
2024-08-28,1,147,147,0.20824103373419142
2024-08-28,2,146,146,0.19754963315239044
2024-08-28,3,147,147,0.18655537052207896
2024-08-28,4,146,145,0.21064724796827913
2024-08-28,5,146,146,0.21960182887836224
2024-08-29,1,146,146,0.3664917200883296
2024-08-29,2,146,146,0.34703021412810947
2024-08-29,3,145,145,0.3361803988533747
2024-08-29,4,146,145,0.3613502233324361
2024-08-29,5,145,145,0.3664945718818668
2024-08-30,1,145,145,0.26354190376910036
2024-08-30,2,145,145,0.24664003378585875
2024-08-30,3,144,144,0.24259351063550982
2024-08-30,4,145,144,0.24937125637088642
2024-08-30,5,144,144,0.25620140750732534
2024-09-02,1,145,145,0.2172932001006951
2024-09-02,2,144,143,0.2160256675841541
2024-09-02,3,144,144,0.20884486702314994
2024-09-02,4,144,144,0.21029049134748198
2024-09-02,5,144,144,0.2055315188030694
2024-09-03,1,144,144,0.2027091531001844
2024-09-03,2,144,144,0.19490529426908992
2024-09-03,3,144,144,0.18692650444942271
2024-09-03,4,144,144,0.20010099702419024
2024-09-03,5,143,143,0.2027709226608313
2024-09-04,1,144,144,0.1778396082532748
2024-09-04,2,144,144,0.16033389835761758
2024-09-04,3,143,143,0.15229850049887889
2024-09-04,4,144,144,0.16664764984438005
2024-09-04,5,143,143,0.17507545807338393
2024-09-05,1,144,144,0.17808752697481894
2024-09-05,2,144,144,0.17073635310938223
2024-09-05,3,144,144,0.160400737193088
2024-09-05,4,144,143,0.1741017023243741
2024-09-05,5,143,143,0.18327369365380086
2024-09-06,1,144,144,0.164675329844805
2024-09-06,2,144,144,0.16247329645838543
2024-09-06,3,143,143,0.156185465379064
2024-09-06,4,144,144,0.15827508754592196
2024-09-06,5,143,143,0.17420731277866283
2024-09-09,1,143,143,0.18270487103357538
2024-09-09,2,143,143,0.1910321321609706
2024-09-09,3,143,143,0.1880036082152438
2024-09-09,4,143,143,0.18658344587836867
2024-09-09,5,143,143,0.203836341541886
2024-09-10,1,143,143,0.16281986070414178
2024-09-10,2,143,143,0.1759047958256137
2024-09-10,3,142,142,0.17441941455923202
2024-09-10,4,143,143,0.1796838647347023
2024-09-10,5,142,142,0.18359539452724233
2024-09-11,1,143,142,0.20276102963216702
2024-09-11,2,142,142,0.2248945082675123
2024-09-11,3,142,142,0.22094036207953963
2024-09-11,4,142,142,0.21790037645601726
2024-09-11,5,142,142,0.21771916785733844
2024-09-12,1,142,141,0.20791647763547028
2024-09-12,2,142,142,0.23824566889337037
2024-09-12,3,142,142,0.23724253916514332
2024-09-12,4,142,142,0.23587635424789505
2024-09-12,5,142,142,0.22328890278292174
2024-09-13,1,143,142,0.23438379363367234
2024-09-13,2,142,142,0.26208702191754
2024-09-13,3,142,142,0.2579574738115819
2024-09-13,4,142,142,0.2666103904289126
2024-09-13,5,142,142,0.25306230680251235
2024-09-18,1,142,141,0.23383989701126676
2024-09-18,2,142,142,0.2569652136691661
2024-09-18,3,142,142,0.2472354639255202
2024-09-18,4,142,142,0.25876777244431415
2024-09-18,5,142,142,0.23595223334485368
2024-09-19,1,143,142,0.22017040298978705
2024-09-19,2,142,142,0.2407842991735009
2024-09-19,3,143,143,0.23441955028152972
2024-09-19,4,142,142,0.234487434253534
2024-09-19,5,142,142,0.21125498040623625
2024-09-20,1,143,142,0.23837252595994834
2024-09-20,2,142,142,0.26166503105948224
2024-09-20,3,143,143,0.2567166022625592
2024-09-20,4,142,142,0.2526417525260224
2024-09-20,5,142,142,0.23588230944029215
2024-09-23,1,143,142,0.2611102328871472
2024-09-23,2,142,142,0.2749688018388462
2024-09-23,3,142,142,0.263845009318614
2024-09-23,4,142,142,0.26000138587257837
2024-09-23,5,142,142,0.2435012041701535
2024-09-24,1,144,143,0.18611431943416262
2024-09-24,2,144,144,0.20467012775156151
2024-09-24,3,144,144,0.1890405318862264
2024-09-24,4,144,143,0.17437717188112467
2024-09-24,5,144,144,0.15423805932831935
2024-09-25,1,145,145,0.20267998947793364
2024-09-25,2,145,145,0.22667830294955382
2024-09-25,3,145,145,0.2013793917230209
2024-09-25,4,145,144,0.18577110262059163
2024-09-25,5,145,145,0.14837649123674002
2024-09-26,1,146,146,0.14420007988827244
2024-09-26,2,146,146,0.17971654842449716
2024-09-26,3,146,146,0.1447006520142409
2024-09-26,4,146,145,0.11364988515218788
2024-09-26,5,145,145,0.0862509617463495
2024-09-27,1,148,148,0.05578049132746886
2024-09-27,2,147,147,0.060186891519824516
2024-09-27,3,148,148,0.055607530895474454
2024-09-27,4,147,146,0.031237089443271172
2024-09-27,5,147,147,0.00965802835198008
2024-09-30,1,151,151,-0.057466704590530125
2024-09-30,2,150,150,-0.054534062169742395
2024-09-30,3,150,150,-0.05699311066303981
2024-09-30,4,150,149,-0.08498061627686114
2024-09-30,5,150,150,-0.10140254109639943
2024-10-08,1,153,152,0.028891716956827063
2024-10-08,2,152,152,0.03961533748239069
2024-10-08,3,152,152,0.03651552089148877
2024-10-08,4,152,152,0.0019102003834703988
2024-10-08,5,152,152,-0.012713537475207102
2024-10-09,1,151,150,0.09129880314599083
2024-10-09,2,151,151,0.08703095380767671
2024-10-09,3,151,150,0.07648992952431687
2024-10-09,4,151,151,0.053254243317797725
2024-10-09,5,150,150,0.03384456931985297
2024-10-10,1,151,150,0.14563867325921906
2024-10-10,2,151,151,0.15022540970459602
2024-10-10,3,151,151,0.13173654193085985
2024-10-10,4,151,151,0.09747234227281741
2024-10-10,5,150,150,0.07157781075392802
2024-10-11,1,151,150,0.15163815535578667
2024-10-11,2,150,150,0.1781385842872951
2024-10-11,3,151,151,0.13940721608316328
2024-10-11,4,150,150,0.10259269450478738
2024-10-11,5,150,150,0.07055501427453935
2024-10-14,1,151,150,0.1604860534671489
2024-10-14,2,151,151,0.19094118014905787
2024-10-14,3,151,151,0.14210128153864668
2024-10-14,4,151,151,0.10962043321845794
2024-10-14,5,151,151,0.06839203818662318
2024-10-15,1,151,150,0.17804386659733054
2024-10-15,2,151,151,0.20185097639309205
2024-10-15,3,151,151,0.1552466984663981
2024-10-15,4,151,151,0.12770131246608246
2024-10-15,5,150,150,0.08720819321867467
2024-10-16,1,151,150,0.14980634372507504
2024-10-16,2,151,151,0.17350858294637866
2024-10-16,3,151,151,0.13536720518074752
2024-10-16,4,151,151,0.10816474746020614
2024-10-16,5,150,150,0.0736975344891489
2024-10-17,1,151,150,0.13852748282922106
2024-10-17,2,151,151,0.14847776751155026
2024-10-17,3,151,151,0.12170969348584103
2024-10-17,4,151,151,0.10200234885401042
2024-10-17,5,150,150,0.06878869852986079
2024-10-18,1,151,149,0.08579486562651034
2024-10-18,2,151,151,0.08456124834756873
2024-10-18,3,151,151,0.07287470161025836
2024-10-18,4,151,151,0.05645258034176804
2024-10-18,5,151,151,0.03830069430426826
2024-10-21,1,151,150,0.06221261838037272
2024-10-21,2,151,151,0.05268896077803895
2024-10-21,3,151,151,0.03888968661824304
2024-10-21,4,151,151,0.036228435394381926
2024-10-21,5,150,150,0.030236202006999814
2024-10-22,1,151,151,0.06531269708914234
2024-10-22,2,151,151,0.05879943521353683
2024-10-22,3,151,151,0.046779809378242804
2024-10-22,4,151,151,0.03332321933482898
2024-10-22,5,151,151,0.02950498300332354
2024-10-23,1,151,151,0.07799525098590589
2024-10-23,2,151,151,0.07738769377994108
2024-10-23,3,151,151,0.0714133692839789
2024-10-23,4,151,151,0.050076813028896654
2024-10-23,5,151,151,0.040858120853356154
2024-10-24,1,152,152,0.08330347792291053
2024-10-24,2,151,151,0.08182511733455375
2024-10-24,3,151,151,0.06801324461294074
2024-10-24,4,151,151,0.052898751289110216
2024-10-24,5,151,151,0.04535396550727224
2024-10-25,1,151,151,0.02826014453703613
2024-10-25,2,151,150,0.037173338865163996
2024-10-25,3,151,151,0.02508151527491257
2024-10-25,4,151,151,0.010947849537214404
2024-10-25,5,151,151,-0.004538661026959063
2024-10-28,1,152,152,0.0047592034384924195
2024-10-28,2,151,150,0.020930512853640993
2024-10-28,3,152,152,0.003625223353800344
2024-10-28,4,151,151,-0.003015910994668598
2024-10-28,5,151,151,-0.023604394468469
2024-10-29,1,151,151,0.023041097017240175
2024-10-29,2,151,150,0.03308187811277146
2024-10-29,3,151,150,0.005151133355454243
2024-10-29,4,151,151,0.009733596361588602
2024-10-29,5,150,150,-0.004860520124385165
2024-10-30,1,151,151,0.03234575301033448
2024-10-30,2,151,150,0.05731073034900126
2024-10-30,3,151,151,0.021834929258702566
2024-10-30,4,151,151,0.030934810024904755
2024-10-30,5,151,151,0.02228303145475504
2024-10-31,1,151,151,0.017005340351919977
2024-10-31,2,150,149,0.04262571645124354
2024-10-31,3,151,151,0.007840016598739744
2024-10-31,4,150,150,0.02030330536944651
2024-10-31,5,150,150,0.00702849073561229
2024-11-01,1,151,151,0.05351212177356195
2024-11-01,2,150,149,0.07213284054056024
2024-11-01,3,150,150,0.029940118951544963
2024-11-01,4,150,150,0.053178058837210704
2024-11-01,5,150,150,0.018664027581974486
2024-11-04,1,151,151,0.07479487319417238
2024-11-04,2,150,149,0.04401129149476139
2024-11-04,3,151,151,0.030669077667350046
2024-11-04,4,150,150,0.04990436434094556
2024-11-04,5,150,150,0.019320393000413792
2024-11-05,1,151,151,0.033440829690611226
2024-11-05,2,151,150,0.004986325480112535
2024-11-05,3,151,151,0.0008170639314714538
2024-11-05,4,151,151,0.015351288886645977
2024-11-05,5,151,151,-0.004347991100392465
2024-11-06,1,151,151,0.01658829530209406
2024-11-06,2,151,149,-0.007353252573626048
2024-11-06,3,151,151,-0.005850147671695244
2024-11-06,4,151,151,0.006064742747045196
2024-11-06,5,150,150,-0.0064339289088146375
2024-11-07,1,152,152,-0.016014892397715464
2024-11-07,2,151,150,-0.02325233287841485
2024-11-07,3,151,151,-0.03642377754330994
2024-11-07,4,151,151,-0.027793841954662397
2024-11-07,5,151,151,-0.04195522554999322
2024-11-08,1,151,151,0.009948491936589863
2024-11-08,2,151,151,-0.00641180248523914
2024-11-08,3,151,151,-0.016354178933500732
2024-11-08,4,151,151,0.008302027033142879
2024-11-08,5,151,151,-0.013022698838151396
2024-11-11,1,151,151,0.019807186355895772
2024-11-11,2,151,151,-0.0026217542441461807
2024-11-11,3,151,151,-0.012767172142359905
2024-11-11,4,151,151,0.012243765400240312
2024-11-11,5,151,151,0.0023943957102152704
2024-11-12,1,151,151,0.00038213956296095404
2024-11-12,2,151,151,0.0035317409454806697
2024-11-12,3,151,151,-0.020413665572347674
2024-11-12,4,151,151,0.006201528341717975
2024-11-12,5,151,151,-0.005589619760050381
2024-11-13,1,151,151,0.020800875933467102
2024-11-13,2,151,151,0.010532077917543646
2024-11-13,3,151,151,-0.011020229992836196
2024-11-13,4,151,151,0.01427349285859038
2024-11-13,5,151,151,0.0021214424637238717
2024-11-14,1,151,151,0.06055569924835083
2024-11-14,2,151,151,0.04462963532357811
2024-11-14,3,151,151,0.02148202756009158
2024-11-14,4,151,151,0.0427087360842955
2024-11-14,5,150,150,0.03112922622823749
2024-11-15,1,151,151,0.059138854792011405
2024-11-15,2,151,151,0.04467819815713112
2024-11-15,3,150,150,0.027189756749702542
2024-11-15,4,151,151,0.03053963978075365
2024-11-15,5,150,150,0.012626939161266153
2024-11-18,1,151,151,0.06351526959622086
2024-11-18,2,151,150,0.06282795296626044
2024-11-18,3,151,151,0.037147945755725276
2024-11-18,4,151,151,0.03394200791356935
2024-11-18,5,150,150,0.013519560097530288
2024-11-19,1,151,151,0.029354005089677053
2024-11-19,2,151,150,0.0235153003966839
2024-11-19,3,151,151,0.008866235702085586
2024-11-19,4,151,151,0.0062796193488866385
2024-11-19,5,150,150,-1.830798022611768e-05
2024-11-20,1,151,151,0.0027842788956337484
2024-11-20,2,151,150,0.0011299868438938835
2024-11-20,3,151,151,-0.009237678122178431
2024-11-20,4,151,151,-0.00912159636515144
2024-11-20,5,150,150,-0.01781541647615023
2024-11-21,1,151,151,0.004604602112329052
2024-11-21,2,151,150,0.00972820943471531
2024-11-21,3,151,151,-0.0045449254627441
2024-11-21,4,151,151,-0.0004246351485668644
2024-11-21,5,150,150,-0.008289272624959224
2024-11-22,1,151,151,0.04070970971333347
2024-11-22,2,151,148,0.046499427928997195
2024-11-22,3,150,150,0.03722713291567263
2024-11-22,4,151,151,0.03872763944595797
2024-11-22,5,150,150,0.026470504550707166
2024-11-25,1,151,151,0.0175729258186345
2024-11-25,2,150,148,0.019729539828667687
2024-11-25,3,151,151,0.01844175798455648
2024-11-25,4,150,150,0.021893199017750827
2024-11-25,5,150,150,0.018382012136530755
2024-11-26,1,151,151,0.03670839331780185
2024-11-26,2,150,148,0.04191331438180542
2024-11-26,3,151,151,0.03547808699190118
2024-11-26,4,150,150,0.04001036994576598
2024-11-26,5,150,150,0.039367926862273486
2024-11-27,1,151,151,0.00010373143552453386
2024-11-27,2,150,148,-0.0011247883991932074
2024-11-27,3,151,151,0.0002213009960601362
2024-11-27,4,150,150,0.010373195977184795
2024-11-27,5,150,150,0.015685338399768663
2024-11-28,1,151,151,0.007446554664135796
2024-11-28,2,151,149,0.01999253170589088
2024-11-28,3,150,150,0.017733713082986935
2024-11-28,4,151,151,0.02565032798630732
2024-11-28,5,150,150,0.02906203943022259
2024-11-29,1,151,151,-0.009952042367855303
2024-11-29,2,151,149,0.01201984910490496
2024-11-29,3,150,150,0.0026774412597406027
2024-11-29,4,151,151,0.015016495661583449
2024-11-29,5,150,150,0.013825754062871702
2024-12-02,1,151,151,-0.035943813419483356
2024-12-02,2,151,150,-0.011394846112554535
2024-12-02,3,151,151,-0.01326129726941891
2024-12-02,4,151,151,0.003558859069640868
2024-12-02,5,150,150,0.01057528949446465
2024-12-03,1,151,151,-0.059571694823324195
2024-12-03,2,151,150,-0.036815917607523126
2024-12-03,3,151,151,-0.038197075507445596
2024-12-03,4,151,151,-0.02121429158759868
2024-12-03,5,150,150,-0.011408720621204358
2024-12-04,1,151,151,-0.06665639010734774
2024-12-04,2,151,150,-0.04613896746919683
2024-12-04,3,151,151,-0.04582056014899608
2024-12-04,4,151,151,-0.028961166018351255
2024-12-04,5,151,151,-0.02439922270413587
2024-12-05,1,152,152,-0.1058329933977113
2024-12-05,2,151,150,-0.09004942154825915
2024-12-05,3,151,151,-0.07997845721926952
2024-12-05,4,151,151,-0.05633975395860789
2024-12-05,5,151,151,-0.0400925788765383
2024-12-06,1,152,152,-0.10846471729514455
2024-12-06,2,151,151,-0.09768540957029402
2024-12-06,3,151,151,-0.09001001441372808
2024-12-06,4,151,151,-0.06517355565591432
2024-12-06,5,151,151,-0.04980323273515185
2024-12-09,1,152,152,-0.12700305157845862
2024-12-09,2,151,151,-0.10473919398843252
2024-12-09,3,151,151,-0.10308175114140172
2024-12-09,4,151,151,-0.08343063867783114
2024-12-09,5,151,151,-0.07290980421090142
2024-12-10,1,152,152,-0.11357837015659145
2024-12-10,2,151,151,-0.09376725817896159
2024-12-10,3,151,151,-0.07649775916358814
2024-12-10,4,151,151,-0.07309153417264821
2024-12-10,5,151,151,-0.05850946957691224
2024-12-11,1,152,152,-0.11725208737264425
2024-12-11,2,151,151,-0.10482372295464062
2024-12-11,3,152,152,-0.08239344711033554
2024-12-11,4,151,151,-0.081132331318651
2024-12-11,5,151,151,-0.07105849671080439
2024-12-12,1,152,152,-0.14897110839282143
2024-12-12,2,152,152,-0.1323100566738478
2024-12-12,3,152,152,-0.11634232406660772
2024-12-12,4,152,152,-0.11539807887812549
2024-12-12,5,151,151,-0.09826707774116218
2024-12-13,1,152,152,-0.12908042016986676
2024-12-13,2,151,151,-0.10751409301140313
2024-12-13,3,151,151,-0.09600976469288836
2024-12-13,4,151,151,-0.090814018819787
2024-12-13,5,151,151,-0.07228131184244657
2024-12-16,1,152,152,-0.08646418804746743
2024-12-16,2,151,150,-0.05719364113326282
2024-12-16,3,151,151,-0.06436962711932177
2024-12-16,4,151,151,-0.05297586468560873
2024-12-16,5,151,151,-0.04215536126483452
2024-12-17,1,151,151,-0.06640337630085956
2024-12-17,2,151,150,-0.043448126229661786
2024-12-17,3,151,151,-0.049713186658786004
2024-12-17,4,151,151,-0.03995817773935832
2024-12-17,5,150,150,-0.03904263647968503
2024-12-18,1,151,151,-0.06577794050088821
2024-12-18,2,151,150,-0.04492576077353687
2024-12-18,3,151,151,-0.044098464747992255
2024-12-18,4,151,151,-0.038117330542987354
2024-12-18,5,150,150,-0.03335786638551559
2024-12-19,1,151,151,-0.058100655393000675
2024-12-19,2,151,150,-0.04521935099678986
2024-12-19,3,151,151,-0.03371692256021882
2024-12-19,4,151,151,-0.03474906462765688
2024-12-19,5,150,150,-0.026719922997149467
2024-12-20,1,151,151,-0.060054559158920016
2024-12-20,2,151,149,-0.048100701142958675
2024-12-20,3,151,151,-0.03830724262899402
2024-12-20,4,151,151,-0.03601319361621123
2024-12-20,5,150,150,-0.022357347213134333
2024-12-23,1,151,151,-0.04974151726858744
2024-12-23,2,150,149,-0.03434847499441603
2024-12-23,3,151,151,-0.021646481004299875
2024-12-23,4,150,150,-0.03059685712767702
2024-12-23,5,150,150,-0.02215242169913072
2024-12-24,1,151,151,-0.045930568725028875
2024-12-24,2,151,151,-0.0447929805303627
2024-12-24,3,150,150,-0.03123723739039716
2024-12-24,4,151,151,-0.03505913351005606
2024-12-24,5,150,150,-0.032260079770902846
2024-12-25,1,151,151,-0.043558329431940886
2024-12-25,2,150,150,-0.04865150519341961
2024-12-25,3,150,150,-0.03715097577371778
2024-12-25,4,150,150,-0.038466048134272464
2024-12-25,5,150,150,-0.03287692725209949
2024-12-26,1,151,151,-0.03696985942122629
2024-12-26,2,150,150,-0.0388510198300499
2024-12-26,3,150,150,-0.035797368460089594
2024-12-26,4,150,150,-0.030064489717045475
2024-12-26,5,150,150,-0.025868022168521587
2024-12-27,1,151,151,-0.04532255797800667
2024-12-27,2,151,151,-0.050322149661290526
2024-12-27,3,150,150,-0.03350994934583067
2024-12-27,4,151,151,-0.03596017304725668
2024-12-27,5,150,150,-0.02287968421236218
2024-12-30,1,151,151,-0.04639292430280657
2024-12-30,2,150,150,-0.048031184597977644
2024-12-30,3,151,151,-0.03637527730412762
2024-12-30,4,150,149,-0.04744318940335923
2024-12-30,5,150,150,-0.04496572964155171
2024-12-31,1,150,150,0.003307162283496906
2024-12-31,2,150,150,0.011210309219047525
2024-12-31,3,150,150,0.014993172641912272
2024-12-31,4,150,149,-0.01070642881899598
2024-12-31,5,150,150,-0.00901218524468199
2025-01-02,1,150,150,0.04701666998477892
2025-01-02,2,150,150,0.045648600633187326
2025-01-02,3,150,150,0.05267560483417143
2025-01-02,4,150,150,0.02550461983418275
2025-01-02,5,149,149,0.030007352551935863
2025-01-03,1,149,149,0.09000435721610935
2025-01-03,2,149,149,0.09596701201178816
2025-01-03,3,149,149,0.08260437109732839
2025-01-03,4,149,149,0.06119661522136038
2025-01-03,5,149,149,0.05135709786803008
2025-01-06,1,149,149,0.08148440170872336
2025-01-06,2,149,149,0.09011096907378328
2025-01-06,3,149,149,0.07626187352872661
2025-01-06,4,149,149,0.054796057919727206
2025-01-06,5,149,149,0.0489404233949159
2025-01-07,1,150,150,0.09039993855580981
2025-01-07,2,149,149,0.09364774492065597
2025-01-07,3,149,149,0.087098049554159
2025-01-07,4,149,149,0.05706783116419033
2025-01-07,5,149,149,0.055456887821532616
2025-01-08,1,150,150,0.09388685609538452
2025-01-08,2,149,149,0.08047075358756427
2025-01-08,3,149,149,0.08178282439802904
2025-01-08,4,149,149,0.06272135482544498
2025-01-08,5,149,149,0.05174595331919046
2025-01-09,1,150,150,0.0932828768437162
2025-01-09,2,149,149,0.0804190237157987
2025-01-09,3,149,149,0.09397775430072777
2025-01-09,4,149,149,0.06639384428767992
2025-01-09,5,149,148,0.060512610830870256
2025-01-10,1,150,150,0.12794143069977418
2025-01-10,2,149,149,0.12478172329592523
2025-01-10,3,149,149,0.11671297779134783
2025-01-10,4,149,149,0.10020935340925184
2025-01-10,5,149,148,0.07859325521830475
2025-01-13,1,150,150,0.08771833417613406
2025-01-13,2,149,149,0.08410217985356772
2025-01-13,3,149,149,0.08321579654884599
2025-01-13,4,149,149,0.06664591741895913
2025-01-13,5,149,148,0.05581438743708045
2025-01-14,1,150,150,0.06825073151953687
2025-01-14,2,149,149,0.062323537484245
2025-01-14,3,150,150,0.06883728232939354
2025-01-14,4,149,149,0.046864316056880025
2025-01-14,5,149,148,0.03933759894571929
2025-01-15,1,150,150,0.07668578202443888
2025-01-15,2,149,148,0.06399578495410076
2025-01-15,3,150,150,0.07741234687092866
2025-01-15,4,149,149,0.05566677429032896
2025-01-15,5,149,148,0.03983452169476903
2025-01-16,1,150,150,0.08121583954096616
2025-01-16,2,149,149,0.09139688297346335
2025-01-16,3,149,149,0.08429377558727343
2025-01-16,4,149,149,0.0683375258588901
2025-01-16,5,149,148,0.044924506181864304
2025-01-17,1,150,150,0.05665017904250836
2025-01-17,2,149,148,0.054218419941248604
2025-01-17,3,150,150,0.05440979051264949
2025-01-17,4,149,149,0.04241239767744699
2025-01-17,5,149,148,0.027156414259453532
2025-01-20,1,150,150,0.0543827038372213
2025-01-20,2,149,149,0.050789872834465344
2025-01-20,3,150,149,0.05257941887594174
2025-01-20,4,149,149,0.04238984608306366
2025-01-20,5,149,148,0.0188357603629579
2025-01-21,1,150,150,0.07323823684605087
2025-01-21,2,149,148,0.07408702055922668
2025-01-21,3,150,150,0.0698198553646527
2025-01-21,4,149,149,0.06565564037003425
2025-01-21,5,149,148,0.04193251193961186
2025-01-22,1,149,149,0.0630871927536571
2025-01-22,2,149,148,0.05325894700442603
2025-01-22,3,148,148,0.055476543530278366
2025-01-22,4,149,149,0.0590322387862661
2025-01-22,5,148,148,0.0369284079927533
2025-01-23,1,149,149,0.06014223713416972
2025-01-23,2,149,148,0.049317522464381536
2025-01-23,3,148,148,0.044301483063518554
2025-01-23,4,149,149,0.058095137890504946
2025-01-23,5,148,148,0.02834625456581216
2025-01-24,1,149,149,0.03539152570374149
2025-01-24,2,149,148,0.020706241467123198
2025-01-24,3,148,148,0.02561593047519689
2025-01-24,4,149,149,0.031106016705399368
2025-01-24,5,148,148,0.011399014370330682
2025-01-27,1,150,150,0.05191856364419251
2025-01-27,2,149,148,0.04395454837773327
2025-01-27,3,149,149,0.04102441214551409
2025-01-27,4,149,149,0.044235683574329776
2025-01-27,5,149,149,0.016851467282604244
2025-02-05,1,150,150,0.06417467648590228
2025-02-05,2,149,148,0.05210171950235269
2025-02-05,3,150,150,0.05361231004761864
2025-02-05,4,149,149,0.05952240671108734
2025-02-05,5,149,148,0.03983670842594659
2025-02-06,1,150,150,0.051208695499794094
2025-02-06,2,150,149,0.03768969921132996
2025-02-06,3,149,149,0.039744833441340034
2025-02-06,4,150,150,0.049317388019327564
2025-02-06,5,149,149,0.033973574056308416
2025-02-07,1,150,150,0.03499755241720058
2025-02-07,2,150,149,0.01836788805811364
2025-02-07,3,150,150,0.0293354249048268
2025-02-07,4,150,150,0.03562220554476827
2025-02-07,5,150,150,0.024505986665293567
2025-02-10,1,150,150,0.00929751618374202
2025-02-10,2,150,150,0.0017315659830455673
2025-02-10,3,150,150,0.007475332678735255
2025-02-10,4,150,150,0.0233712472519759
2025-02-10,5,150,150,0.011660386164019512
2025-02-11,1,150,150,0.038609920320451255
2025-02-11,2,150,150,0.022974486454614584
2025-02-11,3,150,150,0.03429739873666892
2025-02-11,4,150,150,0.05432692891240253
2025-02-11,5,150,150,0.029400196508570065
2025-02-12,1,151,151,0.016113940079005063
2025-02-12,2,150,150,0.009847342591694244
2025-02-12,3,150,150,0.018443413518917536
2025-02-12,4,150,150,0.04387931057265321
2025-02-12,5,150,150,0.020837576043885163
2025-02-13,1,151,151,0.013956392913100227
2025-02-13,2,150,150,0.010984691750708844
2025-02-13,3,150,150,0.020557421797342754
2025-02-13,4,150,150,0.042005571835904074
2025-02-13,5,150,150,0.02996005460772973
2025-02-14,1,151,150,0.036290114373429085
2025-02-14,2,150,150,0.021669300750929148
2025-02-14,3,150,150,0.026933297449960238
2025-02-14,4,150,150,0.052687009318303474
2025-02-14,5,150,149,0.04829947658657091
2025-02-17,1,151,150,0.03202262797776766
2025-02-17,2,150,150,0.01860052257067777
2025-02-17,3,151,151,0.03525182736877093
2025-02-17,4,150,150,0.05644778011869063
2025-02-17,5,150,150,0.053364100551501314
2025-02-18,1,150,149,0.0489309942120141
2025-02-18,2,150,150,0.04319034817916682
2025-02-18,3,150,150,0.05623089665620533
2025-02-18,4,150,150,0.06541409352726665
2025-02-18,5,150,149,0.07221212223529459
2025-02-19,1,150,149,0.027292639602494183
2025-02-19,2,150,150,0.02077759015002247
2025-02-19,3,150,150,0.03958992090798325
2025-02-19,4,150,150,0.05297189263879942
2025-02-19,5,150,149,0.06242503462671904
2025-02-20,1,151,150,0.016107001757276636
2025-02-20,2,150,150,0.006391188452171449
2025-02-20,3,150,150,0.02985301163246707
2025-02-20,4,150,150,0.03391733883165374
2025-02-20,5,150,149,0.053158098944552715
2025-02-21,1,151,150,-0.0018086865802263655
2025-02-21,2,150,150,-0.018649942356771025
2025-02-21,3,151,151,0.010946286262614154
2025-02-21,4,150,150,0.01588947831597012
2025-02-21,5,150,149,0.04369676669702141
2025-02-24,1,151,149,-0.0012341919072635038
2025-02-24,2,150,150,-0.013181843505219755
2025-02-24,3,151,151,0.01335883603325634
2025-02-24,4,150,150,0.020038640496420193
2025-02-24,5,150,149,0.04673603667910873
2025-02-25,1,150,149,-0.0061857026031874466
2025-02-25,2,150,150,-0.019986310606097894
2025-02-25,3,150,150,-0.00024574380218225447
2025-02-25,4,150,150,0.02239118808562661
2025-02-25,5,150,149,0.0535075249690094
2025-02-26,1,151,150,-0.01893134846699268
2025-02-26,2,150,150,-0.02395342391877521
2025-02-26,3,150,150,-0.006230881770357696
2025-02-26,4,150,150,0.012556489164599772
2025-02-26,5,150,150,0.033709952149147994
2025-02-27,1,151,149,-0.010866949559426579
2025-02-27,2,150,150,-0.013889457811519795
2025-02-27,3,150,150,-0.002846264616587421
2025-02-27,4,150,150,0.017955073956262602
2025-02-27,5,150,150,0.03688673894260184
2025-02-28,1,150,149,-0.001966477453515641
2025-02-28,2,150,150,-0.0013305289377767056
2025-02-28,3,150,150,0.0007349575817433214
2025-02-28,4,150,150,0.019261679899479446
2025-02-28,5,150,150,0.03819980926535655
2025-03-03,1,151,150,-0.002660059689253939
2025-03-03,2,150,149,-0.001600110279274819
2025-03-03,3,150,150,0.010379783075340742
2025-03-03,4,150,150,0.018250990413404732
2025-03-03,5,150,150,0.03332498781195041
2025-03-04,1,151,150,-0.011238149726748088
2025-03-04,2,150,149,-0.017316145112257045
2025-03-04,3,150,150,-0.0020627932682545096
2025-03-04,4,150,150,0.01330962736486079
2025-03-04,5,150,150,0.031210636471201977
2025-03-05,1,151,149,-0.020394447691458276
2025-03-05,2,150,149,-0.03120031823461688
2025-03-05,3,150,150,-0.021116101964270495
2025-03-05,4,150,150,0.00784603309397969
2025-03-05,5,150,150,0.01706111647615223
2025-03-06,1,151,149,-0.0686418028072971
2025-03-06,2,150,149,-0.09216299065032535
2025-03-06,3,151,151,-0.07429947101366584
2025-03-06,4,150,150,-0.04847947914727486
2025-03-06,5,150,150,-0.03612042103121695
2025-03-07,1,150,148,-0.11276654782579627
2025-03-07,2,150,149,-0.1279447268139213
2025-03-07,3,150,150,-0.1115010575561529
2025-03-07,4,150,150,-0.08736020898146289
2025-03-07,5,149,149,-0.077990363650116
2025-03-10,1,151,150,-0.10095303055567245
2025-03-10,2,150,149,-0.12334767921045284
2025-03-10,3,150,150,-0.11484884033895051
2025-03-10,4,150,150,-0.08600139084262702
2025-03-10,5,150,150,-0.07257115325206338
2025-03-11,1,151,150,-0.07861508173531746
2025-03-11,2,150,149,-0.10112287265015396
2025-03-11,3,150,150,-0.08294556754305292
2025-03-11,4,150,150,-0.07088152203832358
2025-03-11,5,150,150,-0.052793278006156484
2025-03-12,1,151,150,-0.07243683731046413
2025-03-12,2,150,149,-0.10199465048364381
2025-03-12,3,151,151,-0.0812532313254325
2025-03-12,4,150,150,-0.0691490247938998
2025-03-12,5,150,150,-0.054257034441099375
2025-03-13,1,151,150,-0.04762045781375997
2025-03-13,2,150,149,-0.06832413668688583
2025-03-13,3,150,150,-0.06019085608088277
2025-03-13,4,150,150,-0.05451548893906948
2025-03-13,5,150,150,-0.04803815197614123
2025-03-14,1,151,149,-0.06641259625550722
2025-03-14,2,150,149,-0.08334791843753865
2025-03-14,3,151,151,-0.07672108754000086
2025-03-14,4,150,150,-0.07109469552869577
2025-03-14,5,150,150,-0.07089807054851122
2025-03-17,1,151,150,-0.07379990856766838
2025-03-17,2,151,151,-0.09103108814801718
2025-03-17,3,150,150,-0.07609173256983755
2025-03-17,4,151,151,-0.07614094543000959
2025-03-17,5,150,150,-0.07485242986867313
2025-03-18,1,151,150,-0.07899408027287484
2025-03-18,2,150,150,-0.09938876377675995
2025-03-18,3,151,151,-0.09316197260284323
2025-03-18,4,150,150,-0.0779342389431559
2025-03-18,5,150,149,-0.0813808438931046
2025-03-19,1,150,149,-0.07121016860153
2025-03-19,2,150,150,-0.09482213365554448
2025-03-19,3,150,150,-0.08266172893879156
2025-03-19,4,150,150,-0.07172881460820872
2025-03-19,5,150,150,-0.07520980064125106
2025-03-20,1,150,148,-0.07100366861132144
2025-03-20,2,150,150,-0.0849263689710392
2025-03-20,3,150,150,-0.07275290709416007
2025-03-20,4,150,150,-0.06768050001954229
2025-03-20,5,150,150,-0.06945106514710261
2025-03-21,1,150,148,-0.04126858892299279
2025-03-21,2,150,150,-0.05992639215458008
2025-03-21,3,150,150,-0.0470558060595358
2025-03-21,4,150,150,-0.04934085411712745
2025-03-21,5,149,149,-0.05570137388519071
2025-03-24,1,150,148,-0.024868008613063763
2025-03-24,2,150,150,-0.044796501392265674
2025-03-24,3,150,150,-0.03955380023128123
2025-03-24,4,150,150,-0.04270098626996057
2025-03-24,5,150,150,-0.04791000939443763
2025-03-25,1,151,149,-0.019131071615701396
2025-03-25,2,150,150,-0.04498802941219459
2025-03-25,3,150,150,-0.03692995191159606
2025-03-25,4,150,150,-0.04767393671606207
2025-03-25,5,150,150,-0.055639159262378515
2025-03-26,1,151,149,-0.022655049071612515
2025-03-26,2,150,150,-0.05683711383554801
2025-03-26,3,150,150,-0.04464589516209038
2025-03-26,4,150,150,-0.046865270722173155
2025-03-26,5,150,150,-0.05163039290896013
2025-03-27,1,151,150,-0.028267544007907403
2025-03-27,2,150,150,-0.05324929749121297
2025-03-27,3,150,150,-0.05216056077975531
2025-03-27,4,150,150,-0.050249486694213294
2025-03-27,5,150,150,-0.05307944112274881
2025-03-28,1,150,149,-0.028730242427099473
2025-03-28,2,150,150,-0.04958710181520989
2025-03-28,3,149,149,-0.055143740269341046
2025-03-28,4,150,150,-0.051258672535836165
2025-03-28,5,149,149,-0.053182076710067874
2025-03-31,1,151,150,-0.013125339205171971
2025-03-31,2,150,150,-0.032302412278942254
2025-03-31,3,151,151,-0.04738040126762504
2025-03-31,4,150,150,-0.04416420247779759
2025-03-31,5,150,150,-0.044531404925931245
2025-04-01,1,150,150,-0.009799740034752102
2025-04-01,2,150,150,-0.0247381397678241
2025-04-01,3,150,150,-0.037342448375199094
2025-04-01,4,150,150,-0.04455763486699876
2025-04-01,5,150,149,-0.046046734056572065
2025-04-02,1,151,151,0.021581034190469136
2025-04-02,2,150,150,0.009993071017654504
2025-04-02,3,151,151,-0.006686306748236128
2025-04-02,4,150,150,-0.01868618607495499
2025-04-02,5,150,149,-0.023914741119593675
2025-04-03,1,151,151,0.058151804378161746
2025-04-03,2,150,150,0.04828568189508599
2025-04-03,3,151,151,0.04018905708322695
2025-04-03,4,150,150,0.026281222240868304
2025-04-03,5,150,149,0.01875896322515873
2025-04-07,1,151,151,0.11389280524180305
2025-04-07,2,150,150,0.11047166899799803
2025-04-07,3,150,150,0.08874198581240017
2025-04-07,4,150,150,0.08396938934190526
2025-04-07,5,150,149,0.06591729358646219
2025-04-08,1,150,150,0.11258701199479655
2025-04-08,2,150,150,0.12572049175261435
2025-04-08,3,149,149,0.09276597750648899
2025-04-08,4,150,150,0.09370306614550462
2025-04-08,5,149,148,0.08391915573380188
2025-04-09,1,150,150,0.07260587619780912
2025-04-09,2,150,150,0.08151925567954461
2025-04-09,3,150,150,0.058337154108008334
2025-04-09,4,150,149,0.05470994012094845
2025-04-09,5,150,149,0.05318676735275359
2025-04-10,1,150,150,0.06048279686983908
2025-04-10,2,150,150,0.06768695923341449
2025-04-10,3,150,150,0.05140703936505597
2025-04-10,4,150,149,0.05095306952971905
2025-04-10,5,150,149,0.04882848575986042
2025-04-11,1,150,150,0.04246875209499591
2025-04-11,2,150,150,0.04807547595526273
2025-04-11,3,150,150,0.034780118117379605
2025-04-11,4,150,149,0.03263290627644622
2025-04-11,5,149,148,0.039857823182604266
2025-04-14,1,151,151,0.02963117046086921
2025-04-14,2,150,150,0.031206670328566305
2025-04-14,3,151,151,0.01844095194962331
2025-04-14,4,150,149,0.022812213894518138
2025-04-14,5,150,149,0.031201736474446993
2025-04-15,1,151,151,0.041607301878680475
2025-04-15,2,151,151,0.041878227275602635
2025-04-15,3,150,150,0.03216037622276818
2025-04-15,4,151,150,0.022279756329386537
2025-04-15,5,150,150,0.03531835239305263
2025-04-16,1,152,152,0.059719801407628795
2025-04-16,2,151,151,0.057637788718341604
2025-04-16,3,151,151,0.0447685739770544
2025-04-16,4,151,150,0.03878969743635084
2025-04-16,5,151,151,0.04510864299171814
2025-04-17,1,152,152,0.061424532415224616
2025-04-17,2,151,151,0.05250665255914228
2025-04-17,3,152,152,0.04637063568113061
2025-04-17,4,151,150,0.039583051793511285
2025-04-17,5,151,151,0.04386481270671479
2025-04-18,1,152,151,0.05595163833900511
2025-04-18,2,151,151,0.053966636323039364
2025-04-18,3,152,152,0.043026196385255046
2025-04-18,4,151,150,0.035458781960928006
2025-04-18,5,151,151,0.039572394763383076
2025-04-21,1,151,151,0.035283506150180666
2025-04-21,2,151,151,0.03037520228526568
2025-04-21,3,150,150,0.01800821065115941
2025-04-21,4,151,150,0.019094375771078777
2025-04-21,5,150,150,0.0258365958090071
2025-04-22,1,151,151,0.014989181855476028
2025-04-22,2,150,149,0.015744055086040196
2025-04-22,3,151,151,0.00681973737803136
2025-04-22,4,150,150,0.004013524331153912
2025-04-22,5,150,150,0.006648600366505207
2025-04-23,1,150,150,0.017785875494890444
2025-04-23,2,150,149,0.023888420894677718
2025-04-23,3,149,149,0.013114880819417302
2025-04-23,4,150,150,0.008191056491312208
2025-04-23,5,149,149,0.008240089451027431
2025-04-24,1,150,150,0.028527518219508566
2025-04-24,2,149,148,0.028329260871532702
2025-04-24,3,149,149,0.01161726395247324
2025-04-24,4,149,149,0.011487804609356781
2025-04-24,5,149,149,0.0068146513026853
2025-04-25,1,150,150,0.022434640803857667
2025-04-25,2,150,149,0.028264014928627023
2025-04-25,3,150,150,0.019605446228806448
2025-04-25,4,150,150,0.007984566562547464
2025-04-25,5,149,149,0.010591844223688836
2025-04-28,1,151,151,0.044573718040602
2025-04-28,2,150,149,0.04896942233350588
2025-04-28,3,150,150,0.044823973672506214
2025-04-28,4,150,150,0.030839171629882128
2025-04-28,5,150,150,0.028337554252359697
2025-04-29,1,150,150,0.02526538462411053
2025-04-29,2,150,149,0.02522416353249686
2025-04-29,3,149,149,0.030356690531228716
2025-04-29,4,150,150,0.019069967472890224
2025-04-29,5,149,149,0.022778679417467165
2025-04-30,1,149,149,0.02371418407096799
2025-04-30,2,149,148,0.030827940436916987
2025-04-30,3,149,149,0.024106573433137952
2025-04-30,4,149,149,0.021953526823738904
2025-04-30,5,148,147,0.032790177563235025
2025-05-06,1,149,149,0.005106489175046172
2025-05-06,2,149,148,0.014869363793392465
2025-05-06,3,148,148,0.005879180682808137
2025-05-06,4,149,148,0.013224074345173602
2025-05-06,5,148,148,0.021441954657483997
2025-05-07,1,149,149,0.019349210717391187
2025-05-07,2,149,148,0.02534223744104115
2025-05-07,3,149,148,0.024316831307125458
2025-05-07,4,149,148,0.02198285487532826
2025-05-07,5,149,149,0.026480979915488048
2025-05-08,1,150,150,0.011339619985396518
2025-05-08,2,149,148,0.019228187729587665
2025-05-08,3,149,148,0.016144610986036877
2025-05-08,4,149,148,0.012616820645146536
2025-05-08,5,149,149,0.023980682988830167
2025-05-09,1,149,149,0.024201303826932485
2025-05-09,2,149,149,0.034389782821219045
2025-05-09,3,149,149,0.0246252092751907
2025-05-09,4,149,148,0.023049248942643093
2025-05-09,5,149,149,0.026889126006019178
2025-05-12,1,150,150,0.005195733010907167
2025-05-12,2,149,149,0.01697527478233274
2025-05-12,3,149,149,0.0016042171444836573
2025-05-12,4,149,148,0.009318482530209447
2025-05-12,5,149,149,0.010331404959252955
2025-05-13,1,149,149,0.019747145262953993
2025-05-13,2,149,149,0.02402619622661205
2025-05-13,3,149,149,0.015846170248837128
2025-05-13,4,149,149,0.020985277012201816
2025-05-13,5,149,149,0.023691341211827557
2025-05-14,1,149,149,0.016578972356767547
2025-05-14,2,149,149,0.023374610908231997
2025-05-14,3,149,149,0.016523754077679975
2025-05-14,4,149,149,0.0256937380211793
2025-05-14,5,149,149,0.014493962727870343
2025-05-15,1,149,149,0.014785719195393857
2025-05-15,2,149,149,0.018339324144386666
2025-05-15,3,149,149,0.01770673762350294
2025-05-15,4,149,149,0.01693890869926794
2025-05-15,5,149,149,0.017207924955752775
2025-05-16,1,149,148,0.024267653939743117
2025-05-16,2,149,149,0.021231756611055624
2025-05-16,3,149,149,0.019581420152762083
2025-05-16,4,149,149,0.02963539584817423
2025-05-16,5,149,149,0.01818443220587015
2025-05-19,1,149,149,0.013301758447364878
2025-05-19,2,149,149,0.01037046932328438
2025-05-19,3,149,149,0.013506283913561762
2025-05-19,4,149,149,0.02364269272901048
2025-05-19,5,148,148,0.01601081982866848
2025-05-20,1,149,149,-3.054689609071138e-05
2025-05-20,2,149,149,0.0018570048172690673
2025-05-20,3,149,149,0.005827952585079671
2025-05-20,4,149,149,0.01730242199027975
2025-05-20,5,148,148,0.006768587285909377
2025-05-21,1,149,149,-0.012786374338709544
2025-05-21,2,149,149,-0.010038610789527986
2025-05-21,3,149,149,-0.0051682725433851795
2025-05-21,4,149,149,0.004552950860496841
2025-05-21,5,148,148,-0.0037160627446624073
2025-05-22,1,149,149,-0.014988756695092047
2025-05-22,2,149,149,-0.0099611759150161
2025-05-22,3,149,149,-0.009692412147919905
2025-05-22,4,149,149,-0.000999298811775291
2025-05-22,5,148,148,-0.0005579686368160446
2025-05-23,1,149,149,0.016515631953033762
2025-05-23,2,149,148,0.01832245699746729
2025-05-23,3,149,149,0.014279132327446731
2025-05-23,4,149,149,0.02182633681235537
2025-05-23,5,148,148,0.016606840549190916
2025-05-26,1,149,149,0.031846748697423356
2025-05-26,2,149,149,0.03057770912396686
2025-05-26,3,148,148,0.031947851515935315
2025-05-26,4,149,149,0.03337212242494246
2025-05-26,5,148,148,0.030195210245210692
2025-05-27,1,149,149,0.0413234957956097
2025-05-27,2,149,149,0.035961169272720396
2025-05-27,3,148,148,0.045627637635502906
2025-05-27,4,149,149,0.047189534337712204
2025-05-27,5,148,148,0.04441003008860033
2025-05-28,1,149,149,0.03947367226516644
2025-05-28,2,148,148,0.04163476128247606
2025-05-28,3,149,149,0.04374285492987256
2025-05-28,4,148,148,0.049933996140257376
2025-05-28,5,148,148,0.03874171589501887
2025-05-29,1,149,149,0.03444249029352729
2025-05-29,2,149,149,0.02978178710327144
2025-05-29,3,149,149,0.03080466946913503
2025-05-29,4,149,149,0.037728040327875176
2025-05-29,5,148,148,0.03781834261693166
2025-05-30,1,149,149,0.05255457379667929
2025-05-30,2,149,149,0.04942947632453293
2025-05-30,3,148,148,0.046541408261399596
2025-05-30,4,149,149,0.05779157604980173
2025-05-30,5,148,148,0.038404054206078085
2025-06-03,1,149,149,0.04475714564894376
2025-06-03,2,149,149,0.043453040542407395
2025-06-03,3,149,149,0.030842855708357767
2025-06-03,4,149,149,0.04825616846010079
2025-06-03,5,148,148,0.03200900882377453
2025-06-04,1,149,149,0.030679220945563884
2025-06-04,2,149,149,0.03260258743497807
2025-06-04,3,149,149,0.02153273828971756
2025-06-04,4,149,148,0.03397296286064661
2025-06-04,5,149,149,0.027892912181077256
2025-06-05,1,149,149,0.03143567008566649
2025-06-05,2,149,149,0.03529848468233273
2025-06-05,3,148,147,0.023816194048349573
2025-06-05,4,149,149,0.04022488625253575
2025-06-05,5,148,148,0.033096477382999534
2025-06-06,1,149,149,0.03125253717636481
2025-06-06,2,149,149,0.02372309003447541
2025-06-06,3,148,148,0.018950458428261374
2025-06-06,4,149,149,0.03575466750943696
2025-06-06,5,148,148,0.03312350777135775
2025-06-09,1,150,150,0.026354176149094983
2025-06-09,2,149,149,0.018776153051452377
2025-06-09,3,149,149,0.012855299008051397
2025-06-09,4,149,149,0.02989694005950013
2025-06-09,5,149,149,0.028243747104532452
2025-06-10,1,149,149,0.04596864722157917
2025-06-10,2,149,149,0.03995021820765383
2025-06-10,3,149,149,0.031018443876019656
2025-06-10,4,149,149,0.04985353170089391
2025-06-10,5,148,148,0.04256907984348737
2025-06-11,1,149,149,0.040620087731501865
2025-06-11,2,149,149,0.03319971048240162
2025-06-11,3,149,149,0.026860305433829463
2025-06-11,4,149,149,0.04325585940158632
2025-06-11,5,149,149,0.03273289122364247
2025-06-12,1,149,149,0.043688606102600835
2025-06-12,2,149,149,0.04315991281624717
2025-06-12,3,149,149,0.030739367134324878
2025-06-12,4,149,149,0.04521793968975923
2025-06-12,5,149,149,0.04201955504631021
2025-06-13,1,149,149,0.060996272302874924
2025-06-13,2,148,148,0.06588860500693311
2025-06-13,3,149,149,0.056005267474395395
2025-06-13,4,148,148,0.06464481868730873
2025-06-13,5,148,148,0.052043225425134745
2025-06-16,1,149,149,0.047883139231229194
2025-06-16,2,149,149,0.046497419463452476
2025-06-16,3,148,148,0.05110181650043113
2025-06-16,4,149,149,0.05586945306652262
2025-06-16,5,148,148,0.04979774985867615
2025-06-17,1,149,149,0.04684818917883329
2025-06-17,2,149,149,0.05171677057048707
2025-06-17,3,149,149,0.053120628351657866
2025-06-17,4,149,149,0.053724030816208405
2025-06-17,5,148,148,0.04390266958612414
2025-06-18,1,149,149,0.05870610162890914
2025-06-18,2,149,149,0.05799164899296311
2025-06-18,3,149,149,0.057181099923314445
2025-06-18,4,149,149,0.056645396891268934
2025-06-18,5,148,148,0.05101325513039863
2025-06-19,1,149,149,0.08804005503631385
2025-06-19,2,149,149,0.08954692550281636
2025-06-19,3,149,149,0.08309131632109974
2025-06-19,4,149,149,0.08205217905944394
2025-06-19,5,148,147,0.06564819293705683
2025-06-20,1,149,149,0.10099101755312774
2025-06-20,2,149,149,0.10595936415230398
2025-06-20,3,149,149,0.09646523197534006
2025-06-20,4,149,149,0.0936516391963777
2025-06-20,5,148,148,0.07920377956851106
2025-06-23,1,149,149,0.08781322108792362
2025-06-23,2,149,149,0.1014078174049696
2025-06-23,3,149,149,0.08886029679774546
2025-06-23,4,149,149,0.09020009301454668
2025-06-23,5,148,148,0.08731263306413678
2025-06-24,1,149,149,0.07500159644747156
2025-06-24,2,149,149,0.0783389175639157
2025-06-24,3,149,149,0.08761130257781623
2025-06-24,4,149,149,0.08330984660318294
2025-06-24,5,149,149,0.0904436022900191
2025-06-25,1,149,149,0.05346969615649986
2025-06-25,2,149,149,0.06416259913758618
2025-06-25,3,149,149,0.0663073564023246
2025-06-25,4,149,149,0.06085724656876413
2025-06-25,5,149,149,0.0717826836808911
2025-06-26,1,150,150,0.07897043537206626
2025-06-26,2,149,149,0.08104443578950796
2025-06-26,3,149,149,0.08104236383050369
2025-06-26,4,149,149,0.07619394175308547
2025-06-26,5,149,149,0.08512865276560534
2025-06-27,1,150,150,0.0716044543861348
2025-06-27,2,149,149,0.07570242977672098
2025-06-27,3,150,150,0.07670699486961817
2025-06-27,4,149,149,0.06962385259149259
2025-06-27,5,149,149,0.07397821018468086
2025-06-30,1,150,150,0.0676551484843419
2025-06-30,2,150,150,0.07008645784795225
2025-06-30,3,149,149,0.06650337547764248
2025-06-30,4,150,150,0.06429249686791612
2025-06-30,5,149,149,0.06758983569400313
2025-07-01,1,150,150,0.06723390866444513
2025-07-01,2,150,150,0.07254822011377347
2025-07-01,3,149,149,0.07326034604403532
2025-07-01,4,150,150,0.06826028284910303
2025-07-01,5,149,149,0.06311310571420223
2025-07-02,1,150,150,0.059228314230898464
2025-07-02,2,150,150,0.07017717424816117
2025-07-02,3,150,150,0.06829496243060525
2025-07-02,4,150,150,0.06544284675377356
2025-07-02,5,149,149,0.05760700854256157
2025-07-03,1,150,150,0.04239254587776895
2025-07-03,2,150,150,0.049909580508012724
2025-07-03,3,150,150,0.05263714500107973
2025-07-03,4,150,150,0.04187262777626527
2025-07-03,5,149,149,0.03463722241856668
2025-07-04,1,150,149,0.044943103360718335
2025-07-04,2,150,149,0.052668378697595296
2025-07-04,3,150,150,0.05397213229595606
2025-07-04,4,150,150,0.039773465462957854
2025-07-04,5,149,149,0.03309393075302332
2025-07-07,1,150,149,0.05064345746077853
2025-07-07,2,150,149,0.06678553352958908
2025-07-07,3,149,149,0.06547929141704688
2025-07-07,4,150,150,0.04927927923149154
2025-07-07,5,149,149,0.04216258911186727
2025-07-08,1,151,150,0.04831450787942998
2025-07-08,2,150,149,0.050875223935700715
2025-07-08,3,151,150,0.06116078178889237
2025-07-08,4,150,150,0.03829208360842922
2025-07-08,5,150,150,0.039607116643988784
2025-07-09,1,151,150,0.051217999512616665
2025-07-09,2,151,150,0.06327907737228214
2025-07-09,3,150,149,0.07586071410193283
2025-07-09,4,151,151,0.05052832426421968
2025-07-09,5,150,150,0.04728873122804091
2025-07-10,1,152,151,0.041554972100342924
2025-07-10,2,151,149,0.053152864005804476
2025-07-10,3,151,151,0.07246299998873522
2025-07-10,4,151,151,0.038552254044714115
2025-07-10,5,151,151,0.03423068004975243
2025-07-11,1,152,151,0.04101326610629727
2025-07-11,2,152,151,0.04888789822661996
2025-07-11,3,151,151,0.06258012630270912
2025-07-11,4,152,152,0.036609136343479474
2025-07-11,5,151,151,0.04262054318207891
2025-07-14,1,152,151,0.05718432802183325
2025-07-14,2,151,150,0.05955747862308827
2025-07-14,3,152,152,0.06852341374415181
2025-07-14,4,151,151,0.04608473881137563
2025-07-14,5,151,151,0.043274517104917656
2025-07-15,1,152,151,0.06297868342229106
2025-07-15,2,151,151,0.06562084576447062
2025-07-15,3,152,150,0.07045496812825852
2025-07-15,4,151,151,0.05665943740197274
2025-07-15,5,151,151,0.0542890274245098
2025-07-16,1,152,151,0.06688314220382781
2025-07-16,2,151,151,0.06848320461245164
2025-07-16,3,152,150,0.08109667123120827
2025-07-16,4,151,151,0.06244753206655791
2025-07-16,5,151,151,0.057217440072672925
2025-07-17,1,152,151,0.04095505928411356
2025-07-17,2,151,151,0.043031629796598636
2025-07-17,3,152,150,0.04865239676602862
2025-07-17,4,151,151,0.04037917266273509
2025-07-17,5,151,150,0.04101176741122784
2025-07-18,1,152,152,0.0647871556670328
2025-07-18,2,151,151,0.06176429817096904
2025-07-18,3,152,151,0.07531363210396887
2025-07-18,4,151,150,0.05375241138626755
2025-07-18,5,151,151,0.049383577929320695
2025-07-21,1,152,152,0.05870518899524237
2025-07-21,2,151,151,0.06476134494350472
2025-07-21,3,151,150,0.06544702957693242
2025-07-21,4,151,151,0.050505855518834526
2025-07-21,5,151,151,0.03401905257915758
2025-07-22,1,152,152,0.05088263066638552
2025-07-22,2,151,151,0.06833790748971581
2025-07-22,3,151,150,0.05676484066360615
2025-07-22,4,151,151,0.03506776437157914
2025-07-22,5,151,151,0.018484269943636715
2025-07-23,1,152,152,0.07941908477586417
2025-07-23,2,151,151,0.08736430798676538
2025-07-23,3,151,150,0.0753568345326421
2025-07-23,4,151,151,0.06520643866204005
2025-07-23,5,151,151,0.041195633182308046
2025-07-24,1,152,152,0.04913557862989143
2025-07-24,2,151,151,0.06102928157384064
2025-07-24,3,152,151,0.05925940013119796
2025-07-24,4,151,151,0.04856208047670981
2025-07-24,5,151,151,0.03141598733403728
2025-07-25,1,152,152,0.06865140816846065
2025-07-25,2,151,151,0.08777508666940025
2025-07-25,3,152,151,0.07173733229895597
2025-07-25,4,151,151,0.07426036251234866
2025-07-25,5,151,151,0.041419937134023734
2025-07-28,1,152,152,0.0720022672447536
2025-07-28,2,151,151,0.0938370315758584
2025-07-28,3,152,151,0.07832070242654297
2025-07-28,4,151,151,0.07875455859214117
2025-07-28,5,151,151,0.05319992524403951
2025-07-29,1,152,152,0.06991244139617296
2025-07-29,2,151,150,0.09216340257726625
2025-07-29,3,152,151,0.08247366666531791
2025-07-29,4,151,151,0.08241385256832555
2025-07-29,5,151,151,0.05981202773459919
2025-07-30,1,151,151,0.05323220229761385
2025-07-30,2,151,151,0.0798557695682735
2025-07-30,3,151,150,0.06608917342953785
2025-07-30,4,151,151,0.06451892372138734
2025-07-30,5,151,151,0.03766462964981194
2025-07-31,1,151,151,0.08619542214846489
2025-07-31,2,151,151,0.09818314761096704
2025-07-31,3,151,150,0.09250060720257579
2025-07-31,4,151,151,0.08578793598478116
2025-07-31,5,150,150,0.06527822478542977
2025-08-01,1,151,150,0.09690896375951151
2025-08-01,2,151,150,0.10596756601800776
2025-08-01,3,151,150,0.09676361608631905
2025-08-01,4,151,151,0.08793463197314509
2025-08-01,5,150,150,0.0730341140770856
2025-08-04,1,151,151,0.08779828581360191
2025-08-04,2,150,150,0.0987239339736308
2025-08-04,3,150,149,0.08679975873855507
2025-08-04,4,150,150,0.07433423609248185
2025-08-04,5,150,150,0.06311353288418022
2025-08-05,1,151,151,0.07552099633355062
2025-08-05,2,150,150,0.06840939084169248
2025-08-05,3,151,150,0.06434689450073032
2025-08-05,4,150,150,0.060030266694979656
2025-08-05,5,150,150,0.05139703665435235
2025-08-06,1,151,151,0.046686154558934746
2025-08-06,2,151,151,0.038230185789273806
2025-08-06,3,150,149,0.0406849069024514
2025-08-06,4,151,151,0.03552739918226667
2025-08-06,5,150,150,0.027976897799999647
2025-08-07,1,151,151,0.035043910282442726
2025-08-07,2,150,150,0.023969334840839653
2025-08-07,3,151,150,0.029057272121420497
2025-08-07,4,150,150,0.022854257317314025
2025-08-07,5,150,150,0.02568389799401168
2025-08-08,1,151,151,0.05017299316438952
2025-08-08,2,150,150,0.05461326091342824
2025-08-08,3,151,150,0.04815608061597059
2025-08-08,4,150,150,0.0477756591101848
2025-08-08,5,150,150,0.031288430723639925
2025-08-11,1,151,151,0.04737289593275183
2025-08-11,2,150,149,0.04498530729137355
2025-08-11,3,150,150,0.053360564263328705
2025-08-11,4,150,150,0.048988204818935586
2025-08-11,5,150,150,0.03662139130140478
2025-08-12,1,151,151,0.03969747689996637
2025-08-12,2,150,149,0.035995785821469575
2025-08-12,3,150,149,0.04708243236353639
2025-08-12,4,150,150,0.038145386776697876
2025-08-12,5,150,150,0.03066555426133357
2025-08-13,1,150,150,0.02641111001427082
2025-08-13,2,150,150,0.04017466100297714
2025-08-13,3,150,150,0.03251942553238082
2025-08-13,4,150,150,0.025968800022352537
2025-08-13,5,149,149,0.025404033968218023
2025-08-14,1,150,150,0.06002733381954287
2025-08-14,2,149,149,0.08146608148453326
2025-08-14,3,149,149,0.06328272564104834
2025-08-14,4,149,149,0.06178011007854425
2025-08-14,5,149,149,0.051502505373570956
2025-08-15,1,150,150,0.029967698656928037
2025-08-15,2,149,149,0.06250471944231864
2025-08-15,3,149,149,0.035972203017782325
2025-08-15,4,149,149,0.04305276500871419
2025-08-15,5,149,148,0.030319020985619755
2025-08-18,1,151,151,0.029437967051649208
2025-08-18,2,150,150,0.04513259861847753
2025-08-18,3,150,150,0.027646945766856158
2025-08-18,4,150,150,0.03798332893204768
2025-08-18,5,150,149,0.03269525591954987
2025-08-19,1,151,151,0.041103040294675285
2025-08-19,2,151,151,0.051757897591564
2025-08-19,3,150,150,0.029187675213277888
2025-08-19,4,151,151,0.04123618069021128
2025-08-19,5,150,149,0.03072840466800953
2025-08-20,1,151,151,0.029267898160796134
2025-08-20,2,151,151,0.042935851075687606
2025-08-20,3,151,151,0.016006428090048114
2025-08-20,4,151,151,0.02831550370384553
2025-08-20,5,150,149,0.018130548950275837
2025-08-21,1,151,151,0.019481495826055444
2025-08-21,2,151,151,0.05315466432433866
2025-08-21,3,151,151,0.008244211037743185
2025-08-21,4,151,151,0.015166439909567205
2025-08-21,5,150,149,-0.0005708837659025487
2025-08-22,1,151,151,0.004765555345763475
2025-08-22,2,151,150,0.0160084800128362
2025-08-22,3,151,151,0.0013936772018256504
2025-08-22,4,151,151,0.0032969330040845063
2025-08-22,5,151,150,-0.004008335381003927
2025-08-25,1,151,151,-0.0025078741524930948
2025-08-25,2,151,151,0.01334410836394921
2025-08-25,3,150,150,0.005618979133117405
2025-08-25,4,151,151,-0.006634816264758227
2025-08-25,5,150,149,-0.01894240715346491
2025-08-26,1,151,151,-0.019150430047797082
2025-08-26,2,151,151,-0.002289351455148033
2025-08-26,3,151,151,-0.019386740189192928
2025-08-26,4,151,151,-0.02624132932155668
2025-08-26,5,151,150,-0.03379989243067489
2025-08-27,1,151,151,0.02568085332339434
2025-08-27,2,150,150,0.03838735926887968
2025-08-27,3,150,149,0.012325952484809048
2025-08-27,4,150,149,0.012469867702390388
2025-08-27,5,150,150,0.0031924493130311288
2025-08-28,1,150,150,0.003290089655233443
2025-08-28,2,150,150,0.014048749449982854
2025-08-28,3,150,149,0.003851529453404489
2025-08-28,4,150,149,0.0013335480209963272
2025-08-28,5,150,150,-0.014544287628690852
2025-08-29,1,151,150,-0.004977675119412765
2025-08-29,2,151,151,0.008771798070557972
2025-08-29,3,150,149,-0.011617452198283166
2025-08-29,4,151,151,0.001356737995224446
2025-08-29,5,150,150,-0.011786818525587472
2025-09-01,1,151,151,0.004160164625750401
2025-09-01,2,151,151,0.016654743904512336
2025-09-01,3,150,148,0.0004906827530019939
2025-09-01,4,151,151,0.011935998346361547
2025-09-01,5,150,150,-0.004438720012053524
2025-09-02,1,150,150,0.026418576190019402
2025-09-02,2,150,150,0.03881768921461713
2025-09-02,3,150,148,0.024256274995602824
2025-09-02,4,150,150,0.034328608634146364
2025-09-02,5,150,150,0.00755271834153301
2025-09-03,1,150,150,0.05761687928636303
2025-09-03,2,150,150,0.05405175848713153
2025-09-03,3,150,148,0.04910374637458471
2025-09-03,4,150,150,0.053903084245751756
2025-09-03,5,149,149,0.028510276904043983
2025-09-04,1,150,150,0.036910990120319696
2025-09-04,2,150,150,0.03024405249265988
2025-09-04,3,150,148,0.027565678404893146
2025-09-04,4,150,150,0.03384713200254725
2025-09-04,5,150,150,0.016704044112358072
2025-09-05,1,151,151,0.044522944028865134
2025-09-05,2,150,150,0.049356501870130756
2025-09-05,3,150,149,0.03718466718762013
2025-09-05,4,150,150,0.04276465391450767
2025-09-05,5,150,150,0.025772064296633913
2025-09-08,1,151,151,0.023379326747010903
2025-09-08,2,150,150,0.018153778257539298
2025-09-08,3,151,150,0.010830837401305906
2025-09-08,4,150,150,0.015328698644112132
2025-09-08,5,150,150,0.013421711597945966
2025-09-09,1,151,151,0.03939416693199237
2025-09-09,2,150,150,0.03255987143090414
2025-09-09,3,151,150,0.03150169040637573
2025-09-09,4,150,150,0.026611208912200923
2025-09-09,5,150,150,0.024817641359713052
2025-09-10,1,151,151,0.033486159772740436
2025-09-10,2,150,150,0.02320073030791525
2025-09-10,3,151,151,0.023362674861912278
2025-09-10,4,150,150,0.023982265873553333
2025-09-10,5,150,150,0.02405496380386176
2025-09-11,1,151,151,-0.0035562532084833978
2025-09-11,2,151,151,-0.011697440540389892
2025-09-11,3,150,150,-0.012432728739427728
2025-09-11,4,151,151,-0.010444442610935845
2025-09-11,5,150,150,-0.0013754277024124225
2025-09-12,1,151,151,-0.0019339839027777276
2025-09-12,2,151,151,-0.010397363365808782
2025-09-12,3,150,150,-0.01302581010351467
2025-09-12,4,151,150,-0.009738624842583664
2025-09-12,5,150,150,0.0020093912408829665
2025-09-15,1,151,151,-0.0008573600622654229
2025-09-15,2,151,151,-0.0009145919075365018
2025-09-15,3,151,151,-0.006425464144232299
2025-09-15,4,151,151,-0.005602838314032631
2025-09-15,5,150,150,0.008655094134997628
2025-09-16,1,152,152,-0.0097541757857484
2025-09-16,2,152,152,-0.006861965143494619
2025-09-16,3,151,151,-0.011025399064976552
2025-09-16,4,152,152,-0.006007491771707846
2025-09-16,5,151,151,0.01183990469880219
2025-09-17,1,152,152,-0.012124092264018334
2025-09-17,2,152,152,-0.009532073493411654
2025-09-17,3,151,151,-0.011296141080616759
2025-09-17,4,152,152,0.001321507306998717
2025-09-17,5,151,151,0.017686760694524063
2025-09-18,1,152,152,0.00902571225227593
2025-09-18,2,152,152,0.01227829336174537
2025-09-18,3,151,151,0.008750516309897939
2025-09-18,4,152,152,0.024834079105396856
2025-09-18,5,151,151,0.03554368627201708
2025-09-19,1,152,151,0.02007686376453748
2025-09-19,2,151,151,0.008835007361112484
2025-09-19,3,152,152,0.005716374285601687
2025-09-19,4,151,151,0.020004535138457742
2025-09-19,5,151,151,0.035590944279030215
2025-09-22,1,151,151,0.01922560309635869
2025-09-22,2,151,151,0.00317204098991306
2025-09-22,3,151,151,0.002876500836625562
2025-09-22,4,151,151,0.020007001209498155
2025-09-22,5,151,151,0.03987646338342988
2025-09-23,1,151,151,0.04115086004088211
2025-09-23,2,151,151,0.02551839627903252
2025-09-23,3,151,151,0.030340484515064308
2025-09-23,4,151,151,0.04148084951870787
2025-09-23,5,150,150,0.05277154809390685
2025-09-24,1,151,151,0.016198311716020795
2025-09-24,2,151,151,-0.0047528005412019875
2025-09-24,3,151,150,0.008917574938622611
2025-09-24,4,151,151,0.009992230182859775
2025-09-24,5,151,151,0.03363049611530791
2025-09-25,1,151,151,0.02562833565862981
2025-09-25,2,150,150,-0.0005953002378064265
2025-09-25,3,151,151,0.017728974565271033
2025-09-25,4,150,150,0.01943131238478558
2025-09-25,5,150,150,0.044067047983121686
2025-09-26,1,151,151,0.0331070963103098
2025-09-26,2,150,150,0.005670168373831601
2025-09-26,3,151,150,0.021018218082904508
2025-09-26,4,150,150,0.025550716115835873
2025-09-26,5,150,150,0.0419271521019139
2025-09-29,1,151,151,-0.0033920548888349876
2025-09-29,2,150,150,-0.028381212788152047
2025-09-29,3,150,150,-0.005758651508035577
2025-09-29,4,150,150,-0.006452015303641568
2025-09-29,5,150,150,0.021846716074162532
2025-09-30,1,150,150,0.004523730464671543
2025-09-30,2,150,150,-0.021853182653439156
2025-09-30,3,150,150,-0.0013424499488703687
2025-09-30,4,150,150,-0.001243454206090769
2025-09-30,5,150,150,0.0293236836122591
2025-10-09,1,151,151,-0.0004325413870910513
2025-10-09,2,150,150,-0.016931441201120577
2025-10-09,3,150,150,0.0019248642465060735
2025-10-09,4,150,150,-0.0023078275574254857
2025-10-09,5,150,150,0.03118512273970848
2025-10-10,1,151,151,0.03812251151529768
2025-10-10,2,150,150,0.017146876004288387
2025-10-10,3,151,151,0.04672380462149627
2025-10-10,4,150,150,0.031358679881911725
2025-10-10,5,150,150,0.054740178466773086
2025-10-13,1,151,151,0.007140766609345272
2025-10-13,2,150,150,-0.006666248048296973
2025-10-13,3,151,151,0.009397424724007763
2025-10-13,4,150,150,0.018621050828372503
2025-10-13,5,150,150,0.04000673750878143
2025-10-14,1,151,151,0.022753451852951304
2025-10-14,2,150,150,0.0017410894429992641
2025-10-14,3,151,151,0.020272535514972666
2025-10-14,4,150,150,0.024257449404782763
2025-10-14,5,150,150,0.03941794759284831
2025-10-15,1,151,151,0.005196468005564718
2025-10-15,2,150,150,-0.010072310555973551
2025-10-15,3,150,150,0.006641625884669541
2025-10-15,4,150,150,0.011284346060366624
2025-10-15,5,150,150,0.030552306577819602
2025-10-16,1,151,151,0.020213736629807567
2025-10-16,2,150,150,-0.003725928608020633
2025-10-16,3,150,150,0.0211549644406406
2025-10-16,4,150,150,0.01844443092847182
2025-10-16,5,150,150,0.03464742905732933
2025-10-17,1,151,151,0.032539900382843885
2025-10-17,2,150,150,0.0064631514765743185
2025-10-17,3,150,150,0.03179383694364133
2025-10-17,4,150,150,0.03178143656187819
2025-10-17,5,150,150,0.04128444207152964
2025-10-20,1,151,151,0.025521607653253595
2025-10-20,2,150,150,0.005012888610041796
2025-10-20,3,150,150,0.0338055934676704
2025-10-20,4,150,150,0.023953448694234596
2025-10-20,5,150,150,0.030913274437461245
2025-10-21,1,151,151,0.007054374256946356
2025-10-21,2,150,150,-0.005300023949356345
2025-10-21,3,150,150,0.018398048008590243
2025-10-21,4,150,150,0.017102909675733153
2025-10-21,5,150,150,0.015598570420217802
2025-10-22,1,151,151,0.007944019356932817
2025-10-22,2,150,150,-0.005915684413020573
2025-10-22,3,150,149,0.017712980450412606
2025-10-22,4,150,150,0.015200985412146914
2025-10-22,5,150,150,0.014764498760548844
2025-10-23,1,151,151,-0.01359055509235511
2025-10-23,2,150,150,-0.030147166809392695
2025-10-23,3,150,149,-0.014484276736249508
2025-10-23,4,150,150,-0.011235571845539883
2025-10-23,5,150,150,-0.006072172169608741
2025-10-24,1,151,151,-0.04060138344492093
2025-10-24,2,150,150,-0.05765197207265988
2025-10-24,3,150,148,-0.04269783928095834
2025-10-24,4,150,150,-0.03405426600010589
2025-10-24,5,150,150,-0.022444911381731054
2025-10-27,1,151,151,-0.03797707405967995
2025-10-27,2,150,150,-0.04611753080723311
2025-10-27,3,150,148,-0.03468316699119266
2025-10-27,4,150,150,-0.029693454899474052
2025-10-27,5,150,150,-0.022484670629206994
2025-10-28,1,150,150,-0.032807959907067676
2025-10-28,2,150,150,-0.040704098198629
2025-10-28,3,150,148,-0.021633428842475537
2025-10-28,4,150,150,-0.025314201004729642
2025-10-28,5,149,149,-0.010578388543839298
2025-10-29,1,150,150,-0.0377824133763393
2025-10-29,2,150,149,-0.04148794587913691
2025-10-29,3,150,149,-0.03621831798052706
2025-10-29,4,150,150,-0.03494377028974835
2025-10-29,5,150,150,-0.016383889236746284
2025-10-30,1,151,151,-0.026936560392516663
2025-10-30,2,150,150,-0.031365654767140976
2025-10-30,3,150,148,-0.02930760209174019
2025-10-30,4,150,150,-0.024972741862513973
2025-10-30,5,150,150,-0.01570857034582475
2025-10-31,1,150,149,-0.023930012720779558
2025-10-31,2,150,150,-0.022916622557055448
2025-10-31,3,149,148,-0.019873727005460178
2025-10-31,4,150,150,-0.016788878966163562
2025-10-31,5,149,149,-0.009179462923767099
2025-11-03,1,150,149,-0.020302692962302055
2025-11-03,2,150,149,-0.022438388427037614
2025-11-03,3,150,149,-0.014102567231199431
2025-11-03,4,150,150,-0.014637207954702823
2025-11-03,5,149,149,-0.008260838974687377
2025-11-04,1,150,149,-0.005859063961602591
2025-11-04,2,150,149,-0.006695621864951746
2025-11-04,3,150,149,0.0006643169562481932
2025-11-04,4,150,150,0.006849811117050774
2025-11-04,5,149,149,0.004387875117826168
2025-11-05,1,150,149,-0.02469053872728456
2025-11-05,2,150,149,-0.03032425412570001
2025-11-05,3,150,149,-0.018210437022471486
2025-11-05,4,150,150,-0.01178414126680891
2025-11-05,5,150,150,-0.00624065145600748
2025-11-06,1,150,149,-0.03176196667627898
2025-11-06,2,150,149,-0.030371777299730354
2025-11-06,3,150,149,-0.032287767687175575
2025-11-06,4,150,150,-0.02032027179156788
2025-11-06,5,150,150,-0.016959874208736753
2025-11-07,1,150,150,-0.020057447927407004
2025-11-07,2,150,149,-0.023800658441315136
2025-11-07,3,150,149,-0.021165394517662688
2025-11-07,4,150,150,-0.013906100405756678
2025-11-07,5,149,149,-0.01257120774043607
2025-11-10,1,150,150,-0.021569267559874424
2025-11-10,2,150,150,-0.02453868264495894
2025-11-10,3,150,149,-0.02491986610968952
2025-11-10,4,150,150,-0.023693438409796895
2025-11-10,5,150,150,-0.025497019962179665
2025-11-11,1,151,151,-0.01610275284806761
2025-11-11,2,150,149,-0.028947530909091843
2025-11-11,3,150,149,-0.022010358843346154
2025-11-11,4,150,149,-0.030047097647214693
2025-11-11,5,150,150,-0.0313244790862943
2025-11-12,1,150,150,-0.00343161549967707
2025-11-12,2,150,149,-0.01701109443914245
2025-11-12,3,150,149,-0.013060744076209866
2025-11-12,4,150,149,-0.021197185028307017
2025-11-12,5,150,150,-0.02584143849252206
2025-11-13,1,151,151,-0.025514473320102687
2025-11-13,2,150,149,-0.03824309675723795
2025-11-13,3,150,149,-0.026959214157488653
2025-11-13,4,150,149,-0.03377363727140051
2025-11-13,5,150,150,-0.03471123386851889
2025-11-14,1,151,151,-0.026658080856951233
2025-11-14,2,150,149,-0.03487462766806497
2025-11-14,3,151,149,-0.022205397825173695
2025-11-14,4,150,149,-0.03076496351186883
2025-11-14,5,150,150,-0.03301979918535038
2025-11-17,1,151,151,-0.03070270929847447
2025-11-17,2,150,149,-0.029758512905701803
2025-11-17,3,151,150,-0.025183992541882947
2025-11-17,4,150,149,-0.019790814750886947
2025-11-17,5,150,150,-0.018312297381158128
2025-11-18,1,151,151,-0.032828472305286585
2025-11-18,2,150,149,-0.032087800745127175
2025-11-18,3,150,149,-0.03718107371097171
2025-11-18,4,150,150,-0.018449657140208287
2025-11-18,5,150,150,-0.01748752030921991
2025-11-19,1,151,150,-0.028174736974914818
2025-11-19,2,150,149,-0.023446367219002482
2025-11-19,3,150,149,-0.025447598035195387
2025-11-19,4,150,150,-0.014680124553280528
2025-11-19,5,150,150,-0.008601880956302562
2025-11-20,1,150,149,-0.0006856091277624071
2025-11-20,2,150,148,0.004447113778649932
2025-11-20,3,150,150,0.0008434648807008808
2025-11-20,4,150,150,0.008185644164636928
2025-11-20,5,150,150,0.010732983329927483
2025-11-21,1,150,149,0.027061298758727252
2025-11-21,2,150,148,0.03716602928945801
2025-11-21,3,150,149,0.028779490615094636
2025-11-21,4,150,150,0.03587338317406742
2025-11-21,5,150,150,0.03919086471556476
2025-11-24,1,150,149,0.03232197620883253
2025-11-24,2,150,149,0.03514136140540746
2025-11-24,3,150,150,0.026834211206529998
2025-11-24,4,150,150,0.03152443831992995
2025-11-24,5,149,149,0.03386036855103402
2025-11-25,1,150,149,0.023443008532184544
2025-11-25,2,150,150,0.014894682312281695
2025-11-25,3,150,150,0.01502432590147763
2025-11-25,4,150,150,0.02345343917303321
2025-11-25,5,149,149,0.023785515431173174
2025-11-26,1,150,150,0.035447308502344656
2025-11-26,2,150,150,0.030494447890145673
2025-11-26,3,150,150,0.024894582841949255
2025-11-26,4,150,150,0.03638307810079336
2025-11-26,5,149,149,0.027910957056855
2025-11-27,1,150,150,0.03902966926837815
2025-11-27,2,150,150,0.03935115622365124
2025-11-27,3,150,150,0.03133279723108776
2025-11-27,4,150,150,0.04370089818429733
2025-11-27,5,149,149,0.031898167461627706
2025-11-28,1,150,149,0.03626765255677045
2025-11-28,2,150,150,0.029380469828591497
2025-11-28,3,150,150,0.02441986723006834
2025-11-28,4,150,150,0.0372187421645769
2025-11-28,5,149,148,0.026497489922464534
2025-12-01,1,150,149,0.02157904017933847
2025-12-01,2,150,150,0.022310482226491603
2025-12-01,3,149,148,0.00945113273388633
2025-12-01,4,150,150,0.02764477488220228
2025-12-01,5,149,148,0.011647082517340613
2025-12-02,1,150,150,0.036862741320664444
2025-12-02,2,149,149,0.03035301788003134
2025-12-02,3,150,149,0.03521244632780426
2025-12-02,4,149,149,0.021005010447840363
2025-12-02,5,149,148,0.016548037270347163
2025-12-03,1,150,150,0.04435842781587295
2025-12-03,2,149,149,0.052897407098624775
2025-12-03,3,150,149,0.04382269086664362
2025-12-03,4,149,149,0.02856341003472239
2025-12-03,5,149,148,0.01633222761125985
2025-12-04,1,150,150,0.05535630958796035
2025-12-04,2,149,149,0.06354051688792248
2025-12-04,3,150,149,0.04889630751601833
2025-12-04,4,149,149,0.05635227139966978
2025-12-04,5,149,148,0.030492148856011047
2025-12-05,1,150,150,0.049179403326395976
2025-12-05,2,149,149,0.07666047415589242
2025-12-05,3,150,148,0.04651080329456403
2025-12-05,4,149,149,0.044206315499704614
2025-12-05,5,149,149,0.0325442879500141
2025-12-08,1,150,150,0.06184402424124836
2025-12-08,2,149,149,0.06262967596737058
2025-12-08,3,150,148,0.037605831084927564
2025-12-08,4,149,149,0.041653841953276156
2025-12-08,5,149,149,0.03405167998850245
2025-12-09,1,150,150,0.07593547913617843
2025-12-09,2,149,148,0.08333030166860037
2025-12-09,3,150,148,0.05694405778469993
2025-12-09,4,149,149,0.055394752040088625
2025-12-09,5,149,149,0.04686181964863051
2025-12-10,1,150,150,0.08819457155765033
2025-12-10,2,149,149,0.1064654055479277
2025-12-10,3,149,147,0.07954849519885512
2025-12-10,4,149,149,0.06815067240557716
2025-12-10,5,149,149,0.04926373220228538
2025-12-11,1,150,150,0.12073098366403576
2025-12-11,2,149,148,0.14672205009737
2025-12-11,3,149,146,0.11424199779529157
2025-12-11,4,149,149,0.08291613196889946
2025-12-11,5,149,149,0.0645211010022478
2025-12-12,1,150,149,0.09433662398878621
2025-12-12,2,149,148,0.12376649086675737
2025-12-12,3,149,145,0.09084362298458973
2025-12-12,4,149,149,0.08388522622046954
2025-12-12,5,149,149,0.05876469515870673
2025-12-15,1,149,148,0.08662287123299257
2025-12-15,2,149,148,0.122273224210447
2025-12-15,3,149,147,0.09999963091128676
2025-12-15,4,149,149,0.07769719595499165
2025-12-15,5,149,149,0.046768693802246485
2025-12-16,1,149,148,0.10292837505120479
2025-12-16,2,149,148,0.13586711803074306
2025-12-16,3,149,148,0.11556432535844234
2025-12-16,4,149,148,0.10183104345954418
2025-12-16,5,149,149,0.06477594789610619
2025-12-17,1,149,148,0.09258099089676808
2025-12-17,2,149,148,0.1137731925255194
2025-12-17,3,149,148,0.10170374946566026
2025-12-17,4,149,148,0.08030931809414174
2025-12-17,5,149,149,0.04516185261855183
2025-12-18,1,149,149,0.0960621285087105
2025-12-18,2,149,147,0.12315832072445446
2025-12-18,3,149,149,0.10516194375020271
2025-12-18,4,149,148,0.08962009385060879
2025-12-18,5,148,148,0.05222925904256402
2025-12-19,1,149,149,0.07551487863066246
2025-12-19,2,149,148,0.08868170574460718
2025-12-19,3,148,148,0.08894318101029329
2025-12-19,4,149,148,0.07643365303614916
2025-12-19,5,148,148,0.04676901915875635
2025-12-22,1,149,149,0.07795163391098
2025-12-22,2,149,148,0.09581404981398524
2025-12-22,3,148,148,0.10281667973545823
2025-12-22,4,149,148,0.08225286606183646
2025-12-22,5,148,148,0.0477744763823037
2025-12-23,1,149,149,0.09445713721492154
2025-12-23,2,149,149,0.11936226448334353
2025-12-23,3,148,148,0.11056884340240924
2025-12-23,4,149,148,0.09801505524879943
2025-12-23,5,148,148,0.0562972450201034
2025-12-24,1,149,149,0.08866446257809109
2025-12-24,2,149,148,0.11248101671013129
2025-12-24,3,148,148,0.11818722353774648
2025-12-24,4,149,149,0.10453560600864431
2025-12-24,5,148,148,0.05744720883896622
2025-12-25,1,149,149,0.06283813326883389
2025-12-25,2,149,149,0.08920433885821523
2025-12-25,3,148,148,0.10158629078673606
2025-12-25,4,149,149,0.08629875916655802
2025-12-25,5,148,148,0.050904460422724694
2025-12-26,1,149,149,0.05307997135864929
2025-12-26,2,149,149,0.08944727203764385
2025-12-26,3,148,148,0.10053455944496319
2025-12-26,4,149,149,0.08441778817473375
2025-12-26,5,148,147,0.04306418114699526
2025-12-29,1,149,149,0.060094241833769914
2025-12-29,2,149,149,0.09197218617603606
2025-12-29,3,148,147,0.11305937840367179
2025-12-29,4,149,149,0.10602059760524797
2025-12-29,5,148,148,0.06488761092417152
2025-12-30,1,149,149,0.04547338204379297
2025-12-30,2,148,148,0.08165843040012458
2025-12-30,3,149,149,0.09364227577279002
2025-12-30,4,148,148,0.08551328351842842
2025-12-30,5,148,148,0.06412930141858086
2025-12-31,1,149,149,0.031343019311368965
2025-12-31,2,148,147,0.058856023514832156
2025-12-31,3,149,149,0.0700301232336419
2025-12-31,4,148,148,0.05913278704466971
2025-12-31,5,148,148,0.04323451392382651
2026-01-05,1,149,149,0.012749402588345537
2026-01-05,2,148,147,0.03691792372272319
2026-01-05,3,149,149,0.04117308466767259
2026-01-05,4,148,148,0.03379785383479768
2026-01-05,5,148,148,0.017868277246070485
2026-01-06,1,149,149,0.00800355115994767
2026-01-06,2,148,147,0.03380470407589937
2026-01-06,3,149,149,0.03544240688965199
2026-01-06,4,148,148,0.02991781759898354
2026-01-06,5,148,148,0.012879858619822864
2026-01-07,1,149,149,0.00919990767972436
2026-01-07,2,149,148,0.028738247219442105
2026-01-07,3,148,148,0.035912005760046335
2026-01-07,4,149,149,0.04143085037455283
2026-01-07,5,148,148,0.027194374805202166
2026-01-08,1,149,148,-0.00912933013950648
2026-01-08,2,149,148,0.0042962888650869765
2026-01-08,3,149,149,0.015863698242368687
2026-01-08,4,149,149,0.027735222831168502
2026-01-08,5,148,148,0.017838049055501976
2026-01-09,1,149,148,-0.008795527335449974
2026-01-09,2,149,149,0.00987568922874499
2026-01-09,3,149,149,0.009641931900563474
2026-01-09,4,149,148,0.018539412663615053
2026-01-09,5,148,148,0.022380254618625067
2026-01-12,1,149,147,-0.011745568600603426
2026-01-12,2,149,149,-0.007048627535311417
2026-01-12,3,148,147,0.0019565478808895153
2026-01-12,4,149,149,0.015304156822953274
2026-01-12,5,148,148,0.023426404979313135
2026-01-13,1,149,148,0.0019929792975061983
2026-01-13,2,149,149,0.006321090325116666
2026-01-13,3,148,148,0.01794355586768335
2026-01-13,4,149,149,0.023216867263030867
2026-01-13,5,148,148,0.026099261361608016
2026-01-14,1,149,149,0.010838691334279511
2026-01-14,2,149,149,0.009396395339006545
2026-01-14,3,148,148,0.012308154037081888
2026-01-14,4,149,149,0.02724880809357068
2026-01-14,5,148,148,0.04317646410286441
2026-01-15,1,149,149,0.005121478193318728
2026-01-15,2,148,148,0.012388736005702478
2026-01-15,3,149,149,-0.007400156904689872
2026-01-15,4,148,148,0.021964746851694913
2026-01-15,5,148,148,0.02631724080185225
2026-01-16,1,148,147,0.013159898555225657
2026-01-16,2,148,148,0.027016505456810655
2026-01-16,3,148,148,0.0030404441873090977
2026-01-16,4,148,148,0.03998037417277589
2026-01-16,5,148,148,0.03165852992814682
2026-01-19,1,149,148,0.006081283734069677
2026-01-19,2,148,148,0.011934128917344059
2026-01-19,3,148,148,0.0006997788937996949
2026-01-19,4,148,148,0.03093973004548011
2026-01-19,5,148,148,0.018855726814880312
2026-01-20,1,149,148,0.026425145193160558
2026-01-20,2,149,149,0.02974559975737883
2026-01-20,3,148,148,0.01725737888902343
2026-01-20,4,149,149,0.04202614881691609
2026-01-20,5,148,148,0.01578364939499611
2026-01-21,1,149,148,0.005990292990281565
2026-01-21,2,148,148,0.011827305419729917
2026-01-21,3,149,149,0.008850949247343472
2026-01-21,4,148,148,0.02717765336330567
2026-01-21,5,148,148,0.01180704457095005
2026-01-22,1,149,148,-0.0024882827362186183
2026-01-22,2,149,149,-0.001140784034345262
2026-01-22,3,148,148,0.0199835564260486
2026-01-22,4,149,149,0.021895043489583283
2026-01-22,5,148,147,0.010507808865284162
2026-01-23,1,150,149,-0.019763131501016037
2026-01-23,2,149,148,0.006247316153594874
2026-01-23,3,149,149,0.008884033874094196
2026-01-23,4,149,149,0.018185962230489527
2026-01-23,5,149,148,0.010558895956542864
2026-01-26,1,149,148,-0.03905214229319349
2026-01-26,2,149,149,-0.02957344341487528
2026-01-26,3,148,148,-0.0359303748446554
2026-01-26,4,149,149,-0.01265678418843964
2026-01-26,5,148,147,-0.006589268659721191
2026-01-27,1,149,148,-0.01978257535408575
2026-01-27,2,149,149,-0.013444317247651032
2026-01-27,3,148,148,-0.022994509725787125
2026-01-27,4,149,149,0.0015350962914887892
2026-01-27,5,148,147,-0.0024145119711741206
2026-01-28,1,149,148,-0.023435088197652897
2026-01-28,2,149,149,-0.025871830887863666
2026-01-28,3,148,148,-0.0287009290655695
2026-01-28,4,149,149,-0.014369024252434099
2026-01-28,5,148,147,-0.01805801949447769
2026-01-29,1,149,149,-0.01942196236547521
2026-01-29,2,149,149,-0.01623834654593922
2026-01-29,3,148,148,-0.019118108534362733
2026-01-29,4,149,149,-0.003929616746254737
2026-01-29,5,148,147,-0.004066920900654208
2026-01-30,1,149,149,-0.0009009568221604983
2026-01-30,2,149,148,0.007733705204141247
2026-01-30,3,148,148,0.003767649526416451
2026-01-30,4,149,149,0.016537518844953046
2026-01-30,5,148,147,9.446520280173546e-05
2026-02-02,1,149,149,0.01961609211500567
2026-02-02,2,148,148,0.027662683301508503
2026-02-02,3,149,149,0.030274419544678514
2026-02-02,4,148,147,0.03433677754246006
2026-02-02,5,148,148,0.024077954438408163
2026-02-03,1,149,149,0.009334720375691503
2026-02-03,2,148,148,0.014824906116364474
2026-02-03,3,149,149,0.012683539686017608
2026-02-03,4,148,148,0.027711740730923317
2026-02-03,5,148,147,0.029969921788731115
2026-02-04,1,149,149,-0.004206847604779685
2026-02-04,2,149,149,0.012006592526356469
2026-02-04,3,148,148,0.007234926570902909
2026-02-04,4,149,148,0.018678768852626846
2026-02-04,5,148,148,0.019123835619144647
2026-02-05,1,149,148,0.0005304074346547987
2026-02-05,2,149,149,0.008296967665643695
2026-02-05,3,148,148,0.018580583685111996
2026-02-05,4,149,149,0.016440399998032602
2026-02-05,5,148,148,0.023586846415585744
2026-02-06,1,149,149,-0.012695309883430983
2026-02-06,2,148,148,-0.014588313240224455
2026-02-06,3,148,148,-0.00112246079267282
2026-02-06,4,148,148,-0.004987304412770862
2026-02-06,5,148,148,0.007015256598074325
2026-02-09,1,149,149,-0.034471580660387614
2026-02-09,2,148,148,-0.038814001014097085
2026-02-09,3,149,149,-0.02389936514018558
2026-02-09,4,148,148,-0.020433123156312533
2026-02-09,5,148,148,-0.004068730739653234
2026-02-10,1,149,149,-0.04115000404268971
2026-02-10,2,149,149,-0.04142346875478934
2026-02-10,3,148,148,-0.031052382699607778
2026-02-10,4,149,148,-0.028692300231499414
2026-02-10,5,148,148,-0.013779521338597327
2026-02-11,1,149,149,-0.0489030367458945
2026-02-11,2,149,149,-0.05018592975776336
2026-02-11,3,148,148,-0.0431753920458823
2026-02-11,4,149,148,-0.041743494416867734
2026-02-11,5,148,148,-0.033599233504260265
2026-02-12,1,149,149,-0.08011676909407578
2026-02-12,2,149,149,-0.09022826166058781
2026-02-12,3,148,148,-0.07799662867234781
2026-02-12,4,149,149,-0.06829206020100788
2026-02-12,5,148,148,-0.04960867170667742
2026-02-13,1,149,148,-0.09407434015224912
2026-02-13,2,148,148,-0.10730060845735812
2026-02-13,3,149,149,-0.09416074538232531
2026-02-13,4,148,148,-0.08939016828413815
2026-02-13,5,148,148,-0.06665599161010602
2026-02-24,1,149,149,-0.08151431608844757
2026-02-24,2,148,148,-0.09859163389179751
2026-02-24,3,149,149,-0.0853432071133319
2026-02-24,4,148,148,-0.08067720150261251
2026-02-24,5,148,148,-0.05992925917172467
2026-02-25,1,149,149,-0.08296873015750293
2026-02-25,2,149,149,-0.09408085133281816
2026-02-25,3,148,148,-0.0844426522180451
2026-02-25,4,149,149,-0.080879771119507
2026-02-25,5,148,148,-0.05539956787489715
2026-02-26,1,149,149,-0.09703278116566598
2026-02-26,2,149,149,-0.11374737576588378
2026-02-26,3,148,148,-0.10797583992728918
2026-02-26,4,149,149,-0.09739737591941518
2026-02-26,5,148,148,-0.06507843008317486
2026-02-27,1,149,149,-0.08048984954003956
2026-02-27,2,149,149,-0.10495120480305321
2026-02-27,3,148,148,-0.10174690391801736
2026-02-27,4,149,149,-0.08781023175126239
2026-02-27,5,148,147,-0.06373113612595036
2026-03-02,1,149,149,-0.07001154618353288
2026-03-02,2,149,149,-0.09501461208275327
2026-03-02,3,149,149,-0.08952229803936941
2026-03-02,4,149,149,-0.07247725162431118
2026-03-02,5,148,148,-0.058809808288224484
2026-03-03,1,149,149,-0.02557585223641662
2026-03-03,2,149,149,-0.04976762300808993
2026-03-03,3,149,149,-0.04397316533705522
2026-03-03,4,149,149,-0.03690843890567381
2026-03-03,5,148,148,-0.03531463181776248
2026-03-04,1,149,149,-0.03739560457449677
2026-03-04,2,149,149,-0.07566453577768295
2026-03-04,3,149,149,-0.06340269563813508
2026-03-04,4,149,149,-0.04781844886710266
2026-03-04,5,148,148,-0.03546827821972385
2026-03-05,1,149,149,-0.03875425748607979
2026-03-05,2,149,149,-0.06732003937792841
2026-03-05,3,149,149,-0.06468547496114672
2026-03-05,4,149,149,-0.04276075400810302
2026-03-05,5,149,149,-0.03438030412953818
2026-03-06,1,149,149,-0.05365468199818278
2026-03-06,2,149,149,-0.08462856120369174
2026-03-06,3,149,149,-0.07462909571396066
2026-03-06,4,149,149,-0.06995422711300514
2026-03-06,5,149,149,-0.06023322332263019
2026-03-09,1,149,149,-0.0396950185213454
2026-03-09,2,149,149,-0.07598688861233778
2026-03-09,3,149,149,-0.05596722219833923
2026-03-09,4,149,149,-0.05400975370524269
2026-03-09,5,149,149,-0.046307909122697284
2026-03-10,1,150,150,-0.04287618038753642
2026-03-10,2,149,149,-0.07140556808657222
2026-03-10,3,150,150,-0.05782065680925463
2026-03-10,4,149,149,-0.054158452121291195
2026-03-10,5,149,149,-0.04584928179047636
2026-03-11,1,150,150,-0.03564483609631709
2026-03-11,2,150,150,-0.05873537681691488
2026-03-11,3,149,149,-0.0583163963393582
2026-03-11,4,150,150,-0.05556587189230664
2026-03-11,5,149,149,-0.050611614549558696
2026-03-12,1,150,150,-0.030029624562238625
2026-03-12,2,150,150,-0.057831037868535426
2026-03-12,3,149,149,-0.05528701951206352
2026-03-12,4,150,150,-0.0525951394479361
2026-03-12,5,149,149,-0.05210871698375749
2026-03-13,1,150,150,-0.018327186254338827
2026-03-13,2,150,150,-0.03093635400584135
2026-03-13,3,149,149,-0.03626558142811318
2026-03-13,4,150,150,-0.038953428190484134
2026-03-13,5,149,149,-0.04488580548176328
2026-03-16,1,150,150,-0.014862235923984942
2026-03-16,2,150,150,-0.018360396525110304
2026-03-16,3,149,149,-0.03285558887115928
2026-03-16,4,150,150,-0.029892404915711344
2026-03-16,5,149,149,-0.03439371600157893
2026-03-17,1,150,150,-0.008335327738776719
2026-03-17,2,150,150,-0.010586602418444618
2026-03-17,3,150,150,-0.02108180828153736
2026-03-17,4,150,150,-0.01702861955738121
2026-03-17,5,149,149,-0.027569011638195237
2026-03-18,1,150,150,0.004439252112288551
2026-03-18,2,150,150,0.007081092160763275
2026-03-18,3,149,149,-0.005972249708569934
2026-03-18,4,150,149,-0.007415032044453513
2026-03-18,5,149,149,-0.01568404196048452
2026-03-19,1,150,150,0.017463102508683322
2026-03-19,2,149,149,0.02199532242722926
2026-03-19,3,150,149,0.011980535185117323
2026-03-19,4,149,149,0.0030344399488214753
2026-03-19,5,149,149,-0.007648149257130383
2026-03-20,1,150,149,0.06489280841610304
2026-03-20,2,150,150,0.07392519331527761
2026-03-20,3,149,148,0.05683942526562974
2026-03-20,4,150,150,0.03836517273586991
2026-03-20,5,149,149,0.01869647635174071
2026-03-23,1,149,148,0.07648231914869527
2026-03-23,2,149,149,0.07977847864151662
2026-03-23,3,149,148,0.06650295751288496
2026-03-23,4,149,149,0.05951578279537801
2026-03-23,5,149,149,0.03737325322345927
2026-03-24,1,150,149,0.07515576079269112
2026-03-24,2,150,150,0.07830082085709035
2026-03-24,3,150,148,0.07035415874848776
2026-03-24,4,150,150,0.05176082703813092
2026-03-24,5,149,149,0.030728833317676427
2026-03-25,1,150,149,0.04921931354954824
2026-03-25,2,150,149,0.056715804713838545
2026-03-25,3,150,149,0.03891731554393022
2026-03-25,4,150,150,0.029758291439137594
2026-03-25,5,150,150,0.013572917180754006
2026-03-26,1,151,151,0.07186877362379437
2026-03-26,2,150,150,0.07996132780955259
2026-03-26,3,150,148,0.06074466205203916
2026-03-26,4,150,149,0.05248027103284361
2026-03-26,5,150,150,0.02798162160272075
2026-03-27,1,151,151,0.04608719740150619
2026-03-27,2,150,150,0.06114207187073615
2026-03-27,3,150,148,0.05757447763588331
2026-03-27,4,150,150,0.03545509355651828
2026-03-27,5,150,150,0.01576094761449257
2026-03-30,1,151,150,0.02307040261943271
2026-03-30,2,150,150,0.033981399637971844
2026-03-30,3,150,149,0.03512886293639083
2026-03-30,4,150,149,0.01035138154178438
2026-03-30,5,150,150,0.0004872730770998131
2026-03-31,1,151,151,0.043183935215847076
2026-03-31,2,151,150,0.04459671596707984
2026-03-31,3,151,150,0.05186819192619736
2026-03-31,4,151,150,0.026567429318431722
2026-03-31,5,150,150,0.0046084924891176245
2026-04-01,1,151,151,0.05139554885173372
2026-04-01,2,151,150,0.0605635871651639
2026-04-01,3,151,151,0.06060580095473484
2026-04-01,4,151,150,0.02189237977213886
2026-04-01,5,150,150,0.0005204857800242342
2026-04-02,1,151,151,0.08136107236093211
2026-04-02,2,151,150,0.07807620099382052
2026-04-02,3,151,151,0.08217142061206852
2026-04-02,4,151,151,0.03675801139541825
2026-04-02,5,151,151,0.014704032669543024
2026-04-03,1,151,151,0.10278783777744564
2026-04-03,2,151,151,0.09828110573910163
2026-04-03,3,151,151,0.09217926550760853
2026-04-03,4,151,151,0.055642967929583585
2026-04-03,5,151,151,0.030089204636967366
2026-04-07,1,152,152,0.0849881237801294
2026-04-07,2,151,151,0.09942306778921217
2026-04-07,3,151,151,0.09199823059962048
2026-04-07,4,151,151,0.03743313291527298
2026-04-07,5,151,151,0.02091259535381252
2026-04-08,1,152,152,0.08303976972866745
2026-04-08,2,151,151,0.08460641502456775
2026-04-08,3,152,152,0.09102160820830567
2026-04-08,4,151,151,0.03389403135349849
2026-04-08,5,151,151,0.01605793715482215
2026-04-09,1,152,152,0.06759072679765855
2026-04-09,2,151,151,0.06468839982119814
2026-04-09,3,151,151,0.05832793634373324
2026-04-09,4,151,151,0.02196389383908478
2026-04-09,5,151,151,0.004861339879206404
2026-04-10,1,151,151,0.07856120948823606
2026-04-10,2,151,151,0.09015112968711456
2026-04-10,3,151,151,0.08038232964702546
2026-04-10,4,151,151,0.03075760347312469
2026-04-10,5,151,151,0.010734768392863884
2026-04-13,1,151,151,0.045402019314861215
2026-04-13,2,151,151,0.039201428076493995
2026-04-13,3,151,151,0.04423023859308654
2026-04-13,4,151,151,-0.0010079464952474253
2026-04-13,5,150,150,-0.0072248384628385495
2026-04-14,1,152,152,0.014017357240060728
2026-04-14,2,151,151,0.02153567748799049
2026-04-14,3,151,151,0.02372484460787065
2026-04-14,4,151,151,-0.02585354898843228
2026-04-14,5,151,151,-0.028350426629082142
2026-04-15,1,152,152,0.022997339621597213
2026-04-15,2,152,152,0.02920120613268211
2026-04-15,3,151,151,0.031834772453826286
2026-04-15,4,152,152,-0.029018410742129363
2026-04-15,5,151,151,-0.03464606629201296
2026-04-16,1,152,152,0.01693024907531086
2026-04-16,2,152,152,0.027650625559397835
2026-04-16,3,151,151,0.02633611335412876
2026-04-16,4,152,152,-0.02429206196122699
2026-04-16,5,151,151,-0.03217165418779916
2026-04-17,1,152,152,0.014112674013163474
2026-04-17,2,152,152,0.015221352301918853
2026-04-17,3,151,151,0.03265160167058139
2026-04-17,4,152,151,-0.023585751067144053
2026-04-17,5,151,151,-0.027558534685753238
2026-04-20,1,153,152,-0.01067088433578225
2026-04-20,2,153,153,-0.0027131314993253186
2026-04-20,3,152,152,-0.0024544046190048342
2026-04-20,4,153,153,-0.041184753045444555
2026-04-20,5,152,152,-0.03947746886036214
2026-04-21,1,153,153,0.0018338514760109935
2026-04-21,2,152,152,0.010356117573437984
2026-04-21,3,153,153,0.018177816195598648
2026-04-21,4,152,152,-0.02303830613602458
2026-04-21,5,152,152,-0.03771722289147518
2026-04-22,1,153,153,-0.014267314960433434
2026-04-22,2,152,152,-0.006623108550216393
2026-04-22,3,153,152,0.006048053835450037
2026-04-22,4,152,152,-0.035914895995557555
2026-04-22,5,152,152,-0.04782900286392487
2026-04-23,1,153,153,-0.0011003635993560405
2026-04-23,2,152,152,0.00547748119728124
2026-04-23,3,153,153,0.016568688365904752
2026-04-23,4,152,152,-0.025558345046610576
2026-04-23,5,152,152,-0.03163495309314692
2026-04-24,1,153,153,-0.016128487604910605
2026-04-24,2,152,152,-0.005517115229269765
2026-04-24,3,153,153,-0.003050643613720807
2026-04-24,4,152,152,-0.03292037601183388
2026-04-24,5,152,151,-0.03902978298925448
2026-04-27,1,153,153,-0.012581382573526029
2026-04-27,2,152,152,0.026363768488994185
2026-04-27,3,152,152,0.00035944339426845727
2026-04-27,4,152,152,-0.028667151995595185
2026-04-27,5,152,152,-0.03732826300143365
2026-04-28,1,150,149,-0.019436326804912862
2026-04-28,2,150,149,0.01770806518762633
2026-04-28,3,150,150,-0.01028867190468147
2026-04-28,4,150,150,-0.037892663915786454
2026-04-28,5,150,150,-0.038651328355435624
2026-04-29,1,149,148,-0.02289615430603722
2026-04-29,2,149,149,-0.0011360076027153185
2026-04-29,3,149,148,-0.023495107661627143
2026-04-29,4,149,149,-0.03604773711369015
2026-04-29,5,148,148,-0.03003479003311317
2026-04-30,1,148,147,-0.04252757933053029
2026-04-30,2,148,148,-0.00998254047421368
2026-04-30,3,148,148,-0.030008911809188507
2026-04-30,4,148,148,-0.034645313028747494
2026-04-30,5,148,148,-0.030520979753654417
2026-05-06,1,149,148,-0.06298780484998831
2026-05-06,2,148,148,-0.042508710163168296
2026-05-06,3,148,148,-0.03578567154592127
2026-05-06,4,148,148,-0.05525749850589993
2026-05-06,5,148,148,-0.04666687942339234
2026-05-07,1,149,149,-0.06461117516395569
2026-05-07,2,149,149,-0.048564679053054886
2026-05-07,3,149,149,-0.04029126751213372
2026-05-07,4,149,149,-0.061232673112014975
2026-05-07,5,148,148,-0.050793438719736364
2026-05-08,1,149,149,-0.09480109767086382
2026-05-08,2,149,149,-0.09360611750549794
2026-05-08,3,149,149,-0.08145204926388487
2026-05-08,4,149,149,-0.07730165550895453
2026-05-08,5,148,148,-0.06976908979822469
2026-05-11,1,149,149,-0.09573750914450446
2026-05-11,2,149,149,-0.08010931031971437
2026-05-11,3,149,149,-0.09048933784698213
2026-05-11,4,149,149,-0.09177660796435505
2026-05-11,5,148,148,-0.0728142575473644
2026-05-12,1,149,149,-0.09032677843485262
2026-05-12,2,149,149,-0.06547813114632595
2026-05-12,3,148,148,-0.07566608768320743
2026-05-12,4,149,149,-0.08712908832097535
2026-05-12,5,148,148,-0.07310342467867825
2026-05-13,1,149,149,-0.10739668627553804
2026-05-13,2,149,149,-0.09570849477635984
2026-05-13,3,148,148,-0.09019420971980167
2026-05-13,4,149,149,-0.08666477961703611
2026-05-13,5,148,148,-0.076151809899821
2026-05-14,1,149,149,-0.08088357517298739
2026-05-14,2,148,148,-0.059563698957487206
2026-05-14,3,149,149,-0.0678310657205432
2026-05-14,4,148,148,-0.06353838552542405
2026-05-14,5,148,148,-0.05735623694930105
2026-05-15,1,149,149,-0.05357965727553865
2026-05-15,2,148,148,-0.04040170405209719
2026-05-15,3,149,149,-0.0444097443055581
2026-05-15,4,148,148,-0.0316865083920983
2026-05-15,5,148,148,-0.026626170528075303
2026-05-18,1,149,149,-0.03998449851432071
2026-05-18,2,148,148,-0.03013062197626315
2026-05-18,3,149,149,-0.025491161153920184
2026-05-18,4,148,148,-0.018763481365591944
2026-05-18,5,148,148,-0.014327188286817873
2026-05-19,1,149,149,-0.03608601996586225
2026-05-19,2,148,148,-0.02874039810828147
2026-05-19,3,149,149,-0.035250092024899246
2026-05-19,4,148,148,-0.027999790465458998
2026-05-19,5,148,148,-0.03072344423380754
2026-05-20,1,148,148,-0.04381506544622013
2026-05-20,2,148,148,-0.023675079141574275
2026-05-20,3,148,148,-0.04443919859248368
2026-05-20,4,148,148,-0.031890921527471756
2026-05-20,5,148,148,-0.034392433029676636
2026-05-21,1,148,148,-0.022732145028559508
2026-05-21,2,148,148,-0.00455179854817158
2026-05-21,3,148,148,-0.002895553400033812
2026-05-21,4,148,148,-0.027262575390887687
2026-05-21,5,148,148,-0.042139953108789714
2026-05-22,1,148,148,-0.007859464410331833
2026-05-22,2,148,148,-0.015437722569020072
2026-05-22,3,148,148,-0.00016394697986458101
2026-05-22,4,148,148,-0.026268177514300516
2026-05-22,5,148,148,-0.02732371690601134
2026-05-25,1,148,148,-0.020522404078494556
2026-05-25,2,148,148,-0.029547117852892973
2026-05-25,3,148,148,-0.007170779589566451
2026-05-25,4,148,148,-0.04419248181402035
2026-05-25,5,148,148,-0.029033412902164667
2026-05-26,1,148,148,-0.01154084872674466
2026-05-26,2,148,148,-0.027585770855278913
2026-05-26,3,148,148,0.0019395072953487232
2026-05-26,4,148,148,-0.05053786003930376
2026-05-26,5,148,148,-0.05012673421292423
2026-05-27,1,148,148,0.004917017432724852
2026-05-27,2,147,147,-0.011451649330561834
2026-05-27,3,148,148,0.016020695933880377
2026-05-27,4,147,147,-0.03604416652553489
2026-05-27,5,147,147,-0.039436749116132146
2026-05-28,1,148,148,-0.024111406337697764
2026-05-28,2,148,148,-0.05004782809876657
2026-05-28,3,147,147,-0.01728254693149046
2026-05-28,4,148,148,-0.06315153753098733
2026-05-28,5,147,147,-0.05699619146308945
2026-05-29,1,148,147,0.00102217481553297
2026-05-29,2,148,148,-0.034258277344924926
2026-05-29,3,147,147,0.0030031306567375516
2026-05-29,4,148,148,-0.04181110760717219
2026-05-29,5,147,147,-0.056147680762830256
2026-06-01,1,148,148,0.01503188988047771
2026-06-01,2,148,148,-0.034877052161663764
2026-06-01,3,148,148,0.02110237227920857
2026-06-01,4,148,148,-0.041276582993492704
2026-06-01,5,148,148,-0.07505300950544248
2026-06-02,1,148,148,0.022976376314260912
2026-06-02,2,148,148,-0.02499986362109246
2026-06-02,3,147,147,0.015161043355622456
2026-06-02,4,148,148,-0.03561141604438449
2026-06-02,5,147,147,-0.04706924743345616
2026-06-03,1,148,148,0.02910909405480288
2026-06-03,2,147,147,-0.022136848724009305
2026-06-03,3,148,148,0.026313134270320664
2026-06-03,4,147,147,-0.02260181886635902
2026-06-03,5,147,147,-0.028974961472717706
2026-06-04,1,148,148,0.031044796981514567
2026-06-04,2,147,147,-0.014255450692612198
2026-06-04,3,148,148,0.03680345775987494
2026-06-04,4,147,147,-0.006933964367702244
2026-06-04,5,147,147,-0.013757509648418664
2026-06-05,1,148,148,0.03595762783256123
2026-06-05,2,148,148,-0.009074380348420341
2026-06-05,3,147,147,0.0443664898038823
2026-06-05,4,148,148,0.004529612186212189
2026-06-05,5,147,147,0.005723822111886127
2026-06-08,1,148,148,0.00608903758016344
2026-06-08,2,147,147,-0.028953743374240764
2026-06-08,3,147,147,0.024395873610704638
2026-06-08,4,147,147,-0.009228141372508469
2026-06-08,5,147,147,-0.008106486445976335
2026-06-09,1,148,148,-0.00967968125152694
2026-06-09,2,147,147,-0.04761098900264134
2026-06-09,3,148,148,0.009102896446397429
2026-06-09,4,147,147,-0.01710253228325309
2026-06-09,5,147,147,-0.011696392575283685
2026-06-10,1,148,148,0.008991764640354408
2026-06-10,2,147,147,-0.034495381447744805
2026-06-10,3,147,147,0.020829007415269257
2026-06-10,4,147,147,-0.014047695161134511
2026-06-10,5,147,147,-0.015500332539411622
2026-06-11,1,148,148,-0.007667336750555021
2026-06-11,2,147,147,-0.03765454340024285
2026-06-11,3,147,147,-0.007000513471708148
2026-06-11,4,147,147,-0.015644712676364178
2026-06-11,5,147,147,-0.013214344489836707
2026-06-12,1,148,148,-0.046033138353624124
2026-06-12,2,147,147,-0.07522951327995678
2026-06-12,3,147,147,-0.038090894992133785
2026-06-12,4,147,147,-0.046211023737001325
2026-06-12,5,147,147,-0.038820454604555625
2026-06-15,1,148,148,-0.04560844531223668
2026-06-15,2,147,147,-0.07389969085793224
2026-06-15,3,147,147,-0.03832052975745383
2026-06-15,4,147,147,-0.0462505947221432
2026-06-15,5,147,147,-0.028818437228723983
2026-06-16,1,148,148,-0.053410783063139955
2026-06-16,2,147,147,-0.08111011216979312
2026-06-16,3,148,148,-0.04662536269216795
2026-06-16,4,147,147,-0.040511462815435315
2026-06-16,5,147,147,0.0017349052007734826
2026-06-17,1,148,148,-0.0511296672904035
2026-06-17,2,148,148,-0.07826241293013822
2026-06-17,3,147,147,-0.05645249571385205
2026-06-17,4,148,148,-0.029857549210788936
2026-06-17,5,147,147,0.012259229531464577
2026-06-18,1,148,148,-0.08638895464700758
2026-06-18,2,147,147,-0.11051423305557398
2026-06-18,3,147,147,-0.0839241929073655
2026-06-18,4,147,147,-0.03603000068911865
2026-06-18,5,147,147,0.018423781518298734
2026-06-22,1,148,148,-0.11803310729768166
2026-06-22,2,148,148,-0.1321721932265002
2026-06-22,3,147,147,-0.10840734826864071
2026-06-22,4,148,148,-0.04818048927276219
2026-06-22,5,147,147,0.022131424434894933
2026-06-23,1,148,148,-0.10577924975956382
2026-06-23,2,148,148,-0.11208706036906628
2026-06-23,3,147,147,-0.08091549232178476
2026-06-23,4,148,148,-0.03369322946698794
2026-06-23,5,147,147,0.030064259166313743
2026-06-24,1,148,148,-0.10329886231453424
2026-06-24,2,148,148,-0.11267905074454303
2026-06-24,3,147,147,-0.07632064254430133
2026-06-24,4,148,148,-0.01956401578205201
2026-06-24,5,147,147,0.05083193505775728
2026-06-25,1,148,148,-0.10283556376982736
2026-06-25,2,147,147,-0.10527926101538132
2026-06-25,3,148,148,-0.07359803774201153
2026-06-25,4,147,147,-0.009720076170914223
2026-06-25,5,147,147,0.064730400812724
2026-06-26,1,147,147,-0.09924943071540791
2026-06-26,2,147,147,-0.09799838400540435
2026-06-26,3,147,147,-0.07046553092884122
2026-06-26,4,147,147,-0.003613319989767159
2026-06-26,5,146,146,0.07437316558190743
2026-06-29,1,147,147,-0.08851266016116774
2026-06-29,2,147,147,-0.08711622867363704
2026-06-29,3,147,147,-0.047482639805644024
2026-06-29,4,147,147,-0.0022720633382401745
2026-06-29,5,147,147,0.07052189125724924
2026-06-30,1,147,147,-0.0994376913801397
2026-06-30,2,147,147,-0.090754227680452
2026-06-30,3,146,146,-0.06675443259985628
2026-06-30,4,147,147,-0.008413216791821217
2026-06-30,5,146,146,0.09507211390965722
2026-07-01,1,148,148,-0.1036838254665765
2026-07-01,2,147,147,-0.08971638154535666
2026-07-01,3,147,147,-0.06522757771350193
2026-07-01,4,147,147,-0.005895249942629077
2026-07-01,5,147,147,0.0908297993018402
2026-07-02,1,147,147,-0.10102764668633757
2026-07-02,2,147,147,-0.09667068205762563
2026-07-02,3,147,147,-0.06311348600148732
2026-07-02,4,147,147,-0.007183315006688921
2026-07-02,5,146,146,0.07726179830429794
2026-07-03,1,147,147,-0.10199016465371198
2026-07-03,2,147,147,-0.09060344505166834
2026-07-03,3,147,147,-0.06461347492657162
2026-07-03,4,147,147,-0.008607249124897423
2026-07-03,5,146,146,0.07218961695463443
2026-07-06,1,148,148,-0.0758550063200731
2026-07-06,2,148,148,-0.06455812930206614
2026-07-06,3,148,148,-0.047825897754197946
2026-07-06,4,148,148,0.00984468586678718
2026-07-06,5,147,147,0.0624558466023046
2026-07-07,1,148,148,-0.05230230048493552
2026-07-07,2,148,148,-0.03891025839315182
2026-07-07,3,148,148,-0.027422922943743655
2026-07-07,4,148,148,0.02527179158748215
2026-07-07,5,147,147,0.06715708846375205
2026-07-08,1,148,148,-0.021651128350727016
2026-07-08,2,148,148,-0.014250708557206025
2026-07-08,3,147,147,0.008365123983940058
2026-07-08,4,148,148,0.04571267282290338
2026-07-08,5,147,147,0.07199034323942424
2026-07-09,1,148,148,-0.020653995828025507
2026-07-09,2,148,148,-0.01699968216372383
2026-07-09,3,148,148,0.008600414264828986
2026-07-09,4,148,148,0.035793768376585725
2026-07-09,5,147,147,0.07591862975123564
2026-07-10,1,148,148,-0.001802723242116129
2026-07-10,2,148,148,-0.00506643186592882
2026-07-10,3,148,148,0.029984249246246434
2026-07-10,4,148,148,0.038171702010617765
2026-07-10,5,147,147,0.06466312435868786
2026-07-13,1,148,148,0.024600817107718678
2026-07-13,2,148,148,0.03443557315649924
2026-07-13,3,148,148,0.04975045489660138
2026-07-13,4,148,148,0.07142572692346363
2026-07-13,5,147,147,0.08295910264502114
2026-07-14,1,148,148,0.0037697683949469334
2026-07-14,2,148,148,0.021017646322612615
2026-07-14,3,148,148,0.022347772881391333
2026-07-14,4,148,148,0.05234402600154165
2026-07-14,5,147,147,0.05489612318513253
2026-07-15,1,148,148,0.01969305978110375
2026-07-15,2,148,148,0.04707849696128
2026-07-15,3,148,148,0.0513315442199496
2026-07-15,4,148,148,0.048257803180919205
2026-07-15,5,148,148,0.039602096937134776
2026-07-16,1,148,148,0.01886793905178119
2026-07-16,2,148,148,0.0351012184691671
2026-07-16,3,148,148,0.03757147727063179
2026-07-16,4,148,148,0.03704955531671943
2026-07-16,5,148,148,0.027113434495057136
2026-07-17,1,148,148,0.05596741795428574
2026-07-17,2,148,148,0.07416428061308043
2026-07-17,3,148,148,0.0696968650298657
2026-07-17,4,148,148,0.06212335250750311
2026-07-17,5,147,147,0.03221415401448774
2026-07-20,1,148,148,0.09436881916304521
2026-07-20,2,148,148,0.11500458313619015
2026-07-20,3,148,148,0.10631546887332001
2026-07-20,4,148,148,0.06317629145707407
2026-07-20,5,148,148,0.02632976554803611
2026-07-21,1,148,148,0.06633221057567859
2026-07-21,2,148,148,0.07937692996010304
2026-07-21,3,148,148,0.0740867048698014
2026-07-21,4,148,148,0.04556515713737104
2026-07-21,5,147,147,0.020653896189243938
2026-07-22,1,148,148,0.050311146586398486
2026-07-22,2,148,148,0.05646865227440332
2026-07-22,3,148,148,0.061898753657303525
2026-07-22,4,148,147,0.031119588444293994
2026-07-22,5,147,147,0.017848960610696067
2026-07-23,1,148,148,0.03892638202203568
2026-07-23,2,148,148,0.044993734305477574
2026-07-23,3,148,148,0.05627596115534899
2026-07-23,4,148,147,0.02704842452127747
2026-07-23,5,148,148,0.00949932776435495
2026-07-24,1,148,148,0.05992180781593388
2026-07-24,2,148,148,0.07454320673417425
2026-07-24,3,148,148,0.08116482402267676
2026-07-24,4,148,147,0.044351688927435996
2026-07-24,5,147,147,0.025235093806755825
2026-07-27,1,148,148,0.016244355838115853
2026-07-27,2,148,148,0.035481318432361145
2026-07-27,3,148,148,0.05214248505043495
2026-07-27,4,148,147,0.023925388665113914
2026-07-27,5,148,148,0.009979875783657149
2026-07-28,1,148,148,0.03925575456778542
2026-07-28,2,148,148,0.06316556337999217
2026-07-28,3,148,148,0.057136386049221846
2026-07-28,4,148,147,0.027457995039090608
2026-07-28,5,148,148,0.009591239806720038
2026-07-29,1,149,149,0.04298662168669081
2026-07-29,2,148,148,0.06590119634452027
2026-07-29,3,148,148,0.05330618798322823
2026-07-29,4,148,148,0.017364348821427462
2026-07-29,5,148,148,-0.0016383186006617438
2026-07-30,1,149,149,0.05910648970374699
2026-07-30,2,148,148,0.08253189065498362
2026-07-30,3,149,149,0.07036903803764866
2026-07-30,4,148,148,0.0212332120099027
2026-07-30,5,148,148,0.00030217819488770787
2026-07-31,1,149,149,0.04671618760211189
2026-07-31,2,148,148,0.0713533794507936
2026-07-31,3,149,149,0.05523265617978329
2026-07-31,4,148,148,0.016122365439435103
2026-07-31,5,148,148,-0.0022655887929524704
2026-08-03,1,149,149,0.041107399089290474
2026-08-03,2,149,149,0.06917671645521334
2026-08-03,3,149,149,0.060474710926921846
2026-08-03,4,149,149,0.011635546141995565
2026-08-03,5,148,148,-0.010436790555054639
2026-08-04,1,149,149,0.03009074944149321
2026-08-04,2,148,148,0.055329653275341256
2026-08-04,3,149,149,0.04188247131264222
2026-08-04,4,148,148,0.010364467335996067
2026-08-04,5,148,148,0.010395362598422326
2026-08-05,1,149,149,0.014444662803650431
2026-08-05,2,148,148,0.034826667341655446
2026-08-05,3,149,149,0.02080271525878857
2026-08-05,4,148,148,-0.004208427629012006
2026-08-05,5,148,148,0.00048375201110014055
2026-08-06,1,149,149,0.007432143748207897
2026-08-06,2,149,149,0.01945367435530818
2026-08-06,3,148,148,0.01723371627663568
2026-08-06,4,149,149,0.0017743605792775925
2026-08-06,5,148,148,0.005706351718781638
2026-08-07,1,149,149,-0.020284904652266133
2026-08-07,2,149,149,0.003389070658584834
2026-08-07,3,149,149,-0.005367593864435724
2026-08-07,4,149,149,-0.00267669739893554
2026-08-07,5,148,148,0.010350351145570475
2026-08-10,1,149,149,-0.012542541550076971
2026-08-10,2,149,149,0.011977781237028093
2026-08-10,3,149,149,-0.007329206327025722
2026-08-10,4,149,149,-0.007063307349464903
2026-08-10,5,149,149,-0.008781192165975338
2026-08-11,1,149,149,-0.0036199822358918853
2026-08-11,2,149,149,0.021682277431374606
2026-08-11,3,149,149,0.0013790513817584949
2026-08-11,4,149,149,0.0028868461972674647
2026-08-11,5,148,148,0.007375341300302995
2026-08-12,1,149,149,-0.025547636796580946
2026-08-12,2,149,149,-0.005029392381951249
2026-08-12,3,149,149,-0.010160904258060752
2026-08-12,4,149,149,-0.01086970015403221
2026-08-12,5,148,148,0.008198114016576741
2026-08-13,1,149,149,-0.0342299864432421
2026-08-13,2,149,149,-0.003368106320216803
2026-08-13,3,148,148,-0.014316591063143026
2026-08-13,4,149,149,-0.0118416305360713
2026-08-13,5,148,148,0.008247335376012903
2026-08-14,1,149,149,-0.0500549990094643
2026-08-14,2,148,148,-0.020213486727496063
2026-08-14,3,149,149,-0.033106940917859054
2026-08-14,4,148,148,-0.020859719035932013
2026-08-14,5,148,148,-0.004765089798305628
2026-08-17,1,149,149,-0.05917178279892756
2026-08-17,2,148,147,-0.02935037800924989
2026-08-17,3,149,149,-0.033308538823209596
2026-08-17,4,148,148,-0.022495086152373462
2026-08-17,5,148,148,-0.0034490784183271823
2026-08-18,1,148,148,-0.051938259450472576
2026-08-18,2,148,147,-0.03068290143676812
2026-08-18,3,148,148,-0.02661692935352345
2026-08-18,4,148,148,-0.021652737484877296
2026-08-18,5,148,148,-0.012146400628648888
