date,assets_total,factor_count,factor_coverage,valid_pairs,ic,rank_ic,factor_mean,factor_std,factor_min,factor_max
2023-01-03,1000,904,0.904,904,0.1958051642784398,0.1355354028405862,-7.466986714293089e-17,0.9999999999999997,-4.0272270679279645,2.461429623916456
2023-01-04,1000,905,0.905,905,0.20059223441283788,0.1586914644353193,-3.925650473812708e-17,1.0000000000000002,-3.90890534951011,2.427618777119606
2023-01-05,1000,906,0.906,906,0.18193631948820949,0.14932665339662266,-7.842635052539737e-18,1.000000000000001,-3.8651917322509393,2.3341541274024546
2023-01-06,1000,906,0.906,905,0.25580119485988034,0.23710747257998216,-3.9213175262698686e-18,1.0,-4.010433553797643,2.2572002849969115
2023-01-09,1000,905,0.905,905,0.22939462267149946,0.2191499303665169,-5.888475710719062e-17,0.9999999999999996,-3.937583567832722,2.252808884061224
2023-01-10,1000,905,0.905,905,0.2724300918901823,0.24611335011673885,7.851300947625417e-18,1.0000000000000004,-3.9568323528267784,2.1278584107263954
2023-01-11,1000,903,0.903,902,0.25385825575775867,0.23994329861510905,-3.9343451592475096e-17,0.9999999999999996,-3.8950718122262824,2.104629433191447
2023-01-12,1000,902,0.902,902,0.29154116707749755,0.280589484809544,-7.87741392195233e-18,1.0000000000000004,-3.6150793271991315,2.135053538603176
2023-01-13,1000,902,0.902,902,0.27919401144071926,0.27799781360154835,-3.938706960976165e-18,1.0000000000000007,-3.5117837863540156,2.068100271525757
2023-01-16,1000,905,0.905,905,0.24433243463614732,0.2495147026438384,-1.1776951421438125e-17,1.0,-3.6032865419081896,2.068759681140613
2023-01-17,1000,906,0.906,906,0.24381570319081725,0.25991828866229605,-7.842635052539737e-18,0.9999999999999999,-3.7511292396243414,2.111397424724733
2023-01-18,1000,909,0.909,909,0.21578656767759397,0.23872394708632697,-5.0808886495496716e-17,1.0000000000000007,-4.030283325221493,2.0704973919504552
2023-01-19,1000,907,0.907,907,0.17408246426078697,0.21011803353075154,-7.833988266373762e-18,0.999999999999999,-3.98170678417443,1.9844846576648367
2023-01-20,1000,912,0.912,912,0.20846766212402282,0.23116487456728635,-3.895519384649672e-18,0.9999999999999987,-4.4064054445298355,1.955398252621617
2023-01-30,1000,913,0.913,913,0.2144007767499808,0.21188157922257592,1.9456263301207562e-17,0.9999999999999998,-4.202026945145679,2.046762134192777
2023-01-31,1000,914,0.914,914,0.23003726416055634,0.22016782805251148,7.773990544421227e-18,0.9999999999999989,-3.952692225771794,1.9605990178598354
2023-02-01,1000,916,0.916,916,0.23434809803520643,0.22306368357340361,2.3271050297819874e-17,0.9999999999999996,-3.9489233962035133,2.0421613869527455
2023-02-02,1000,917,0.917,917,0.23424398380670886,0.23231706493412174,0.0,0.9999999999999987,-4.098417661114619,1.9218963121814538
2023-02-03,1000,919,0.919,918,0.2688619763501952,0.2595687854641819,2.319508386594451e-17,0.9999999999999999,-4.006825922682157,1.940971024134247
2023-02-06,1000,918,0.918,917,0.25735826314030535,0.2641649609214345,0.0,1.0000000000000002,-4.028257744285599,1.9387490708116062
2023-02-07,1000,919,0.919,918,0.24848047753322786,0.2477722755825058,1.5463389243963008e-17,0.999999999999999,-3.991126838087523,1.8154333807699083
2023-02-08,1000,919,0.919,918,0.22040092080340845,0.24529751502985714,3.0926778487926015e-17,0.9999999999999997,-4.069620309689018,1.891824736785534
2023-02-09,1000,921,0.921,920,0.22233225854841027,0.25297543008400064,-7.714904839957657e-18,0.9999999999999999,-4.201310963178417,1.9007250342432909
2023-02-10,1000,921,0.921,921,0.18493949932019776,0.22361316301150239,7.714904839957657e-18,1.0000000000000013,-4.277602470182385,1.9508682245812348
2023-02-13,1000,920,0.92,920,0.15605636893619199,0.2085940353059681,7.723290606088046e-18,0.9999999999999992,-4.358750120407552,1.9836550895035616
2023-02-14,1000,921,0.921,921,0.150884330230772,0.22030214981609642,-1.5429809679915314e-17,0.9999999999999996,-4.281815881900266,1.877790602584574
2023-02-15,1000,922,0.922,922,0.19665304078500653,0.2586259663627219,-2.3119611792627988e-17,1.0000000000000013,-4.222037401716267,2.1945139517661123
2023-02-16,1000,922,0.922,922,0.16921003661721112,0.23846235739609317,-7.70653726420933e-18,1.0,-4.231248379124118,2.3440084689616
2023-02-17,1000,922,0.922,922,0.1305718005783421,0.22860905890916258,0.0,0.9999999999999997,-4.265895655099831,2.0784297510309355
2023-02-20,1000,926,0.926,926,0.166416937273354,0.2550334033819097,2.301974305918251e-17,1.0,-4.212004969390852,2.2172958964570055
2023-02-21,1000,931,0.931,931,0.14382372272258104,0.2248388602413085,1.5264075956178306e-17,0.9999999999999998,-4.10633666131154,2.2478413176488052
2023-02-22,1000,930,0.93,930,0.1342888217695521,0.22671754895832716,-1.1460366705808068e-17,0.9999999999999992,-4.199934507534574,2.1000349269433274
2023-02-23,1000,929,0.929,929,0.08484219728044196,0.20150507356820777,1.5296937260712597e-17,0.9999999999999996,-4.304147875892689,2.099715768276245
2023-02-24,1000,929,0.929,929,0.07459570854873078,0.2090349350805654,0.0,1.0000000000000004,-4.16538190626062,2.084369737285983
2023-02-27,1000,924,0.924,924,0.05989031970515852,0.18795716940778556,0.0,0.9999999999999999,-4.267288382100165,2.104164652293174
2023-02-28,1000,927,0.927,927,0.05148838669510597,0.16985329410788028,-1.1497455271199033e-17,1.0000000000000007,-4.298782078363604,2.0953086941703334
2023-03-01,1000,930,0.93,930,0.044855350007679054,0.1608105410633829,-3.820122235269356e-18,0.9999999999999999,-4.225265661870605,2.2930206980066146
2023-03-02,1000,930,0.93,930,0.03434066573446717,0.12589899832643517,1.4325458382260084e-17,1.0000000000000002,-4.350908378608233,2.191025153791785
2023-03-03,1000,931,0.931,930,0.017594352254471327,0.10770938853307035,-2.8620142417834327e-18,0.9999999999999996,-4.566251573455328,2.17616924226234
2023-03-06,1000,929,0.929,929,-0.02022945847546118,0.08338134059452129,1.434087868191806e-17,1.0,-4.3215884852670525,2.142982371290221
2023-03-07,1000,927,0.927,927,-0.03673221873416103,0.0665147662610128,-2.5869274360197823e-17,0.999999999999999,-4.38088218981488,2.216676942524948
2023-03-08,1000,928,0.928,928,-0.04083515050726661,0.04935613002228846,-1.5313421029312504e-17,1.0000000000000002,-4.422477126975209,1.972859089551203
2023-03-09,1000,928,0.928,928,-0.039595455844964995,0.022080388284662487,7.656710514656252e-18,1.0000000000000002,-4.49780892643886,1.9068475289292512
2023-03-10,1000,923,0.923,923,-0.029880180496102863,0.02746227589731661,-1.539637563943879e-17,0.9999999999999991,-4.492457577678645,1.8760769164886566
2023-03-13,1000,922,0.922,922,-0.025055416695271737,0.0547432657570038,4.816585790130831e-18,0.9999999999999987,-4.613203060135704,2.04027056071645
2023-03-14,1000,922,0.922,922,-0.03854734888341124,0.029692999228175435,-2.504624610868032e-17,0.9999999999999994,-4.546694970903901,2.0709055288142055
2023-03-15,1000,925,0.925,925,-0.05725684123622356,0.00247557623812976,1.0562121747785273e-17,0.9999999999999986,-4.594465620171782,2.060536193359008
2023-03-16,1000,921,0.921,920,-0.07057899022119693,-0.02065509314574081,7.714904839957657e-18,0.9999999999999993,-4.213896636397916,2.0180571963793925
2023-03-17,1000,922,0.922,922,-0.11957185358144422,-0.08593747159186657,0.0,1.0000000000000002,-4.185944975281481,1.900493713715256
2023-03-20,1000,921,0.921,921,-0.14350293258904215,-0.09821288325350291,1.1572357259936486e-17,0.9999999999999993,-4.174346655775675,2.148582654987739
2023-03-21,1000,922,0.922,922,-0.1256369214057623,-0.06182555177147096,1.1559805896313994e-17,1.0000000000000002,-4.2038141099105415,1.751984003724576
2023-03-22,1000,923,0.923,923,-0.1502632203962903,-0.08365376902821127,0.0,1.0000000000000004,-4.3296230700618805,1.8463598071544995
2023-03-23,1000,921,0.921,921,-0.13594713858628776,-0.08560337091930247,-2.7002166939851798e-17,1.0,-4.316665108698778,1.8076060804066174
2023-03-24,1000,924,0.924,924,-0.14362494799825262,-0.09140511150079891,2.6914497566670462e-17,0.9999999999999999,-4.252105400034882,1.8777611941509709
2023-03-27,1000,918,0.918,918,-0.1270238470310467,-0.08072458578620843,-2.322035084183334e-17,1.0000000000000004,-4.130156649792238,1.9476847593672073
2023-03-28,1000,917,0.917,914,-0.07366734852633307,-0.04803491318851003,-1.549711528375355e-17,1.0000000000000007,-4.099877078277581,2.0300154767845853
2023-03-29,1000,912,0.912,910,-0.0733475124478239,-0.03934288834952237,0.0,1.0000000000000002,-4.401377671480562,2.0484536460782605
2023-03-30,1000,910,0.91,908,-0.0893526508747327,-0.03745610698246817,-1.1712242897144509e-17,1.0000000000000013,-4.36442792404986,1.7593212835631238
2023-03-31,1000,908,0.908,907,-0.06772940967142793,-0.02204621348242072,-1.5650721051984587e-17,1.0000000000000004,-4.32384542994453,2.0334893582430715
2023-04-03,1000,910,0.91,909,-0.028693183600308883,0.01746865061222562,-7.808161931429672e-18,0.999999999999999,-4.292042148340379,2.2053606423330216
2023-04-04,1000,911,0.911,910,-0.0003684604240291181,0.026398588185970323,3.899795476180572e-18,1.0000000000000007,-4.276571549146779,2.2162105650034287
2023-04-06,1000,911,0.911,909,0.022198926851056136,0.060008498305932696,-1.1699386428541715e-17,1.0000000000000009,-4.30325469256992,2.290869399608576
2023-04-07,1000,911,0.911,909,0.03669390396921955,0.060888205294363985,3.899795476180572e-18,1.0000000000000007,-4.100296404107632,2.2934849364190293
2023-04-10,1000,909,0.909,907,0.010818587851990896,0.04856699773191618,3.908375884268978e-18,1.0,-4.068336168040914,2.283126225302874
2023-04-11,1000,911,0.911,909,0.03715493377346491,0.059863325721394224,-2.7298568333264003e-17,0.9999999999999997,-3.8949430224459336,2.32844353096474
2023-04-12,1000,916,0.916,915,0.055018543276983745,0.06033116875599925,7.757016765939958e-18,0.9999999999999997,-3.8807211724373785,2.5255087514685894
2023-04-13,1000,917,0.917,916,0.10466929883946191,0.10726973909550853,1.549711528375355e-17,1.0000000000000002,-3.9324761904169194,2.584777307551583
2023-04-14,1000,917,0.917,915,0.07401691820223455,0.09510622417247688,7.748557641876774e-18,1.0000000000000002,-3.7681741509719395,2.4366155909246756
2023-04-17,1000,917,0.917,916,0.0463380808365161,0.07876617124905753,-3.874278820938387e-18,1.0000000000000004,-3.866896513877543,2.481442008035517
2023-04-18,1000,917,0.917,916,0.06695458880730207,0.09898326033063429,-1.549711528375355e-17,0.9999999999999991,-3.8627144474909043,2.572447417881103
2023-04-19,1000,915,0.915,914,0.12112149841830903,0.13483381984633996,0.0,0.9999999999999987,-4.022147407164775,2.6301713344334674
2023-04-20,1000,915,0.915,915,0.15959061951304684,0.1758978795261316,4.659296627935083e-17,0.9999999999999991,-4.028200712613228,2.6180102608949682
2023-04-21,1000,911,0.911,911,0.12107035431672324,0.1854424491101942,3.899795476180572e-18,1.0000000000000007,-4.014569623833985,2.8060945726817574
2023-04-24,1000,911,0.911,911,0.13540240517647395,0.197651986742906,-1.5599181904722288e-17,1.0000000000000016,-3.8470065315156896,2.7952494676186572
2023-04-25,1000,911,0.911,911,0.10266173342924324,0.18642651761549442,-1.949897738090286e-17,1.0,-3.7448431658936183,2.7481457709144235
2023-04-26,1000,912,0.912,910,0.09359920304301166,0.13645215428750576,0.0,1.0000000000000002,-3.9527960709876937,2.8776641489204753
2023-04-27,1000,910,0.91,909,-0.005833676929260847,0.05179401364315039,3.123264772571869e-17,0.9999999999999989,-4.004271757925654,3.049538160997225
2023-04-28,1000,913,0.913,912,0.017845339325032433,0.0678585225720176,1.9456263301207562e-17,0.9999999999999996,-3.9674569533881248,3.162632093574062
2023-05-04,1000,913,0.913,913,-0.015649464579244602,0.06920339534307063,-7.782505320483025e-18,0.9999999999999999,-4.006650649938385,3.1143571136458403
2023-05-05,1000,913,0.913,913,-0.017572531109605785,0.0644942273870051,4.280377926265664e-17,1.0000000000000002,-4.0749990976299415,2.8689240351111445
2023-05-08,1000,917,0.917,917,-0.034062859399074025,0.02817148103771964,3.874278820938387e-18,1.0,-4.070733729596144,2.8537598978868672
2023-05-09,1000,916,0.916,915,-0.03982789645555328,0.012734661384756256,1.1635525148909937e-17,0.9999999999999998,-3.983313947441155,2.7798931840046675
2023-05-10,1000,915,0.915,914,-0.06816459563233965,-0.004895091313916863,-3.882747189945903e-18,1.0,-3.9172817328882736,2.958981055711164
2023-05-11,1000,916,0.916,915,-0.0818277325383242,-0.009698248837309012,-1.1635525148909937e-17,0.9999999999999996,-4.291837501078945,2.7405259876743315
2023-05-12,1000,914,0.914,913,-0.12469555573208506,-0.06653033142788348,1.5547981088842454e-17,1.0000000000000004,-4.487193157735909,2.6965340483637203
2023-05-15,1000,915,0.915,914,-0.12129913011077512,-0.05490460184995918,-7.765494379891805e-18,1.0,-4.14660615816508,2.6214444511937938
2023-05-16,1000,913,0.913,912,-0.12864406283933533,-0.04284973512998154,1.556501064096605e-17,0.9999999999999994,-4.0960810325567465,2.680403796504017
2023-05-17,1000,912,0.912,910,-0.13112753636412558,-0.042860769593442864,1.5582077538598687e-17,0.9999999999999996,-4.01495740516348,2.6769755323043443
2023-05-18,1000,911,0.911,909,-0.11511323051496564,-0.030040784487678517,-7.799590952361144e-18,1.0000000000000002,-3.9855238393496473,2.707070172486533
2023-05-19,1000,908,0.908,907,-0.1629548030085374,-0.06050410337326211,3.912680262996147e-18,1.0000000000000002,-4.01422857339519,2.695050909157398
2023-05-22,1000,907,0.907,906,-0.18435256175666698,-0.06801367707580278,1.1750982399560643e-17,1.0000000000000002,-4.114155256049602,2.659465187566343
2023-05-23,1000,904,0.904,904,-0.18111885330723598,-0.06599237432450825,0.0,0.9999999999999994,-4.053188048336456,2.562130043316934
2023-05-24,1000,904,0.904,904,-0.13226447017276774,-0.04089764836818362,-1.5719972030090712e-17,1.0,-3.9035292475558183,2.577601795326316
2023-05-25,1000,904,0.904,904,-0.12166744231086465,-0.021400754635089964,1.964996503761339e-17,0.9999999999999996,-3.890064120444133,2.5082970407887624
2023-05-26,1000,905,0.905,905,-0.1077517835808803,-0.044919222403878654,-7.851300947625417e-18,1.0000000000000013,-3.9178936513531197,2.465976517038312
2023-05-29,1000,903,0.903,903,-0.09352046907207669,-0.03627525907724257,-5.114648707021762e-17,0.9999999999999993,-3.920070278935865,2.431064962382984
2023-05-30,1000,902,0.902,902,-0.06607478088048867,-0.0006286972715084563,-7.87741392195233e-18,0.9999999999999997,-3.9353371708628373,2.310488988173673
2023-05-31,1000,900,0.9,900,-0.10438096575383547,-0.032526344682730066,-1.578983857244667e-17,0.9999999999999991,-3.8232813675547352,1.9061788972037146
2023-06-01,1000,901,0.901,900,-0.056539424446764866,-0.022134151693773783,1.9715392224198118e-17,0.9999999999999996,-3.791238277979848,3.300854665264619
2023-06-02,1000,901,0.901,900,-0.05737301477467733,0.009721551136571572,0.0,0.9999999999999998,-3.9066794099701854,3.458953362824681
2023-06-05,1000,899,0.899,898,-0.02293572026341571,0.02623607588923381,-7.903701176419357e-18,1.0000000000000004,-3.96194232883046,3.4178301878034136
2023-06-06,1000,897,0.897,897,-0.04542027218390818,0.04519606241926639,0.0,0.9999999999999994,-4.059549176961307,3.5232191059391944
2023-06-07,1000,896,0.896,895,-0.0027018500363007775,0.06320324598528033,3.96508223080413e-18,1.0,-4.167481906902452,3.5293358720123815
2023-06-08,1000,897,0.897,897,0.011454434686241553,0.0861664123926281,-1.1881985547827762e-17,0.9999999999999998,-4.035814909168873,3.266820134887735
2023-06-09,1000,895,0.895,895,0.050254591351511314,0.12481434865168844,1.1908537470839668e-17,0.9999999999999991,-4.215143231661275,3.1945124190026424
2023-06-12,1000,896,0.896,896,0.11766177590389475,0.12720851416591117,1.586032892321652e-17,0.9999999999999986,-4.148925300810889,3.11245168914312
2023-06-13,1000,898,0.898,898,0.09502674493862696,0.09760755511605984,1.582500525078174e-17,1.0000000000000002,-3.7220405014567084,2.8348855269311732
2023-06-14,1000,895,0.895,895,0.09732250297117802,0.11440401095231596,0.0,0.9999999999999988,-4.034070940630815,2.5192734764101203
2023-06-15,1000,896,0.896,896,0.09952653772345714,0.14435153290964559,-1.1895246692412391e-17,1.0000000000000007,-4.03097547644409,2.4890154186440374
2023-06-16,1000,898,0.898,898,0.1448340760326466,0.17130826792014858,1.1868753938086306e-17,1.0000000000000007,-3.982973140117203,2.6135010526699753
2023-06-19,1000,898,0.898,898,0.20060226027595807,0.18586567966878437,-1.9781256563477176e-18,1.0000000000000002,-4.121661405680912,2.553875194357094
2023-06-20,1000,898,0.898,898,0.2500635864659278,0.20482125825990258,2.7693759188868048e-17,1.0,-3.5307956036270265,2.4823933368223914
2023-06-21,1000,900,0.9,900,0.21690749828812853,0.17752260599498682,3.947459643111668e-17,1.0,-3.575403872010047,2.4386896649563337
2023-06-26,1000,901,0.901,901,0.201991539395586,0.17212605547351215,2.5630009891457554e-17,0.9999999999999996,-3.694040523057405,2.636910067144438
2023-06-27,1000,904,0.904,904,0.20623617709679604,0.15534780214315036,-2.5544954548897407e-17,1.0,-3.872624164057744,2.5393818298350466
2023-06-28,1000,902,0.902,902,0.23083617899238085,0.17806241006529153,3.938706960976165e-18,0.9999999999999996,-3.8256087549543887,2.532081393642339
2023-06-29,1000,902,0.902,902,0.22771172741814427,0.1635982480360048,-2.5601595246345072e-17,0.9999999999999997,-3.948259866452176,2.3467229129761584
2023-06-30,1000,906,0.906,906,0.2557019954789631,0.1885804710515079,0.0,0.9999999999999996,-3.9047645373444446,2.4350271222516837
2023-07-03,1000,907,0.907,906,0.25814085952010146,0.19370772407963652,-7.833988266373762e-18,0.9999999999999997,-4.281667965474471,2.540004841881467
2023-07-04,1000,906,0.906,906,0.28082142653502895,0.2054953145089948,2.7449222683889082e-17,0.9999999999999993,-4.231599674006345,2.4679827035308683
2023-07-05,1000,900,0.9,900,0.24574880529837986,0.20330974168448432,-1.1842378929335004e-17,1.0000000000000004,-4.382547156079267,2.337413044055214
2023-07-06,1000,899,0.899,899,0.2573827504426065,0.19997026474165608,-3.9518505882096784e-18,1.0000000000000004,-4.407945560297791,2.2016867480354927
2023-07-07,1000,901,0.901,901,0.25641872385405656,0.21498416834592446,1.5772313779358495e-17,0.9999999999999999,-4.257400248609195,2.173199737518629
2023-07-10,1000,900,0.9,900,0.2047709992625975,0.18822094338369308,3.947459643111668e-18,0.9999999999999992,-4.106790158949269,2.132044631373332
2023-07-11,1000,900,0.9,900,0.2078422346032998,0.1793246448313443,-7.894919286223335e-18,0.9999999999999997,-4.080129236148432,2.1244474372695223
2023-07-12,1000,897,0.897,897,0.22262787293828185,0.19641154641791314,0.0,1.0000000000000009,-4.285869072997114,2.0780485880715065
2023-07-13,1000,899,0.899,899,0.22896258328220734,0.20661128732749393,-3.161480470567743e-17,0.9999999999999996,-4.2245942177060485,2.0743621141902717
2023-07-14,1000,897,0.897,897,0.2615254124345702,0.2054069870034056,-1.9803309246379605e-17,0.9999999999999989,-4.2284154134772445,2.20910788052782
2023-07-17,1000,897,0.897,897,0.2042816032410826,0.1604892738723349,0.0,0.9999999999999996,-4.1973448668313065,2.2301380934752575
2023-07-18,1000,897,0.897,897,0.19951825262211537,0.1561372144951535,-1.9803309246379605e-17,0.9999999999999993,-3.9068033860683062,2.2569058623439355
2023-07-19,1000,896,0.896,896,0.20803688386022517,0.17183702140936274,-1.784287003861859e-17,0.9999999999999997,-3.7595232012600044,2.203247771692619
2023-07-20,1000,895,0.895,895,0.13428117315130372,0.14136440230300304,-3.5725612412519e-17,0.9999999999999996,-3.873792970483626,2.2328276836413643
2023-07-21,1000,897,0.897,897,0.14442399861854294,0.1426848433738197,-1.1881985547827762e-17,1.0000000000000004,-4.0071337675162315,2.2165160896484752
2023-07-24,1000,896,0.896,896,0.18538637427034757,0.19403767490362914,1.586032892321652e-17,0.9999999999999999,-3.799021671465275,1.9782365212515853
2023-07-25,1000,900,0.9,900,0.09361400603341906,0.15188785548325914,-1.578983857244667e-17,0.9999999999999992,-3.5419279742148793,2.0823455683407546
2023-07-26,1000,908,0.908,908,0.04395177178153425,0.13032461373826482,1.173804078898844e-17,0.9999999999999993,-3.6797854603161273,2.15025906367747
2023-07-27,1000,909,0.909,909,0.07587568769212114,0.1367096096877221,3.908375884268978e-18,1.0000000000000002,-3.728244941063262,2.1198695434913475
2023-07-28,1000,911,0.911,911,0.056467269887185936,0.11783474332684366,-1.5599181904722288e-17,1.0000000000000004,-3.853128901431383,2.218387590287428
2023-07-31,1000,913,0.913,912,0.09749487130841591,0.15493181115680865,1.556501064096605e-17,1.0000000000000002,-4.001207882476573,2.1707878386785593
2023-08-01,1000,913,0.913,912,-0.01296045677614644,0.07722831703560569,0.0,0.9999999999999991,-3.563515243783993,2.0546530346522425
2023-08-02,1000,916,0.916,915,-0.007139599796498947,0.06714397239313705,-1.1635525148909937e-17,0.9999999999999994,-3.510581624162313,2.096165913053438
2023-08-03,1000,915,0.915,914,-0.020155912926410603,0.05845114333931777,-1.1648241569837708e-17,1.0000000000000002,-3.2853816153505555,2.1350364347423887
2023-08-04,1000,918,0.918,917,-0.014660431002953698,0.043469709383466316,1.161017542091667e-17,0.9999999999999999,-3.3923778291459588,2.0482959068495474
2023-08-07,1000,919,0.919,918,0.008703884869206731,0.03425548308566567,3.865847310990752e-18,1.0000000000000007,-3.851445234859047,1.9642228932149974
2023-08-08,1000,919,0.919,918,0.03106816060044899,0.04036356346241444,-1.5463389243963008e-17,1.0000000000000009,-4.068523744013748,2.104884322829229
2023-08-09,1000,921,0.921,920,0.00705186633762973,0.05170120894856416,-3.8574524199788285e-18,0.9999999999999998,-3.852221508902186,2.1785326168879506
2023-08-10,1000,920,0.92,919,0.03127979031028504,0.07917564865406736,-7.723290606088046e-18,0.9999999999999999,-3.8940001780519555,2.245370675752183
2023-08-11,1000,915,0.915,914,-0.03262096479463416,0.037513228488204375,1.1648241569837708e-17,0.9999999999999996,-4.032851538582045,2.3128373059764082
2023-08-14,1000,916,0.916,916,0.010729907137909259,0.040578092920709734,7.757016765939958e-18,1.0,-4.1200649913568155,2.35457530319537
2023-08-15,1000,912,0.912,912,0.006714531559542789,0.022223917387906446,1.1686558153949016e-17,0.9999999999999998,-4.124524174397902,2.4099505337135487
2023-08-16,1000,913,0.913,913,0.014138382914334623,0.015942741270444746,1.1673757980724537e-17,1.0000000000000002,-4.242173554677565,2.4288187573570124
2023-08-17,1000,915,0.915,915,0.03910533282302105,0.041567786186758535,-1.1648241569837708e-17,1.0,-4.143246891939871,2.4922805657663805
2023-08-18,1000,913,0.913,913,0.01790019944750359,0.02881965142203113,1.1673757980724537e-17,0.9999999999999993,-4.3614209074338754,2.486783930220921
2023-08-21,1000,913,0.913,913,0.020412008460521013,0.013197761877118982,-1.556501064096605e-17,1.0,-4.4436645877950145,2.6300652461418665
2023-08-22,1000,912,0.912,912,0.08578209129509878,0.05897619478592132,1.1686558153949016e-17,0.9999999999999991,-4.526428536073811,2.4129691273653324
2023-08-23,1000,912,0.912,912,0.09940758033891588,0.0725666655492747,1.1686558153949016e-17,0.9999999999999996,-4.605794658585404,2.525295710178374
2023-08-24,1000,913,0.913,913,0.07578719794484252,0.07808534949217656,-7.782505320483025e-18,0.9999999999999999,-4.433910520310847,2.427963342938865
2023-08-25,1000,910,0.91,910,0.049643723648213095,0.07484223185648818,-1.5616323862859345e-17,0.9999999999999991,-4.7867967363982045,2.075470578221703
2023-08-28,1000,913,0.913,912,-0.014438674842913534,0.017168145765534083,-2.3347515961449075e-17,1.0000000000000004,-4.983205062238439,2.4093519297207786
2023-08-29,1000,915,0.915,915,0.04913039750616021,0.06464793679972043,-3.494472470951313e-17,1.0,-4.847662677113741,2.598302971571096
2023-08-30,1000,914,0.914,914,0.028798572155216865,0.04794248009113096,1.9434976361053068e-17,1.0,-5.01258767791739,2.6113894741921566
2023-08-31,1000,911,0.911,911,0.08056626548838075,0.09261923969171812,-3.5098159285625145e-17,0.9999999999999991,-4.98716125334643,2.5961621495920646
2023-09-01,1000,909,0.909,909,0.029274542252374636,0.06821802055113477,-1.1725127652806934e-17,1.0000000000000002,-4.46824602671228,2.5362647445717226
2023-09-04,1000,912,0.912,912,0.06284338018753438,0.10374403921960622,-3.5059674461847047e-17,1.0000000000000007,-4.58392896450463,2.5316417474439064
2023-09-05,1000,913,0.913,913,0.0020475733638136945,0.06866915711823557,-1.556501064096605e-17,1.0000000000000009,-4.678777322616074,2.5985904023631523
2023-09-06,1000,915,0.915,915,0.02881268317681759,0.07872908632862806,-3.882747189945903e-18,0.9999999999999999,-4.156485309825612,2.6084381226975126
2023-09-07,1000,913,0.913,913,0.0014473759357587132,0.06977467668945331,1.1673757980724537e-17,0.9999999999999986,-4.1872245183151,2.481568775720104
2023-09-08,1000,911,0.911,911,0.030860672075311596,0.10007291315192772,-1.1699386428541715e-17,1.000000000000001,-3.976354968549341,2.4667250112292347
2023-09-11,1000,912,0.912,912,0.018267740474460965,0.09745125541242475,1.947759692324836e-17,0.9999999999999996,-3.994741565449238,2.16174222916721
2023-09-12,1000,912,0.912,912,0.0002310358776083261,0.08246340077187622,-4.285071323114639e-17,0.9999999999999994,-3.913244940036712,2.2120371605003952
2023-09-13,1000,911,0.911,911,0.012613024125369148,0.07900577190539944,3.899795476180572e-17,0.9999999999999999,-3.8430449654408374,2.169900428333537
2023-09-14,1000,912,0.912,912,0.01503271732359353,0.10238656962367661,-1.1686558153949016e-17,1.0000000000000007,-4.242596748539245,2.273792602141797
2023-09-15,1000,913,0.913,913,-0.03547717670901877,0.04989546698139917,4.280377926265664e-17,1.0,-3.8868933117091884,2.1632280440054714
2023-09-18,1000,912,0.912,912,-0.07093505856233588,0.03856708315267442,-7.791038769299344e-18,0.9999999999999998,-3.962329240738949,2.123595539282935
2023-09-19,1000,912,0.912,912,-0.07265686925924512,0.05366524582085795,1.1686558153949016e-17,0.999999999999999,-4.020748830646415,2.075077757360266
2023-09-20,1000,912,0.912,912,-0.07826031848651588,0.05204659962037315,-1.5582077538598687e-17,0.9999999999999988,-4.037971107351882,2.0597429946978885
2023-09-21,1000,912,0.912,912,-0.054550624297916926,0.05648837002285469,3.895519384649672e-17,0.9999999999999999,-4.051505323230734,2.135931043005148
2023-09-22,1000,911,0.911,911,-0.05802040117949702,0.039952778167298766,2.339877285708343e-17,1.0000000000000007,-3.89566891250643,2.132066781113132
2023-09-25,1000,910,0.91,910,-0.0432099220703827,0.027606298570928625,7.808161931429672e-18,0.9999999999999992,-3.8028748374427384,2.136375395693873
2023-09-26,1000,910,0.91,910,-0.03364078870317438,0.05252066374980722,3.123264772571869e-17,0.9999999999999997,-3.9061941947061527,2.026484176060955
2023-09-27,1000,908,0.908,908,-0.04566936098637408,0.059264243176839926,-1.5650721051984587e-17,1.0000000000000002,-3.695889154701934,2.213092830120739
2023-09-28,1000,908,0.908,908,-0.07327038704382258,0.03314979540918568,2.347608157797688e-17,1.0000000000000002,-4.061965557390332,2.331140167945409
2023-10-09,1000,908,0.908,908,-0.06367723341396729,0.019013024605238942,-3.1301442103969174e-17,0.9999999999999997,-4.208026142945912,2.3436381500916257
2023-10-10,1000,907,0.907,907,-0.07244273357209559,0.016439954436309964,6.26719061309901e-17,1.000000000000001,-4.253998313637658,2.3472661114285605
2023-10-11,1000,907,0.907,907,-0.052008381627225826,0.026922233319133456,7.833988266373762e-18,0.9999999999999989,-4.377139148826553,2.3085612969411082
2023-10-12,1000,907,0.907,907,-0.05545052559848498,0.0073631266330309135,1.9584970665934403e-17,1.0000000000000013,-4.448979568773485,2.2796432720700923
2023-10-13,1000,908,0.908,908,0.004484858230746451,0.016995639916310857,3.912680262996147e-18,0.9999999999999997,-4.26701718158502,2.2072204455862097
2023-10-16,1000,907,0.907,907,-0.004412457659542532,0.004736301390985379,2.3501964799121286e-17,1.0000000000000009,-4.509244450088645,2.4064781741218835
2023-10-17,1000,909,0.909,909,-0.041298254046314244,-0.02460486744797019,-7.816751768537955e-18,1.0,-4.560632110506807,2.3124602653883355
2023-10-18,1000,910,0.91,909,-0.007509206896312153,-0.0037883018254158724,-2.3424485794289017e-17,1.0000000000000009,-4.570637550503207,2.260160064184151
2023-10-19,1000,908,0.908,907,-0.06788596134892007,-0.025585510921119037,1.173804078898844e-17,1.0,-4.526441757534604,2.151561918744208
2023-10-20,1000,908,0.908,907,-0.07064546161601751,-0.013455037972396897,2.347608157797688e-17,0.9999999999999998,-4.667659583671823,2.171295084466216
2023-10-23,1000,904,0.904,904,-0.030074209353341357,0.025002976701478035,-7.859986015045356e-18,0.9999999999999998,-4.832502574372117,2.437680168531426
2023-10-24,1000,906,0.906,906,-0.01880314382993187,0.031780475810578176,7.842635052539737e-18,0.9999999999999989,-4.31624008357768,2.2218738594067484
2023-10-25,1000,910,0.91,910,0.018371040852623574,0.05936963018553186,3.9040809657148365e-17,0.9999999999999992,-4.3749309758103,2.091872909984517
2023-10-26,1000,909,0.909,909,0.016285257544531223,0.036758854020605684,6.644239003257262e-17,1.0,-4.308018801921296,2.2454025233863577
2023-10-27,1000,913,0.913,913,0.0584517786171847,0.0926906217371501,7.393380054458874e-17,0.9999999999999998,-4.601042687683026,2.240912435590055
2023-10-30,1000,912,0.912,912,0.06744040779375966,0.11621401666055642,7.791038769299344e-18,1.0,-4.595600189328307,2.0290749789092986
2023-10-31,1000,913,0.913,913,0.041774297127544185,0.13062952672891118,-7.782505320483025e-18,1.0000000000000002,-4.5583737460480105,2.0082189469316276
2023-11-01,1000,913,0.913,912,0.025221329069653527,0.11920421305633706,-3.8912526602415124e-18,1.0000000000000002,-4.64581124275488,2.0287039598163865
2023-11-02,1000,914,0.914,913,0.015046510926226496,0.08846943306806533,-3.4982957449895525e-17,1.0000000000000002,-4.591201993003091,2.0503757725661313
2023-11-03,1000,912,0.912,910,0.016583491938169354,0.10522897993794025,-1.1686558153949016e-17,1.0,-4.564933725966371,2.100773780777732
2023-11-06,1000,912,0.912,910,0.06021204371292329,0.13470522910013955,-1.5582077538598687e-17,0.9999999999999992,-4.296144151344076,2.0870841626452985
2023-11-07,1000,913,0.913,911,0.10300006116752812,0.18325684534545236,7.782505320483025e-18,1.000000000000001,-4.265735967306852,2.099162231205421
2023-11-08,1000,913,0.913,911,0.15499288111879558,0.20325421822778195,2.3347515961449075e-17,0.9999999999999998,-3.9380205187950414,2.0582963058166444
2023-11-09,1000,912,0.912,911,0.10475887593311835,0.17862264792292323,5.0641752000445734e-17,1.0000000000000002,-3.8911474367366212,2.1379214855540334
2023-11-10,1000,911,0.911,910,0.11225974294968401,0.18577966666740864,-7.799590952361144e-18,0.9999999999999994,-3.9799346333973897,2.12710433005435
2023-11-13,1000,912,0.912,911,0.06926482027085173,0.15322285774925287,2.7268635692547703e-17,0.999999999999999,-4.115120722096312,2.0638290681500617
2023-11-14,1000,913,0.913,913,0.09622769380642303,0.18814419812653002,-1.1673757980724537e-17,0.9999999999999996,-4.209265489300084,2.040734629699304
2023-11-15,1000,915,0.915,914,0.09396158626742494,0.17870668124973918,1.1648241569837708e-17,0.9999999999999999,-4.211904082142263,1.9815749299653937
2023-11-16,1000,914,0.914,914,0.11031895730511854,0.20187830693807546,-2.332197163326368e-17,0.9999999999999998,-4.407218161495367,2.118831956668408
2023-11-17,1000,914,0.914,913,0.0794994638443172,0.19785222572131145,5.441793381094859e-17,0.9999999999999996,-3.886671087727606,2.0688529215375513
2023-11-20,1000,912,0.912,911,0.07858580783639639,0.181996029855459,3.5059674461847047e-17,1.0000000000000007,-3.772801528384762,2.0079892571562583
2023-11-21,1000,914,0.914,913,0.08107898528907835,0.1609908555460991,-1.9434976361053068e-17,1.0,-3.7502376019299546,2.0969265915468425
2023-11-22,1000,914,0.914,914,0.10435081725294039,0.1941090769618175,4.275694799431675e-17,1.0000000000000002,-3.758364683253325,2.060031485230902
2023-11-23,1000,914,0.914,914,0.05752741114382862,0.16165367342849407,-5.441793381094859e-17,1.0000000000000007,-4.304900682894486,2.0255598714316916
2023-11-24,1000,914,0.914,914,0.0025068985092499933,0.14834535103208873,1.166098581663184e-17,0.9999999999999997,-4.639370483918745,2.188677346653823
2023-11-27,1000,913,0.913,913,-0.0608205274857995,0.12209819677050045,-6.615129522410571e-17,1.000000000000001,-5.070195241455747,2.1376548261334594
2023-11-28,1000,914,0.914,914,-0.0518112843789377,0.1334333685595316,-2.332197163326368e-17,0.9999999999999988,-5.0604555767461585,2.1380464110630584
2023-11-29,1000,914,0.914,913,-0.013886630372403444,0.11972800160572353,-7.773990544421227e-18,0.999999999999999,-5.022180964072408,2.1117340207393758
2023-11-30,1000,912,0.912,912,0.0469622737633475,0.1246816396186055,-3.895519384649672e-18,0.9999999999999998,-5.036973008676675,1.9751695506190505
2023-12-01,1000,913,0.913,912,0.03789659366507912,0.10519794007223447,2.3347515961449075e-17,0.9999999999999997,-5.0773243109158654,2.2238605330738523
2023-12-04,1000,913,0.913,913,0.10351279754911755,0.1337373304111298,3.98853397674755e-17,1.0,-4.768262261605027,2.0512197087523396
2023-12-05,1000,913,0.913,912,0.14634604268300208,0.14378808960652312,3.8912526602415124e-17,0.9999999999999999,-4.452557210388924,2.104621604787032
2023-12-06,1000,912,0.912,912,0.11218122952973081,0.13944634363685318,3.895519384649672e-17,1.0000000000000002,-4.769568520298728,2.058666923868818
2023-12-07,1000,912,0.912,912,0.183379377087691,0.175026850320523,-1.7529837230923523e-17,0.9999999999999999,-4.744945454818524,2.220669108827737
2023-12-08,1000,909,0.909,909,0.16884780563870605,0.17007618052103865,4.8854698553362226e-17,0.9999999999999997,-4.699946712273627,2.305402589471653
2023-12-11,1000,909,0.909,909,0.18213346772640066,0.17123294401192438,5.862563826403467e-18,0.9999999999999996,-4.739555135877092,2.437026174471997
2023-12-12,1000,910,0.91,910,0.20249274095939263,0.18513219800270103,-3.9040809657148365e-17,1.0000000000000004,-4.73200600485857,2.5809919391830434
2023-12-13,1000,910,0.91,909,0.19566149861738402,0.1866287861774692,-4.4896931105720617e-17,1.000000000000001,-4.7071592386889325,2.5903910223482316
2023-12-14,1000,910,0.91,910,0.18792291950573692,0.15394546817693106,-4.099285014000578e-17,0.9999999999999998,-4.813139178700491,2.5766173168068303
2023-12-15,1000,911,0.911,910,0.19692280443882318,0.15319456317262028,-4.484764797607658e-17,1.0000000000000002,-4.984837792531475,2.6223718513999947
2023-12-18,1000,906,0.906,906,0.18508827365740457,0.16366437795673178,3.333119897329388e-17,0.9999999999999999,-5.160784165249669,2.648382749393325
2023-12-19,1000,906,0.906,906,0.16807205617189383,0.1725340328246304,-4.705581031523842e-17,1.0000000000000002,-5.584762392474743,2.6730042816926662
2023-12-20,1000,903,0.903,903,0.12507413863795355,0.0906385214020109,-3.344193385360383e-17,1.0,-5.50828450445881,2.6626525685722755
2023-12-21,1000,904,0.904,904,0.17500350432238704,0.09258960659252974,-4.126492657898812e-17,1.0000000000000002,-5.357455548404022,2.683139392337133
2023-12-22,1000,905,0.905,905,0.15692793567291952,0.08160303270655997,1.7665427132157186e-17,1.0,-5.4486427305502545,2.607937971982155
2023-12-25,1000,904,0.904,904,0.17540838677519954,0.09125631721920557,-2.3579958045136068e-17,1.0000000000000009,-5.669522827252364,2.7263573212344854
2023-12-26,1000,900,0.9,900,0.19594318665591653,0.13314539126239824,-3.947459643111668e-18,0.9999999999999994,-5.7901648295022765,2.6771880079566506
2023-12-27,1000,902,0.902,902,0.1809381668051673,0.14022338290851435,-3.9387069609761654e-17,0.9999999999999996,-5.757818632328873,2.6374514789976504
2023-12-28,1000,907,0.907,907,0.19113822669896757,0.17846889208230393,1.9584970665934403e-17,0.999999999999999,-5.565440587574155,2.698179353088662
2023-12-29,1000,906,0.906,905,0.24311782943856303,0.21199105254394848,4.705581031523842e-17,0.9999999999999999,-5.450536892194779,2.595528535353155
2024-01-02,1000,907,0.907,906,0.2164233654306282,0.1820710366291201,-3.916994133186881e-18,1.0,-5.508692773183113,2.7119241525675606
2024-01-03,1000,907,0.907,906,0.19466073299051992,0.14605498517040613,3.133595306549505e-17,0.9999999999999991,-5.473415477792242,2.567027905488477
2024-01-04,1000,905,0.905,903,0.1682155865201212,0.1084421946198728,-1.1776951421438125e-17,1.0000000000000007,-5.413522920253358,2.484209544044071
2024-01-05,1000,904,0.904,902,0.14929500037740656,0.08988528075616671,7.859986015045356e-18,1.0000000000000007,-5.10651468787595,2.3747872441880404
2024-01-08,1000,903,0.903,903,0.16694185233498798,0.07209548638158866,-2.7540416114732565e-17,0.9999999999999996,-5.089283643903238,2.501387571983688
2024-01-09,1000,901,0.901,901,0.19330355185562478,0.06755497881629924,1.9715392224198118e-17,1.0000000000000004,-4.953547887560471,2.2613576978881094
2024-01-10,1000,901,0.901,901,0.21139886057672228,0.08123188278619502,5.126001978291511e-17,0.9999999999999996,-4.807688487745492,2.1929772313982463
2024-01-11,1000,905,0.905,904,0.25145009948177355,0.11081211779953405,-3.9256504738127085e-18,0.9999999999999999,-4.834253877579749,2.1340527789617134
2024-01-12,1000,903,0.903,903,0.21574040430200223,0.09999775666182416,2.3606070955485057e-17,0.9999999999999991,-4.68672026223109,2.116385907316695
2024-01-15,1000,903,0.903,903,0.20763498749935166,0.10416277107692203,-1.1803035477742528e-17,0.9999999999999997,-4.596635545294611,2.196830135384629
2024-01-16,1000,901,0.901,901,0.2086515495736697,0.09789781984784764,0.0,1.0000000000000002,-4.4900423905434765,2.167399123190508
2024-01-17,1000,898,0.898,898,0.16702883453978873,0.0560179545487754,1.582500525078174e-17,1.0000000000000002,-4.218420206236423,2.048641096766148
2024-01-18,1000,899,0.899,899,0.21125898358030434,0.1250986227457736,-1.5807402352838714e-17,0.9999999999999997,-4.330200231929909,2.0152988996217474
2024-01-19,1000,897,0.897,897,0.1980341175515633,0.1089295108262721,-1.9803309246379605e-17,1.0000000000000009,-4.732878463878539,1.753338411120151
2024-01-22,1000,892,0.892,892,0.16612362256467264,0.10991163148244673,-1.5931451474441708e-17,1.0,-4.78588781995977,2.158816094652875
2024-01-23,1000,893,0.893,893,0.20497250032169048,0.13243762586434252,-7.956805551624862e-18,1.000000000000001,-4.364064756798542,2.2199930877581786
2024-01-24,1000,901,0.901,901,0.15395497003540848,0.05797243552930914,5.126001978291511e-17,1.0,-4.168379981765741,2.3531022953230325
2024-01-25,1000,908,0.908,908,0.11250472194358824,0.05614070195481719,7.825360525992293e-17,1.0000000000000002,-4.408408390120946,2.613577801302825
2024-01-26,1000,908,0.908,908,0.05814541095214008,0.000937438516238326,-1.0172968683789981e-16,0.9999999999999999,-4.545936936158755,2.568078440986796
2024-01-29,1000,904,0.904,903,-0.002292682580913462,-0.03432219445021678,5.501990210531749e-17,1.0000000000000002,-4.577959570998188,2.2759925129579845
2024-01-30,1000,899,0.899,899,-0.03391801683483775,-0.04467802668376087,-1.8178512705764522e-16,0.9999999999999996,-4.544862541868776,2.1750572290206276
2024-01-31,1000,887,0.887,887,-0.018565150065527572,-0.007534700102617532,2.6034542178357672e-17,1.0000000000000004,-4.814342950232084,2.3673525223260103
2024-02-01,1000,887,0.887,886,-0.02496183390360411,-0.03617019502591559,1.2015942543857387e-17,1.0,-4.807728889993086,2.193262033202962
2024-02-02,1000,883,0.883,883,-0.08251362786839977,-0.08815706863071972,-2.7359516439233757e-16,1.0000000000000007,-4.670071305405877,2.230121867195235
2024-02-05,1000,874,0.874,874,-0.16778044539357803,-0.21577303283207136,-5.0811122408473986e-17,1.0,-4.783401775111078,2.591967993681097
2024-02-06,1000,880,0.88,880,-0.12783578933902007,-0.17420303402363108,1.2111523905001707e-17,0.9999999999999997,-4.227244582824479,2.61418787189089
2024-02-07,1000,878,0.878,878,0.0066047009319000136,-0.012538922121768912,-2.4278225595447615e-17,0.9999999999999999,-3.805476590049206,2.5117929332789033
2024-02-08,1000,888,0.888,887,-0.05652262747280271,-0.08500083135204961,4.800964430811488e-17,0.9999999999999993,-4.078256354197994,3.0128391411090045
2024-02-19,1000,890,0.89,889,-0.1568252082492847,-0.2022735371832509,-1.5168889864541465e-16,1.0,-3.9162022098899874,3.120596674561059
2024-02-20,1000,893,0.893,891,-0.19305943017032567,-0.23361073706203322,-4.973003469765539e-16,1.0000000000000007,-4.049311815040822,3.1674057763309573
2024-02-21,1000,893,0.893,891,-0.177081003804961,-0.2079406973734371,1.4720090270505995e-16,1.0,-4.123062528584054,3.1971934509678026
2024-02-22,1000,895,0.895,893,-0.17959018454101092,-0.19231267520191075,-1.1908537470839668e-17,1.0000000000000002,-4.2264601055380435,3.1856313561350382
2024-02-23,1000,895,0.895,893,-0.14382074880793716,-0.1384803268228259,4.366463739307878e-17,0.9999999999999998,-4.072764521045998,3.159527538191693
2024-02-26,1000,896,0.896,895,-0.10629680277874394,-0.08694560250438757,-1.1102230246251565e-16,1.0000000000000004,-4.075253337357381,3.1450713805090857
2024-02-27,1000,897,0.897,897,-0.04798953025483763,-0.019344194296151113,-1.5842647397103684e-16,1.0,-4.085401844605759,3.0062113189409287
2024-02-28,1000,895,0.895,895,-0.08595229311617841,-0.0630949827606484,-9.526829976671734e-17,1.0000000000000004,-4.061318708984327,2.965722296013507
2024-02-29,1000,896,0.896,896,-0.05338968933726564,-0.02658076357921515,-2.9341608507950565e-16,0.999999999999999,-4.0706159522006,3.005886632562865
2024-03-01,1000,896,0.896,896,-0.010285112239417702,0.01987860704388857,2.061842760018148e-16,0.9999999999999992,-4.13324851445797,2.8754693996874665
2024-03-04,1000,895,0.895,895,-0.06801254509479188,-0.02675761174187563,1.42902449650076e-16,0.9999999999999994,-4.224666246310511,2.8651849453795166
2024-03-05,1000,896,0.896,896,-0.04638438501128022,-0.0034823615704764237,3.172065784643304e-17,0.9999999999999997,-3.814499178050695,2.94367743087706
2024-03-06,1000,895,0.895,895,0.021472063734091558,0.0570189885157118,1.1908537470839668e-16,0.9999999999999998,-3.871158560589649,2.927442325301449
2024-03-07,1000,894,0.894,894,0.03494686804834733,0.04460025171974551,0.0,0.9999999999999997,-4.365505687256016,2.859415874463732
2024-03-08,1000,893,0.893,893,0.03379678317179307,0.0439426854970811,2.546177776519956e-16,1.0000000000000013,-4.298000701550111,2.8223971681025897
2024-03-11,1000,896,0.896,896,0.14939958295257624,0.14325921123689161,1.5067312477055697e-16,1.0,-3.911578333521691,2.8731820306726488
2024-03-12,1000,899,0.899,899,0.1392341586667436,0.13930675549147567,-1.659777247048065e-16,1.0,-4.118504418601761,2.518499452256573
2024-03-13,1000,898,0.898,898,0.12335396647681961,0.12207918479992916,3.9562513126954353e-17,1.0,-3.888264823221383,2.481258898169385
2024-03-14,1000,897,0.897,896,0.19580950856744925,0.21793075836076112,-5.544926588986289e-17,0.9999999999999996,-3.9676012042216824,2.5157885597865253
2024-03-15,1000,901,0.901,901,0.26254516410294454,0.262338008731737,3.154462755871699e-17,0.9999999999999999,-4.326921356577119,2.4516419103444993
2024-03-18,1000,902,0.902,902,0.270142014270167,0.27553535775136,-9.452896706342796e-17,0.9999999999999992,-4.408129953797487,2.219452829601076
2024-03-19,1000,900,0.9,899,0.25886269541181245,0.2781844900519218,-2.3684757858670008e-17,0.9999999999999997,-4.277805263346643,2.2098317860946257
2024-03-20,1000,900,0.9,900,0.28494586036246716,0.29117053590400155,-3.157967714489334e-17,1.0,-4.394732848497135,2.199451112238474
2024-03-21,1000,902,0.902,902,0.3137993689608493,0.30456902884437864,2.363224176585699e-17,0.9999999999999992,-4.000086616302012,2.249920510713049
2024-03-22,1000,899,0.899,899,0.3089323085203678,0.2933301724066254,3.161480470567743e-17,1.0000000000000002,-3.8631583321583958,2.2584586970087086
2024-03-25,1000,898,0.898,897,0.29505584200057655,0.2912971404854003,-4.7475015752345225e-17,1.0,-4.009400093087427,2.204534048088297
2024-03-26,1000,899,0.899,898,0.2894762883738816,0.27450735788909797,1.5807402352838714e-17,1.0,-3.934335483923828,2.2185256692814646
2024-03-27,1000,891,0.891,891,0.21058781812015634,0.18471843349400027,-7.177199351112124e-17,1.0000000000000004,-3.8934999824975476,2.1503315007708106
2024-03-28,1000,896,0.896,889,0.216537038179988,0.2079915931704296,-7.93016446160826e-18,0.9999999999999998,-3.9056437873115804,1.9710479609768354
2024-03-29,1000,896,0.896,895,0.24944506302693087,0.2047770100481747,-7.137148015447435e-17,1.0000000000000009,-3.769967945893173,1.9312779995522182
2024-04-01,1000,900,0.9,899,0.2353509113727871,0.18746207351599456,-5.5264435003563346e-17,0.9999999999999998,-3.781847482273,1.9420824438374384
2024-04-02,1000,902,0.902,901,0.17885881424570413,0.13594752250336398,7.87741392195233e-18,1.0000000000000002,-3.7459622719409578,1.9174174438854832
2024-04-03,1000,904,0.904,903,0.13153775518939992,0.07083757869016831,-1.5719972030090712e-17,0.9999999999999997,-3.9159484052451257,2.2037394717394068
2024-04-08,1000,897,0.897,896,0.12710767221666663,0.07451990459067992,9.50558843826221e-17,0.9999999999999997,-3.7112633945986695,2.233551913923745
2024-04-09,1000,901,0.901,899,0.16254902559589074,0.09873453835978743,7.097541200711323e-17,0.9999999999999997,-3.871745151529989,2.1145440299127864
2024-04-10,1000,900,0.9,899,0.14817680276163567,0.09976673783004614,7.105427357601002e-17,1.0000000000000004,-4.184825960572771,2.212182229285074
2024-04-11,1000,902,0.902,901,0.13984320764125346,0.08758629429339515,3.150965568780932e-17,0.9999999999999998,-4.406114631792664,2.225445500531159
2024-04-12,1000,898,0.898,897,0.11302199648250394,0.07047387071962824,1.4242504725703568e-16,0.9999999999999997,-4.511832544014465,1.958423303711118
2024-04-15,1000,896,0.896,896,-0.0012458646120811641,0.010093452186168344,7.93016446160826e-18,0.9999999999999997,-4.5418722026047185,1.9672933538802293
2024-04-16,1000,886,0.886,884,-0.08342596978092787,-0.08540897983294632,1.4435405466909484e-16,0.9999999999999996,-4.421725123455885,1.9982877812895337
2024-04-17,1000,896,0.896,895,-0.03090578133087793,-0.03838305764117162,3.9650822308041306e-17,1.0,-4.3305652468120295,2.1444697833597153
2024-04-18,1000,896,0.896,896,-0.03909521408269184,-0.05035317019010817,8.326672684688674e-17,1.0000000000000004,-4.400969071960787,2.1860659334274644
2024-04-19,1000,892,0.892,892,-0.0609851792386639,-0.0918506112573096,1.911774176933005e-16,1.0000000000000002,-4.3340389892851094,2.2465751996505756
2024-04-22,1000,889,0.889,889,-0.09216774638699983,-0.1122858845018331,-9.591128041756133e-17,1.000000000000001,-4.411324079078971,2.224642854854823
2024-04-23,1000,890,0.89,890,-0.02224402957154153,-0.03257051311842595,1.0777895430068935e-16,1.0000000000000002,-4.331752089354079,2.3964873658820776
2024-04-24,1000,891,0.891,890,0.01440215927105966,0.016694441044881537,6.37973275654411e-17,0.9999999999999993,-4.328493714078452,2.164337422856247
2024-04-25,1000,891,0.891,890,0.016079139578788055,0.03673064598213101,-6.37973275654411e-17,1.0000000000000009,-3.990928222258657,2.2325109142455744
2024-04-26,1000,901,0.901,901,0.031012633700692436,0.05755063269502296,1.5378005934874532e-16,1.0,-3.855518930872675,2.3087110251968888
2024-04-29,1000,904,0.904,899,0.03387726693211032,0.05223871719709018,7.859986015045356e-18,0.9999999999999998,-3.830096248405997,2.8781523011773915
2024-04-30,1000,897,0.897,897,0.04953902720148501,0.05647021908477911,-9.901654623189802e-17,1.0000000000000004,-3.8605117710228427,2.954019970718951
2024-05-06,1000,904,0.904,904,0.09570216992504257,0.08261039033163889,-3.929993007522678e-17,0.9999999999999994,-3.8130225820870898,2.951328885406373
2024-05-07,1000,903,0.903,903,0.13703495623250367,0.11957792631352837,-9.442428382194023e-17,1.0,-3.7830511947674137,2.98017467559701
2024-05-08,1000,902,0.902,902,0.1652837693693269,0.15900935029492283,7.87741392195233e-18,1.0000000000000002,-3.8167395527544166,3.0740779991523857
2024-05-09,1000,902,0.902,902,0.16423842486222037,0.14535496540270165,-7.089672529757097e-17,0.9999999999999999,-3.8677556259574746,3.1140910218845264
2024-05-10,1000,903,0.903,902,0.14754040587236528,0.14654911449563468,-1.5737380636990037e-17,1.0000000000000007,-3.840721326520267,3.2207343281477945
2024-05-13,1000,900,0.9,900,0.13523070660405334,0.13458675162633327,4.342205607422835e-17,1.0000000000000009,-3.822133052957171,3.111909386480612
2024-05-14,1000,901,0.901,901,0.07463637488996921,0.09641072644305869,0.0,1.0000000000000007,-3.899541353943123,3.133410231268814
2024-05-15,1000,901,0.901,901,0.08121757068473183,0.11186137974255991,-1.7349545157294345e-16,0.9999999999999999,-3.963615191003293,3.029498535215471
2024-05-16,1000,901,0.901,901,0.0939862315761191,0.13321258441270636,-1.971539222419812e-16,0.9999999999999998,-4.134879571392182,3.1082075042714647
2024-05-17,1000,906,0.906,904,0.0907106896054258,0.11037926232616642,-7.842635052539737e-18,0.9999999999999999,-4.093379465101899,2.823778088894867
2024-05-20,1000,901,0.901,901,0.09619393911503694,0.10447571274157656,0.0,0.9999999999999992,-3.9303961358995183,2.6123014093489374
2024-05-21,1000,901,0.901,901,0.11160477566816542,0.1265273705348634,1.5772313779358495e-17,0.9999999999999998,-3.9207397567897093,2.5599735028179964
2024-05-22,1000,902,0.902,902,0.08729288331377166,0.08687542028907302,-3.150965568780932e-17,0.9999999999999992,-4.005020647830889,2.5792054393852624
2024-05-23,1000,896,0.896,896,0.1116846602977799,0.11055489446797123,7.137148015447435e-17,1.0,-3.9897302980324922,2.588667464934552
2024-05-24,1000,896,0.896,896,0.09178652501938966,0.07963352935772118,-3.172065784643304e-17,0.9999999999999999,-4.115888675088496,2.6817158388123423
2024-05-27,1000,897,0.897,897,0.12928075868564248,0.10603093494208254,-3.762628756812125e-17,0.9999999999999992,-4.18727272053313,2.7401973253888614
2024-05-28,1000,895,0.895,895,0.13800991221639886,0.11592985608001305,-3.969512490279889e-18,1.0000000000000009,-4.233587223597663,2.717879538170662
2024-05-29,1000,894,0.894,894,0.14802312722627703,0.13416677965222684,-7.15311478953121e-17,1.0000000000000009,-4.175331021866598,2.574089364570655
2024-05-30,1000,892,0.892,892,0.09814273676577961,0.07293557888315079,3.982862868610427e-18,1.0,-4.246397540511109,2.412236263395793
2024-05-31,1000,889,0.889,889,0.03460590154827627,0.016960987370361807,-2.3977820104390332e-17,0.9999999999999997,-4.235339164094172,2.3901615406955687
2024-06-03,1000,887,0.887,887,0.053919385599238874,0.05365504486048901,5.2069084356715344e-17,1.0,-4.294931334538462,2.4744531633599576
2024-06-04,1000,883,0.883,883,0.07877197635371999,0.0907307961143408,-3.218766639909854e-17,0.9999999999999992,-4.261130995484708,2.4470801135913325
2024-06-05,1000,881,0.881,881,0.08663734908320343,0.08861567367285023,7.863554680659451e-17,0.9999999999999991,-4.057924640138915,2.383035965268206
2024-06-06,1000,880,0.88,879,0.0450428662997046,0.05864517928376746,-3.229739708000455e-17,0.9999999999999994,-3.9503723718295753,2.43234152854129
2024-06-07,1000,882,0.882,881,-0.012998424110442991,-0.0007650253407021232,1.2084060131974494e-16,0.9999999999999997,-3.858885440252223,2.4053571927497095
2024-06-11,1000,878,0.878,878,0.004751005901816997,0.018385611320523715,-5.057963665718253e-17,0.9999999999999999,-3.8647833670699323,2.492317510456817
2024-06-12,1000,879,0.879,879,0.03739874340237598,0.05481348666552002,1.737960047649847e-16,0.9999999999999984,-3.9180371952207973,2.4944764431929793
2024-06-13,1000,875,0.875,875,0.042720369695373205,0.05237395999884776,-3.248195363474744e-17,1.0,-3.969508993116515,2.471386600370283
2024-06-14,1000,877,0.877,877,0.03771493212303836,0.05257517787033957,-5.266280253638143e-17,1.0000000000000009,-4.131153537386249,2.415840259467919
2024-06-17,1000,875,0.875,875,-0.002263918752249953,0.019931995412862013,-2.4361465226060577e-17,0.9999999999999996,-4.072647274484158,2.160409710592238
2024-06-18,1000,876,0.876,876,-0.0013711347499863278,0.009350913915973615,4.055609222375001e-18,1.0000000000000007,-4.122119434392197,2.124389994038511
2024-06-19,1000,874,0.874,874,0.058367387749764306,0.06540164874490867,3.455156323776231e-17,0.9999999999999994,-4.132459542422001,2.097349527141896
2024-06-20,1000,874,0.874,874,0.052298681102323746,0.054537942018774654,4.877867751213502e-17,1.0000000000000002,-4.099324836486439,2.081625397134465
2024-06-21,1000,875,0.875,875,0.04726536606257566,0.033237426030234204,0.0,1.0000000000000007,-4.115068991013514,2.2913602454866844
2024-06-24,1000,869,0.869,869,0.0004539153547028382,0.009365622143273356,1.2264834334178944e-17,0.9999999999999997,-4.420575747637969,2.1659082141852886
2024-06-25,1000,869,0.869,869,-0.0022177460728109635,0.011259823171989777,1.6353112445571926e-17,0.9999999999999999,-4.161911577375872,2.1250971433197097
2024-06-26,1000,872,0.872,872,0.0022371871394786212,0.016250043718160682,-7.33358328192764e-17,1.0000000000000002,-4.309651814173618,2.3407376905516757
2024-06-27,1000,871,0.871,871,0.018816647076464965,0.039190981788224284,5.506502257612717e-17,0.9999999999999992,-4.44383473475825,2.2630873838342893
2024-06-28,1000,869,0.869,869,0.04501487568978834,0.03976547169085767,1.144717871190035e-16,1.0,-4.3153062848813075,2.3148251351020193
2024-07-01,1000,870,0.87,870,0.03089829703911331,0.05029658492035479,-1.2250736823450003e-17,0.9999999999999999,-4.25098085178827,2.475544761533643
2024-07-02,1000,870,0.87,869,0.05667069100119844,0.09111855969359858,2.858505258805001e-17,1.0,-3.888610233101724,2.5713623651331106
2024-07-03,1000,869,0.869,867,-0.0028009287506405365,0.05645107603026582,1.144717871190035e-16,0.9999999999999999,-3.874762446315835,2.5305031571355188
2024-07-04,1000,864,0.864,862,-0.02483954135507646,0.019012996083292665,6.579099405186112e-17,0.9999999999999997,-3.83397783635799,2.6225136447520687
2024-07-05,1000,862,0.862,860,0.011377845558834985,0.05015441704050416,-1.0715841722600118e-16,1.0,-3.7829690877074116,2.6972043917856854
2024-07-08,1000,854,0.854,853,0.020780870804244494,0.07019117508084435,2.496051764965223e-17,1.0000000000000002,-4.037067534542045,2.6927278862349797
2024-07-09,1000,852,0.852,851,0.09102107748341934,0.10289542962178183,7.088747950658277e-17,1.0000000000000002,-4.048697744345995,2.6891558085786635
2024-07-10,1000,848,0.848,847,0.14198042624280635,0.13692393411833836,-2.51371250858526e-17,0.9999999999999994,-4.010388125616314,2.6832880209496457
2024-07-11,1000,856,0.856,855,0.12905734965383,0.13202390241374873,-1.6601465788787386e-17,0.9999999999999999,-3.9395352901358742,2.8287109834050574
2024-07-12,1000,858,0.858,857,0.13819318995295019,0.13493133971940566,-9.730626043334705e-17,0.9999999999999984,-4.016541958189539,2.9390144174491475
2024-07-15,1000,855,0.855,854,0.16255047076030868,0.15218070498812236,-2.077610338479825e-18,0.9999999999999992,-3.800803082346741,2.892970510438702
2024-07-16,1000,853,0.853,852,0.16118753268729516,0.15526118610386758,0.0,1.0000000000000002,-4.076185696836959,2.81679852364058
2024-07-17,1000,854,0.854,854,0.12241992206314947,0.14502740657381585,-4.1600862749420386e-18,0.9999999999999993,-4.261522205303531,2.7654280660580675
2024-07-18,1000,853,0.853,853,0.11012081806988243,0.14025230254794097,-1.5826860468278903e-16,1.0000000000000016,-4.0727618860660515,2.7862113231793613
2024-07-19,1000,851,0.851,851,0.11430668213540807,0.14013420495313653,-1.0854354365312929e-16,0.9999999999999993,-4.361072947376384,2.776558646960264
2024-07-22,1000,847,0.847,847,0.16686003849346298,0.18898011179770252,-3.7750204379226104e-17,0.9999999999999999,-4.209370595633535,2.6299834175314856
2024-07-23,1000,844,0.844,844,0.17054804901220044,0.18904438767399365,-9.260628072702727e-17,0.9999999999999997,-4.328229764415149,2.535255209101975
2024-07-24,1000,838,0.838,837,0.0824188797382597,0.12631403704833918,-4.45149088632521e-17,1.0,-4.949924151568868,2.563780511870546
2024-07-25,1000,841,0.841,840,0.1046079543939128,0.10895368565808816,6.336588012129312e-17,1.0000000000000002,-4.952814733934595,2.4368360127070754
2024-07-26,1000,845,0.845,844,0.10143840411510534,0.10504409616210438,1.2613184658463316e-17,1.0000000000000004,-5.002796346144237,2.4754526798507817
2024-07-29,1000,843,0.843,842,0.15695582597293842,0.11906132426983299,2.5286218354451963e-17,1.0000000000000004,-4.87532943615057,2.5469053138876254
2024-07-30,1000,841,0.841,839,0.14600622329443372,0.09367758141295883,-3.379513606468966e-17,1.0000000000000007,-4.845716479811649,2.531747148388134
2024-07-31,1000,847,0.847,844,0.228978468805966,0.22577438229156507,-4.1944671532473444e-18,0.9999999999999999,-4.293204131635706,2.4168175338647195
2024-08-01,1000,844,0.844,843,0.18364092263252338,0.1573612995227127,-4.209376396683058e-18,0.9999999999999997,-4.354721810270595,2.2912746799463863
2024-08-02,1000,847,0.847,846,0.09130858169014108,0.07014971817215786,4.1944671532473444e-18,0.9999999999999997,-4.300532124757551,2.3436232901046923
2024-08-05,1000,849,0.849,846,0.13102998816586675,0.11716098194661294,-1.6738344776445233e-17,1.0000000000000004,-4.705492431266692,2.2492631556828893
2024-08-06,1000,846,0.846,843,0.05758688258592343,0.07256197387530934,6.719080243594328e-17,1.0000000000000002,-4.41089382081602,2.325455468535996
2024-08-07,1000,848,0.848,846,0.06835148427241367,0.08122784403245263,2.93266459334947e-17,1.0000000000000007,-4.889549360603859,2.2588651089340717
2024-08-08,1000,846,0.846,842,0.04394280275643031,0.06405694304293075,1.679770060898582e-17,0.9999999999999988,-4.925942461816064,2.1056601085869366
2024-08-09,1000,845,0.845,841,0.05872762103681194,0.08366388114790944,2.5226369316926633e-17,1.0000000000000002,-4.7534746855345285,2.0800416781642235
2024-08-12,1000,847,0.847,843,0.02067395408070921,0.06284162033024425,-8.388934306494689e-18,1.0,-4.716388263220777,2.127563248100114
2024-08-13,1000,847,0.847,843,0.025860889336465548,0.04875240774439103,6.291700729871018e-17,0.9999999999999988,-4.995951815064107,2.0948449558834796
2024-08-14,1000,850,0.85,846,0.022180987398583773,0.017083290457244563,-2.925764206071001e-17,1.0000000000000007,-4.902036751417249,2.135125485262426
2024-08-15,1000,850,0.85,846,0.057731348772551275,0.0593729343549664,2.0898315757650005e-17,1.000000000000001,-4.812572983132355,2.093080039985134
2024-08-16,1000,852,0.852,848,0.04521975365532776,0.05717902164044924,-2.0849258678406696e-18,0.9999999999999992,-4.73788280622395,2.163657037320848
2024-08-19,1000,853,0.853,851,0.045980055834321076,0.03581305574057949,-2.4989779686756163e-17,0.9999999999999989,-4.266884517004804,2.211038178155213
2024-08-20,1000,849,0.849,847,0.03880982192025648,0.02889957396639847,-6.695337910578093e-17,0.9999999999999999,-4.253223016353057,2.2129331072882206
2024-08-21,1000,848,0.848,845,0.06076685453097296,0.06572400214713219,-8.3790416952842e-18,0.9999999999999997,-4.260645095234268,1.9928292770659277
2024-08-22,1000,845,0.845,843,0.012939100639420312,0.03521661897832975,-4.624834374769883e-17,1.0000000000000009,-4.562027761506934,1.9615743974730584
2024-08-23,1000,844,0.844,842,0.007758237544132268,0.020724850474122616,-4.6303140363513635e-17,1.0,-4.368241627966543,1.9447744022342783
2024-08-26,1000,849,0.849,847,0.018863167537208937,0.02262234369588665,1.2553758582333925e-17,0.9999999999999988,-4.3116771201816775,1.9352283465577411
2024-08-27,1000,849,0.849,847,-0.008656525372588602,-0.0355036495981344,8.369172388222616e-18,1.0000000000000004,-4.304208076121924,2.0260876564507675
2024-08-28,1000,847,0.847,845,0.020502437248755202,0.0145644054186673,2.5166802919484068e-17,1.000000000000001,-5.005391145150209,1.9260218016522959
2024-08-29,1000,845,0.845,843,0.024433739134457892,0.01832303951032371,-2.1021974430772194e-17,1.0000000000000009,-4.845161005506026,1.9192827276179618
2024-08-30,1000,850,0.85,848,0.01495007436359631,0.01801308622286379,8.359326303060001e-18,1.0000000000000004,-4.612959847312973,1.9459594152444784
2024-09-02,1000,847,0.847,845,-0.01194662388344155,0.008258416735218058,-7.130594160520486e-17,1.0,-4.696652737809676,2.015326143291567
2024-09-03,1000,843,0.843,843,-0.0015676773202823449,-0.009191060280676322,8.428739451483989e-18,0.9999999999999993,-4.354844447026268,2.0022094113556843
2024-09-04,1000,840,0.84,840,-0.012575945169118863,-0.004067051055035969,2.960594732333751e-17,1.0000000000000002,-4.412793684270507,1.9861063728001342
2024-09-05,1000,842,0.842,840,-0.086939831872895,-0.05313019785383056,4.219374915440025e-18,0.9999999999999998,-4.5884678080656505,2.0456796616099195
2024-09-06,1000,840,0.84,840,-0.09829815810283268,-0.06019048081432777,-1.6917684184764292e-17,0.9999999999999998,-4.810078993861309,1.9604460001711512
2024-09-09,1000,838,0.838,838,-0.1174484874435088,-0.06308218678175456,-4.239515129833533e-17,1.0,-4.961485582730929,1.9164649720825362
2024-09-10,1000,833,0.833,832,-0.13743918962797685,-0.08043120483855029,-4.69145863947245e-17,1.0000000000000004,-5.168665137661085,2.097091387712061
2024-09-11,1000,831,0.831,829,-0.1465585502416574,-0.07897209059120044,-8.55045410060289e-18,1.0,-5.009537232032881,2.0760392224920796
2024-09-12,1000,832,0.832,830,-0.1673336900917597,-0.12241291944371227,-4.2700885562506023e-17,1.0000000000000004,-5.271317593168313,2.034135450744286
2024-09-13,1000,833,0.833,831,-0.18546644854759645,-0.18626685748618008,-5.117954879424491e-17,1.0000000000000002,-5.379836989014485,2.029867049795508
2024-09-18,1000,834,0.834,832,-0.15389462695210518,-0.1624888265627455,-2.981893975012411e-17,1.0000000000000007,-5.371828513447101,2.000576707738011
2024-09-19,1000,835,0.835,833,-0.21501462449028524,-0.1695509805136999,2.5528481524314976e-17,0.9999999999999996,-5.150652023177627,2.0490031055069746
2024-09-20,1000,835,0.835,833,-0.21308624924172842,-0.14310636896332654,4.254746920719163e-17,0.9999999999999997,-5.125973170423349,2.053451833532043
2024-09-23,1000,835,0.835,833,-0.20649792817409898,-0.10835140408215793,4.254746920719163e-18,0.9999999999999998,-4.752446910467571,2.251185937301141
2024-09-24,1000,846,0.846,843,-0.2266107554742492,-0.09391787266963662,8.39885030449291e-18,0.9999999999999999,-4.529270594841259,2.157376976890058
2024-09-25,1000,856,0.856,854,-0.23887834136408245,-0.08623605834024675,-8.300732894393693e-18,0.9999999999999992,-4.669964964698856,2.109296100470084
2024-09-26,1000,865,0.865,864,-0.21874018718831315,-0.013875335192633629,4.107183443700001e-18,0.9999999999999993,-4.328165275875061,1.8779787147121703
2024-09-27,1000,880,0.88,879,-0.15292940373116942,0.05094429247641994,1.2111523905001707e-17,0.9999999999999993,-3.8666523493424205,2.169573646350569
2024-09-30,1000,900,0.9,899,-0.1889896960502975,-0.02234852265836335,-3.552713678800501e-17,1.0000000000000004,-3.974105850485409,2.4870919972448386
2024-10-08,1000,913,0.913,912,-0.15277638311432878,-0.03908200707973961,5.836878990362269e-18,1.0,-3.8141498058723773,2.543799432926642
2024-10-09,1000,902,0.902,900,-0.15593512953382901,-0.08914015230232983,2.7570948726833157e-17,1.0000000000000009,-3.45968563308534,2.9808817983713376
2024-10-10,1000,901,0.901,900,-0.24971277107025242,-0.2079898790327308,3.154462755871699e-17,0.999999999999999,-3.7616786446538755,2.9146872543859565
2024-10-11,1000,898,0.898,897,-0.22201688701237396,-0.20789464310942982,0.0,0.9999999999999996,-3.6696617868678354,3.0626667102558827
2024-10-14,1000,901,0.901,900,-0.2532834391639397,-0.24058815809479664,1.5772313779358495e-17,0.9999999999999994,-3.6601989480499637,3.0524853522760225
2024-10-15,1000,902,0.902,901,-0.23128454551971434,-0.23618679514420945,-3.938706960976165e-18,0.9999999999999999,-3.770209858548098,2.9806037754442714
2024-10-16,1000,902,0.902,901,-0.211396218927588,-0.2101181093492212,-4.332577657073782e-17,0.9999999999999993,-3.646492541395147,3.0380178770565394
2024-10-17,1000,899,0.899,897,-0.19706908117192684,-0.1991165427235966,-1.5807402352838714e-17,1.0,-3.5143492905475417,3.0657767931874367
2024-10-18,1000,902,0.902,900,-0.10507555163810518,-0.11738721729671306,1.1816120882928495e-17,1.0,-3.454334506973115,3.0775755642251843
2024-10-21,1000,902,0.902,901,-0.024304223578993922,-0.03597645219584784,0.0,0.9999999999999984,-3.0326026592281834,3.09377040580093
2024-10-22,1000,904,0.904,904,-0.03225195707969774,-0.0251120926473556,1.5719972030090712e-17,0.9999999999999999,-2.731695054852591,3.0668883967047247
2024-10-23,1000,904,0.904,904,-0.01843854056240032,-0.033308381466031545,-1.5719972030090712e-17,1.0,-3.1329416621323465,2.994915254785634
2024-10-24,1000,906,0.906,906,0.01582254171383241,-0.025226977832727673,7.842635052539737e-18,0.9999999999999992,-3.4668418301357398,3.020203168483828
2024-10-25,1000,909,0.909,908,0.0896817110192209,0.07127687158700398,-7.816751768537955e-18,1.0000000000000002,-3.4154317949262896,3.038870509176479
2024-10-28,1000,914,0.914,913,0.12344264221736947,0.13474878207095675,1.9434976361053068e-18,0.9999999999999996,-3.346095684157345,3.0058596138988034
2024-10-29,1000,911,0.911,909,0.12960214417028443,0.14292786480169806,2.5348670595173718e-17,1.0000000000000004,-3.6130810200145236,3.045848934679679
2024-10-30,1000,911,0.911,909,0.12860174471976765,0.13004661319809976,-1.1699386428541715e-17,0.9999999999999994,-3.4848184422198187,3.155651583968417
2024-10-31,1000,914,0.914,913,0.1656282324536618,0.18908579681699245,-2.332197163326368e-17,0.9999999999999993,-3.4810486566337135,3.0172372438103694
2024-11-01,1000,911,0.911,909,0.12414592634474873,0.11460068344409027,2.7298568333264003e-17,0.9999999999999997,-3.976257984664387,2.5113220821700915
2024-11-04,1000,913,0.913,911,0.10540408000040762,0.1026101127224757,-3.696690027229437e-17,1.0000000000000002,-4.387832273130139,2.483484765000971
2024-11-05,1000,921,0.921,918,0.1364526404520706,0.14177895127613643,-1.9287262099894143e-18,0.9999999999999997,-4.250577602274516,2.5062555797721386
2024-11-06,1000,918,0.918,915,0.1341347319677915,0.1892977729444606,-4.8375730920486127e-17,0.9999999999999993,-4.171795174691854,2.3950585118263716
2024-11-07,1000,926,0.926,924,0.09810572964841847,0.16340449355373393,4.412117419676648e-17,0.9999999999999999,-3.9998158189154718,2.3966909261291756
2024-11-08,1000,923,0.923,922,0.1267696039828556,0.19011849189159558,7.698187819719395e-18,0.9999999999999996,-3.965009654638156,2.4816540516587384
2024-11-11,1000,924,0.924,923,0.11278347275970775,0.2159181525187398,0.0,1.0000000000000002,-4.0785354731854335,2.404464661523306
2024-11-12,1000,921,0.921,920,0.12940295506124305,0.22093615944244607,-1.7358535889904726e-17,0.999999999999999,-4.127158437704231,2.5550713423538634
2024-11-13,1000,920,0.92,919,0.06643282668892472,0.14191828624116626,2.1239049166742126e-17,0.9999999999999994,-3.9539849266357745,2.6024603113806384
2024-11-14,1000,917,0.917,916,0.022522778190500553,0.11222256170361777,-2.9057091157037905e-17,0.9999999999999996,-3.8960688447238683,2.6077196877584767
2024-11-15,1000,916,0.916,916,-0.01003844463731414,0.06653733396074438,-2.5210304489304865e-17,1.0000000000000013,-3.9902567782009797,2.477113339012723
2024-11-18,1000,916,0.916,915,-0.061404058562968086,0.006985646698629628,-4.654210059563975e-17,1.0,-4.053938593966258,2.3972127848879508
2024-11-19,1000,917,0.917,916,-0.028943294796858466,0.05807751240783031,-8.91084128815829e-17,1.0000000000000018,-4.041691420293071,2.3283717025775665
2024-11-20,1000,917,0.917,916,-0.015532175268178785,0.10875618256876333,1.9371394104691935e-17,0.9999999999999994,-3.986157091231019,2.3634011300891147
2024-11-21,1000,917,0.917,916,0.02013193139394234,0.11593527814576754,-4.6491345851260644e-17,0.9999999999999996,-3.890505831422249,2.4632499421692797
2024-11-22,1000,915,0.915,912,0.007933840065989677,0.07024905485799945,2.717923032962132e-17,1.0000000000000004,-3.728263564999061,2.5999966659431273
2024-11-25,1000,914,0.914,912,0.11484391790108682,0.14100105679012137,1.9434976361053068e-17,1.0,-3.657379904497238,2.5286023190175735
2024-11-26,1000,914,0.914,912,0.040570411550437564,0.10924019063169778,3.109596217768491e-17,0.9999999999999994,-3.606105436757574,2.5065208851294813
2024-11-27,1000,917,0.917,914,0.15244313742095425,0.19856989529683244,7.748557641876774e-17,0.999999999999999,-3.663594399379542,2.513164520896442
2024-11-28,1000,917,0.917,915,0.12217982356204773,0.1756696640261671,-5.811418231407581e-17,0.9999999999999997,-3.6565039328304336,2.5667362476369653
2024-11-29,1000,917,0.917,912,0.16233441123081335,0.1954917074416628,-4.261706703032226e-17,1.0,-3.7479081923303066,2.4981831553712515
2024-12-02,1000,920,0.92,917,0.2213241196436402,0.24374065145910717,-3.089316242435218e-17,1.0000000000000007,-3.7149153789903924,2.490144420746304
2024-12-03,1000,920,0.92,915,0.25581095424748157,0.24853976730726463,0.0,0.9999999999999999,-3.839531485208505,2.4647575947610743
2024-12-04,1000,922,0.922,918,0.2333075266711521,0.2718397422212516,-7.70653726420933e-18,1.0,-3.855999827737688,2.4183198827638974
2024-12-05,1000,924,0.924,920,0.3323526880500096,0.3122450171944233,9.996813381906172e-17,1.000000000000001,-4.066681738150892,2.297628009848413
2024-12-06,1000,925,0.925,922,0.32857022758911436,0.3234186868863694,7.681543089298381e-17,0.9999999999999989,-4.161304432099262,2.2963764792425505
2024-12-09,1000,925,0.925,922,0.30692011962781957,0.3179496918919579,1.536308617859676e-17,1.0000000000000002,-4.198390253244274,2.2322522856052216
2024-12-10,1000,924,0.924,921,0.25166229074993507,0.2908942611291228,0.0,0.9999999999999993,-4.157674247903279,2.295175944705699
2024-12-11,1000,926,0.926,923,0.22978339438829834,0.26073140243372844,7.673247686394171e-18,1.0000000000000004,-3.985559808021332,2.345366940802016
2024-12-12,1000,928,0.928,925,0.2625530140349515,0.2669270043102806,-2.6798486801296883e-17,1.0000000000000004,-3.8185054064452424,2.3993767328906292
2024-12-13,1000,923,0.923,922,0.27421057568645046,0.24976254966147746,-1.1547281729579093e-17,0.9999999999999994,-3.894904647107584,2.362514183344494
2024-12-16,1000,924,0.924,922,0.16734659780074768,0.1619209412985511,2.3069569342860397e-17,0.9999999999999999,-3.9313875694797984,2.504246811983361
2024-12-17,1000,919,0.919,918,0.10901469622452858,0.15689968633697335,6.958525159783353e-17,1.0000000000000002,-4.081854685226079,2.636906731272075
2024-12-18,1000,921,0.921,920,0.14172042608775984,0.17664859487580786,-7.329159597959773e-17,1.0000000000000002,-3.8996595169494412,2.8239186284365925
2024-12-19,1000,921,0.921,920,0.1157925432468564,0.15591437423933982,8.872140565951305e-17,1.0000000000000002,-3.941105982016687,2.86023336355782
2024-12-20,1000,920,0.92,918,0.13633181441761685,0.14416449117594934,-1.1584935909132068e-16,1.0000000000000004,-4.026605229809511,2.8132675011826027
2024-12-23,1000,914,0.914,913,0.08791795371784258,0.13984003147114712,7.385291017200165e-17,1.0,-4.188286939533959,2.9373105416169003
2024-12-24,1000,916,0.916,916,0.05008688770617661,0.11337580370655144,-3.878508382969979e-17,1.0000000000000007,-4.205874168925308,2.8897214557190942
2024-12-25,1000,914,0.914,914,0.033863358005406116,0.09039633324303814,-3.109596217768491e-17,0.9999999999999999,-4.171082485615142,2.82724425556044
2024-12-26,1000,913,0.913,913,-0.005997402644537809,0.06924148259121501,1.556501064096605e-17,1.0000000000000009,-4.2169318236814695,2.8321426992134255
2024-12-27,1000,915,0.915,913,0.023747336633367314,0.08359402964030771,7.377219660897215e-17,1.0,-4.27560272236337,2.8289964348121375
2024-12-30,1000,912,0.912,910,-0.06881438056599612,0.006026258311391812,1.5582077538598687e-17,1.0000000000000004,-4.328602257728487,2.8210549078578477
2024-12-31,1000,911,0.911,907,-0.13704381610562863,-0.016776729738719437,1.5599181904722288e-17,0.9999999999999996,-4.188164986707226,2.7952096077467163
2025-01-02,1000,905,0.905,904,-0.08309988058249884,-0.012362406346141634,-7.851300947625417e-18,1.0000000000000002,-4.138690252356519,2.907035803197894
2025-01-03,1000,899,0.899,898,-0.1619764908324437,-0.11076843481842076,1.0274811529345163e-16,0.9999999999999996,-4.082832191541655,3.0414207816069982
2025-01-06,1000,901,0.901,900,-0.17976380076770523,-0.11389792000507161,-1.0252003956583022e-16,0.9999999999999998,-3.92757576557253,3.14535761046244
2025-01-07,1000,902,0.902,901,-0.15558937806819917,-0.09028010133197609,2.7570948726833157e-17,1.0000000000000004,-3.8845637272201943,3.146350240962102
2025-01-08,1000,901,0.901,900,-0.09574879730191171,-0.04615552409204938,5.323155900533492e-17,0.9999999999999999,-3.870694396937035,2.9813257091994965
2025-01-09,1000,902,0.902,900,-0.020361141372127623,0.007253697899465824,5.908060441464248e-18,0.9999999999999997,-3.8235565851163598,2.897292990221105
2025-01-10,1000,897,0.897,895,-0.13290080143325259,-0.10605156335602947,-4.554761126667309e-17,0.9999999999999992,-3.7570515722552678,2.929937110993179
2025-01-13,1000,896,0.896,894,-0.08337240160873903,-0.04679023715413606,7.533656238527848e-17,1.0,-3.706486528878349,3.0731404839259895
2025-01-14,1000,901,0.901,899,-0.08998674341833106,-0.0524289675198309,2.1292623602133967e-16,1.0,-3.862849518864509,2.957921583993132
2025-01-15,1000,901,0.901,898,-0.07824085617139323,-0.02864639848955909,1.2026389256760853e-16,0.9999999999999992,-3.942464794923715,2.8814822352173217
2025-01-16,1000,901,0.901,899,-0.06809118616265665,-0.032581142118614716,-1.813816084626227e-16,1.0000000000000013,-3.887505864999264,2.9116119433068395
2025-01-17,1000,901,0.901,898,-0.06774930631123731,-0.021484182279382945,1.2223543179002834e-16,0.9999999999999994,-4.09748162173727,2.8932771472276197
2025-01-20,1000,902,0.902,899,-0.09166304109316024,-0.049663322143302484,-8.665155314147564e-17,1.0000000000000002,-3.9227209647984025,2.8552926848924036
2025-01-21,1000,901,0.901,898,-0.06378855152778028,-0.010563995675475252,7.491849045195285e-17,1.0000000000000002,-4.033412900522537,2.7293033910921958
2025-01-22,1000,895,0.895,893,-0.016322513343797033,0.036785293458857116,3.175609992223911e-17,0.9999999999999992,-4.090170972627448,2.9065008194206072
2025-01-23,1000,895,0.895,893,-0.003942157853344051,0.04453642957502842,-2.7786587431959227e-17,0.9999999999999998,-4.17601493701598,2.8421821010272916
2025-01-24,1000,895,0.895,893,0.05358570816778627,0.07943831444454223,4.366463739307878e-17,0.9999999999999994,-4.0405771128935974,2.8631863857490814
2025-01-27,1000,899,0.899,897,-0.025251646438259993,0.01189036866571225,3.9518505882096786e-17,1.0000000000000007,-3.9555364684579595,2.8516783605599514
2025-02-05,1000,900,0.9,897,-0.04920149466371646,0.00030610475645316467,7.894919286223336e-17,1.0000000000000004,-3.9450463556409066,2.7173151335767813
2025-02-06,1000,900,0.9,899,-0.034151213754425806,0.01146338422268419,-6.315935428978668e-17,0.9999999999999991,-4.066253114599361,2.7147404459137094
2025-02-07,1000,904,0.904,903,-0.03474461846506808,0.019771455552489475,2.3579958045136068e-17,0.9999999999999992,-4.051257114471317,2.438549640708403
2025-02-10,1000,905,0.905,905,0.014395918940306058,0.05533228658938958,-3.336802902740802e-17,0.9999999999999993,-3.870110012876645,2.233658595157352
2025-02-11,1000,904,0.904,904,-0.0046932354229818705,0.03549635127088799,2.5544954548897407e-17,1.0000000000000002,-4.121958916474712,2.1074265322270747
2025-02-12,1000,905,0.905,905,0.05880606372269216,0.09716580490314843,0.0,1.0,-4.102769657218091,2.156058710824953
2025-02-13,1000,905,0.905,905,0.06853142297147213,0.10762868487452275,7.851300947625417e-18,1.0,-4.224047646456651,2.1096016038005145
2025-02-14,1000,905,0.905,902,0.027747857403983184,0.050567506027037135,-7.851300947625417e-18,1.0000000000000009,-4.108802217634373,2.1798119609384714
2025-02-17,1000,906,0.906,904,0.04370924772918618,0.0546412894310575,-9.803293815674672e-18,0.9999999999999999,-3.9594441228358606,2.1714907992557686
2025-02-18,1000,904,0.904,901,0.022024755232169187,0.04438333525203651,-3.7334933571465444e-17,0.9999999999999999,-4.0525142680379025,2.4312464003418146
2025-02-19,1000,904,0.904,901,0.10373999366543209,0.11220207627222961,7.859986015045356e-18,0.9999999999999997,-4.053322979415634,2.344918435816227
2025-02-20,1000,905,0.905,902,0.13932359631161603,0.14407555600089272,9.81412618453177e-18,0.9999999999999996,-3.9202805737281077,2.4934651547994626
2025-02-21,1000,907,0.907,904,0.19746737489388788,0.18961095533368044,-3.916994133186881e-18,0.9999999999999996,-3.976812832274501,2.556533311176009
2025-02-24,1000,906,0.906,902,0.18353987257745558,0.17498559836678187,-1.0783623197242138e-17,1.0,-3.9937140507763855,2.535902100772215
2025-02-25,1000,904,0.904,901,0.31236460841003694,0.2536732173545274,3.929993007522678e-18,0.9999999999999998,-4.072955547783266,2.4168113729749963
2025-02-26,1000,907,0.907,905,0.29022140689226283,0.23056820360008984,-9.792485332967202e-18,1.000000000000001,-4.125507630052445,2.4398982814859895
2025-02-27,1000,908,0.908,905,0.28093369377990524,0.23749475300196538,1.0759870723239403e-17,0.9999999999999997,-4.196199574782537,2.3779209774111965
2025-02-28,1000,905,0.905,904,0.2502713764932891,0.2545187721128486,-1.7665427132157186e-17,1.0000000000000004,-4.424274474391672,2.482991645969487
2025-03-03,1000,906,0.906,904,0.16107102340939086,0.20835264147217364,-5.881976289404803e-18,0.9999999999999998,-4.315863981369107,2.523842084002676
2025-03-04,1000,906,0.906,904,0.24524914989359262,0.25011520924509745,0.0,1.0,-4.536322826934934,2.5923132387245955
2025-03-05,1000,906,0.906,903,0.3316095846994489,0.30860374042460115,1.764592886821441e-17,0.9999999999999998,-4.52661418484162,2.4729971067962535
2025-03-06,1000,907,0.907,904,0.3543986845047436,0.3088502260092154,-3.4273698665385206e-18,1.0000000000000002,-4.5307721410914805,2.4746572266452667
2025-03-07,1000,905,0.905,902,0.34692687874463424,0.3169458837322528,-1.373977665834448e-17,0.9999999999999999,-4.451108472335917,2.4993432757245952
2025-03-10,1000,906,0.906,904,0.30906361038449626,0.29132653123794666,2.4508234539186677e-17,1.0000000000000002,-4.244937991228946,2.406017861092564
2025-03-11,1000,906,0.906,904,0.3067218700287178,0.2803664762550824,-8.724931495950458e-17,0.9999999999999997,-4.209802870394994,2.3493522895675927
2025-03-12,1000,906,0.906,904,0.27281136881243373,0.2665465019084615,4.2154163407401087e-17,1.0000000000000002,-4.174738164595185,2.3186982383533747
2025-03-13,1000,905,0.905,903,0.2399865012399619,0.24224231668175417,-4.6126393067299323e-17,1.0000000000000002,-4.383366019909187,2.35548677361639
2025-03-14,1000,906,0.906,902,0.21074477507288628,0.2059100248998766,3.9213175262698686e-18,1.0000000000000002,-4.31356250511288,2.48618236052589
2025-03-17,1000,906,0.906,905,0.23687874467019307,0.24104441875820942,-9.803293815674671e-19,1.0000000000000007,-4.258032107045803,2.5448995444840543
2025-03-18,1000,906,0.906,904,0.2485447034835815,0.2284295716236052,3.2350869591726415e-17,0.9999999999999998,-4.263315247155975,2.496229822150249
2025-03-19,1000,905,0.905,904,0.24118007832273572,0.21427074687834968,-1.2758364039891302e-17,0.9999999999999991,-4.051895943560799,2.481108238739633
2025-03-20,1000,905,0.905,903,0.24271696476216476,0.1946271798078247,1.373977665834448e-17,0.9999999999999997,-4.173215597135549,2.5938369734287074
2025-03-21,1000,904,0.904,901,0.16873247955716789,0.14703434611552715,-2.5544954548897407e-17,0.9999999999999998,-4.225574860486396,2.65976555757461
2025-03-24,1000,903,0.903,900,0.1813141277797712,0.14476156798702744,4.426138304153448e-17,0.9999999999999989,-4.243548157276929,2.7015074545496414
2025-03-25,1000,904,0.904,901,0.0998870972568723,0.08463575023763205,9.628482868430561e-17,0.9999999999999999,-4.1427679929201755,2.627858620981024
2025-03-26,1000,904,0.904,902,0.11660582268245039,0.09469771362079914,7.859986015045356e-18,1.0000000000000007,-4.157372082592234,2.828893698971302
2025-03-27,1000,904,0.904,903,0.10861023007380123,0.07872843489345893,4.51949195865108e-17,0.9999999999999992,-4.162881362074188,2.805398279430374
2025-03-28,1000,903,0.903,902,0.0655845179126851,0.030024640214027797,2.557324353510881e-17,1.0000000000000007,-4.251166508096195,2.5472269725406247
2025-03-31,1000,900,0.9,897,0.02437209765450594,0.014695421935078879,4.144832625267251e-17,1.0,-4.124948054438109,2.554376020512946
2025-04-01,1000,900,0.9,898,-0.07813558483565772,-0.06388599554181247,3.947459643111668e-18,1.000000000000001,-4.126649609363744,2.5035196645628752
2025-04-02,1000,901,0.901,899,-0.12467622050663921,-0.10644274868995846,-1.7743853001778308e-17,0.9999999999999998,-3.9971458673711444,2.521899579586244
2025-04-03,1000,901,0.901,899,-0.1978671339443872,-0.16266353554523807,1.5772313779358495e-17,0.9999999999999999,-4.126346951116401,2.401932339467649
2025-04-07,1000,894,0.894,892,-0.1530429504542456,-0.10775364465703002,6.159626624318542e-17,1.000000000000001,-3.6843375742733815,2.489134367234939
2025-04-08,1000,892,0.892,890,-0.1936464706211363,-0.10607804134322349,2.788004008027299e-17,0.9999999999999997,-3.831842470574864,2.654173141032459
2025-04-09,1000,894,0.894,891,-0.1389436998935575,-0.09708347154873238,-1.7882786973828024e-17,1.0,-4.097883566391859,2.6064791141875485
2025-04-10,1000,897,0.897,894,-0.12209440661608345,-0.08824298541971053,9.109522253334617e-17,1.0000000000000009,-4.08856534754823,2.653754182834221
2025-04-11,1000,897,0.897,894,-0.08831581651716229,-0.07889440059869675,3.1685294794207366e-17,0.9999999999999999,-4.007664298093504,2.6139011252062954
2025-04-14,1000,900,0.9,897,-0.03647633111110245,-0.023134406807412085,-9.079157179156836e-17,1.0000000000000002,-4.009964508623744,2.606968571828491
2025-04-15,1000,900,0.9,897,-0.07853808077208962,-0.06596276506960251,1.1842378929335004e-17,0.9999999999999999,-4.119117858043606,2.5550245863308927
2025-04-16,1000,899,0.899,896,-0.08867805786444577,-0.07568386703584168,6.322960941135485e-17,1.0000000000000004,-4.177708860488621,2.4959172495607787
2025-04-17,1000,902,0.902,899,-0.07836135460725793,-0.060227631132072273,4.332577657073782e-17,0.9999999999999996,-4.096828201818404,2.4003235603562745
2025-04-18,1000,903,0.903,899,-0.08666004169026847,-0.06166758520677356,1.1803035477742528e-17,1.0000000000000002,-3.9446494296033343,2.287096677297865
2025-04-21,1000,901,0.901,897,-0.0016812153267308776,0.01299144965475638,1.2815004945728777e-16,1.0,-3.896135754231076,2.195611667859253
2025-04-22,1000,900,0.9,897,-0.008451480338364707,0.032411230052590015,-8.68441121484567e-17,1.0000000000000002,-3.8151610532229365,2.232082622932638
2025-04-23,1000,899,0.899,896,-0.024956215833187096,-8.39957472627863e-05,-1.264592188227097e-16,1.0000000000000007,-3.712266603067003,2.318666429755326
2025-04-24,1000,900,0.9,897,0.0008492509111669922,0.024496371485783985,3.947459643111668e-18,1.0000000000000002,-3.837811147157464,2.2241664405967794
2025-04-25,1000,901,0.901,898,-0.005981510283488351,0.043048762285300336,3.5487706003556616e-17,0.9999999999999991,-3.806249859043068,2.1625434157169066
2025-04-28,1000,899,0.899,897,-0.021236537182638526,0.03397372578971288,7.903701176419357e-18,0.9999999999999996,-3.7879032319052532,2.1898914539239325
2025-04-29,1000,902,0.902,898,-0.016883105474115534,0.05046777160772134,2.363224176585699e-17,0.9999999999999996,-3.6970484998704,2.083896327087438
2025-04-30,1000,899,0.899,897,-0.00477841928137415,0.07620559820285726,-7.903701176419357e-18,1.0000000000000013,-3.8003726482864186,1.855272711546243
2025-05-06,1000,898,0.898,896,-0.004788849482770377,0.08587242929375136,-1.0286253413008132e-16,0.9999999999999999,-3.7570745108290216,1.8821156955859573
2025-05-07,1000,901,0.901,898,-0.02837623940044279,0.056790769312490705,9.85769611209906e-17,0.9999999999999991,-3.8729331512402263,1.8849226383037003
2025-05-08,1000,903,0.903,900,-0.02278565957588161,0.05876770627805658,-1.1803035477742528e-17,1.0000000000000002,-3.6338869034754198,2.0337696965146406
2025-05-09,1000,901,0.901,900,-0.0781421219961901,0.0251500100839648,1.5772313779358495e-17,0.9999999999999996,-3.685640723523578,2.2590853369093846
2025-05-12,1000,901,0.901,900,-0.04903878390935281,0.03959077641036223,4.731694133807548e-17,0.9999999999999996,-3.7220857380003514,2.0054893879700617
2025-05-13,1000,900,0.9,900,-0.03373070265473924,0.057809582071554524,3.552713678800501e-17,1.0000000000000002,-3.7668633969424348,1.9714455195366378
2025-05-14,1000,901,0.901,901,-0.04506308874913801,0.05198340417953264,2.365847066903774e-17,0.9999999999999993,-3.823505625428854,1.8687531184650554
2025-05-15,1000,900,0.9,900,-0.04726849497890811,0.06220098751653102,-8.289665250534503e-17,0.9999999999999994,-3.8487638681760985,2.1846497204347317
2025-05-16,1000,900,0.9,899,-0.04651600921228435,0.04622387753596261,-8.289665250534503e-17,0.9999999999999998,-3.8450523450328014,2.2694191508346204
2025-05-19,1000,901,0.901,901,-0.00343054639181037,0.07140282456734601,3.5487706003556616e-17,0.9999999999999996,-4.053963005793206,2.229192347111862
2025-05-20,1000,900,0.9,900,-0.040307299435604696,0.03608625877693254,-1.1842378929335004e-17,1.0000000000000007,-3.8554599721477834,2.2456639903804945
2025-05-21,1000,900,0.9,900,-0.014708671222543624,0.05900348969573809,-7.105427357601002e-17,0.9999999999999992,-3.9365520152867086,2.1816242346430395
2025-05-22,1000,900,0.9,900,0.024126963610376036,0.1109596280577806,7.105427357601002e-17,1.0000000000000004,-3.9203960295725993,2.419494705155577
2025-05-23,1000,900,0.9,899,-0.03215556733253117,0.043108512362551,7.894919286223335e-18,0.9999999999999997,-4.147737562638314,2.4675445882161755
2025-05-26,1000,899,0.899,899,-0.04999798195039119,0.059465376644564055,-3.161480470567743e-17,0.9999999999999991,-4.019527853660423,2.5895941778614233
2025-05-27,1000,899,0.899,899,-0.039364803314431436,0.03702321289866493,-1.1855551764629036e-17,1.0,-4.030380117387446,2.5702756351283718
2025-05-28,1000,899,0.899,899,-0.03672987454185129,0.013598116805485368,-1.9759252941048393e-17,0.9999999999999998,-4.076862423330997,2.3582808888820286
2025-05-29,1000,901,0.901,901,-0.04703800924852075,0.014929007041609673,-3.154462755871699e-17,0.9999999999999989,-4.015892869779811,2.25895985022105
2025-05-30,1000,900,0.9,900,-0.09312853244323245,-0.04838005189619618,3.947459643111668e-17,1.0000000000000002,-4.074839853021422,2.156796976681458
2025-06-03,1000,901,0.901,901,-0.0817039394624022,-0.03437629879249015,3.154462755871699e-17,0.9999999999999999,-3.9754122586416205,2.052573676694817
2025-06-04,1000,902,0.902,901,-0.043892053302843625,0.0329908222405183,3.9387069609761654e-17,1.0000000000000002,-4.0141714746206,2.047401426915749
2025-06-05,1000,900,0.9,899,-0.05610569692542327,0.03382979197271631,7.894919286223335e-18,0.9999999999999996,-3.799964548575403,2.0497705372156134
2025-06-06,1000,900,0.9,899,-0.058040190938017315,0.015589111746580413,-2.3684757858670008e-17,0.9999999999999993,-3.857057323488005,2.112198638450793
2025-06-09,1000,903,0.903,903,-0.01790502918375763,0.0478067994462313,3.9343451592475096e-17,1.0000000000000002,-3.9375119496319426,2.149766083252283
2025-06-10,1000,901,0.901,901,-0.017143452597908317,0.024998459562104156,-4.731694133807548e-17,1.0,-4.017298930049355,2.068754188893178
2025-06-11,1000,902,0.902,902,-0.04769096104807846,0.025597753240691582,1.575482784390466e-17,1.0000000000000002,-4.0911574906483,2.0525707071755575
2025-06-12,1000,902,0.902,902,-0.009008199384228475,0.05601918541692471,1.1028379490733263e-16,1.0,-4.033631718832053,2.072282730258806
2025-06-13,1000,898,0.898,898,-0.030043484474719166,0.045760278579696445,-7.91250262539087e-18,0.9999999999999998,-4.247849314268937,2.0841419797003202
2025-06-16,1000,900,0.9,900,0.05505264612301903,0.10462167633719796,-2.3684757858670008e-17,0.9999999999999996,-4.122121529352091,1.9868991417630653
2025-06-17,1000,901,0.901,901,-0.014893218697136563,0.06572967759178378,-5.5203098227754734e-17,1.0000000000000002,-4.476537413217553,1.9770239961025264
2025-06-18,1000,901,0.901,901,-0.028395297160651735,0.059279987190383736,-3.943078444839624e-18,1.0000000000000002,-4.414015732494431,1.9191366098510014
2025-06-19,1000,901,0.901,900,-0.12992397595592178,-0.024655001733150293,6.70323335622736e-17,0.9999999999999998,-4.431274863485234,1.9891194916459873
2025-06-20,1000,901,0.901,901,-0.13420545378077756,-0.03673513039907064,5.914617667259436e-17,1.0000000000000004,-4.450066276953795,1.942896876464285
2025-06-23,1000,901,0.901,900,-0.04263498080602054,0.037154919062758494,-6.308925511743398e-17,1.0000000000000004,-4.440373760969207,1.9145588527621769
2025-06-24,1000,902,0.902,901,0.016944287611673964,0.09207065017006338,-1.575482784390466e-17,0.9999999999999997,-4.327386064181821,1.919978530908866
2025-06-25,1000,902,0.902,901,0.01890031090882936,0.1067322266278187,7.877413921952331e-17,0.9999999999999996,-4.4239768768685765,1.9019006251059116
2025-06-26,1000,903,0.903,902,0.021002951476740864,0.08332459711186711,2.7540416114732565e-17,0.9999999999999994,-4.346449725973551,1.8814871810179852
2025-06-27,1000,904,0.904,903,0.036343854577471746,0.11103841063899336,4.322992308274946e-17,1.0000000000000007,-4.406291652968483,1.9328001897717546
2025-06-30,1000,906,0.906,906,0.022841053432329762,0.10869486738316236,-8.62689855779371e-17,0.999999999999999,-4.214293078819383,1.8611629024248324
2025-07-01,1000,906,0.906,906,-0.03450424285518262,0.07520185723994048,3.137054021015895e-17,1.000000000000002,-4.398545177230323,1.8095792012771887
2025-07-02,1000,908,0.908,908,-0.041145409014507056,0.05188299038075914,5.477752368194605e-17,1.0000000000000013,-4.386578714009775,1.823774965192813
2025-07-03,1000,907,0.907,907,-0.03186220626520517,0.0431637195236034,-4.308693546505569e-17,0.9999999999999986,-4.417451643771961,1.7742066704497357
2025-07-04,1000,907,0.907,904,-0.013720149949072735,0.08444465793665198,-6.26719061309901e-17,0.9999999999999994,-4.3319730174069315,1.7756756968526242
2025-07-07,1000,905,0.905,903,-0.0029196228985015325,0.08488623897924966,5.495910663337792e-17,0.9999999999999994,-4.462178109310558,1.7427638889159023
2025-07-08,1000,910,0.91,907,0.03243293350954035,0.10604374160451042,2.3424485794289017e-17,0.9999999999999996,-4.478635666722113,1.7115798143908507
2025-07-09,1000,911,0.911,908,0.030293373567202787,0.08644404380718082,7.799590952361144e-18,1.0000000000000013,-4.390169703754469,1.6506979381963827
2025-07-10,1000,914,0.914,911,0.010201805225994585,0.07381424328545645,2.332197163326368e-17,0.9999999999999993,-4.40238640224527,1.5774555675974127
2025-07-11,1000,917,0.917,915,-0.00730298163022244,0.07783620207514133,1.549711528375355e-17,1.000000000000001,-4.12670638660891,1.6796972790201161
2025-07-14,1000,915,0.915,913,-0.05193946000704689,0.034187266420399015,-3.106197751956722e-17,0.9999999999999999,-4.084301164841651,1.62034239653878
2025-07-15,1000,916,0.916,913,-0.06216800358100235,0.03190804752442485,-1.9392541914849895e-17,1.0000000000000002,-4.31881735672067,1.4914468848532532
2025-07-16,1000,915,0.915,912,-0.08700349305676286,0.0089119210550011,1.7472362354756563e-17,1.0000000000000002,-4.173378511653104,1.4701932878077917
2025-07-17,1000,916,0.916,912,-0.0672561582383492,0.03471663505152719,0.0,0.9999999999999994,-4.0470272703400205,1.4680257551879876
2025-07-18,1000,916,0.916,914,-0.15363277484855137,-0.03923153205437059,-1.9392541914849895e-17,1.0000000000000007,-4.005301534523975,1.4218724718613531
2025-07-21,1000,916,0.916,914,-0.18402271271683354,-0.0478832596299859,-6.981315089345963e-17,1.0,-4.017989501714755,1.968636013096433
2025-07-22,1000,916,0.916,915,-0.1845698568219108,-0.04255443748937049,2.3271050297819874e-17,0.9999999999999999,-3.9623867714398164,1.705624579031137
2025-07-23,1000,915,0.915,914,-0.1753281930135135,-0.05100446163143962,-2.1355109544702466e-17,1.0000000000000007,-3.7876666818407263,1.93321103879673
2025-07-24,1000,917,0.917,916,-0.13554904191536188,-0.028728455797177917,-7.748557641876774e-18,1.0000000000000004,-3.725241490854928,2.017708510598105
2025-07-25,1000,917,0.917,915,-0.14685639206180107,-0.052854992849828086,1.3559975873284354e-17,1.0000000000000002,-3.523144127782772,2.187502341614991
2025-07-28,1000,916,0.916,915,-0.12763302812515803,-0.040426520966081285,-2.3271050297819874e-17,1.0000000000000007,-3.5849537992823253,2.119300786708821
2025-07-29,1000,917,0.917,915,-0.0501271687300576,0.020255096117450886,-3.874278820938387e-18,1.0000000000000002,-3.6043210716103977,2.139412597424629
2025-07-30,1000,916,0.916,915,-0.06866810278600993,0.013204553108469247,7.757016765939958e-18,0.9999999999999991,-3.6577502826639714,2.0566071142912175
2025-07-31,1000,913,0.913,912,-0.06557991422865789,0.013468032456938289,0.0,1.000000000000001,-3.6671765385355695,1.9895673186292524
2025-08-01,1000,914,0.914,911,-0.10969898666695427,-0.03882921425493781,1.5547981088842454e-17,1.0000000000000009,-3.5939542337600505,1.9808866562892586
2025-08-04,1000,910,0.91,909,-0.12844849435901293,-0.07086349867056348,-2.3424485794289017e-17,1.0,-3.657042238138828,1.9614879722683094
2025-08-05,1000,913,0.913,912,-0.10022797056279882,-0.041229275325650426,1.1673757980724537e-17,1.0000000000000002,-3.609937261499545,1.8612863564937046
2025-08-06,1000,912,0.912,911,-0.08813005771052027,-0.0134575248142796,-1.5582077538598687e-17,1.0,-3.678039146171834,1.9393116502587673
2025-08-07,1000,911,0.911,910,-0.039210758521074716,0.0004597157072618629,-2.339877285708343e-17,1.0000000000000004,-3.682872110154492,1.8703427262722014
2025-08-08,1000,911,0.911,910,-0.018076217935689524,0.03817953284212754,-3.899795476180572e-18,1.0000000000000002,-3.5122412235818965,2.35197229788909
2025-08-11,1000,911,0.911,910,0.015140865823921618,0.04984167658462876,3.899795476180572e-18,1.0000000000000004,-3.514779570794107,2.0544091585276667
2025-08-12,1000,911,0.911,909,0.011687130673625973,0.057189365870707366,7.799590952361144e-18,1.0000000000000002,-3.65101054745218,2.0268791760935523
2025-08-13,1000,910,0.91,910,0.02563718185089369,0.07203030117332436,-3.904080965714836e-18,1.0000000000000002,-3.6674025431026047,2.058525984486577
2025-08-14,1000,907,0.907,907,0.0002987942675823764,0.03926052368098238,3.916994133186881e-18,1.0,-3.634632560833418,2.221257080450433
2025-08-15,1000,908,0.908,907,0.0018813211647289241,0.06217687294353835,1.173804078898844e-17,0.9999999999999997,-3.678086081179471,1.9424838390848869
2025-08-18,1000,913,0.913,912,-0.00043376451205858396,0.043632761038663925,-3.8912526602415124e-18,1.0000000000000002,-3.681901180258945,1.8341782493201504
2025-08-19,1000,913,0.913,912,-0.04149802230909654,0.01801256237164641,3.8912526602415124e-18,1.0,-3.5934093030960423,1.682609888461911
2025-08-20,1000,913,0.913,912,-0.06173077312157051,0.011035964144745967,0.0,1.0,-3.95453321182003,1.5686003545502845
2025-08-21,1000,913,0.913,912,-0.14369314123229146,-0.0344479834527577,0.0,0.9999999999999998,-3.901911212017664,1.596664628476225
2025-08-22,1000,913,0.913,909,-0.10115883749931266,-0.017904977514170344,3.8912526602415124e-18,1.0000000000000004,-3.7565021387670106,1.6532283080228445
2025-08-25,1000,914,0.914,913,-0.10009731847408505,-0.013532497393188521,0.0,1.0000000000000002,-3.71276605286388,1.7242230945708146
2025-08-26,1000,913,0.913,912,-0.10335105131302294,-0.040974942081338346,-2.3347515961449075e-17,0.9999999999999999,-3.7307594216713853,1.7364555623507747
2025-08-27,1000,913,0.913,911,-0.09130942149855108,-0.060242969202257086,1.9456263301207562e-17,1.0000000000000002,-3.696096788129402,1.719296327076871
2025-08-28,1000,912,0.912,910,-0.05447411206821723,-0.010558428822959832,-1.1686558153949016e-17,1.0000000000000004,-3.566425011493277,1.7051528704866594
2025-08-29,1000,912,0.912,909,-0.01676128541928866,0.03711577476685956,1.947759692324836e-17,1.0,-3.6296743066940276,1.7374548950634912
2025-09-01,1000,912,0.912,909,-0.027986494166567476,0.03002646763197301,7.791038769299344e-18,1.0000000000000002,-3.631539386525918,1.7683668644110029
2025-09-02,1000,909,0.909,905,-0.06611229519861889,-0.02807034213464761,7.816751768537955e-18,1.0,-3.5826273901524766,1.794313608677124
2025-09-03,1000,908,0.908,904,-0.05518781831466678,-0.04835158394929832,1.5650721051984587e-17,1.0000000000000007,-3.509420964949224,1.741800923638877
2025-09-04,1000,908,0.908,905,-0.06913421965280789,-0.023585587952621365,-1.3694380920486513e-17,1.0,-3.503256359469087,1.8117141019358363
2025-09-05,1000,909,0.909,907,-0.09876392509190338,-0.05668910319572371,-3.908375884268978e-18,1.0000000000000007,-3.5156278089620203,2.1074570397200985
2025-09-08,1000,911,0.911,909,-0.05703185203635601,0.008320667881876319,-3.899795476180572e-18,0.9999999999999997,-3.5705366398332843,1.8541228091452118
2025-09-09,1000,911,0.911,909,-0.08440499780581853,-0.023098539557133084,3.899795476180572e-18,1.0000000000000007,-3.4043152715912797,1.9050072070675834
2025-09-10,1000,912,0.912,912,-0.033327093432294175,0.01860974656621338,1.1686558153949016e-17,0.9999999999999998,-3.3518963300581057,1.987382448955695
2025-09-11,1000,913,0.913,913,0.048430913172777854,0.11843480723584915,3.8912526602415124e-18,1.0000000000000002,-3.383611961215292,2.082066274966128
2025-09-12,1000,913,0.913,912,0.06943894471024345,0.1301323998718971,7.782505320483025e-18,1.0000000000000004,-3.6406297150503333,2.1116854815918713
2025-09-15,1000,914,0.914,914,0.10052663558610854,0.14819328869597537,5.441793381094859e-17,1.0,-3.7274614446768166,2.103051707637929
2025-09-16,1000,918,0.918,918,0.14507533554108337,0.1979609074360826,2.709040931547223e-17,1.0000000000000004,-3.739947108831335,2.145826663795493
2025-09-17,1000,918,0.918,918,0.16248295678704738,0.21190866006419518,1.161017542091667e-17,1.0000000000000004,-3.814289301942195,2.1411817484763414
2025-09-18,1000,918,0.918,917,0.11294776371480698,0.15807567969411365,1.935029236819445e-17,1.0000000000000002,-3.846558772371681,2.174188859857555
2025-09-19,1000,915,0.915,912,0.10998230127367462,0.15199395343942873,1.9413735949729513e-18,0.9999999999999988,-3.996033601428608,2.3504882916092105
2025-09-22,1000,912,0.912,911,0.12609573696929874,0.17931081102122123,-2.337311630789803e-17,1.0000000000000002,-3.9118930617355008,2.403501958171884
2025-09-23,1000,911,0.911,910,0.059580853708920495,0.10372358536132159,2.339877285708343e-17,1.0,-4.057803979515077,2.3362729516940193
2025-09-24,1000,912,0.912,910,0.08897506909229055,0.14397252782563796,-3.1164155077197375e-17,1.0,-4.064348492403709,2.392650692388406
2025-09-25,1000,909,0.909,908,0.07382605130085772,0.14632433318417615,-7.816751768537955e-18,1.0000000000000004,-3.9269864255624864,2.42881941861132
2025-09-26,1000,909,0.909,906,0.05365401512297943,0.11440908361211334,-3.908375884268978e-18,0.9999999999999992,-3.908140683541639,2.385654788844406
2025-09-29,1000,907,0.907,906,0.17037592298191087,0.20725726864455923,-3.916994133186881e-18,1.0,-4.232410559420998,2.3954665115560783
2025-09-30,1000,906,0.906,904,0.14404057828485067,0.20298634233824184,1.3724611341944541e-17,1.0,-4.11136253945091,2.3789874946954046
2025-10-09,1000,907,0.907,906,0.10657052167158228,0.18011471716281038,-1.9584970665934403e-17,1.000000000000001,-4.159363551361491,2.330852191693783
2025-10-10,1000,909,0.909,909,-0.028950148139124297,0.05781562563862314,-1.954187942134489e-17,1.000000000000001,-4.104548110985021,2.392285459613308
2025-10-13,1000,909,0.909,909,0.13870193683362383,0.19726584880800602,1.75876914792104e-17,1.0000000000000002,-3.962950038053837,2.2182998845843755
2025-10-14,1000,909,0.909,909,0.0998119363093653,0.15395008546715777,3.908375884268978e-18,0.9999999999999999,-4.019776142106097,2.545301330643513
2025-10-15,1000,909,0.909,909,0.09183293144065015,0.17302467766136156,-9.770939710672445e-18,1.0000000000000004,-3.991019445318235,2.5061317246894803
2025-10-16,1000,908,0.908,908,0.072731843959733,0.17073320393979557,-2.347608157797688e-17,1.0000000000000002,-3.9227314426454476,2.4701210714258566
2025-10-17,1000,908,0.908,908,0.08228193821051742,0.17934652620345817,-1.467255098623555e-17,1.0,-3.8288730148519794,2.2299138454608136
2025-10-20,1000,908,0.908,908,0.0823567442452072,0.19332471570890192,-1.0759870723239403e-17,1.0000000000000007,-3.885985276518708,2.2512205187847028
2025-10-21,1000,908,0.908,908,0.08437914413854539,0.17495704392404302,0.0,1.0000000000000002,-3.8753806667685247,2.2515707127908
2025-10-22,1000,909,0.909,908,0.0645704330728273,0.1515020530951873,0.0,0.9999999999999998,-3.84369171108963,2.2690604810701926
2025-10-23,1000,909,0.909,908,0.0862661117507109,0.18221682774375317,2.5404443247748358e-17,0.9999999999999996,-3.7972024670747926,2.4369205479097134
2025-10-24,1000,909,0.909,906,0.13417165220430097,0.22758589739041366,3.908375884268978e-18,1.0000000000000004,-3.8572438776895597,2.3888612533836775
2025-10-27,1000,908,0.908,906,0.15960425551813176,0.23653432349511752,-3.912680262996147e-18,0.9999999999999999,-4.16531378546948,2.40427931542035
2025-10-28,1000,908,0.908,906,0.15192885939941878,0.23522009492470589,9.781700657490367e-18,1.000000000000001,-4.219696538678341,2.348899973849619
2025-10-29,1000,909,0.909,907,0.14694019000919709,0.22604047266178048,2.1496067363479378e-17,0.9999999999999994,-3.7147980067634663,2.430024147118448
2025-10-30,1000,909,0.909,907,0.13358751764186516,0.21541942659158006,3.712957090055529e-17,0.9999999999999999,-3.7445487071837364,2.3857780214052293
2025-10-31,1000,907,0.907,903,0.036271342158742836,0.12730416823148943,-2.7418958932308165e-17,0.9999999999999999,-3.6589807433165964,2.389087207326576
2025-11-03,1000,907,0.907,903,0.06635411442301997,0.14801307673133532,-3.916994133186881e-18,0.9999999999999993,-3.6075556011265224,2.4603556911601676
2025-11-04,1000,907,0.907,903,0.003277163010166045,0.060925989114602244,-1.1750982399560643e-17,1.0000000000000009,-3.587079150846059,2.4634438037824595
2025-11-05,1000,909,0.909,905,0.0815027319588533,0.11877027808197445,1.954187942134489e-17,0.9999999999999993,-3.5877831140278262,2.4244332354677574
2025-11-06,1000,909,0.909,905,0.08672012215543173,0.15823326644196328,-2.5404443247748358e-17,1.0000000000000007,-3.635633655329796,2.29870231911524
2025-11-07,1000,908,0.908,905,0.060142643869928764,0.11976906912697968,7.825360525992294e-18,0.9999999999999997,-3.7445856295061595,2.210811695567133
2025-11-10,1000,910,0.91,908,-0.014513274660814736,0.045143679906333375,-1.952040482857418e-18,0.9999999999999997,-3.6614136840391285,2.175236260653628
2025-11-11,1000,912,0.912,908,-0.06697249993915581,-0.03444056745819029,7.791038769299344e-18,0.9999999999999992,-4.149543739674777,2.118567911969584
2025-11-12,1000,912,0.912,908,-0.08768813009642112,-0.027355250715295393,0.0,1.0000000000000004,-4.0042213665381095,2.179617665124931
2025-11-13,1000,914,0.914,910,-0.04650001016957833,0.02359089687741026,-1.166098581663184e-17,0.9999999999999993,-3.6819228476481083,2.265941254158002
2025-11-14,1000,916,0.916,912,-0.03752582280030668,0.020435826369503973,-1.1635525148909937e-17,1.0000000000000007,-3.649488944265778,2.1482916861488452
2025-11-17,1000,916,0.916,913,0.003941358001165719,0.05075195803409528,3.878508382969979e-18,0.9999999999999994,-3.3903886668207615,2.111386720584912
2025-11-18,1000,914,0.914,912,0.01946772562257514,0.06515675298252689,5.83049290831592e-18,0.9999999999999994,-3.6917825132684494,2.18504811309331
2025-11-19,1000,912,0.912,908,-0.0016921258913322706,0.037863357572553324,-7.791038769299344e-18,1.0,-3.7363180202439383,2.1969713411302787
2025-11-20,1000,911,0.911,907,-0.05401427811353971,-0.02723452214723905,1.949897738090286e-18,0.9999999999999999,-3.5469861791043624,2.197211756856952
2025-11-21,1000,911,0.911,905,-0.08365398296163082,-0.06257580173412156,-2.339877285708343e-17,1.0000000000000013,-3.8198229170684446,2.2274378277077185
2025-11-24,1000,911,0.911,907,-0.1381131741572853,-0.09695451066904569,7.799590952361144e-18,0.9999999999999999,-3.8023101997741953,2.205955587142762
2025-11-25,1000,910,0.91,907,-0.0938365149067102,-0.05410703797759734,-7.808161931429672e-18,1.0000000000000002,-3.6659114455788706,2.1745386966559854
2025-11-26,1000,911,0.911,910,-0.10479980907002516,-0.05136814955340001,1.5599181904722288e-17,0.9999999999999997,-3.6208166561548545,2.104745162071159
2025-11-27,1000,912,0.912,911,-0.1259911777526793,-0.0765904777697229,0.0,1.0000000000000007,-3.710715783522097,2.0669228661695835
2025-11-28,1000,914,0.914,911,-0.09598969785290583,-0.04314023724885906,-1.9434976361053068e-17,1.0000000000000009,-3.804957263807314,2.0726486133398767
2025-12-01,1000,912,0.912,909,-0.06620659528845652,-0.01454489216159739,4.674623261579606e-17,1.0000000000000007,-3.8433026015056964,2.104156818014159
2025-12-02,1000,911,0.911,909,-0.07334897379348289,-0.029364901426504057,-7.799590952361144e-18,1.0,-3.913759516401449,2.0422331395124376
2025-12-03,1000,912,0.912,910,-0.08038384606391669,-0.03908970942650925,0.0,0.9999999999999998,-3.8475285553734784,2.037572829193505
2025-12-04,1000,910,0.91,908,-0.08034123182208505,-0.06310894066689361,-2.3424485794289017e-17,1.0000000000000002,-3.904262111188831,2.0065061037922405
2025-12-05,1000,911,0.911,909,-0.07386742158716489,-0.058767737643014066,-1.5599181904722288e-17,0.9999999999999989,-4.184232464282188,1.7978975335170764
2025-12-08,1000,911,0.911,909,-0.07679883868509044,-0.023695326858164948,-3.1198363809444576e-17,0.9999999999999997,-4.093663930416227,1.7790833014064447
2025-12-09,1000,909,0.909,906,-0.07372522428003972,0.002897308248877257,3.908375884268978e-17,0.9999999999999999,-4.245846655233099,1.8012120733345947
2025-12-10,1000,911,0.911,909,-0.07280708082907396,-0.0033174747422463516,0.0,1.0000000000000013,-4.270123753421875,1.802115692533083
2025-12-11,1000,909,0.909,905,-0.1063363963612767,-0.03381538085242414,0.0,1.0000000000000002,-4.152569325236513,1.726811650596952
2025-12-12,1000,909,0.909,903,-0.09498263599060439,-0.05093665133668669,-3.126700707415182e-17,1.0000000000000007,-4.1970910051408366,1.7332700095888405
2025-12-15,1000,908,0.908,904,-0.07274183327923804,-0.0397731831950609,1.5650721051984587e-17,1.0,-4.293114974856739,1.6839989037084844
2025-12-16,1000,908,0.908,904,-0.06327867028505821,-0.06003712425498722,-1.173804078898844e-17,1.0000000000000004,-4.53495650878315,1.7817521306291695
2025-12-17,1000,908,0.908,903,-0.08100617287170385,-0.04920480203876832,-7.825360525992294e-18,0.9999999999999991,-4.45610547760957,1.919632180934027
2025-12-18,1000,906,0.906,903,-0.09875916452142319,-0.060570318163700704,-2.352790515761921e-17,0.9999999999999987,-4.717465295316349,2.0466477253617805
2025-12-19,1000,905,0.905,902,0.015718103058562107,0.053053506149111036,-1.962825236906354e-17,1.0,-4.65036034488198,2.028223387405984
2025-12-22,1000,904,0.904,902,0.023680654596053057,0.028186130370610844,3.929993007522678e-18,1.0000000000000004,-4.5608461485532334,2.108437105347052
2025-12-23,1000,904,0.904,903,-0.03767816984331874,0.01193570801420989,1.964996503761339e-17,1.0000000000000002,-4.797675174707435,2.132736017196757
2025-12-24,1000,904,0.904,903,-0.016939762657957217,0.026662071014832058,1.5719972030090712e-17,0.9999999999999993,-4.725301155907558,2.1365228743717113
2025-12-25,1000,903,0.903,903,0.019289093776507064,0.06286930845383945,-1.1803035477742528e-17,1.0000000000000009,-4.670776889739655,2.226897871131126
2025-12-26,1000,903,0.903,902,0.035454948634998616,0.08326011258405103,7.868690318495018e-18,1.000000000000001,-4.74116577120771,2.2626616519164373
2025-12-29,1000,903,0.903,902,0.03476270260424042,0.1046214885939198,0.0,1.0000000000000002,-4.663413746396082,2.256229401837464
2025-12-30,1000,902,0.902,902,0.0902427647105733,0.1260152692246494,3.150965568780932e-17,0.9999999999999996,-4.572218422362235,2.2607174558563585
2025-12-31,1000,902,0.902,901,0.09155816634016252,0.13148433497949658,1.9693534804880827e-17,1.0000000000000007,-4.247942642370391,2.258365302203572
2026-01-05,1000,902,0.902,901,0.048703405502855825,0.12529602008560237,-7.87741392195233e-18,0.9999999999999991,-3.9744555310204497,2.3305692403714073
2026-01-06,1000,903,0.903,902,0.02654656847316204,0.10651040539508404,0.0,0.9999999999999987,-3.9849033237546476,2.294918765677659
2026-01-07,1000,904,0.904,903,0.10401785994288401,0.14433384642465943,1.1789979022568034e-17,1.0000000000000004,-4.083379556000612,2.2948663003534735
2026-01-08,1000,906,0.906,904,0.1492769521170196,0.1923514210585157,3.9213175262698686e-18,0.9999999999999987,-3.9666488505664335,2.2080658006112146
2026-01-09,1000,906,0.906,903,0.1477994145699201,0.17845510058426048,1.9606587631349343e-18,0.9999999999999987,-3.6606006334825696,2.1428814359937314
2026-01-12,1000,906,0.906,902,0.14553508967148143,0.1817511718901823,-1.764592886821441e-17,0.9999999999999996,-3.7760774859716966,2.1272202981440818
2026-01-13,1000,905,0.905,903,0.12748892138733672,0.17866622016096095,-9.81412618453177e-18,0.9999999999999993,-3.8560044800536333,2.1431501122403587
2026-01-14,1000,904,0.904,903,0.12409798751747525,0.1980377888322371,0.0,1.0000000000000002,-4.002609457161626,2.2380909455735942
2026-01-15,1000,903,0.903,902,0.07875537574304055,0.18684101506916628,3.934345159247509e-18,0.9999999999999993,-4.282032756771221,2.2196051088145063
2026-01-16,1000,901,0.901,900,0.04373522860284364,0.1281864923226012,5.914617667259435e-18,0.9999999999999988,-4.296968672404871,2.2309521464552104
2026-01-19,1000,902,0.902,900,0.073222517293157,0.17166315609962998,3.938706960976165e-18,0.9999999999999999,-4.46301192084368,2.346523563485393
2026-01-20,1000,904,0.904,902,-0.020333761968004845,0.05847910257372823,-5.894989511284017e-18,0.9999999999999996,-4.408042241003803,2.475842663207686
2026-01-21,1000,903,0.903,901,0.013200438166378359,0.10475395928802453,-1.770455321661379e-17,1.0000000000000004,-4.404505466043529,2.452792333939249
2026-01-22,1000,904,0.904,900,0.03655329578588443,0.10261436705665675,-3.929993007522678e-18,1.0000000000000004,-4.345955447231971,2.420082504611288
2026-01-23,1000,908,0.908,904,0.060645877235486985,0.12456854782599595,1.9563401314980734e-18,1.0000000000000007,-4.377633942373069,2.3776273364155727
2026-01-26,1000,905,0.905,902,0.0922137739644508,0.15029962518124507,-2.944237855359531e-18,1.0,-4.38792782834606,2.4453281490355767
2026-01-27,1000,905,0.905,902,0.07649898191251668,0.128754706353779,1.9628252369063543e-18,1.0000000000000002,-4.411063661536141,2.44951575549641
2026-01-28,1000,906,0.906,903,0.04553550044523379,0.11983197845309952,-2.9409881447024014e-18,1.0000000000000002,-4.373166241884902,2.41541889522702
2026-01-29,1000,906,0.906,904,0.058805122284288844,0.13481926189249277,2.058691701291681e-17,1.0,-4.33241597048887,2.532540679643809
2026-01-30,1000,906,0.906,903,0.01896165747313961,0.10238398397143496,1.0783623197242138e-17,0.9999999999999997,-4.360114371792859,2.443619440945126
2026-02-02,1000,905,0.905,904,0.019010713896174994,0.07223404046056339,1.0795538802984947e-17,1.0,-4.161377200967211,2.5432791794075027
2026-02-03,1000,905,0.905,904,0.06940723361647401,0.11792305492360108,5.888475710719062e-18,0.9999999999999991,-3.972946189373866,2.4123098520242108
2026-02-04,1000,907,0.907,906,0.05322808584755794,0.1044262757009453,2.3501964799121286e-17,1.000000000000001,-3.887396885090444,2.431556750109003
2026-02-05,1000,907,0.907,906,0.04227247528619504,0.07333878866273119,-3.4273698665385206e-18,1.0000000000000002,-3.8906846640117734,2.3651750601244004
2026-02-06,1000,905,0.905,904,0.09450546301067766,0.12707529336567433,1.0795538802984947e-17,0.9999999999999998,-3.6047327667277127,2.248137064812424
2026-02-09,1000,905,0.905,905,0.15732830260523348,0.16208347502604759,-2.747955331668896e-17,0.9999999999999992,-3.657429684810371,2.2360694187078205
2026-02-10,1000,907,0.907,906,0.1079846087015256,0.1164297223267084,2.2522716265824563e-17,1.0,-3.731286945953066,2.16357318122138
2026-02-11,1000,907,0.907,906,0.09464063039468802,0.14564928556030188,-2.9377455998901607e-18,1.0000000000000007,-3.6165121231770483,2.219833703070276
2026-02-12,1000,907,0.907,907,0.15593234738320993,0.1731691631306897,-9.792485332967202e-18,1.0,-3.6903763245661514,2.2953919608286255
2026-02-13,1000,906,0.906,905,0.11428608788495641,0.15219330184564647,-1.1763952578809606e-17,1.0000000000000009,-3.845143763956883,2.199037705728108
2026-02-24,1000,906,0.906,905,0.08251587746109125,0.127558377774688,-7.842635052539737e-18,1.0000000000000009,-3.87940980224786,2.2259122060451295
2026-02-25,1000,907,0.907,907,0.1082449830108418,0.16097711494321237,-2.937745599890161e-17,0.9999999999999993,-3.7991944041005783,2.161535208761356
2026-02-26,1000,906,0.906,906,0.1591239369765152,0.19378667020336574,-2.352790515761921e-17,1.000000000000001,-3.799861503930693,2.1549909262634035
2026-02-27,1000,906,0.906,904,0.1485178487871528,0.17245112557893905,1.3724611341944541e-17,0.9999999999999999,-3.792623021548325,2.122353596798701
2026-03-02,1000,906,0.906,906,0.17810064026870678,0.18562723536458306,-1.8626258249781875e-17,1.0000000000000004,-3.8870578430398934,2.223737160084517
2026-03-03,1000,906,0.906,906,0.11088952561807902,0.1531848346145698,-1.764592886821441e-17,1.0,-4.173785816723817,2.081837973392307
2026-03-04,1000,905,0.905,905,0.1657876620488704,0.20988670782858304,-1.5702601895250834e-17,0.9999999999999999,-4.257029660661976,2.0995680916424986
2026-03-05,1000,906,0.906,906,0.11358327594614742,0.17059750497958487,8.822964434107205e-18,0.9999999999999999,-4.396109555403576,2.1248956798828265
2026-03-06,1000,907,0.907,907,0.07577197389331247,0.1478633973639561,-1.2240606666209002e-17,0.9999999999999997,-4.460961551761778,2.2396840658049704
2026-03-09,1000,907,0.907,907,0.044475029274699006,0.1318682347269458,-1.5667976532747524e-17,0.9999999999999993,-4.491536530276135,2.2843357550637613
2026-03-10,1000,909,0.909,909,0.05104430836101752,0.10947115213805597,1.8564785450277646e-17,1.0000000000000007,-4.250706146358217,2.9119350817544443
2026-03-11,1000,910,0.91,910,-0.013130469828472607,0.0672781083997566,-3.904080965714836e-18,0.9999999999999997,-4.3683718293185,2.8247753145980368
2026-03-12,1000,910,0.91,910,-0.027314338543335395,0.03893497699305573,1.3664283380001927e-17,1.0000000000000007,-4.3975341859908355,2.8570544945101513
2026-03-13,1000,910,0.91,910,-0.11486709337783203,-0.047644759897942014,1.5616323862859345e-17,1.0000000000000004,-4.370809407128114,2.874240850734618
2026-03-16,1000,911,0.911,911,-0.09388490213172668,-0.06020278491737284,-3.899795476180572e-18,0.9999999999999994,-4.419339577783893,2.9528498112257093
2026-03-17,1000,912,0.912,912,-0.12006981169034076,-0.0789123519070334,1.3634317846273851e-17,1.0,-4.488340882334249,2.8846601549664324
2026-03-18,1000,912,0.912,911,-0.09969623189177168,-0.07773389484650828,-1.3634317846273851e-17,0.9999999999999999,-4.284198070486972,2.94385243290653
2026-03-19,1000,910,0.91,909,-0.13542356906553915,-0.11055816474424945,-7.808161931429672e-18,1.0000000000000002,-4.157245641990234,2.982330077769657
2026-03-20,1000,909,0.909,907,-0.1877976174310481,-0.16858224108641326,-1.1725127652806934e-17,1.0,-4.226584080665176,2.284723595484103
2026-03-23,1000,904,0.904,902,-0.14320358216944798,-0.13402363721046026,9.824982518806695e-18,0.9999999999999991,-4.238729327726443,2.279221132413204
2026-03-24,1000,908,0.908,905,-0.1664472507343227,-0.13478046225394044,3.912680262996147e-18,0.9999999999999994,-4.267278485946192,2.3015300390379685
2026-03-25,1000,910,0.91,907,-0.15785799102252213,-0.08555754750956672,-1.1712242897144509e-17,0.9999999999999999,-4.231275770032191,2.394780221515475
2026-03-26,1000,909,0.909,905,-0.20198733059897414,-0.13089044455122,-3.908375884268978e-18,0.9999999999999998,-4.215831305804883,2.3228998185289638
2026-03-27,1000,910,0.91,908,-0.15480087757562688,-0.06187089878025709,-4.29448906228632e-17,0.9999999999999997,-4.263898997937499,2.302931730913753
2026-03-30,1000,910,0.91,906,-0.12374734378425466,-0.04352074340720858,3.9040809657148365e-17,1.0000000000000004,-4.100678616986039,2.317150232173907
2026-03-31,1000,911,0.911,905,-0.18162536491615525,-0.1094357263968663,-1.5599181904722288e-17,0.9999999999999996,-3.7751054487831013,2.3265920350553255
2026-04-01,1000,909,0.909,907,-0.16345476424641525,-0.0954901385243092,3.126700707415182e-17,0.9999999999999997,-3.704489926458732,2.296452505604187
2026-04-02,1000,910,0.91,909,-0.15983736681909028,-0.10388096762929928,0.0,1.0000000000000004,-3.857700208431229,2.1979819109104946
2026-04-03,1000,909,0.909,909,-0.16903213054032573,-0.13424764049245713,-1.1725127652806934e-17,1.0000000000000002,-3.9439814248479066,2.3617748306714006
2026-04-07,1000,910,0.91,910,-0.16334543387432185,-0.11405195954839299,1.3664283380001927e-17,0.9999999999999999,-3.5942502397624327,2.3378302208323394
2026-04-08,1000,911,0.911,911,-0.16776365934318765,-0.12173877918453133,4.289775023798629e-17,0.9999999999999996,-3.6308882767111648,2.1630596382389977
2026-04-09,1000,910,0.91,910,-0.1394060241720071,-0.09018092832020813,-6.636937641715221e-17,0.9999999999999999,-3.638462295946566,2.2317290489599717
2026-04-10,1000,910,0.91,910,-0.19300062029048617,-0.1262524196128974,3.9040809657148365e-17,1.0,-3.5837527194629297,2.2721998892735504
2026-04-13,1000,910,0.91,910,-0.16505782728759946,-0.10367069136228821,-3.5136728691433524e-17,0.9999999999999994,-3.708283970334519,2.3327129903222135
2026-04-14,1000,913,0.913,913,-0.14148734911977237,-0.07155321597682981,-4.280377926265664e-17,1.000000000000001,-3.7695334990026317,2.4014093009218453
2026-04-15,1000,913,0.913,913,-0.13779138250717785,-0.09795908758679232,9.728131650603781e-18,1.0000000000000013,-3.6251250981067464,2.361870389596427
2026-04-16,1000,912,0.912,912,-0.10792665638527463,-0.05042535186605685,-3.895519384649672e-18,1.000000000000001,-3.6047603334663996,2.318268566211817
2026-04-17,1000,913,0.913,912,-0.13117859449579597,-0.06351644611601376,-1.9456263301207562e-17,0.9999999999999998,-3.456641370640535,2.368495258664963
2026-04-20,1000,912,0.912,911,-0.09988715586399195,-0.03598782996664977,1.5582077538598687e-17,1.0000000000000004,-3.4174137802321556,2.410222684188991
2026-04-21,1000,911,0.911,911,-0.0910956273046606,-0.029705565221205366,5.8496932142708576e-18,0.9999999999999993,-3.552699739485853,2.487030074777859
2026-04-22,1000,913,0.913,912,-0.04659429490291572,0.007603246908518296,1.556501064096605e-17,0.9999999999999997,-3.687122913468887,2.2675494770804385
2026-04-23,1000,909,0.909,909,-0.041060450500852635,0.011457834603001928,-1.1725127652806934e-17,1.0000000000000004,-3.5805612556818454,2.2598616978931014
2026-04-24,1000,910,0.91,908,-0.023386487238688115,0.03609199094739549,1.5616323862859345e-17,0.9999999999999997,-3.3897928019173027,2.3304118975987786
2026-04-27,1000,909,0.909,909,-0.04781419201931365,0.008400439971045386,-1.954187942134489e-18,1.0000000000000002,-3.597415751997498,2.2778298452831947
2026-04-28,1000,909,0.909,906,-0.05433384169845087,0.00799813080017816,2.1496067363479378e-17,1.0000000000000002,-3.6841510768054486,2.3573895388639237
2026-04-29,1000,908,0.908,903,-0.005135911012370935,0.052194974183419104,-1.9563401314980734e-18,0.9999999999999987,-3.7083195992822504,2.410694459760117
2026-04-30,1000,905,0.905,904,0.011170308743771111,0.09062686951186848,1.962825236906354e-17,1.0000000000000002,-3.7271202787705455,2.471738338911613
2026-05-06,1000,906,0.906,905,0.046328044563040766,0.11678614366707543,1.9606587631349344e-17,1.0000000000000004,-3.7699687962730795,2.4879023003987815
2026-05-07,1000,909,0.909,909,0.027867934765792007,0.08514343422530277,-1.954187942134489e-17,0.9999999999999994,-4.029454401885826,2.476568236202445
2026-05-08,1000,909,0.909,909,0.09874217742083481,0.13970250537180362,-7.816751768537955e-18,0.9999999999999999,-4.02559504389112,2.528013283880253
2026-05-11,1000,910,0.91,910,0.05905177163147176,0.1147574607160961,-5.856121448572254e-18,0.9999999999999998,-3.9023784423106993,2.138267291037267
2026-05-12,1000,908,0.908,908,0.030424730132282463,0.09181033323544958,-1.173804078898844e-17,1.0,-3.801683641960678,2.05776229131364
2026-05-13,1000,909,0.909,909,0.07087653736652694,0.12478522771190806,7.816751768537955e-18,1.0000000000000002,-3.7582465902790956,1.961697925477426
2026-05-14,1000,906,0.906,906,0.028094665776318053,0.10296852054665546,-3.9213175262698686e-18,0.9999999999999997,-3.690170301145695,2.045984902912372
2026-05-15,1000,904,0.904,904,0.030378196214245923,0.10904046600316779,-3.929993007522678e-18,1.0000000000000009,-3.787284551695046,2.1130828505113572
2026-05-18,1000,904,0.904,904,-0.012322548572989195,0.07666179991896907,0.0,0.9999999999999999,-3.761838490488632,2.0961000422491884
2026-05-19,1000,904,0.904,904,-0.07851067491388451,0.012982304673652993,5.894989511284017e-18,1.0000000000000002,-3.7807993621453018,2.161908562762724
2026-05-20,1000,902,0.902,902,-0.06750955672855122,0.0257062918723908,9.846767402440413e-19,0.9999999999999999,-3.769284539103802,2.075550664715007
2026-05-21,1000,900,0.9,900,-0.12481035459130413,-0.010539724989535893,-1.1842378929335004e-17,1.0,-3.6439032680052907,2.276301255194065
2026-05-22,1000,900,0.9,900,-0.1338714566210908,-0.020748552706008325,1.4802973661668755e-18,1.0,-3.609278662764324,2.2606368096396863
2026-05-25,1000,900,0.9,900,-0.12141501243398875,-0.01687826844552766,9.86864910777917e-18,1.0,-3.688623628095447,2.2279912046685464
2026-05-26,1000,900,0.9,900,-0.18948133800876468,-0.07965636827176095,-1.578983857244667e-17,1.0,-3.7081402781650894,2.3947270180344984
2026-05-27,1000,897,0.897,897,-0.20944121787621997,-0.09229207656873,2.7724632944931446e-17,1.0000000000000009,-3.67576758484592,2.4678165424119047
2026-05-28,1000,896,0.896,895,-0.16895878182724666,-0.037223750247727595,-5.9476233462061954e-18,0.9999999999999994,-3.6807730018386686,2.423880070164845
2026-05-29,1000,895,0.895,893,-0.19677221389316737,-0.08856202330463021,-9.923781225699724e-18,1.0000000000000004,-3.671832098119845,2.341296746601755
2026-06-01,1000,898,0.898,897,-0.23342027898181003,-0.12339541298974095,0.0,0.9999999999999999,-3.655250148558659,2.32649271235931
2026-06-02,1000,896,0.896,895,-0.19670075604632972,-0.09640858583694435,0.0,0.9999999999999991,-3.9017168605263746,2.3721468337872404
2026-06-03,1000,895,0.895,894,-0.16961936085967472,-0.08279943702877286,-4.961890612849862e-18,1.0000000000000009,-3.7942756114322758,2.4034018989265893
2026-06-04,1000,895,0.895,895,-0.1402593283475078,-0.04229762179116438,-1.9847562451399445e-18,1.0,-3.901030642817009,2.3027574205983554
2026-06-05,1000,895,0.895,895,-0.14008947003385513,-0.062381743547030744,8.93140310312975e-18,1.0,-3.482978669180105,2.2118172376951537
2026-06-08,1000,892,0.892,892,-0.09161131247437986,-0.009081655602818883,-2.489289292881517e-17,1.0000000000000004,-3.63769068616701,2.217842291687264
2026-06-09,1000,894,0.894,894,-0.036925908295119755,0.031964786662225395,-2.881115679116737e-17,1.0000000000000016,-3.4244767005999344,2.3084073919944923
2026-06-10,1000,891,0.891,891,-0.09700020511784693,-0.03529163095700471,-9.968332432100172e-19,1.0000000000000002,-3.733988033079665,2.360951592106745
2026-06-11,1000,891,0.891,891,0.020905032814119567,0.06416062786309593,7.974665945680137e-18,1.0000000000000009,-3.769232029365213,2.3902639497349645
2026-06-12,1000,892,0.892,892,0.028602576577351723,0.07671553003996824,-4.9785785857630335e-18,1.0,-3.7862407426564713,2.291753624733771
2026-06-15,1000,892,0.892,892,0.05675258029507274,0.09814394950964217,1.1948588605831282e-17,1.0,-3.7813169055701743,2.6080224094776763
2026-06-16,1000,892,0.892,892,0.20200358922581904,0.19438846258370535,-8.96144145437346e-18,1.0000000000000007,-3.7531776785172575,2.6043091989200877
2026-06-17,1000,892,0.892,892,0.2734695203703844,0.23885329030251728,-1.9914314343052134e-17,0.9999999999999991,-3.421107101985445,2.8568291744227654
2026-06-18,1000,890,0.89,890,0.3606002206381624,0.2893650636196863,-5.987719683371631e-18,1.0,-3.4218861875345765,2.980281957959714
2026-06-22,1000,892,0.892,892,0.4132610285170157,0.33363322002581897,-9.957157171526067e-19,0.9999999999999992,-3.31508080266321,3.068843670952361
2026-06-23,1000,892,0.892,892,0.3957455137121173,0.36870572442507143,0.0,1.0000000000000002,-3.3459677854522245,3.0125819592916363
2026-06-24,1000,890,0.89,889,0.42594590975534813,0.38031247471425406,1.1975439366743262e-17,0.9999999999999991,-3.5043538619928865,2.9049531608550816
2026-06-25,1000,889,0.889,888,0.4535261943507501,0.40303499877277515,0.0,0.9999999999999991,-3.5942846766860863,2.849996160489895
2026-06-26,1000,886,0.886,884,0.48390536774307824,0.4233246443546495,4.410818337111231e-17,0.9999999999999989,-3.537250344598369,3.0274418228691253
2026-06-29,1000,884,0.884,883,0.4577599602414526,0.41804626031110353,5.0236335955889436e-17,0.9999999999999993,-3.650826847791234,2.939598086927552
2026-06-30,1000,881,0.881,880,0.47679541976602136,0.4314816821258401,-2.6211848935531504e-17,1.0000000000000002,-3.788245656214351,3.0203957387788387
2026-07-01,1000,889,0.889,889,0.5032017370886314,0.4854161044024261,2.3977820104390332e-17,1.0000000000000004,-3.6253591415303994,3.072614372032981
2026-07-02,1000,886,0.886,886,0.5311701434725151,0.49893550236853657,1.2029504555757904e-17,0.9999999999999999,-3.7534784432396253,3.015828217285355
2026-07-03,1000,886,0.886,886,0.49724010414538417,0.4589755154767577,6.014752277878952e-18,1.0000000000000002,-3.7765937297149477,2.9740505286162304
2026-07-06,1000,898,0.898,898,0.5155642730197714,0.4884522041529518,-1.3846879594434024e-17,1.0,-3.8147280050215215,2.894019872907788
2026-07-07,1000,895,0.895,895,0.47565481968094553,0.45830970436054136,-3.969512490279889e-18,0.9999999999999997,-3.7570607115372856,2.764048876883583
2026-07-08,1000,894,0.894,894,0.37619585980383047,0.36711532278224823,1.9869763304253362e-17,1.0000000000000004,-3.763992356620122,2.708457593984127
2026-07-09,1000,894,0.894,894,0.372727147187513,0.3792889970299577,-3.973952660850672e-18,1.0,-3.8319116644883224,2.7472979920282117
2026-07-10,1000,896,0.896,896,0.27672659863288185,0.3112098448013945,-9.912705577010326e-18,0.9999999999999996,-3.5617691545705354,2.74123471901042
2026-07-13,1000,895,0.895,894,0.23676073571745976,0.2564373699771069,-3.969512490279889e-18,0.9999999999999992,-3.5407345302613837,2.7675616820299314
2026-07-14,1000,895,0.895,894,0.24510158691988576,0.240117507669215,2.7786587431959227e-17,0.9999999999999999,-3.521761045181776,2.7517945697381228
2026-07-15,1000,899,0.899,898,0.08098143637797205,0.07660491357265392,1.1855551764629036e-17,0.9999999999999997,-3.4908749955142855,2.730908322758457
2026-07-16,1000,901,0.901,900,-6.798128967081901e-05,0.0036577498985441367,-7.886156889679247e-18,1.0,-3.5682616237522526,2.7608583281151504
2026-07-17,1000,897,0.897,896,-0.145112816187595,-0.16105382871467308,0.0,1.0000000000000002,-3.5976100313125148,2.81985132603987
2026-07-20,1000,898,0.898,897,-0.32732951124243687,-0.3409182533238076,1.1868753938086306e-17,1.0,-3.758788921677374,2.63542536364984
2026-07-21,1000,895,0.895,894,-0.2396252023127682,-0.24715564061173786,-7.939024980559778e-18,0.9999999999999997,-3.6751587610067977,2.708785115712535
2026-07-22,1000,895,0.895,892,-0.15374903537194637,-0.16558815951232422,3.175609992223911e-17,0.9999999999999994,-3.5975182679655084,2.848750126745468
2026-07-23,1000,896,0.896,894,-0.15670525468860513,-0.15677785157787777,-3.96508223080413e-18,1.0000000000000007,-3.485706320369501,2.8957530675926058
2026-07-24,1000,892,0.892,890,-0.2030564225968243,-0.2295612363044865,3.982862868610427e-18,1.0000000000000004,-3.4798626920791773,2.810978032521938
2026-07-27,1000,897,0.897,896,-0.06181104406494934,-0.07060620318978648,3.960661849275921e-18,0.9999999999999997,-3.5586505648998044,2.8468491032625844
2026-07-28,1000,898,0.898,896,-0.18992314961272533,-0.20787472878161373,1.9781256563477177e-17,0.9999999999999998,-3.6630097705232405,2.734595554258402
2026-07-29,1000,903,0.903,902,-0.24479906019068137,-0.2722798805389268,-2.3606070955485057e-17,1.0000000000000007,-3.744841933366514,2.760943852400957
2026-07-30,1000,904,0.904,903,-0.3274958872146171,-0.3815847623268196,-3.929993007522678e-18,1.0,-3.764029586087298,2.765353207052244
2026-07-31,1000,907,0.907,906,-0.29428919700664735,-0.309179611527412,-3.133595306549505e-17,1.0000000000000002,-3.78942316089191,2.799913475534144
2026-08-03,1000,908,0.908,907,-0.3627422735320868,-0.35513954450830315,3.1301442103969174e-17,1.0,-3.8141119866833426,2.7617613156910323
2026-08-04,1000,904,0.904,904,-0.23201049802710325,-0.20937923876191372,7.859986015045356e-18,1.000000000000001,-3.8159725684274566,2.8575771299878223
2026-08-05,1000,904,0.904,904,-0.14757682501549574,-0.12203029626591826,1.964996503761339e-17,0.9999999999999998,-3.947959603420038,2.7663308935658213
2026-08-06,1000,905,0.905,905,-0.056932631335929865,-0.024473490416786457,1.962825236906354e-17,1.0,-3.837293446914965,2.733927215308344
2026-08-07,1000,905,0.905,905,0.1352159326869816,0.16517382034130634,0.0,1.0000000000000002,-3.7970316168242837,2.784683003089578
2026-08-10,1000,907,0.907,906,-0.004443843439374702,0.06287957888138068,-3.916994133186881e-18,0.9999999999999997,-3.6654583339869244,2.6835116453974726
2026-08-11,1000,905,0.905,905,0.05588832159137671,0.10520656246960663,-3.9256504738127085e-18,1.0000000000000009,-3.9955201565391194,2.637494815902584
2026-08-12,1000,905,0.905,905,0.14595086167709218,0.19069547395107916,0.0,0.9999999999999991,-3.9336519038851616,2.646568298037874
2026-08-13,1000,907,0.907,907,0.14729714430787189,0.19853063224919498,0.0,0.9999999999999991,-3.987064341370566,2.698557481175608
2026-08-14,1000,899,0.899,898,0.18784210681221528,0.22555105803347927,2.7662954117467748e-17,0.9999999999999993,-3.8232014265785748,2.5947373850571775
2026-08-17,1000,902,0.902,900,0.23796637537432117,0.24697186306812074,1.1816120882928495e-17,0.9999999999999996,-3.6511455595972553,2.7483397569831243
2026-08-18,1000,901,0.901,899,0.14925871120084952,0.19693496937482272,7.886156889679247e-18,0.9999999999999997,-3.5938411939077177,2.668440108743319
