date,group,formed_count,valid_count,mean_forward_return
2023-01-03,1,181,181,0.04080039810309267
2023-01-03,2,181,181,0.0735211325452549
2023-01-03,3,181,181,0.0796219531207434
2023-01-03,4,181,181,0.07696180699538004
2023-01-03,5,180,180,0.08179609368915375
2023-01-04,1,181,181,0.02787072637899591
2023-01-04,2,181,181,0.05469106382227146
2023-01-04,3,181,181,0.0657806711351459
2023-01-04,4,181,181,0.061520623808452364
2023-01-04,5,181,181,0.06584739990090753
2023-01-05,1,182,182,0.037505654277053296
2023-01-05,2,181,181,0.06122234934372302
2023-01-05,3,181,181,0.07948761508446935
2023-01-05,4,181,181,0.06514812847583167
2023-01-05,5,181,181,0.07760094179746804
2023-01-06,1,182,182,0.02756534998423948
2023-01-06,2,181,181,0.04899616181414873
2023-01-06,3,181,181,0.07510227873152855
2023-01-06,4,181,180,0.06433560799371023
2023-01-06,5,181,181,0.08244382127745471
2023-01-09,1,181,181,0.0380819723535394
2023-01-09,2,181,181,0.061109912324715736
2023-01-09,3,181,181,0.07930170984680317
2023-01-09,4,181,181,0.06710109300654618
2023-01-09,5,181,181,0.09300004154158623
2023-01-10,1,181,181,0.02901787537911934
2023-01-10,2,181,181,0.06199383022483651
2023-01-10,3,181,181,0.07736443792061437
2023-01-10,4,181,181,0.07237194793889339
2023-01-10,5,181,181,0.09900661100778849
2023-01-11,1,181,181,0.04026112833316195
2023-01-11,2,181,181,0.06278578378088705
2023-01-11,3,180,179,0.08054304472741229
2023-01-11,4,181,181,0.07900975685561282
2023-01-11,5,180,180,0.10649512217039368
2023-01-12,1,181,181,0.01685484154542826
2023-01-12,2,180,180,0.046806639303776966
2023-01-12,3,181,181,0.05856898236737515
2023-01-12,4,180,180,0.06565409296608513
2023-01-12,5,180,180,0.09322192697390587
2023-01-13,1,181,181,0.008253326675440887
2023-01-13,2,180,180,0.03250123797367777
2023-01-13,3,181,181,0.04536079968945894
2023-01-13,4,180,180,0.05519473158311871
2023-01-13,5,180,180,0.07784094970273071
2023-01-16,1,181,181,0.020839357434413536
2023-01-16,2,181,181,0.040171360244663036
2023-01-16,3,181,181,0.057510130053415806
2023-01-16,4,181,181,0.057554006254078034
2023-01-16,5,181,181,0.08249780854610922
2023-01-17,1,182,182,0.016690949098919265
2023-01-17,2,181,181,0.045405134731117486
2023-01-17,3,181,181,0.05443022352695659
2023-01-17,4,181,181,0.05754053269811747
2023-01-17,5,181,181,0.08067906743568876
2023-01-18,1,182,182,0.022980223680779926
2023-01-18,2,182,182,0.053547566585652254
2023-01-18,3,182,182,0.05684273118002821
2023-01-18,4,182,182,0.057219211660994244
2023-01-18,5,181,181,0.08645790448449134
2023-01-19,1,182,182,0.015483733609314442
2023-01-19,2,181,181,0.03728197211750155
2023-01-19,3,182,182,0.04770469405039105
2023-01-19,4,181,181,0.0404506767115591
2023-01-19,5,181,181,0.06595389136756692
2023-01-20,1,183,183,-0.012551708225208536
2023-01-20,2,182,182,0.0150250135904893
2023-01-20,3,183,183,0.01738490942702028
2023-01-20,4,182,182,0.015581365950780777
2023-01-20,5,182,182,0.046777334780576656
2023-01-30,1,183,183,-0.004537514999578412
2023-01-30,2,183,183,0.01512439480805322
2023-01-30,3,182,182,0.027436624521301373
2023-01-30,4,183,183,0.02459339884486536
2023-01-30,5,182,182,0.04726897543794919
2023-01-31,1,183,183,-0.006947101269904745
2023-01-31,2,183,183,0.021490101554933437
2023-01-31,3,183,183,0.028239158241516075
2023-01-31,4,183,183,0.027228162358111763
2023-01-31,5,182,182,0.048268799354149995
2023-02-01,1,184,184,-0.01261330186911273
2023-02-01,2,183,183,0.012504820910660045
2023-02-01,3,183,183,0.026691437282268686
2023-02-01,4,183,183,0.012272889995753954
2023-02-01,5,183,183,0.04637079329480092
2023-02-02,1,184,184,-0.012538411160517652
2023-02-02,2,183,183,0.014974406036204965
2023-02-02,3,184,184,0.027991421596717202
2023-02-02,4,183,183,0.02009366447041439
2023-02-02,5,183,183,0.048686107690843826
2023-02-03,1,184,184,-0.010291427049714266
2023-02-03,2,184,184,0.021736241589968022
2023-02-03,3,184,184,0.03771113720220383
2023-02-03,4,184,184,0.0328869724584341
2023-02-03,5,183,182,0.05240897074547748
2023-02-06,1,184,184,-0.013834094514408313
2023-02-06,2,184,184,0.02393072648979722
2023-02-06,3,183,183,0.0327059391069501
2023-02-06,4,184,184,0.031449988786739394
2023-02-06,5,183,182,0.046427822266030344
2023-02-07,1,184,184,-0.046876419045590416
2023-02-07,2,184,184,0.011504462388963781
2023-02-07,3,184,184,0.009855248857772014
2023-02-07,4,184,184,0.005310123874360439
2023-02-07,5,183,182,0.012724348377943699
2023-02-08,1,184,184,-0.022388250819992395
2023-02-08,2,184,184,0.0205343348466778
2023-02-08,3,184,184,0.025308903240479318
2023-02-08,4,184,184,0.023953561221933598
2023-02-08,5,183,182,0.0337641479034405
2023-02-09,1,185,185,-0.04212171979484597
2023-02-09,2,184,184,-0.008317934656409428
2023-02-09,3,184,184,0.0011045512259195405
2023-02-09,4,184,184,0.00034965327677612004
2023-02-09,5,184,183,0.012623696795457063
2023-02-10,1,185,185,-0.046399476642657
2023-02-10,2,184,184,-0.016718628988951333
2023-02-10,3,184,184,-0.014372150111360659
2023-02-10,4,184,184,-0.009500050442340617
2023-02-10,5,184,184,0.0010899026578235548
2023-02-13,1,184,184,-0.04251613281999349
2023-02-13,2,184,184,-0.026947721223831565
2023-02-13,3,184,184,-0.01618911964477779
2023-02-13,4,184,184,-0.016134244270865915
2023-02-13,5,184,184,0.0016933762524019413
2023-02-14,1,185,185,-0.04182008317697246
2023-02-14,2,184,184,-0.03676540077632241
2023-02-14,3,184,184,-0.023203662703242676
2023-02-14,4,184,184,-0.02045233394851445
2023-02-14,5,184,184,-0.004981755736318953
2023-02-15,1,185,185,-0.050764505637014484
2023-02-15,2,184,184,-0.03966255437011656
2023-02-15,3,185,185,-0.02504308275073978
2023-02-15,4,184,184,-0.014614327716644523
2023-02-15,5,184,184,-0.008061543058353094
2023-02-16,1,185,185,-0.030965787154216898
2023-02-16,2,184,184,-0.031049522653155946
2023-02-16,3,185,185,-0.017872272434008185
2023-02-16,4,184,184,-0.0027133218441810396
2023-02-16,5,184,184,0.009718635545317466
2023-02-17,1,185,185,-0.01987720828631573
2023-02-17,2,184,184,-0.02819061104274022
2023-02-17,3,185,185,-0.00980422606612368
2023-02-17,4,184,184,0.011755876254664645
2023-02-17,5,184,184,0.019560450845616507
2023-02-20,1,186,186,-0.04605881989219025
2023-02-20,2,185,185,-0.04490865657508338
2023-02-20,3,185,185,-0.03455837972796585
2023-02-20,4,185,185,-0.004746299271571767
2023-02-20,5,185,185,-0.0038708677603343173
2023-02-21,1,187,187,-0.027180625670512826
2023-02-21,2,186,186,-0.030148068018252618
2023-02-21,3,186,186,-0.020681767290240582
2023-02-21,4,186,186,-0.0008512059681278545
2023-02-21,5,186,186,0.009260671203550175
2023-02-22,1,186,186,-0.02412016083665741
2023-02-22,2,186,186,-0.03397065619542626
2023-02-22,3,186,186,-0.029263760528009906
2023-02-22,4,186,186,0.0012036567558000705
2023-02-22,5,186,186,0.010199274709488386
2023-02-23,1,186,186,-0.0033919913423346233
2023-02-23,2,186,186,-0.021756840494146387
2023-02-23,3,186,186,-0.025842132656048743
2023-02-23,4,186,186,0.015299529649786755
2023-02-23,5,185,185,0.020500671945504867
2023-02-24,1,186,186,0.000594819796984936
2023-02-24,2,186,186,-0.021846577269644476
2023-02-24,3,186,186,-0.007466089429918455
2023-02-24,4,186,186,0.009089959496195668
2023-02-24,5,185,185,0.033638977228526115
2023-02-27,1,185,185,0.00239566835330517
2023-02-27,2,185,185,-0.02312665468791418
2023-02-27,3,185,185,0.0016712344524952717
2023-02-27,4,185,185,0.009383137126163798
2023-02-27,5,184,184,0.02655306301975553
2023-02-28,1,186,186,-0.004064998562821023
2023-02-28,2,185,185,-0.03390255967524111
2023-02-28,3,186,186,-0.01132788767114436
2023-02-28,4,185,185,-0.0019551453968750117
2023-02-28,5,185,185,0.009508212565747359
2023-03-01,1,186,186,-0.020879462570840394
2023-03-01,2,186,186,-0.03700638767423394
2023-03-01,3,186,186,-0.0291647932810083
2023-03-01,4,186,186,-0.016803261204730587
2023-03-01,5,186,186,-0.00700354911153123
2023-03-02,1,186,186,-0.02494874549225705
2023-03-02,2,186,186,-0.02821808472350228
2023-03-02,3,186,186,-0.01879674968336009
2023-03-02,4,186,186,-0.01771239031392089
2023-03-02,5,186,186,-0.01400389221604459
2023-03-03,1,187,187,-0.008856379801178246
2023-03-03,2,186,186,-0.024624875935038797
2023-03-03,3,186,186,-0.013488633870394128
2023-03-03,4,186,185,-0.013486023505891287
2023-03-03,5,186,186,-0.003354398667488772
2023-03-06,1,186,186,0.008782801918074913
2023-03-06,2,186,186,-0.004369207047678975
2023-03-06,3,186,186,-0.0017978021560771202
2023-03-06,4,186,186,-0.002200840712633125
2023-03-06,5,185,185,0.007607422485140107
2023-03-07,1,186,186,0.03186690179977426
2023-03-07,2,185,185,0.019536263741804113
2023-03-07,3,186,186,0.01595020098604439
2023-03-07,4,185,185,0.005913017643658063
2023-03-07,5,185,185,0.02709434211605156
2023-03-08,1,186,186,0.026238599553670975
2023-03-08,2,186,186,0.013486288369196194
2023-03-08,3,185,185,0.01473985934259972
2023-03-08,4,186,186,0.012976292423448216
2023-03-08,5,185,185,0.012591086454807809
2023-03-09,1,186,186,0.0497771770966364
2023-03-09,2,186,186,0.026372172844937584
2023-03-09,3,185,185,0.031407598779905524
2023-03-09,4,186,186,0.027555128561476332
2023-03-09,5,185,185,0.029671628739573783
2023-03-10,1,185,185,0.04095015410452881
2023-03-10,2,185,185,0.03295928696493961
2023-03-10,3,184,184,0.03133989624026675
2023-03-10,4,185,185,0.022834734032457726
2023-03-10,5,184,184,0.027339457708650875
2023-03-13,1,185,185,0.035500444072510115
2023-03-13,2,184,184,0.03553946170528431
2023-03-13,3,185,185,0.017574385498275495
2023-03-13,4,184,184,0.02006251443767997
2023-03-13,5,184,184,0.028666090689849343
2023-03-14,1,185,185,0.04740126572242462
2023-03-14,2,184,184,0.04426192045704974
2023-03-14,3,185,185,0.030341849914771266
2023-03-14,4,184,184,0.024838072126839538
2023-03-14,5,184,184,0.03650244219525647
2023-03-15,1,185,185,0.05276334219499838
2023-03-15,2,185,185,0.04165747515982718
2023-03-15,3,185,185,0.022643471567174445
2023-03-15,4,185,185,0.021210603474342064
2023-03-15,5,185,185,0.034389651474947
2023-03-16,1,185,184,0.058125146565651
2023-03-16,2,184,184,0.039103329337630444
2023-03-16,3,184,184,0.028713546588836004
2023-03-16,4,184,184,0.02328205202299533
2023-03-16,5,184,184,0.03555412170789353
2023-03-17,1,185,185,0.05739936581180124
2023-03-17,2,184,184,0.04907205881947453
2023-03-17,3,185,185,0.02067778390715546
2023-03-17,4,184,184,0.029375040635292046
2023-03-17,5,184,184,0.02826464304885094
2023-03-20,1,185,185,0.06678067370809067
2023-03-20,2,184,184,0.0506728437739587
2023-03-20,3,184,184,0.02646506007119112
2023-03-20,4,184,184,0.024785725370407612
2023-03-20,5,184,184,0.026584327987336454
2023-03-21,1,185,185,0.04401933650873192
2023-03-21,2,184,184,0.026898910511811525
2023-03-21,3,185,185,0.01905550881160117
2023-03-21,4,184,184,0.005270608063396482
2023-03-21,5,184,184,0.009245554618977055
2023-03-22,1,185,185,0.049635543894064875
2023-03-22,2,185,185,0.023955906075073
2023-03-22,3,184,184,0.012741687991377
2023-03-22,4,185,185,-0.0018185898626636465
2023-03-22,5,184,184,0.00688786076181972
2023-03-23,1,185,185,0.013558789007585307
2023-03-23,2,184,184,-0.011759789220080008
2023-03-23,3,184,184,-0.018496948968573724
2023-03-23,4,184,184,-0.0334621861885731
2023-03-23,5,184,184,-0.023831605519571242
2023-03-24,1,185,185,0.016672212483235437
2023-03-24,2,185,185,-0.01556661032731493
2023-03-24,3,185,185,-0.02785002654035819
2023-03-24,4,185,185,-0.03541209214146515
2023-03-24,5,184,184,-0.034153817201271024
2023-03-27,1,184,184,0.0026872968905416942
2023-03-27,2,184,184,-0.03650356150743054
2023-03-27,3,183,183,-0.04601344187677849
2023-03-27,4,184,184,-0.04796014395792753
2023-03-27,5,183,183,-0.04988438244490153
2023-03-28,1,184,184,-0.01538803184736509
2023-03-28,2,183,182,-0.021624132435564748
2023-03-28,3,184,183,-0.033069603644405886
2023-03-28,4,183,183,-0.031306252641661494
2023-03-28,5,183,182,-0.0422078940351325
2023-03-29,1,183,182,-0.0049882268458077555
2023-03-29,2,182,181,-0.013645686349200603
2023-03-29,3,183,183,-0.03085851366428318
2023-03-29,4,182,182,-0.022509012304011408
2023-03-29,5,182,182,-0.029831100140337012
2023-03-30,1,182,181,0.017386572291991267
2023-03-30,2,182,181,-0.0059887256183314445
2023-03-30,3,182,182,-0.023791636874738217
2023-03-30,4,182,182,-0.009617430234996222
2023-03-30,5,182,182,-0.017936599120968958
2023-03-31,1,182,182,0.015030423126128815
2023-03-31,2,182,181,-0.005334951318875382
2023-03-31,3,181,181,-0.022823194305312648
2023-03-31,4,182,182,-0.013205527064693067
2023-03-31,5,181,181,-0.019149583605004804
2023-04-03,1,182,182,-0.01211471715662836
2023-04-03,2,182,181,-0.02646502059056443
2023-04-03,3,182,182,-0.03362597508522859
2023-04-03,4,182,182,-0.02715960189730499
2023-04-03,5,182,182,-0.03385766726529655
2023-04-04,1,183,183,-0.012728997057107706
2023-04-04,2,182,181,-0.01442521027240171
2023-04-04,3,182,182,-0.01180280818112957
2023-04-04,4,182,182,-0.03023331544578853
2023-04-04,5,182,182,-0.01740798854345509
2023-04-06,1,183,183,-0.0319551508909504
2023-04-06,2,182,181,-0.037637505942602414
2023-04-06,3,182,181,-0.02320814759525766
2023-04-06,4,182,182,-0.041691097366422965
2023-04-06,5,182,182,-0.02741985379814266
2023-04-07,1,183,183,-0.039658268368998835
2023-04-07,2,182,182,-0.04393664924658133
2023-04-07,3,182,180,-0.026859648786178338
2023-04-07,4,182,182,-0.04671888481993433
2023-04-07,5,182,182,-0.03501951825932056
2023-04-10,1,182,182,-0.029310352780142015
2023-04-10,2,182,182,-0.0322264698190097
2023-04-10,3,182,180,-0.018565639718674767
2023-04-10,4,182,182,-0.034692732571400625
2023-04-10,5,181,181,-0.03353872426950975
2023-04-11,1,183,183,-0.05466346491454082
2023-04-11,2,182,181,-0.04597492621398069
2023-04-11,3,182,181,-0.032810068674714615
2023-04-11,4,182,182,-0.04611898398846872
2023-04-11,5,182,182,-0.04943405277023195
2023-04-12,1,184,184,-0.06162738076243941
2023-04-12,2,183,182,-0.035300244559746057
2023-04-12,3,183,183,-0.017724418483037168
2023-04-12,4,183,183,-0.03898058015607508
2023-04-12,5,183,183,-0.04856950247674125
2023-04-13,1,184,184,-0.0709860839770755
2023-04-13,2,183,182,-0.05197700441918074
2023-04-13,3,184,184,-0.034153589574441236
2023-04-13,4,183,183,-0.04187632684853732
2023-04-13,5,183,183,-0.04960885154660887
2023-04-14,1,184,183,-0.060858570918552346
2023-04-14,2,183,182,-0.04824414630150125
2023-04-14,3,184,184,-0.02688243235358666
2023-04-14,4,183,183,-0.033061760378929175
2023-04-14,5,183,183,-0.04748455409336116
2023-04-17,1,184,184,-0.06093229137134652
2023-04-17,2,183,182,-0.053691831788067634
2023-04-17,3,184,184,-0.037008811272297125
2023-04-17,4,183,183,-0.045232508762235654
2023-04-17,5,183,183,-0.047147019985343104
2023-04-18,1,184,184,-0.058751145646064755
2023-04-18,2,183,182,-0.053414301902638066
2023-04-18,3,184,184,-0.03921505354770932
2023-04-18,4,183,183,-0.03650437648476988
2023-04-18,5,183,183,-0.0462108083584499
2023-04-19,1,183,183,-0.06137152684549686
2023-04-19,2,183,182,-0.04216482186796836
2023-04-19,3,183,183,-0.036903739375313625
2023-04-19,4,183,183,-0.020701411995997152
2023-04-19,5,183,183,-0.037470936970827484
2023-04-20,1,183,183,-0.08054215732317074
2023-04-20,2,183,183,-0.05061790938996385
2023-04-20,3,183,183,-0.040252415873206535
2023-04-20,4,183,183,-0.029771702260629515
2023-04-20,5,183,183,-0.04363355427959134
2023-04-21,1,183,183,-0.05312446742210461
2023-04-21,2,182,182,-0.031744974718714444
2023-04-21,3,182,182,-0.03282216376004566
2023-04-21,4,182,182,-0.016781072757367822
2023-04-21,5,182,182,-0.022631008025412114
2023-04-24,1,183,183,-0.054434446644897966
2023-04-24,2,182,182,-0.030535096026257372
2023-04-24,3,182,182,-0.018942701070791594
2023-04-24,4,182,182,-0.0176597820271948
2023-04-24,5,182,182,-0.016847686667327565
2023-04-25,1,183,183,-0.014637902041898288
2023-04-25,2,182,182,-0.01490759424633825
2023-04-25,3,182,182,0.010083542292664033
2023-04-25,4,182,182,0.011521783617196506
2023-04-25,5,182,182,0.01121682093862739
2023-04-26,1,183,181,-0.026247250907768024
2023-04-26,2,182,182,-0.015997317526493932
2023-04-26,3,183,183,-0.0008736444994542012
2023-04-26,4,182,182,-0.008111145055952954
2023-04-26,5,182,182,0.0053876551981696125
2023-04-27,1,182,181,-0.010666974430669348
2023-04-27,2,182,182,-0.013490423940883954
2023-04-27,3,182,182,-0.010224069757749553
2023-04-27,4,182,182,-0.011464703039584143
2023-04-27,5,182,182,-0.00014338107514524638
2023-04-28,1,183,183,-0.030244622791715473
2023-04-28,2,183,183,-0.030936262956698227
2023-04-28,3,182,181,-0.0194873424613823
2023-04-28,4,183,183,-0.024324402170465866
2023-04-28,5,182,182,-0.021246523522971978
2023-05-04,1,183,183,-0.022865426931011987
2023-05-04,2,183,183,-0.03537914245248871
2023-05-04,3,182,182,-0.031895726741751666
2023-05-04,4,183,183,-0.021438799503247584
2023-05-04,5,182,182,-0.02084409152157173
2023-05-05,1,183,183,-0.0038473900067303593
2023-05-05,2,183,183,-0.018371427746818894
2023-05-05,3,182,182,-0.01942113487837624
2023-05-05,4,183,183,-0.010836625836347908
2023-05-05,5,182,182,-0.006967555036827262
2023-05-08,1,184,184,-0.01059360272998374
2023-05-08,2,183,183,-0.024575517349082084
2023-05-08,3,184,184,-0.023576378597280272
2023-05-08,4,183,183,-0.01986908190691174
2023-05-08,5,183,183,-0.016761530817526408
2023-05-09,1,184,183,-0.014055787821536145
2023-05-09,2,183,183,-0.021359857355262225
2023-05-09,3,183,183,-0.03659161153862765
2023-05-09,4,183,183,-0.022120606966317166
2023-05-09,5,183,183,-0.024539245928271794
2023-05-10,1,183,183,-0.008152530555260608
2023-05-10,2,183,183,-0.026920236126990692
2023-05-10,3,183,183,-0.037895233922235684
2023-05-10,4,183,183,-0.0226899545798753
2023-05-10,5,183,182,-0.025977445501297856
2023-05-11,1,184,184,-0.005806456551435142
2023-05-11,2,183,183,-0.027299280576997483
2023-05-11,3,183,183,-0.02779536155517714
2023-05-11,4,183,183,-0.022407134095144093
2023-05-11,5,183,182,-0.02438706207477298
2023-05-12,1,183,183,0.01623558197418037
2023-05-12,2,183,183,-0.008626705914458818
2023-05-12,3,183,183,-0.015112151848356134
2023-05-12,4,183,183,-0.01596341773118562
2023-05-12,5,182,181,-0.013816413688794247
2023-05-15,1,183,183,0.017910682890201014
2023-05-15,2,183,183,-0.012282112277452526
2023-05-15,3,183,183,-0.017779698836206004
2023-05-15,4,183,183,-0.01775616398584334
2023-05-15,5,183,182,-0.01344087360834804
2023-05-16,1,183,183,0.041063850916709714
2023-05-16,2,183,183,0.004114352696433639
2023-05-16,3,182,182,-0.0014051403310385874
2023-05-16,4,183,183,-0.0029877054770712755
2023-05-16,5,182,181,0.0050624935351641824
2023-05-17,1,183,183,0.031776422975257804
2023-05-17,2,182,182,0.005970699474757311
2023-05-17,3,183,182,-0.011465611637325844
2023-05-17,4,182,182,-0.0056074043481056995
2023-05-17,5,182,181,-0.0027391103519051035
2023-05-18,1,183,183,0.035389756496138916
2023-05-18,2,182,182,0.011076957883097259
2023-05-18,3,182,181,-0.003822447139480061
2023-05-18,4,182,181,0.008200269667709684
2023-05-18,5,182,182,0.0005122297072068671
2023-05-19,1,182,182,0.05484542119161752
2023-05-19,2,182,182,0.009368267120659126
2023-05-19,3,181,180,0.006337043979367544
2023-05-19,4,182,182,0.0071187353987068125
2023-05-19,5,181,181,0.009688476654691084
2023-05-22,1,182,182,0.06044970351299077
2023-05-22,2,181,181,0.007801882512047641
2023-05-22,3,182,181,-0.002980769384628476
2023-05-22,4,181,181,-0.00863523503542243
2023-05-22,5,181,181,0.009658272505156891
2023-05-23,1,181,181,0.07858485740266702
2023-05-23,2,181,181,0.02052568178482138
2023-05-23,3,181,181,0.0025651376070719
2023-05-23,4,181,181,0.0068514637928814535
2023-05-23,5,180,180,0.014387320566613907
2023-05-24,1,181,181,0.036687809881520254
2023-05-24,2,181,181,0.007516566494387513
2023-05-24,3,181,181,-0.0064394570564800975
2023-05-24,4,181,181,-0.00572063284683513
2023-05-24,5,180,180,0.0019412024710870476
2023-05-25,1,181,181,0.021170873057149334
2023-05-25,2,181,181,0.0010114907002024185
2023-05-25,3,181,181,-0.014934172289536017
2023-05-25,4,181,181,-0.011795964985112269
2023-05-25,5,180,180,-0.009802806898202551
2023-05-26,1,181,181,0.01402603224512466
2023-05-26,2,181,181,0.014969832908588698
2023-05-26,3,181,181,-0.009477993686473294
2023-05-26,4,181,181,-0.00602415937914369
2023-05-26,5,181,181,-0.005870713189262133
2023-05-29,1,181,181,0.017967046569378947
2023-05-29,2,181,181,0.010484555217785792
2023-05-29,3,180,180,-0.0010244083117194385
2023-05-29,4,181,181,-0.005531110377254655
2023-05-29,5,180,180,-0.0024719849489588663
2023-05-30,1,181,181,0.01691044936298149
2023-05-30,2,180,180,0.0072481440695909855
2023-05-30,3,181,181,-0.001561278241532943
2023-05-30,4,180,180,-0.0007087294013356011
2023-05-30,5,180,180,0.0003067661338332257
2023-05-31,1,180,180,0.03762916428826242
2023-05-31,2,180,180,0.02581534466730394
2023-05-31,3,180,180,0.01466248914307156
2023-05-31,4,180,180,0.010883461782628038
2023-05-31,5,180,180,0.0197783664737361
2023-06-01,1,181,180,0.024418600127571702
2023-06-01,2,180,180,0.025113139062022925
2023-06-01,3,180,180,0.022559731241301555
2023-06-01,4,180,180,0.020073787244559896
2023-06-01,5,180,180,0.011307425786715638
2023-06-02,1,181,180,0.0195547995288993
2023-06-02,2,180,180,0.017499079184770686
2023-06-02,3,180,180,0.01019273491122437
2023-06-02,4,180,180,0.009041629010035825
2023-06-02,5,180,180,0.009954787870960088
2023-06-05,1,180,179,0.003543328142157236
2023-06-05,2,180,180,0.015514968715656656
2023-06-05,3,180,180,0.003914094530534266
2023-06-05,4,180,180,0.008253557896105814
2023-06-05,5,179,179,0.0017186771234854778
2023-06-06,1,180,180,0.023582683594034693
2023-06-06,2,179,179,0.017495910274783987
2023-06-06,3,180,180,0.022669685883064457
2023-06-06,4,179,179,0.01738258120394201
2023-06-06,5,179,179,0.018110968989906558
2023-06-07,1,180,180,0.010700930584882726
2023-06-07,2,179,178,0.030344691308093304
2023-06-07,3,179,179,0.02505968023779064
2023-06-07,4,179,179,0.016752219154256436
2023-06-07,5,179,179,0.020282554558077023
2023-06-08,1,180,180,0.008118548675051794
2023-06-08,2,179,179,0.021941603108323098
2023-06-08,3,180,180,0.029055345205972156
2023-06-08,4,179,179,0.014671594023584773
2023-06-08,5,179,179,0.01979754134422546
2023-06-09,1,179,179,0.010419466184373984
2023-06-09,2,179,179,0.014914209693768355
2023-06-09,3,179,179,0.03758478896481356
2023-06-09,4,179,179,0.021824532301359303
2023-06-09,5,179,179,0.027071657316572625
2023-06-12,1,180,180,-0.019992119891471195
2023-06-12,2,179,179,0.01681743032414648
2023-06-12,3,179,179,0.010237243019017593
2023-06-12,4,179,179,0.018397638116390287
2023-06-12,5,179,179,0.00925409450676665
2023-06-13,1,180,180,-0.006600245951451137
2023-06-13,2,180,180,0.012447549214305506
2023-06-13,3,179,179,0.02238459174781686
2023-06-13,4,180,180,0.024758643644095565
2023-06-13,5,179,179,0.010595447984543463
2023-06-14,1,179,179,-0.011525187200913957
2023-06-14,2,179,179,0.004290774672437474
2023-06-14,3,179,179,0.017362789684969664
2023-06-14,4,179,179,0.016492772259379982
2023-06-14,5,179,179,0.008068181098792869
2023-06-15,1,180,180,-0.018790580782332988
2023-06-15,2,179,179,-0.002334695192472201
2023-06-15,3,179,179,0.006470750704977357
2023-06-15,4,179,179,0.004432268899846746
2023-06-15,5,179,179,0.008536957062013985
2023-06-16,1,180,180,-0.033537285019652315
2023-06-16,2,180,180,-0.00999093981556494
2023-06-16,3,179,179,-0.004855258108110571
2023-06-16,4,180,180,0.0017657298427325133
2023-06-16,5,179,179,0.0007153218872662103
2023-06-19,1,180,180,-0.03319569801546081
2023-06-19,2,180,180,-0.004840581937260578
2023-06-19,3,179,179,9.314721708983134e-05
2023-06-19,4,180,180,0.009444941422032602
2023-06-19,5,179,179,0.009367955686882342
2023-06-20,1,180,180,-0.050901611792300884
2023-06-20,2,180,180,-0.015008966932323365
2023-06-20,3,179,179,0.0041043013322507186
2023-06-20,4,180,180,-0.005488663462389085
2023-06-20,5,179,179,0.005473198960211185
2023-06-21,1,180,180,-0.028540784644696376
2023-06-21,2,180,180,0.011346959018147458
2023-06-21,3,180,180,0.02525647123731354
2023-06-21,4,180,180,0.010626976015916242
2023-06-21,5,180,180,0.025880892613461163
2023-06-26,1,181,181,-0.0011117243580838854
2023-06-26,2,180,180,0.0368522095206142
2023-06-26,3,180,180,0.04009722195316409
2023-06-26,4,180,180,0.03604353607373126
2023-06-26,5,180,180,0.04542323339569706
2023-06-27,1,181,181,-0.0059238007866054924
2023-06-27,2,181,181,0.029847197001992856
2023-06-27,3,181,181,0.032169356016296044
2023-06-27,4,181,181,0.0330057794177175
2023-06-27,5,180,180,0.03616948865136971
2023-06-28,1,181,181,-0.008633272460031323
2023-06-28,2,180,180,0.02482466892932232
2023-06-28,3,181,181,0.03725057885516343
2023-06-28,4,180,180,0.033114706906768904
2023-06-28,5,180,180,0.03639041637055029
2023-06-29,1,181,181,-0.030035594295690374
2023-06-29,2,180,180,0.022846300381072007
2023-06-29,3,181,181,0.026537115556576566
2023-06-29,4,180,180,0.020134016675658624
2023-06-29,5,180,180,0.02212155221078149
2023-06-30,1,182,182,-0.036609585093075415
2023-06-30,2,181,181,0.03419042129949452
2023-06-30,3,181,181,0.03735624296911875
2023-06-30,4,181,181,0.0371151677011615
2023-06-30,5,181,181,0.024318057179945996
2023-07-03,1,182,181,-0.03228183779639912
2023-07-03,2,181,181,0.026386002666261576
2023-07-03,3,182,182,0.03440357053903936
2023-07-03,4,181,181,0.030436755537865127
2023-07-03,5,181,181,0.029640990021618453
2023-07-04,1,182,182,-0.039025366533985265
2023-07-04,2,181,181,0.01718193345843344
2023-07-04,3,181,181,0.03591742860098099
2023-07-04,4,181,181,0.03440843769634907
2023-07-04,5,181,181,0.019006395193489203
2023-07-05,1,180,180,-0.022437366877671255
2023-07-05,2,180,180,0.015132765680237912
2023-07-05,3,180,180,0.030582946945853152
2023-07-05,4,180,180,0.035493722466505784
2023-07-05,5,180,180,0.026621824735966016
2023-07-06,1,180,180,-0.019262211612619668
2023-07-06,2,180,180,0.03849059106604287
2023-07-06,3,180,180,0.05281943336242547
2023-07-06,4,180,180,0.05209273181758022
2023-07-06,5,179,179,0.03341746605749313
2023-07-07,1,181,181,-0.013709137170035194
2023-07-07,2,180,180,0.03123713027820438
2023-07-07,3,180,180,0.034202169399398956
2023-07-07,4,180,180,0.04589967627219579
2023-07-07,5,180,180,0.03664884406287886
2023-07-10,1,180,180,-0.007057784362884114
2023-07-10,2,180,180,0.019054310621073624
2023-07-10,3,180,180,0.025040588984823774
2023-07-10,4,180,180,0.0409073012464481
2023-07-10,5,180,180,0.03033240084498358
2023-07-11,1,180,180,-0.020138738934681665
2023-07-11,2,180,180,0.015459690603595496
2023-07-11,3,180,180,0.017112075850213578
2023-07-11,4,180,180,0.03300873136352051
2023-07-11,5,180,180,0.014480816160764466
2023-07-12,1,180,180,-0.019848848724991326
2023-07-12,2,179,179,0.013854798426393776
2023-07-12,3,180,180,0.020322149504500914
2023-07-12,4,179,179,0.033553611191677886
2023-07-12,5,179,179,0.019226961315937104
2023-07-13,1,180,180,-0.026748680167191907
2023-07-13,2,180,180,0.002188398562748496
2023-07-13,3,180,180,0.020112099908591582
2023-07-13,4,180,180,0.028950581569795908
2023-07-13,5,179,179,0.008717951748422922
2023-07-14,1,180,180,-0.05257386650919401
2023-07-14,2,179,179,-0.027232242649384786
2023-07-14,3,180,180,-0.0014023061104387834
2023-07-14,4,179,179,0.008141057949684345
2023-07-14,5,179,179,-0.016629516140145222
2023-07-17,1,180,180,-0.03559083314922537
2023-07-17,2,179,179,-0.013848220222586744
2023-07-17,3,180,180,0.005697904758000942
2023-07-17,4,179,179,0.015286777630672497
2023-07-17,5,179,179,-0.014570427105023322
2023-07-18,1,180,180,-0.04487396521157217
2023-07-18,2,179,179,-0.023393407726681532
2023-07-18,3,180,180,0.005710000690534561
2023-07-18,4,179,179,0.012499282524490117
2023-07-18,5,179,179,-0.024976756098125857
2023-07-19,1,180,180,-0.06247556534130246
2023-07-19,2,179,179,-0.02183815640692692
2023-07-19,3,179,179,-0.011976990828611903
2023-07-19,4,179,179,0.0059207686113390435
2023-07-19,5,179,179,-0.03622289967780993
2023-07-20,1,179,179,-0.02416364033838021
2023-07-20,2,179,179,-0.0032780979211736575
2023-07-20,3,179,179,0.0055554637682130445
2023-07-20,4,179,179,0.022466743849130354
2023-07-20,5,179,179,-0.012085040498187457
2023-07-21,1,180,180,-0.046733380592415094
2023-07-21,2,179,179,-0.02351399937430408
2023-07-21,3,180,180,-0.0034811702351267614
2023-07-21,4,179,179,-0.00517560032988476
2023-07-21,5,179,179,-0.028517981901433852
2023-07-24,1,180,180,-0.06429042076301222
2023-07-24,2,179,179,-0.045426885584770094
2023-07-24,3,179,179,-0.023665736601339582
2023-07-24,4,179,179,-0.01907881364076069
2023-07-24,5,179,179,-0.036832075975413714
2023-07-25,1,180,180,-0.05572125593986795
2023-07-25,2,180,180,-0.05492234508017147
2023-07-25,3,180,180,-0.03331202862419612
2023-07-25,4,180,180,-0.03326937641043352
2023-07-25,5,180,180,-0.044542640730664176
2023-07-26,1,182,182,-0.05559844465713636
2023-07-26,2,182,182,-0.06696465275275376
2023-07-26,3,181,181,-0.04391144761309841
2023-07-26,4,182,182,-0.04263109642358387
2023-07-26,5,181,181,-0.05270993134799836
2023-07-27,1,182,182,-0.06009357299011888
2023-07-27,2,182,182,-0.05472464967333774
2023-07-27,3,182,182,-0.04395970119209484
2023-07-27,4,182,182,-0.03891824829392444
2023-07-27,5,181,181,-0.0486166441311118
2023-07-28,1,183,183,-0.0382237927889204
2023-07-28,2,182,182,-0.033408355937768974
2023-07-28,3,182,182,-0.021998457008909546
2023-07-28,4,182,182,-0.02242113055248301
2023-07-28,5,182,182,-0.031138124524182863
2023-07-31,1,183,183,-0.08685445325501055
2023-07-31,2,183,183,-0.07605346677221922
2023-07-31,3,182,182,-0.06787312544709484
2023-07-31,4,183,183,-0.06143503926900127
2023-07-31,5,182,181,-0.07020926994602746
2023-08-01,1,183,183,-0.045915218626399024
2023-08-01,2,183,183,-0.05328955482197825
2023-08-01,3,182,182,-0.04907149933775435
2023-08-01,4,183,183,-0.04110534170621381
2023-08-01,5,182,181,-0.047340539789499377
2023-08-02,1,184,184,-0.043977578914131704
2023-08-02,2,183,183,-0.05195300027468885
2023-08-02,3,183,183,-0.04773946482974992
2023-08-02,4,183,183,-0.040880288974024584
2023-08-02,5,183,182,-0.04443135741611375
2023-08-03,1,183,183,-0.05553773793489258
2023-08-03,2,183,183,-0.06190580511631287
2023-08-03,3,183,183,-0.06206306260348521
2023-08-03,4,183,183,-0.054892510187952666
2023-08-03,5,183,182,-0.05465310909844579
2023-08-04,1,184,184,-0.04681379112867135
2023-08-04,2,184,184,-0.0541342822824904
2023-08-04,3,183,183,-0.049073119829607596
2023-08-04,4,184,184,-0.04852132128188161
2023-08-04,5,183,182,-0.04907407175080061
2023-08-07,1,184,184,-0.03298207762846077
2023-08-07,2,184,184,-0.031679775862925676
2023-08-07,3,184,184,-0.035969183334078725
2023-08-07,4,184,184,-0.0359044559081726
2023-08-07,5,183,182,-0.03305957342009799
2023-08-08,1,184,184,-0.0363697464694015
2023-08-08,2,184,184,-0.03919838441789836
2023-08-08,3,184,184,-0.039773398651221696
2023-08-08,4,184,184,-0.03794293353244193
2023-08-08,5,183,182,-0.03660609743369166
2023-08-09,1,185,185,-0.026474789623707844
2023-08-09,2,184,184,-0.03234636847478102
2023-08-09,3,184,184,-0.029650088225934207
2023-08-09,4,184,184,-0.027744799269083072
2023-08-09,5,184,183,-0.029830746938400484
2023-08-10,1,184,184,-0.0498588514370802
2023-08-10,2,184,184,-0.04969130604054745
2023-08-10,3,184,184,-0.05066790483859801
2023-08-10,4,184,184,-0.040751070701997405
2023-08-10,5,184,183,-0.047801843943805794
2023-08-11,1,183,183,-0.009838610006228363
2023-08-11,2,183,183,-0.019771587770721844
2023-08-11,3,183,183,-0.014254674082812694
2023-08-11,4,183,183,-0.01093858035629869
2023-08-11,5,183,182,-0.021332758676785864
2023-08-14,1,184,184,-0.017323869768053484
2023-08-14,2,183,183,-0.014944952822371326
2023-08-14,3,183,183,-0.014825539771318116
2023-08-14,4,183,183,-0.011692452654612216
2023-08-14,5,183,183,-0.019403590710767388
2023-08-15,1,183,183,-0.011111611495952805
2023-08-15,2,182,182,-0.008841977306378946
2023-08-15,3,183,183,-0.0054619984660136634
2023-08-15,4,182,182,-0.002184970083964083
2023-08-15,5,182,182,-0.015282560653180252
2023-08-16,1,183,183,-0.011090962376659868
2023-08-16,2,183,183,-0.00926120665917692
2023-08-16,3,182,182,-0.006653975113071427
2023-08-16,4,183,183,0.001105971375144867
2023-08-16,5,182,182,-0.019821110589018278
2023-08-17,1,183,183,-0.02885849025025522
2023-08-17,2,183,183,-0.017808713344357477
2023-08-17,3,183,183,-0.0180658091511417
2023-08-17,4,183,183,-0.007705638955787255
2023-08-17,5,183,183,-0.028211534926812446
2023-08-18,1,183,183,-0.01060237177894077
2023-08-18,2,183,183,-0.004525890001830566
2023-08-18,3,182,182,-0.004561801473526751
2023-08-18,4,183,183,0.002365301202866431
2023-08-18,5,182,182,-0.010735974418968825
2023-08-21,1,183,183,0.0031585110548554315
2023-08-21,2,183,183,0.006553685095324796
2023-08-21,3,182,182,0.004478750576683635
2023-08-21,4,183,183,0.01113326729738896
2023-08-21,5,182,182,0.0007238691671701572
2023-08-22,1,183,183,-0.008100263709515887
2023-08-22,2,182,182,-0.005689402819190669
2023-08-22,3,183,183,-0.0028659320514233845
2023-08-22,4,182,182,0.006603049244348091
2023-08-22,5,182,182,-0.003097613150404737
2023-08-23,1,183,183,-0.0014200207909164104
2023-08-23,2,182,182,-0.0008951100914716007
2023-08-23,3,183,183,0.008015388683357506
2023-08-23,4,182,182,0.012881996414008978
2023-08-23,5,182,182,0.004731772463197967
2023-08-24,1,183,183,0.0008781990533499934
2023-08-24,2,183,183,-0.0029491702988464637
2023-08-24,3,182,182,0.0021403387034260872
2023-08-24,4,183,183,0.010075502392057912
2023-08-24,5,182,182,0.00495836779055847
2023-08-25,1,182,182,-0.02112823000245044
2023-08-25,2,182,182,-0.02868691852466039
2023-08-25,3,182,182,-0.020082164714492787
2023-08-25,4,182,182,-0.014992022915567834
2023-08-25,5,182,182,-0.018903726070882556
2023-08-28,1,183,183,0.022077395597030283
2023-08-28,2,183,183,0.012484594527096311
2023-08-28,3,182,182,0.005782566577888622
2023-08-28,4,183,183,0.02007378451345552
2023-08-28,5,182,181,0.011842399772291637
2023-08-29,1,183,183,-0.015638530216000535
2023-08-29,2,183,183,-0.017445232863506153
2023-08-29,3,183,183,-0.02013626815042623
2023-08-29,4,183,183,-0.009890144868713788
2023-08-29,5,183,183,-0.015069551421253996
2023-08-30,1,183,183,-0.009167138762841184
2023-08-30,2,183,183,-0.006201731303693884
2023-08-30,3,183,183,-0.011731118656245638
2023-08-30,4,183,183,-0.0064030744058239586
2023-08-30,5,182,182,-0.007384830479714352
2023-08-31,1,183,183,-0.006244202120254
2023-08-31,2,182,182,-0.005579404829567941
2023-08-31,3,182,182,-0.005642340077069685
2023-08-31,4,182,182,0.0018866054643246223
2023-08-31,5,182,182,-0.0014505622275830942
2023-09-01,1,182,182,-0.008051980460181643
2023-09-01,2,182,182,-0.013760258281556517
2023-09-01,3,182,182,-0.014779559871568503
2023-09-01,4,182,182,-0.0029257225568377204
2023-09-01,5,181,181,-0.008715118540822738
2023-09-04,1,183,183,-0.02636915253459247
2023-09-04,2,182,182,-0.03221832991487941
2023-09-04,3,183,183,-0.02130588534338826
2023-09-04,4,182,182,-0.01774174322142248
2023-09-04,5,182,182,-0.019160473607898135
2023-09-05,1,183,183,-0.008454868763749773
2023-09-05,2,183,183,-0.017295759801860378
2023-09-05,3,182,182,-0.010992623805171072
2023-09-05,4,183,183,-0.010404811104405972
2023-09-05,5,182,182,-0.00722703795800384
2023-09-06,1,183,183,-0.016100451779672044
2023-09-06,2,183,183,-0.01947209578730416
2023-09-06,3,183,183,-0.011581175011398557
2023-09-06,4,183,183,-0.008081542521768915
2023-09-06,5,183,183,-0.012558507371063924
2023-09-07,1,183,183,-0.0007316636973826737
2023-09-07,2,183,183,-0.0036724971299990743
2023-09-07,3,182,182,0.015158478246068212
2023-09-07,4,183,183,0.0027271594710049822
2023-09-07,5,182,182,0.004074806920036518
2023-09-08,1,183,183,-0.01974993607204017
2023-09-08,2,182,182,-0.008851755611019621
2023-09-08,3,182,182,0.0014143515337087754
2023-09-08,4,182,182,-0.005598039974168897
2023-09-08,5,182,182,-0.0068349394668405054
2023-09-11,1,183,183,-0.02587746047350428
2023-09-11,2,182,182,-0.023016813124096123
2023-09-11,3,183,183,-0.016215862834439435
2023-09-11,4,182,182,-0.018333999299528676
2023-09-11,5,182,182,-0.02203116545913606
2023-09-12,1,183,183,-0.03731214943735395
2023-09-12,2,182,182,-0.04237353449547493
2023-09-12,3,183,183,-0.02480776272979703
2023-09-12,4,182,182,-0.03357528851646529
2023-09-12,5,182,182,-0.03460522480020907
2023-09-13,1,183,183,-0.04414639581223451
2023-09-13,2,182,182,-0.039468602607381234
2023-09-13,3,182,182,-0.03691752823017075
2023-09-13,4,182,182,-0.03715937667294763
2023-09-13,5,182,182,-0.03971872147193242
2023-09-14,1,183,183,-0.05413032421150797
2023-09-14,2,182,182,-0.05545536892991049
2023-09-14,3,183,183,-0.0405216545136079
2023-09-14,4,182,182,-0.034743181117313164
2023-09-14,5,182,182,-0.04950633543780661
2023-09-15,1,183,183,-0.047102144075496025
2023-09-15,2,183,183,-0.06816887847742613
2023-09-15,3,182,182,-0.037906443182372344
2023-09-15,4,183,183,-0.06333052632627441
2023-09-15,5,182,182,-0.0542031786189728
2023-09-18,1,183,183,-0.022544575378714266
2023-09-18,2,182,182,-0.05700979619286624
2023-09-18,3,183,183,-0.04261496453160105
2023-09-18,4,182,182,-0.05030206576593672
2023-09-18,5,182,182,-0.04057655480828591
2023-09-19,1,183,183,-0.018121164586946813
2023-09-19,2,182,182,-0.04892041915427558
2023-09-19,3,183,183,-0.038414634952641975
2023-09-19,4,182,182,-0.0481656963123967
2023-09-19,5,182,182,-0.031983152862209346
2023-09-20,1,183,183,-0.0023218086312458996
2023-09-20,2,182,182,-0.04112282962806482
2023-09-20,3,183,183,-0.032123073145735044
2023-09-20,4,182,182,-0.03109862932057399
2023-09-20,5,182,182,-0.020643662445918594
2023-09-21,1,183,183,0.009647142057729576
2023-09-21,2,182,182,-0.017653037553533486
2023-09-21,3,183,183,-0.006042045172372414
2023-09-21,4,182,182,-0.007203224995852758
2023-09-21,5,182,182,-0.002566239486499766
2023-09-22,1,183,183,0.007616183569520665
2023-09-22,2,182,182,-0.020953978205996808
2023-09-22,3,182,182,-0.015387167748188341
2023-09-22,4,182,182,-0.014518786607422958
2023-09-22,5,182,182,-0.002150667605708151
2023-09-25,1,182,182,0.009182457977838662
2023-09-25,2,182,182,-0.012289789728993647
2023-09-25,3,182,182,-0.008486597020959217
2023-09-25,4,182,182,-0.011882246077452727
2023-09-25,5,182,182,0.0002754966358689792
2023-09-26,1,182,182,0.009575460996975715
2023-09-26,2,182,182,-0.010793247342835972
2023-09-26,3,182,182,-0.007980869479956085
2023-09-26,4,182,182,-0.007424767738146859
2023-09-26,5,182,182,0.007117023591255026
2023-09-27,1,182,182,-0.006111687875254583
2023-09-27,2,182,182,-0.026555532928669322
2023-09-27,3,181,181,-0.022805711051681353
2023-09-27,4,182,182,-0.009111922630307889
2023-09-27,5,181,181,-0.008295894115420133
2023-09-28,1,182,182,0.009821772716109423
2023-09-28,2,182,182,-0.011225555672055375
2023-09-28,3,181,181,-0.010947426341679204
2023-09-28,4,182,182,-0.0029428962106900387
2023-09-28,5,181,181,-0.00020176935194234072
2023-10-09,1,182,182,0.016034496587634124
2023-10-09,2,182,182,0.0029418632345167084
2023-10-09,3,181,181,-0.0001939836432499595
2023-10-09,4,182,182,0.010409226766859596
2023-10-09,5,181,181,0.008034077493368198
2023-10-10,1,182,182,0.025269556979973847
2023-10-10,2,181,181,0.007424711478933013
2023-10-10,3,182,182,0.008685000724568527
2023-10-10,4,181,181,0.008278587028695342
2023-10-10,5,181,181,0.014274727177081578
2023-10-11,1,182,182,0.015778054985058854
2023-10-11,2,181,181,0.006012354184528896
2023-10-11,3,182,182,0.007846520211180045
2023-10-11,4,181,181,0.0012881238924501394
2023-10-11,5,181,181,0.013495888919265578
2023-10-12,1,182,182,0.0077148629799590794
2023-10-12,2,181,181,-0.0009362966543911233
2023-10-12,3,182,182,-0.002428599412611848
2023-10-12,4,181,181,-0.006972209594657984
2023-10-12,5,181,181,0.0040206052511645865
2023-10-13,1,182,182,0.0028797038870371954
2023-10-13,2,182,182,-0.0004912414188383749
2023-10-13,3,181,181,0.002903618703525142
2023-10-13,4,182,182,-0.00037593868124110864
2023-10-13,5,181,181,0.0057020877934583535
2023-10-16,1,182,182,0.018402069225105188
2023-10-16,2,181,181,0.009032631564253397
2023-10-16,3,182,182,0.00857282954851
2023-10-16,4,181,181,0.007870846259159693
2023-10-16,5,181,181,0.016438506072629717
2023-10-17,1,182,182,0.040724644567776774
2023-10-17,2,182,182,0.022574941743256877
2023-10-17,3,182,182,0.022092728973163063
2023-10-17,4,182,182,0.024212081372091274
2023-10-17,5,181,181,0.028778582900130828
2023-10-18,1,182,182,0.047069547262729196
2023-10-18,2,182,182,0.04225896069679025
2023-10-18,3,182,181,0.0290644146604897
2023-10-18,4,182,182,0.035824370862612136
2023-10-18,5,182,182,0.045306434065786105
2023-10-19,1,182,182,0.062275052234640665
2023-10-19,2,182,182,0.04594840092984023
2023-10-19,3,181,181,0.0380256839747058
2023-10-19,4,182,181,0.0444043604879373
2023-10-19,5,181,181,0.04852237667246321
2023-10-20,1,182,182,0.08682388555201888
2023-10-20,2,182,182,0.051800361857502246
2023-10-20,3,181,181,0.05983609099984506
2023-10-20,4,182,181,0.06153496051214774
2023-10-20,5,181,181,0.07044512699480336
2023-10-23,1,181,181,0.10097043576114548
2023-10-23,2,181,181,0.08320349590620439
2023-10-23,3,181,181,0.07685653066604799
2023-10-23,4,181,181,0.08695899691330722
2023-10-23,5,180,180,0.10057095041198157
2023-10-24,1,182,182,0.07160713968955068
2023-10-24,2,181,181,0.06252044284188649
2023-10-24,3,181,181,0.04447190812714495
2023-10-24,4,181,181,0.06519899027057999
2023-10-24,5,181,181,0.0704264431584045
2023-10-25,1,182,182,0.058256348328570705
2023-10-25,2,182,182,0.0541639246078624
2023-10-25,3,182,182,0.0462624481916116
2023-10-25,4,182,182,0.062044338247343046
2023-10-25,5,182,182,0.06610081481431372
2023-10-26,1,182,182,0.06280925553177935
2023-10-26,2,182,182,0.056516252599808615
2023-10-26,3,182,182,0.047449856949331015
2023-10-26,4,182,182,0.06487919051518148
2023-10-26,5,181,181,0.06970488186114678
2023-10-27,1,183,183,0.029195984189535288
2023-10-27,2,183,183,0.029807105441725015
2023-10-27,3,182,182,0.021774559836984828
2023-10-27,4,183,183,0.038974094604825704
2023-10-27,5,182,182,0.04685261752107072
2023-10-30,1,183,183,0.010092648171712166
2023-10-30,2,182,182,0.012393149684630105
2023-10-30,3,183,183,0.017960260938080168
2023-10-30,4,182,182,0.016225079364843152
2023-10-30,5,182,182,0.024640515692482403
2023-10-31,1,183,183,0.02471151798277491
2023-10-31,2,183,183,0.017353439874929197
2023-10-31,3,182,182,0.00953048589275183
2023-10-31,4,183,183,0.03087606323711325
2023-10-31,5,182,182,0.03649424699002786
2023-11-01,1,183,183,0.0211816651068521
2023-11-01,2,183,183,0.011258844758671518
2023-11-01,3,182,182,0.006470416139015313
2023-11-01,4,183,182,0.02622184840374811
2023-11-01,5,182,182,0.025812314454712756
2023-11-02,1,183,183,0.026891238106500313
2023-11-02,2,183,183,0.02025121000645771
2023-11-02,3,183,183,0.01013553047327281
2023-11-02,4,183,182,0.03257610411086688
2023-11-02,5,182,182,0.030233223983077047
2023-11-03,1,183,183,0.016175370441840985
2023-11-03,2,182,181,0.005711105045251444
2023-11-03,3,183,183,0.005136007645001437
2023-11-03,4,182,181,0.02491735776893351
2023-11-03,5,182,182,0.020214049326253376
2023-11-06,1,183,183,-0.007519375113957125
2023-11-06,2,182,181,-0.0021717242098331217
2023-11-06,3,183,182,-0.005908340962129858
2023-11-06,4,182,182,0.008428511790309488
2023-11-06,5,182,182,0.010220474358721246
2023-11-07,1,183,183,-0.032591018383205626
2023-11-07,2,183,183,-0.021404024877421674
2023-11-07,3,182,181,-0.025484132222942033
2023-11-07,4,183,183,-0.008499985231113916
2023-11-07,5,182,181,-0.004886250387602866
2023-11-08,1,183,183,-0.03568177003064202
2023-11-08,2,183,183,-0.0137961248805719
2023-11-08,3,182,181,-0.01786615350308317
2023-11-08,4,183,183,-0.0036911002012743493
2023-11-08,5,182,181,-0.0017523736019798395
2023-11-09,1,183,183,-0.018034285808645346
2023-11-09,2,182,182,-0.010997627425237107
2023-11-09,3,183,183,-0.014226776766194419
2023-11-09,4,182,182,0.005143574732727731
2023-11-09,5,182,181,0.005481240056311498
2023-11-10,1,183,183,-0.03202145096313999
2023-11-10,2,182,182,-0.01856389178176767
2023-11-10,3,182,182,-0.024280488514775378
2023-11-10,4,182,182,-0.010866072835069053
2023-11-10,5,182,181,-0.0017923821854338828
2023-11-13,1,183,183,-0.01493441761264362
2023-11-13,2,182,182,-0.008620091210700516
2023-11-13,3,183,183,-0.010115903328432093
2023-11-13,4,182,182,-0.001290563641588289
2023-11-13,5,182,181,0.003652229344401478
2023-11-14,1,183,183,-0.025958950238912322
2023-11-14,2,183,183,-0.019250182658423452
2023-11-14,3,182,182,-0.024614756483045664
2023-11-14,4,183,183,0.00046740629669888363
2023-11-14,5,182,182,-0.004532536006409832
2023-11-15,1,183,183,-0.026982755891727373
2023-11-15,2,183,183,-0.031744982153119945
2023-11-15,3,183,183,-0.020905734079805238
2023-11-15,4,183,183,0.004797308701420876
2023-11-15,5,183,182,-0.003807542746756781
2023-11-16,1,183,183,-0.02964304404878995
2023-11-16,2,183,183,-0.02766952073599952
2023-11-16,3,183,183,-0.01964867855428374
2023-11-16,4,183,183,-0.0021441888623021732
2023-11-16,5,182,182,-0.002820020227972075
2023-11-17,1,183,182,-0.03367142348829652
2023-11-17,2,183,183,-0.05229184769871957
2023-11-17,3,183,183,-0.037573716679285135
2023-11-17,4,183,183,-0.02246516040534575
2023-11-17,5,182,182,-0.01686909425000588
2023-11-20,1,183,182,-0.054828190448876664
2023-11-20,2,182,182,-0.06552650356463581
2023-11-20,3,183,183,-0.05681742112312194
2023-11-20,4,182,182,-0.03357223560256554
2023-11-20,5,182,182,-0.03873711823551509
2023-11-21,1,183,182,-0.04948446536846764
2023-11-21,2,183,183,-0.05257832124767131
2023-11-21,3,183,183,-0.051679280287977185
2023-11-21,4,183,183,-0.038998492474736496
2023-11-21,5,182,182,-0.02541458955274693
2023-11-22,1,183,183,-0.07171861254916811
2023-11-22,2,183,183,-0.056365151868296506
2023-11-22,3,183,183,-0.06511771947784369
2023-11-22,4,183,183,-0.04856761986291607
2023-11-22,5,182,182,-0.036318556510093795
2023-11-23,1,183,183,-0.0638994527606804
2023-11-23,2,183,183,-0.05697714316108885
2023-11-23,3,183,183,-0.06295175471164724
2023-11-23,4,183,183,-0.04930836476979856
2023-11-23,5,182,182,-0.0328793414348311
2023-11-24,1,183,183,-0.061721643981352596
2023-11-24,2,183,183,-0.0611858344461061
2023-11-24,3,183,183,-0.055123945819386753
2023-11-24,4,183,183,-0.05616466855351072
2023-11-24,5,182,182,-0.04252889772265799
2023-11-27,1,183,183,-0.05010792143010762
2023-11-27,2,183,183,-0.0568651386893444
2023-11-27,3,182,182,-0.049819815626664106
2023-11-27,4,183,183,-0.050510056500937435
2023-11-27,5,182,182,-0.03998195281050369
2023-11-28,1,183,183,-0.06765892974193437
2023-11-28,2,183,183,-0.0718897537054823
2023-11-28,3,183,183,-0.06554881707168858
2023-11-28,4,183,183,-0.059533498355297365
2023-11-28,5,182,182,-0.06123944931368918
2023-11-29,1,183,182,-0.06131665763644399
2023-11-29,2,183,183,-0.057044055282358105
2023-11-29,3,183,183,-0.0521171178286928
2023-11-29,4,183,183,-0.04764967261633126
2023-11-29,5,182,182,-0.04998982883158212
2023-11-30,1,183,183,-0.05092042286071447
2023-11-30,2,182,182,-0.03569951259536804
2023-11-30,3,183,183,-0.0316349349232658
2023-11-30,4,182,182,-0.0329183434586477
2023-11-30,5,182,182,-0.032994242217828956
2023-12-01,1,183,183,-0.040169931354110074
2023-12-01,2,183,182,-0.02321459651392428
2023-12-01,3,182,182,-0.029170822908348833
2023-12-01,4,183,183,-0.026421693419421938
2023-12-01,5,182,182,-0.02916118425465296
2023-12-04,1,183,183,-0.05043864524207566
2023-12-04,2,183,183,-0.023494161657357317
2023-12-04,3,182,182,-0.03109349735561508
2023-12-04,4,183,183,-0.02882742234622068
2023-12-04,5,182,182,-0.025766059611288666
2023-12-05,1,183,183,-0.036845226086837664
2023-12-05,2,183,183,-0.009944265983082257
2023-12-05,3,182,182,-0.011297405400447677
2023-12-05,4,183,183,-0.013423735518756214
2023-12-05,5,182,181,-0.009533653414010336
2023-12-06,1,183,183,-0.04423766681172832
2023-12-06,2,182,182,-0.02201821954741017
2023-12-06,3,183,183,-0.02597842070504294
2023-12-06,4,182,182,-0.023905268507194585
2023-12-06,5,182,182,-0.020660843196454268
2023-12-07,1,183,183,-0.0728504276095498
2023-12-07,2,182,182,-0.034350591188447153
2023-12-07,3,183,183,-0.03509196569779414
2023-12-07,4,182,182,-0.03549114371182788
2023-12-07,5,182,182,-0.03461862714512631
2023-12-08,1,182,182,-0.0829240676869782
2023-12-08,2,182,182,-0.0399855660278278
2023-12-08,3,182,182,-0.04131437791947224
2023-12-08,4,182,182,-0.039307822016377746
2023-12-08,5,181,181,-0.04750311878966581
2023-12-11,1,182,182,-0.09801672801693294
2023-12-11,2,182,182,-0.048823068412485245
2023-12-11,3,182,182,-0.060351188434173766
2023-12-11,4,182,182,-0.05404658846669429
2023-12-11,5,181,181,-0.05519615209508695
2023-12-12,1,182,182,-0.10773490471743749
2023-12-12,2,182,182,-0.055263208395021975
2023-12-12,3,182,182,-0.0663884812284043
2023-12-12,4,182,182,-0.061256726268681234
2023-12-12,5,182,182,-0.0619552603850425
2023-12-13,1,182,182,-0.08571562591248053
2023-12-13,2,182,181,-0.043501181985776745
2023-12-13,3,182,182,-0.05208888156644128
2023-12-13,4,182,182,-0.04883905397413623
2023-12-13,5,182,182,-0.04773381151503538
2023-12-14,1,182,182,-0.08547571103026524
2023-12-14,2,182,182,-0.04302933560390654
2023-12-14,3,182,182,-0.04977152459607606
2023-12-14,4,182,182,-0.051343652434279505
2023-12-14,5,182,182,-0.04781132034535045
2023-12-15,1,183,183,-0.07795344953583394
2023-12-15,2,182,182,-0.03329475112814495
2023-12-15,3,182,182,-0.04044679415349264
2023-12-15,4,182,181,-0.043098573993456936
2023-12-15,5,182,182,-0.0352474593743625
2023-12-18,1,182,182,-0.06955848025826147
2023-12-18,2,181,181,-0.029813059946158092
2023-12-18,3,181,181,-0.03046131233430405
2023-12-18,4,181,181,-0.034529449428793386
2023-12-18,5,181,181,-0.0264733512514317
2023-12-19,1,182,182,-0.09249598362822374
2023-12-19,2,181,181,-0.06197456460718335
2023-12-19,3,181,181,-0.05153721417670116
2023-12-19,4,181,181,-0.061304341214558
2023-12-19,5,181,181,-0.052772509030961486
2023-12-20,1,181,181,-0.06748416035678198
2023-12-20,2,181,181,-0.03448091975483889
2023-12-20,3,180,180,-0.03480171095961015
2023-12-20,4,181,181,-0.0431252896512115
2023-12-20,5,180,180,-0.04562673718690006
2023-12-21,1,181,181,-0.09457525996662143
2023-12-21,2,181,181,-0.05228641473306867
2023-12-21,3,181,181,-0.046800616382770284
2023-12-21,4,181,181,-0.057968488844564944
2023-12-21,5,180,180,-0.06618677343104125
2023-12-22,1,181,181,-0.13151917559777607
2023-12-22,2,181,181,-0.07867729366287607
2023-12-22,3,181,181,-0.08547607492043588
2023-12-22,4,181,181,-0.09442010845323512
2023-12-22,5,181,181,-0.10471873566713948
2023-12-25,1,181,181,-0.11825292742925715
2023-12-25,2,181,181,-0.0680352165400313
2023-12-25,3,181,181,-0.06350912820131989
2023-12-25,4,181,181,-0.08174207785811773
2023-12-25,5,180,180,-0.09036685933699484
2023-12-26,1,180,180,-0.09708524464514397
2023-12-26,2,180,180,-0.05183637005379384
2023-12-26,3,180,180,-0.04382778139029664
2023-12-26,4,180,180,-0.05420915900321253
2023-12-26,5,180,180,-0.06469913618744481
2023-12-27,1,181,181,-0.07455593779093708
2023-12-27,2,180,180,-0.03172636569092147
2023-12-27,3,181,181,-0.01866657452080753
2023-12-27,4,180,180,-0.035726086765684555
2023-12-27,5,180,180,-0.04057349343345022
2023-12-28,1,182,182,-0.08905850490179822
2023-12-28,2,181,181,-0.05514144501217813
2023-12-28,3,182,182,-0.035810236130062706
2023-12-28,4,181,181,-0.04420663208525239
2023-12-28,5,181,181,-0.04760735109910476
2023-12-29,1,182,181,-0.13817602917199587
2023-12-29,2,181,181,-0.09023218440013483
2023-12-29,3,181,181,-0.07211026015105328
2023-12-29,4,181,181,-0.07853465604265572
2023-12-29,5,181,181,-0.07783648216382551
2024-01-02,1,182,181,-0.14954594061279908
2024-01-02,2,181,181,-0.11017107451317243
2024-01-02,3,182,182,-0.08970131147426454
2024-01-02,4,181,181,-0.10027362739831651
2024-01-02,5,181,181,-0.10162605793477839
2024-01-03,1,182,181,-0.1780085941424677
2024-01-03,2,181,181,-0.12842903709505654
2024-01-03,3,182,182,-0.11594920584440527
2024-01-03,4,181,181,-0.13270012308706652
2024-01-03,5,181,181,-0.13399165778751687
2024-01-04,1,181,180,-0.16665211577106484
2024-01-04,2,181,181,-0.129236555813892
2024-01-04,3,181,180,-0.108575881295786
2024-01-04,4,181,181,-0.1329077551411122
2024-01-04,5,181,181,-0.13427551227005902
2024-01-05,1,181,180,-0.19134083589255022
2024-01-05,2,181,181,-0.13584303083868673
2024-01-05,3,181,180,-0.1409483192096081
2024-01-05,4,181,181,-0.1509085192117388
2024-01-05,5,180,180,-0.1562942763874452
2024-01-08,1,181,181,-0.22520760709428153
2024-01-08,2,181,181,-0.16588114534504686
2024-01-08,3,180,180,-0.15855745941223123
2024-01-08,4,181,181,-0.17449237021873742
2024-01-08,5,180,180,-0.19914653224162976
2024-01-09,1,181,181,-0.1778357433462826
2024-01-09,2,180,180,-0.09954201291493367
2024-01-09,3,180,180,-0.11290664980995643
2024-01-09,4,180,180,-0.12414771211707533
2024-01-09,5,180,180,-0.13727160659928325
2024-01-10,1,181,181,-0.15997480477476342
2024-01-10,2,180,180,-0.0661362758744449
2024-01-10,3,180,180,-0.08192748387108308
2024-01-10,4,180,180,-0.09524698160767732
2024-01-10,5,180,180,-0.10415476970125112
2024-01-11,1,181,181,-0.13458942496061052
2024-01-11,2,181,180,-0.04528461004379209
2024-01-11,3,181,181,-0.06443647003907747
2024-01-11,4,181,181,-0.06330334683141361
2024-01-11,5,181,181,-0.07903855092664507
2024-01-12,1,181,181,-0.12142527572488837
2024-01-12,2,181,181,-0.047200035401333024
2024-01-12,3,180,180,-0.058704148577643424
2024-01-12,4,181,181,-0.06887187534634474
2024-01-12,5,180,180,-0.07537371529302778
2024-01-15,1,181,181,-0.11843287889246897
2024-01-15,2,181,181,-0.046797583598769024
2024-01-15,3,180,180,-0.05830659645638766
2024-01-15,4,181,181,-0.06354984866644095
2024-01-15,5,180,180,-0.07478750034849657
2024-01-16,1,181,181,-0.10595296825774128
2024-01-16,2,180,180,-0.03080525711151968
2024-01-16,3,180,180,-0.0362895296757975
2024-01-16,4,180,180,-0.04693747736057773
2024-01-16,5,180,180,-0.06473764045064626
2024-01-17,1,180,180,-0.05732768359013089
2024-01-17,2,180,180,0.019282307233535842
2024-01-17,3,179,179,0.009988119294303077
2024-01-17,4,180,180,-0.01347631805839556
2024-01-17,5,179,179,-0.028678600500893842
2024-01-18,1,180,180,-0.054143072273791414
2024-01-18,2,180,180,0.016378585674754736
2024-01-18,3,180,180,0.006783448200643606
2024-01-18,4,180,180,0.002399587015366706
2024-01-18,5,179,179,-0.003934513963097812
2024-01-19,1,180,180,-0.03577328675714843
2024-01-19,2,179,179,0.012682271858290312
2024-01-19,3,180,180,0.01670959736139073
2024-01-19,4,179,179,-0.0006981647360005571
2024-01-19,5,179,179,0.005060877222496755
2024-01-22,1,179,179,0.04588163799418394
2024-01-22,2,178,178,0.09109791749099631
2024-01-22,3,179,179,0.10382783765812618
2024-01-22,4,178,178,0.08599393885631877
2024-01-22,5,178,178,0.07439496924930543
2024-01-23,1,179,179,-0.024080214041506818
2024-01-23,2,179,179,0.02897920289349374
2024-01-23,3,178,178,0.03556425809406956
2024-01-23,4,179,179,0.015844386867552948
2024-01-23,5,178,178,0.021361568850193965
2024-01-24,1,181,181,0.013539411184097605
2024-01-24,2,180,180,0.05931115645322106
2024-01-24,3,180,180,0.05352682290280014
2024-01-24,4,180,180,0.044657804922828316
2024-01-24,5,180,180,0.04153699398058042
2024-01-25,1,182,182,0.00017579599272379506
2024-01-25,2,182,182,0.037499640933632214
2024-01-25,3,181,181,0.03218564084090779
2024-01-25,4,182,182,0.02900766062915701
2024-01-25,5,181,181,0.013930172478431976
2024-01-26,1,182,182,0.006206777482667555
2024-01-26,2,182,182,0.032466801870411066
2024-01-26,3,181,181,0.01641449364877549
2024-01-26,4,182,182,0.027924852879230532
2024-01-26,5,181,181,0.0012992241397546808
2024-01-29,1,181,180,0.04289702676997235
2024-01-29,2,181,181,0.052402975542704316
2024-01-29,3,181,181,0.03246428753955831
2024-01-29,4,181,181,0.05343252516439845
2024-01-29,5,180,180,0.027464155733402554
2024-01-30,1,180,180,0.08232492879272058
2024-01-30,2,180,180,0.09808641644834673
2024-01-30,3,180,180,0.05831478903905048
2024-01-30,4,180,180,0.0857665111854907
2024-01-30,5,179,179,0.05825951141446714
2024-01-31,1,178,178,0.10283932270294589
2024-01-31,2,177,177,0.11167266820002193
2024-01-31,3,178,178,0.09814842739339967
2024-01-31,4,177,177,0.11726132568606597
2024-01-31,5,177,177,0.08563177348159914
2024-02-01,1,178,178,0.11431509031922428
2024-02-01,2,177,177,0.12759014424408496
2024-02-01,3,178,178,0.10606130517672009
2024-02-01,4,177,176,0.12351100715993034
2024-02-01,5,177,177,0.09640325124951553
2024-02-02,1,177,177,0.19059578058251636
2024-02-02,2,177,177,0.2062116811329422
2024-02-02,3,176,176,0.17265404048879293
2024-02-02,4,177,177,0.1764912067201305
2024-02-02,5,176,176,0.1654225396831455
2024-02-05,1,175,175,0.28087587944950926
2024-02-05,2,175,175,0.30244134039948406
2024-02-05,3,175,175,0.27924894827921937
2024-02-05,4,175,175,0.24899791478562155
2024-02-05,5,174,174,0.19218237212257877
2024-02-06,1,176,176,0.20580998528394734
2024-02-06,2,176,176,0.18202641864860514
2024-02-06,3,176,176,0.17914485421996462
2024-02-06,4,176,176,0.17119618924660218
2024-02-06,5,176,176,0.15396694143673664
2024-02-07,1,176,176,0.13972670649376726
2024-02-07,2,176,176,0.11877085930644649
2024-02-07,3,175,175,0.1320295528958938
2024-02-07,4,176,176,0.1602019908770146
2024-02-07,5,175,175,0.15567884381648775
2024-02-08,1,178,178,0.10723303909530725
2024-02-08,2,178,178,0.1164288438151827
2024-02-08,3,177,177,0.11091068056464118
2024-02-08,4,178,178,0.11527987488228525
2024-02-08,5,177,176,0.09730625977035114
2024-02-19,1,178,178,0.13014222332101028
2024-02-19,2,178,178,0.1484336144020836
2024-02-19,3,178,178,0.14192636133331374
2024-02-19,4,178,178,0.10657667105218713
2024-02-19,5,178,177,0.07829878147562717
2024-02-20,1,179,179,0.1326568420019379
2024-02-20,2,179,179,0.14966840529515546
2024-02-20,3,178,177,0.11131766874232911
2024-02-20,4,179,179,0.1020890684662015
2024-02-20,5,178,177,0.06556181183525436
2024-02-21,1,179,179,0.13829438749839465
2024-02-21,2,179,179,0.11546222574325528
2024-02-21,3,178,177,0.11801933095712124
2024-02-21,4,179,179,0.09950002053752953
2024-02-21,5,178,177,0.061707335081252375
2024-02-22,1,179,179,0.10958093101497002
2024-02-22,2,179,179,0.08873330134197144
2024-02-22,3,179,178,0.09023424646753102
2024-02-22,4,179,179,0.0695652655881236
2024-02-22,5,179,178,0.045506630716345906
2024-02-23,1,179,179,0.07515984099041105
2024-02-23,2,179,179,0.05817464885814919
2024-02-23,3,179,178,0.0593669983663339
2024-02-23,4,179,179,0.04639697577644472
2024-02-23,5,179,178,0.02500640049467223
2024-02-26,1,180,180,0.0537998950314967
2024-02-26,2,179,179,0.030757819387853155
2024-02-26,3,179,178,0.040650625370959106
2024-02-26,4,179,179,0.0333209273816787
2024-02-26,5,179,179,0.023231712566198
2024-02-27,1,180,180,0.01815191147827301
2024-02-27,2,179,179,0.0022228849454254216
2024-02-27,3,180,180,0.012248749618629592
2024-02-27,4,179,179,0.002475762231013586
2024-02-27,5,179,179,0.005785916998683729
2024-02-28,1,179,179,0.043989614158236386
2024-02-28,2,179,179,0.02906409843610375
2024-02-28,3,179,179,0.027382647867423362
2024-02-28,4,179,179,0.01399384697570567
2024-02-28,5,179,179,0.024094037587039582
2024-02-29,1,180,180,0.020200540532131335
2024-02-29,2,179,179,0.0017558327394303437
2024-02-29,3,179,179,0.003013807506400223
2024-02-29,4,179,179,-0.0015605426447402953
2024-02-29,5,179,179,0.001847269764160454
2024-03-01,1,180,180,0.017780782634225833
2024-03-01,2,179,179,0.007167442628480764
2024-03-01,3,179,179,0.006401750668563038
2024-03-01,4,179,179,0.0030700379570184925
2024-03-01,5,179,179,0.014029966986619555
2024-03-04,1,179,179,0.046758328769745394
2024-03-04,2,179,179,0.03809708841765017
2024-03-04,3,179,179,0.025286460866522857
2024-03-04,4,179,179,0.019808150128564198
2024-03-04,5,179,179,0.031073688284327314
2024-03-05,1,180,180,0.047156158814296814
2024-03-05,2,179,179,0.02770929657153651
2024-03-05,3,179,179,0.03014020807028413
2024-03-05,4,179,179,0.02342737061436063
2024-03-05,5,179,179,0.030765705563711877
2024-03-06,1,179,179,0.024408611337445443
2024-03-06,2,179,179,0.013896608780070475
2024-03-06,3,179,179,0.021078094136965396
2024-03-06,4,179,179,0.012163443634932653
2024-03-06,5,179,179,0.029856186383162626
2024-03-07,1,179,179,0.013205915903114337
2024-03-07,2,179,179,0.012330214863892106
2024-03-07,3,179,179,0.019643526922270914
2024-03-07,4,179,179,0.006130481642687739
2024-03-07,5,178,178,0.024836814776457234
2024-03-08,1,179,179,0.007708842088549259
2024-03-08,2,179,179,0.022835004814550388
2024-03-08,3,178,178,0.01771929652170804
2024-03-08,4,179,179,0.0065163196577768525
2024-03-08,5,178,178,0.022275340898939126
2024-03-11,1,180,180,-0.05102846828159697
2024-03-11,2,179,179,-0.01987681525973842
2024-03-11,3,179,179,-0.026564018404868613
2024-03-11,4,179,179,-0.017712580314654332
2024-03-11,5,179,179,-0.007364054465581959
2024-03-12,1,180,180,-0.041879593604173516
2024-03-12,2,180,180,-0.030083744362355974
2024-03-12,3,180,180,-0.014395999229588008
2024-03-12,4,180,180,-0.008448208840109838
2024-03-12,5,179,179,-0.004286253355011293
2024-03-13,1,180,180,-0.05095002268456206
2024-03-13,2,180,180,-0.03135879326328851
2024-03-13,3,179,179,-0.01907127530096632
2024-03-13,4,180,180,-0.03026565725453114
2024-03-13,5,179,179,-0.018684108740067696
2024-03-14,1,180,180,-0.07103111367803147
2024-03-14,2,179,179,-0.028076360169463407
2024-03-14,3,180,180,-0.030119468966515888
2024-03-14,4,179,178,-0.01794509303309743
2024-03-14,5,179,179,-0.012095390118341078
2024-03-15,1,181,181,-0.12287291228266098
2024-03-15,2,180,180,-0.07182304917304007
2024-03-15,3,180,180,-0.06806507559052961
2024-03-15,4,180,180,-0.0493709996971779
2024-03-15,5,180,180,-0.05079482638632739
2024-03-18,1,181,181,-0.10361430098541817
2024-03-18,2,180,180,-0.05194496981041841
2024-03-18,3,181,181,-0.05268621296073642
2024-03-18,4,180,180,-0.030639138254462437
2024-03-18,5,180,180,-0.028687193135686052
2024-03-19,1,180,179,-0.0959064140679963
2024-03-19,2,180,180,-0.05635284508739753
2024-03-19,3,180,180,-0.0467388152688234
2024-03-19,4,180,180,-0.03370298603007922
2024-03-19,5,180,180,-0.018397277929214122
2024-03-20,1,180,180,-0.11614402167738337
2024-03-20,2,180,180,-0.0773588711769413
2024-03-20,3,180,180,-0.05163328759159922
2024-03-20,4,180,180,-0.04182091550755607
2024-03-20,5,180,180,-0.02651828295190492
2024-03-21,1,181,181,-0.12141306881780461
2024-03-21,2,180,180,-0.07522096246683255
2024-03-21,3,181,181,-0.04973524405695801
2024-03-21,4,180,180,-0.041129608213521615
2024-03-21,5,180,180,-0.0305925762983433
2024-03-22,1,180,180,-0.11127056471359628
2024-03-22,2,180,180,-0.05882828352750137
2024-03-22,3,180,180,-0.040298606848275194
2024-03-22,4,180,180,-0.033302313988553336
2024-03-22,5,179,179,-0.020953426902261776
2024-03-25,1,180,180,-0.07615585222160422
2024-03-25,2,180,180,-0.04322365829511107
2024-03-25,3,179,179,-0.030063389657491994
2024-03-25,4,180,179,-0.005366197548446658
2024-03-25,5,179,179,-0.0037697991611422193
2024-03-26,1,180,180,-0.07515908910031438
2024-03-26,2,180,179,-0.03499628761724388
2024-03-26,3,180,180,-0.019416122383672386
2024-03-26,4,180,180,-0.0018996943930670116
2024-03-26,5,179,179,-0.0040293730770981605
2024-03-27,1,179,179,-0.014460717185028364
2024-03-27,2,178,178,0.01662992430212403
2024-03-27,3,178,178,0.020680322993653247
2024-03-27,4,178,178,0.03791363030853529
2024-03-27,5,178,178,0.02590561137244793
2024-03-28,1,180,174,-0.011239696684670218
2024-03-28,2,179,179,0.01769048723028637
2024-03-28,3,179,179,0.031567976366714066
2024-03-28,4,179,179,0.0435050623047944
2024-03-28,5,179,178,0.03102854461110265
2024-03-29,1,180,180,-0.02965709666829906
2024-03-29,2,179,178,0.014700706980348319
2024-03-29,3,179,179,0.02787919208437653
2024-03-29,4,179,179,0.02994354899552019
2024-03-29,5,179,179,0.023897257005090086
2024-04-01,1,180,180,-0.04212999325955464
2024-04-01,2,180,179,0.01081128748867233
2024-04-01,3,180,180,0.0203134485071526
2024-04-01,4,180,180,0.013974699217967615
2024-04-01,5,180,180,0.014798307147950029
2024-04-02,1,181,181,-0.028797861088878683
2024-04-02,2,180,179,0.021880432244319608
2024-04-02,3,181,181,0.025257184574242465
2024-04-02,4,180,180,0.01769996605255009
2024-04-02,5,180,180,0.015645645462773833
2024-04-03,1,181,181,-0.0269020901464494
2024-04-03,2,181,180,0.018978829244907416
2024-04-03,3,181,181,0.019628303108244826
2024-04-03,4,181,181,0.006141371514816583
2024-04-03,5,180,180,0.007247613590411592
2024-04-08,1,180,180,0.004380169026130639
2024-04-08,2,179,178,0.04523243857616121
2024-04-08,3,180,180,0.049530089793559835
2024-04-08,4,179,179,0.042325442782749446
2024-04-08,5,179,179,0.03589369094905203
2024-04-09,1,181,180,-0.012856274455262957
2024-04-09,2,180,179,0.014658285828248912
2024-04-09,3,180,180,0.02842684272804879
2024-04-09,4,180,180,0.024690325512632595
2024-04-09,5,180,180,0.01810423132763018
2024-04-10,1,180,180,0.003980831116587276
2024-04-10,2,180,180,0.046490728927416965
2024-04-10,3,180,180,0.04250520030728835
2024-04-10,4,180,179,0.053997876855608355
2024-04-10,5,180,180,0.034724439388109124
2024-04-11,1,181,181,-0.0008394931208363069
2024-04-11,2,180,180,0.037560391369573676
2024-04-11,3,181,180,0.04231353681982398
2024-04-11,4,180,180,0.04190908146512328
2024-04-11,5,180,180,0.02891239640924215
2024-04-12,1,180,180,0.007634588948090987
2024-04-12,2,180,180,0.04568700156504534
2024-04-12,3,179,178,0.05086846791253741
2024-04-12,4,180,180,0.0422156409797076
2024-04-12,5,179,179,0.031824261023524585
2024-04-15,1,180,180,0.036655385660774094
2024-04-15,2,179,179,0.056968855984234706
2024-04-15,3,179,179,0.047029732693691116
2024-04-15,4,179,179,0.05124555410643789
2024-04-15,5,179,179,0.03817616335472542
2024-04-16,1,178,177,0.10007572944366518
2024-04-16,2,177,177,0.09825607924736234
2024-04-16,3,177,176,0.10267139660362935
2024-04-16,4,177,177,0.08287372437748902
2024-04-16,5,177,177,0.07580810216827003
2024-04-17,1,180,179,0.05659321703697967
2024-04-17,2,179,179,0.07063349127661507
2024-04-17,3,179,179,0.07471781740375273
2024-04-17,4,179,179,0.050416076898589665
2024-04-17,5,179,179,0.053345132101014395
2024-04-18,1,180,180,0.049084822073511614
2024-04-18,2,179,179,0.0738342330497919
2024-04-18,3,179,179,0.06569569252700572
2024-04-18,4,179,179,0.04449748279092682
2024-04-18,5,179,179,0.049320792229343956
2024-04-19,1,179,179,0.06009891890200528
2024-04-19,2,178,178,0.07207446942515129
2024-04-19,3,179,179,0.07139021333332228
2024-04-19,4,178,178,0.051277279097851534
2024-04-19,5,178,178,0.0414638742879322
2024-04-22,1,178,178,0.050525767923884565
2024-04-22,2,178,178,0.05694243268084562
2024-04-22,3,178,178,0.04805125333054403
2024-04-22,4,178,178,0.03717616121226676
2024-04-22,5,177,177,0.022968853296723234
2024-04-23,1,178,178,0.027540077217808327
2024-04-23,2,178,178,0.05592296494409681
2024-04-23,3,178,178,0.04138187322242899
2024-04-23,4,178,178,0.038025907525182215
2024-04-23,5,178,178,0.02656892533709522
2024-04-24,1,179,179,0.016239177922836998
2024-04-24,2,178,178,0.05195468450655909
2024-04-24,3,178,178,0.04606868533931672
2024-04-24,4,178,178,0.037064658951089464
2024-04-24,5,178,177,0.033673390718464945
2024-04-25,1,179,178,0.003573799065418029
2024-04-25,2,178,178,0.02516734938673894
2024-04-25,3,178,178,0.032190491173150496
2024-04-25,4,178,178,0.024041262842057418
2024-04-25,5,178,178,0.01966107913829633
2024-04-26,1,181,181,-0.01369217319191969
2024-04-26,2,180,180,0.006743451362854778
2024-04-26,3,180,180,0.005265003074312963
2024-04-26,4,180,180,0.002181929929892465
2024-04-26,5,180,180,0.002926563790792845
2024-04-29,1,181,178,-0.02700624884586957
2024-04-29,2,181,180,-0.013609081810598353
2024-04-29,3,181,181,-0.02004333094086569
2024-04-29,4,181,181,-0.020328989256755213
2024-04-29,5,180,179,-0.01569034550133189
2024-04-30,1,180,180,-0.03437953783493697
2024-04-30,2,179,179,-0.02366038046158432
2024-04-30,3,180,180,-0.019370429038319578
2024-04-30,4,179,179,-0.02866671689448324
2024-04-30,5,179,179,-0.022037054331099808
2024-05-06,1,181,181,-0.06014635743845914
2024-05-06,2,181,181,-0.04373074243195196
2024-05-06,3,181,181,-0.037608555295823985
2024-05-06,4,181,181,-0.04976808561762609
2024-05-06,5,180,180,-0.040850682416765455
2024-05-07,1,181,181,-0.060766885233899476
2024-05-07,2,181,181,-0.043855128547728266
2024-05-07,3,180,180,-0.0333105523458561
2024-05-07,4,181,181,-0.043674843495214714
2024-05-07,5,180,180,-0.033647442883025
2024-05-08,1,181,181,-0.06261647567764975
2024-05-08,2,180,180,-0.042445809604557884
2024-05-08,3,181,181,-0.033787156097560916
2024-05-08,4,180,180,-0.03645724717359171
2024-05-08,5,180,180,-0.029549635646303134
2024-05-09,1,181,181,-0.09698303169268016
2024-05-09,2,180,180,-0.0688361036078021
2024-05-09,3,181,181,-0.06023048048075062
2024-05-09,4,180,180,-0.060076448084999366
2024-05-09,5,180,180,-0.05858271074371828
2024-05-10,1,181,180,-0.08378076996441243
2024-05-10,2,181,181,-0.05674175564015139
2024-05-10,3,180,180,-0.05550299580692557
2024-05-10,4,181,181,-0.05280779785696341
2024-05-10,5,180,180,-0.05331257271247824
2024-05-13,1,180,180,-0.07600202127427239
2024-05-13,2,180,180,-0.04945096676336224
2024-05-13,3,180,180,-0.05011431992933445
2024-05-13,4,180,180,-0.04987771039244653
2024-05-13,5,180,180,-0.049464835964364545
2024-05-14,1,181,181,-0.06218885253245991
2024-05-14,2,180,180,-0.04729766947518127
2024-05-14,3,180,180,-0.04752270878909701
2024-05-14,4,180,180,-0.04690364669072837
2024-05-14,5,180,180,-0.05116792135633145
2024-05-15,1,181,181,-0.07201375721928804
2024-05-15,2,180,180,-0.04910002980984671
2024-05-15,3,180,180,-0.057349388409702606
2024-05-15,4,180,180,-0.05184622404785334
2024-05-15,5,180,180,-0.05707665691678577
2024-05-16,1,181,181,-0.0630816468910444
2024-05-16,2,180,180,-0.06279642257838663
2024-05-16,3,180,180,-0.04673183694713445
2024-05-16,4,180,180,-0.05312436764591478
2024-05-16,5,180,180,-0.050588000015710045
2024-05-17,1,182,182,-0.08101777594982121
2024-05-17,2,181,179,-0.06106623830250076
2024-05-17,3,181,181,-0.05848933969055399
2024-05-17,4,181,181,-0.06486603319189743
2024-05-17,5,181,181,-0.06327607659705839
2024-05-20,1,181,181,-0.07125237984292976
2024-05-20,2,180,180,-0.05991478224133379
2024-05-20,3,180,180,-0.052341884892668625
2024-05-20,4,180,180,-0.057092278481385615
2024-05-20,5,180,180,-0.05608304756944521
2024-05-21,1,181,181,-0.0829818410251563
2024-05-21,2,180,180,-0.06353337952063663
2024-05-21,3,180,180,-0.057728707059236585
2024-05-21,4,180,180,-0.052814324443514554
2024-05-21,5,180,180,-0.0625975039724784
2024-05-22,1,181,181,-0.09703264056417145
2024-05-22,2,180,180,-0.07728698638151901
2024-05-22,3,181,181,-0.07229910029737595
2024-05-22,4,180,180,-0.07329264375761446
2024-05-22,5,180,180,-0.0839769207728246
2024-05-23,1,180,180,-0.0868968883865087
2024-05-23,2,179,179,-0.058732735153987164
2024-05-23,3,179,179,-0.058987556726884036
2024-05-23,4,179,179,-0.05978030597967467
2024-05-23,5,179,179,-0.061477480344081806
2024-05-24,1,180,180,-0.09586582715488509
2024-05-24,2,179,179,-0.06975446494520098
2024-05-24,3,179,179,-0.06456576294494916
2024-05-24,4,179,179,-0.0737967616572428
2024-05-24,5,179,179,-0.08136780558149906
2024-05-27,1,180,180,-0.11610927533836238
2024-05-27,2,179,179,-0.07914717659998542
2024-05-27,3,180,180,-0.06666888447966648
2024-05-27,4,179,179,-0.09086462970016611
2024-05-27,5,179,179,-0.08920421678915898
2024-05-28,1,179,179,-0.08347005301804547
2024-05-28,2,179,179,-0.05974394787748721
2024-05-28,3,179,179,-0.03693863975345881
2024-05-28,4,179,179,-0.06254656620539079
2024-05-28,5,179,179,-0.05529533735814822
2024-05-29,1,179,179,-0.10291967983860972
2024-05-29,2,179,179,-0.06898690874682813
2024-05-29,3,179,179,-0.055734673785338314
2024-05-29,4,179,179,-0.07616834023894843
2024-05-29,5,178,178,-0.06956992956178931
2024-05-30,1,179,179,-0.09082887867146273
2024-05-30,2,178,178,-0.060078324364700175
2024-05-30,3,179,179,-0.05260275551911003
2024-05-30,4,178,178,-0.06899895020236618
2024-05-30,5,178,178,-0.07148737720584437
2024-05-31,1,178,178,-0.0723651674124193
2024-05-31,2,178,178,-0.047945967138348006
2024-05-31,3,178,178,-0.04630205619386753
2024-05-31,4,178,178,-0.06103713717404576
2024-05-31,5,177,177,-0.06651791480517173
2024-06-03,1,178,178,-0.05599785548637227
2024-06-03,2,177,177,-0.05150527061057892
2024-06-03,3,178,178,-0.046173215473951076
2024-06-03,4,177,177,-0.048964182554179586
2024-06-03,5,177,177,-0.053424790166942286
2024-06-04,1,177,177,-0.06895727947107132
2024-06-04,2,177,177,-0.06578046982469479
2024-06-04,3,176,176,-0.05315060648291832
2024-06-04,4,177,177,-0.05940317769113543
2024-06-04,5,176,176,-0.05250071071001658
2024-06-05,1,177,177,-0.0837261731484481
2024-06-05,2,176,176,-0.0762761538834023
2024-06-05,3,176,176,-0.06269950909135512
2024-06-05,4,176,176,-0.06686939573158507
2024-06-05,5,176,176,-0.07201828727038699
2024-06-06,1,176,176,-0.06162872855577734
2024-06-06,2,176,176,-0.056432859399206066
2024-06-06,3,176,176,-0.043509356995451956
2024-06-06,4,176,175,-0.05725819813602321
2024-06-06,5,176,176,-0.044774345861683336
2024-06-07,1,177,177,-0.07251112439321046
2024-06-07,2,176,176,-0.062092287028007516
2024-06-07,3,177,176,-0.0647854895792377
2024-06-07,4,176,176,-0.07331014128466197
2024-06-07,5,176,176,-0.07265311045133956
2024-06-11,1,176,176,-0.06706936747332129
2024-06-11,2,176,176,-0.04793981759989558
2024-06-11,3,175,175,-0.05960330005762925
2024-06-11,4,176,176,-0.0701703887187103
2024-06-11,5,175,175,-0.05521626652376552
2024-06-12,1,176,176,-0.06105894312894697
2024-06-12,2,176,176,-0.045115095325399986
2024-06-12,3,176,176,-0.056043080646677484
2024-06-12,4,176,176,-0.06814867151093598
2024-06-12,5,175,175,-0.045368112984717074
2024-06-13,1,175,175,-0.03959104729503386
2024-06-13,2,175,175,-0.02949897193687375
2024-06-13,3,175,175,-0.03760416835041368
2024-06-13,4,175,175,-0.039718463904232344
2024-06-13,5,175,175,-0.02680870890314504
2024-06-14,1,176,176,-0.04349591727460812
2024-06-14,2,175,175,-0.037767650455378464
2024-06-14,3,176,176,-0.0426696234309935
2024-06-14,4,175,175,-0.04080458241838596
2024-06-14,5,175,175,-0.035564235819815826
2024-06-17,1,175,175,-0.05045551438986895
2024-06-17,2,175,175,-0.037546609132927414
2024-06-17,3,175,175,-0.05395669249057824
2024-06-17,4,175,175,-0.054461250658067645
2024-06-17,5,175,175,-0.051832074773735914
2024-06-18,1,176,176,-0.050153054272757576
2024-06-18,2,175,175,-0.041602988245293654
2024-06-18,3,175,175,-0.0548600148342166
2024-06-18,4,175,175,-0.060110475620921186
2024-06-18,5,175,175,-0.05681953464125765
2024-06-19,1,175,175,-0.058871001093840025
2024-06-19,2,175,175,-0.04522319735016385
2024-06-19,3,175,175,-0.05114608340124014
2024-06-19,4,175,175,-0.05469733410977071
2024-06-19,5,174,174,-0.052520805534473226
2024-06-20,1,175,175,-0.03367984161401236
2024-06-20,2,175,175,-0.029736221037819196
2024-06-20,3,175,175,-0.027275280936484698
2024-06-20,4,175,175,-0.031075979207331936
2024-06-20,5,174,174,-0.03072777707316877
2024-06-21,1,175,175,-0.024639980604020128
2024-06-21,2,175,175,-0.020125280997851047
2024-06-21,3,175,175,-0.016674539975461707
2024-06-21,4,175,175,-0.021460488656701294
2024-06-21,5,175,175,-0.026371670906586785
2024-06-24,1,174,174,-0.0006545900417255849
2024-06-24,2,174,174,-0.0031849275888282515
2024-06-24,3,174,174,-0.0015244362554269122
2024-06-24,4,174,174,-0.006936266775425471
2024-06-24,5,173,173,-0.004481473133845674
2024-06-25,1,174,174,-0.0248011013879497
2024-06-25,2,174,174,-0.019351219373128038
2024-06-25,3,174,174,-0.023752303564519545
2024-06-25,4,174,174,-0.02690433234770403
2024-06-25,5,173,173,-0.027140492771269103
2024-06-26,1,175,175,-0.05729763455692955
2024-06-26,2,174,174,-0.04964582365175355
2024-06-26,3,175,175,-0.06774398864566913
2024-06-26,4,174,174,-0.055486240627292065
2024-06-26,5,174,174,-0.060458152854574634
2024-06-27,1,175,175,-0.03535664833737727
2024-06-27,2,174,174,-0.029673109006813282
2024-06-27,3,174,174,-0.04070600456076113
2024-06-27,4,174,174,-0.031972716176297905
2024-06-27,5,174,174,-0.03843294040630769
2024-06-28,1,174,174,-0.03691931001519073
2024-06-28,2,174,174,-0.02428805920102866
2024-06-28,3,174,174,-0.025214689125350163
2024-06-28,4,174,174,-0.02319839335966313
2024-06-28,5,173,173,-0.03148559573538137
2024-07-01,1,174,174,-0.05431022335272863
2024-07-01,2,174,174,-0.04032895717514807
2024-07-01,3,174,174,-0.04325925877761012
2024-07-01,4,174,174,-0.03899279249520743
2024-07-01,5,174,174,-0.04584987887157316
2024-07-02,1,174,173,-0.04699752053724618
2024-07-02,2,174,174,-0.03873042422883042
2024-07-02,3,174,174,-0.03324827883837701
2024-07-02,4,174,174,-0.02483983384245495
2024-07-02,5,174,174,-0.03634611973270207
2024-07-03,1,174,174,0.001708414702178014
2024-07-03,2,174,174,0.0011578099241412903
2024-07-03,3,174,174,0.008632166043376254
2024-07-03,4,174,172,0.017820544364959588
2024-07-03,5,173,173,-0.0010796853128549944
2024-07-04,1,173,173,0.013978750292962222
2024-07-04,2,173,173,0.011200894898021807
2024-07-04,3,173,173,0.017031362356895317
2024-07-04,4,173,171,0.028465580020187772
2024-07-04,5,172,172,0.009197743472252199
2024-07-05,1,173,172,-0.0018329133240256286
2024-07-05,2,172,172,-0.012405850612972983
2024-07-05,3,173,173,0.005460492967189917
2024-07-05,4,172,171,0.0086516882244869
2024-07-05,5,172,172,-0.0035838290041644346
2024-07-08,1,171,171,0.015661600602785663
2024-07-08,2,171,171,0.0028977811174980537
2024-07-08,3,171,171,0.024545524287576025
2024-07-08,4,171,171,0.02306241641995228
2024-07-08,5,170,169,0.01615139554020089
2024-07-09,1,171,171,-0.005248629065434496
2024-07-09,2,170,170,-0.01044576327738649
2024-07-09,3,171,171,0.006330223788779941
2024-07-09,4,170,170,0.0186629977827337
2024-07-09,5,170,169,0.011315617342369836
2024-07-10,1,170,170,-0.032198808854214965
2024-07-10,2,170,170,-0.019354904465572326
2024-07-10,3,169,169,-0.009727322205554022
2024-07-10,4,170,170,0.006336707841286941
2024-07-10,5,169,168,-0.0028502742796164956
2024-07-11,1,172,172,-0.02902694675427394
2024-07-11,2,171,171,-0.019422287976175134
2024-07-11,3,171,171,-0.020958561064988238
2024-07-11,4,171,171,0.0016329238169075586
2024-07-11,5,171,170,-0.003117632943037738
2024-07-12,1,172,172,-0.03766654388022234
2024-07-12,2,172,172,-0.028150553320701575
2024-07-12,3,171,171,-0.026523201453331643
2024-07-12,4,172,172,-0.006419411780296134
2024-07-12,5,171,170,-0.013898246137184104
2024-07-15,1,171,171,-0.0390458916287422
2024-07-15,2,171,171,-0.021428380609035805
2024-07-15,3,171,171,-0.01950225460146006
2024-07-15,4,171,171,-0.00524097944867119
2024-07-15,5,171,170,-0.006845262787305059
2024-07-16,1,171,171,-0.04132118042600911
2024-07-16,2,171,171,-0.025421344174464778
2024-07-16,3,170,170,-0.016119027304331558
2024-07-16,4,171,171,-0.01010792519423111
2024-07-16,5,170,169,-0.0050846417389424975
2024-07-17,1,171,171,-0.032737442852661294
2024-07-17,2,171,171,-0.029345441581925532
2024-07-17,3,171,171,-0.013968100401058498
2024-07-17,4,171,171,-0.009943780070999327
2024-07-17,5,170,170,-0.010453570845055236
2024-07-18,1,171,171,-0.02440085487830221
2024-07-18,2,171,171,-0.018237035454335304
2024-07-18,3,170,170,-0.005577499195729103
2024-07-18,4,171,171,-0.005064904781113618
2024-07-18,5,170,170,-0.0008294980485435983
2024-07-19,1,171,171,-0.034641994426728405
2024-07-19,2,170,170,-0.03441194442256331
2024-07-19,3,170,170,-0.021517195036468557
2024-07-19,4,170,170,-0.017856527380481765
2024-07-19,5,170,170,-0.018450787670991217
2024-07-22,1,170,170,-0.03808279713078759
2024-07-22,2,169,169,-0.033779262642561245
2024-07-22,3,170,170,-0.022843676953438
2024-07-22,4,169,169,-0.011338649011738054
2024-07-22,5,169,169,-0.0112274060044222
2024-07-23,1,169,169,-0.03154152331698537
2024-07-23,2,169,169,-0.023762513010534697
2024-07-23,3,169,169,-0.014210436620537621
2024-07-23,4,169,169,-0.005680276361976006
2024-07-23,5,168,168,-0.005937975138364903
2024-07-24,1,168,168,-0.007330905135290926
2024-07-24,2,168,168,-0.010919235571339805
2024-07-24,3,167,167,-0.0034045845412719717
2024-07-24,4,168,167,0.0034547878799814405
2024-07-24,5,167,167,0.006714096750488326
2024-07-25,1,169,169,-0.03578003914976109
2024-07-25,2,168,168,-0.027681143391171153
2024-07-25,3,168,167,-0.02627349769817138
2024-07-25,4,168,168,-0.02089637895212161
2024-07-25,5,168,168,-0.020992079417231763
2024-07-26,1,169,169,-0.04176654960071518
2024-07-26,2,169,169,-0.034704486292921874
2024-07-26,3,169,168,-0.03402025256161666
2024-07-26,4,169,169,-0.026427864418137475
2024-07-26,5,169,169,-0.029899209605967272
2024-07-29,1,169,169,-0.038867713208981865
2024-07-29,2,169,169,-0.03157059019019816
2024-07-29,3,168,167,-0.01884432985033766
2024-07-29,4,169,169,-0.020448821984727767
2024-07-29,5,168,168,-0.018157319002846246
2024-07-30,1,169,168,-0.05501199273033442
2024-07-30,2,168,168,-0.04372836512272401
2024-07-30,3,168,168,-0.030632005872367404
2024-07-30,4,168,167,-0.03337298117979269
2024-07-30,5,168,168,-0.04087625737793879
2024-07-31,1,170,170,-0.09619095877313663
2024-07-31,2,169,168,-0.08264421455508272
2024-07-31,3,170,170,-0.07249668669277681
2024-07-31,4,169,167,-0.0638093391268568
2024-07-31,5,169,169,-0.06156013730897347
2024-08-01,1,169,169,-0.06593878996677371
2024-08-01,2,169,169,-0.05585130255352131
2024-08-01,3,169,169,-0.04963422048168972
2024-08-01,4,169,168,-0.04486268018536323
2024-08-01,5,168,168,-0.0383230472712622
2024-08-02,1,170,170,-0.02773531725740113
2024-08-02,2,169,169,-0.030715370769569008
2024-08-02,3,170,170,-0.02638313330577995
2024-08-02,4,169,168,-0.018372836757729067
2024-08-02,5,169,169,-0.019083521614061343
2024-08-05,1,170,170,-0.046398991759548994
2024-08-05,2,170,170,-0.04739968386914064
2024-08-05,3,170,168,-0.0380276898239818
2024-08-05,4,170,169,-0.02941551545160434
2024-08-05,5,169,169,-0.025924377822916622
2024-08-06,1,170,170,-0.03418538331631353
2024-08-06,2,169,169,-0.042267721820250466
2024-08-06,3,169,167,-0.039161249101417946
2024-08-06,4,169,168,-0.03169936959874275
2024-08-06,5,169,169,-0.028565443369897154
2024-08-07,1,170,170,-0.034549453519068275
2024-08-07,2,170,170,-0.03267795731491794
2024-08-07,3,169,168,-0.032795200254739275
2024-08-07,4,170,169,-0.026994762708953884
2024-08-07,5,169,169,-0.02664247757754667
2024-08-08,1,170,170,-0.033185769558417254
2024-08-08,2,169,169,-0.030105633423811753
2024-08-08,3,169,168,-0.03873202321970395
2024-08-08,4,169,166,-0.02989201555874817
2024-08-08,5,169,169,-0.02473322683543063
2024-08-09,1,169,169,-0.04439286563197683
2024-08-09,2,169,169,-0.04234979700789616
2024-08-09,3,169,168,-0.04012365945570684
2024-08-09,4,169,166,-0.03668327521534588
2024-08-09,5,169,169,-0.032423259385968475
2024-08-12,1,170,170,-0.03606829260583107
2024-08-12,2,169,169,-0.041599988565136733
2024-08-12,3,170,169,-0.03552986855751516
2024-08-12,4,169,166,-0.04295457964085388
2024-08-12,5,169,169,-0.027835127198409925
2024-08-13,1,170,170,-0.043449057822546516
2024-08-13,2,169,169,-0.047086688407377376
2024-08-13,3,170,168,-0.04755445901168648
2024-08-13,4,169,167,-0.04589531684691382
2024-08-13,5,169,169,-0.036614696727923404
2024-08-14,1,170,170,-0.03507478444940908
2024-08-14,2,170,170,-0.02600815188750155
2024-08-14,3,170,168,-0.03565710765880564
2024-08-14,4,170,168,-0.03905398127736822
2024-08-14,5,170,170,-0.026890153539273
2024-08-15,1,170,170,-0.05140804157273251
2024-08-15,2,170,170,-0.04420336683218795
2024-08-15,3,170,169,-0.051145235453496404
2024-08-15,4,170,167,-0.0553919365588673
2024-08-15,5,170,170,-0.03859560570330915
2024-08-16,1,171,171,-0.05444163297895855
2024-08-16,2,170,170,-0.0485262561298727
2024-08-16,3,171,170,-0.05565326344477521
2024-08-16,4,170,167,-0.055238502680251815
2024-08-16,5,170,170,-0.04308633719248648
2024-08-19,1,171,171,-0.0537690838325247
2024-08-19,2,171,171,-0.043392618130219454
2024-08-19,3,170,169,-0.047284047290879934
2024-08-19,4,171,170,-0.05106388268006439
2024-08-19,5,170,170,-0.04780197677359587
2024-08-20,1,170,170,-0.01619528388845236
2024-08-20,2,170,170,-0.009063426823395847
2024-08-20,3,170,169,-0.019515952271635193
2024-08-20,4,170,170,-0.015994439657342964
2024-08-20,5,169,168,-0.013902372990801347
2024-08-21,1,170,170,-0.02287903718334457
2024-08-21,2,170,170,-0.00784586910221028
2024-08-21,3,169,168,-0.01836793566574083
2024-08-21,4,170,168,-0.01463746941041045
2024-08-21,5,169,169,-0.009254703651268547
2024-08-22,1,169,169,0.01017982785542176
2024-08-22,2,169,169,0.010618834026265392
2024-08-22,3,169,168,0.004708423432815932
2024-08-22,4,169,168,0.012273767314768081
2024-08-22,5,169,169,0.015996567007911293
2024-08-23,1,169,169,0.05000310257359243
2024-08-23,2,169,168,0.04288045634768637
2024-08-23,3,169,169,0.046708718256614594
2024-08-23,4,169,168,0.04485846928305966
2024-08-23,5,168,168,0.05348919521922
2024-08-26,1,170,170,0.04424026766636216
2024-08-26,2,170,169,0.043480177397101236
2024-08-26,3,170,170,0.03614689304003183
2024-08-26,4,170,169,0.04719048563692407
2024-08-26,5,169,169,0.04555245164325151
2024-08-27,1,170,170,0.12450347188311593
2024-08-27,2,170,169,0.12456197668010813
2024-08-27,3,170,170,0.12496299162438156
2024-08-27,4,170,169,0.12036612687985085
2024-08-27,5,169,169,0.11826208850186659
2024-08-28,1,170,170,0.2005459670998612
2024-08-28,2,169,168,0.20327518718120327
2024-08-28,3,170,169,0.21518098974493674
2024-08-28,4,169,169,0.22227320310175036
2024-08-28,5,169,169,0.20436011129236356
2024-08-29,1,169,169,0.3538402777829843
2024-08-29,2,169,168,0.34526906552978726
2024-08-29,3,169,168,0.3744337277017999
2024-08-29,4,169,169,0.37401680905059
2024-08-29,5,169,169,0.3548375674054387
2024-08-30,1,170,170,0.2558051026577043
2024-08-30,2,170,169,0.2435923015634936
2024-08-30,3,170,169,0.2785470123488636
2024-08-30,4,170,170,0.2645365255431117
2024-08-30,5,170,170,0.2588151949119314
2024-09-02,1,170,170,0.22261622787384877
2024-09-02,2,169,168,0.1971457627644097
2024-09-02,3,170,169,0.23230165494734
2024-09-02,4,169,169,0.2329631914099862
2024-09-02,5,169,169,0.2094420344658241
2024-09-03,1,169,169,0.20268545320546358
2024-09-03,2,169,169,0.1865296330753266
2024-09-03,3,168,168,0.21182390100197704
2024-09-03,4,169,169,0.2126564915711554
2024-09-03,5,168,168,0.18884262194229975
2024-09-04,1,168,168,0.16545932816369005
2024-09-04,2,168,168,0.17025861074967968
2024-09-04,3,168,168,0.17753662031113135
2024-09-04,4,168,168,0.1795595094567836
2024-09-04,5,168,168,0.15894770707322073
2024-09-05,1,169,169,0.18747699733400516
2024-09-05,2,168,166,0.18312627377720736
2024-09-05,3,169,169,0.17720087835448958
2024-09-05,4,168,168,0.1769558743058394
2024-09-05,5,168,168,0.17096539873290717
2024-09-06,1,168,168,0.1830924415143054
2024-09-06,2,168,168,0.17257291271880926
2024-09-06,3,168,168,0.16965385328652058
2024-09-06,4,168,168,0.17900625747812407
2024-09-06,5,168,168,0.15125259939663532
2024-09-09,1,168,168,0.2154014761789474
2024-09-09,2,168,168,0.19908307948430654
2024-09-09,3,167,167,0.1987352816928466
2024-09-09,4,168,168,0.2096793377092145
2024-09-09,5,167,167,0.1793657895190644
2024-09-10,1,167,166,0.202118653971301
2024-09-10,2,167,167,0.18428500891505803
2024-09-10,3,166,166,0.18046433722376182
2024-09-10,4,167,167,0.17363948476259808
2024-09-10,5,166,166,0.17925861957622435
2024-09-11,1,167,166,0.2512838800470892
2024-09-11,2,166,165,0.22195775834308834
2024-09-11,3,166,166,0.21413598030324146
2024-09-11,4,166,166,0.21682559831115072
2024-09-11,5,166,166,0.22379991014990125
2024-09-12,1,167,166,0.28047078625174754
2024-09-12,2,166,165,0.24467945044509556
2024-09-12,3,167,167,0.21203362572656892
2024-09-12,4,166,166,0.22350792170412967
2024-09-12,5,166,166,0.23946221310670182
2024-09-13,1,167,166,0.314794301104482
2024-09-13,2,167,166,0.2641725226574251
2024-09-13,3,166,166,0.2538291273354911
2024-09-13,4,167,167,0.2498967171240061
2024-09-13,5,166,166,0.25609396911483506
2024-09-18,1,167,166,0.30228203544544024
2024-09-18,2,167,167,0.25678830708753436
2024-09-18,3,167,167,0.24616956106780657
2024-09-18,4,167,166,0.2387162352658536
2024-09-18,5,166,166,0.26153290150802444
2024-09-19,1,167,166,0.29094063759383804
2024-09-19,2,167,167,0.24909376185632706
2024-09-19,3,167,166,0.23426895798146752
2024-09-19,4,167,167,0.21666636570824557
2024-09-19,5,167,167,0.2187661019906728
2024-09-20,1,167,166,0.33053620312843796
2024-09-20,2,167,167,0.2504722209956841
2024-09-20,3,167,166,0.256701496415714
2024-09-20,4,167,167,0.24149023949810325
2024-09-20,5,167,167,0.2452625225514925
2024-09-23,1,167,166,0.33721868493273793
2024-09-23,2,167,167,0.26872779943263925
2024-09-23,3,167,167,0.26914310677033415
2024-09-23,4,167,166,0.2686956315835755
2024-09-23,5,167,167,0.2566460689393765
2024-09-24,1,170,169,0.26303452146237893
2024-09-24,2,169,168,0.1914347202685503
2024-09-24,3,169,169,0.17586624684679994
2024-09-24,4,169,168,0.19408927447411872
2024-09-24,5,169,169,0.18555325075037896
2024-09-25,1,172,171,0.28361210046253305
2024-09-25,2,171,170,0.20848601472114572
2024-09-25,3,171,171,0.1863451342890363
2024-09-25,4,171,171,0.19286803849475678
2024-09-25,5,171,171,0.20574127625793917
2024-09-26,1,173,173,0.23267417772890434
2024-09-26,2,173,172,0.1251157812134836
2024-09-26,3,173,173,0.1315137762038806
2024-09-26,4,173,173,0.14789630163820758
2024-09-26,5,173,173,0.1552001143394956
2024-09-27,1,176,176,0.10032091285673025
2024-09-27,2,176,175,0.03545821865986234
2024-09-27,3,176,176,0.04719790715323096
2024-09-27,4,176,176,0.05651312782845965
2024-09-27,5,176,176,0.052846485666658255
2024-09-30,1,180,179,-0.013984598578013084
2024-09-30,2,180,180,-0.06860475626919788
2024-09-30,3,180,180,-0.07792075582083076
2024-09-30,4,180,180,-0.05692069321576385
2024-09-30,5,180,180,-0.07120398719520549
2024-10-08,1,183,183,0.06438179013638676
2024-10-08,2,183,183,0.024733736084952322
2024-10-08,3,182,182,0.02488976751698694
2024-10-08,4,183,182,0.018847428669176533
2024-10-08,5,182,182,0.020549958947250792
2024-10-09,1,181,180,0.12308212352507288
2024-10-09,2,180,180,0.07501507048361435
2024-10-09,3,181,180,0.06042141534957815
2024-10-09,4,180,180,0.0907451842567902
2024-10-09,5,180,180,0.06567598219266245
2024-10-10,1,181,181,0.20485684697467813
2024-10-10,2,180,180,0.1304526230530352
2024-10-10,3,180,180,0.12981302865263059
2024-10-10,4,180,179,0.1281309281734931
2024-10-10,5,180,180,0.10028572149029
2024-10-11,1,180,180,0.20852982366502326
2024-10-11,2,180,180,0.1365893889658012
2024-10-11,3,179,179,0.14935622830533293
2024-10-11,4,180,179,0.145578828242651
2024-10-11,5,179,179,0.09565361490498565
2024-10-14,1,181,181,0.22336782491610788
2024-10-14,2,180,180,0.1487447644273387
2024-10-14,3,180,180,0.14846365141442378
2024-10-14,4,180,179,0.13885491743951728
2024-10-14,5,180,180,0.10129376528308004
2024-10-15,1,181,181,0.2368389343468772
2024-10-15,2,180,180,0.16278390279167756
2024-10-15,3,181,181,0.15442283867335418
2024-10-15,4,180,179,0.16484585010689842
2024-10-15,5,180,180,0.1167765129175049
2024-10-16,1,181,181,0.1962725685257727
2024-10-16,2,180,180,0.14146942572480298
2024-10-16,3,181,181,0.1290280413047246
2024-10-16,4,180,179,0.1417905075333907
2024-10-16,5,180,180,0.10066699274043069
2024-10-17,1,180,179,0.17294979632607027
2024-10-17,2,180,180,0.1214653644408988
2024-10-17,3,180,180,0.1264790305098066
2024-10-17,4,180,179,0.12757698080379834
2024-10-17,5,179,179,0.08856654860272821
2024-10-18,1,181,181,0.09796220048357128
2024-10-18,2,180,180,0.07059432060511046
2024-10-18,3,181,181,0.08434596963826724
2024-10-18,4,180,179,0.08765246170888204
2024-10-18,5,180,179,0.054461905183577214
2024-10-21,1,181,181,0.054417793651002154
2024-10-21,2,180,180,0.04271667381352819
2024-10-21,3,181,181,0.05094718511819297
2024-10-21,4,180,179,0.06040297545871269
2024-10-21,5,180,180,0.04364212265308509
2024-10-22,1,181,181,0.05744713261794137
2024-10-22,2,181,181,0.049603866647752855
2024-10-22,3,181,181,0.053165877125379644
2024-10-22,4,181,181,0.05957334238089694
2024-10-22,5,180,180,0.04577018081447467
2024-10-23,1,181,181,0.07493720623912473
2024-10-23,2,181,181,0.06191533564317235
2024-10-23,3,181,181,0.07536235547818733
2024-10-23,4,181,181,0.07740640588412233
2024-10-23,5,180,180,0.06742354677018207
2024-10-24,1,182,182,0.07004570183739472
2024-10-24,2,181,181,0.0596878692715274
2024-10-24,3,181,181,0.07985241510681924
2024-10-24,4,181,181,0.07973528133291974
2024-10-24,5,181,181,0.07096311438071697
2024-10-25,1,182,181,0.00601483338436115
2024-10-25,2,182,182,0.008651138434244086
2024-10-25,3,182,182,0.025948982004832716
2024-10-25,4,182,182,0.03645546820457534
2024-10-25,5,181,181,0.04116675428293325
2024-10-28,1,183,182,-0.023574282141392938
2024-10-28,2,183,183,-0.007487621566533442
2024-10-28,3,183,183,0.002915093206986597
2024-10-28,4,183,183,0.020626480330172933
2024-10-28,5,182,182,0.024192309058420357
2024-10-29,1,183,181,-0.016520167921810408
2024-10-29,2,182,182,0.006598206499299653
2024-10-29,3,182,182,0.01723528484146367
2024-10-29,4,182,182,0.029143207305140705
2024-10-29,5,182,182,0.04111503421967119
2024-10-30,1,183,181,-0.003917039883233527
2024-10-30,2,182,182,0.024736182862460702
2024-10-30,3,182,182,0.03789154626275267
2024-10-30,4,182,182,0.04413004768435307
2024-10-30,5,182,182,0.06241022996331617
2024-10-31,1,183,182,-0.028956523570720878
2024-10-31,2,183,183,0.008391290254995715
2024-10-31,3,183,183,0.025521075838071016
2024-10-31,4,183,183,0.0380905475293065
2024-10-31,5,182,182,0.04736411763273873
2024-11-01,1,183,181,0.010309534638109182
2024-11-01,2,182,182,0.05399355115980592
2024-11-01,3,182,182,0.05084720217251701
2024-11-01,4,182,182,0.056694663022220246
2024-11-01,5,182,182,0.07495058443531934
2024-11-04,1,183,181,0.022922812241409518
2024-11-04,2,183,183,0.05037408643270689
2024-11-04,3,182,182,0.03918377240004253
2024-11-04,4,183,183,0.06603393620468802
2024-11-04,5,182,182,0.06920178416270613
2024-11-05,1,185,183,-0.01822167623396591
2024-11-05,2,184,184,0.02761396556494156
2024-11-05,3,184,184,0.02029014113221145
2024-11-05,4,184,183,0.009609272563784054
2024-11-05,5,184,184,0.03853286413467782
2024-11-06,1,184,182,-0.03536463048248414
2024-11-06,2,184,183,0.016313363668365118
2024-11-06,3,183,183,0.0032138137546143582
2024-11-06,4,184,184,0.01354165613092088
2024-11-06,5,183,183,0.020728471332293327
2024-11-07,1,186,184,-0.04030661231592056
2024-11-07,2,185,185,-0.029755203208105912
2024-11-07,3,185,185,-0.0241439274688343
2024-11-07,4,185,185,-0.018061875284154764
2024-11-07,5,185,185,-0.010529895697187043
2024-11-08,1,185,184,-0.013981760955967539
2024-11-08,2,185,185,-0.00514464522890651
2024-11-08,3,184,184,-0.005185271394605638
2024-11-08,4,185,185,0.01250190648552301
2024-11-08,5,184,184,0.018043763707372297
2024-11-11,1,185,184,-0.01372295867256108
2024-11-11,2,185,185,0.0008846811013042507
2024-11-11,3,185,185,0.01113778394763981
2024-11-11,4,185,185,0.020575312450511606
2024-11-11,5,184,184,0.018689078475891706
2024-11-12,1,185,184,-0.029584988562214472
2024-11-12,2,184,184,0.0006211060057541331
2024-11-12,3,184,184,0.003966419346616135
2024-11-12,4,184,184,0.003058010778473801
2024-11-12,5,184,184,0.017123116309332193
2024-11-13,1,184,183,-0.006161232718271212
2024-11-13,2,184,184,0.014708646020872199
2024-11-13,3,184,184,0.013583827957144919
2024-11-13,4,184,184,0.012226298060567803
2024-11-13,5,184,184,0.02275393033521982
2024-11-14,1,184,183,0.04347159721875843
2024-11-14,2,183,183,0.042331470748980186
2024-11-14,3,184,184,0.04785806751039
2024-11-14,4,183,183,0.03979017685808482
2024-11-14,5,183,183,0.056655242622864796
2024-11-15,1,184,184,0.042217174341405615
2024-11-15,2,183,183,0.04281068771184053
2024-11-15,3,183,183,0.04155245768659622
2024-11-15,4,183,183,0.032165412635469966
2024-11-15,5,183,183,0.04605124222115469
2024-11-18,1,184,184,0.06359428385554035
2024-11-18,2,183,183,0.05368672491352998
2024-11-18,3,183,183,0.03698764158248448
2024-11-18,4,183,183,0.035186863217824715
2024-11-18,5,183,182,0.056582410882898976
2024-11-19,1,184,184,0.019163908000498907
2024-11-19,2,183,183,0.02517342357410508
2024-11-19,3,184,184,0.010643627297586944
2024-11-19,4,183,183,0.012672337253488658
2024-11-19,5,183,182,0.021962988883173933
2024-11-20,1,184,184,-0.0027586891245213498
2024-11-20,2,183,183,-0.0009315001097519963
2024-11-20,3,184,184,0.0006055162735221003
2024-11-20,4,183,183,-0.010390255023486582
2024-11-20,5,183,182,0.0014890230482320352
2024-11-21,1,184,184,-0.0030013862352770474
2024-11-21,2,183,183,0.011673150319262828
2024-11-21,3,184,184,-0.0027783484573323234
2024-11-21,4,183,183,-0.006166491230952208
2024-11-21,5,183,182,0.011892944663413188
2024-11-22,1,183,183,0.03411810335125908
2024-11-22,2,183,183,0.0468495263057379
2024-11-22,3,183,183,0.030247066972380426
2024-11-22,4,183,181,0.032350319832989666
2024-11-22,5,183,182,0.049253864596758276
2024-11-25,1,183,183,-0.00947255287327699
2024-11-25,2,183,183,0.018568395876548897
2024-11-25,3,183,183,0.019333559151095057
2024-11-25,4,183,182,0.014158272730383496
2024-11-25,5,182,181,0.025934803307505683
2024-11-26,1,183,183,0.02724757440545452
2024-11-26,2,183,183,0.03162004274377064
2024-11-26,3,183,183,0.03545376193926984
2024-11-26,4,183,182,0.02881130196045054
2024-11-26,5,182,181,0.04062879140777718
2024-11-27,1,184,183,-0.031141743129576488
2024-11-27,2,183,183,-0.005565801632745425
2024-11-27,3,184,184,0.006365323997580355
2024-11-27,4,183,182,0.0007994093199097696
2024-11-27,5,183,182,0.010496071819914535
2024-11-28,1,184,184,-0.01042537959222531
2024-11-28,2,183,183,-0.0006986772877562506
2024-11-28,3,184,184,0.020536195982727563
2024-11-28,4,183,182,0.00866742727661994
2024-11-28,5,183,182,0.02979836461474569
2024-11-29,1,184,182,-0.02671096017306173
2024-11-29,2,183,183,-0.013726632921194673
2024-11-29,3,184,184,0.004675095356655821
2024-11-29,4,183,182,0.003573381857058156
2024-11-29,5,183,181,0.01919254468990951
2024-12-02,1,184,183,-0.0574177638433839
2024-12-02,2,184,184,-0.02917038094253546
2024-12-02,3,184,184,-0.010888318962941197
2024-12-02,4,184,183,-0.015915832182045293
2024-12-02,5,184,183,0.0038681194841636906
2024-12-03,1,184,183,-0.08641940603944102
2024-12-03,2,184,184,-0.05043696240235274
2024-12-03,3,184,182,-0.03518245512397675
2024-12-03,4,184,183,-0.038785224779467824
2024-12-03,5,184,183,-0.02339671768934522
2024-12-04,1,185,184,-0.08844026247469271
2024-12-04,2,184,183,-0.054966001246851894
2024-12-04,3,185,185,-0.04541705704177165
2024-12-04,4,184,183,-0.04890455738047488
2024-12-04,5,184,183,-0.028706178850981156
2024-12-05,1,185,184,-0.1469484867432052
2024-12-05,2,185,184,-0.09282815275607711
2024-12-05,3,185,185,-0.07460173636096003
2024-12-05,4,185,184,-0.07668527823039333
2024-12-05,5,184,183,-0.058677986496347125
2024-12-06,1,185,184,-0.15374871676152654
2024-12-06,2,185,184,-0.10310165938309229
2024-12-06,3,185,185,-0.08089566763531492
2024-12-06,4,185,185,-0.07679872029194676
2024-12-06,5,185,184,-0.0763188553491006
2024-12-09,1,185,184,-0.16309153313635544
2024-12-09,2,185,184,-0.11336465839875551
2024-12-09,3,185,185,-0.10346623329599901
2024-12-09,4,185,185,-0.09402503427925793
2024-12-09,5,185,184,-0.08914630930421379
2024-12-10,1,185,184,-0.14235173280852553
2024-12-10,2,185,184,-0.09750390921971581
2024-12-10,3,185,185,-0.0855377857665373
2024-12-10,4,185,185,-0.07830569641551062
2024-12-10,5,184,183,-0.07949350158808756
2024-12-11,1,186,185,-0.14839601273934372
2024-12-11,2,185,184,-0.10517723476484102
2024-12-11,3,185,185,-0.09503400014710425
2024-12-11,4,185,185,-0.08993345804112361
2024-12-11,5,185,184,-0.08769010147898278
2024-12-12,1,186,185,-0.1854183646294576
2024-12-12,2,186,185,-0.1334242338865337
2024-12-12,3,185,185,-0.1293789095385647
2024-12-12,4,186,186,-0.12671450739607568
2024-12-12,5,185,184,-0.1143484887863826
2024-12-13,1,185,184,-0.16121622494377172
2024-12-13,2,185,185,-0.11009047861857535
2024-12-13,3,184,184,-0.1018180459423209
2024-12-13,4,185,185,-0.10044184810958341
2024-12-13,5,184,184,-0.09612831274932358
2024-12-16,1,185,184,-0.10308055882361102
2024-12-16,2,185,185,-0.07179777473562386
2024-12-16,3,185,185,-0.06758692679712199
2024-12-16,4,185,185,-0.06546694040960507
2024-12-16,5,184,183,-0.06456706511946156
2024-12-17,1,184,184,-0.07500595705103487
2024-12-17,2,184,184,-0.062033751298607255
2024-12-17,3,184,183,-0.059671725594067394
2024-12-17,4,184,184,-0.05154522057202036
2024-12-17,5,183,183,-0.04517882535891905
2024-12-18,1,185,185,-0.0828827503249256
2024-12-18,2,184,184,-0.05148979695339748
2024-12-18,3,184,183,-0.05370131403184319
2024-12-18,4,184,184,-0.04599174209914117
2024-12-18,5,184,184,-0.04310349974708128
2024-12-19,1,185,185,-0.0770028375081303
2024-12-19,2,184,184,-0.04866868997496603
2024-12-19,3,184,183,-0.04365518727382013
2024-12-19,4,184,184,-0.03999040006426154
2024-12-19,5,184,184,-0.04448940929221373
2024-12-20,1,184,184,-0.07909452229602254
2024-12-20,2,184,184,-0.05271469274602676
2024-12-20,3,184,182,-0.04095311627355381
2024-12-20,4,184,184,-0.03973280122678784
2024-12-20,5,184,184,-0.04629280894850164
2024-12-23,1,183,183,-0.05494527435017287
2024-12-23,2,183,183,-0.04244035254958252
2024-12-23,3,183,182,-0.03959027574914692
2024-12-23,4,183,183,-0.035262956129225954
2024-12-23,5,182,182,-0.027245319122254693
2024-12-24,1,184,184,-0.05247948266316903
2024-12-24,2,183,183,-0.049913403299058204
2024-12-24,3,183,183,-0.04784829407744063
2024-12-24,4,183,183,-0.03870544074354552
2024-12-24,5,183,183,-0.033910193534487404
2024-12-25,1,183,183,-0.05102239750611201
2024-12-25,2,183,183,-0.047077865316126115
2024-12-25,3,183,183,-0.046125480289184076
2024-12-25,4,183,183,-0.04128291042747381
2024-12-25,5,182,182,-0.039881586996699865
2024-12-26,1,183,183,-0.04087353194316673
2024-12-26,2,183,183,-0.034935630431511676
2024-12-26,3,182,182,-0.04131994630937526
2024-12-26,4,183,183,-0.03457165885725585
2024-12-26,5,182,182,-0.034443232944340214
2024-12-27,1,183,181,-0.05039780705700575
2024-12-27,2,183,183,-0.03459436029599482
2024-12-27,3,183,183,-0.042657123457897496
2024-12-27,4,183,183,-0.04447967820172632
2024-12-27,5,183,183,-0.03891126664465381
2024-12-30,1,183,183,-0.03769396109070806
2024-12-30,2,182,182,-0.03642232685210066
2024-12-30,3,183,181,-0.05789600642818665
2024-12-30,4,182,182,-0.04631465812540763
2024-12-30,5,182,182,-0.04873973342574755
2024-12-31,1,183,183,0.029471632497561514
2024-12-31,2,182,181,-3.4903228484978823e-06
2024-12-31,3,182,180,-0.012544620119802573
2024-12-31,4,182,181,-0.005683433704686174
2024-12-31,5,182,182,-0.0001759001866096806
2025-01-02,1,181,181,0.052490000352200396
2025-01-02,2,181,181,0.04853829447479299
2025-01-02,3,181,181,0.03188477082108877
2025-01-02,4,181,180,0.036368941550054455
2025-01-02,5,181,181,0.03630137412948046
2025-01-03,1,180,180,0.11815277584721681
2025-01-03,2,180,180,0.08566988297778706
2025-01-03,3,180,180,0.07127620726031851
2025-01-03,4,180,179,0.0679653561665889
2025-01-03,5,179,179,0.07348209093483234
2025-01-06,1,181,181,0.11884511847594267
2025-01-06,2,180,180,0.07457525351564875
2025-01-06,3,180,179,0.07078064343450412
2025-01-06,4,180,180,0.04844602356917941
2025-01-06,5,180,180,0.07030328827355987
2025-01-07,1,181,181,0.11775789553567681
2025-01-07,2,180,180,0.08726213756785475
2025-01-07,3,181,180,0.06471214343767666
2025-01-07,4,180,180,0.06547571572072404
2025-01-07,5,180,180,0.07833527689044616
2025-01-08,1,181,181,0.10471134801341202
2025-01-08,2,180,180,0.08463233374904325
2025-01-08,3,180,179,0.0646390384468225
2025-01-08,4,180,180,0.06775801624754584
2025-01-08,5,180,180,0.08348667831581659
2025-01-09,1,181,181,0.09366756971846166
2025-01-09,2,180,180,0.08745158711616252
2025-01-09,3,181,180,0.07378692194202557
2025-01-09,4,180,180,0.08210219205010685
2025-01-09,5,180,179,0.09151411405112891
2025-01-10,1,180,180,0.15877161095893383
2025-01-10,2,179,179,0.11814215194033752
2025-01-10,3,180,179,0.10517609556208068
2025-01-10,4,179,179,0.10567832672555637
2025-01-10,5,179,178,0.10995418587778225
2025-01-13,1,180,180,0.10189015652377312
2025-01-13,2,179,179,0.09161416252530032
2025-01-13,3,179,178,0.06376901763101668
2025-01-13,4,179,179,0.07662950669443055
2025-01-13,5,179,178,0.07856761469452454
2025-01-14,1,181,181,0.08385684413273155
2025-01-14,2,180,180,0.07175093627697818
2025-01-14,3,180,179,0.053966392014331524
2025-01-14,4,180,180,0.051877197110422074
2025-01-14,5,180,179,0.057098205148160705
2025-01-15,1,181,180,0.08377980301176517
2025-01-15,2,180,180,0.08859071095464138
2025-01-15,3,180,179,0.05566360636073948
2025-01-15,4,180,180,0.060274028181358526
2025-01-15,5,180,179,0.059478922517931423
2025-01-16,1,181,181,0.09133122648732851
2025-01-16,2,180,180,0.10515888464571646
2025-01-16,3,180,179,0.061502220331176666
2025-01-16,4,180,180,0.06801605807488267
2025-01-16,5,180,179,0.07693833433707291
2025-01-17,1,181,181,0.06318566819546201
2025-01-17,2,180,180,0.06879986475777972
2025-01-17,3,180,179,0.04908435561106103
2025-01-17,4,180,179,0.04003544564663643
2025-01-17,5,180,179,0.054776446475636065
2025-01-20,1,181,181,0.07353980955474726
2025-01-20,2,180,180,0.06535614209596925
2025-01-20,3,181,180,0.04774863988055022
2025-01-20,4,180,180,0.03523810746676851
2025-01-20,5,180,178,0.047484521941282595
2025-01-21,1,181,181,0.09380705824790378
2025-01-21,2,180,180,0.07665757813063016
2025-01-21,3,180,178,0.07204818331573003
2025-01-21,4,180,180,0.06721432240290764
2025-01-21,5,180,179,0.07114335256371794
2025-01-22,1,179,179,0.0655169979842303
2025-01-22,2,179,179,0.06856369513128346
2025-01-22,3,179,177,0.06662140587501082
2025-01-22,4,179,179,0.057727365332490385
2025-01-22,5,179,179,0.062477349230029414
2025-01-23,1,179,179,0.05757407529211175
2025-01-23,2,179,179,0.05698996153734434
2025-01-23,3,179,178,0.0674180736743032
2025-01-23,4,179,178,0.04883328409848936
2025-01-23,5,179,179,0.05781116599904094
2025-01-24,1,179,179,0.022177297579236036
2025-01-24,2,179,178,0.03895401643406781
2025-01-24,3,179,179,0.03923296572004317
2025-01-24,4,179,178,0.040446007742732035
2025-01-24,5,179,179,0.030028638295364802
2025-01-27,1,180,180,0.05514180915694702
2025-01-27,2,180,179,0.05893965188540997
2025-01-27,3,180,180,0.044396616755576546
2025-01-27,4,180,179,0.04808266235994436
2025-01-27,5,179,179,0.043941398974282085
2025-02-05,1,180,180,0.07886595945824292
2025-02-05,2,180,178,0.06818717814640599
2025-02-05,3,180,179,0.06304000208233264
2025-02-05,4,180,180,0.04980148333938536
2025-02-05,5,180,180,0.054009121135708285
2025-02-06,1,180,180,0.06414030606967565
2025-02-06,2,180,179,0.06303195105947476
2025-02-06,3,180,180,0.042496336446211855
2025-02-06,4,180,180,0.040231515409945066
2025-02-06,5,180,180,0.0435213812820332
2025-02-07,1,181,181,0.04517151343429497
2025-02-07,2,181,180,0.04103864787958123
2025-02-07,3,181,181,0.029711081576391612
2025-02-07,4,181,181,0.01945438188621703
2025-02-07,5,180,180,0.03035374526900076
2025-02-10,1,181,181,0.013353937743098033
2025-02-10,2,181,181,0.02366880405954543
2025-02-10,3,181,181,0.008491506353415012
2025-02-10,4,181,181,-0.0020910533733229926
2025-02-10,5,181,181,0.017319832309866418
2025-02-11,1,181,181,0.040103628735256976
2025-02-11,2,181,181,0.05576787265126149
2025-02-11,3,181,181,0.0328968151310685
2025-02-11,4,181,181,0.021672739218687124
2025-02-11,5,180,180,0.04134938024944655
2025-02-12,1,181,181,0.013828790396410846
2025-02-12,2,181,181,0.037153786310518785
2025-02-12,3,181,181,0.01955381782580002
2025-02-12,4,181,181,0.013174579063174045
2025-02-12,5,181,181,0.0314557264959124
2025-02-13,1,181,181,0.008581574396459731
2025-02-13,2,181,181,0.03920806365688901
2025-02-13,3,181,181,0.022345431636806495
2025-02-13,4,181,181,0.014799926589318495
2025-02-13,5,181,181,0.032151387198211465
2025-02-14,1,181,181,0.027197566731494437
2025-02-14,2,181,181,0.04554943169467189
2025-02-14,3,181,181,0.04506907849500716
2025-02-14,4,181,178,0.028256493803945466
2025-02-14,5,181,181,0.03222631740322686
2025-02-17,1,182,182,0.02502147635744925
2025-02-17,2,181,181,0.05906306824214125
2025-02-17,3,181,181,0.03656370889824014
2025-02-17,4,181,179,0.029618180256993393
2025-02-17,5,181,181,0.03902428112654822
2025-02-18,1,181,180,0.04907767893169631
2025-02-18,2,181,181,0.07425751311656711
2025-02-18,3,181,181,0.053321292536396954
2025-02-18,4,181,179,0.047471703190039606
2025-02-18,5,180,180,0.061016827688897025
2025-02-19,1,181,180,0.024933075776807673
2025-02-19,2,181,181,0.043988899892490496
2025-02-19,3,181,181,0.044488435355606745
2025-02-19,4,181,180,0.03221169189847714
2025-02-19,5,180,179,0.04731796005951469
2025-02-20,1,181,180,0.005715895654379425
2025-02-20,2,181,181,0.024014122229832267
2025-02-20,3,181,181,0.03055869066879536
2025-02-20,4,181,180,0.030695415887502187
2025-02-20,5,181,180,0.037445028966976684
2025-02-21,1,182,181,-0.027160056954722015
2025-02-21,2,181,181,0.0005796897622282218
2025-02-21,3,182,182,0.022361222664772928
2025-02-21,4,181,180,0.015911280915369554
2025-02-21,5,181,180,0.018044926017544396
2025-02-24,1,182,180,-0.023418222289928528
2025-02-24,2,181,181,0.011158468177005396
2025-02-24,3,181,181,0.017157425497759955
2025-02-24,4,181,180,0.015162451099790262
2025-02-24,5,181,180,0.015410196883508889
2025-02-25,1,181,180,-0.05930410644774706
2025-02-25,2,181,181,0.008901935870918781
2025-02-25,3,181,181,0.02399662886215919
2025-02-25,4,181,180,0.019640129040415517
2025-02-25,5,180,179,0.01642649790867961
2025-02-26,1,182,182,-0.059184600106316806
2025-02-26,2,181,181,-0.003623601929563483
2025-02-26,3,182,182,0.013674316792986698
2025-02-26,4,181,180,0.009091908397861894
2025-02-26,5,181,180,0.003464885405127688
2025-02-27,1,182,182,-0.04642018694656339
2025-02-27,2,182,181,0.00013692833608864948
2025-02-27,3,181,181,0.015095546165758051
2025-02-27,4,182,181,0.015363251930875978
2025-02-27,5,181,180,0.009180549854868776
2025-02-28,1,181,181,-0.032586582308071994
2025-02-28,2,181,181,0.007696734689247488
2025-02-28,3,181,181,0.010298033397518011
2025-02-28,4,181,181,0.019002686619690984
2025-02-28,5,181,180,0.018480143134035107
2025-03-03,1,182,181,-0.01901873148188672
2025-03-03,2,181,181,0.005586550210528166
2025-03-03,3,181,181,0.0044800275622042226
2025-03-03,4,181,181,0.014422288185291916
2025-03-03,5,181,180,0.015635920538094372
2025-03-04,1,182,182,-0.04146699190820844
2025-03-04,2,181,180,-0.007131000549459965
2025-03-04,3,181,181,0.009413375682514862
2025-03-04,4,181,181,0.009226619369877365
2025-03-04,5,181,180,0.006179394207070209
2025-03-05,1,182,182,-0.06992736008407964
2025-03-05,2,181,180,-0.014951984503855528
2025-03-05,3,181,180,-0.003648627370878473
2025-03-05,4,181,180,0.004096611644076755
2025-03-05,5,181,181,-0.0024705165896289883
2025-03-06,1,182,181,-0.1360875342520902
2025-03-06,2,181,180,-0.07550082785809417
2025-03-06,3,182,182,-0.053472293312118495
2025-03-06,4,181,180,-0.030787036819222364
2025-03-06,5,181,181,-0.05957602283458049
2025-03-07,1,181,180,-0.18222338335860883
2025-03-07,2,181,180,-0.11320391522807106
2025-03-07,3,181,181,-0.08809345784765141
2025-03-07,4,181,181,-0.07815798162294843
2025-03-07,5,181,180,-0.09961970185349195
2025-03-10,1,182,181,-0.17993686599700265
2025-03-10,2,181,181,-0.11410312203957752
2025-03-10,3,181,180,-0.08046064610256734
2025-03-10,4,181,181,-0.07266822051082555
2025-03-10,5,181,181,-0.0910749886472399
2025-03-11,1,182,181,-0.14938959620747083
2025-03-11,2,181,181,-0.08653829054662433
2025-03-11,3,181,180,-0.06223850963604399
2025-03-11,4,181,181,-0.05510824907926882
2025-03-11,5,181,181,-0.07158739315114453
2025-03-12,1,182,181,-0.14764433461714913
2025-03-12,2,181,181,-0.08788159036106005
2025-03-12,3,181,180,-0.0588674205031661
2025-03-12,4,181,181,-0.04929238295849555
2025-03-12,5,181,181,-0.07138696049972325
2025-03-13,1,181,180,-0.1081613143359716
2025-03-13,2,181,181,-0.06773556883899147
2025-03-13,3,181,180,-0.04460961743677705
2025-03-13,4,181,181,-0.04405705697792295
2025-03-13,5,181,181,-0.048600569158146596
2025-03-14,1,182,181,-0.11855067486318854
2025-03-14,2,181,181,-0.07550177669017945
2025-03-14,3,181,180,-0.0678591504803006
2025-03-14,4,181,180,-0.06324833843697722
2025-03-14,5,181,180,-0.06847653784975878
2025-03-17,1,182,181,-0.12889721864847853
2025-03-17,2,181,181,-0.08504713965308953
2025-03-17,3,181,181,-0.07466344939412524
2025-03-17,4,181,181,-0.06021980475490522
2025-03-17,5,181,181,-0.07053678950333225
2025-03-18,1,182,181,-0.14221846450451434
2025-03-18,2,181,180,-0.095346145216644
2025-03-18,3,181,181,-0.07241611064456659
2025-03-18,4,181,181,-0.07167268377077463
2025-03-18,5,181,181,-0.08213868808678977
2025-03-19,1,181,180,-0.12719156769474996
2025-03-19,2,181,181,-0.08789630636162356
2025-03-19,3,181,181,-0.06632442254070044
2025-03-19,4,181,181,-0.0632875561371089
2025-03-19,5,181,181,-0.07611265666770901
2025-03-20,1,181,179,-0.1279572692310132
2025-03-20,2,181,181,-0.06957245846476559
2025-03-20,3,181,181,-0.05979928369719368
2025-03-20,4,181,181,-0.06396988541909837
2025-03-20,5,181,181,-0.0718351854642131
2025-03-21,1,181,179,-0.09005473502172678
2025-03-21,2,181,181,-0.04313840618465038
2025-03-21,3,181,180,-0.0424606106564413
2025-03-21,4,181,181,-0.04644807152541013
2025-03-21,5,180,180,-0.049930471778156536
2025-03-24,1,181,180,-0.07783116882571377
2025-03-24,2,181,181,-0.03557801639175718
2025-03-24,3,180,178,-0.026282382765030296
2025-03-24,4,181,181,-0.032618185959437114
2025-03-24,5,180,180,-0.03647238833089119
2025-03-25,1,181,180,-0.058911354439424586
2025-03-25,2,181,181,-0.036359846593922114
2025-03-25,3,181,179,-0.030339800054448637
2025-03-25,4,181,181,-0.043733248067004106
2025-03-25,5,180,180,-0.04016256068244902
2025-03-26,1,181,180,-0.06982817457032264
2025-03-26,2,181,181,-0.03857074101252498
2025-03-26,3,181,180,-0.036748590705398244
2025-03-26,4,181,181,-0.04249193252432244
2025-03-26,5,180,180,-0.046089557100188056
2025-03-27,1,181,180,-0.06857419074103566
2025-03-27,2,181,181,-0.03551818527962109
2025-03-27,3,181,181,-0.05223508501019551
2025-03-27,4,181,181,-0.045815060912403595
2025-03-27,5,180,180,-0.04549429789904581
2025-03-28,1,181,181,-0.06607211080706145
2025-03-28,2,181,181,-0.02491563333419907
2025-03-28,3,180,180,-0.05338375367025723
2025-03-28,4,181,181,-0.046869883108077846
2025-03-28,5,180,179,-0.04991710003994306
2025-03-31,1,180,179,-0.044271241542870675
2025-03-31,2,180,178,-0.0211803210964197
2025-03-31,3,180,180,-0.03728670474171206
2025-03-31,4,180,180,-0.039882923889295076
2025-03-31,5,180,180,-0.03622400353164316
2025-04-01,1,180,179,-0.023241890039347107
2025-04-01,2,180,180,-0.02282270471784942
2025-04-01,3,180,180,-0.03467935284522837
2025-04-01,4,180,179,-0.04020876864814651
2025-04-01,5,180,180,-0.034390393993795676
2025-04-02,1,181,180,0.012661933811861748
2025-04-02,2,180,180,0.005573241636346424
2025-04-02,3,180,180,-0.0022119509966117795
2025-04-02,4,180,179,-0.009570723098486254
2025-04-02,5,180,180,-0.009235516263227403
2025-04-03,1,181,180,0.06331769567388532
2025-04-03,2,180,180,0.04705268963034549
2025-04-03,3,180,180,0.035829669196492935
2025-04-03,4,180,179,0.026487788321632934
2025-04-03,5,180,180,0.02923821304546461
2025-04-07,1,179,178,0.11800669607958233
2025-04-07,2,179,179,0.09817503240044159
2025-04-07,3,179,178,0.0890070166726841
2025-04-07,4,179,179,0.1021401130387083
2025-04-07,5,178,178,0.08496661229692538
2025-04-08,1,179,178,0.15132895717007872
2025-04-08,2,178,178,0.0850275255532956
2025-04-08,3,179,178,0.10212359935396621
2025-04-08,4,178,178,0.09710386483611844
2025-04-08,5,178,178,0.10032032998837984
2025-04-09,1,179,178,0.09838879637888498
2025-04-09,2,179,178,0.053579674914886896
2025-04-09,3,179,178,0.0640218164477449
2025-04-09,4,179,179,0.06612598640825355
2025-04-09,5,178,178,0.05954370608242639
2025-04-10,1,180,179,0.08396257107608393
2025-04-10,2,179,179,0.04541229267380331
2025-04-10,3,180,178,0.05924104940079546
2025-04-10,4,179,179,0.06091181105533885
2025-04-10,5,179,179,0.05001745190350914
2025-04-11,1,180,179,0.05501484257892972
2025-04-11,2,179,178,0.03664581196073383
2025-04-11,3,180,179,0.044002634744292876
2025-04-11,4,179,179,0.04719305736096025
2025-04-11,5,179,179,0.031539533221896635
2025-04-14,1,180,180,0.03365107530106213
2025-04-14,2,180,179,0.023056108144966746
2025-04-14,3,180,178,0.023322388753345316
2025-04-14,4,180,180,0.03537704672899196
2025-04-14,5,180,180,0.02361780204877545
2025-04-15,1,180,179,0.05069300442251036
2025-04-15,2,180,180,0.03147449436459447
2025-04-15,3,180,178,0.03881161408299981
2025-04-15,4,180,180,0.04145357965554741
2025-04-15,5,180,180,0.026575320036899046
2025-04-16,1,180,179,0.0729962559884132
2025-04-16,2,180,179,0.048357975394275304
2025-04-16,3,180,179,0.0521838139356372
2025-04-16,4,180,180,0.052798620263856635
2025-04-16,5,179,179,0.046784048925364294
2025-04-17,1,181,180,0.06942192856737149
2025-04-17,2,180,180,0.04830358991881929
2025-04-17,3,181,179,0.04955710956511262
2025-04-17,4,180,180,0.05096637465178861
2025-04-17,5,180,180,0.045375267883328144
2025-04-18,1,181,180,0.07396395401204295
2025-04-18,2,181,180,0.035950208679689205
2025-04-18,3,180,178,0.04395453659693499
2025-04-18,4,181,181,0.04909454556717255
2025-04-18,5,180,180,0.04356256724709273
2025-04-21,1,181,179,0.032915911863527256
2025-04-21,2,180,179,0.026324712124513573
2025-04-21,3,180,179,0.02576562197776669
2025-04-21,4,180,180,0.027725977821946197
2025-04-21,5,180,180,0.02972544198667581
2025-04-22,1,180,179,0.017613842816570656
2025-04-22,2,180,180,0.007707941752908773
2025-04-22,3,180,178,0.012308517237313103
2025-04-22,4,180,180,0.014425185170807502
2025-04-22,5,180,180,0.010899561173445135
2025-04-23,1,180,179,0.019980744715888264
2025-04-23,2,180,180,0.017828467481540926
2025-04-23,3,180,179,0.018828531110855286
2025-04-23,4,180,179,0.01714980119058436
2025-04-23,5,179,179,0.016652873899274837
2025-04-24,1,180,179,0.019964089096928088
2025-04-24,2,180,180,0.023810519062899535
2025-04-24,3,180,179,0.02914718035675368
2025-04-24,4,180,179,0.021726868150480496
2025-04-24,5,180,180,0.020140180169022956
2025-04-25,1,181,180,0.0188842614046544
2025-04-25,2,180,180,0.022266707050144562
2025-04-25,3,180,180,0.027146741496631325
2025-04-25,4,180,178,0.013730077514000601
2025-04-25,5,180,180,0.026268708334843252
2025-04-28,1,180,180,0.05200348011265852
2025-04-28,2,180,180,0.04057517230864159
2025-04-28,3,180,179,0.04603242000759135
2025-04-28,4,180,179,0.04130250340630497
2025-04-28,5,179,179,0.049168749946894234
2025-04-29,1,181,179,0.03514861559015361
2025-04-29,2,180,180,0.027768432064039367
2025-04-29,3,181,180,0.02547103178952398
2025-04-29,4,180,179,0.02773951199364254
2025-04-29,5,180,180,0.0333189796658272
2025-04-30,1,180,180,0.031015108562864945
2025-04-30,2,180,179,0.02667976473819219
2025-04-30,3,180,180,0.026193825239125813
2025-04-30,4,180,179,0.032362551839435046
2025-04-30,5,179,179,0.03214318676207648
2025-05-06,1,180,180,0.015289960358010049
2025-05-06,2,180,180,0.00848913919627787
2025-05-06,3,179,178,0.0054649426774447145
2025-05-06,4,180,179,0.021583084921316362
2025-05-06,5,179,179,0.018392587743458706
2025-05-07,1,181,181,0.02437605065937583
2025-05-07,2,180,178,0.026256705436924644
2025-05-07,3,180,180,0.024665229706985623
2025-05-07,4,180,179,0.02700124553270333
2025-05-07,5,180,180,0.023887345381921977
2025-05-08,1,181,181,0.022279559605306025
2025-05-08,2,181,179,0.010852768489908989
2025-05-08,3,180,180,0.018582235205223382
2025-05-08,4,181,180,0.015743970201240687
2025-05-08,5,180,180,0.020864383539925396
2025-05-09,1,181,181,0.04049555580526067
2025-05-09,2,180,180,0.02655891646558675
2025-05-09,3,180,180,0.025262551836021288
2025-05-09,4,180,179,0.03157804946179843
2025-05-09,5,180,180,0.025961480371473215
2025-05-12,1,181,181,0.01745443474705497
2025-05-12,2,180,180,0.008610824254749702
2025-05-12,3,180,180,0.002028660086862503
2025-05-12,4,180,180,0.013161049066295363
2025-05-12,5,180,179,0.01071706056733081
2025-05-13,1,180,180,0.023109699816962474
2025-05-13,2,180,180,0.026480756645647297
2025-05-13,3,180,180,0.01627587266131457
2025-05-13,4,180,180,0.02201185972000754
2025-05-13,5,180,180,0.025544847174936054
2025-05-14,1,181,181,0.028292509584841596
2025-05-14,2,180,180,0.02171239876175322
2025-05-14,3,180,180,0.01111133650539557
2025-05-14,4,180,180,0.021419451353320396
2025-05-14,5,180,180,0.023972222493367952
2025-05-15,1,180,180,0.028193699907635178
2025-05-15,2,180,180,0.015243115530707277
2025-05-15,3,180,180,0.008183103762409936
2025-05-15,4,180,180,0.021747925982242858
2025-05-15,5,180,180,0.017158247404830212
2025-05-16,1,180,180,0.03321434993137091
2025-05-16,2,180,179,0.015196926477538883
2025-05-16,3,180,180,0.025735024675112475
2025-05-16,4,180,180,0.025213067572712477
2025-05-16,5,180,180,0.01760460647843561
2025-05-19,1,181,181,0.01477007822150272
2025-05-19,2,180,180,0.01473738186144411
2025-05-19,3,180,180,0.0075212384058880085
2025-05-19,4,180,180,0.029442604520194877
2025-05-19,5,180,180,0.009483057776199628
2025-05-20,1,180,180,0.01916617478124761
2025-05-20,2,180,180,0.002120281034565488
2025-05-20,3,180,180,0.0026591267940352004
2025-05-20,4,180,180,0.005411983386025316
2025-05-20,5,180,180,0.002657712535682606
2025-05-21,1,180,180,-0.00414386986225111
2025-05-21,2,180,180,0.003455472621508165
2025-05-21,3,180,180,-0.00667450978994308
2025-05-21,4,180,180,-0.007511409324044238
2025-05-21,5,180,180,-0.006432302036590369
2025-05-22,1,180,180,-0.008654223031286714
2025-05-22,2,180,180,-0.007046602663701917
2025-05-22,3,180,180,-0.013461020153742212
2025-05-22,4,180,180,0.0012070881909449216
2025-05-22,5,180,180,-0.008956946759548171
2025-05-23,1,180,180,0.02786114008204987
2025-05-23,2,180,180,0.011646570209321255
2025-05-23,3,180,180,0.028388272141964495
2025-05-23,4,180,180,0.019392855581918528
2025-05-23,5,180,179,0.01242089290237096
2025-05-26,1,180,180,0.043913050155134796
2025-05-26,2,180,180,0.02748312280029936
2025-05-26,3,180,180,0.036569919694994193
2025-05-26,4,180,180,0.029241634330971333
2025-05-26,5,179,179,0.03191984833640118
2025-05-27,1,180,180,0.05375512240886206
2025-05-27,2,180,180,0.048634330083920624
2025-05-27,3,180,180,0.04387865240175841
2025-05-27,4,180,180,0.03807747227525211
2025-05-27,5,179,179,0.0360150586804598
2025-05-28,1,180,180,0.05171290100143242
2025-05-28,2,180,180,0.055026965878689674
2025-05-28,3,180,180,0.04835521129804196
2025-05-28,4,180,180,0.037148290032445255
2025-05-28,5,179,179,0.0394746731146339
2025-05-29,1,181,181,0.04998813286558392
2025-05-29,2,180,180,0.03856930811066337
2025-05-29,3,180,180,0.03346654522672494
2025-05-29,4,180,180,0.031028849715777466
2025-05-29,5,180,180,0.03099385769872272
2025-05-30,1,180,180,0.074065416262563
2025-05-30,2,180,180,0.05499999063436658
2025-05-30,3,180,180,0.04996178857332557
2025-05-30,4,180,180,0.042459708876634486
2025-05-30,5,180,180,0.046188594123549045
2025-06-03,1,181,181,0.05602996571204843
2025-06-03,2,180,180,0.052007266523904236
2025-06-03,3,180,180,0.03736564947410089
2025-06-03,4,180,180,0.03825931799792732
2025-06-03,5,180,180,0.03561022983932774
2025-06-04,1,181,180,0.03786223840957123
2025-06-04,2,180,180,0.028423380149483535
2025-06-04,3,181,181,0.03516716121609738
2025-06-04,4,180,180,0.02947186336216381
2025-06-04,5,180,180,0.03068358622927943
2025-06-05,1,180,180,0.045679946230515335
2025-06-05,2,180,180,0.029656046421671807
2025-06-05,3,180,180,0.0342847536918931
2025-06-05,4,180,179,0.040787734658967977
2025-06-05,5,180,180,0.03344624576145178
2025-06-06,1,180,179,0.037081320330653006
2025-06-06,2,180,180,0.024824997416752037
2025-06-06,3,180,180,0.037121387834743044
2025-06-06,4,180,180,0.030984125787770066
2025-06-06,5,180,180,0.020810821708683116
2025-06-09,1,181,181,0.020465132189895523
2025-06-09,2,181,181,0.028368228594069907
2025-06-09,3,180,180,0.027121143449801453
2025-06-09,4,181,181,0.02945879615263544
2025-06-09,5,180,180,0.0152475609388185
2025-06-10,1,181,181,0.04255209721718082
2025-06-10,2,180,180,0.04472542254287599
2025-06-10,3,180,180,0.053050941920503844
2025-06-10,4,180,180,0.05151527871897759
2025-06-10,5,180,180,0.03192737954959664
2025-06-11,1,181,181,0.04236944663875728
2025-06-11,2,180,180,0.03566798562595442
2025-06-11,3,181,181,0.04134200724328943
2025-06-11,4,180,180,0.046627778704183956
2025-06-11,5,180,180,0.024082676223549083
2025-06-12,1,181,181,0.04164555381373087
2025-06-12,2,180,180,0.03886702144279126
2025-06-12,3,181,181,0.0550620631259913
2025-06-12,4,180,180,0.04760856146173599
2025-06-12,5,180,180,0.03671418715620203
2025-06-13,1,180,180,0.06864272744787736
2025-06-13,2,180,180,0.05858339222480994
2025-06-13,3,179,179,0.0644417629678544
2025-06-13,4,180,180,0.071181205950114
2025-06-13,5,179,179,0.05554142393097672
2025-06-16,1,180,180,0.04372300355028074
2025-06-16,2,180,180,0.04864639783115625
2025-06-16,3,180,180,0.05432289300051522
2025-06-16,4,180,180,0.06414389557320356
2025-06-16,5,180,180,0.05067609334124311
2025-06-17,1,181,181,0.054198858423304776
2025-06-17,2,180,180,0.04744615945032477
2025-06-17,3,180,180,0.05211944757955565
2025-06-17,4,180,180,0.05401036536873409
2025-06-17,5,180,180,0.04706978046454579
2025-06-18,1,181,181,0.05829750518576429
2025-06-18,2,180,180,0.05340732822029184
2025-06-18,3,180,180,0.06085506719763461
2025-06-18,4,180,180,0.06097980928792659
2025-06-18,5,180,180,0.05405865165309412
2025-06-19,1,181,181,0.10429295737430871
2025-06-19,2,180,180,0.07531192329552594
2025-06-19,3,180,180,0.08445380152043319
2025-06-19,4,180,180,0.07734765835802669
2025-06-19,5,180,179,0.07625341321420857
2025-06-20,1,181,181,0.11917853820042842
2025-06-20,2,180,180,0.095144852303527
2025-06-20,3,180,180,0.09566047835284071
2025-06-20,4,180,180,0.09571920338835212
2025-06-20,5,180,180,0.08880885770635828
2025-06-23,1,181,181,0.09709659596923738
2025-06-23,2,180,180,0.09333644829595915
2025-06-23,3,180,180,0.10258256125559687
2025-06-23,4,180,179,0.08086407475849415
2025-06-23,5,180,180,0.08928846041286428
2025-06-24,1,181,181,0.08124808071788357
2025-06-24,2,180,180,0.08483248887026575
2025-06-24,3,181,181,0.09193794252464385
2025-06-24,4,180,179,0.07495452954414746
2025-06-24,5,180,180,0.081729267440012
2025-06-25,1,181,181,0.06054138927956229
2025-06-25,2,180,180,0.06408176331151781
2025-06-25,3,181,181,0.06995295200978371
2025-06-25,4,180,179,0.05358005557036973
2025-06-25,5,180,180,0.0663768494202575
2025-06-26,1,181,181,0.0815996507834485
2025-06-26,2,181,181,0.07525918187614393
2025-06-26,3,180,180,0.09200625784267227
2025-06-26,4,181,180,0.07923709580411725
2025-06-26,5,180,180,0.08073449962335318
2025-06-27,1,181,181,0.07044032276112114
2025-06-27,2,181,181,0.07556136966165708
2025-06-27,3,181,181,0.07992656964964301
2025-06-27,4,181,180,0.07454643130429539
2025-06-27,5,180,180,0.07241219883140294
2025-06-30,1,182,182,0.0727937168526806
2025-06-30,2,181,181,0.060689876056481
2025-06-30,3,181,181,0.06433532750579238
2025-06-30,4,181,181,0.08025443955693226
2025-06-30,5,181,181,0.06448844601606714
2025-07-01,1,182,182,0.08823753342866417
2025-07-01,2,181,181,0.06090971110504308
2025-07-01,3,181,181,0.06463219859585985
2025-07-01,4,181,181,0.07692156526273393
2025-07-01,5,181,181,0.06150988975225313
2025-07-02,1,182,182,0.08308134716493373
2025-07-02,2,182,182,0.060411038861115186
2025-07-02,3,181,181,0.06023970613624374
2025-07-02,4,182,182,0.061195755950403184
2025-07-02,5,181,181,0.05965342725714206
2025-07-03,1,182,182,0.06039719245442547
2025-07-03,2,181,181,0.04336420802369287
2025-07-03,3,182,182,0.042273847741271214
2025-07-03,4,181,181,0.04204956130201105
2025-07-03,5,181,181,0.03937570332212817
2025-07-04,1,182,180,0.058039258113990536
2025-07-04,2,181,181,0.041533383155864516
2025-07-04,3,182,182,0.04368516935242342
2025-07-04,4,181,180,0.05132355722899621
2025-07-04,5,181,181,0.04385116504409934
2025-07-07,1,181,180,0.06813854057278615
2025-07-07,2,181,181,0.04933042662939331
2025-07-07,3,181,181,0.05159203394228491
2025-07-07,4,181,180,0.062194962780383396
2025-07-07,5,181,181,0.05146482879128741
2025-07-08,1,182,180,0.04906159398752761
2025-07-08,2,182,182,0.041593598393212944
2025-07-08,3,182,182,0.054288558475004474
2025-07-08,4,182,181,0.05091612530700729
2025-07-08,5,182,182,0.04493068511014934
2025-07-09,1,183,181,0.0574241275085138
2025-07-09,2,182,182,0.048259630144418086
2025-07-09,3,182,182,0.06512685032092883
2025-07-09,4,182,181,0.06817362181959503
2025-07-09,5,182,182,0.049882335065705635
2025-07-10,1,183,181,0.05279462117363103
2025-07-10,2,183,183,0.04535867567460796
2025-07-10,3,183,183,0.04769335525623708
2025-07-10,4,183,182,0.05588130401071354
2025-07-10,5,182,182,0.040533093243740735
2025-07-11,1,184,182,0.05345989028345568
2025-07-11,2,183,183,0.04620897225730873
2025-07-11,3,184,184,0.04243412018403047
2025-07-11,4,183,183,0.05268577117027866
2025-07-11,5,183,183,0.04355005276669175
2025-07-14,1,183,181,0.07087047590606302
2025-07-14,2,183,183,0.05033291131080749
2025-07-14,3,183,183,0.05886804399540959
2025-07-14,4,183,183,0.06036800376180337
2025-07-14,5,183,183,0.04941281807704254
2025-07-15,1,184,183,0.08121159223517983
2025-07-15,2,183,182,0.05813603555031543
2025-07-15,3,183,183,0.06210861149472589
2025-07-15,4,183,182,0.06700222597727075
2025-07-15,5,183,183,0.057170836663192746
2025-07-16,1,183,183,0.10422033484653381
2025-07-16,2,183,181,0.05371330818570329
2025-07-16,3,183,183,0.05650288431711019
2025-07-16,4,183,182,0.07677329915000838
2025-07-16,5,183,183,0.058089910381311415
2025-07-17,1,184,184,0.06668209333397543
2025-07-17,2,183,181,0.027181420054657887
2025-07-17,3,183,182,0.04039604749797469
2025-07-17,4,183,182,0.04278941313541496
2025-07-17,5,183,183,0.03692176577003461
2025-07-18,1,184,184,0.10167614487251299
2025-07-18,2,183,182,0.042558193804784546
2025-07-18,3,183,183,0.05561760414398282
2025-07-18,4,183,182,0.05051838097035482
2025-07-18,5,183,183,0.055037080819902495
2025-07-21,1,184,184,0.10024348063544246
2025-07-21,2,183,183,0.04277859930356359
2025-07-21,3,183,183,0.04448090120417905
2025-07-21,4,183,181,0.04197842693771714
2025-07-21,5,183,183,0.047465430218626564
2025-07-22,1,184,184,0.0936710751337435
2025-07-22,2,183,183,0.03363383710816704
2025-07-22,3,183,183,0.029877957916659377
2025-07-22,4,183,182,0.04718000683758105
2025-07-22,5,183,183,0.04010445391055579
2025-07-23,1,183,183,0.10811995508580101
2025-07-23,2,183,183,0.0723116408057129
2025-07-23,3,183,182,0.051874460592496216
2025-07-23,4,183,183,0.06452429240109796
2025-07-23,5,183,183,0.06464111175328577
2025-07-24,1,184,184,0.07372804245145381
2025-07-24,2,183,183,0.055801043302510976
2025-07-24,3,184,184,0.035808859289467254
2025-07-24,4,183,182,0.045203905436292595
2025-07-24,5,183,183,0.04228469016649632
2025-07-25,1,184,184,0.09748455457411506
2025-07-25,2,183,182,0.0753577931078018
2025-07-25,3,184,184,0.058164354808138856
2025-07-25,4,183,182,0.05705068691548664
2025-07-25,5,183,183,0.05678085437523212
2025-07-28,1,184,184,0.10023679229028694
2025-07-28,2,183,183,0.0827748294144692
2025-07-28,3,183,182,0.06241835637548935
2025-07-28,4,183,183,0.06315962471351001
2025-07-28,5,183,183,0.06266137902411106
2025-07-29,1,184,183,0.08443448799272332
2025-07-29,2,183,183,0.08785504620031281
2025-07-29,3,184,183,0.07309661088630269
2025-07-29,4,183,183,0.07310423363667112
2025-07-29,5,183,183,0.06590477639318548
2025-07-30,1,184,184,0.07353543213781984
2025-07-30,2,183,183,0.06434277350387918
2025-07-30,3,183,182,0.05839198082301519
2025-07-30,4,183,183,0.05104725857992311
2025-07-30,5,183,183,0.04996324302094144
2025-07-31,1,183,183,0.09312070002759047
2025-07-31,2,183,183,0.09480761898056049
2025-07-31,3,182,181,0.07561962066281608
2025-07-31,4,183,183,0.08277973645121672
2025-07-31,5,182,182,0.07291762443742016
2025-08-01,1,183,183,0.11083194501897349
2025-08-01,2,183,183,0.10952940934937666
2025-08-01,3,183,181,0.06990613972175323
2025-08-01,4,183,183,0.08862349936635794
2025-08-01,5,182,181,0.07153896380002321
2025-08-04,1,182,182,0.10782941033466989
2025-08-04,2,182,182,0.09871093020137321
2025-08-04,3,182,182,0.05833166083182494
2025-08-04,4,182,181,0.08185067188201263
2025-08-04,5,182,182,0.059496630609323364
2025-08-05,1,183,183,0.07886207488208474
2025-08-05,2,183,183,0.07638066510264496
2025-08-05,3,182,182,0.04761888851549295
2025-08-05,4,183,182,0.0600407285871046
2025-08-05,5,182,182,0.041857593630297486
2025-08-06,1,183,183,0.04714900349759985
2025-08-06,2,182,181,0.04198730596269423
2025-08-06,3,183,183,0.034547916606373096
2025-08-06,4,182,182,0.024996873567493538
2025-08-06,5,182,182,0.02508925989725998
2025-08-07,1,183,183,0.025160823087606674
2025-08-07,2,182,181,0.0449129442825522
2025-08-07,3,182,182,0.0224462399140222
2025-08-07,4,182,182,0.013666273040312142
2025-08-07,5,182,182,0.021162678762900615
2025-08-08,1,183,183,0.04425654016925322
2025-08-08,2,182,181,0.06190744317464663
2025-08-08,3,182,182,0.045630190181740256
2025-08-08,4,182,182,0.03135427291308367
2025-08-08,5,182,182,0.04255639490956428
2025-08-11,1,183,183,0.037121826079308654
2025-08-11,2,182,181,0.061933723956197034
2025-08-11,3,182,182,0.040122475043738816
2025-08-11,4,182,182,0.042687381362964114
2025-08-11,5,182,182,0.0395196383575547
2025-08-12,1,183,183,0.032831472918154095
2025-08-12,2,182,180,0.0540254658873222
2025-08-12,3,182,182,0.032109950164030295
2025-08-12,4,182,182,0.032922181313677884
2025-08-12,5,182,182,0.031438437725099036
2025-08-13,1,182,182,0.016602175592177134
2025-08-13,2,182,182,0.05185327891369619
2025-08-13,3,182,182,0.027206363026016846
2025-08-13,4,182,182,0.025450009022400476
2025-08-13,5,182,182,0.025956992619228257
2025-08-14,1,182,182,0.058112291901370385
2025-08-14,2,181,181,0.0795685443224531
2025-08-14,3,182,182,0.0681103633635576
2025-08-14,4,181,181,0.054869289833203015
2025-08-14,5,181,181,0.05732813178726154
2025-08-15,1,182,182,0.03690604688626125
2025-08-15,2,182,182,0.0407767262203296
2025-08-15,3,181,180,0.055590549888134985
2025-08-15,4,182,182,0.03070803422476451
2025-08-15,5,181,181,0.03728013901923365
2025-08-18,1,183,183,0.03207908378476582
2025-08-18,2,183,183,0.047498848674465605
2025-08-18,3,182,181,0.03665003171662615
2025-08-18,4,183,183,0.02168401131375454
2025-08-18,5,182,182,0.03153262059795502
2025-08-19,1,183,183,0.0477006654911568
2025-08-19,2,183,183,0.036688379510905
2025-08-19,3,182,181,0.041845776847458376
2025-08-19,4,183,183,0.032373124001661445
2025-08-19,5,182,182,0.0265765491649193
2025-08-20,1,183,183,0.04287325839175326
2025-08-20,2,183,183,0.029719299954949072
2025-08-20,3,182,181,0.0248339247632268
2025-08-20,4,183,183,0.02077000109006465
2025-08-20,5,182,182,0.00877601081213696
2025-08-21,1,183,183,0.052311049964595666
2025-08-21,2,183,183,0.014929334892490756
2025-08-21,3,182,181,0.01871452217696589
2025-08-21,4,183,183,0.001940255724642148
2025-08-21,5,182,182,-0.00703923836795241
2025-08-22,1,183,183,0.024023266729704014
2025-08-22,2,183,182,0.0034485476260875418
2025-08-22,3,182,181,0.004886036856674647
2025-08-22,4,183,183,-0.007083822323183389
2025-08-22,5,182,180,-0.016860709788590555
2025-08-25,1,183,183,0.016894765088238554
2025-08-25,2,183,183,-0.004380482791718603
2025-08-25,3,183,182,0.0021088147931959777
2025-08-25,4,183,183,-0.013791814361590644
2025-08-25,5,182,182,-0.028085184742948122
2025-08-26,1,183,183,-0.00912142432347955
2025-08-26,2,183,183,-0.019316993270176965
2025-08-26,3,182,181,-0.01995823762731566
2025-08-26,4,183,183,-0.030689099429248565
2025-08-26,5,182,182,-0.051666110911073225
2025-08-27,1,183,183,0.0335240140893857
2025-08-27,2,183,183,0.021438031715746132
2025-08-27,3,182,181,0.025544872121331903
2025-08-27,4,183,182,-0.0027423444840970583
2025-08-27,5,182,182,-0.007285151937086954
2025-08-28,1,183,183,0.0020292749218621346
2025-08-28,2,182,182,0.013954488298776503
2025-08-28,3,183,183,0.004759168272807637
2025-08-28,4,182,180,-0.014595270845929691
2025-08-28,5,182,182,-0.01745249449226167
2025-08-29,1,183,182,-0.012272191923855121
2025-08-29,2,182,182,0.007188639373475356
2025-08-29,3,183,183,0.0003487237212887319
2025-08-29,4,182,182,-0.01681317227287041
2025-08-29,5,182,180,-0.021059948406352055
2025-09-01,1,183,182,-0.007580595311867283
2025-09-01,2,182,182,0.024527959701190025
2025-09-01,3,183,183,0.007052610677508094
2025-09-01,4,182,182,-0.010652227209688196
2025-09-01,5,182,180,-0.011552022026251012
2025-09-02,1,182,181,0.026877096391097578
2025-09-02,2,182,182,0.04042616161295548
2025-09-02,3,182,182,0.026161132846213027
2025-09-02,4,182,181,0.01360420855089382
2025-09-02,5,181,179,0.003377026532954095
2025-09-03,1,182,181,0.05125056360776344
2025-09-03,2,182,182,0.05640871142173017
2025-09-03,3,181,181,0.05435185829301065
2025-09-03,4,182,181,0.030636939179370458
2025-09-03,5,181,179,0.03371041917636058
2025-09-04,1,182,181,0.03288054309246647
2025-09-04,2,182,182,0.027827978219203287
2025-09-04,3,181,181,0.03077537705708328
2025-09-04,4,182,181,0.008183771453687592
2025-09-04,5,181,180,0.014484751106376237
2025-09-05,1,182,182,0.04842297797612539
2025-09-05,2,182,182,0.04784618337019312
2025-09-05,3,182,182,0.033937366596620236
2025-09-05,4,182,181,0.023322258854541623
2025-09-05,5,181,180,0.01943354150103858
2025-09-08,1,183,183,0.01599654342520993
2025-09-08,2,182,181,0.016855564723934523
2025-09-08,3,182,182,0.0144364724812609
2025-09-08,4,182,181,0.012237221697632198
2025-09-08,5,182,182,-0.002117385938071944
2025-09-09,1,183,183,0.03958519755220621
2025-09-09,2,182,181,0.03253008985779931
2025-09-09,3,182,182,0.024141503377694766
2025-09-09,4,182,181,0.0226646253991021
2025-09-09,5,182,182,0.01150806157038753
2025-09-10,1,183,183,0.0258006761498005
2025-09-10,2,182,182,0.02969212807605214
2025-09-10,3,183,183,0.018808766668720455
2025-09-10,4,182,182,0.022667781762814254
2025-09-10,5,182,182,0.006042019647838958
2025-09-11,1,183,183,-0.02181938503207546
2025-09-11,2,183,183,-0.010781387973461289
2025-09-11,3,182,182,-0.008565712234535812
2025-09-11,4,183,183,0.0025605623033596635
2025-09-11,5,182,182,-0.0172303740083133
2025-09-12,1,183,182,-0.021843426971180684
2025-09-12,2,183,183,-0.01438850031965326
2025-09-12,3,182,182,-0.0023277062090425534
2025-09-12,4,183,183,0.004550176332847649
2025-09-12,5,182,182,-0.015016733211354077
2025-09-15,1,183,183,-0.01809161507517474
2025-09-15,2,183,183,-0.010840933684464461
2025-09-15,3,183,183,0.0027073228033151087
2025-09-15,4,183,183,0.00908168649902769
2025-09-15,5,182,182,-0.0017645642041226634
2025-09-16,1,184,184,-0.026224624703853894
2025-09-16,2,184,184,-0.01841664044042789
2025-09-16,3,183,183,0.0016571530420492297
2025-09-16,4,184,184,0.005897852839758232
2025-09-16,5,183,183,-0.0005343507159384958
2025-09-17,1,184,184,-0.025916065389687434
2025-09-17,2,184,184,-0.013258855282939599
2025-09-17,3,183,183,-0.001846519780462131
2025-09-17,4,184,184,0.013529949219755618
2025-09-17,5,183,183,0.0027796738533049604
2025-09-18,1,184,184,0.0033402123197681364
2025-09-18,2,184,184,0.006274854019679271
2025-09-18,3,183,182,0.02287492477004816
2025-09-18,4,184,184,0.02471170657259273
2025-09-18,5,183,183,0.02371189193530453
2025-09-19,1,183,183,0.006318880693425794
2025-09-19,2,183,181,0.003939263582412054
2025-09-19,3,183,183,0.019738291270879036
2025-09-19,4,183,182,0.027644861268505745
2025-09-19,5,183,183,0.02267855993377132
2025-09-22,1,183,183,-0.0013579243519536016
2025-09-22,2,182,182,0.012807852070076309
2025-09-22,3,183,182,0.021677323591371395
2025-09-22,4,182,182,0.030586094340555918
2025-09-22,5,182,182,0.026744911032959326
2025-09-23,1,183,183,0.028379509641939433
2025-09-23,2,182,182,0.04160092560409516
2025-09-23,3,182,181,0.04087621245696835
2025-09-23,4,182,182,0.047937572358570345
2025-09-23,5,182,182,0.04495334241482508
2025-09-24,1,183,183,-0.0034410720974905455
2025-09-24,2,182,182,0.011032811157126588
2025-09-24,3,183,182,0.024762595278551798
2025-09-24,4,182,182,0.021702407431830304
2025-09-24,5,182,181,0.02187087984826318
2025-09-25,1,182,182,0.01197786144623924
2025-09-25,2,182,182,0.01746073936756041
2025-09-25,3,182,182,0.03822708064534144
2025-09-25,4,182,182,0.031571522944249635
2025-09-25,5,181,180,0.030225091951451875
2025-09-26,1,182,181,0.02095365289420522
2025-09-26,2,182,181,0.023717557572285306
2025-09-26,3,182,182,0.04212079214021905
2025-09-26,4,182,182,0.03932085322483272
2025-09-26,5,181,180,0.03302605157046379
2025-09-29,1,182,182,-0.0307281425352996
2025-09-29,2,181,181,-0.0012326612887832756
2025-09-29,3,182,182,0.012938286149156973
2025-09-29,4,181,181,0.01528568375028142
2025-09-29,5,181,180,0.015933713877034784
2025-09-30,1,182,182,-0.01861231764799198
2025-09-30,2,181,180,0.002709098813925039
2025-09-30,3,181,181,0.01624120900932255
2025-09-30,4,181,181,0.023572480054071757
2025-09-30,5,181,180,0.022089936638888263
2025-10-09,1,182,182,-0.008652802276634234
2025-10-09,2,181,181,-0.007471329719919202
2025-10-09,3,182,182,0.018493639415062175
2025-10-09,4,181,181,0.01944820438370045
2025-10-09,5,181,180,0.021599297483914145
2025-10-10,1,182,182,0.05337286555382077
2025-10-10,2,182,182,0.04461426673559198
2025-10-10,3,182,182,0.04275062738636395
2025-10-10,4,182,182,0.04401339863339603
2025-10-10,5,181,181,0.050668244055250757
2025-10-13,1,182,182,-0.0012453508370723098
2025-10-13,2,182,182,0.0046777360251138
2025-10-13,3,182,182,0.033138861102223804
2025-10-13,4,182,182,0.032545515336717804
2025-10-13,5,181,181,0.03675149342264406
2025-10-14,1,182,182,0.013312479956771216
2025-10-14,2,182,182,0.02167177778604108
2025-10-14,3,182,182,0.03430273588342143
2025-10-14,4,182,182,0.043862359340585785
2025-10-14,5,181,181,0.038885354827601006
2025-10-15,1,182,182,-0.0035393188926178985
2025-10-15,2,182,182,0.010014779725016765
2025-10-15,3,182,182,0.02563489999041375
2025-10-15,4,182,182,0.029775298947062642
2025-10-15,5,181,181,0.021335578414643983
2025-10-16,1,182,182,0.010731268197154377
2025-10-16,2,182,182,0.020188590791252906
2025-10-16,3,181,181,0.042598320381765045
2025-10-16,4,182,182,0.03689140899690752
2025-10-16,5,181,181,0.03450442994351339
2025-10-17,1,182,182,0.021968328276154525
2025-10-17,2,182,182,0.037100990051126145
2025-10-17,3,181,181,0.047984788433617066
2025-10-17,4,182,182,0.04669146832698016
2025-10-17,5,181,181,0.051580539263179515
2025-10-20,1,182,182,0.018947495320987322
2025-10-20,2,182,182,0.030078986947274358
2025-10-20,3,181,181,0.048590336923463574
2025-10-20,4,182,182,0.0426046585729199
2025-10-20,5,181,181,0.05049867841381973
2025-10-21,1,182,182,0.0050883506675218175
2025-10-21,2,182,182,0.018030146029168678
2025-10-21,3,181,181,0.02993234223456047
2025-10-21,4,182,182,0.026771724130250887
2025-10-21,5,181,181,0.034033073058435614
2025-10-22,1,182,182,0.006610080145765408
2025-10-22,2,182,182,0.01449795817231669
2025-10-22,3,182,181,0.02708980794390867
2025-10-22,4,182,182,0.030741430383215987
2025-10-22,5,181,181,0.024712654555551494
2025-10-23,1,182,182,-0.02574637967721543
2025-10-23,2,182,182,-0.008163460852730037
2025-10-23,3,182,181,-0.00044146971303139423
2025-10-23,4,182,182,0.002874909034910631
2025-10-23,5,181,181,-0.0013103725708972945
2025-10-24,1,182,182,-0.053868522164620465
2025-10-24,2,182,180,-0.039986676929000514
2025-10-24,3,182,181,-0.021365368020898834
2025-10-24,4,182,182,-0.016696860573446878
2025-10-24,5,181,181,-0.01962364411990029
2025-10-27,1,182,182,-0.049639862918430276
2025-10-27,2,182,180,-0.031052367907393203
2025-10-27,3,181,181,-0.019831426222962748
2025-10-27,4,182,182,-0.013692604316880238
2025-10-27,5,181,181,-0.006389066083840727
2025-10-28,1,182,182,-0.043883228886125794
2025-10-28,2,182,180,-0.019715990223666994
2025-10-28,3,181,181,-0.009070757446400438
2025-10-28,4,182,182,-0.004507431435368438
2025-10-28,5,181,181,-0.001785750168585188
2025-10-29,1,182,182,-0.04904394428716346
2025-10-29,2,182,180,-0.027758187434876718
2025-10-29,3,182,182,-0.01859621060851753
2025-10-29,4,182,182,-0.01655548319070721
2025-10-29,5,181,181,-0.010996003136837264
2025-10-30,1,182,182,-0.040879300735566594
2025-10-30,2,182,180,-0.01757098781656135
2025-10-30,3,182,182,-0.012293074490291338
2025-10-30,4,182,182,-0.01157892003301688
2025-10-30,5,181,181,-0.007142783542640583
2025-10-31,1,182,181,-0.018853707738382554
2025-10-31,2,181,180,-0.008559406270912966
2025-10-31,3,182,181,-0.007046191156764741
2025-10-31,4,181,181,-0.016428315426694245
2025-10-31,5,181,180,-0.006652621579494965
2025-11-03,1,182,182,-0.02183448395921813
2025-11-03,2,181,178,-0.008286411849696387
2025-11-03,3,182,181,-0.007049464908501534
2025-11-03,4,181,181,-0.012622619538878208
2025-11-03,5,181,181,-0.0043203589535578185
2025-11-04,1,182,182,0.0058070006767283865
2025-11-04,2,181,179,0.006138324535998072
2025-11-04,3,182,180,0.006555777851553018
2025-11-04,4,181,181,-0.003205884627166357
2025-11-04,5,181,181,0.004840305019233058
2025-11-05,1,182,182,-0.023429857790839052
2025-11-05,2,182,180,-0.02004942654535052
2025-11-05,3,182,180,-0.012151820670262464
2025-11-05,4,182,182,-0.01780794185935662
2025-11-05,5,181,181,-0.010475644129027687
2025-11-06,1,182,182,-0.03280355484601492
2025-11-06,2,182,180,-0.0320604318837885
2025-11-06,3,182,180,-0.01734460502695595
2025-11-06,4,182,182,-0.01968146094315695
2025-11-06,5,181,181,-0.019766447433916323
2025-11-07,1,182,182,-0.0340373903386713
2025-11-07,2,182,180,-0.006719147511373729
2025-11-07,3,181,180,-0.008742001495950624
2025-11-07,4,182,182,-0.017743179449745048
2025-11-07,5,181,181,-0.014886224999519027
2025-11-10,1,182,182,-0.01851040016836801
2025-11-10,2,182,180,-0.020504707715730094
2025-11-10,3,182,182,-0.016541085150217127
2025-11-10,4,182,182,-0.03152758367661588
2025-11-10,5,182,182,-0.022253028496377458
2025-11-11,1,183,183,-0.010980116650992312
2025-11-11,2,182,180,-0.013448212833622497
2025-11-11,3,183,183,-0.030905726745612174
2025-11-11,4,182,181,-0.03684621205511293
2025-11-11,5,182,181,-0.03114838594763757
2025-11-12,1,183,183,0.0036681043920635055
2025-11-12,2,182,180,-0.003936074791701826
2025-11-12,3,183,183,-0.02143251316956454
2025-11-12,4,182,181,-0.025196619151777868
2025-11-12,5,182,181,-0.022099578309920452
2025-11-13,1,183,181,-0.019446869108868243
2025-11-13,2,183,183,-0.029245392255636746
2025-11-13,3,183,182,-0.04129887395053052
2025-11-13,4,183,183,-0.044635981326059164
2025-11-13,5,182,181,-0.03225649718905993
2025-11-14,1,184,183,-0.02302313008850845
2025-11-14,2,183,183,-0.03002442682526419
2025-11-14,3,183,181,-0.042082721326523756
2025-11-14,4,183,183,-0.042240706565205496
2025-11-14,5,183,182,-0.03449950282329144
2025-11-17,1,184,183,-0.0355105734770389
2025-11-17,2,183,183,-0.016097193421433488
2025-11-17,3,183,182,-0.03845291067424902
2025-11-17,4,183,183,-0.03465179222127017
2025-11-17,5,183,182,-0.030955321330140895
2025-11-18,1,183,182,-0.03478297765039316
2025-11-18,2,183,183,-0.02695045913085382
2025-11-18,3,183,183,-0.033643025192400616
2025-11-18,4,183,183,-0.04046846749329567
2025-11-18,5,182,181,-0.03467828813819805
2025-11-19,1,183,181,-0.025781116455110907
2025-11-19,2,182,182,-0.01750004683276478
2025-11-19,3,183,183,-0.02843675684361043
2025-11-19,4,182,182,-0.03169068687735407
2025-11-19,5,182,180,-0.03537692466866763
2025-11-20,1,183,182,0.013197211153562123
2025-11-20,2,182,181,0.005563531296478092
2025-11-20,3,182,182,-0.00494825905301008
2025-11-20,4,182,182,-0.01060661658512014
2025-11-20,5,182,180,-0.015343143881240338
2025-11-21,1,183,180,0.04018551662416898
2025-11-21,2,182,181,0.04156595553880144
2025-11-21,3,182,182,0.03326676901399414
2025-11-21,4,182,182,0.014553283985871957
2025-11-21,5,182,180,0.012393321979892496
2025-11-24,1,183,182,0.05514071772688719
2025-11-24,2,182,182,0.028617781571566678
2025-11-24,3,182,181,0.026385698881108335
2025-11-24,4,182,182,0.016257769413545627
2025-11-24,5,182,180,0.00255911920690744
2025-11-25,1,182,181,0.03156834785662992
2025-11-25,2,182,182,0.01807706710662103
2025-11-25,3,182,181,0.013349411722165817
2025-11-25,4,182,182,0.004711641853120808
2025-11-25,5,182,181,-0.0048079764170121065
2025-11-26,1,183,183,0.04844595425629936
2025-11-26,2,182,182,0.030340868740209487
2025-11-26,3,182,181,0.025270499943322294
2025-11-26,4,182,182,0.015275511464404293
2025-11-26,5,182,182,0.008383400717997492
2025-11-27,1,183,183,0.05609693711035717
2025-11-27,2,182,181,0.04775593853761575
2025-11-27,3,183,183,0.026621536559821694
2025-11-27,4,182,182,0.020212608623386124
2025-11-27,5,182,182,0.013412508100667193
2025-11-28,1,183,180,0.04138852970106594
2025-11-28,2,183,183,0.03782702523677292
2025-11-28,3,183,183,0.020003714425636077
2025-11-28,4,183,183,0.020827319704407474
2025-11-28,5,182,182,0.00578831817177039
2025-12-01,1,183,181,0.0206202220856654
2025-12-01,2,182,182,0.02176064202457458
2025-12-01,3,183,182,0.020485040726681263
2025-12-01,4,182,182,0.006194490073052872
2025-12-01,5,182,182,-0.003536868947929587
2025-12-02,1,183,182,0.033379627010693295
2025-12-02,2,182,182,0.04091321376154765
2025-12-02,3,182,181,0.017899007810837295
2025-12-02,4,182,182,0.01669421376598494
2025-12-02,5,182,182,-0.001429598597520634
2025-12-03,1,183,182,0.04796077730977196
2025-12-03,2,182,182,0.04931601720292801
2025-12-03,3,183,183,0.029773547093541033
2025-12-03,4,182,181,0.022904062621023426
2025-12-03,5,182,182,0.010585887088409403
2025-12-04,1,182,181,0.061385614309456125
2025-12-04,2,182,182,0.06994235371493883
2025-12-04,3,182,182,0.04277991601125764
2025-12-04,4,182,181,0.03356274544794936
2025-12-04,5,182,182,0.028610375140002867
2025-12-05,1,183,182,0.06324770824603768
2025-12-05,2,182,182,0.05756410951516264
2025-12-05,3,182,182,0.04458830552773186
2025-12-05,4,182,181,0.037581218221023796
2025-12-05,5,182,182,0.029129827841395207
2025-12-08,1,183,182,0.059168560198918516
2025-12-08,2,182,182,0.06372592017288828
2025-12-08,3,182,182,0.030710867432600358
2025-12-08,4,182,181,0.030689518422803867
2025-12-08,5,182,182,0.032472946242322595
2025-12-09,1,182,181,0.08029926935551525
2025-12-09,2,182,182,0.07662371404998086
2025-12-09,3,182,182,0.047798742157625
2025-12-09,4,182,180,0.0492225097672216
2025-12-09,5,181,181,0.049385875222597894
2025-12-10,1,183,183,0.09556914719956969
2025-12-10,2,182,182,0.0940712957562299
2025-12-10,3,182,182,0.061056893685098146
2025-12-10,4,182,180,0.059872081904013164
2025-12-10,5,182,182,0.062261135658205055
2025-12-11,1,182,182,0.14894456423292826
2025-12-11,2,182,182,0.11480467737926339
2025-12-11,3,182,182,0.09159847358763612
2025-12-11,4,182,180,0.09378939875860695
2025-12-11,5,181,179,0.084727521228762
2025-12-12,1,182,181,0.12620885879814492
2025-12-12,2,182,181,0.11227780220607164
2025-12-12,3,182,182,0.07472921985176091
2025-12-12,4,182,180,0.07249644377934968
2025-12-12,5,181,179,0.07446837948865224
2025-12-15,1,182,181,0.12401366895478325
2025-12-15,2,182,182,0.09452218658610466
2025-12-15,3,181,181,0.07042180668690969
2025-12-15,4,182,180,0.07837505232039654
2025-12-15,5,181,180,0.07253511837430184
2025-12-16,1,182,181,0.13169365997047294
2025-12-16,2,182,182,0.11786127360974961
2025-12-16,3,181,180,0.08873234730303743
2025-12-16,4,182,181,0.09490688090339235
2025-12-16,5,181,180,0.08762067348988214
2025-12-17,1,182,181,0.11908481945274592
2025-12-17,2,182,182,0.09157083839753177
2025-12-17,3,181,181,0.06706984811110274
2025-12-17,4,182,180,0.07147255688900174
2025-12-17,5,181,179,0.07892970915065513
2025-12-18,1,182,182,0.13181207102474415
2025-12-18,2,181,180,0.09732828367957552
2025-12-18,3,181,181,0.07152475681626035
2025-12-18,4,181,180,0.07885434925524747
2025-12-18,5,181,180,0.08172621895733043
2025-12-19,1,181,180,0.0848053766791575
2025-12-19,2,181,181,0.0718623135684253
2025-12-19,3,181,181,0.05614858459623638
2025-12-19,4,181,179,0.06257743319853065
2025-12-19,5,181,181,0.07949950325115257
2025-12-22,1,181,181,0.09069970084057564
2025-12-22,2,181,181,0.07589825279945446
2025-12-22,3,181,180,0.07131703972553496
2025-12-22,4,181,180,0.06534101990737236
2025-12-22,5,180,180,0.08453572729300732
2025-12-23,1,181,181,0.1199581376034981
2025-12-23,2,181,181,0.09075128608950261
2025-12-23,3,181,181,0.08092904469430592
2025-12-23,4,181,180,0.08060725456808246
2025-12-23,5,180,180,0.09269000287112389
2025-12-24,1,181,181,0.12042876754422441
2025-12-24,2,181,181,0.09493665728255028
2025-12-24,3,181,180,0.07897131586140495
2025-12-24,4,181,181,0.07935321609071393
2025-12-24,5,180,180,0.09785020236943799
2025-12-25,1,181,181,0.08600012005373646
2025-12-25,2,181,181,0.0798734174725901
2025-12-25,3,180,180,0.06137341685383646
2025-12-25,4,181,181,0.06807849473190124
2025-12-25,5,180,180,0.07834080818326766
2025-12-26,1,181,180,0.08287495015243308
2025-12-26,2,181,181,0.06943116978382159
2025-12-26,3,180,180,0.05474633204444818
2025-12-26,4,181,181,0.0552768556091394
2025-12-26,5,180,180,0.08782007312482487
2025-12-29,1,181,181,0.09070857440218881
2025-12-29,2,181,181,0.08909983567783003
2025-12-29,3,180,180,0.06282231151319438
2025-12-29,4,181,181,0.06490804707362319
2025-12-29,5,180,179,0.09387219617676239
2025-12-30,1,181,181,0.06099423037078987
2025-12-30,2,180,180,0.07336774990672269
2025-12-30,3,181,181,0.06291044135705302
2025-12-30,4,180,180,0.06001621698620605
2025-12-30,5,180,180,0.08619165635873187
2025-12-31,1,181,181,0.04182288520857024
2025-12-31,2,180,180,0.04930329731380376
2025-12-31,3,181,181,0.046472716216425146
2025-12-31,4,180,180,0.033912329268946446
2025-12-31,5,180,179,0.07129345067221374
2026-01-05,1,181,181,0.027631739779265096
2026-01-05,2,180,180,0.018233831187640177
2026-01-05,3,181,181,0.01802709398754192
2026-01-05,4,180,179,0.01960855722465017
2026-01-05,5,180,180,0.04307975658937216
2026-01-06,1,181,181,0.025613591077740038
2026-01-06,2,181,181,0.01793156635416141
2026-01-06,3,180,180,0.014814573889041652
2026-01-06,4,181,181,0.007084062955464361
2026-01-06,5,180,179,0.03722431191994933
2026-01-07,1,181,181,0.009915135487706832
2026-01-07,2,181,181,0.024506552491790987
2026-01-07,3,181,181,0.027231057594095078
2026-01-07,4,181,181,0.02088825324095884
2026-01-07,5,180,179,0.047090741979378424
2026-01-08,1,182,181,-0.011231534631613293
2026-01-08,2,181,181,-0.001752985838625419
2026-01-08,3,181,181,0.013957484202598115
2026-01-08,4,181,181,0.005753076060217842
2026-01-08,5,181,180,0.033079179680774826
2026-01-09,1,182,180,-0.012765917987492024
2026-01-09,2,181,181,0.0006711394628588273
2026-01-09,3,181,181,0.006396243489964736
2026-01-09,4,181,180,0.008780227548288328
2026-01-09,5,181,181,0.033918331926597385
2026-01-12,1,182,179,-0.02601904852003023
2026-01-12,2,181,180,-0.006060863867145389
2026-01-12,3,181,181,0.006969188373825364
2026-01-12,4,181,181,0.007610694081664896
2026-01-12,5,181,181,0.025915578134636474
2026-01-13,1,181,179,-0.0038409429288298
2026-01-13,2,181,181,0.00445583328446744
2026-01-13,3,181,181,0.012163965387191571
2026-01-13,4,181,181,0.01527501608831895
2026-01-13,5,181,181,0.03865597319119944
2026-01-14,1,181,180,0.0001280924300760902
2026-01-14,2,181,181,0.005154229805372624
2026-01-14,3,181,181,0.013921714321198332
2026-01-14,4,181,181,0.019971459284056428
2026-01-14,5,180,180,0.04707888148105804
2026-01-15,1,181,180,-0.00177717138939532
2026-01-15,2,181,181,4.518758113801334e-05
2026-01-15,3,180,180,-0.0002325977992807519
2026-01-15,4,181,181,0.01076347248814118
2026-01-15,5,180,180,0.03408199035921651
2026-01-16,1,181,180,0.02213819999108911
2026-01-16,2,180,180,0.0017107875535159528
2026-01-16,3,180,180,0.027146440858763422
2026-01-16,4,180,180,0.014608701902414378
2026-01-16,5,180,180,0.04562448823697763
2026-01-19,1,181,180,0.003865663517585879
2026-01-19,2,180,180,-0.0018024763974626619
2026-01-19,3,181,180,0.013451132015106664
2026-01-19,4,180,180,0.014384905405498674
2026-01-19,5,180,180,0.03292765081210246
2026-01-20,1,181,180,0.04120517136327605
2026-01-20,2,181,181,0.014616302531712167
2026-01-20,3,181,180,0.022574848906663808
2026-01-20,4,181,181,0.03031850373687782
2026-01-20,5,180,180,0.033946689456896224
2026-01-21,1,181,180,0.022007618556428226
2026-01-21,2,181,181,-0.00916175064514058
2026-01-21,3,180,179,0.013009079588428677
2026-01-21,4,181,181,0.015977528039374887
2026-01-21,5,180,180,0.0235684870488861
2026-01-22,1,181,179,0.013005545397751934
2026-01-22,2,181,181,-0.008507608769833133
2026-01-22,3,181,179,0.00847957118120575
2026-01-22,4,181,181,0.010069570187311423
2026-01-22,5,180,180,0.017774346999749915
2026-01-23,1,182,181,-0.0035640886675850324
2026-01-23,2,182,180,-0.00799891165154097
2026-01-23,3,181,180,0.004570204948501376
2026-01-23,4,182,182,0.00436863684346853
2026-01-23,5,181,181,0.008229563175265334
2026-01-26,1,181,180,-0.03998315356854539
2026-01-26,2,181,180,-0.03903061271250287
2026-01-26,3,181,180,-0.017259096902978846
2026-01-26,4,181,181,-0.023975562575931378
2026-01-26,5,181,181,-0.020980845292042725
2026-01-27,1,181,180,-0.02434908454893248
2026-01-27,2,181,180,-0.020734062963035305
2026-01-27,3,181,181,0.0014601433421354715
2026-01-27,4,181,180,-0.01659187088253273
2026-01-27,5,181,181,-0.007645673445508055
2026-01-28,1,182,181,-0.030623834796174473
2026-01-28,2,181,180,-0.0363554439332322
2026-01-28,3,181,180,-0.006185196764004157
2026-01-28,4,181,181,-0.018773172254373638
2026-01-28,5,181,181,-0.018250669797669487
2026-01-29,1,182,182,-0.017573761871263267
2026-01-29,2,181,180,-0.019785097310383023
2026-01-29,3,181,180,-0.011402169015831558
2026-01-29,4,181,181,-0.005948228195210206
2026-01-29,5,181,181,-0.008326961323769817
2026-01-30,1,182,182,0.005443693467022077
2026-01-30,2,181,179,0.006760118721713343
2026-01-30,3,181,181,0.002127107371874244
2026-01-30,4,181,180,0.012404762436265636
2026-01-30,5,181,181,0.004291210222424189
2026-02-02,1,181,181,0.026714570529567796
2026-02-02,2,181,181,0.028442976636017008
2026-02-02,3,181,180,0.022683600614197472
2026-02-02,4,181,181,0.026854280225297508
2026-02-02,5,181,181,0.02697519392250676
2026-02-03,1,181,181,0.0019624253577100867
2026-02-03,2,181,181,0.020500914129742597
2026-02-03,3,181,180,0.023380241799284072
2026-02-03,4,181,181,0.026018793639909946
2026-02-03,5,181,181,0.014027743546854304
2026-02-04,1,182,182,-0.0033023877703605457
2026-02-04,2,181,181,0.005504058067349049
2026-02-04,3,182,181,0.02206097003890201
2026-02-04,4,181,181,0.009325309624814652
2026-02-04,5,181,181,0.006206511599362691
2026-02-05,1,182,182,-0.0016272553426238251
2026-02-05,2,181,180,0.02039003517670933
2026-02-05,3,182,182,0.018633428908531244
2026-02-05,4,181,181,0.007368301807212754
2026-02-05,5,181,181,0.010968296186479409
2026-02-06,1,181,180,-0.028620895979990055
2026-02-06,2,181,181,-0.006186804548270898
2026-02-06,3,181,181,0.004341067458043267
2026-02-06,4,181,181,-0.0006717112329249849
2026-02-06,5,181,181,-0.007317205706520707
2026-02-09,1,181,181,-0.055249116783391894
2026-02-09,2,181,181,-0.0319232211408049
2026-02-09,3,181,181,-0.008917103009904396
2026-02-09,4,181,181,-0.022514625964657413
2026-02-09,5,181,181,-0.02396949627042462
2026-02-10,1,182,181,-0.05598261890086413
2026-02-10,2,181,181,-0.03944609428376909
2026-02-10,3,182,182,-0.011743620773134879
2026-02-10,4,181,181,-0.03344851037324314
2026-02-10,5,181,181,-0.03628448568988955
2026-02-11,1,182,181,-0.06636623643679287
2026-02-11,2,181,181,-0.05293653914479586
2026-02-11,3,182,182,-0.03269661965463113
2026-02-11,4,181,181,-0.04005908885985334
2026-02-11,5,181,181,-0.04174948270774088
2026-02-12,1,182,182,-0.10737376977520166
2026-02-12,2,181,181,-0.09134860086504504
2026-02-12,3,182,182,-0.05127399026240532
2026-02-12,4,181,181,-0.06375720223742572
2026-02-12,5,181,181,-0.06978719644436523
2026-02-13,1,182,181,-0.12053367509771963
2026-02-13,2,181,181,-0.10543675662037921
2026-02-13,3,181,181,-0.07282067693101806
2026-02-13,4,181,181,-0.08123445857807211
2026-02-13,5,181,181,-0.0895797968231211
2026-02-24,1,182,182,-0.11183145150253877
2026-02-24,2,181,180,-0.0837144005461293
2026-02-24,3,181,181,-0.06333308389690909
2026-02-24,4,181,181,-0.07510931934566117
2026-02-24,5,181,181,-0.08609833718828631
2026-02-25,1,182,182,-0.1119975212927483
2026-02-25,2,181,181,-0.09497434120737913
2026-02-25,3,182,182,-0.05856691700536722
2026-02-25,4,181,181,-0.06387110900917649
2026-02-25,5,181,181,-0.08543841893011905
2026-02-26,1,182,182,-0.1359743533712092
2026-02-26,2,181,181,-0.10957634381136842
2026-02-26,3,181,181,-0.07361933526007158
2026-02-26,4,181,181,-0.0747335796725502
2026-02-26,5,181,181,-0.09986498498587952
2026-02-27,1,182,182,-0.12349655432134742
2026-02-27,2,181,180,-0.09314939313112175
2026-02-27,3,181,180,-0.07119271767993782
2026-02-27,4,181,181,-0.06765970940898743
2026-02-27,5,181,181,-0.08317679436395803
2026-03-02,1,182,182,-0.11377034569654138
2026-03-02,2,181,181,-0.08059824484668647
2026-03-02,3,181,181,-0.059359927392924845
2026-03-02,4,181,181,-0.056846703888958135
2026-03-02,5,181,181,-0.06968586389931991
2026-03-03,1,182,182,-0.05834498772089242
2026-03-03,2,181,181,-0.042371308973094296
2026-03-03,3,181,181,-0.02177040533999432
2026-03-03,4,181,181,-0.028390725799171703
2026-03-03,5,181,181,-0.030799267522900426
2026-03-04,1,181,181,-0.0805171938851742
2026-03-04,2,181,181,-0.06011001716445161
2026-03-04,3,181,181,-0.03418965682451105
2026-03-04,4,181,181,-0.03286083706841167
2026-03-04,5,181,181,-0.048404198302044066
2026-03-05,1,182,182,-0.07522434432819543
2026-03-05,2,181,181,-0.05562516551884859
2026-03-05,3,181,181,-0.035651848793302014
2026-03-05,4,181,181,-0.03397559819109252
2026-03-05,5,181,181,-0.04944189148281174
2026-03-06,1,182,182,-0.090998124338513
2026-03-06,2,181,181,-0.07302017655362282
2026-03-06,3,182,182,-0.06284352245779061
2026-03-06,4,181,181,-0.061290067656781445
2026-03-06,5,181,181,-0.06794587172898663
2026-03-09,1,182,182,-0.07100502173145427
2026-03-09,2,181,181,-0.06130082728507107
2026-03-09,3,182,182,-0.043817834894817526
2026-03-09,4,181,181,-0.051666770378473406
2026-03-09,5,181,181,-0.05547595438112308
2026-03-10,1,182,182,-0.0716500110986072
2026-03-10,2,182,182,-0.05090396763043214
2026-03-10,3,182,182,-0.051134412102605706
2026-03-10,4,182,182,-0.05215648949411232
2026-03-10,5,181,181,-0.05690542217163201
2026-03-11,1,182,182,-0.058355632427519406
2026-03-11,2,182,182,-0.05061611151094373
2026-03-11,3,182,182,-0.05059376535751814
2026-03-11,4,182,182,-0.055511829714268
2026-03-11,5,182,182,-0.056256171327307716
2026-03-12,1,182,182,-0.0503550654118973
2026-03-12,2,182,182,-0.0525478030207608
2026-03-12,3,182,182,-0.049961402295519555
2026-03-12,4,182,182,-0.05346281976404992
2026-03-12,5,182,182,-0.051388571515783715
2026-03-13,1,182,182,-0.020812112718014624
2026-03-13,2,182,182,-0.037261554786786624
2026-03-13,3,182,182,-0.03172917547384133
2026-03-13,4,182,182,-0.042405607639683346
2026-03-13,5,182,182,-0.0436399685960385
2026-03-16,1,183,183,-0.014081356010818733
2026-03-16,2,182,182,-0.02891253800347676
2026-03-16,3,182,182,-0.025160444625533677
2026-03-16,4,182,182,-0.035017393699100174
2026-03-16,5,182,182,-0.03592802600547332
2026-03-17,1,183,183,-0.005002443639813714
2026-03-17,2,182,182,-0.018473859674054544
2026-03-17,3,183,183,-0.013440709978322323
2026-03-17,4,182,182,-0.030601402271692637
2026-03-17,5,182,182,-0.029013721635673104
2026-03-18,1,183,183,0.012016055097331392
2026-03-18,2,182,182,-0.002389176482266059
2026-03-18,3,183,182,-0.00591695210872111
2026-03-18,4,182,182,-0.01975527060623159
2026-03-18,5,182,182,-0.011199871665883676
2026-03-19,1,182,182,0.03462207327117568
2026-03-19,2,182,182,0.013838709811137627
2026-03-19,3,182,182,0.008130929505110652
2026-03-19,4,182,181,-0.012823913278731074
2026-03-19,5,182,182,0.000609238005366062
2026-03-20,1,182,181,0.09087746626693535
2026-03-20,2,182,182,0.059302133733712015
2026-03-20,3,182,182,0.046385711206859505
2026-03-20,4,182,181,0.023264264893881708
2026-03-20,5,181,181,0.04088576324342652
2026-03-23,1,181,180,0.0985527584586325
2026-03-23,2,181,181,0.06907144152656793
2026-03-23,3,181,181,0.057802484008467235
2026-03-23,4,181,180,0.05062333557430364
2026-03-23,5,180,180,0.049095679376281315
2026-03-24,1,182,181,0.10158003655787491
2026-03-24,2,182,181,0.06201422006103553
2026-03-24,3,181,181,0.054061065949156016
2026-03-24,4,182,181,0.040839705651015905
2026-03-24,5,181,181,0.041745465883147426
2026-03-25,1,182,181,0.06804908726874226
2026-03-25,2,182,181,0.04051824361436147
2026-03-25,3,182,182,0.02400249269701034
2026-03-25,4,182,181,0.018869468315063333
2026-03-25,5,182,182,0.02474527808715491
2026-03-26,1,182,182,0.10262022765854051
2026-03-26,2,182,179,0.0699224746580023
2026-03-26,3,182,182,0.03662458012357377
2026-03-26,4,182,181,0.042120861910273984
2026-03-26,5,181,181,0.037478101298805695
2026-03-27,1,182,182,0.07721311729862343
2026-03-27,2,182,182,0.05052009751877878
2026-03-27,3,182,181,0.02678314092760065
2026-03-27,4,182,181,0.027578873281791327
2026-03-27,5,182,182,0.025780372065752205
2026-03-30,1,182,182,0.0458929491733498
2026-03-30,2,182,180,0.021400698182191456
2026-03-30,3,182,181,0.014072864564722207
2026-03-30,4,182,181,0.007295970555614713
2026-03-30,5,182,182,0.0035358491607459758
2026-03-31,1,183,182,0.08448957512404183
2026-03-31,2,182,180,0.02806347215090152
2026-03-31,3,182,182,0.02500425126983192
2026-03-31,4,182,180,0.019627670996380537
2026-03-31,5,182,181,0.01169714602068305
2026-04-01,1,182,182,0.07930752672893879
2026-04-01,2,182,181,0.05177633007767299
2026-04-01,3,182,182,0.03054710264603932
2026-04-01,4,182,181,0.02211926047637792
2026-04-01,5,181,181,0.01781614682316651
2026-04-02,1,182,182,0.10276076974064237
2026-04-02,2,182,181,0.07373508226466298
2026-04-02,3,182,182,0.05074597335359818
2026-04-02,4,182,182,0.041195769084838484
2026-04-02,5,182,182,0.038373530362744775
2026-04-03,1,182,182,0.13173404140327583
2026-04-03,2,182,182,0.0921513933595161
2026-04-03,3,182,182,0.06574791400522241
2026-04-03,4,182,182,0.06511818633588279
2026-04-03,5,181,181,0.048261300233374174
2026-04-07,1,182,182,0.11283157647684544
2026-04-07,2,182,182,0.0865329859504277
2026-04-07,3,182,182,0.057513466907401965
2026-04-07,4,182,182,0.054873735888302695
2026-04-07,5,182,182,0.042040746081782286
2026-04-08,1,183,183,0.10706838130236213
2026-04-08,2,182,182,0.08294037094647883
2026-04-08,3,182,182,0.04939597114815669
2026-04-08,4,182,182,0.052687386508042576
2026-04-08,5,182,182,0.03470465191594228
2026-04-09,1,182,182,0.08007374755656249
2026-04-09,2,182,182,0.05348806205084737
2026-04-09,3,182,182,0.03948754627380045
2026-04-09,4,182,182,0.03556677097466959
2026-04-09,5,182,182,0.02631763366209873
2026-04-10,1,182,182,0.11005269903028704
2026-04-10,2,182,182,0.08163494536096884
2026-04-10,3,182,182,0.04931828901673013
2026-04-10,4,182,182,0.045488024573778194
2026-04-10,5,182,182,0.023831887012731992
2026-04-13,1,182,182,0.07809281957375878
2026-04-13,2,182,182,0.025265406076868283
2026-04-13,3,182,182,0.018891493257799437
2026-04-13,4,182,182,0.008606424378800383
2026-04-13,5,182,182,0.002486118347719818
2026-04-14,1,183,183,0.042863069897967135
2026-04-14,2,183,183,-0.0008477554111717276
2026-04-14,3,182,182,0.000496924374369952
2026-04-14,4,183,183,-0.013796657700544288
2026-04-14,5,182,182,-0.013131810093271376
2026-04-15,1,183,183,0.05303818420397105
2026-04-15,2,183,183,0.00986480915083038
2026-04-15,3,182,182,-0.001164634034762799
2026-04-15,4,183,183,-0.008235018869514022
2026-04-15,5,182,182,-0.015497339280008847
2026-04-16,1,183,183,0.0456623838379978
2026-04-16,2,182,182,0.00249967267030928
2026-04-16,3,183,183,-0.006784057818218324
2026-04-16,4,182,182,-0.002652020140904298
2026-04-16,5,182,182,-0.01114450051802046
2026-04-17,1,183,183,0.03863453090339013
2026-04-17,2,183,183,0.005433122127006725
2026-04-17,3,182,182,0.004059869312604848
2026-04-17,4,183,182,-0.011368429226144875
2026-04-17,5,182,182,-0.020039277268386765
2026-04-20,1,183,183,0.006905187672205907
2026-04-20,2,182,182,-0.015856039246950247
2026-04-20,3,183,183,-0.02407251692741516
2026-04-20,4,182,182,-0.02598893256129619
2026-04-20,5,182,181,-0.04021221154536604
2026-04-21,1,183,183,0.012512576414991481
2026-04-21,2,182,182,0.007333936985803952
2026-04-21,3,182,182,-0.005271148871285131
2026-04-21,4,182,182,-0.02198682848167465
2026-04-21,5,182,182,-0.025207429877615175
2026-04-22,1,183,183,-0.016699943092984733
2026-04-22,2,183,183,-0.00790894183884711
2026-04-22,3,182,181,-0.006231612203431842
2026-04-22,4,183,183,-0.03555753398963126
2026-04-22,5,182,182,-0.030974660549612492
2026-04-23,1,182,182,-0.014878469512224357
2026-04-23,2,182,182,0.02647918572373268
2026-04-23,3,182,182,-0.012877505894601737
2026-04-23,4,182,182,-0.021306773950611282
2026-04-23,5,181,181,-0.02316452256694487
2026-04-24,1,182,180,-0.018683225999921064
2026-04-24,2,182,182,-0.00728431497714083
2026-04-24,3,182,182,-0.022608176271777518
2026-04-24,4,182,182,-0.030694034704367063
2026-04-24,5,182,182,-0.031868922781923825
2026-04-27,1,182,182,-0.008300166196823274
2026-04-27,2,182,182,0.00844584741792525
2026-04-27,3,182,182,-0.015113203618743408
2026-04-27,4,182,182,-0.03867737324911233
2026-04-27,5,181,181,-0.018017190741154907
2026-04-28,1,182,179,-0.007753757436194556
2026-04-28,2,182,182,-0.011420824167233251
2026-04-28,3,182,182,-0.023156099684568592
2026-04-28,4,182,182,-0.03685687773036973
2026-04-28,5,181,181,-0.0347636523831831
2026-04-29,1,182,178,-0.03448635454465917
2026-04-29,2,182,182,-0.01982338650839783
2026-04-29,3,181,181,-0.023472336183594344
2026-04-29,4,182,181,-0.03150945997391898
2026-04-29,5,181,181,-0.035731572416699366
2026-04-30,1,181,180,-0.04069564111631543
2026-04-30,2,181,181,-0.03791519374154414
2026-04-30,3,181,181,-0.039928932259348855
2026-04-30,4,181,181,-0.04115403164579877
2026-04-30,5,181,181,-0.04104117172481101
2026-05-06,1,182,181,-0.07064940091908245
2026-05-06,2,181,181,-0.05513054649199604
2026-05-06,3,181,181,-0.054755559994754205
2026-05-06,4,181,181,-0.06237258068387758
2026-05-06,5,181,181,-0.05415931346255109
2026-05-07,1,182,182,-0.0654151806351302
2026-05-07,2,182,182,-0.06297912791534785
2026-05-07,3,182,182,-0.06430996514695769
2026-05-07,4,182,182,-0.06818535806322774
2026-05-07,5,181,181,-0.06078970754745316
2026-05-08,1,182,182,-0.11004756627059219
2026-05-08,2,182,182,-0.0951138665786613
2026-05-08,3,182,182,-0.09290386462931292
2026-05-08,4,182,182,-0.08872143135540611
2026-05-08,5,181,181,-0.08302010961337142
2026-05-11,1,182,182,-0.10869223542517259
2026-05-11,2,182,182,-0.09535916945965547
2026-05-11,3,182,182,-0.083398000207444
2026-05-11,4,182,182,-0.10476756553464422
2026-05-11,5,182,182,-0.09324610332973242
2026-05-12,1,182,182,-0.09760244687081032
2026-05-12,2,182,182,-0.07871501341553103
2026-05-12,3,181,181,-0.07943743124956618
2026-05-12,4,182,182,-0.10020096843190926
2026-05-12,5,181,181,-0.08677754412670897
2026-05-13,1,182,182,-0.12307784934281009
2026-05-13,2,182,182,-0.09792889755815168
2026-05-13,3,182,182,-0.08559877135620614
2026-05-13,4,182,182,-0.10236105093202286
2026-05-13,5,181,181,-0.10230591987369081
2026-05-14,1,182,182,-0.08721903229628356
2026-05-14,2,181,181,-0.06354059672902579
2026-05-14,3,181,181,-0.07393515402300109
2026-05-14,4,181,181,-0.08806130648432454
2026-05-14,5,181,181,-0.08117174648762926
2026-05-15,1,181,181,-0.06632714590836393
2026-05-15,2,181,181,-0.04027840281459236
2026-05-15,3,181,181,-0.051768597857153514
2026-05-15,4,181,181,-0.052029739906067976
2026-05-15,5,180,180,-0.0578652047111367
2026-05-18,1,181,181,-0.03524070166550587
2026-05-18,2,181,181,-0.03402772369825177
2026-05-18,3,181,181,-0.039633726980386995
2026-05-18,4,181,181,-0.04181563585513966
2026-05-18,5,180,180,-0.05085624756912126
2026-05-19,1,181,181,-0.015556591879344694
2026-05-19,2,181,181,-0.046636898106994146
2026-05-19,3,181,181,-0.04155831997904363
2026-05-19,4,181,181,-0.06529608708089692
2026-05-19,5,180,180,-0.05872973344386059
2026-05-20,1,181,181,-0.02436982350247726
2026-05-20,2,180,180,-0.05576792083690102
2026-05-20,3,181,181,-0.03689044375650479
2026-05-20,4,180,180,-0.06835422526818025
2026-05-20,5,180,180,-0.06553955493787708
2026-05-21,1,180,180,0.013772621107456029
2026-05-21,2,180,180,-0.02896982072773042
2026-05-21,3,180,180,-0.03648660197948073
2026-05-21,4,180,180,-0.06511569799293634
2026-05-21,5,180,180,-0.051407459417839724
2026-05-22,1,180,180,0.017310632334949085
2026-05-22,2,180,180,-0.02968320146459596
2026-05-22,3,180,180,-0.024207724669333217
2026-05-22,4,180,180,-0.058696128360922
2026-05-22,5,180,180,-0.053910329902925894
2026-05-25,1,180,180,0.003444689342619848
2026-05-25,2,180,180,-0.0474369407693202
2026-05-25,3,180,180,-0.02559046194940425
2026-05-25,4,180,180,-0.05716126918754255
2026-05-25,5,180,180,-0.06296667236934708
2026-05-26,1,180,180,0.022916079538081658
2026-05-26,2,180,180,-0.034329202513324476
2026-05-26,3,180,180,-0.04999931899898083
2026-05-26,4,180,180,-0.07473207987607765
2026-05-26,5,180,180,-0.06448577804492743
2026-05-27,1,180,180,0.061037095426876006
2026-05-27,2,179,179,-0.028890266088000747
2026-05-27,3,180,180,-0.0477291373891862
2026-05-27,4,179,179,-0.05937334523787355
2026-05-27,5,179,179,-0.05928568678065112
2026-05-28,1,180,180,0.013128414180932696
2026-05-28,2,179,179,-0.05952003598107577
2026-05-28,3,179,179,-0.075237017962804
2026-05-28,4,179,179,-0.0884451528289647
2026-05-28,5,179,178,-0.07494552996048959
2026-05-29,1,179,178,0.038730892697417446
2026-05-29,2,179,179,-0.03226707257842996
2026-05-29,3,179,179,-0.06520175373700056
2026-05-29,4,179,178,-0.06718830011313236
2026-05-29,5,179,179,-0.07238048970780991
2026-06-01,1,180,180,0.06905387224541412
2026-06-01,2,180,180,-0.03732724382793557
2026-06-01,3,179,179,-0.061174619573852305
2026-06-01,4,180,179,-0.09180175439490526
2026-06-01,5,179,179,-0.07085307363546615
2026-06-02,1,180,180,0.048933152398009994
2026-06-02,2,179,179,-0.02818951713361077
2026-06-02,3,179,179,-0.03873513293134134
2026-06-02,4,179,178,-0.05232435244931873
2026-06-02,5,179,179,-0.05213665756556235
2026-06-03,1,179,179,0.037832258664202346
2026-06-03,2,179,179,-0.008938202775484549
2026-06-03,3,179,179,-0.02613698844675561
2026-06-03,4,179,178,-0.04455222277402184
2026-06-03,5,179,179,-0.032077234673996265
2026-06-04,1,179,179,0.03252827998064081
2026-06-04,2,179,179,0.005562451085167157
2026-06-04,3,179,179,-0.014589869352002639
2026-06-04,4,179,179,-0.019663282267235127
2026-06-04,5,179,179,-0.025967091693270317
2026-06-05,1,179,179,0.03390177655504946
2026-06-05,2,179,179,0.019839954101151806
2026-06-05,3,179,179,-0.005261545403903809
2026-06-05,4,179,179,-0.009183995897951762
2026-06-05,5,179,179,-0.01991395153892773
2026-06-08,1,179,179,0.003533040234283744
2026-06-08,2,178,178,-0.0061201254211910115
2026-06-08,3,179,179,-0.018592639558533547
2026-06-08,4,178,178,-0.018610737906426995
2026-06-08,5,178,178,-0.03971538243963187
2026-06-09,1,179,179,-0.031774913519082876
2026-06-09,2,179,179,-0.013583762173497695
2026-06-09,3,179,179,-0.02812424120452544
2026-06-09,4,179,179,-0.02057449348439701
2026-06-09,5,178,178,-0.04499826967264649
2026-06-10,1,179,179,-0.0018468040156722355
2026-06-10,2,178,178,-0.008208023484890737
2026-06-10,3,178,178,-0.01141525448123869
2026-06-10,4,178,178,-0.024412264152245053
2026-06-10,5,178,178,-0.045209193372988885
2026-06-11,1,179,179,-0.03660720196079762
2026-06-11,2,178,178,-0.020402336622786527
2026-06-11,3,178,178,-0.002697885187606498
2026-06-11,4,178,178,-0.018293385785491955
2026-06-11,5,178,178,-0.037655553442079145
2026-06-12,1,179,179,-0.07082190148817438
2026-06-12,2,178,178,-0.05775587516797262
2026-06-12,3,179,179,-0.031461260890863034
2026-06-12,4,178,178,-0.04623374195102131
2026-06-12,5,178,178,-0.0740561593740185
2026-06-15,1,179,179,-0.07501880183086088
2026-06-15,2,178,178,-0.05913716058416277
2026-06-15,3,179,179,-0.020422708499464395
2026-06-15,4,178,178,-0.05085711491664768
2026-06-15,5,178,178,-0.06762362235567747
2026-06-16,1,179,179,-0.11476365051811264
2026-06-16,2,178,178,-0.054638807029060876
2026-06-16,3,179,179,-0.001990855229783648
2026-06-16,4,178,178,-0.03517925370334418
2026-06-16,5,178,178,-0.051077552325754075
2026-06-17,1,179,179,-0.12970891910542232
2026-06-17,2,178,178,-0.055941216590131515
2026-06-17,3,179,179,0.020974134556273193
2026-06-17,4,178,178,-0.028021032896353756
2026-06-17,5,178,178,-0.035473799595665025
2026-06-18,1,178,178,-0.17923320513482452
2026-06-18,2,178,178,-0.07567777012266995
2026-06-18,3,178,178,-0.00233430073172686
2026-06-18,4,178,178,-0.028411426537882735
2026-06-18,5,178,178,-0.04269441946791962
2026-06-22,1,179,179,-0.22768392354969008
2026-06-22,2,178,178,-0.08766927838371653
2026-06-22,3,179,179,-0.018987742648363046
2026-06-22,4,178,178,-0.04088494583590095
2026-06-22,5,178,178,-0.04078141797857163
2026-06-23,1,179,179,-0.20249617775731246
2026-06-23,2,178,178,-0.0671660139064284
2026-06-23,3,179,179,-0.022334402253372534
2026-06-23,4,178,178,-0.025426193963770768
2026-06-23,5,178,178,-0.03419898910865009
2026-06-24,1,178,178,-0.2047158327942342
2026-06-24,2,178,178,-0.08244819741528692
2026-06-24,3,178,178,0.01264706404722673
2026-06-24,4,178,178,-0.01081993629917907
2026-06-24,5,178,177,-0.014352322111101191
2026-06-25,1,178,178,-0.20658555207317128
2026-06-25,2,178,178,-0.06775505693860588
2026-06-25,3,178,178,0.00964188645005277
2026-06-25,4,178,178,0.0023511645781118134
2026-06-25,5,177,176,0.013313969071508606
2026-06-26,1,178,178,-0.1987729548983997
2026-06-26,2,177,176,-0.06163826864013316
2026-06-26,3,177,177,0.0014929211711784836
2026-06-26,4,177,177,0.015057372521995759
2026-06-26,5,177,176,0.02175627433120297
2026-06-29,1,177,177,-0.1682727189051825
2026-06-29,2,177,177,-0.05481199238581796
2026-06-29,3,177,177,0.01158348365177415
2026-06-29,4,177,177,0.018695820052717936
2026-06-29,5,176,175,0.02599151281436025
2026-06-30,1,177,177,-0.19439153251816796
2026-06-30,2,176,176,-0.06858215953798381
2026-06-30,3,176,175,0.01744732293675465
2026-06-30,4,176,176,0.02716510561545243
2026-06-30,5,176,176,0.042548031722761254
2026-07-01,1,178,178,-0.18392277535646867
2026-07-01,2,178,178,-0.09041597511522154
2026-07-01,3,178,178,0.016505842648039136
2026-07-01,4,178,178,0.03371610557778384
2026-07-01,5,177,177,0.037989532612331074
2026-07-02,1,178,178,-0.1915215970180989
2026-07-02,2,177,177,-0.07416909910894881
2026-07-02,3,177,177,-0.002544585380202321
2026-07-02,4,177,177,0.035432786004468794
2026-07-02,5,177,177,0.030757463733605394
2026-07-03,1,178,178,-0.1860321785757976
2026-07-03,2,177,177,-0.0738464246528076
2026-07-03,3,177,177,0.006494472594856281
2026-07-03,4,177,177,0.03521229809898717
2026-07-03,5,177,177,0.030134596344250985
2026-07-06,1,180,180,-0.15829582618769059
2026-07-06,2,180,180,-0.05513557907887577
2026-07-06,3,179,179,0.02578774421238606
2026-07-06,4,180,180,0.04256256573299887
2026-07-06,5,179,179,0.04776567829703527
2026-07-07,1,179,179,-0.13040266621328572
2026-07-07,2,179,179,-0.032827429066272514
2026-07-07,3,179,179,0.04608444313628684
2026-07-07,4,179,179,0.06063865924763556
2026-07-07,5,179,179,0.05910949951956984
2026-07-08,1,179,179,-0.07184395695620913
2026-07-08,2,179,179,0.0011859506586050573
2026-07-08,3,179,179,0.055655924386499626
2026-07-08,4,179,179,0.07060100374372129
2026-07-08,5,178,178,0.06278102575814086
2026-07-09,1,179,179,-0.0781143196275464
2026-07-09,2,179,179,0.003706538916532212
2026-07-09,3,179,179,0.05425649422181009
2026-07-09,4,179,179,0.06804740894421976
2026-07-09,5,178,178,0.06391167637448192
2026-07-10,1,180,180,-0.038806261465851116
2026-07-10,2,179,179,0.02277556046082869
2026-07-10,3,179,179,0.04733626332071616
2026-07-10,4,179,179,0.050645284105350054
2026-07-10,5,179,179,0.052349810230926254
2026-07-13,1,179,179,0.0017633973878528153
2026-07-13,2,179,179,0.0509107632724948
2026-07-13,3,179,178,0.07050194882062184
2026-07-13,4,179,179,0.08751695543583907
2026-07-13,5,179,179,0.07969996739280215
2026-07-14,1,179,179,-0.011041219547346654
2026-07-14,2,179,179,0.029975002468930024
2026-07-14,3,179,178,0.055025488985217495
2026-07-14,4,179,179,0.06483789271761684
2026-07-14,5,179,179,0.058793875561428316
2026-07-15,1,180,180,0.030194465841591907
2026-07-15,2,180,180,0.055346945800475195
2026-07-15,3,180,179,0.054734656209490584
2026-07-15,4,180,180,0.05984844892384991
2026-07-15,5,179,179,0.050365182945966064
2026-07-16,1,181,181,0.027249351133053778
2026-07-16,2,180,180,0.04835123422352342
2026-07-16,3,180,179,0.04473530576936693
2026-07-16,4,180,180,0.033546823985709066
2026-07-16,5,180,180,0.034086888217187576
2026-07-17,1,180,180,0.0767326290169762
2026-07-17,2,179,179,0.0902232427644718
2026-07-17,3,180,179,0.06498555095599257
2026-07-17,4,179,179,0.0563538385478197
2026-07-17,5,179,179,0.04436122187867457
2026-07-20,1,180,180,0.1569150908994577
2026-07-20,2,180,180,0.11545266076201513
2026-07-20,3,179,178,0.07696811622980398
2026-07-20,4,180,180,0.05318801393535282
2026-07-20,5,179,179,0.04780995836849379
2026-07-21,1,179,179,0.10659123796828025
2026-07-21,2,179,179,0.08769606971437027
2026-07-21,3,179,178,0.06078131292968881
2026-07-21,4,179,179,0.046787907568330143
2026-07-21,5,179,179,0.03948003614600181
2026-07-22,1,179,179,0.0762846924064187
2026-07-22,2,179,179,0.06152691394518677
2026-07-22,3,179,176,0.05108113344292904
2026-07-22,4,179,179,0.04652310892758931
2026-07-22,5,179,179,0.02823814311192764
2026-07-23,1,180,180,0.0651312492487903
2026-07-23,2,179,178,0.05443243882262606
2026-07-23,3,179,178,0.04281401469883838
2026-07-23,4,179,179,0.04130109408059912
2026-07-23,5,179,179,0.016829412968259377
2026-07-24,1,179,178,0.09698522254182534
2026-07-24,2,178,178,0.08318227087752536
2026-07-24,3,179,178,0.06930596127608328
2026-07-24,4,178,178,0.054148043450194264
2026-07-24,5,178,178,0.03140864413740059
2026-07-27,1,180,180,0.036711694282744796
2026-07-27,2,179,179,0.04619308994608413
2026-07-27,3,180,179,0.039540285602151795
2026-07-27,4,179,179,0.03352686051358291
2026-07-27,5,179,179,0.016958022710514914
2026-07-28,1,180,180,0.07488077377030081
2026-07-28,2,180,180,0.05903321303325528
2026-07-28,3,179,177,0.04974385442660363
2026-07-28,4,180,180,0.033105959374007024
2026-07-28,5,179,179,0.014486394073940546
2026-07-29,1,181,181,0.08817750375450943
2026-07-29,2,181,181,0.05478903815903961
2026-07-29,3,180,179,0.04451463543312435
2026-07-29,4,181,181,0.019858523592355175
2026-07-29,5,180,180,0.007095825405792608
2026-07-30,1,181,181,0.12582467662988864
2026-07-30,2,181,181,0.07838372873177243
2026-07-30,3,181,180,0.04879942157853987
2026-07-30,4,181,181,0.018467589580865876
2026-07-30,5,180,180,0.00334813826246737
2026-07-31,1,182,182,0.10840946533178428
2026-07-31,2,181,181,0.05861771876600091
2026-07-31,3,182,181,0.037715930101237874
2026-07-31,4,181,181,0.019205403201829105
2026-07-31,5,181,181,-0.003936294998571329
2026-08-03,1,182,182,0.12337771730303417
2026-08-03,2,182,182,0.05441668520095644
2026-08-03,3,181,180,0.028159817498168267
2026-08-03,4,182,182,-0.0018049859502265752
2026-08-03,5,181,181,-0.01186479050977333
2026-08-04,1,181,181,0.07864470580081193
2026-08-04,2,181,181,0.03615959987341538
2026-08-04,3,181,181,0.036590771238397816
2026-08-04,4,181,181,0.014377719947877251
2026-08-04,5,180,180,0.0018763758529271764
2026-08-05,1,181,181,0.04650595724124668
2026-08-05,2,181,181,0.012132488743850835
2026-08-05,3,181,181,0.02461772276122853
2026-08-05,4,181,181,0.0019110797033736803
2026-08-05,5,180,180,0.0011343462807584187
2026-08-06,1,181,181,0.024549947737139238
2026-08-06,2,181,181,0.005833937803810045
2026-08-06,3,181,181,0.026017490892173773
2026-08-06,4,181,181,0.005683422514729033
2026-08-06,5,181,181,0.0003088053379672497
2026-08-07,1,181,181,-0.02590225281158143
2026-08-07,2,181,181,-0.0017701046203737335
2026-08-07,3,181,181,0.019508324136929423
2026-08-07,4,181,181,0.013975417340737699
2026-08-07,5,181,181,0.002874095061730373
2026-08-10,1,182,181,0.0017046159563574431
2026-08-10,2,181,181,-0.010036908274180566
2026-08-10,3,182,182,0.016879916781877904
2026-08-10,4,181,181,-0.0008769397327190099
2026-08-10,5,181,181,-0.008544083248036837
2026-08-11,1,181,181,0.0033980800181854162
2026-08-11,2,181,181,-0.004510834860945033
2026-08-11,3,181,181,0.027648423416455393
2026-08-11,4,181,181,0.014949885099276406
2026-08-11,5,181,181,0.006668087375276022
2026-08-12,1,181,181,-0.03310150742102391
2026-08-12,2,181,181,-0.020822096706976174
2026-08-12,3,181,181,0.020044137471927136
2026-08-12,4,181,181,0.00251647268953971
2026-08-12,5,181,181,-0.0019445749559034605
2026-08-13,1,182,182,-0.03721240900386904
2026-08-13,2,181,181,-0.020209818509570848
2026-08-13,3,182,182,0.014440751547921082
2026-08-13,4,181,181,0.001119479898308293
2026-08-13,5,181,181,-0.002003978424581869
2026-08-14,1,180,180,-0.05326126155615331
2026-08-14,2,180,180,-0.036125728103515005
2026-08-14,3,180,179,-6.5747737617503e-05
2026-08-14,4,180,180,-0.013702897672691495
2026-08-14,5,179,179,-0.009604490835260989
2026-08-17,1,181,181,-0.0692394272336173
2026-08-17,2,180,180,-0.03455657207088288
2026-08-17,3,181,179,-0.009307643709697437
2026-08-17,4,180,180,-0.0016675026611833116
2026-08-17,5,180,180,-0.017539798099254295
2026-08-18,1,181,181,-0.04777895396030125
2026-08-18,2,180,180,-0.039036159471400704
2026-08-18,3,180,178,-0.01815631575885382
2026-08-18,4,180,180,-0.013463124047418947
2026-08-18,5,180,180,-0.020426428352810777
