date,assets_total,factor_count,factor_coverage,valid_pairs,ic,rank_ic,factor_mean,factor_std,factor_min,factor_max
2023-01-03,1000,885,0.885,885,0.05284900015270617,0.06625083363604425,3.2114925910061026e-17,1.0000000000000007,-5.633392794564066,3.516206412856885
2023-01-04,1000,886,0.886,886,0.036126443461574134,0.06685965434581591,-2.4059009111515807e-17,1.0000000000000002,-4.858047222765679,3.6147775450084088
2023-01-05,1000,887,0.887,887,0.02817298949220521,0.06699297674542991,6.408502690057273e-17,0.9999999999999992,-5.623581022436121,3.513119397662443
2023-01-06,1000,887,0.887,886,0.019888538419838245,0.06342663783814007,-6.408502690057273e-17,1.0000000000000004,-5.625294539705108,3.525775895052158
2023-01-09,1000,886,0.886,886,0.014275710446829295,0.06098403184538262,3.207867881535441e-17,0.9999999999999999,-5.623245242455743,3.5311861264286786
2023-01-10,1000,886,0.886,886,0.00758769930555572,0.05347135863276389,5.613768792687022e-17,1.0000000000000002,-5.624393941966116,3.52543301585967
2023-01-11,1000,884,0.884,883,0.0035810399973242803,0.052158872086163495,-5.626469627059617e-17,0.9999999999999991,-5.624767859874187,3.522107853203107
2023-01-12,1000,883,0.883,883,0.015764767379383756,0.05197208272616513,-4.8281499598647804e-17,0.9999999999999994,-5.623876478547321,3.5253687117915002
2023-01-13,1000,883,0.883,883,0.020985383367881583,0.053923530452751375,7.242224939797171e-17,0.9999999999999999,-5.630099858838741,3.525256470198618
2023-01-16,1000,886,0.886,886,0.025185359898204307,0.05723499772553937,1.6039339407677204e-17,0.9999999999999998,-5.613085855102763,3.51810610266165
2023-01-17,1000,887,0.887,887,0.006879390853688618,0.04498655414100039,8.010628362571591e-17,1.0000000000000002,-5.614852312672744,3.526580565523678
2023-01-18,1000,890,0.89,890,0.009475685737015637,0.04414707130044345,-1.1177076742293711e-16,1.0000000000000004,-5.616636106476473,3.5250663603931103
2023-01-19,1000,888,0.888,888,0.004921302737637273,0.040653031648972125,-1.6003214769371626e-17,0.9999999999999999,-5.619632150957343,3.480959695158776
2023-01-20,1000,893,0.893,893,0.011143459414652704,0.04825570516610842,-1.0343847217112321e-16,1.0000000000000004,-5.614326321132265,3.4880334251058085
2023-01-30,1000,894,0.894,894,0.02187724624101837,0.042520164149081295,5.563533725190941e-17,1.0000000000000002,-5.6092913839349725,3.502235629956035
2023-01-31,1000,895,0.895,895,0.03304523658022566,0.0486296781710961,-7.939024980559779e-17,1.0000000000000002,-5.615776878502202,3.502799543417324
2023-02-01,1000,897,0.897,897,0.011067647869395379,0.03214339857774068,-4.752794219131105e-17,1.0000000000000002,-5.614799531690553,3.514531388948681
2023-02-02,1000,898,0.898,898,0.0040029688821399375,0.02070875875203125,2.3737507876172613e-17,0.9999999999999997,-5.607863628765336,3.505840632852376
2023-02-03,1000,900,0.9,899,0.011817413696965087,0.03141815011962904,3.157967714489334e-17,0.9999999999999999,-5.609714551118037,3.5031771384472528
2023-02-06,1000,899,0.899,898,0.0056229044384139655,0.03167879768143473,-1.5807402352838714e-17,0.9999999999999996,-5.608556485738368,3.499627900626979
2023-02-07,1000,900,0.9,899,0.01172759107758706,0.030375911044869815,1.578983857244667e-17,0.9999999999999994,-5.60984440457852,3.5040461238336396
2023-02-08,1000,900,0.9,899,0.011461358522352551,0.02927351775887287,7.894919286223336e-17,0.9999999999999994,-5.611068694203064,3.503906612419392
2023-02-09,1000,902,0.902,901,-0.004968743091894175,0.003642592245898759,7.089672529757097e-17,1.0,-5.608528881242755,3.5031144348310033
2023-02-10,1000,902,0.902,902,-0.0054417930288410046,-0.017782549668071076,-7.089672529757097e-17,0.9999999999999998,-5.611715517773323,3.498671761535702
2023-02-13,1000,901,0.901,901,-0.005934236673331747,-0.03382899815795534,-4.731694133807548e-17,0.9999999999999991,-5.613162762748624,3.4933353996213503
2023-02-14,1000,902,0.902,902,-0.009221584636897028,-0.047534505374748834,-3.9387069609761654e-17,1.0000000000000002,-5.609050709634144,3.493955833253609
2023-02-15,1000,903,0.903,903,0.002977997264596746,-0.03583784453827718,-3.9343451592475096e-17,0.9999999999999999,-5.824875600914238,3.4208259474932676
2023-02-16,1000,903,0.903,903,-0.005872466886607059,-0.03527225917551684,1.5737380636990037e-17,0.9999999999999998,-5.830604804739429,3.423653217527737
2023-02-17,1000,903,0.903,903,-0.024269832738101463,-0.052202021894975914,-7.868690318495018e-18,1.0000000000000002,-5.823461600641175,3.4179944354515217
2023-02-20,1000,907,0.907,907,-0.04534429064076196,-0.06720006103719708,1.3317780052835394e-16,1.0000000000000016,-5.827641398969088,3.429671239734143
2023-02-21,1000,911,0.911,911,-0.05401747330131666,-0.07312525391931109,-4.679754571416686e-17,1.0000000000000004,-5.8250128677349515,3.4380593284234537
2023-02-22,1000,910,0.91,910,-0.043737326129658756,-0.06495466426336535,-3.123264772571869e-17,1.0000000000000004,-5.82516310630855,3.4344360400089617
2023-02-23,1000,910,0.91,910,-0.04686377484693818,-0.07204577634095502,-9.369794317715607e-17,0.9999999999999997,-5.826405777168338,3.437559081103069
2023-02-24,1000,910,0.91,910,-0.05136089621801101,-0.07791525957290701,7.808161931429672e-18,1.0000000000000004,-5.830762460958093,3.439860167387293
2023-02-27,1000,905,0.905,905,-0.04005687174474243,-0.061878356902877615,3.140520379050167e-17,1.0,-5.850170080281,3.435564698901223
2023-02-28,1000,908,0.908,908,-0.04281613474120703,-0.06422440840386197,4.695216315595376e-17,0.9999999999999993,-5.829266418136634,3.433437112128818
2023-03-01,1000,911,0.911,911,-0.030806300036220605,-0.05057483952699925,-7.799590952361144e-17,0.9999999999999999,-5.829845735611928,3.433883757618534
2023-03-02,1000,911,0.911,911,-0.006892098918403204,-0.02766495781691666,6.239672761888915e-17,0.9999999999999989,-5.8291919455380805,3.4278347241559257
2023-03-03,1000,912,0.912,911,-0.011394733699412168,-0.019626344075141692,-7.791038769299344e-17,1.0000000000000002,-5.8262355378647195,3.4226088197248354
2023-03-06,1000,910,0.91,910,-0.02676001856594503,-0.06216553507977751,1.0150610510858574e-16,0.9999999999999999,-5.8385356889564415,3.4296015839156513
2023-03-07,1000,908,0.908,908,-0.006897055044278978,-0.05799584385401666,3.1301442103969174e-17,0.9999999999999999,-5.852708059032917,3.429142975317966
2023-03-08,1000,909,0.909,909,0.009310964355819728,-0.04317861297912443,-8.598426945391751e-17,1.0000000000000002,-5.819298929556835,3.4100967961241473
2023-03-09,1000,909,0.909,909,0.014150447590252203,-0.04996041145564623,9.380102122245547e-17,0.9999999999999999,-5.784842204630099,3.3655091769206043
2023-03-10,1000,904,0.904,904,0.0067620125493650885,-0.0418027720147605,3.929993007522678e-17,0.9999999999999996,-5.560789714360577,3.4346452337341753
2023-03-13,1000,903,0.903,903,0.004843148715712959,-0.0365844126043711,3.1474761273980073e-17,1.0000000000000004,-5.55449298672399,3.4367456410000656
2023-03-14,1000,903,0.903,903,-0.012169270510118778,-0.0493411878369766,5.508083222946513e-17,1.0000000000000007,-5.557283773363644,3.435671391365564
2023-03-15,1000,906,0.906,906,-0.013526484327054389,-0.0599799344178473,3.137054021015895e-17,0.9999999999999989,-5.554680541381745,3.4362722024569017
2023-03-16,1000,902,0.902,901,-0.01502962123896371,-0.06361727597817657,3.150965568780932e-17,1.0000000000000002,-4.843134957585467,3.5676872728517273
2023-03-17,1000,903,0.903,903,-0.003048769116213547,-0.05534149262358446,-7.868690318495019e-17,1.0000000000000007,-4.84766996004131,3.561967489388105
2023-03-20,1000,902,0.902,902,0.03597486499508172,-0.02474777887625675,-1.2603862275123728e-16,1.0000000000000002,-5.8082096878701694,3.3334090943187427
2023-03-21,1000,903,0.903,903,0.0379423684804613,-0.03774935130511495,-5.508083222946513e-17,1.000000000000001,-5.801444444471351,3.319511398785524
2023-03-22,1000,904,0.904,904,0.03636820575143331,-0.03756486227979668,7.859986015045356e-18,1.000000000000001,-5.743994189757267,3.3110565385374233
2023-03-23,1000,902,0.902,902,0.042946161591301706,-0.042385643558892384,1.575482784390466e-17,0.9999999999999994,-5.783653608306074,3.3187206947001915
2023-03-24,1000,905,0.905,905,0.04297507763718394,-0.04514211896658726,-7.851300947625417e-18,1.0000000000000002,-5.749694358362229,3.3202070277194493
2023-03-27,1000,899,0.899,899,0.019789243598339088,-0.05056432496660607,2.3711103529258072e-17,1.0000000000000018,-5.768940509418142,3.315640272142764
2023-03-28,1000,898,0.898,895,-0.005926665006576652,-0.04778756018222212,-2.3737507876172613e-17,0.9999999999999992,-5.76821369306681,3.322200768376187
2023-03-29,1000,893,0.893,891,-0.0018955081932161757,-0.07161587497781668,4.774083330974917e-17,0.9999999999999999,-5.677499097402217,3.631871726741223
2023-03-30,1000,891,0.891,889,-0.030999778459625826,-0.08979049633980213,-3.189866378272055e-17,0.9999999999999996,-5.674396245249612,3.619478836299037
2023-03-31,1000,890,0.89,889,-0.031477097119597765,-0.09131882163378224,-3.592631810022978e-17,1.0000000000000002,-5.644031770814834,3.73816909349367
2023-04-03,1000,892,0.892,891,-0.02101799608803625,-0.07024656099721745,1.5931451474441708e-17,0.9999999999999996,-5.353760009578281,4.144454971907691
2023-04-04,1000,893,0.893,892,-0.0352954067943921,-0.07826900391037807,4.774083330974917e-17,1.0000000000000002,-5.546688944063165,4.258010620005975
2023-04-06,1000,893,0.893,891,-0.019440042194180614,-0.07688315647058226,-3.978402775812431e-17,0.9999999999999993,-5.544587548682048,4.258590614429732
2023-04-07,1000,893,0.893,891,-0.020877407286041753,-0.06372212068790896,-2.784881943068702e-17,0.9999999999999994,-5.542722607002116,4.259427264136676
2023-04-10,1000,891,0.891,889,-0.009986297813780555,-0.04391458925211025,-7.974665945680137e-18,0.9999999999999996,-5.542223112272314,4.26491855359231
2023-04-11,1000,893,0.893,891,5.46058164637518e-05,-0.03154105390311734,6.763284718881133e-17,1.0,-5.544356406357103,4.266141878037452
2023-04-12,1000,897,0.897,896,0.04374703829682515,-0.0012959532789524756,-7.129191328696658e-17,0.9999999999999994,-5.58045486986339,4.247815985838109
2023-04-13,1000,898,0.898,897,0.05342631222362917,0.003518363137955943,2.7693759188868048e-17,1.0000000000000004,-5.397802626040174,4.134514019383248
2023-04-14,1000,898,0.898,896,0.019928023226275418,-0.01396700599984371,-7.121252362851784e-17,1.0000000000000002,-5.396294875187881,4.129759358412785
2023-04-17,1000,898,0.898,897,0.017169602430117604,-0.004168349144328247,-2.3737507876172613e-17,1.0,-5.588828122590876,4.233591504914053
2023-04-18,1000,898,0.898,897,-0.007128288122115762,-0.016942296730555865,9.890628281738589e-17,0.9999999999999989,-5.575527649254111,4.218113868820955
2023-04-19,1000,896,0.896,895,-0.00834775198935792,-0.020174116101518192,3.568574007723718e-17,0.9999999999999996,-5.516329546121367,4.29207257150455
2023-04-20,1000,897,0.897,897,0.006873612601059002,0.0009932255919304167,-5.148860404058697e-17,0.9999999999999988,-5.512949614907238,4.2948390404811265
2023-04-21,1000,893,0.893,893,0.005134746678052534,0.0002996456793475779,-3.978402775812431e-17,1.0,-4.777746596860499,4.374950049391664
2023-04-24,1000,893,0.893,893,0.012376953647658584,0.0016169611534165675,-5.967604163718646e-18,0.9999999999999997,-4.770709224340399,4.357352287186007
2023-04-25,1000,893,0.893,893,0.007360809875260181,-0.0007200292561490639,1.0343847217112321e-16,1.0000000000000004,-4.759201395701939,4.338851887977681
2023-04-26,1000,894,0.894,892,0.020571801011300697,0.016658314773916147,-1.1921857982552016e-17,1.0,-5.450521469913534,4.342968068353293
2023-04-27,1000,893,0.893,892,0.018222851807490354,0.014282628127138576,-4.774083330974917e-17,1.0000000000000002,-5.4424812499279325,4.352423742556361
2023-04-28,1000,896,0.896,895,0.02804222641023542,0.02362065212879684,-7.930164461608261e-17,1.0000000000000004,-4.752278401797073,4.3934275152189946
2023-05-04,1000,899,0.899,899,0.04483746471552099,0.045295449869572985,3.161480470567743e-17,1.0,-5.025042947214959,4.523518799180477
2023-05-05,1000,899,0.899,899,0.08354966706697588,0.0680462193019143,7.903701176419357e-17,0.9999999999999996,-5.027527651138572,4.529747817697972
2023-05-08,1000,902,0.902,902,0.08342803642298932,0.0923693948398979,-3.150965568780932e-17,0.9999999999999987,-5.024546860073071,4.518428744491323
2023-05-09,1000,901,0.901,900,0.08024297541511896,0.09103292084378957,-2.7601549113877367e-17,1.0,-5.018331291176502,4.514329116048051
2023-05-10,1000,901,0.901,900,0.06770815144131458,0.0789477685731619,-6.900387278469341e-17,0.9999999999999999,-5.018854934080848,4.515943942852074
2023-05-11,1000,902,0.902,901,0.04578294938507093,0.03538586157264469,1.0043702750489221e-16,1.0000000000000002,-5.039293102751978,4.524711046754295
2023-05-12,1000,900,0.9,899,0.05119689614121994,0.05053282911116831,6.710681393289835e-17,1.0000000000000004,-5.036679246833957,4.5258933461312925
2023-05-15,1000,901,0.901,900,0.00039998397131029415,0.04223361940229729,1.5772313779358495e-17,1.0,-5.037777833007091,4.525429565798331
2023-05-16,1000,899,0.899,898,-0.011791932521751251,0.026009918987890863,-9.089256352882261e-17,1.0000000000000004,-5.032696496684514,4.522145320010522
2023-05-17,1000,898,0.898,896,-0.003440033662287499,0.02936899601491537,5.934376969043153e-18,0.9999999999999997,-5.084366473799259,4.523714405524463
2023-05-18,1000,897,0.897,895,0.02467967883672063,0.04759983836778039,2.3763971095655524e-17,0.9999999999999997,-5.077840505472145,4.52333981192691
2023-05-19,1000,894,0.894,893,0.013212219178187906,0.04047468041992389,1.1921857982552016e-17,1.0000000000000007,-5.104812533924723,4.53984205570123
2023-05-22,1000,893,0.893,892,0.0020337413405564575,0.027479528325670976,1.5913611103249724e-17,0.999999999999999,-5.125414771663291,4.559477889900744
2023-05-23,1000,890,0.89,890,0.0009109134630198188,0.023877412088374097,-3.592631810022978e-17,0.9999999999999999,-5.1314731198425605,4.552684603046885
2023-05-24,1000,890,0.89,890,-0.010826184809673142,-0.005387597123546365,-7.384854276158345e-17,0.9999999999999991,-5.127227919926206,4.552190616863728
2023-05-25,1000,890,0.89,890,-0.01034599003952702,-0.011551679975992105,7.78403558838312e-17,0.9999999999999997,-5.131568067013894,4.551759838569172
2023-05-26,1000,891,0.891,891,-0.015063349994298507,-0.019451736716159556,4.386066270124075e-17,0.9999999999999987,-5.12435085355456,4.548419822730448
2023-05-29,1000,889,0.889,889,-0.00884481546098282,-0.0002083534747527775,1.0390388711902478e-16,0.9999999999999999,-5.1522098014015025,4.58413773500501
2023-05-30,1000,888,0.888,888,0.0008476557019630462,-0.0050280896955676785,-4.0008036923429064e-18,0.9999999999999997,-5.161994785016179,4.59150208702536
2023-05-31,1000,886,0.886,886,0.018452094316513058,0.02604092157018958,1.2029504555757904e-17,0.9999999999999999,-5.167424867303853,4.599849275720706
2023-06-01,1000,887,0.887,886,-0.008289998434806841,-0.001295040726778396,4.005314181285796e-18,1.0000000000000002,-5.169816576563832,4.594793750703597
2023-06-02,1000,887,0.887,886,-0.028352421058126808,-0.009569591266837407,-2.0026570906428978e-17,1.0000000000000002,-5.146005800192399,4.573333122484023
2023-06-05,1000,885,0.885,884,-0.034951155216409645,-0.015660364117193223,-5.017957173447035e-17,1.0000000000000007,-5.172414069002792,4.591685429076955
2023-06-06,1000,883,0.883,883,-0.061333061260660314,-0.034235266912346296,-2.816420809921122e-17,0.9999999999999999,-5.175466747811246,4.652627596957449
2023-06-07,1000,882,0.882,881,-0.06102944783767948,-0.0465818609241781,5.639228061588096e-17,0.9999999999999999,-5.169106581155385,4.649026627612592
2023-06-08,1000,883,0.883,883,-0.043820734106856656,-0.026929586661988764,-4.8281499598647804e-17,1.0000000000000002,-5.14154248610998,4.626457327735471
2023-06-09,1000,881,0.881,881,-0.05360630193429187,-0.03857971862697842,1.2097776431783771e-17,0.9999999999999994,-5.173048541344923,4.6572086627378
2023-06-12,1000,882,0.882,882,-0.03823590952295208,-0.038532549317552726,-8.25744109018257e-17,0.9999999999999991,-5.196657873731941,4.679328600471817
2023-06-13,1000,884,0.884,884,-0.03315501401418699,-0.03220427503813111,-2.813234813529808e-17,1.0000000000000009,-5.166913248369954,4.657875577798747
2023-06-14,1000,881,0.881,881,-0.014117039420859548,-0.0354795799923647,1.2097776431783771e-17,1.0000000000000004,-5.201749859070594,4.686617075254467
2023-06-15,1000,882,0.882,882,-0.06207628637322354,-0.07173078468034029,3.0210150329936235e-17,0.9999999999999996,-5.194011732397403,4.6793042262682025
2023-06-16,1000,884,0.884,884,-0.07634484064436273,-0.0839498940924399,-3.817961532647597e-17,1.0000000000000002,-5.190288800590881,4.678729613437003
2023-06-19,1000,884,0.884,884,-0.07517491957713658,-0.08071622888484524,-8.03781375294231e-18,0.9999999999999999,-5.187162254363766,4.677248371597623
2023-06-20,1000,884,0.884,884,-0.07791538210464345,-0.08786500656346158,3.6170161888240395e-17,1.0000000000000007,-5.18898860922754,4.678569900639116
2023-06-21,1000,886,0.886,886,-0.0906898139833038,-0.08992024894926434,-3.408359624131406e-17,0.9999999999999999,-5.143611090112753,4.652920957149201
2023-06-26,1000,887,0.887,887,-0.10422808353519881,-0.08713555595547157,-7.209565526314432e-17,1.0000000000000007,-5.091912022673402,4.602861090682645
2023-06-27,1000,890,0.89,890,-0.06836666585156359,-0.05467455872301423,2.1954972172362646e-17,1.0,-5.083300956771656,4.536514276030249
2023-06-28,1000,888,0.888,888,-0.0576681888032082,-0.041691843531949574,2.400482215405744e-17,0.9999999999999993,-5.080132501617906,4.575628622048202
2023-06-29,1000,888,0.888,888,-0.0815429061265939,-0.05963534746804108,-1.3802772738583027e-16,1.0000000000000009,-5.0819568122603345,4.571467627143021
2023-06-30,1000,892,0.892,892,-0.07835162997034856,-0.06719245403309926,-2.788004008027299e-17,1.0,-5.0819257439972025,4.575718973436763
2023-07-03,1000,893,0.893,892,-0.05794013871570058,-0.04896351955198251,2.9838020818593233e-17,1.0000000000000004,-5.044371058091486,4.575242153888745
2023-07-04,1000,892,0.892,892,-0.06937443023090015,-0.07651929902539013,-4.3811491554714695e-17,0.9999999999999992,-5.067184160813913,4.55243398573525
2023-07-05,1000,871,0.871,871,-0.06907668032196808,-0.0557192831481999,0.0,1.0000000000000004,-5.145937119259321,4.615876648141251
2023-07-06,1000,870,0.87,870,-0.030664807446299375,-0.04285795743310313,0.0,1.0000000000000016,-5.105503010193617,4.623256071063701
2023-07-07,1000,872,0.872,872,-0.031432270999679476,-0.03155257223476567,-8.555847162248913e-17,0.9999999999999996,-5.099165229123028,4.6746921540184205
2023-07-10,1000,871,0.871,871,-0.05310889758817209,-0.04408529889878162,5.3025577295529864e-17,1.0000000000000004,-5.093442875302314,4.673586492247992
2023-07-11,1000,871,0.871,871,-0.03929224914809241,-0.05340177716203656,2.447334336716763e-17,1.0,-5.100793021660535,4.6716230449517
2023-07-12,1000,868,0.868,868,-0.05471869833947529,-0.061800517001720734,0.0,1.0,-5.097532706396548,4.670728210109042
2023-07-13,1000,870,0.87,870,-0.06632341179948702,-0.07019849091761188,1.0208947352875003e-16,0.9999999999999997,-5.091688409182684,4.672343570696166
2023-07-14,1000,868,0.868,868,-0.06618328143680538,-0.059342970875405916,3.2743904873737336e-17,1.0000000000000002,-5.094655467819556,4.672939391231247
2023-07-17,1000,869,0.869,869,-0.0634563407503137,-0.05413209174060646,8.585384033925261e-17,0.9999999999999999,-5.131121381913071,4.670887966764729
2023-07-18,1000,869,0.869,869,-0.050486378468853635,-0.048683534142942665,-4.4971059225322796e-17,0.9999999999999999,-5.124774704570815,4.664887268471166
2023-07-19,1000,868,0.868,868,-0.0410253588547194,-0.04531618363449056,6.958079785669183e-17,0.999999999999999,-5.123195879726289,4.657791602625497
2023-07-20,1000,867,0.867,867,-0.03571616890991364,-0.03873082362064493,1.6390835888352946e-17,1.0000000000000007,-5.094809349044045,4.727092725680049
2023-07-21,1000,869,0.869,869,-0.011923517534830034,-0.005006073839255406,3.679450300253683e-17,0.9999999999999993,-5.089555636221374,4.7300749272775
2023-07-24,1000,869,0.869,869,-0.005523490942838004,-0.008494370266729926,-4.4971059225322796e-17,0.9999999999999999,-5.09082630265666,4.732757162281137
2023-07-25,1000,873,0.873,873,-0.04021867119740829,-0.055883154387422924,-5.2904098309744e-17,0.9999999999999998,-5.097694231534944,4.742633361577126
2023-07-26,1000,881,0.881,881,-0.04395346193379286,-0.05231666159637502,6.048888215891886e-17,1.0000000000000009,-5.048454852035646,4.720641826908356
2023-07-27,1000,882,0.882,882,-0.021708420295924333,-0.008791148692860018,-4.833624052789797e-17,1.0,-5.052398925273438,4.723493785111921
2023-07-28,1000,884,0.884,884,-0.006830648840126295,-0.012046656376312246,-5.224578939412501e-17,0.9999999999999997,-5.046879743378279,4.716664593926071
2023-07-31,1000,886,0.886,885,-0.02073164190448712,-0.013186296522592261,4.0098348519193014e-17,0.9999999999999997,-5.049884412756118,4.723800650868141
2023-08-01,1000,885,0.885,884,-0.003880065337920066,0.034580933715018955,4.014365738757628e-17,0.9999999999999999,-5.029003154942248,4.703611338420359
2023-08-02,1000,888,0.888,887,0.02520379208301902,0.027793561673442237,-5.201044800045778e-17,1.0000000000000004,-5.033175264814437,4.705316552565128
2023-08-03,1000,888,0.888,887,0.014788075633879934,0.0333830124105526,-1.0402089600091557e-16,0.9999999999999994,-5.029481825776009,4.706651786518311
2023-08-04,1000,891,0.891,890,0.01757630978724604,0.014257671305066284,7.775299297038134e-17,1.0000000000000007,-5.023033283019448,4.705693305166203
2023-08-07,1000,891,0.891,890,0.01062605048816742,0.015916329147838876,-2.1930331350620375e-17,0.9999999999999999,-5.0521783745967745,4.705700247793017
2023-08-08,1000,891,0.891,890,-0.002306268987138919,0.000576119726276959,5.980999459260102e-17,1.0,-5.016112738101367,4.703074434619486
2023-08-09,1000,893,0.893,892,0.002108935566957719,0.012601929133364394,1.5913611103249724e-17,1.0000000000000004,-5.016818627106975,4.70785091260413
2023-08-10,1000,893,0.893,892,0.00020247077398823462,0.009364853123878995,6.962204857671754e-17,0.9999999999999994,-5.044378940935585,4.640354981453008
2023-08-11,1000,888,0.888,887,-0.025250678595211355,-0.003039346454363623,4.0008036923429064e-18,1.0000000000000002,-5.052647682802138,4.642870928147362
2023-08-14,1000,889,0.889,889,-0.020231144145118653,0.002444682765028508,5.195194355951239e-17,0.9999999999999994,-5.0518987752826,4.642505701370607
2023-08-15,1000,885,0.885,885,-0.006897638875462584,0.0002725805597172524,1.0437350920769833e-16,1.0000000000000002,-5.126878978604904,4.706572443172187
2023-08-16,1000,886,0.886,886,-0.005036635903231521,-0.0003960313717544743,-1.0425570614990184e-16,0.9999999999999989,-5.1002413160662075,4.686515516317334
2023-08-17,1000,888,0.888,888,-0.02126155939329482,-0.024829920345350597,2.000401846171453e-17,0.9999999999999998,-5.0473394394195505,4.638980326400675
2023-08-18,1000,886,0.886,886,-0.034455209113148824,-0.032269639618858724,-1.1227537585374044e-16,0.9999999999999991,-5.115309685115337,4.646574486175416
2023-08-21,1000,886,0.886,886,-0.028533436652413393,-0.014526076725693551,-3.608851366727371e-17,1.0000000000000004,-5.113596906979249,4.643267075824482
2023-08-22,1000,885,0.885,885,-0.00044361948964899076,0.002065673597707206,3.2114925910061026e-17,0.9999999999999993,-5.117561747786954,4.6443446427837864
2023-08-23,1000,885,0.885,885,-0.014657873217918723,0.0032285859525143503,2.8100560171303396e-17,1.0000000000000004,-5.115162476302217,4.6415447408397235
2023-08-24,1000,886,0.886,886,-0.02693996062290662,-0.011411296643638378,-8.019669703838602e-18,0.9999999999999984,-5.114278981159072,4.639148390674379
2023-08-25,1000,883,0.883,883,-0.017193757808569667,0.01714193723150031,3.218766639909854e-17,1.0,-4.8346461569434265,4.785988657570814
2023-08-28,1000,886,0.886,885,0.010559602760254005,0.05031220921598189,-6.014752277878952e-17,0.9999999999999997,-5.115011564467901,4.69041402015237
2023-08-29,1000,888,0.888,888,0.012214934945095643,0.021993935204851135,-1.0802169969325848e-16,0.9999999999999994,-5.0925587972272846,4.619696385872515
2023-08-30,1000,888,0.888,888,0.009982035055900187,0.027301965141461423,4.0008036923429064e-18,0.9999999999999996,-5.066352202042821,4.58377578339219
2023-08-31,1000,886,0.886,886,-0.025568441039798235,0.01801044755495627,2.4059009111515807e-17,0.9999999999999992,-5.063512303330897,4.632430875236008
2023-09-01,1000,884,0.884,884,-0.03289232071357955,0.01789227820435192,5.0236335955889436e-17,0.9999999999999997,-5.106415813395229,4.681918217441257
2023-09-04,1000,887,0.887,887,-0.030034262297640144,0.030183999417903118,5.2069084356715344e-17,1.0,-5.099021097380597,4.620667846065915
2023-09-05,1000,888,0.888,888,-0.05451298370787446,0.02975047529075062,8.401687753920104e-17,1.0000000000000002,-5.059019656625205,4.5761678204465825
2023-09-06,1000,890,0.89,890,-0.057067427833180126,0.018425677589218474,3.991813122247754e-17,0.9999999999999998,-5.057847040204609,4.572525210066037
2023-09-07,1000,888,0.888,888,-0.06433625550729427,0.012060703433869809,-1.1602330707794429e-16,1.0,-5.063411758732387,4.6247832488345635
2023-09-08,1000,887,0.887,887,-0.07591179721517331,-0.0024701893148211117,4.005314181285796e-18,1.0000000000000004,-5.088065395914239,4.62619581266293
2023-09-11,1000,888,0.888,888,-0.06593436133915005,-0.012738224225019737,-4.0008036923429064e-18,1.000000000000001,-5.108750400811708,4.576307573175996
2023-09-12,1000,888,0.888,888,-0.08026424952980143,-0.030531335238352112,6.00120553851436e-17,0.9999999999999987,-5.109578272318385,4.575473896737092
2023-09-13,1000,887,0.887,887,-0.07552135754894335,-0.03755229943317086,7.209565526314432e-17,0.9999999999999999,-5.092604210583099,4.626936116014165
2023-09-14,1000,888,0.888,888,-0.044235986168569996,-0.028201046029480387,-4.800964430811488e-17,1.0000000000000009,-5.060442235874102,4.603385720067528
2023-09-15,1000,888,0.888,888,-0.05128434844856782,-0.027624905387535065,1.200241107702872e-17,1.0000000000000002,-5.071792363418929,4.62109974677271
2023-09-18,1000,888,0.888,888,-0.05401677356092844,-0.04843336470448254,4.000803692342906e-17,1.0000000000000004,-5.070124953700571,4.616138499023854
2023-09-19,1000,888,0.888,888,-0.06858712915820753,-0.06211155317686126,2.800562584640034e-17,1.0,-5.080401217051774,4.617480576797468
2023-09-20,1000,888,0.888,888,-0.08119364710319334,-0.070626133872021,-4.800964430811488e-17,0.9999999999999996,-5.0814604836619965,4.61439220256838
2023-09-21,1000,888,0.888,888,-0.07154381415868215,-0.05423448040336202,-6.00120553851436e-17,0.9999999999999999,-5.0865289299576055,4.61328042950016
2023-09-22,1000,887,0.887,887,-0.07182528985509,-0.043382728748041416,2.4031885087714774e-17,0.999999999999999,-5.084746215651485,4.616780797030699
2023-09-25,1000,886,0.886,886,-0.09113702958106085,-0.07062996524642944,-4.8118018223031614e-17,1.0000000000000002,-5.0855733541602275,4.61831787715148
2023-09-26,1000,886,0.886,886,-0.09616026548686142,-0.07603691586426588,3.207867881535441e-17,0.9999999999999996,-5.080398731127655,4.6213332248999395
2023-09-27,1000,884,0.884,884,-0.11434611777842656,-0.09678631122802994,-6.430251002353848e-17,0.9999999999999999,-5.070851525562184,4.6224457402272305
2023-09-28,1000,884,0.884,884,-0.11281165053962704,-0.0820883978116124,4.018906876471155e-18,0.9999999999999996,-5.071955833764905,4.620683905426577
2023-10-09,1000,884,0.884,884,-0.09621046200080474,-0.052490268772436365,-1.0047267191177887e-16,0.9999999999999997,-5.075581263616129,4.618485947511303
2023-10-10,1000,883,0.883,883,-0.10102812936640665,-0.0608114450073187,6.035187449830975e-17,1.0000000000000002,-5.0718462371185495,4.621780767680286
2023-10-11,1000,883,0.883,883,-0.08380767533899622,-0.03564293666431134,-3.6211124698985853e-17,1.0000000000000002,-5.074488996394625,4.621461252895747
2023-10-12,1000,883,0.883,883,-0.08258360693881414,-0.028462330632441683,-1.4886795709583073e-16,0.9999999999999992,-5.031747918906316,4.623519706309682
2023-10-13,1000,884,0.884,884,-0.053587053643190004,-0.0029770437107378873,-5.626469627059617e-17,0.9999999999999997,-5.077747909839701,4.617708872461762
2023-10-16,1000,883,0.883,883,-0.027122091423780526,0.00766448262659375,8.046916599774635e-18,1.0,-5.043762457384123,4.611949354500169
2023-10-17,1000,885,0.885,885,-0.0422561602760718,0.00796606602886828,4.014365738757628e-17,1.0,-5.077677255798893,4.610338086874399
2023-10-18,1000,886,0.886,885,-0.00534345128909039,0.020127705181588875,-7.217702733454742e-17,1.0000000000000002,-5.0809888286507885,4.6066752690132455
2023-10-19,1000,884,0.884,883,-0.04615246882572607,-0.0015510169178758692,0.0,0.9999999999999989,-5.089661211994909,4.629555510737005
2023-10-20,1000,884,0.884,883,-0.05305871652593023,0.0029547677952640253,1.0851048566472118e-16,1.0000000000000004,-5.092131862475129,4.617086201779556
2023-10-23,1000,880,0.88,880,-0.05448199571552617,0.012128957183668873,-1.049665405100148e-16,1.0,-5.134067101730939,4.646445149774796
2023-10-24,1000,882,0.882,882,-0.06812644102995709,0.008872309785599709,1.611208017596599e-17,1.0000000000000002,-5.106230040683177,4.628671079092927
2023-10-25,1000,886,0.886,886,-0.050485929384471,0.04414518297633633,3.608851366727371e-17,1.0000000000000004,-5.0733635757827225,4.595497106337534
2023-10-26,1000,885,0.885,885,-0.03690352280350108,0.07750353952164388,-2.4086194432545768e-17,0.9999999999999999,-5.068408281900426,4.597265137489773
2023-10-27,1000,888,0.888,888,-0.041630551247131484,0.04725866829647224,-5.201044800045778e-17,1.0000000000000002,-5.057805480845361,4.590647746762071
2023-10-30,1000,887,0.887,887,-0.06743488137684238,0.029311946353775768,-8.81169119882875e-17,0.9999999999999999,-5.041930953406236,4.587888346761628
2023-10-31,1000,889,0.889,889,-0.04264672486608629,0.037555040203674124,-3.9963033507317225e-18,1.0000000000000009,-5.038594031537144,4.586653476638537
2023-11-01,1000,889,0.889,888,-0.046433690425883974,0.04745798531780476,4.3959336858048944e-17,1.0000000000000002,-5.049611576801205,4.587231964863546
2023-11-02,1000,890,0.89,889,-0.04981222639797601,0.05548987706578689,-3.991813122247754e-17,0.9999999999999992,-5.066024890301792,4.5849607710019455
2023-11-03,1000,888,0.888,886,-0.06540176250512274,0.03452724387212458,4.000803692342906e-17,1.0000000000000004,-5.068158901248047,4.594723749329393
2023-11-06,1000,888,0.888,886,-0.07825147924955005,-0.0007554245885695711,5.601125169280069e-17,0.9999999999999998,-5.056297572767273,4.587392347927501
2023-11-07,1000,889,0.889,887,-0.051134473853661586,0.009410271966657538,-8.392237036536616e-17,0.9999999999999994,-5.05015022573696,4.584420624379328
2023-11-08,1000,889,0.889,887,-0.026893967511925625,-0.001447751057022453,3.9963033507317225e-18,1.0,-5.050417505774933,4.581140055762091
2023-11-09,1000,888,0.888,887,-0.0488929304745063,0.010980829734672832,-4.800964430811488e-17,1.0000000000000004,-5.055732448265783,4.596639454617865
2023-11-10,1000,887,0.887,886,-0.04789581165693757,0.002616557170557798,5.607439853800114e-17,0.9999999999999997,-5.058382163153184,4.595115589740604
2023-11-13,1000,888,0.888,887,-0.05315742892366913,0.044187886773920666,-2.800562584640034e-17,0.9999999999999994,-5.055371807076163,4.580926410428284
2023-11-14,1000,889,0.889,889,-0.046214707150669734,0.038746303905417875,-7.992606701463444e-17,0.9999999999999999,-5.052763919796917,4.530795388708693
2023-11-15,1000,891,0.891,890,-0.06476033177088993,0.028365061910524132,-1.9936664864200344e-18,0.9999999999999999,-5.048870521833029,4.533114351881524
2023-11-16,1000,890,0.89,890,-0.049815939720848475,0.04667233940638252,5.98771968337163e-17,1.0,-5.048745813421657,4.533331368010202
2023-11-17,1000,890,0.89,889,-0.05730721169623142,0.05622307290925042,9.779942149506997e-17,0.9999999999999998,-5.05050636054095,4.533922948763854
2023-11-20,1000,888,0.888,887,-0.03917328463992824,0.05302656421472538,-2.400482215405744e-17,1.0000000000000007,-5.060253493403464,4.585996681920526
2023-11-21,1000,890,0.89,889,-0.01027541513844151,0.0678191722615733,-2.3950878733486524e-17,1.0,-5.0569352156191325,4.582441004630914
2023-11-22,1000,890,0.89,890,0.02081114869266525,0.0732329784307249,-7.983626244495507e-17,1.0000000000000004,-5.053902591162928,4.581490400119148
2023-11-23,1000,890,0.89,890,0.005835689349218624,0.061297932808532324,-6.386900995596407e-17,0.9999999999999994,-5.076333988041513,4.579309333427968
2023-11-24,1000,890,0.89,890,0.007831651143168411,0.04136533260115872,-1.0777895430068935e-16,0.9999999999999988,-5.071314955319674,4.577710904407055
2023-11-27,1000,889,0.889,889,0.01816961194437767,0.06162502991590673,-5.195194355951239e-17,1.0000000000000007,-5.064538746571521,4.576797545758718
2023-11-28,1000,890,0.89,890,0.004693668177049119,0.05450909545397735,-8.781988868945058e-17,0.9999999999999996,-5.067976752503977,4.577133504085026
2023-11-29,1000,890,0.89,889,0.0026220527736448666,0.044753400473997736,-1.995906561123877e-17,0.9999999999999991,-5.06378794345458,4.574291204266521
2023-11-30,1000,888,0.888,888,0.07236969731555386,0.0637094485082772,1.360273255396588e-16,1.0000000000000004,-5.132089581568648,4.630854364652342
2023-12-01,1000,889,0.889,888,0.10865703647716962,0.08646197251959346,2.3977820104390332e-17,1.000000000000001,-5.118893947176631,4.618456344336063
2023-12-04,1000,889,0.889,889,0.12824862284733665,0.09688614968717231,4.7955640208780663e-17,1.0,-5.108451911911167,4.561461520279174
2023-12-05,1000,889,0.889,888,0.12307628526132697,0.0980723801042005,-1.598521340292689e-17,1.0000000000000013,-5.3445704323900305,4.470413184881552
2023-12-06,1000,888,0.888,888,0.08155378188741784,0.06164615258794502,7.601527015451522e-17,1.0000000000000002,-5.358541226127135,4.479413138434245
2023-12-07,1000,888,0.888,888,0.08840932652333315,0.04057786631831295,0.0,1.0000000000000007,-5.33453659913294,4.476226633485284
2023-12-08,1000,885,0.885,885,0.0744571325461121,0.035571323652751695,-8.430168051391019e-17,1.0000000000000004,-5.1085809474308554,4.582437983986499
2023-12-11,1000,885,0.885,885,0.07732959408774796,0.026279249359289047,0.0,1.0,-5.106918710200338,4.582272748757132
2023-12-12,1000,886,0.886,886,0.09496088243253953,0.035462425143158165,5.613768792687022e-17,1.0000000000000007,-5.096157696139324,4.57626846594717
2023-12-13,1000,886,0.886,885,0.12145242184941472,0.05053085340546458,-3.608851366727371e-17,1.0000000000000002,-5.093787912565516,4.571680311633977
2023-12-14,1000,886,0.886,886,0.13435315514464702,0.038387710648838745,-7.618686218646672e-17,0.9999999999999992,-5.090123870985313,4.569751576609911
2023-12-15,1000,887,0.887,886,0.12117659762533081,0.02796863618463577,2.0026570906428978e-17,1.0000000000000007,-5.330951949297498,4.478028183226641
2023-12-18,1000,882,0.882,882,0.1008183295376653,0.02037190967723351,4.4308220483906476e-17,1.000000000000001,-5.134139583111216,4.6301957822040585
2023-12-19,1000,882,0.882,882,0.0756465305493156,0.022287135278340708,5.236426057188947e-17,1.0000000000000002,-5.133248682283352,4.628037857629751
2023-12-20,1000,879,0.879,879,0.08833548973801636,0.02299900894163891,4.041767552674062e-18,0.9999999999999992,-5.147084304867437,4.657948974574557
2023-12-21,1000,880,0.88,880,0.09959960961274134,0.03535833199516217,-7.670631806501082e-17,0.9999999999999994,-5.143742014648106,4.6520731128286075
2023-12-22,1000,881,0.881,881,0.07510682160755264,0.02718757930945282,1.6130368575711695e-17,1.0000000000000009,-5.110819752266247,4.647029272077722
2023-12-25,1000,880,0.88,880,0.08168024278963061,0.03200684439279031,-2.4223047810003414e-17,0.9999999999999999,-5.09529302226991,4.647481684768713
2023-12-26,1000,876,0.876,876,0.040989491379193776,0.0011128223601310388,-2.4333655334250005e-17,0.9999999999999997,-5.084800375562444,4.65003715811222
2023-12-27,1000,878,0.878,878,0.03922822087001385,-0.005853117473227932,-1.820866919658571e-17,0.9999999999999992,-5.096031095942224,4.651361127979701
2023-12-28,1000,883,0.883,883,-0.012591126081533777,-0.050882172981869214,-8.046916599774635e-18,0.9999999999999993,-5.13531428973255,4.657450655357876
2023-12-29,1000,882,0.882,881,-0.0250101962755687,-0.05961416116685058,-6.847634074785546e-17,0.9999999999999998,-5.143869540400594,4.663657197084593
2024-01-02,1000,883,0.883,882,-0.020978784960675272,-0.06516897253352465,-1.2070374899661951e-17,1.0000000000000004,-5.101235294456133,4.638459173973408
2024-01-03,1000,883,0.883,882,-0.006039961906442362,-0.03796223626022459,4.023458299887317e-18,0.9999999999999996,-5.112230570912165,4.652851180005841
2024-01-04,1000,881,0.881,879,0.016539267189737143,-0.026129490921633584,-2.016296071963962e-17,1.0000000000000004,-5.115854645464656,4.651521090876185
2024-01-05,1000,880,0.88,878,0.01610353137140687,-0.020169959583134486,-1.2111523905001707e-17,0.9999999999999992,-5.145953914902645,4.653827877204634
2024-01-08,1000,879,0.879,879,0.05349076682733908,0.01864262927480436,1.818795398703328e-17,0.9999999999999997,-5.144843739903892,4.6521875563231845
2024-01-09,1000,877,0.877,877,0.07255530176624865,0.014587499060561702,1.8229431647208956e-17,0.9999999999999997,-5.131666142288335,4.663076091328641
2024-01-10,1000,877,0.877,877,0.08804877341647079,0.007066116470512631,1.2152954431472638e-17,0.9999999999999999,-5.129762430512052,4.669103232575983
2024-01-11,1000,881,0.881,880,0.08110381080266545,-0.001757709154814422,1.371081328935494e-16,0.9999999999999999,-5.1408486004849,4.672355308950988
2024-01-12,1000,879,0.879,879,0.061504807572030654,-0.004685773988192904,-1.4146186434359218e-17,1.0,-5.136693117926917,4.67263143415878
2024-01-15,1000,879,0.879,879,0.05701875079675804,-0.0030016672856899413,-1.4146186434359218e-17,0.9999999999999999,-5.132760804990608,4.658968451861188
2024-01-16,1000,877,0.877,877,0.07198341083502047,-0.0031481697682925877,-7.089223418359038e-17,0.9999999999999992,-5.152181419936407,4.678135544819892
2024-01-17,1000,874,0.874,874,0.059575513888639305,-0.011446393020794771,4.064889792677919e-18,1.0000000000000009,-5.128089368378535,4.693418869158313
2024-01-18,1000,875,0.875,875,0.03882576800716902,-0.022404010837458015,-6.699402937166659e-17,1.0000000000000002,-5.128357409989694,4.704669870043745
2024-01-19,1000,873,0.873,873,0.028708841557749023,-0.02651095783145834,2.0347730119132306e-17,0.9999999999999999,-5.149891006312859,4.718080627687603
2024-01-22,1000,868,0.868,868,0.02835323069867143,-0.006163207667743765,-3.2743904873737336e-17,0.9999999999999997,-5.131849946307211,4.721791268817404
2024-01-23,1000,869,0.869,869,0.047552372649287966,-0.0179211873599218,5.723589355950175e-17,1.0,-5.130804191720299,4.721725367107607
2024-01-24,1000,877,0.877,877,0.09110027768053727,0.027154788118596142,-4.658632532064511e-17,1.0000000000000004,-5.167564996886116,4.657893630038528
2024-01-25,1000,884,0.884,884,0.09675052773218065,0.03683283456174375,-3.416070845000482e-17,1.0000000000000009,-5.140620479632526,4.640777551907893
2024-01-26,1000,884,0.884,884,0.10445559750703114,0.05224687415620375,7.033087033824521e-17,0.999999999999999,-5.130013296297547,4.63278972676819
2024-01-29,1000,880,0.88,879,0.09267143603069193,0.05272424540276265,1.413011122250199e-17,1.0,-5.140632963888089,4.642712490370009
2024-01-30,1000,875,0.875,875,0.09517537113534627,0.07095614589312536,-7.511451778035345e-17,1.0,-5.112960183049299,4.698575507562128
2024-01-31,1000,863,0.863,863,0.06637623987312809,0.0479789565704814,6.175052744149191e-17,1.0000000000000002,-4.945187390993793,4.807841473108261
2024-02-01,1000,863,0.863,862,0.05450843339735187,0.044989742695422524,-3.0875263720745954e-17,0.9999999999999996,-4.953052757219911,4.80891979858734
2024-02-02,1000,859,0.859,859,0.04635466880167274,0.0714311239022475,-3.30869725615879e-17,0.9999999999999991,-4.982221124391672,4.851287633276685
2024-02-05,1000,851,0.851,851,-0.007085261107732201,0.04703880734414899,-3.75727651106986e-17,0.9999999999999992,-4.93965770022084,4.952223685298153
2024-02-06,1000,856,0.856,856,-0.03206936501328741,0.021325981055552234,3.320293157757477e-17,0.9999999999999997,-4.629128832657455,5.003904058041252
2024-02-07,1000,854,0.854,854,-0.055599518204008776,0.01176926252341462,-4.784099216183344e-17,0.9999999999999999,-4.999015368367049,5.016152520174201
2024-02-08,1000,864,0.864,863,-0.07390518731254628,-0.018112886454603305,-8.22387425648264e-18,1.0000000000000007,-4.944316807038188,4.939598819401859
2024-02-19,1000,866,0.866,865,-0.06860941515345734,-0.0132556026581309,-6.974149253996365e-17,1.0000000000000004,-4.908438615589597,4.889961247832266
2024-02-20,1000,869,0.869,867,-0.06390285347766679,-0.011261612279825492,-1.2060420428609295e-16,1.000000000000001,-4.966773583654889,4.8298071195970635
2024-02-21,1000,869,0.869,867,-0.09274377625679957,-0.032798783817610956,4.0882781113929815e-18,1.0000000000000002,-4.969438579787587,4.825824888714519
2024-02-22,1000,871,0.871,869,-0.09216746630107832,-0.04280845797064596,8.15778112238921e-18,0.9999999999999998,-4.969194238503943,4.816928639881346
2024-02-23,1000,871,0.871,869,-0.06984267070645796,-0.05943673413174782,-2.0394452805973026e-17,0.9999999999999997,-4.966067781186719,4.81346042802534
2024-02-26,1000,872,0.872,871,-0.05995438796699788,-0.06905431955682824,-4.0742129344042444e-18,1.0,-4.965163641851576,4.813663138210713
2024-02-27,1000,873,0.873,873,-0.03849946195934659,-0.04977677751862637,3.2556368190611694e-17,0.9999999999999993,-4.9530769280235765,4.802056981184029
2024-02-28,1000,871,0.871,871,-0.07369820391409834,-0.07175247982962997,8.15778112238921e-18,1.0000000000000002,-4.963143779880564,4.819303124760488
2024-02-29,1000,872,0.872,872,-0.10029459967580408,-0.10128688756901945,-5.907608754886154e-17,1.000000000000002,-4.976379575570005,4.817433012929264
2024-03-01,1000,872,0.872,872,-0.101647662806277,-0.10769839894818448,2.0371064672021222e-18,0.9999999999999993,-4.984433735198263,4.813427020703899
2024-03-04,1000,871,0.871,871,-0.10979076300099351,-0.09299528401630937,4.690724145373796e-17,1.0000000000000004,-4.99674447295163,4.819694159594683
2024-03-05,1000,872,0.872,872,-0.08378549788131473,-0.05664681968462061,-5.703898108165942e-17,0.9999999999999993,-5.148410087145803,4.730155818330753
2024-03-06,1000,871,0.871,871,-0.07306732081742727,-0.06892168659538832,-1.4276116964181117e-17,0.9999999999999996,-5.1348254712430315,4.730762783268379
2024-03-07,1000,870,0.87,870,-0.05091064569133593,-0.0720628046838248,-4.491936835265001e-17,0.9999999999999997,-5.002311720497594,4.8188495264134135
2024-03-08,1000,869,0.869,869,-0.05337877739074161,-0.058412478717478344,-6.132417167089472e-18,0.9999999999999996,-5.0791502327706795,4.771728494485342
2024-03-11,1000,872,0.872,872,-0.03993716497389817,-0.06032287481623502,1.6296851737616978e-17,0.9999999999999989,-5.133384442504257,4.715321464893006
2024-03-12,1000,875,0.875,875,-0.05612296909743546,-0.07104795703715475,8.12048840868686e-18,0.9999999999999991,-5.123358863191166,4.714139637866939
2024-03-13,1000,874,0.874,874,-0.01719233104126348,-0.0430242710588598,3.048667344508439e-17,0.9999999999999992,-5.128209630198049,4.718575188799207
2024-03-14,1000,873,0.873,872,0.02682364210865881,-0.01569657767265793,1.0377342360757477e-16,1.0000000000000002,-5.127042958455345,4.721167495378412
2024-03-15,1000,877,0.877,877,0.08851464712145324,0.029944261196298214,8.101969620981758e-18,0.9999999999999998,-5.109907757209337,4.712274390789597
2024-03-18,1000,878,0.878,878,0.08219255662124465,0.026528352004782305,8.902016051664125e-17,1.0000000000000009,-5.109326096938983,4.709755232070441
2024-03-19,1000,876,0.876,875,0.08166797366718083,0.02622544771301793,-1.4194632278312503e-17,1.0000000000000007,-5.105239425153117,4.7117311495026675
2024-03-20,1000,877,0.877,877,0.09310701734901412,0.03109909094329274,-1.4178446836718077e-17,0.9999999999999993,-5.103028651035697,4.7149182968592065
2024-03-21,1000,879,0.879,879,0.12125270016090876,0.05371490940937109,-6.062651329011094e-18,0.9999999999999994,-5.115448067077999,4.722973279505685
2024-03-22,1000,876,0.876,876,0.10527119641976986,0.044622737347689574,9.125120750343752e-17,0.9999999999999996,-5.115266032572615,4.730398754412769
2024-03-25,1000,875,0.875,875,0.09798980745037564,0.04397503048236326,6.090366306515145e-17,1.0,-5.065045038903986,4.823855061519863
2024-03-26,1000,876,0.876,875,0.0755050234617564,0.014517915123975404,-1.1761266744887502e-16,0.9999999999999996,-5.089445797929619,4.825996970693576
2024-03-27,1000,868,0.868,868,0.06778447244941398,0.008987818348154958,1.0232470273042918e-17,0.9999999999999997,-5.076294143058666,4.919348515968128
2024-03-28,1000,873,0.873,866,0.07770100901354962,0.03121251507157418,-1.0173865059566153e-16,1.0000000000000002,-5.078228810051795,4.912965962563988
2024-03-29,1000,873,0.873,872,0.14710662312686332,0.09915985572034204,5.2904098309744e-17,1.0000000000000002,-5.159725213521871,4.46155973414292
2024-04-01,1000,878,0.878,877,0.18821343190486428,0.14110171829704884,1.618548373029841e-17,1.0,-5.0321653682104905,3.7054906146149995
2024-04-02,1000,880,0.88,879,0.1844607085168164,0.14087890855535773,0.0,1.0000000000000002,-5.038104982300073,3.738299974938169
2024-04-03,1000,881,0.881,880,0.17276748357080812,0.14196519769766863,-1.2097776431783771e-16,0.9999999999999994,-4.824618120417931,3.7512319711087385
2024-04-08,1000,874,0.874,873,0.1694745339341485,0.17003468183092374,-8.129779585355837e-18,0.9999999999999997,-4.823227640063867,3.7760987804324015
2024-04-09,1000,878,0.878,876,0.17542657368880368,0.1455316256837963,9.711290238179046e-17,1.0000000000000002,-4.855536655077134,3.7365351538759666
2024-04-10,1000,877,0.877,876,0.18020446086224237,0.15392860482163587,5.266280253638143e-17,0.9999999999999996,-4.8290042079871665,3.8060550999504894
2024-04-11,1000,880,0.88,879,0.18672447503568165,0.16527729499943403,-5.24832702550074e-17,1.0000000000000002,-4.810051913076516,3.8131112552505844
2024-04-12,1000,876,0.876,875,0.1703265362048744,0.14262299115229699,5.677852911325001e-17,1.0000000000000007,-4.788708282111663,3.8479102120416413
2024-04-15,1000,875,0.875,875,0.09675532369558344,0.12500991292350117,2.0301221021717148e-17,1.0000000000000002,-4.608356605474083,3.984996067706793
2024-04-16,1000,865,0.865,864,0.01729834040454224,0.0411942740239119,2.8750284105900005e-17,0.9999999999999999,-4.62111825023321,4.1280556685575736
2024-04-17,1000,875,0.875,874,0.06899687076126061,0.08111601462454915,-6.090366306515145e-17,1.0,-4.96840276258278,3.89123279187129
2024-04-18,1000,875,0.875,875,0.08247320592919065,0.09945157605434382,1.502290355607069e-16,1.0,-4.796943564171128,3.9620231943400426
2024-04-19,1000,872,0.872,872,0.06421586595478411,0.06581651566010532,-7.741004575368064e-17,0.9999999999999997,-5.078990622212181,3.829588496975352
2024-04-22,1000,873,0.873,873,0.05101916037837946,0.04543700978797863,-8.139092047652923e-17,0.9999999999999996,-4.738715306970611,4.118335641012118
2024-04-23,1000,874,0.874,874,0.06244994381909362,0.056297339580554905,1.1788180398765963e-16,0.9999999999999997,-4.741469588435022,4.111976846478275
2024-04-24,1000,876,0.876,876,0.048920233674030346,0.054632826286736706,-8.516779366987502e-17,0.9999999999999997,-4.848974039966197,4.118503787686594
2024-04-25,1000,877,0.877,876,0.028677041338171044,0.06261672315922645,4.861181772589055e-17,1.0000000000000007,-4.9107437488941095,4.086205262852491
2024-04-26,1000,888,0.888,888,0.04095030196060458,0.04944257374648334,5.201044800045778e-17,1.0,-4.832451268402867,4.20404291438965
2024-04-29,1000,894,0.894,889,0.07479871092551058,0.0683567297957578,-2.3843715965104033e-17,0.9999999999999996,-5.27084099651275,3.796783856290377
2024-04-30,1000,887,0.887,887,0.05868417674047754,0.055345504592982694,-9.61275403508591e-17,1.0,-5.332267824643883,3.8055668431394887
2024-05-06,1000,902,0.902,902,0.08641632136308576,0.07583999798285818,4.726448353171398e-17,1.0000000000000002,-5.017353271105275,3.0073169078305746
2024-05-07,1000,901,0.901,901,0.1346632722388536,0.12557888838950762,-8.674772578647172e-17,0.9999999999999996,-4.994338388649497,3.0031139669389098
2024-05-08,1000,900,0.9,900,0.13609062707573108,0.13257174500686006,4.7369515717340015e-17,1.000000000000001,-4.995837286546358,3.006715345087494
2024-05-09,1000,900,0.9,900,0.16156385199161713,0.1264029354375018,-1.1842378929335003e-16,1.000000000000001,-4.995928272842815,3.013939466377194
2024-05-10,1000,901,0.901,900,0.12242697004478091,0.10471094494940482,-4.731694133807548e-17,0.9999999999999999,-5.017522934310452,3.021645814919358
2024-05-13,1000,898,0.898,898,0.09669174206392357,0.09778804246669993,3.560626181425892e-17,1.0000000000000004,-5.118402317194877,3.06282842995645
2024-05-14,1000,899,0.899,899,0.09574596461761994,0.0947523109578796,-3.161480470567743e-17,1.0000000000000007,-5.113102474891452,3.0607683904733864
2024-05-15,1000,899,0.899,899,0.0857500094685913,0.08320136323705943,-1.1065181646987099e-16,1.0000000000000002,-5.112768492585783,3.0627591352059302
2024-05-16,1000,899,0.899,899,0.11677905812785007,0.10117598330065652,-6.718145999956453e-17,0.9999999999999996,-5.111115076046469,3.055458691356058
2024-05-17,1000,904,0.904,902,0.12887242645197733,0.11503986695036872,0.0,0.9999999999999987,-5.0151508704526355,3.014238362292379
2024-05-20,1000,899,0.899,899,0.1027150342924548,0.09325634515341509,1.9759252941048393e-17,1.0000000000000007,-5.142431055817925,3.0680432935340747
2024-05-21,1000,899,0.899,899,0.08624212719556879,0.07823354035306714,2.7662954117467748e-17,1.0000000000000002,-5.138593381227807,3.067326693355709
2024-05-22,1000,900,0.9,900,0.11633669440161164,0.1002347912383002,3.157967714489334e-17,1.000000000000001,-5.115075004781357,3.0525692786869087
2024-05-23,1000,894,0.894,894,0.09153689833129973,0.07408115921118512,1.5101020111232555e-16,1.0000000000000002,-5.142271856689852,3.056963660180844
2024-05-24,1000,894,0.894,894,0.09992381695463555,0.07040112229468491,7.947905321701345e-17,1.0000000000000009,-5.141597102583005,3.056669151259903
2024-05-27,1000,895,0.895,895,0.1114521397057712,0.08636197694628509,2.7786587431959227e-17,1.0000000000000002,-5.14544606157821,3.057694493225169
2024-05-28,1000,893,0.893,893,0.09667744950996035,0.06585454435815373,7.956805551624862e-17,1.0,-5.17011491074347,3.0544971568307786
2024-05-29,1000,892,0.892,892,0.06397210222103594,0.0370594740074833,-1.5931451474441707e-16,1.0,-5.168725343259822,3.0538414222818417
2024-05-30,1000,890,0.89,890,0.07559743666789341,0.0510816299949297,-1.1975439366743262e-17,0.9999999999999992,-5.185018052506031,3.017204183811055
2024-05-31,1000,887,0.887,887,0.06778229657713557,0.05336574197685532,-3.2042513450286365e-17,0.9999999999999992,-5.123652168188534,3.054347445290843
2024-06-03,1000,885,0.885,885,-0.0052451531216207445,0.003215843021447219,6.422985182012205e-17,1.0,-5.11623325909414,3.0400951413138295
2024-06-04,1000,881,0.881,881,-0.07044199473681262,-0.08366005385861958,-2.4195552863567543e-17,1.0000000000000009,-5.183371151887319,3.0807623748016426
2024-06-05,1000,879,0.879,879,-0.03491595365530626,-0.043732096946509605,8.891888615882937e-17,1.0,-5.190853261436664,3.108536815219353
2024-06-06,1000,878,0.878,877,-0.12617991188477604,-0.09507400649567974,-8.902016051664125e-17,0.9999999999999997,-5.2216620237407945,3.1356824144989544
2024-06-07,1000,880,0.88,879,-0.07469348762690968,-0.05913641619821273,1.5341263613002163e-16,0.9999999999999997,-5.209515351584715,3.1372432436925033
2024-06-11,1000,877,0.877,877,-0.03759004320579683,-0.03814591424607638,-1.4178446836718076e-16,1.0000000000000004,-5.1957755975353574,3.135862919219325
2024-06-12,1000,878,0.878,878,-0.0452656152876759,-0.058999017502443366,1.5376209543783489e-16,1.0,-5.208094963879612,3.1271104883759095
2024-06-13,1000,874,0.874,874,-0.06709629637647883,-0.10351100398417115,-1.0568713460962589e-16,0.9999999999999993,-5.218395092176172,3.127534038738933
2024-06-14,1000,876,0.876,876,-0.10884850496195042,-0.13379362044001697,-1.6222436889500003e-17,1.0000000000000009,-5.223285453519907,3.1357704876981844
2024-06-17,1000,873,0.873,873,-0.10345133520182459,-0.12979962241101167,-2.441727614295877e-17,1.0000000000000002,-5.2275295129291806,3.1367190881317497
2024-06-18,1000,874,0.874,874,-0.10335888352757784,-0.12758423233154256,8.129779585355837e-18,0.9999999999999997,-5.219739722600031,3.1384558737954027
2024-06-19,1000,872,0.872,872,-0.10386084236028631,-0.123921043151641,-3.2593703475233955e-17,1.0000000000000009,-5.213544797999851,3.135136792786309
2024-06-20,1000,872,0.872,872,-0.08774158928842982,-0.10904250118359148,8.148425868808489e-17,0.9999999999999994,-5.221295478902244,3.129185513870822
2024-06-21,1000,873,0.873,873,-0.09804139517537021,-0.1382807100238766,1.6278184095305847e-17,1.0000000000000002,-5.233152378452646,3.1296138644442033
2024-06-24,1000,868,0.868,868,-0.13548151143196105,-0.15424327015962985,3.2743904873737336e-17,1.0000000000000009,-5.243594838700263,3.137270457252744
2024-06-25,1000,868,0.868,868,-0.17443186183597056,-0.19481592559113106,8.185976218434334e-17,0.9999999999999994,-5.244863301081371,3.13252382923453
2024-06-26,1000,870,0.87,870,-0.1306270148138835,-0.15146879617354125,-4.491936835265001e-17,0.9999999999999996,-5.233175158443253,3.119173302546156
2024-06-27,1000,869,0.869,869,-0.13080412279356682,-0.15757643255668144,-1.0220695278482454e-16,1.0000000000000004,-5.239373646650779,3.115924533432892
2024-06-28,1000,867,0.867,867,-0.15254877630436292,-0.18121881000728143,1.229312691626471e-16,1.0,-5.249498507300378,3.114672656964987
2024-07-01,1000,868,0.868,868,-0.15799473458088958,-0.1807491179909191,4.092988109217167e-17,0.9999999999999998,-5.276579464060476,3.1132177550496416
2024-07-02,1000,868,0.868,867,-0.13392165933616632,-0.1564423839070755,0.0,1.0,-5.274898909555759,3.1127823528005547
2024-07-03,1000,867,0.867,865,-0.10269822307258726,-0.10145706810318571,1.147358512184706e-16,0.9999999999999996,-5.266565893702018,3.11551387226039
2024-07-04,1000,861,0.861,859,-0.17270577016080532,-0.1604235732421632,7.427275983555055e-17,1.0000000000000004,-5.2499559971629886,3.1092129658296668
2024-07-05,1000,859,0.859,857,-0.1635658031334474,-0.17558993786617738,5.376633041258034e-17,0.9999999999999994,-5.289050444098166,3.034463580709469
2024-07-08,1000,851,0.851,850,-0.1281514589919054,-0.1499261272258165,-7.51455302213972e-17,0.999999999999999,-5.292015355116465,3.025229394960531
2024-07-09,1000,849,0.849,848,-0.13463895667085923,-0.15627779987494017,5.02150343293357e-17,1.0000000000000007,-5.2731268357153995,3.0869288671771833
2024-07-10,1000,846,0.846,845,-0.11414021816817999,-0.13276751328085795,7.558965274043619e-17,0.9999999999999997,-5.269471607271191,3.0197158722949458
2024-07-11,1000,853,0.853,852,-0.09589239559966331,-0.11203768695707396,-4.58145960923863e-17,1.0000000000000004,-5.2693594351251685,3.03265965035259
2024-07-12,1000,855,0.855,854,-0.08227340625572295,-0.10647622105802326,4.15522067695965e-17,1.0000000000000002,-5.293552408486021,3.0306721404842984
2024-07-15,1000,852,0.852,851,-0.07187581303126242,-0.07449936158249772,-1.7513377289861623e-16,0.9999999999999997,-5.287605504448759,3.049208511267357
2024-07-16,1000,851,0.851,850,-0.07699689980048391,-0.07518777878516952,4.174751678966511e-17,1.0000000000000016,-5.293980491530106,3.051139872257868
2024-07-17,1000,851,0.851,851,-0.10360989603541366,-0.0869355533346292,8.766978525829673e-17,1.0000000000000002,-5.295932723762387,3.0292774980230077
2024-07-18,1000,850,0.85,850,-0.15659825826944423,-0.13655552027930043,-2.0480349442497006e-16,0.9999999999999983,-5.290237134286759,3.030883043529242
2024-07-19,1000,848,0.848,848,-0.13863204695977108,-0.13255799731115495,-1.089275420386946e-16,0.9999999999999996,-5.252910165350481,3.0490695716508935
2024-07-22,1000,844,0.844,844,-0.12761908332552466,-0.13935733546528545,1.2628129190049173e-17,0.999999999999999,-5.24573181035122,3.03900112225422
2024-07-23,1000,842,0.842,842,-0.10329170558254236,-0.11432237829800411,-7.594874847792044e-17,1.0000000000000002,-5.219906545746466,3.0410751888583047
2024-07-24,1000,836,0.836,835,-0.10463109997610011,-0.11275621713775501,-5.949520514737681e-17,1.0,-5.279460888299843,3.055177317471694
2024-07-25,1000,839,0.839,838,-0.07302387166192804,-0.09813785845502868,9.739262766675986e-17,1.0,-5.282916373674698,3.042941060755159
2024-07-26,1000,843,0.843,842,-0.06914413738679914,-0.10564697906115607,3.792932753167795e-17,0.9999999999999999,-5.3036174687923205,3.044437885665491
2024-07-29,1000,841,0.841,840,-0.0787946026043383,-0.11392922674846416,2.112196004043104e-17,1.0,-5.291115926549103,3.042099182064607
2024-07-30,1000,839,0.839,837,-0.030580456362839865,-0.05950347886581632,3.387569657974256e-17,1.0000000000000004,-5.265123515674875,3.02911877293205
2024-07-31,1000,844,0.844,841,-0.053604707996829426,-0.09108954491086994,-1.2628129190049173e-17,0.999999999999999,-5.307970767935371,3.027057341654676
2024-08-01,1000,841,0.841,840,0.006624449052071293,-0.011319926321768448,-1.3518054425875864e-16,1.0000000000000004,-5.292730911480173,3.027090582924142
2024-08-02,1000,844,0.844,843,0.03433190501669158,0.030324809752148775,5.472189315687975e-17,0.9999999999999982,-5.149117887279523,2.970701828042544
2024-08-05,1000,846,0.846,843,-0.04708787548570119,-0.010590829718905582,-1.679770060898582e-17,1.0000000000000013,-5.2101084667526125,3.0149913103963355
2024-08-06,1000,843,0.843,840,-0.03483924764053573,0.011971480016935357,3.3714957805935954e-17,0.9999999999999998,-5.215923670641195,3.0105068892968374
2024-08-07,1000,845,0.845,843,-0.037205801095566315,0.017697656781451018,-1.0510987215386097e-16,0.9999999999999991,-5.225026615241259,3.0247724207456663
2024-08-08,1000,843,0.843,839,-0.050469444034995786,0.0006208176836769835,1.432885706752278e-16,1.0000000000000009,-5.193183204590518,3.032830004631882
2024-08-09,1000,842,0.842,838,-0.06273883499868442,-0.0231400454171417,2.531624949264015e-17,1.0,-5.185477213319741,3.0351459702430836
2024-08-12,1000,844,0.844,840,-0.10895840370533413,-0.07044405038770658,1.1786253910712563e-16,1.0000000000000007,-5.184066682773724,3.037565252061197
2024-08-13,1000,844,0.844,840,-0.09953121573689158,-0.06372124012689158,1.6837505586732233e-17,1.0000000000000004,-5.183713482380048,3.035393030419627
2024-08-14,1000,847,0.847,843,-0.05153538158460772,-0.02271876929392503,-1.0066721167793627e-16,0.9999999999999996,-5.180718989237227,3.0365857205895423
2024-08-15,1000,847,0.847,843,-0.049199598552762784,-0.02157398465956232,1.0486167883118362e-16,0.9999999999999994,-5.170434149607583,3.032570144697396
2024-08-16,1000,849,0.849,845,-0.0459600849950389,-0.02861425529506747,-5.02150343293357e-17,1.0000000000000004,-5.1723567367180445,3.038451322923453
2024-08-19,1000,850,0.85,848,-0.015779627468378403,-0.0004240148975303317,2.5077978909180007e-17,1.0000000000000004,-5.161449896820557,3.044692492558263
2024-08-20,1000,846,0.846,844,-0.01885688074901721,0.005510981732130445,8.39885030449291e-18,0.9999999999999989,-5.16656576826463,3.0386990533343816
2024-08-21,1000,845,0.845,842,-0.02982777580493238,0.008811097649385391,-6.727031817847102e-17,1.0000000000000013,-5.15338538183739,3.0434695751052656
2024-08-22,1000,842,0.842,840,-0.04990598355156226,-0.00584330288984716,5.06324989852803e-17,1.0000000000000004,-5.152488203321956,3.0709337364545783
2024-08-23,1000,842,0.842,840,-0.028935001512206286,0.006385567504504962,-5.485187390072032e-17,0.9999999999999998,-5.152271615360242,3.0782747234577905
2024-08-26,1000,847,0.847,845,-0.015078695458267012,0.023600364532588885,0.0,1.0,-5.053970397052971,2.9767275366434305
2024-08-27,1000,846,0.846,844,-0.014009619546136385,0.024008104166642653,1.679770060898582e-17,1.0000000000000002,-5.144268782629751,3.0736469943141067
2024-08-28,1000,844,0.844,842,0.023784889595665222,0.04358350904412192,-4.2093763966830577e-17,0.9999999999999999,-5.120665264452323,3.077931148866942
2024-08-29,1000,842,0.842,840,0.007253894310592695,0.02124707427532734,7.594874847792044e-17,0.9999999999999993,-5.076530960392035,3.0260184733206055
2024-08-30,1000,847,0.847,845,-0.037514815666509035,-0.026358827840691424,3.3555737225978756e-17,0.9999999999999988,-5.086410591863203,3.022470296026985
2024-09-02,1000,844,0.844,842,0.00800982551679704,0.00533562084020748,-1.1786253910712563e-16,0.9999999999999997,-5.028175458846838,3.081484721584017
2024-09-03,1000,840,0.84,840,0.01128320066665964,-0.011553496811660294,4.229421046191072e-17,1.0000000000000007,-5.10008708533269,3.092608625100037
2024-09-04,1000,837,0.837,837,-0.026170398604010027,-0.049641194624918554,1.5280488941077425e-16,0.999999999999999,-5.2163766544318495,3.135272899025333
2024-09-05,1000,839,0.839,837,-0.02801785541577421,-0.04504673527298798,0.0,0.9999999999999992,-5.21716474192842,3.133519259746926
2024-09-06,1000,837,0.837,837,-0.023618292816840865,-0.0408562798999896,8.48916052282079e-18,1.0000000000000007,-5.218857286385364,3.136876142759847
2024-09-09,1000,835,0.835,835,-0.017826661367425105,-0.012732605145630764,5.956645689006828e-17,0.9999999999999999,-5.198638484333928,3.135883306245329
2024-09-10,1000,831,0.831,830,-0.016503602989282426,-0.009509264725755064,-1.4535771971024915e-16,1.0000000000000009,-5.187447537260391,3.142013472729402
2024-09-11,1000,829,0.829,827,-0.020531732627728245,-0.006687714760868328,5.999757720531606e-17,0.9999999999999999,-5.179408890632117,3.1324542459215996
2024-09-12,1000,830,0.83,828,-0.02430218347110244,0.017336456377941366,-7.704680267278195e-17,0.9999999999999997,-5.173094734049074,3.1259687009544512
2024-09-13,1000,831,0.831,829,-0.025790327818508322,0.009079576337971471,-1.0260544920723469e-16,1.0000000000000013,-5.179565347657106,3.139229657697328
2024-09-18,1000,831,0.831,829,-0.047229033191168966,-0.019836223373781606,-1.710090820120578e-17,1.0000000000000004,-5.174651328290435,3.1408162624904348
2024-09-19,1000,832,0.832,830,-0.04905940814444802,-0.011656095205954852,1.708035422500241e-17,1.0,-5.1614879171330506,3.137092462278438
2024-09-20,1000,832,0.832,830,-0.05169324014633363,-0.02591298798898534,1.4518301091252047e-16,0.9999999999999998,-5.153813410823527,3.1479914849447823
2024-09-23,1000,832,0.832,830,-0.07302029151349416,-0.03432524820590098,-1.708035422500241e-17,0.9999999999999993,-5.156071142987987,3.1496504628544093
2024-09-24,1000,842,0.842,839,-0.10895507365131309,-0.06045482634445213,4.219374915440025e-17,0.9999999999999996,-5.063338175312718,3.092685464114722
2024-09-25,1000,852,0.852,850,-0.10387660946572484,-0.07544770259619836,5.003822082817607e-17,1.0,-5.075320026935822,3.0681704619439976
2024-09-26,1000,861,0.861,860,-0.12918959314693254,-0.09738328622405151,-8.252528870616727e-18,0.9999999999999999,-5.058055584544562,3.030050219221711
2024-09-27,1000,876,0.876,875,-0.15802073791956756,-0.11613981012999616,-1.2572388589362503e-16,1.0000000000000004,-4.99441591293406,3.0043985238248094
2024-09-30,1000,895,0.895,894,-0.14221825737818616,-0.09571189563509823,3.175609992223911e-17,1.0000000000000002,-4.97148471616465,3.5443391146316134
2024-10-08,1000,908,0.908,907,-0.13933335839578787,-0.08659041306066245,1.173804078898844e-17,0.9999999999999998,-4.964272164878112,3.5055638853952793
2024-10-09,1000,897,0.897,895,-0.17331235255236224,-0.10909223202935728,8.713456068407025e-17,0.9999999999999998,-4.9963679370611445,2.987589636261654
2024-10-10,1000,896,0.896,895,-0.20901148063460476,-0.15734606138784557,4.7580986769649563e-17,1.0000000000000004,-4.953829184839908,3.524625979960452
2024-10-11,1000,893,0.893,892,-0.19061138665787247,-0.12250700597091949,7.956805551624862e-18,1.0000000000000004,-5.021233101561919,3.0316091775324248
2024-10-14,1000,896,0.896,895,-0.1719854417567395,-0.11317043840240819,-1.9825411154020653e-17,0.9999999999999994,-5.032105899772114,3.013902389824416
2024-10-15,1000,897,0.897,896,-0.17804173626145142,-0.10840968343371261,8.713456068407025e-17,0.9999999999999993,-5.003644785441307,2.971435880079682
2024-10-16,1000,897,0.897,896,-0.15668477381043514,-0.10592402300183687,4.752794219131105e-17,1.0000000000000004,-5.028768671152529,3.005808746196249
2024-10-17,1000,894,0.894,892,-0.14335300782177093,-0.11216079883900527,7.15311478953121e-17,0.9999999999999994,-5.037950675129447,2.9975141556708644
2024-10-18,1000,897,0.897,895,-0.16072995364108825,-0.1322347953049174,1.1881985547827762e-17,0.9999999999999994,-5.030661656488273,2.9855042554644506
2024-10-21,1000,897,0.897,896,-0.13560580438227451,-0.13888692859443455,1.5842647397103683e-17,0.9999999999999996,-5.019761257444922,2.955493675924703
2024-10-22,1000,899,0.899,899,-0.10712911031973689,-0.1030296020296644,3.161480470567743e-17,1.0,-5.039595702492601,2.9419612991475677
2024-10-23,1000,899,0.899,899,-0.11767035077560059,-0.11371610032999013,1.264592188227097e-16,1.0000000000000002,-5.015650226036844,2.9390709417516327
2024-10-24,1000,901,0.901,901,-0.09648143319894287,-0.11540116211930825,2.7601549113877367e-17,1.0000000000000002,-5.051534942687297,2.9486657423991747
2024-10-25,1000,904,0.904,903,-0.06622448199837164,-0.12275200484541907,5.894989511284018e-17,1.0,-5.074859596517923,2.9495935680558305
2024-10-28,1000,909,0.909,908,-0.051690191630513825,-0.09248135566290597,1.7587691479210401e-16,0.9999999999999998,-5.058215373216729,3.4906201917146342
2024-10-29,1000,906,0.906,904,-0.027286578415532236,-0.05412029282944392,1.1371820826182618e-16,0.999999999999999,-5.121941733281396,2.9520777075093028
2024-10-30,1000,906,0.906,904,0.011012549693660603,-0.00586339970358189,-2.7449222683889082e-17,0.9999999999999994,-5.1435387059300135,3.5157182574457506
2024-10-31,1000,909,0.909,908,0.021938257482452296,0.005017963976014296,-3.51753829584208e-17,1.0000000000000007,-5.070146307570416,3.4373760724951503
2024-11-01,1000,906,0.906,904,-0.010194003351673595,0.008487525172929599,9.411162063047685e-17,0.9999999999999999,-5.101367813866812,3.4352742354841688
2024-11-04,1000,908,0.908,906,-0.03370952022207439,-0.05212418791656142,-6.651556447093449e-17,0.9999999999999999,-5.068657890893798,3.422803492458462
2024-11-05,1000,916,0.916,913,-0.03808467989787704,-0.04703224078637778,-5.042060897860973e-17,1.0000000000000004,-5.056454734500348,3.3014906153449814
2024-11-06,1000,913,0.913,910,-0.011981217294762526,-0.03787142411134472,-2.3347515961449075e-17,1.0000000000000002,-5.075390895897166,3.301472457137254
2024-11-07,1000,921,0.921,919,-0.014389090359227587,-0.002927068441128937,3.085961935983063e-17,0.9999999999999989,-5.211719778239127,3.1591796070667804
2024-11-08,1000,918,0.918,917,-0.030957740303397558,-0.020886413506023455,4.644070168366668e-17,0.9999999999999993,-5.249217280579104,3.188177374752051
2024-11-11,1000,919,0.919,918,-0.04576207773802005,-0.05276639227052197,-1.0824372470774105e-16,0.9999999999999999,-5.254043025705036,3.1700122059894276
2024-11-12,1000,916,0.916,915,-0.016956537248669353,-0.05414863083347811,-8.532718442533954e-17,1.0000000000000004,-5.142897362905195,3.2531648023784694
2024-11-13,1000,915,0.915,914,-0.05018069095826072,-0.07797537195086511,-8.542043817880986e-17,0.999999999999999,-5.062155116650463,3.3227806760771466
2024-11-14,1000,912,0.912,911,-0.07439643992427811,-0.08040838031242997,3.895519384649672e-18,0.9999999999999992,-4.990374541771374,3.4100236042716245
2024-11-15,1000,911,0.911,911,-0.07262693271119626,-0.05480845524227962,-1.1699386428541715e-17,1.0000000000000007,-4.959992620437199,3.412663476319245
2024-11-18,1000,911,0.911,910,-0.07643932734857081,-0.06665164510378101,-1.5599181904722288e-17,1.0000000000000007,-4.943327282850303,3.4197906145408
2024-11-19,1000,912,0.912,911,-0.08588948664752646,-0.07308232297443831,-3.1164155077197375e-17,0.9999999999999996,-4.952446733054464,3.4131182915717204
2024-11-20,1000,912,0.912,911,-0.081591810629618,-0.04963737877110862,4.674623261579606e-17,1.0000000000000002,-4.954347538568899,3.411879789040579
2024-11-21,1000,912,0.912,911,-0.05823730850868288,-0.02293461170888546,-1.5582077538598687e-17,0.9999999999999994,-4.96166772592761,3.4105505730952443
2024-11-22,1000,910,0.91,907,-0.03607073986713525,0.008419691067015575,1.171224289714451e-16,1.0000000000000002,-4.93908470056657,3.4128712255585096
2024-11-25,1000,909,0.909,907,0.019273773835948138,0.031404672451276636,2.3450255305613868e-17,1.0000000000000002,-4.930186861130476,3.398903559135052
2024-11-26,1000,909,0.909,907,0.020745368612168816,0.04614833967267854,-6.253401414830364e-17,1.0000000000000009,-4.930560943887699,3.4003036244514995
2024-11-27,1000,912,0.912,909,0.056940267032316715,0.08227696647610837,3.895519384649672e-17,1.0000000000000002,-4.980417109739938,3.3237106771036316
2024-11-28,1000,912,0.912,910,0.09254533783597062,0.1255044054915256,-6.232831015439475e-17,1.0,-4.97453148223852,3.3145663151780838
2024-11-29,1000,912,0.912,907,0.08902710392830325,0.11651764679094903,0.0,0.9999999999999993,-4.920057539739272,3.37972452355171
2024-12-02,1000,915,0.915,912,0.14191103800893148,0.14913772090228686,-1.3201340445816068e-16,1.0000000000000007,-5.095638221335457,3.2052434203839972
2024-12-03,1000,915,0.915,910,0.1541462298374253,0.16023206718257396,5.824120784918854e-17,0.9999999999999987,-5.2342255292837425,3.185883484092118
2024-12-04,1000,917,0.917,913,0.1412218145684413,0.16165819793200895,-2.3245672925630322e-17,0.9999999999999989,-5.221414269700178,3.1713803684809667
2024-12-05,1000,919,0.919,915,0.1984183640790748,0.18278531453566602,8.504864084179654e-17,0.9999999999999992,-5.21902002554459,3.1698564780933514
2024-12-06,1000,920,0.92,917,0.2144519890356084,0.19114221390522804,5.792467954566034e-17,0.9999999999999992,-5.169458720666483,3.1227794240655062
2024-12-09,1000,920,0.92,917,0.1941105088488572,0.183213818702196,-4.247809833348425e-17,1.0000000000000002,-5.16898105378026,3.141366759146506
2024-12-10,1000,919,0.919,916,0.1484831994504102,0.1505308910478689,3.4792625798916764e-17,1.0000000000000002,-5.207309419842144,3.1881902471457026
2024-12-11,1000,921,0.921,918,0.164527224217594,0.16409208063727837,1.928726209989414e-17,0.9999999999999997,-5.162754157396848,3.141950728272791
2024-12-12,1000,923,0.923,920,0.20130257961165465,0.18721273834624072,-6.928369037747456e-17,1.0,-5.163492951727135,3.140694071496612
2024-12-13,1000,918,0.918,917,0.20212763000107853,0.19269541472029317,-1.122316957355278e-16,0.9999999999999998,-5.21767843349783,3.207532494032012
2024-12-16,1000,919,0.919,917,0.1857233489809858,0.17843598126302254,3.4792625798916764e-17,0.9999999999999996,-5.187987388538558,3.1868733330498045
2024-12-17,1000,914,0.914,913,0.17094432030534326,0.18972103664041473,6.996591489979105e-17,1.0000000000000007,-5.230467273167332,3.2159013837836894
2024-12-18,1000,916,0.916,915,0.15145001395424565,0.17761789890813992,-5.4299117361579706e-17,1.0000000000000002,-5.227055951891331,3.215684029575908
2024-12-19,1000,916,0.916,915,0.17434729281336112,0.18492086615331735,5.4299117361579706e-17,0.9999999999999998,-5.232580298185991,3.2131381478426118
2024-12-20,1000,916,0.916,914,0.17476684150713503,0.1760374686785668,-6.593464251048965e-17,0.9999999999999999,-5.227068015253456,3.210744329547398
2024-12-23,1000,910,0.91,909,0.15061025251767415,0.18107064493018704,6.246529545143738e-17,1.0,-4.949785456618849,3.3669799595123453
2024-12-24,1000,912,0.912,912,0.1292567605228943,0.1606086356399335,3.895519384649672e-17,1.0,-4.952852741160894,3.3679219259389557
2024-12-25,1000,910,0.91,910,0.13380147904642797,0.14589800689736787,-1.5225915766287861e-16,0.9999999999999991,-5.082426676857487,2.8064086829290718
2024-12-26,1000,909,0.909,909,0.11500374585783418,0.124941076018731,2.3450255305613868e-17,1.0000000000000007,-5.101517144389008,2.8005683488121256
2024-12-27,1000,911,0.911,909,0.11777595281253361,0.1564870765955695,8.969529595215316e-17,0.9999999999999994,-4.978259704285312,3.3859525832192388
2024-12-30,1000,908,0.908,906,0.04831766941494313,0.08314855641930344,-5.477752368194605e-17,1.0000000000000007,-5.088370099441252,2.8715773328122807
2024-12-31,1000,907,0.907,903,0.03991218929637458,0.06905575177431,-1.5667976532747524e-17,0.9999999999999999,-5.06083799021347,2.8675631552042256
2025-01-02,1000,901,0.901,900,0.018772835827151335,0.039216685227265936,-7.886156889679247e-18,0.9999999999999999,-4.893579650676807,2.97557092568428
2025-01-03,1000,895,0.895,894,-0.06591336669738422,-0.0533758983092007,8.732927478615756e-17,0.9999999999999997,-4.872657681639913,2.9781040988039935
2025-01-06,1000,897,0.897,896,-0.03455421236312312,-0.03809912564394645,-8.713456068407025e-17,1.0000000000000009,-4.863927859368484,2.9950127204694073
2025-01-07,1000,898,0.898,897,-0.025720715278509658,-0.040942804397086495,-4.7475015752345225e-17,0.9999999999999982,-4.861033912256092,2.986880574771798
2025-01-08,1000,897,0.897,896,-0.024568730354171762,-0.042140570254909464,4.3567280342035126e-17,1.0000000000000002,-4.879093907553864,2.9923650200231875
2025-01-09,1000,898,0.898,896,-0.01918742668897504,-0.03086011531783071,7.912502625390871e-17,0.9999999999999997,-4.84915125169194,2.9728725269071967
2025-01-10,1000,893,0.893,891,-0.07786697563523462,-0.07411461491547025,-1.1935208327437292e-17,1.0000000000000007,-4.886715662627964,3.0053798868745902
2025-01-13,1000,892,0.892,890,-0.05715981028925768,-0.0491462492889793,1.5931451474441708e-17,1.0000000000000009,-4.917590643082771,3.026279514595986
2025-01-14,1000,897,0.897,895,-0.06112142896096606,-0.04969970997330377,1.4258382657393315e-16,1.0000000000000004,-4.896353617599151,2.989786385640822
2025-01-15,1000,897,0.897,894,-0.05730401758742843,-0.035141297555831764,8.713456068407025e-17,1.0000000000000002,-4.902179865328684,2.964476319550657
2025-01-16,1000,897,0.897,895,-0.03369135858023968,-0.020162818220293963,-6.733125143769065e-17,0.9999999999999997,-4.935518702104315,2.8973782956393026
2025-01-17,1000,897,0.897,894,-0.07044761283374493,-0.04801445295033351,9.50558843826221e-17,1.0,-4.909228808312002,2.96830540302716
2025-01-20,1000,898,0.898,895,-0.10027576562885651,-0.06852145650260097,1.582500525078174e-17,0.9999999999999997,-4.93774758844556,2.9041107491061973
2025-01-21,1000,897,0.897,894,-0.09935959613333183,-0.05622476584875409,8.713456068407025e-17,0.9999999999999998,-4.934045366973389,2.916623212281883
2025-01-22,1000,891,0.891,889,-0.09927656817536853,-0.05373759182603941,1.1961998918520205e-17,1.0000000000000007,-4.899829468991347,2.965100490108444
2025-01-23,1000,891,0.891,889,-0.11388464137328304,-0.05884506246406436,3.588599675556062e-17,0.9999999999999987,-4.899774193908425,2.9437107732158236
2025-01-24,1000,891,0.891,889,-0.11357667162719454,-0.039984194750582666,7.974665945680136e-17,0.9999999999999998,-4.891155083037342,2.9372889722131785
2025-01-27,1000,895,0.895,893,-0.11857118713123134,-0.04922712802283056,4.366463739307878e-17,1.0000000000000007,-4.947527982919996,2.895717014943487
2025-02-05,1000,896,0.896,893,-0.09843626108280029,-0.02222018165140456,4.7580986769649563e-17,1.0000000000000004,-4.947461267140573,2.909578691605833
2025-02-06,1000,896,0.896,895,-0.08491295157129274,-0.03266724217065301,-6.344131569286608e-17,0.9999999999999994,-4.938491142713568,2.9055569995737005
2025-02-07,1000,900,0.9,899,-0.041593171525461374,0.016059923787947565,3.947459643111668e-17,1.0000000000000007,-4.946807550726788,2.913475577725908
2025-02-10,1000,901,0.901,901,0.016709131686350305,0.07331498564598772,-3.943078444839624e-18,0.999999999999999,-4.9464646553979685,2.91360577046457
2025-02-11,1000,900,0.9,900,-0.00880517957170845,0.05424483708885903,6.710681393289835e-17,1.0000000000000002,-4.9420489710610465,2.888585621677712
2025-02-12,1000,901,0.901,901,0.01597451247303707,0.08821748919198917,-6.308925511743398e-17,0.9999999999999997,-4.936821503307973,2.8996965679595554
2025-02-13,1000,901,0.901,901,0.03379849911077555,0.10415180548830932,1.5772313779358495e-17,1.0000000000000002,-4.925210660999108,2.90146931324144
2025-02-14,1000,901,0.901,898,0.053047783940680986,0.10522581783680832,-1.5378005934874532e-16,1.000000000000001,-4.932767905053283,2.9173182041613894
2025-02-17,1000,902,0.902,900,0.07790043216187359,0.13719234904961453,-3.150965568780932e-17,1.0000000000000004,-4.927404303603611,2.9277760010790743
2025-02-18,1000,900,0.9,897,0.060313184156968125,0.12276277113500172,4.342205607422835e-17,0.9999999999999999,-4.917800206238019,2.927740288669239
2025-02-19,1000,900,0.9,897,0.09934977285495197,0.15395915299833746,5.5264435003563346e-17,1.0,-4.910959950097248,2.9213280720500867
2025-02-20,1000,901,0.901,898,0.10253260175165216,0.1498438667315367,3.9430784448396236e-17,1.0000000000000007,-4.915030947610268,2.9261224126552445
2025-02-21,1000,903,0.903,900,0.11053907805717028,0.1631256121535461,6.294952254796015e-17,0.9999999999999999,-4.941499656522214,3.036260385405092
2025-02-24,1000,902,0.902,898,0.16408084056786926,0.20544942188687432,3.5448362648785484e-17,1.0000000000000004,-4.897413147544363,2.934875974793372
2025-02-25,1000,900,0.9,897,0.19458772389321025,0.2085537570301961,4.7369515717340015e-17,1.0000000000000004,-4.887888312460914,2.9225690557854995
2025-02-26,1000,903,0.903,901,0.18036311893035872,0.19702072907095938,2.3606070955485057e-17,0.9999999999999997,-4.887138812249312,2.9234954682099747
2025-02-27,1000,904,0.904,901,0.2133799890138802,0.20954225249010833,1.1003980421063498e-16,0.9999999999999997,-4.893053457029946,3.017544633800589
2025-02-28,1000,901,0.901,900,0.2196193812006371,0.2170678401383766,9.463388267615096e-17,0.9999999999999996,-4.888348112742125,3.025423834578834
2025-03-03,1000,902,0.902,900,0.22039532654285504,0.2425743698204645,-5.1203190492690145e-17,1.0000000000000004,-4.860969169877524,2.9180486659330263
2025-03-04,1000,902,0.902,900,0.21774962546221213,0.21263280711441582,-1.2603862275123728e-16,1.0000000000000007,-4.859086287456776,2.9183574629289657
2025-03-05,1000,902,0.902,899,0.21285757768230687,0.19759323137568272,1.1816120882928495e-17,0.9999999999999999,-4.855408688470111,2.9157030012297067
2025-03-06,1000,903,0.903,900,0.15037254641879838,0.13638779913216187,7.475255802570268e-17,1.0000000000000002,-4.855752880169131,2.918635273250186
2025-03-07,1000,901,0.901,898,0.1616510276959185,0.12570154813032297,-3.154462755871699e-17,1.0000000000000002,-4.85197781322533,2.9192574715544444
2025-03-10,1000,902,0.902,900,0.10775865092247044,0.08005474969767246,3.938706960976165e-18,1.0000000000000004,-4.853893733803875,2.922793607941675
2025-03-11,1000,902,0.902,900,0.13304758753621443,0.09032569956604783,-1.1816120882928494e-16,0.9999999999999994,-4.857831086828173,2.9278348699002703
2025-03-12,1000,902,0.902,900,0.11118029348031858,0.07614631654337974,7.483543225854714e-17,1.0,-4.86117729264552,2.9325478063667125
2025-03-13,1000,901,0.901,899,0.11468480808816138,0.077333490179501,2.7601549113877367e-17,1.0,-4.864857991391085,2.9386579697478514
2025-03-14,1000,902,0.902,898,0.07239135583877547,0.040454704701460766,-9.059026010245179e-17,1.0000000000000002,-4.874220289979119,2.9411795994738243
2025-03-17,1000,902,0.902,901,0.07045447303131941,0.038404122203088156,-1.1816120882928495e-17,1.0000000000000002,-4.87891996806422,2.9470670195542534
2025-03-18,1000,902,0.902,900,0.07099409991124182,0.04075394415618505,2.363224176585699e-17,0.9999999999999992,-4.8781832789762705,2.949401659582631
2025-03-19,1000,902,0.902,901,0.061187375908823706,0.03405452443025251,3.150965568780932e-17,0.9999999999999998,-4.892265076642835,2.961549241748755
2025-03-20,1000,902,0.902,900,0.0595433846597025,0.039638246793212054,1.1816120882928495e-17,1.0000000000000007,-4.897845722103592,2.958025193124472
2025-03-21,1000,901,0.901,898,0.04106038204419048,0.011096815866261035,-1.182923533451887e-17,1.0,-4.950384121300472,2.9798699952946364
2025-03-24,1000,900,0.9,897,0.022035998866139786,0.003382307362790085,-3.157967714489334e-17,1.000000000000001,-4.890521217248136,2.9996564549632883
2025-03-25,1000,900,0.9,897,-0.0003500937093223296,-0.02149979318952518,9.868649107779169e-17,0.9999999999999991,-4.886651332394439,3.0063796517338406
2025-03-26,1000,900,0.9,898,0.02080406402880627,0.0077999118422643465,-1.578983857244667e-17,1.0,-5.069744800166439,3.0381545792502087
2025-03-27,1000,901,0.901,900,0.03048676193774678,-0.0018967846796384463,-5.126001978291511e-17,1.0000000000000007,-5.0690586331662235,3.031323363150593
2025-03-28,1000,900,0.9,899,0.01912508308258844,-0.014252404095371566,1.1052887000712669e-16,0.9999999999999998,-5.065197811936702,3.024486360595757
2025-03-31,1000,897,0.897,894,-0.01468058193494926,-0.04869453619570656,8.713456068407025e-17,1.0000000000000004,-5.065308333417912,3.0753505211595265
2025-04-01,1000,897,0.897,895,-0.038798113242385024,-0.07756973361462102,-1.1881985547827762e-16,1.0,-5.06474164820988,3.0746425853316337
2025-04-02,1000,898,0.898,896,-0.06873643604052358,-0.10276731801219095,-1.0286253413008132e-16,0.9999999999999994,-5.046998650424187,3.030819089445149
2025-04-03,1000,898,0.898,896,-0.017959454970359914,-0.05102224105402911,-4.7475015752345225e-17,0.999999999999999,-4.740983129485882,3.107036598563469
2025-04-07,1000,891,0.891,889,-0.07371901912779759,-0.0891981225573943,-1.6746798485928287e-16,0.9999999999999999,-4.831855746530718,3.146898248984724
2025-04-08,1000,889,0.889,887,-0.02000912070501032,-0.020376855714846227,-1.598521340292689e-17,1.0000000000000002,-4.829815855823761,3.159597460611506
2025-04-09,1000,891,0.891,888,-0.04028961122211588,-0.044943910340071565,9.569599134816164e-17,0.9999999999999992,-4.824779911457442,3.1644579967836792
2025-04-10,1000,894,0.894,891,-0.055555240992476065,-0.05393279036337028,7.947905321701344e-18,0.9999999999999997,-5.077460443017723,3.082297248726981
2025-04-11,1000,894,0.894,891,-0.06028088235960729,-0.06648024069362578,7.15311478953121e-17,1.0000000000000009,-5.131239838594523,3.1117524124022107
2025-04-14,1000,897,0.897,894,-0.022721888586246214,-0.04719769587700684,1.1881985547827762e-16,0.9999999999999997,-4.808474751755099,3.1699681873037924
2025-04-15,1000,897,0.897,894,-0.05749371716150673,-0.04502827481891137,0.0,0.9999999999999992,-4.808302979236079,3.174772342884426
2025-04-16,1000,896,0.896,893,-0.0773898619092822,-0.06013243246564517,1.030921380009074e-16,0.9999999999999992,-4.744099271325106,3.227895489221385
2025-04-17,1000,899,0.899,896,-0.06879473510834211,-0.05158173103265983,-6.322960941135485e-17,1.0000000000000009,-4.923904626173005,3.1896157852289675
2025-04-18,1000,900,0.9,896,-0.06257712092707453,-0.03308086513265178,2.3684757858670008e-17,0.9999999999999992,-4.900534773993319,3.1953200708498293
2025-04-21,1000,898,0.898,894,-0.05245895533761499,-0.05040353839396819,9.495003150469045e-17,0.9999999999999991,-4.879702085481872,3.1532565242529698
2025-04-22,1000,897,0.897,894,-0.06644659307091062,-0.05000175818297721,9.50558843826221e-17,1.0,-4.898219405120603,3.1692041249506313
2025-04-23,1000,896,0.896,893,-0.08048609191713851,-0.061301268600780286,1.586032892321652e-17,0.9999999999999997,-5.172948696516068,3.093012134748065
2025-04-24,1000,897,0.897,894,-0.12209170264185014,-0.12164673038751864,3.1685294794207366e-17,0.9999999999999997,-4.877816486544229,3.1813516609593426
2025-04-25,1000,898,0.898,895,-0.09070206753241626,-0.06953470373985621,1.0286253413008132e-16,0.9999999999999996,-5.1862901104776915,3.1229834420221714
2025-04-28,1000,898,0.898,896,-0.09971378234094809,-0.060434194741773084,-6.330002100312696e-17,1.0000000000000002,-4.847926797815528,3.293826627031025
2025-04-29,1000,901,0.901,897,-0.06118796766639784,-0.03103065663591346,1.5772313779358495e-17,1.0000000000000002,-4.818671508542271,3.2859402649954004
2025-04-30,1000,899,0.899,897,-0.02714114062944968,-0.040203068525396075,-7.903701176419357e-18,0.9999999999999998,-5.27577141266594,2.836806020990819
2025-05-06,1000,898,0.898,896,0.007271447330169876,0.0032322882060461028,-1.4242504725703568e-16,0.9999999999999997,-5.257930304760164,2.565923317415391
2025-05-07,1000,901,0.901,898,0.007761476360592696,0.01771868396666109,7.097541200711323e-17,0.9999999999999992,-5.595126756826408,2.4559144145706333
2025-05-08,1000,903,0.903,900,0.014927611754136628,0.015902222725744753,7.868690318495018e-18,1.0,-5.582128493546726,2.4672378964308033
2025-05-09,1000,901,0.901,900,-0.0324877445674581,-0.02008243929094506,0.0,1.0,-5.587481918957402,2.463149423055638
2025-05-12,1000,901,0.901,900,0.009536523508682658,0.012069872763032037,4.731694133807548e-17,1.0000000000000002,-5.592669211273148,2.472611211231098
2025-05-13,1000,900,0.9,900,0.007063457217154001,0.024232436685501915,3.947459643111668e-17,1.0000000000000009,-5.591858897898733,2.469766473779918
2025-05-14,1000,901,0.901,901,0.02224472920390588,0.04778803187358595,2.365847066903774e-17,0.9999999999999996,-5.57502267751685,2.460250654453389
2025-05-15,1000,900,0.9,900,0.017654732794770946,0.06120378455314767,-1.1842378929335003e-16,1.0,-5.593858869768202,2.460502295208714
2025-05-16,1000,900,0.9,899,0.020096545026712223,0.029957643721869796,-1.1842378929335003e-16,0.9999999999999994,-5.589394867071432,2.464219086173967
2025-05-19,1000,901,0.901,901,0.0326232404972053,0.011106753493251858,6.308925511743398e-17,1.0,-5.943079299233164,2.3544961353876777
2025-05-20,1000,900,0.9,900,0.03408136966310178,0.009641940091245567,-3.947459643111668e-17,0.9999999999999999,-5.575928683547609,2.463821874090401
2025-05-21,1000,900,0.9,900,0.021655044606881144,-0.0027349746262027197,-7.894919286223336e-17,0.9999999999999996,-5.57707716459235,2.4640815552670103
2025-05-22,1000,900,0.9,900,0.03232476590889783,0.010209503198561868,9.473903143468003e-17,1.0000000000000007,-5.562636648702508,2.4620759445519997
2025-05-23,1000,900,0.9,899,-0.014828658174456463,-0.06857219377752126,-2.3684757858670008e-17,0.9999999999999996,-5.559512445854503,2.4498863844167915
2025-05-26,1000,899,0.899,899,-0.011559180386919018,-0.048822237631299586,-5.5325908234935496e-17,1.0000000000000007,-5.562507121238388,2.4533918841435076
2025-05-27,1000,899,0.899,899,0.017586576620955405,-0.01850037561764734,1.5807402352838714e-17,0.9999999999999989,-5.556820432631441,2.456837989928627
2025-05-28,1000,899,0.899,899,-0.004078145587524272,-0.04743986032983652,-1.5807402352838714e-17,0.9999999999999992,-5.567554669728865,2.454988225352871
2025-05-29,1000,901,0.901,901,0.006257039850881246,-0.043502671657956606,-4.731694133807548e-17,0.9999999999999996,-5.562269682565706,2.4672026670749765
2025-05-30,1000,900,0.9,900,-0.023063088833502214,-0.053430552000109884,7.894919286223336e-17,1.0,-5.567384307604879,2.464672052134715
2025-06-03,1000,901,0.901,901,-0.023544950992275607,-0.044880911842556936,1.5772313779358495e-17,1.0,-5.5685531990057875,2.473360081987846
2025-06-04,1000,902,0.902,901,-0.03296148869370314,-0.05129381682531065,7.089672529757097e-17,1.0000000000000004,-5.542912872896474,2.548939737083867
2025-06-05,1000,900,0.9,899,-0.026152845677703915,-0.03514192472193989,1.578983857244667e-17,0.999999999999999,-5.549397484373077,2.549708447364351
2025-06-06,1000,900,0.9,899,0.007977549176699314,-0.024553919580827373,-4.7369515717340015e-17,0.999999999999999,-5.546433090608904,2.5450860249228877
2025-06-09,1000,903,0.903,903,0.030730425078409167,-0.006669463764541581,7.868690318495019e-17,1.0000000000000004,-5.528416820087217,2.5449053953004053
2025-06-10,1000,901,0.901,901,-0.005347849760556838,-0.05308705620659042,-1.0252003956583022e-16,1.0000000000000002,-5.564968870480798,2.491135418866197
2025-06-11,1000,902,0.902,902,-0.004644120035334076,-0.0460196128687126,7.87741392195233e-18,0.9999999999999998,-5.534371971657305,2.5493406720278844
2025-06-12,1000,902,0.902,902,-0.028082670757996652,-0.06868281966599256,1.6542569236099893e-16,0.9999999999999998,-5.535586067441137,2.5516915574930175
2025-06-13,1000,898,0.898,898,-0.03712837890517354,-0.09421955937734688,-1.582500525078174e-17,0.9999999999999994,-5.576017098691038,2.5056741198289103
2025-06-16,1000,900,0.9,900,0.006472957520032743,-0.051152758277921914,-2.3684757858670008e-17,1.0000000000000004,-5.555169301628463,2.51439349041281
2025-06-17,1000,901,0.901,901,0.025838730063415236,-0.01992138996353227,-7.886156889679247e-17,0.9999999999999997,-5.53201213965606,2.544942573652942
2025-06-18,1000,901,0.901,901,0.006887487297945662,-0.0363063819310319,0.0,0.9999999999999994,-5.535401087271123,2.492685585320068
2025-06-19,1000,901,0.901,900,-0.017200175137482118,-0.06245531193024235,7.886156889679247e-17,0.9999999999999999,-5.533457919424193,2.497581518894683
2025-06-20,1000,901,0.901,901,-0.043949830000333055,-0.09278703413196625,8.674772578647172e-17,1.0000000000000002,-5.532915336634234,2.4940149935361218
2025-06-23,1000,901,0.901,900,-0.004844727154211891,-0.04869529568751105,-7.097541200711323e-17,0.9999999999999996,-5.529009563243196,2.4990765716016647
2025-06-24,1000,902,0.902,901,0.01093393617690929,-0.005544303765798202,0.0,1.0000000000000002,-5.549811938776071,2.499862863415843
2025-06-25,1000,902,0.902,901,0.01609619618396115,-0.004902584259278179,7.877413921952331e-17,0.9999999999999999,-5.549882476796254,2.4941540698048437
2025-06-26,1000,903,0.903,902,-0.028780450185071093,-0.04525098776260893,6.294952254796015e-17,0.9999999999999983,-5.544883350307831,2.5011674066739933
2025-06-27,1000,904,0.904,903,-0.028708695365704792,-0.06222589822928135,6.287988812036285e-17,1.0000000000000004,-5.545325697316964,2.497148361799139
2025-06-30,1000,906,0.906,906,-0.03827496089477613,-0.08341976439634549,-1.4116743094571527e-16,0.9999999999999999,-5.524082828260429,2.4945036624880177
2025-07-01,1000,906,0.906,906,-0.03826679508893852,-0.061639668951355316,3.921317526269869e-17,1.0000000000000002,-5.522670809724936,2.496053724047045
2025-07-02,1000,908,0.908,908,-0.012430548320525899,-0.04052031994057229,7.042824473393064e-17,1.0000000000000002,-5.515149123075485,2.499385824943688
2025-07-03,1000,907,0.907,907,-0.02915353152889546,-0.07628360113077715,-7.833988266373761e-17,0.9999999999999999,-5.5060027829816995,2.4875601069617157
2025-07-04,1000,907,0.907,904,-0.045994429326706235,-0.07647389144682257,-1.1750982399560644e-16,0.9999999999999996,-5.510819823902654,2.484319879854075
2025-07-07,1000,905,0.905,903,-0.02334811566111159,-0.05071238353612544,7.851300947625416e-17,1.0,-5.537725380501414,2.4733939721541924
2025-07-08,1000,910,0.91,907,-0.015256941563076627,-0.04367789274451299,5.465713352000771e-17,1.0000000000000007,-5.532441205172168,2.4851656554745554
2025-07-09,1000,911,0.911,908,0.0063555260745087475,-0.016978477783336512,-7.799590952361144e-18,1.0000000000000004,-5.525768541038262,2.4869806142297883
2025-07-10,1000,914,0.914,911,0.008311508613936808,-0.006357845959735089,3.8869952722106136e-17,0.9999999999999989,-5.500360804300708,2.48705654735468
2025-07-11,1000,917,0.917,915,0.004862573336173676,0.008696611969690213,0.0,0.9999999999999989,-5.472252949357582,2.480003459128463
2025-07-14,1000,915,0.915,913,-0.027413008308647208,-0.020213990066631434,-6.600670222908034e-17,1.0,-5.485669582959146,2.479029552758655
2025-07-15,1000,916,0.916,913,-0.03291721212172341,-0.05577378304456552,-5.4299117361579706e-17,1.0000000000000002,-5.45179529078877,2.4763917819226178
2025-07-16,1000,915,0.915,912,-0.0301829406261414,-0.057787035920102835,2.3296483139675416e-17,1.0000000000000002,-5.471951830549225,2.4883711133678945
2025-07-17,1000,916,0.916,912,0.003623310751545133,-0.0244931289281243,5.042060897860973e-17,0.9999999999999997,-5.467379447001839,2.496939311728448
2025-07-18,1000,916,0.916,914,0.005942709732010728,-0.012335767668883234,-2.7149558680789853e-17,0.9999999999999997,-5.468521801832212,2.4997718179712667
2025-07-21,1000,916,0.916,914,-0.006853858568584882,-0.014124239478377288,-1.9392541914849897e-16,0.9999999999999986,-5.449646645548519,2.489949103648949
2025-07-22,1000,916,0.916,915,-0.02501953976443919,-0.029373499498042598,3.102806706375983e-17,0.9999999999999997,-5.444741154222565,2.4854435911545067
2025-07-23,1000,915,0.915,914,-0.03156457943680385,-0.035017945305018616,-2.3296483139675416e-17,1.0000000000000002,-5.446010901662912,2.489745509055372
2025-07-24,1000,917,0.917,916,0.0009476350763551682,0.031695229579582145,-4.6491345851260644e-17,1.0000000000000002,-5.434127702053417,2.488722991942969
2025-07-25,1000,917,0.917,915,-0.019068614224469267,-0.00928578619729058,3.09942305675071e-17,1.0000000000000004,-5.434434267348161,2.4984965473789345
2025-07-28,1000,916,0.916,915,0.004791364962399561,0.01293564834115994,-7.757016765939958e-18,1.0000000000000013,-5.439456910151101,2.507495145819084
2025-07-29,1000,917,0.917,915,0.012386795197162234,0.022050686648998237,3.09942305675071e-17,0.9999999999999998,-5.430424567219404,2.5033854282251786
2025-07-30,1000,916,0.916,915,0.016831248454634514,0.007970024775557687,-2.3271050297819874e-17,0.9999999999999996,-5.438426874737745,2.4995294278077824
2025-07-31,1000,913,0.913,912,0.02088144288786341,0.01348448490879281,7.782505320483025e-17,0.9999999999999996,-5.455532914952084,2.5080509402994204
2025-08-01,1000,914,0.914,911,0.013924581269329134,-0.0027899806187198823,7.773990544421227e-18,0.9999999999999989,-5.434735656223867,2.4904209601681955
2025-08-04,1000,910,0.91,909,0.0038930079635053306,-0.015603226787311957,3.904080965714836e-18,0.9999999999999993,-5.459830960943242,2.485601788317365
2025-08-05,1000,913,0.913,912,0.01914612773913882,-0.002511546867214713,-4.669503192289815e-17,1.0000000000000007,-5.443987306482779,2.479195481643541
2025-08-06,1000,912,0.912,911,0.020007687901981312,0.005999055531542429,-1.0517902338554114e-16,0.9999999999999999,-5.4424230955565625,2.484934506627864
2025-08-07,1000,911,0.911,910,0.018008598747216983,-0.013204345992640436,4.679754571416686e-17,1.0,-5.462707809866945,2.493461195180994
2025-08-08,1000,911,0.911,910,0.013568893869065315,-0.0034793976496599014,7.799590952361144e-18,1.0000000000000002,-5.477837419120121,2.484430018483549
2025-08-11,1000,911,0.911,910,0.03882157971840016,0.008769546886122852,-8.579550047597258e-17,0.9999999999999997,-5.506169346317325,2.4859552647598053
2025-08-12,1000,911,0.911,909,0.026163313665375873,0.011335420269778936,-2.339877285708343e-17,0.9999999999999991,-5.4992908425236875,2.4873226154138597
2025-08-13,1000,910,0.91,910,0.023328119428157677,0.006321509387740039,3.904080965714836e-18,0.9999999999999997,-5.507515372415599,2.484263371395727
2025-08-14,1000,907,0.907,907,0.015410911076671896,0.006685939118457241,0.0,0.9999999999999989,-5.526703040213107,2.472744970382033
2025-08-15,1000,908,0.908,907,0.03012577371831074,0.018361145739141743,-1.0172968683789981e-16,0.9999999999999997,-5.521423345372161,2.4753907853652097
2025-08-18,1000,913,0.913,912,0.04791521916510082,0.010943481952577305,4.280377926265664e-17,1.0000000000000004,-5.480867720650344,2.4816583472946205
2025-08-19,1000,913,0.913,912,0.05222454170448985,0.023915875739812038,-4.669503192289815e-17,0.9999999999999994,-5.479337783796693,2.4873452226539063
2025-08-20,1000,913,0.913,912,0.059054270938714,0.040428276130236855,-3.11300212819321e-17,1.0000000000000002,-5.4829686279734595,2.4847666118052647
2025-08-21,1000,913,0.913,912,0.07044281636882453,0.051768704516537103,-1.245200851277284e-16,0.9999999999999993,-5.490056052819924,2.4860267761140133
2025-08-22,1000,913,0.913,909,0.09050628419167148,0.08261063306681848,3.11300212819321e-17,1.0000000000000002,-5.475781360435574,2.4873309063474642
2025-08-25,1000,914,0.914,913,0.10181000210391639,0.1029263124190778,-1.5547981088842454e-17,0.9999999999999997,-5.1745897532519685,2.5647725233864382
2025-08-26,1000,913,0.913,912,0.12121313974241345,0.11814246234220677,-4.669503192289815e-17,0.9999999999999998,-5.175368015832466,2.5673990235748723
2025-08-27,1000,913,0.913,911,0.09777944575018267,0.1100493848045654,2.3347515961449075e-17,1.0,-5.167408966534436,2.595470537699291
2025-08-28,1000,912,0.912,910,0.107815111401108,0.13272964959496306,1.6361181415528622e-16,1.0000000000000002,-5.1653600552809955,2.591594705273073
2025-08-29,1000,912,0.912,909,0.12363603729886298,0.13585182550608724,-2.337311630789803e-17,0.9999999999999997,-5.086657318375854,2.6389938550640073
2025-09-01,1000,912,0.912,909,0.10865285947169465,0.10732039993340643,7.791038769299344e-18,1.0000000000000004,-5.092226221897813,2.6404065077448657
2025-09-02,1000,909,0.909,905,0.09494847235048277,0.10651700560001025,-1.563350353707591e-17,1.0000000000000002,-5.099637355351079,2.614616207402953
2025-09-03,1000,908,0.908,904,0.07529775698581974,0.06313870240589851,-7.042824473393064e-17,0.9999999999999999,-5.120613686083774,2.607942612807889
2025-09-04,1000,908,0.908,905,0.11454695738336812,0.10510246804823128,1.3303112894186898e-16,0.9999999999999986,-5.103130817904343,2.6072156399799296
2025-09-05,1000,909,0.909,907,0.09221663483951247,0.09570254780411336,-2.3450255305613868e-17,1.0000000000000002,-5.086953980539509,2.6059930382709897
2025-09-08,1000,911,0.911,909,0.07099476294990253,0.07584425220300771,-6.629652309506971e-17,1.0000000000000002,-5.082859827694315,2.6432475568526312
2025-09-09,1000,911,0.911,909,0.07844647356678044,0.07622721678390641,2.7298568333264003e-17,1.0000000000000009,-5.073177013832375,2.6426203781900415
2025-09-10,1000,912,0.912,912,0.07036818937999632,0.08652617460313507,-1.5582077538598687e-17,0.9999999999999993,-5.073217964097307,2.642486545571902
2025-09-11,1000,913,0.913,913,0.051523076733277946,0.08272425805362069,-1.556501064096605e-17,1.0000000000000002,-5.076898233887662,2.640793552318257
2025-09-12,1000,913,0.913,912,0.04688647539384654,0.08160216275692168,-1.556501064096605e-17,1.0000000000000009,-5.086969935142472,2.6438901509923016
2025-09-15,1000,914,0.914,914,0.03335717134091297,0.0638602988432934,-1.2438384871073963e-16,0.9999999999999994,-5.082943651241449,2.644484077282751
2025-09-16,1000,917,0.917,917,0.03325796010298067,0.04348233193317124,6.973701877689097e-17,1.0000000000000004,-5.07918609256385,2.649624004871382
2025-09-17,1000,917,0.917,917,0.03545092000763828,0.03155853851813707,3.874278820938387e-17,0.9999999999999994,-5.0701468259440245,2.6515978564607066
2025-09-18,1000,917,0.917,916,0.03187922357033453,0.01898010198294746,-1.3172547991190516e-16,1.0000000000000004,-5.077757023791538,2.65653055110141
2025-09-19,1000,914,0.914,911,0.010418561131662063,-0.0028526337985374925,-7.773990544421227e-17,0.9999999999999999,-5.0900472654771995,2.65612435285056
2025-09-22,1000,911,0.911,910,-0.017386785463222268,-0.014724877934429326,6.239672761888915e-17,0.9999999999999999,-5.124387663115291,2.6663486478079426
2025-09-23,1000,910,0.91,909,-0.058369117113787346,-0.05064272418867601,-3.9040809657148365e-17,1.0000000000000002,-5.141528088077034,2.6293408962540568
2025-09-24,1000,911,0.911,909,-0.061083235487482,-0.05742845316706343,3.899795476180572e-17,0.9999999999999991,-5.118882960098597,2.6702520997355887
2025-09-25,1000,908,0.908,907,-0.07233160299882956,-0.055290307235380504,1.5650721051984587e-17,0.9999999999999996,-5.139156434633092,2.627806219916243
2025-09-26,1000,908,0.908,905,-0.09299750769622028,-0.0801579603015248,0.0,1.0000000000000004,-5.134556437109133,2.6239927738184297
2025-09-29,1000,906,0.906,905,-0.09540425605765138,-0.08232057483756881,3.137054021015895e-17,1.0000000000000007,-5.139573193228676,2.6252674332278425
2025-09-30,1000,905,0.905,903,-0.09980517000204209,-0.07618201457523895,-7.851300947625416e-17,0.9999999999999998,-5.1438268460183645,2.6217797289542313
2025-10-09,1000,906,0.906,905,-0.06752880517973185,-0.04177371905208182,-1.0979689073555633e-16,0.9999999999999993,-5.133842363239396,2.615788618958802
2025-10-10,1000,908,0.908,908,-0.10435467664043364,-0.059730510044776294,-7.825360525992294e-18,0.9999999999999999,-5.118764923249588,2.6200099798718632
2025-10-13,1000,908,0.908,908,-0.08554804256488313,-0.04478257726184095,-3.9126802629961466e-17,1.0000000000000002,-5.1162433821165925,2.6187255966126917
2025-10-14,1000,908,0.908,908,-0.09813484992160663,-0.04029979241914553,4.695216315595376e-17,1.0000000000000004,-5.108815819049775,2.6158043500535553
2025-10-15,1000,908,0.908,908,-0.08285408800285497,-0.029457162118841668,-5.477752368194605e-17,0.999999999999999,-5.1761063261712845,2.5821464619399324
2025-10-16,1000,907,0.907,907,-0.09340844454300577,-0.042729691994848586,-7.833988266373762e-18,1.0000000000000007,-5.172520994754822,2.5793909218166555
2025-10-17,1000,907,0.907,907,-0.12606804281717535,-0.059100816642882865,-3.133595306549505e-17,1.0,-5.170723261367909,2.5715880822891557
2025-10-20,1000,907,0.907,907,-0.14654509512023864,-0.09677793187675268,7.833988266373761e-17,1.0,-5.167912680146408,2.5665771546415734
2025-10-21,1000,907,0.907,907,-0.12891688701323079,-0.07257185808616366,2.3501964799121286e-17,0.9999999999999997,-5.196846450470528,2.566552262277578
2025-10-22,1000,908,0.908,907,-0.11386857933250745,-0.06954242206428904,1.5650721051984587e-17,0.9999999999999994,-5.187742996806554,2.5644219916119053
2025-10-23,1000,908,0.908,907,-0.11968276867291124,-0.0649993742609531,-1.5650721051984586e-16,0.9999999999999994,-5.197168366775369,2.5665616347109723
2025-10-24,1000,908,0.908,905,-0.11490515309549869,-0.044451100168201974,-4.695216315595376e-17,1.0000000000000004,-5.202828631479213,2.571768289127252
2025-10-27,1000,907,0.907,905,-0.11729152603270429,-0.029205630645161254,1.5667976532747524e-17,1.0,-5.217477955604956,2.5737046894367945
2025-10-28,1000,907,0.907,905,-0.11359073241034981,-0.014609270661807028,-1.0184184746285891e-16,1.0000000000000004,-5.199509997140016,2.5745217058784635
2025-10-29,1000,908,0.908,906,-0.08609405419741108,0.005144793420239105,3.9126802629961466e-17,0.9999999999999998,-5.189181810193774,2.574664501947797
2025-10-30,1000,908,0.908,906,-0.07907833134336444,0.013601423038204361,-7.825360525992294e-18,1.0000000000000004,-5.182367388077342,2.5709601130111293
2025-10-31,1000,906,0.906,902,-0.08906529222552075,-0.012758285798954673,-7.842635052539737e-18,1.0000000000000007,-5.1864073128508625,2.5709999626164977
2025-11-03,1000,906,0.906,902,-0.0669475974370627,0.013219714766232784,1.3332479589317552e-16,0.9999999999999998,-5.232302550609413,2.5912592798714096
2025-11-04,1000,906,0.906,902,-0.0498241584866386,0.04077514584241427,7.842635052539737e-18,1.0,-5.227420175902336,2.5808921512220393
2025-11-05,1000,908,0.908,904,-0.009082096476020705,0.053843367230683926,-7.042824473393064e-17,0.9999999999999999,-5.205809091507893,2.57345629969468
2025-11-06,1000,908,0.908,904,-0.019555112828122362,0.04241712757606365,1.7215793157183045e-16,1.0000000000000004,-5.207644256048011,2.582140363896553
2025-11-07,1000,907,0.907,904,-0.046844039050462784,0.018144990366352885,7.050589439736386e-17,0.9999999999999988,-5.206378601270951,2.5806894670427982
2025-11-10,1000,909,0.909,907,-0.05442404724146021,0.005295772056981015,7.816751768537956e-17,0.9999999999999987,-5.204770298720393,2.5786833045375444
2025-11-11,1000,911,0.911,907,-0.05131069033762892,-0.008136094936257526,7.019631857125029e-17,0.9999999999999993,-5.2030927519599866,2.578224716222089
2025-11-12,1000,911,0.911,907,-0.06428256427058164,0.00618110980458544,7.799590952361144e-17,1.0000000000000007,-5.202769541823486,2.5863329797048467
2025-11-13,1000,913,0.913,909,-0.011151353734799174,0.0782557519838927,0.0,1.0000000000000002,-5.192860834596484,2.592265005170876
2025-11-14,1000,915,0.915,911,0.0403375365182367,0.097763900660266,3.106197751956722e-17,1.0,-5.174709151196705,2.5952871870368504
2025-11-17,1000,915,0.915,912,0.07432200587604393,0.140169241625659,-5.435846065924264e-17,0.9999999999999993,-5.170306706701705,2.5844100851899383
2025-11-18,1000,913,0.913,911,0.07215032407199413,0.14590987831355445,-6.22600425638642e-17,0.9999999999999996,-5.1660717316870155,2.582350489867506
2025-11-19,1000,911,0.911,907,0.10900150155934912,0.17802827925557632,7.019631857125029e-17,0.9999999999999998,-5.168308451532778,2.576273811140171
2025-11-20,1000,910,0.91,906,0.087702669143709,0.15562599299735846,-3.9040809657148365e-17,1.0000000000000004,-5.170484078605592,2.579069173718782
2025-11-21,1000,910,0.91,904,0.049050155781744334,0.12406955444195548,-3.9040809657148365e-17,1.0,-5.171412756234621,2.5779189938663136
2025-11-24,1000,910,0.91,906,0.036636871984864317,0.09564494706467101,6.246529545143738e-17,0.9999999999999997,-5.178694735558696,2.5896986439408125
2025-11-25,1000,909,0.909,906,0.05819578449206055,0.09751051011498381,-3.126700707415182e-17,0.9999999999999998,-5.17664474782901,2.5887843807167608
2025-11-26,1000,910,0.91,909,0.01624626570598278,0.06205031561795018,6.246529545143738e-17,1.0,-5.174747758824392,2.580233220884882
2025-11-27,1000,911,0.911,910,-0.010480352739694524,0.04379875616868695,-1.5599181904722288e-17,0.9999999999999996,-5.509818720465974,2.47987216393759
2025-11-28,1000,913,0.913,910,0.01456336506861103,0.06490877758585868,-1.245200851277284e-16,1.0,-5.507827143182881,2.4748830378672437
2025-12-01,1000,911,0.911,908,0.011283831017792418,0.05668735880600383,1.7159100095194516e-16,1.0,-5.521674081872851,2.4649031688517224
2025-12-02,1000,910,0.91,908,0.03085375130747761,0.060145261394497475,-2.3424485794289017e-17,0.9999999999999991,-5.514822703454244,2.462631308149273
2025-12-03,1000,911,0.911,909,0.007119719404988885,0.02411421769138993,0.0,0.9999999999999992,-5.507733965349166,2.458862237310383
2025-12-04,1000,909,0.909,907,-0.003124408383066471,0.003882227857219986,4.6900510611227736e-17,1.0,-5.516110431851062,2.4641632665904916
2025-12-05,1000,910,0.91,908,0.0006272128945394011,-0.021473847539344334,-5.465713352000771e-17,0.9999999999999991,-5.510453714721667,2.4556652741567127
2025-12-08,1000,910,0.91,908,0.0017100162277554627,-0.0035996365947725015,-5.465713352000771e-17,0.9999999999999997,-5.508116297435387,2.456996467659295
2025-12-09,1000,908,0.908,905,-0.0004661391791115566,-0.0020691439098598835,8.607896578591522e-17,1.0000000000000007,-5.538517252647273,2.469314073798502
2025-12-10,1000,910,0.91,908,0.0006696167317095844,-0.002570212455732575,-8.58897812457264e-17,0.9999999999999997,-5.5211887399656465,2.470508643012955
2025-12-11,1000,908,0.908,904,-0.03786561905106013,-0.054525849368318835,-1.5650721051984587e-17,0.9999999999999994,-5.539173331727958,2.4797771887880073
2025-12-12,1000,908,0.908,902,-0.03953033393101677,-0.05915854270971513,-2.347608157797688e-17,1.0000000000000009,-5.542848829387828,2.49097180006554
2025-12-15,1000,907,0.907,903,-0.03415624852292167,-0.03689465017590381,5.483791786461633e-17,0.9999999999999998,-5.540939507423435,2.4816820289360204
2025-12-16,1000,907,0.907,903,-0.0021067131437287456,0.010386501690603603,-3.9169941331868806e-17,1.0,-5.543154061197077,2.4748860656418565
2025-12-17,1000,907,0.907,902,-0.00023200289192151208,0.02474769711787799,3.133595306549505e-17,0.9999999999999996,-5.550264077402566,2.4827000216270307
2025-12-18,1000,905,0.905,902,0.0032729415356313666,0.018677561035108106,7.851300947625417e-18,0.9999999999999999,-5.573691206062013,2.482901705913014
2025-12-19,1000,904,0.904,901,0.05274611712211072,0.06324390024419797,7.859986015045356e-18,1.0000000000000002,-5.5723219428540185,2.4581632657728
2025-12-22,1000,903,0.903,901,0.05962039167028305,0.0638985041625961,3.9343451592475096e-17,1.0000000000000002,-5.576708461416675,2.4312132189245927
2025-12-23,1000,903,0.903,902,0.02904346628568913,0.04122886887214395,1.5737380636990037e-17,1.0000000000000007,-5.573746623201277,2.4440902244368767
2025-12-24,1000,903,0.903,902,0.013379280067969188,0.019861910778308078,2.3606070955485057e-17,0.9999999999999998,-5.571047930130547,2.453360558710172
2025-12-25,1000,902,0.902,902,0.028370261986705912,0.028918955109148013,-7.877413921952331e-17,0.9999999999999998,-5.568333095910201,2.457929856210523
2025-12-26,1000,902,0.902,901,0.03131461742628568,0.043045990867172514,-8.665155314147564e-17,1.0,-5.566313980168036,2.431472514103136
2025-12-29,1000,902,0.902,901,0.05477394646047558,0.06587324751261839,-2.363224176585699e-17,1.0000000000000004,-5.56382930107906,2.435688090699806
2025-12-30,1000,901,0.901,901,0.050483486927151454,0.06021671987258637,1.7349545157294345e-16,1.0,-5.5671495999158065,2.4476430999170664
2025-12-31,1000,901,0.901,900,0.06720319466548379,0.07617651653964293,1.340646671245472e-16,0.9999999999999994,-5.563352806233495,2.4480867976909493
2026-01-05,1000,901,0.901,900,0.05938020973293759,0.07470066573910575,-9.463388267615096e-17,0.999999999999999,-5.565057955319627,2.4497927731211107
2026-01-06,1000,902,0.902,901,0.07002902028867697,0.09060544909062405,-1.575482784390466e-17,1.000000000000001,-5.567457947676982,2.4571462010645475
2026-01-07,1000,903,0.903,902,0.07899013294617616,0.0994102188523498,3.1474761273980073e-17,1.0000000000000002,-5.556139646057139,2.46358970109697
2026-01-08,1000,905,0.905,903,0.10614645222817679,0.11803509580052551,7.851300947625417e-18,0.999999999999999,-5.552444511691735,2.4669858152736936
2026-01-09,1000,905,0.905,902,0.0783049986038276,0.08937121761803736,6.281040758100334e-17,0.9999999999999996,-5.549398692903268,2.4589964192286837
2026-01-12,1000,905,0.905,901,0.07643690300521666,0.10964931450035796,4.71078056857525e-17,1.0000000000000009,-5.543955880048662,2.4675497878843355
2026-01-13,1000,904,0.904,902,0.05097689884753177,0.10043047351089954,1.1003980421063498e-16,0.9999999999999989,-5.532970660928134,2.460695822862035
2026-01-14,1000,903,0.903,902,0.0597624346307215,0.10486292274581305,1.258990450959203e-16,0.9999999999999992,-5.531876297269563,2.474020053278925
2026-01-15,1000,902,0.902,901,0.04528978922024481,0.07800993417886383,-9.452896706342796e-17,0.9999999999999996,-5.537810259097405,2.4742820408182906
2026-01-16,1000,900,0.9,899,0.018029010471169227,0.056692106030367416,4.7369515717340015e-17,0.9999999999999996,-5.56457408066899,2.467519511101426
2026-01-19,1000,901,0.901,899,0.011433366008469857,0.0476853393719939,1.5772313779358495e-17,0.9999999999999999,-5.558822320470497,2.4670692117697537
2026-01-20,1000,903,0.903,901,-0.03715406154601435,-0.0032136423284010174,-2.3606070955485057e-17,0.9999999999999994,-5.544904324842033,2.4515080332376167
2026-01-21,1000,902,0.902,900,-0.002660426702841771,0.02913977679763498,3.9387069609761654e-17,0.9999999999999991,-5.552171163184332,2.4496681237196096
2026-01-22,1000,903,0.903,899,0.02531620439064839,0.0626712525204736,7.868690318495018e-18,0.9999999999999999,-5.545068663471109,2.4557752136411968
2026-01-23,1000,907,0.907,903,0.054549647747556634,0.07979704610056267,-2.3501964799121286e-17,0.999999999999999,-5.518400837477085,2.461520773913031
2026-01-26,1000,904,0.904,901,0.08554337864242821,0.0868329282948802,-2.3579958045136068e-17,1.0000000000000002,-5.535269524921289,2.456004748846486
2026-01-27,1000,904,0.904,901,0.06628844830736505,0.058454007508262955,-8.645984616549892e-17,0.9999999999999993,-5.534441212011081,2.4645377669022954
2026-01-28,1000,905,0.905,902,0.038365029136802245,0.016521696761830545,-2.355390284287625e-17,1.0,-5.541386781498465,2.466119783548071
2026-01-29,1000,905,0.905,903,0.054354155297168645,0.05808895246399487,-7.851300947625417e-18,1.0000000000000002,-5.538888605354654,2.46636236669539
2026-01-30,1000,905,0.905,902,0.0034039277077163787,0.009765017480884177,-2.355390284287625e-17,0.9999999999999993,-5.537688361759816,2.4726279008756706
2026-02-02,1000,904,0.904,903,0.03186745922950613,0.03864832938232656,1.1003980421063498e-16,1.0000000000000002,-5.506003456676519,2.4578095133476214
2026-02-03,1000,904,0.904,903,0.04764960985391474,0.028737072279984965,3.929993007522678e-17,1.000000000000001,-5.549475865210252,2.470739862962389
2026-02-04,1000,906,0.906,905,0.05536418664197357,0.02054393650569059,-1.4116743094571527e-16,1.0,-5.499019891049197,2.4360423832718405
2026-02-05,1000,906,0.906,905,0.04386783990296639,-0.00021595305210759906,-9.411162063047685e-17,1.0,-5.501133173677583,2.433141195736461
2026-02-06,1000,905,0.905,904,0.05621065199292516,0.028789011025603325,-7.066170852862874e-17,1.0000000000000002,-5.49022000897704,2.432605676626109
2026-02-09,1000,904,0.904,904,0.09213389462320173,0.052873288201090024,7.859986015045356e-18,0.9999999999999994,-5.500138855845255,2.449802973197262
2026-02-10,1000,906,0.906,905,0.09716258092306825,0.06425323864057643,-4.705581031523842e-17,0.9999999999999998,-5.494492191650914,2.4623305725283893
2026-02-11,1000,906,0.906,905,0.07731999087710213,0.05107687739735061,-2.352790515761921e-17,1.0,-5.498577980516402,2.4477910658100615
2026-02-12,1000,906,0.906,906,0.0847173541224466,0.06769474808341064,0.0,0.9999999999999993,-5.499548461187489,2.4510018988375832
2026-02-13,1000,906,0.906,905,0.08631090312114695,0.05692660575708546,3.921317526269869e-17,1.0000000000000002,-5.503156506993286,2.4559525907323185
2026-02-24,1000,905,0.905,904,0.0811170011590008,0.060798008418287613,-3.140520379050167e-17,0.9999999999999997,-5.513742502407904,2.4281003621306474
2026-02-25,1000,906,0.906,906,0.08497717902863705,0.07167031536332917,5.4898445367778163e-17,1.0000000000000007,-5.518805488656672,2.435232139308428
2026-02-26,1000,905,0.905,905,0.06855908607204239,0.05988309354334219,7.851300947625416e-17,1.0000000000000009,-5.516335180957202,2.4345084597074167
2026-02-27,1000,905,0.905,903,0.041310435601296686,0.05421486674218859,-9.4215611371505e-17,1.0000000000000002,-5.519244158509479,2.433505635832565
2026-03-02,1000,905,0.905,905,0.02760966183781179,0.048890340933851334,-2.355390284287625e-17,0.9999999999999991,-5.532378123693242,2.4341129921885645
2026-03-03,1000,906,0.906,906,-0.01850659553402383,-0.0019261844314150394,-3.921317526269869e-17,0.9999999999999999,-5.538028649264733,2.4303374092500314
2026-03-04,1000,905,0.905,905,0.0005517807983882977,0.03727700929244438,-2.355390284287625e-17,1.0,-5.538793440833731,2.429079946055954
2026-03-05,1000,906,0.906,906,0.02401847825509864,0.05425018685544559,-7.058371547285764e-17,0.9999999999999993,-5.529361289648521,2.4288916002384457
2026-03-06,1000,907,0.907,907,0.026946096819129982,0.03250787193600976,1.4884577706110147e-16,0.9999999999999997,-5.524669382935264,2.4259720143162484
2026-03-09,1000,907,0.907,907,0.03394360015311643,0.044437386267920334,-7.050589439736386e-17,0.9999999999999994,-5.521053366507304,2.4169299435734386
2026-03-10,1000,909,0.909,909,0.02658085075710646,0.0362888445483532,3.908375884268978e-17,1.0000000000000007,-5.515085355523181,2.420812363485931
2026-03-11,1000,910,0.91,910,0.021135691866406698,0.030045611404424025,-7.808161931429672e-18,1.0000000000000007,-5.51458386317654,2.4249970471356694
2026-03-12,1000,910,0.91,910,0.013069853856854429,0.013579042184035101,7.808161931429673e-17,1.0000000000000004,-5.520820728229007,2.422828789127337
2026-03-13,1000,910,0.91,910,-0.010281337222419851,-0.029286750115274037,-3.9040809657148365e-17,0.9999999999999994,-5.523677043317051,2.430413031546903
2026-03-16,1000,911,0.911,911,0.004250942844123448,-0.008495199444038827,-2.339877285708343e-17,0.9999999999999998,-5.529014057670808,2.4225013312079815
2026-03-17,1000,912,0.912,912,0.019641056438515825,0.02582265901175801,-7.791038769299344e-17,0.9999999999999993,-5.525072030017613,2.4268860019105816
2026-03-18,1000,912,0.912,911,0.00843599966679943,0.021010080905798367,-7.791038769299344e-17,0.9999999999999991,-5.487937328157182,2.4117730672003304
2026-03-19,1000,910,0.91,909,0.004116278541695284,0.01709327157773603,7.808161931429672e-18,0.999999999999999,-5.538477232832253,2.4251953991859163
2026-03-20,1000,909,0.909,907,-0.04075150169031466,-0.04009361631678435,2.3450255305613868e-17,1.0,-5.570407605033994,2.4323893494069617
2026-03-23,1000,904,0.904,902,-0.001145150211538208,0.0015294946455668976,1.5719972030090712e-17,1.0000000000000002,-5.233347215772647,2.5662731503226266
2026-03-24,1000,908,0.908,905,0.019280084244314807,0.021838304312701035,-7.825360525992294e-18,1.0000000000000002,-5.575893982072906,2.463940116495201
2026-03-25,1000,910,0.91,907,0.03915747065053413,0.03855354964709091,-4.6848971588578034e-17,0.9999999999999994,-5.547518276175882,2.46814459677362
2026-03-26,1000,909,0.909,905,0.019116523686431797,0.02485968230240017,-3.908375884268978e-17,0.9999999999999999,-5.533059663610869,2.463673830716598
2026-03-27,1000,910,0.91,908,0.033626784523723925,0.015933919438786612,-6.246529545143738e-17,1.0000000000000002,-5.56503554205774,2.506723464329156
2026-03-30,1000,910,0.91,906,0.04923753640403213,0.00502103868684665,1.0150610510858574e-16,1.0000000000000002,-5.483053707341244,2.966086354930749
2026-03-31,1000,911,0.911,905,0.03516539190345162,0.017864236579552686,-2.339877285708343e-17,1.0,-5.4580236262076465,2.9561106701378748
2026-04-01,1000,909,0.909,907,0.027672230027778532,-0.02253646531332483,1.407015318336832e-16,1.0000000000000002,-5.863794907152493,2.933862074974246
2026-04-02,1000,910,0.91,909,0.01189363855879774,-0.040057577239304275,0.0,0.9999999999999997,-5.869662085840009,2.8793959409519925
2026-04-03,1000,909,0.909,909,0.005006016693813686,-0.03768520979687257,7.816751768537955e-18,1.0000000000000002,-5.887933150047118,2.8739034259465
2026-04-07,1000,910,0.91,910,0.011075676848120724,-0.032260891575230606,3.9040809657148365e-17,0.9999999999999997,-5.88999228750291,2.9212099315810742
2026-04-08,1000,911,0.911,911,0.0017979236363886227,-0.03226074160557882,1.0919427333305601e-16,1.0000000000000002,-5.89096593080768,2.926489426361261
2026-04-09,1000,910,0.91,910,-0.006380509711254016,-0.02885804834235678,-1.405469147657341e-16,1.0000000000000004,-5.876897045046957,3.002319099957526
2026-04-10,1000,910,0.91,910,-0.009666704467131013,-0.035107269050476585,1.0150610510858574e-16,0.9999999999999981,-5.874244585578265,2.9965479938353083
2026-04-13,1000,910,0.91,910,0.012138266606527072,-0.012267390729432314,-1.171224289714451e-16,0.9999999999999999,-5.862836893538572,3.0028549012383694
2026-04-14,1000,913,0.913,913,0.020213171607348028,-0.009077787535994112,-5.4477537243381174e-17,0.9999999999999991,-5.807380556138717,2.9930056803927285
2026-04-15,1000,913,0.913,913,0.005657616518126385,-0.04327256007447864,0.0,0.9999999999999989,-5.794851857683986,2.9689545165389855
2026-04-16,1000,912,0.912,912,0.01955303707274321,-0.021611752116731844,3.1164155077197375e-17,0.9999999999999998,-5.823740781423328,2.9767687792485007
2026-04-17,1000,913,0.913,912,0.016189207794180996,-0.022239554247395873,-1.556501064096605e-17,0.9999999999999999,-5.790237957887514,2.9786436016412705
2026-04-20,1000,912,0.912,911,0.04017868971057328,0.022493595027327912,3.895519384649672e-17,1.0000000000000002,-5.815712138225341,3.0212601882936085
2026-04-21,1000,911,0.911,911,0.01948359179566708,-0.008816040283369225,3.1198363809444576e-17,1.0000000000000007,-5.822827490477227,3.0134844678547767
2026-04-22,1000,913,0.913,912,0.010555543352454164,-0.017707638063220527,2.3347515961449075e-17,1.0,-5.788569079507179,3.003285266975992
2026-04-23,1000,909,0.909,909,0.014745364840702928,-0.03005787931650672,0.0,0.9999999999999988,-5.797669847637672,2.818767546157454
2026-04-24,1000,910,0.91,908,0.010881950054649737,-0.014912365845245997,-3.5136728691433524e-17,0.9999999999999996,-5.88009591148109,2.781182902845085
2026-04-27,1000,909,0.909,909,0.015428906885785574,0.003763234207453608,1.1725127652806934e-17,0.9999999999999996,-5.928634573347768,2.7544857822279685
2026-04-28,1000,909,0.909,906,0.023719667390717902,0.015785113341821172,7.816751768537956e-17,1.0,-5.912431964144272,2.6632894300359675
2026-04-29,1000,908,0.908,903,0.03915410130023794,0.04825464399622834,-4.695216315595376e-17,1.0000000000000002,-6.0647895680678126,2.4238330285514293
2026-04-30,1000,905,0.905,904,0.09373107665335592,0.10665164911758633,3.533085426431437e-17,1.0,-6.067229832766903,2.3711593998616154
2026-05-06,1000,906,0.906,905,0.10188726337312205,0.10871494146292979,4.705581031523842e-17,0.9999999999999999,-6.0092701768435655,2.305834744338704
2026-05-07,1000,909,0.909,909,0.08849281751042964,0.0830236627767923,-1.055261488752624e-16,1.0000000000000009,-6.00960201327796,2.3180929134589796
2026-05-08,1000,909,0.909,909,0.09867547814596178,0.0979021327605966,-3.908375884268978e-18,0.9999999999999996,-6.003051533970294,2.319308359397075
2026-05-11,1000,910,0.91,910,0.10543092721666114,0.11053289814090154,1.6006731959430828e-16,0.9999999999999999,-5.986728977870353,2.318673209422203
2026-05-12,1000,908,0.908,908,0.08826512703163229,0.08512779365513076,-3.912680262996147e-18,1.0000000000000002,-5.984127870841927,2.3202434314964067
2026-05-13,1000,909,0.909,909,0.10903947169584928,0.09821131602437487,-5.862563826403466e-17,1.0000000000000002,-5.986950275692169,2.3187015796251456
2026-05-14,1000,906,0.906,906,0.12024073583014867,0.10776365384997844,-3.137054021015895e-17,1.0000000000000007,-5.934775319908791,2.2952595320034455
2026-05-15,1000,904,0.904,904,0.12348369989899025,0.09718187050027834,-3.929993007522678e-18,0.9999999999999996,-5.9895780038179485,2.317674948130082
2026-05-18,1000,904,0.904,904,0.11786016657724241,0.09563814849326438,3.1439944060181424e-17,0.9999999999999999,-5.987097891386376,2.3252011564323483
2026-05-19,1000,904,0.904,904,0.09038625179696176,0.05237003162574511,-1.1789979022568034e-17,1.0000000000000007,-5.980438737541903,2.321778491530436
2026-05-20,1000,902,0.902,902,0.09595751957751594,0.061736334505042366,1.2603862275123728e-16,1.0000000000000004,-5.980108449513071,2.3053176126562533
2026-05-21,1000,900,0.9,900,0.0865712711460382,0.056769074434121006,-4.7369515717340015e-17,1.0000000000000002,-5.981366732512046,2.3657092105103534
2026-05-22,1000,900,0.9,900,0.07551880064282798,0.02220178909195014,-6.315935428978668e-17,0.9999999999999999,-5.979062064163071,2.374896377546534
2026-05-25,1000,900,0.9,900,0.0709284454373441,0.023858400807013395,-4.342205607422835e-17,1.0000000000000002,-5.985409919083199,2.3854463975005786
2026-05-26,1000,900,0.9,900,0.06084326987873378,0.013485548622944734,1.5789838572446671e-16,0.9999999999999993,-5.9918089913363675,2.3859641489912207
2026-05-27,1000,897,0.897,897,0.05221411888147531,0.005212368064297473,1.5842647397103683e-17,0.9999999999999999,-5.995488653799333,2.379374489794596
2026-05-28,1000,896,0.896,895,0.06126525141776351,-0.0026064123954857334,-9.912705577010327e-17,1.0,-5.989671552559256,2.389390572554892
2026-05-29,1000,895,0.895,893,0.054606809020531756,-0.0070256565547637964,-5.160366237363856e-17,1.0000000000000007,-5.9904096355169525,2.3899411469021867
2026-06-01,1000,898,0.898,897,0.05532903746217867,0.0006159670797876472,-7.912502625390871e-17,1.000000000000001,-6.000509615816869,2.393559517333914
2026-06-02,1000,896,0.896,895,0.038994505478246955,-0.029034712662763727,9.912705577010327e-17,1.0000000000000004,-6.0051988268657,2.388523400448346
2026-06-03,1000,895,0.895,894,0.05229381603177662,-0.005892085649183911,6.351219984447822e-17,1.0,-6.001601731258546,2.3833747349103924
2026-06-04,1000,895,0.895,895,0.07666494552098736,0.01321270232152859,1.1908537470839668e-17,0.9999999999999997,-5.99385224426776,2.3852516586519013
2026-06-05,1000,895,0.895,895,0.08735842622736913,0.030533046192493717,9.923781225699723e-17,0.9999999999999999,-5.9897411587020155,2.377620485655692
2026-06-08,1000,892,0.892,892,0.08740259930735222,0.03298129479363703,-1.5931451474441708e-17,1.0,-5.993231472482961,2.380010165045733
2026-06-09,1000,894,0.894,894,0.10975495507204602,0.05652305279546139,0.0,0.9999999999999994,-5.971044076220211,2.3781257780432434
2026-06-10,1000,891,0.891,891,0.07617085182564834,0.02904408976585055,-7.57593264839613e-17,0.9999999999999994,-5.964750881032735,2.37237204779606
2026-06-11,1000,891,0.891,891,0.05210042547981024,-0.0012580245826367094,-3.987332972840068e-17,0.9999999999999994,-5.968995531886086,2.3702238821793697
2026-06-12,1000,892,0.892,892,0.07303474659064166,0.020048514325757043,-1.1152016032109196e-16,1.0000000000000009,-5.975441812626737,2.3623549336959107
2026-06-15,1000,892,0.892,892,0.07683978817337717,0.018722147746393965,0.0,1.0000000000000004,-5.984284809634325,2.3603799307042848
2026-06-16,1000,892,0.892,892,0.09428147563814075,0.04970032457956091,-1.3541733753275452e-16,0.9999999999999996,-5.990655518352655,2.371897315613611
2026-06-17,1000,892,0.892,892,0.08485047651013787,0.05852706247732616,-1.9914314343052134e-17,1.0000000000000002,-5.976576675976303,2.3899069160363826
2026-06-18,1000,890,0.89,890,0.08702638332316767,0.05719262109600958,5.98771968337163e-17,0.9999999999999997,-5.976031179331101,2.3856822116528935
2026-06-22,1000,892,0.892,892,0.0883114702581637,0.08338017253239917,-7.169153163498768e-17,1.0000000000000002,-5.97107862966007,2.3893010962394414
2026-06-23,1000,892,0.892,892,0.12207376021484662,0.11738769142309091,4.779435442332513e-17,0.9999999999999994,-5.959445764228366,2.392644431898655
2026-06-24,1000,890,0.89,889,0.10653505336054755,0.09761782490596113,-1.5967252488991017e-17,1.0,-5.488321523079277,2.6054768458800885
2026-06-25,1000,889,0.889,888,0.09305106875632749,0.10818829409064899,-9.990758376829305e-17,1.0000000000000004,-5.6800042589171404,2.458613997802869
2026-06-26,1000,886,0.886,884,0.09789282706866739,0.1159740497971244,-1.6841306378061066e-16,1.0000000000000007,-5.9716605794710045,2.3217049783858443
2026-06-29,1000,884,0.884,883,0.0922294355209106,0.1026577461834884,-1.3664283380001927e-16,1.0000000000000004,-5.495877110840728,2.504577975891777
2026-06-30,1000,881,0.881,880,0.06663691155958244,0.08626087197228617,1.4114072503747733e-16,1.0000000000000009,-5.507368339602931,2.5013357573605526
2026-07-01,1000,889,0.889,889,0.07442526563447867,0.11747450158222633,-5.594824691024411e-17,1.0000000000000002,-5.9633887896411375,2.315965916675299
2026-07-02,1000,886,0.886,886,0.07034866993009775,0.10997178253964744,-4.0098348519193014e-17,1.0,-5.9327489754416165,2.389626175125282
2026-07-03,1000,886,0.886,886,0.0349855096247771,0.0743630434079148,8.420653189030533e-17,1.0000000000000002,-5.625355114418338,2.521957081616041
2026-07-06,1000,896,0.896,896,0.021093112151062073,0.06821116057600825,9.317943242389707e-17,1.0000000000000009,-5.943444163468632,2.399239048251294
2026-07-07,1000,893,0.893,893,0.012294131279564038,0.04875007039533379,3.7794826370218094e-17,1.000000000000001,-5.972595497275859,2.431206410945061
2026-07-08,1000,892,0.892,892,-0.0018255056218628295,0.044520856078382805,3.584576581749384e-17,1.0000000000000002,-5.948668388509491,2.3941897937704413
2026-07-09,1000,892,0.892,892,0.01718162099234543,0.06667326606475754,2.3897177211662563e-17,1.0000000000000016,-5.987822801494181,2.4543245953002555
2026-07-10,1000,894,0.894,894,0.029170869852123596,0.08550983803680404,9.33878875299908e-17,0.9999999999999992,-5.945197442439851,2.404174736937292
2026-07-13,1000,893,0.893,892,-0.0024881110450527565,0.06343457667840165,-6.763284718881133e-17,1.0000000000000007,-5.948761059277688,2.405854992758482
2026-07-14,1000,893,0.893,892,-0.04125230518048836,0.046054400752708426,2.188121526696837e-17,1.0000000000000007,-5.952231448298864,2.409941046531304
2026-07-15,1000,897,0.897,896,-0.0844621677728604,0.0234397180061756,9.901654623189802e-17,0.999999999999999,-5.964814163801951,2.3522810369041864
2026-07-16,1000,899,0.899,898,-0.0902587148070021,-0.010635037276797548,-7.113331058777421e-17,1.0000000000000004,-5.975973658458956,2.365998167671969
2026-07-17,1000,895,0.895,894,-0.09284412706071074,-0.012079731279937932,1.7267379332717518e-16,0.9999999999999999,-5.980111043641397,2.418583476571532
2026-07-20,1000,896,0.896,895,-0.0861278963850809,-0.01648300531983596,-7.93016446160826e-18,0.9999999999999997,-5.9834358213905645,2.309786212327498
2026-07-21,1000,893,0.893,892,-0.109614484710941,-0.03553354110182565,-7.558965274043619e-17,1.0000000000000007,-5.982012217355302,2.309893285804537
2026-07-22,1000,893,0.893,890,-0.07952696220936675,0.0021537070312793714,-1.273088888259978e-16,0.9999999999999999,-5.9814600468024715,2.301488308778244
2026-07-23,1000,894,0.894,892,-0.07416063726577166,0.0019581104926122386,1.5895810643402688e-17,1.0000000000000009,-5.63573142260935,2.3919183113766707
2026-07-24,1000,890,0.89,888,-0.08134963103219363,-0.03064698723035704,8.781988868945058e-17,1.0000000000000007,-5.492751635076582,2.4682536620006488
2026-07-27,1000,895,0.895,894,-0.05231582150803488,0.01927935192720595,1.1908537470839668e-17,1.0,-6.021493812212938,2.2858700790509023
2026-07-28,1000,896,0.896,894,-0.039982277796207916,0.006136574264344872,7.137148015447435e-17,1.0,-6.0125840024376345,2.377869865048869
2026-07-29,1000,901,0.901,900,-0.04285938672744672,-0.05172067716303183,3.5487706003556616e-17,0.999999999999999,-6.047147643989369,2.3391280575630633
2026-07-30,1000,902,0.902,901,-0.03778085674966513,-0.054925590185627066,-1.0240638098538029e-16,0.9999999999999999,-6.023026896420376,2.327605233458632
2026-07-31,1000,905,0.905,904,-0.02128143299726045,-0.05126156587412601,6.281040758100334e-17,0.9999999999999993,-6.0382737764947665,2.305504100521889
2026-08-03,1000,906,0.906,905,-0.002399081742793243,-0.03402002643469824,3.529185773642882e-17,0.9999999999999991,-6.033899241257465,2.301214580304046
2026-08-04,1000,902,0.902,902,0.010766160926947344,-0.011633111847465153,3.938706960976165e-18,0.9999999999999996,-6.05899631812199,2.3174963101211037
2026-08-05,1000,902,0.902,902,0.022079571654726342,-0.0018815133924368918,-3.9387069609761654e-17,0.9999999999999994,-6.055685507038216,2.3194786188560124
2026-08-06,1000,903,0.903,903,0.02968956468212244,0.03378501544937226,-1.258990450959203e-16,1.0000000000000007,-6.035323056008563,2.331874760183814
2026-08-07,1000,903,0.903,903,0.03907269027151103,0.060860126855861556,3.540910643322758e-17,1.0,-6.0277158841363905,2.3389460355417757
2026-08-10,1000,905,0.905,904,0.02446769483961394,0.03766569571836583,6.281040758100334e-17,0.9999999999999993,-6.0190143373520435,2.3331069353770553
2026-08-11,1000,903,0.903,903,0.03643629630820708,0.02895039011065446,7.868690318495018e-18,0.9999999999999997,-6.028535820548297,2.393431549167097
2026-08-12,1000,903,0.903,903,0.05824417491104378,0.05766164834969719,-1.5737380636990037e-17,0.9999999999999994,-6.029059822188135,2.374234751646473
2026-08-13,1000,905,0.905,905,0.06818984834606265,0.053994815661989444,7.851300947625417e-18,1.0,-6.0094215298058575,2.3741315669655165
2026-08-14,1000,897,0.897,896,0.03872869617109887,0.041317153268491495,8.713456068407025e-17,0.9999999999999999,-6.013591940648769,2.3683882362040083
2026-08-17,1000,900,0.9,898,0.058814280583958774,0.06045712119060004,-1.223712489364617e-16,1.0000000000000004,-6.012375527467869,2.3701981836448045
2026-08-18,1000,899,0.899,897,0.07345400539539185,0.0743247080289498,-1.462184717637581e-16,1.0000000000000002,-6.001450447593136,2.3615666578364007
