date,group,formed_count,valid_count,mean_forward_return
2023-01-03,1,177,177,0.06315724184793581
2023-01-03,2,177,177,0.06412999628164585
2023-01-03,3,177,177,0.06995499038432389
2023-01-03,4,177,177,0.08291739928526495
2023-01-03,5,177,177,0.07355234447082637
2023-01-04,1,178,178,0.05176838984960006
2023-01-04,2,177,177,0.04730825463351961
2023-01-04,3,177,177,0.05515564067820693
2023-01-04,4,177,177,0.06419543405018813
2023-01-04,5,177,177,0.05839000641606832
2023-01-05,1,178,178,0.05821125080837317
2023-01-05,2,177,177,0.05717075772127432
2023-01-05,3,178,178,0.06280880394827307
2023-01-05,4,177,177,0.07590773430160222
2023-01-05,5,177,177,0.0660272662812915
2023-01-06,1,178,177,0.056311290705849684
2023-01-06,2,177,177,0.05433859882516404
2023-01-06,3,178,178,0.05283586465626184
2023-01-06,4,177,177,0.07130706942481099
2023-01-06,5,177,177,0.06184018130643546
2023-01-09,1,178,178,0.06604631398278572
2023-01-09,2,177,177,0.0619009632770961
2023-01-09,3,177,177,0.06175239092974436
2023-01-09,4,177,177,0.07527849745514816
2023-01-09,5,177,177,0.07167125360027642
2023-01-10,1,178,178,0.06435038520053876
2023-01-10,2,177,177,0.06382030228779267
2023-01-10,3,177,177,0.06276442745002431
2023-01-10,4,177,177,0.07587884766161224
2023-01-10,5,177,177,0.07049146747183811
2023-01-11,1,177,177,0.06779238365213486
2023-01-11,2,177,177,0.07170100696891006
2023-01-11,3,177,177,0.07148346584978085
2023-01-11,4,177,177,0.07859818571753621
2023-01-11,5,176,175,0.07536629907594747
2023-01-12,1,177,177,0.050023128020968706
2023-01-12,2,177,177,0.05298349020815866
2023-01-12,3,176,176,0.0561036429814461
2023-01-12,4,177,177,0.06083142792531046
2023-01-12,5,176,176,0.05749442407818299
2023-01-13,1,177,177,0.0368361479311099
2023-01-13,2,177,177,0.04276986377297618
2023-01-13,3,176,176,0.04360983164249061
2023-01-13,4,177,177,0.04670408038532301
2023-01-13,5,176,176,0.04551857447255743
2023-01-16,1,178,178,0.04464263634466131
2023-01-16,2,177,177,0.05106633236590362
2023-01-16,3,177,177,0.050987826504301684
2023-01-16,4,177,177,0.05425755135182242
2023-01-16,5,177,177,0.0546842189321907
2023-01-17,1,178,178,0.04691204409067176
2023-01-17,2,177,177,0.04990895462546822
2023-01-17,3,178,178,0.05131786024237159
2023-01-17,4,177,177,0.05162640657734622
2023-01-17,5,177,177,0.052149339480344996
2023-01-18,1,178,178,0.049141780615296796
2023-01-18,2,178,178,0.05623456256951695
2023-01-18,3,178,178,0.05473573633049725
2023-01-18,4,178,178,0.057037431888531887
2023-01-18,5,178,178,0.056944314515063585
2023-01-19,1,178,178,0.03763630189164031
2023-01-19,2,178,178,0.04076292365020349
2023-01-19,3,177,177,0.039762441911794275
2023-01-19,4,178,178,0.04459595711399797
2023-01-19,5,177,177,0.04147710093914349
2023-01-20,1,179,179,0.012096611347324865
2023-01-20,2,179,179,0.014764661136294542
2023-01-20,3,178,178,0.015208771951607863
2023-01-20,4,179,179,0.01904516434861015
2023-01-20,5,178,178,0.01764316492190548
2023-01-30,1,179,179,0.019099970514128338
2023-01-30,2,179,179,0.021328616790874024
2023-01-30,3,179,179,0.019643954723897628
2023-01-30,4,179,179,0.023064790209399194
2023-01-30,5,178,178,0.0242345584744191
2023-01-31,1,179,179,0.018034237489834935
2023-01-31,2,179,179,0.023483294882227584
2023-01-31,3,179,179,0.02411800846453646
2023-01-31,4,179,179,0.026026576891674643
2023-01-31,5,179,179,0.02463358784140279
2023-02-01,1,180,180,0.01423780698969005
2023-02-01,2,179,179,0.017476028454079598
2023-02-01,3,180,180,0.011123273101780424
2023-02-01,4,179,179,0.022508282765753347
2023-02-01,5,179,179,0.018528664567546548
2023-02-02,1,180,180,0.016812369069217428
2023-02-02,2,180,180,0.020824813330187084
2023-02-02,3,179,179,0.017551220646875632
2023-02-02,4,180,180,0.02517660827915006
2023-02-02,5,179,179,0.01748838096819356
2023-02-03,1,180,180,0.02134784071143847
2023-02-03,2,180,180,0.0334103108880154
2023-02-03,3,180,180,0.02771575638405835
2023-02-03,4,180,180,0.027435227561545608
2023-02-03,5,180,179,0.023995876726119594
2023-02-06,1,180,180,0.021025741002279424
2023-02-06,2,180,180,0.02864329146485832
2023-02-06,3,180,180,0.024300064788946637
2023-02-06,4,180,180,0.02610171955845238
2023-02-06,5,179,178,0.020250310433069012
2023-02-07,1,180,180,-0.005093818941835646
2023-02-07,2,180,180,0.004937596732570806
2023-02-07,3,180,180,-0.0013564222767416996
2023-02-07,4,180,180,-0.0033361095213088497
2023-02-07,5,180,179,-0.0017818283815854378
2023-02-08,1,180,180,0.0119341175545262
2023-02-08,2,180,180,0.0240627065579834
2023-02-08,3,180,180,0.01733262538055142
2023-02-08,4,180,180,0.015963649470155813
2023-02-08,5,180,179,0.011611140033651548
2023-02-09,1,181,181,-0.008426295760040284
2023-02-09,2,180,180,0.0010411928734247683
2023-02-09,3,181,181,-0.006249521616104486
2023-02-09,4,180,180,-0.006827067894273923
2023-02-09,5,180,179,-0.015492120671594705
2023-02-10,1,181,181,-0.017776609037659385
2023-02-10,2,180,180,-0.009128067086764327
2023-02-10,3,181,181,-0.01268266860366385
2023-02-10,4,180,180,-0.018185271347028943
2023-02-10,5,180,180,-0.027210757667009075
2023-02-13,1,181,181,-0.019785126251559298
2023-02-13,2,180,180,-0.014516777205826926
2023-02-13,3,180,180,-0.013751485902167475
2023-02-13,4,180,180,-0.018894820997989194
2023-02-13,5,180,180,-0.031885074358787846
2023-02-14,1,181,181,-0.02459351891911446
2023-02-14,2,180,180,-0.01851867539231819
2023-02-14,3,181,181,-0.019096976047990856
2023-02-14,4,180,180,-0.026296418024237943
2023-02-14,5,180,180,-0.03803197121611776
2023-02-15,1,181,181,-0.026778918910286553
2023-02-15,2,181,181,-0.02049857495905613
2023-02-15,3,180,180,-0.023297751792474206
2023-02-15,4,181,181,-0.02832145167457657
2023-02-15,5,180,180,-0.03784820822350805
2023-02-16,1,181,181,-0.015571009127497515
2023-02-16,2,181,181,-0.007197987260834555
2023-02-16,3,180,180,-0.007592482946978694
2023-02-16,4,181,181,-0.015469626414903239
2023-02-16,5,180,180,-0.025186484312345443
2023-02-17,1,181,181,-0.002458587377237587
2023-02-17,2,181,181,0.0007679887544698718
2023-02-17,3,180,180,-0.0005807171662249891
2023-02-17,4,181,181,-0.0044502255515724955
2023-02-17,5,180,180,-0.019001424587296024
2023-02-20,1,182,182,-0.02078942096729719
2023-02-20,2,181,181,-0.02345474691959811
2023-02-20,3,182,182,-0.020412253926269323
2023-02-20,4,181,181,-0.028574359322727977
2023-02-20,5,181,181,-0.04054370081593966
2023-02-21,1,183,183,-0.005910202257167546
2023-02-21,2,182,182,-0.013270791554048842
2023-02-21,3,182,182,-0.0106276424939395
2023-02-21,4,182,182,-0.01163552807836533
2023-02-21,5,182,182,-0.027787149083741074
2023-02-22,1,182,182,-0.008935258904001283
2023-02-22,2,182,182,-0.015610409668882132
2023-02-22,3,182,182,-0.009130215238136192
2023-02-22,4,182,182,-0.01083261867623703
2023-02-22,5,182,182,-0.031677174795443734
2023-02-23,1,182,182,0.0046279813712722705
2023-02-23,2,182,182,-0.0036760873573844994
2023-02-23,3,182,182,0.0034658909893317815
2023-02-23,4,182,182,-0.0017896636943204424
2023-02-23,5,182,182,-0.01897048481495675
2023-02-24,1,182,182,0.008025047341881033
2023-02-24,2,182,182,0.006327482270448737
2023-02-24,3,182,182,0.006395988601501169
2023-02-24,4,182,182,0.007691257731871158
2023-02-24,5,182,182,-0.016275524286336315
2023-02-27,1,181,181,0.007260970855508282
2023-02-27,2,181,181,0.005471501679406322
2023-02-27,3,181,181,0.006491180932463104
2023-02-27,4,181,181,0.009967532916978415
2023-02-27,5,181,181,-0.014310270497422355
2023-02-28,1,182,182,-0.0037833648571109196
2023-02-28,2,182,182,-0.003106556209094424
2023-02-28,3,181,181,-0.005280665876615985
2023-02-28,4,182,182,-0.0062042038797910214
2023-02-28,5,181,181,-0.023854592476537234
2023-03-01,1,183,183,-0.018104115890785616
2023-03-01,2,182,182,-0.019766109410907014
2023-03-01,3,182,182,-0.020543373112577375
2023-03-01,4,182,182,-0.0171126313748189
2023-03-01,5,182,182,-0.035593796265609046
2023-03-02,1,183,183,-0.02118628700849471
2023-03-02,2,182,182,-0.017314503136027767
2023-03-02,3,182,182,-0.01916272532672149
2023-03-02,4,182,182,-0.01515496055030206
2023-03-02,5,182,182,-0.030780281281495965
2023-03-03,1,183,183,-0.012502842170881977
2023-03-03,2,182,182,-0.014299969416260522
2023-03-03,3,183,183,-0.009133532932043505
2023-03-03,4,182,182,-0.006323579234960219
2023-03-03,5,182,181,-0.022004634977160795
2023-03-06,1,182,182,0.0029113527954237745
2023-03-06,2,182,182,0.005247127166061761
2023-03-06,3,182,182,0.005112812224721655
2023-03-06,4,182,182,0.005379214419487116
2023-03-06,5,182,182,-0.011885940492975913
2023-03-07,1,182,182,0.015155841576523386
2023-03-07,2,182,182,0.025473193345090076
2023-03-07,3,181,181,0.027491458969986362
2023-03-07,4,182,182,0.027663578762731993
2023-03-07,5,181,181,0.0015385366718805586
2023-03-08,1,182,182,0.006106612899554902
2023-03-08,2,182,182,0.02170161686051374
2023-03-08,3,182,182,0.02257055711193818
2023-03-08,4,182,182,0.02654626545573056
2023-03-08,5,181,181,0.0006149772598425311
2023-03-09,1,182,182,0.02414259839179252
2023-03-09,2,182,182,0.03317723774849784
2023-03-09,3,182,182,0.039369402877215104
2023-03-09,4,182,182,0.040087633886534
2023-03-09,5,181,181,0.025144493789733078
2023-03-10,1,181,181,0.027149097356237297
2023-03-10,2,181,181,0.026067917834128537
2023-03-10,3,181,181,0.03998047600765053
2023-03-10,4,181,181,0.04132845390515157
2023-03-10,5,180,180,0.018072461016654884
2023-03-13,1,181,181,0.023032717420511065
2023-03-13,2,181,181,0.02398516857607899
2023-03-13,3,180,180,0.03492230907058823
2023-03-13,4,181,181,0.03915389542976195
2023-03-13,5,180,180,0.012355992848649529
2023-03-14,1,181,181,0.03840773859035565
2023-03-14,2,181,181,0.02821575941931091
2023-03-14,3,180,180,0.0448286445215922
2023-03-14,4,181,181,0.05239477314949063
2023-03-14,5,180,180,0.015272810575975527
2023-03-15,1,182,182,0.04159131295838341
2023-03-15,2,181,181,0.024672385459668236
2023-03-15,3,181,181,0.03929840410040387
2023-03-15,4,181,181,0.04881332033379759
2023-03-15,5,181,181,0.01372811292829548
2023-03-16,1,181,181,0.042974353242117985
2023-03-16,2,180,180,0.03182075580328618
2023-03-16,3,181,180,0.03405244400514762
2023-03-16,4,180,180,0.05369820358057819
2023-03-16,5,180,180,0.01708908070910236
2023-03-17,1,181,181,0.04018305661244722
2023-03-17,2,181,181,0.035419228417512945
2023-03-17,3,180,180,0.036195298271355494
2023-03-17,4,181,181,0.05071288122603111
2023-03-17,5,180,180,0.02030472156378823
2023-03-20,1,181,181,0.039742360915347094
2023-03-20,2,180,180,0.03126879842077665
2023-03-20,3,181,181,0.042691809428476196
2023-03-20,4,180,180,0.04984980168049418
2023-03-20,5,180,180,0.03083378077265872
2023-03-21,1,181,181,0.0217974123431525
2023-03-21,2,181,181,0.01499569083868778
2023-03-21,3,180,180,0.025836579990938087
2023-03-21,4,181,181,0.0278246755878326
2023-03-21,5,180,180,0.012006502338829501
2023-03-22,1,181,181,0.01840332571599645
2023-03-22,2,181,181,0.013441420205562729
2023-03-22,3,181,181,0.024839668051040653
2023-03-22,4,181,181,0.024110661104902755
2023-03-22,5,180,180,0.007934416237433548
2023-03-23,1,181,181,-0.012053448154905355
2023-03-23,2,180,180,-0.019535227901889288
2023-03-23,3,181,181,-0.010541284479781792
2023-03-23,4,180,180,-0.00703969096194959
2023-03-23,5,180,180,-0.0253556894837354
2023-03-24,1,181,181,-0.017020565545668477
2023-03-24,2,181,181,-0.020266044920564212
2023-03-24,3,181,181,-0.01779479073330306
2023-03-24,4,181,181,-0.01748938077531507
2023-03-24,5,181,181,-0.02415140430608331
2023-03-27,1,180,180,-0.03066340695241751
2023-03-27,2,180,180,-0.03449180091047055
2023-03-27,3,180,180,-0.033367737950771706
2023-03-27,4,180,180,-0.034081296087727274
2023-03-27,5,179,179,-0.04577545233870759
2023-03-28,1,180,179,-0.01792508975388954
2023-03-28,2,180,180,-0.03554404166943784
2023-03-28,3,179,179,-0.025981947568104267
2023-03-28,4,180,179,-0.03173216499413891
2023-03-28,5,179,178,-0.03407556656064114
2023-03-29,1,179,178,-0.012452823194788774
2023-03-29,2,179,179,-0.01856994965727549
2023-03-29,3,178,178,-0.01455181881147288
2023-03-29,4,179,178,-0.024000960239819107
2023-03-29,5,178,178,-0.03290353063139624
2023-03-30,1,179,179,-0.0018254550843749956
2023-03-30,2,178,178,-0.0009907546237802247
2023-03-30,3,178,178,0.00012421393033579565
2023-03-30,4,178,176,-0.011390078922390811
2023-03-30,5,178,178,-0.028298123883159748
2023-03-31,1,178,178,-0.004831265447497122
2023-03-31,2,178,178,0.004945898420446422
2023-03-31,3,178,178,-0.0019754800879275406
2023-03-31,4,178,177,-0.012148773156055559
2023-03-31,5,178,178,-0.03250513223939234
2023-04-03,1,179,179,-0.029068193056035627
2023-04-03,2,178,178,-0.011772969141442729
2023-04-03,3,179,179,-0.010997002426872307
2023-04-03,4,178,177,-0.02678838746732117
2023-04-03,5,178,178,-0.054567002620596064
2023-04-04,1,179,179,-0.013994403245130651
2023-04-04,2,179,179,0.0003768636431436455
2023-04-04,3,178,178,-0.005808666479129279
2023-04-04,4,179,178,-0.019688113292872296
2023-04-04,5,178,178,-0.046717288874552614
2023-04-06,1,179,179,-0.03128021767769655
2023-04-06,2,179,179,-0.011337592737429878
2023-04-06,3,178,178,-0.02231171326695862
2023-04-06,4,179,177,-0.037163657802947996
2023-04-06,5,178,178,-0.058382814349178906
2023-04-07,1,179,179,-0.038083864352892065
2023-04-07,2,179,179,-0.01965870743975177
2023-04-07,3,178,178,-0.027210344577078445
2023-04-07,4,179,177,-0.04322733117499276
2023-04-07,5,178,178,-0.06252533560673078
2023-04-10,1,179,179,-0.03332447904633021
2023-04-10,2,178,178,-0.015433521641257275
2023-04-10,3,178,178,-0.018490618670204077
2023-04-10,4,178,176,-0.027328524105349493
2023-04-10,5,178,178,-0.053337691431262324
2023-04-11,1,179,179,-0.05497029803984462
2023-04-11,2,179,179,-0.027819156593582153
2023-04-11,3,178,178,-0.04007160441599888
2023-04-11,4,179,177,-0.04036466020831313
2023-04-11,5,178,178,-0.06516801689382297
2023-04-12,1,180,180,-0.054560257121005803
2023-04-12,2,179,179,-0.021911004478877602
2023-04-12,3,180,180,-0.034925812391904024
2023-04-12,4,179,178,-0.03391920482833978
2023-04-12,5,179,179,-0.054553901932585434
2023-04-13,1,180,180,-0.06745056887120719
2023-04-13,2,180,180,-0.03284258582402732
2023-04-13,3,179,179,-0.039052005200361235
2023-04-13,4,180,179,-0.041317332541289976
2023-04-13,5,179,179,-0.06441351268511514
2023-04-14,1,180,180,-0.05576376954484209
2023-04-14,2,180,180,-0.02914468197037375
2023-04-14,3,179,178,-0.03302528023172944
2023-04-14,4,180,179,-0.03523758116612517
2023-04-14,5,179,179,-0.060056125128652195
2023-04-17,1,180,180,-0.0641408813620814
2023-04-17,2,180,180,-0.03741322523333743
2023-04-17,3,179,179,-0.03609839328390795
2023-04-17,4,180,179,-0.038372820140216556
2023-04-17,5,179,179,-0.06694452360009003
2023-04-18,1,180,180,-0.059257442107332615
2023-04-18,2,180,180,-0.03562694706679406
2023-04-18,3,179,179,-0.03784135133405788
2023-04-18,4,180,179,-0.03555021066536383
2023-04-18,5,179,179,-0.06576323675683338
2023-04-19,1,180,180,-0.05346197460021509
2023-04-19,2,179,179,-0.02245346123536607
2023-04-19,3,179,179,-0.034130743991584556
2023-04-19,4,179,178,-0.030415520624393344
2023-04-19,5,179,179,-0.05668020332234189
2023-04-20,1,180,180,-0.06518783941646075
2023-04-20,2,179,179,-0.03167055450579186
2023-04-20,3,180,180,-0.04991826413557589
2023-04-20,4,179,179,-0.03489255955832659
2023-04-20,5,179,179,-0.06109839330138182
2023-04-21,1,179,179,-0.04535890102316244
2023-04-21,2,179,179,-0.021811886591322327
2023-04-21,3,178,178,-0.030472269602927447
2023-04-21,4,179,179,-0.014027171004529769
2023-04-21,5,178,178,-0.04528206920096296
2023-04-24,1,179,179,-0.041419554821945724
2023-04-24,2,179,179,-0.015920441208727244
2023-04-24,3,178,178,-0.029163907663167968
2023-04-24,4,179,179,-0.01309042958546923
2023-04-24,5,178,178,-0.03728558703172118
2023-04-25,1,179,179,-0.01176045950740717
2023-04-25,2,179,179,0.010134557211788443
2023-04-25,3,178,178,0.0013752005306398288
2023-04-25,4,179,179,0.014782110652449961
2023-04-25,5,178,178,-0.010017249879585036
2023-04-26,1,179,178,-0.022439232407442368
2023-04-26,2,179,179,0.0012623492613331626
2023-04-26,3,179,179,-0.0021410578937704518
2023-04-26,4,179,179,-0.005656531362481567
2023-04-26,5,178,177,-0.01573849733822716
2023-04-27,1,179,178,-0.01716800858348111
2023-04-27,2,179,179,-0.008194600676604186
2023-04-27,3,178,178,-0.004757019293425342
2023-04-27,4,179,179,0.0010674687038984532
2023-04-27,5,178,178,-0.015955706910128008
2023-04-28,1,180,180,-0.033494236439583665
2023-04-28,2,179,179,-0.021410556243452488
2023-04-28,3,179,179,-0.020467994989506248
2023-04-28,4,179,178,-0.01872725417763028
2023-04-28,5,179,179,-0.030791230454209225
2023-05-04,1,180,180,-0.03264933729014266
2023-05-04,2,180,180,-0.026389689957793026
2023-05-04,3,180,180,-0.02865910138152577
2023-05-04,4,180,180,-0.020515082457480727
2023-05-04,5,179,179,-0.023701639340473854
2023-05-05,1,180,180,-0.02078325055473023
2023-05-05,2,180,180,-0.012328319644249693
2023-05-05,3,180,180,-0.010807759641723367
2023-05-05,4,180,180,-0.010750463620550734
2023-05-05,5,179,179,-0.004073793900469099
2023-05-08,1,181,181,-0.027624825930694815
2023-05-08,2,180,180,-0.022513532781732928
2023-05-08,3,181,181,-0.019903131441330334
2023-05-08,4,180,180,-0.014859255503021362
2023-05-08,5,180,180,-0.009051979489183798
2023-05-09,1,181,181,-0.032169456911169104
2023-05-09,2,180,180,-0.026569493351282662
2023-05-09,3,180,180,-0.023675374744879008
2023-05-09,4,180,179,-0.020821617261640217
2023-05-09,5,180,180,-0.014559156165190225
2023-05-10,1,181,181,-0.03318821404900644
2023-05-10,2,180,180,-0.026020403866306566
2023-05-10,3,180,180,-0.02300781057285138
2023-05-10,4,180,179,-0.01894954762621574
2023-05-10,5,180,180,-0.02032012633543239
2023-05-11,1,181,181,-0.029678945628153028
2023-05-11,2,180,180,-0.017381509053176557
2023-05-11,3,181,181,-0.019140409127220682
2023-05-11,4,180,179,-0.018205970827347536
2023-05-11,5,180,180,-0.021758515166604767
2023-05-12,1,180,180,-0.01548927154006282
2023-05-12,2,180,180,-0.004494869024293026
2023-05-12,3,180,180,-0.006921501551966353
2023-05-12,4,180,179,-0.001962489284928507
2023-05-12,5,180,180,-0.007028560494682237
2023-05-15,1,181,181,-0.013523380579945041
2023-05-15,2,180,180,-0.008245567397226298
2023-05-15,3,180,180,-0.007657872394016294
2023-05-15,4,180,179,-0.0031300429583816704
2023-05-15,5,180,180,-0.010080897104727454
2023-05-16,1,180,180,0.008634730810755466
2023-05-16,2,180,180,0.0035271440316303306
2023-05-16,3,180,180,0.011626463555138713
2023-05-16,4,180,179,0.014927973744768144
2023-05-16,5,179,179,0.007232703944206006
2023-05-17,1,180,180,0.00046481626361368703
2023-05-17,2,180,180,-0.0009400734812733964
2023-05-17,3,179,178,0.005405912385536154
2023-05-17,4,180,179,0.011578546326671213
2023-05-17,5,179,179,0.0016737031409352475
2023-05-18,1,180,180,0.00350706806409106
2023-05-18,2,179,179,0.009485385417059752
2023-05-18,3,180,179,0.01251665848392237
2023-05-18,4,179,178,0.015167738681175165
2023-05-18,5,179,179,0.011645809312242955
2023-05-19,1,179,179,0.011565241569843938
2023-05-19,2,179,179,0.011978676477445018
2023-05-19,3,179,178,0.02216636092125484
2023-05-19,4,179,179,0.02577101189891488
2023-05-19,5,178,178,0.016733615346023217
2023-05-22,1,179,179,0.008148270748871008
2023-05-22,2,179,179,0.00878301340185353
2023-05-22,3,178,177,0.018276595511075258
2023-05-22,4,179,179,0.02064460897028001
2023-05-22,5,178,178,0.011327657429633754
2023-05-23,1,178,178,0.019109378764905247
2023-05-23,2,178,178,0.020700981672386206
2023-05-23,3,178,178,0.032469289425464926
2023-05-23,4,178,178,0.031737275837244575
2023-05-23,5,178,178,0.019993383806364805
2023-05-24,1,178,178,0.005004160351320432
2023-05-24,2,178,178,0.005421387322381461
2023-05-24,3,178,178,0.012351491025795499
2023-05-24,4,178,178,0.00870496838438813
2023-05-24,5,178,178,0.0037839624003720715
2023-05-25,1,178,178,-0.005321337566082848
2023-05-25,2,178,178,0.0007237935269516465
2023-05-25,3,178,178,-0.0017112701037177666
2023-05-25,4,178,178,0.00043608098700954374
2023-05-25,5,178,178,-0.0069304205286673595
2023-05-26,1,179,179,0.00215921415290068
2023-05-26,2,178,178,0.007990897330229726
2023-05-26,3,178,178,-0.0011681775116986752
2023-05-26,4,178,178,0.00011934114803657553
2023-05-26,5,178,178,-0.0008265217448369638
2023-05-29,1,178,178,0.0031499317748894923
2023-05-29,2,178,178,0.010853009179682103
2023-05-29,3,178,178,0.0029379485467280557
2023-05-29,4,178,178,-0.00024904736791895844
2023-05-29,5,177,177,0.0038293104148625396
2023-05-30,1,178,178,0.0009980192741909251
2023-05-30,2,178,178,0.01185725042299001
2023-05-30,3,177,177,0.0032159125265307114
2023-05-30,4,178,178,0.0021915496487631522
2023-05-30,5,177,177,0.004792231880671394
2023-05-31,1,178,178,0.017144075578704877
2023-05-31,2,177,177,0.026347137884999074
2023-05-31,3,177,177,0.023908876384366406
2023-05-31,4,177,177,0.0192567209305089
2023-05-31,5,177,177,0.023411283569300046
2023-06-01,1,178,178,0.02030230088531621
2023-06-01,2,177,177,0.02694046916960923
2023-06-01,3,178,177,0.020903687208385365
2023-06-01,4,177,177,0.016091111604244753
2023-06-01,5,177,177,0.020787422837490636
2023-06-02,1,178,178,0.011291402966036987
2023-06-02,2,177,177,0.016631329403079737
2023-06-02,3,178,177,0.015097910246204075
2023-06-02,4,177,177,0.01540502096160372
2023-06-02,5,177,177,0.008803745239709795
2023-06-05,1,177,177,0.007580785679911151
2023-06-05,2,177,177,0.011155145011424693
2023-06-05,3,177,176,0.004118553625217898
2023-06-05,4,177,177,0.006826390872081266
2023-06-05,5,177,177,0.004777179016848265
2023-06-06,1,177,177,0.024858046202479507
2023-06-06,2,177,177,0.02240775898886209
2023-06-06,3,176,176,0.016045877129245087
2023-06-06,4,177,177,0.02173804031470135
2023-06-06,5,176,176,0.015687666465294667
2023-06-07,1,177,177,0.02601130861897248
2023-06-07,2,176,176,0.02564171507483658
2023-06-07,3,177,176,0.020340366970113502
2023-06-07,4,176,176,0.017924080704256717
2023-06-07,5,176,176,0.015195075916543122
2023-06-08,1,177,177,0.023783984523223438
2023-06-08,2,177,177,0.02428469586439252
2023-06-08,3,176,176,0.014917655836177202
2023-06-08,4,177,177,0.016691946092641276
2023-06-08,5,176,176,0.015570213865668543
2023-06-09,1,177,177,0.025431917543904746
2023-06-09,2,176,176,0.027632305032194437
2023-06-09,3,176,176,0.022717409481411033
2023-06-09,4,176,176,0.01914919606838215
2023-06-09,5,176,176,0.018465177108249072
2023-06-12,1,177,177,0.01045587569387707
2023-06-12,2,176,176,0.01230416606510895
2023-06-12,3,177,177,0.007670858064010296
2023-06-12,4,176,176,0.003960318501459182
2023-06-12,5,176,176,0.0020881845218110313
2023-06-13,1,177,177,0.01562778880468822
2023-06-13,2,177,177,0.022017490519521895
2023-06-13,3,177,177,0.010079222218555535
2023-06-13,4,177,177,0.007427711666943454
2023-06-13,5,176,176,0.010032142392276235
2023-06-14,1,177,177,0.008412973987016025
2023-06-14,2,176,176,0.017583617193547032
2023-06-14,3,176,176,0.0025693752432201914
2023-06-14,4,176,176,0.006797111827333741
2023-06-14,5,176,176,0.0014458683578562677
2023-06-15,1,177,177,0.005851939055553487
2023-06-15,2,176,176,0.009085774983089026
2023-06-15,3,177,177,-0.002408488614627524
2023-06-15,4,176,176,-0.0056679426239339865
2023-06-15,5,176,176,-0.007183496362515544
2023-06-16,1,177,177,-0.0007238947073353973
2023-06-16,2,177,177,0.0002561436613643496
2023-06-16,3,177,177,-0.013503646739682072
2023-06-16,4,177,177,-0.013610251615367226
2023-06-16,5,176,176,-0.016281803087251766
2023-06-19,1,177,177,0.004681779323373844
2023-06-19,2,177,177,0.007123312824660446
2023-06-19,3,177,177,-0.008369484635758435
2023-06-19,4,177,177,-0.009430323207917457
2023-06-19,5,176,176,-0.011317032480443108
2023-06-20,1,177,177,-0.005749785239322731
2023-06-20,2,177,177,0.0006075040720338081
2023-06-20,3,177,177,-0.01657847783663428
2023-06-20,4,177,177,-0.017674844075137884
2023-06-20,5,176,176,-0.02073710049208423
2023-06-21,1,178,178,0.015540976835301713
2023-06-21,2,177,177,0.022640642780503473
2023-06-21,3,177,177,0.006572257207166052
2023-06-21,4,177,177,0.0028605809621416074
2023-06-21,5,177,177,-0.0011850834627410885
2023-06-26,1,178,178,0.035842963715230124
2023-06-26,2,177,177,0.04099875252957953
2023-06-26,3,178,178,0.0337812671783015
2023-06-26,4,177,177,0.026737032096315616
2023-06-26,5,177,177,0.021185200755690217
2023-06-27,1,178,178,0.025159960285949107
2023-06-27,2,178,178,0.030495700515989984
2023-06-27,3,178,178,0.030014289773198845
2023-06-27,4,178,178,0.02418113067016798
2023-06-27,5,178,178,0.017002818078828735
2023-06-28,1,178,178,0.025923444980630345
2023-06-28,2,178,178,0.024744896333056928
2023-06-28,3,177,177,0.03062281128711136
2023-06-28,4,178,178,0.024369074529233727
2023-06-28,5,177,177,0.018282057288542063
2023-06-29,1,178,178,0.01826510655438797
2023-06-29,2,178,178,0.0130415284479808
2023-06-29,3,177,177,0.017184201893521607
2023-06-29,4,178,178,0.008957040509283079
2023-06-29,5,177,177,0.00478426459676339
2023-06-30,1,179,179,0.02102681891075007
2023-06-30,2,178,178,0.02306011223150851
2023-06-30,3,179,179,0.031208408847723215
2023-06-30,4,178,178,0.012918722657566434
2023-06-30,5,178,178,0.009077334873938366
2023-07-03,1,179,179,0.019520424989506478
2023-07-03,2,179,179,0.017604661429635654
2023-07-03,3,178,177,0.026139416903045786
2023-07-03,4,179,179,0.014916381232811752
2023-07-03,5,178,178,0.011509359204957062
2023-07-04,1,179,179,0.018695618492680394
2023-07-04,2,178,178,0.019431062700828554
2023-07-04,3,179,179,0.018913687006381318
2023-07-04,4,178,178,0.008033506420302998
2023-07-04,5,178,178,0.003663455300739602
2023-07-05,1,175,175,0.016047973986690164
2023-07-05,2,174,174,0.02346758885331562
2023-07-05,3,174,174,0.02807067809411148
2023-07-05,4,174,174,0.014512470613107486
2023-07-05,5,174,174,0.006149077046630133
2023-07-06,1,174,174,0.025222661837131555
2023-07-06,2,174,174,0.03776949385270612
2023-07-06,3,174,174,0.047452859118070255
2023-07-06,4,174,174,0.02848850369864901
2023-07-06,5,174,174,0.022570107544099743
2023-07-07,1,175,175,0.02310435172111324
2023-07-07,2,174,174,0.02974649625539146
2023-07-07,3,175,175,0.03875993518878739
2023-07-07,4,174,174,0.026194153063668384
2023-07-07,5,174,174,0.019673708030504403
2023-07-10,1,175,175,0.019853503507044862
2023-07-10,2,174,174,0.022807956949726104
2023-07-10,3,174,174,0.036427134179822025
2023-07-10,4,174,174,0.022099929421417374
2023-07-10,5,174,174,0.009827611968619927
2023-07-11,1,175,175,0.010919635482889191
2023-07-11,2,174,174,0.009288336241535156
2023-07-11,3,174,174,0.031264365393571324
2023-07-11,4,174,174,0.01062518434487593
2023-07-11,5,174,174,0.0015877983774359003
2023-07-12,1,174,174,0.0118244480713984
2023-07-12,2,174,174,0.014219935181189164
2023-07-12,3,173,173,0.029081181191784877
2023-07-12,4,174,174,0.012734936198776069
2023-07-12,5,173,173,0.0018464999792902888
2023-07-13,1,174,174,0.0075138453578439835
2023-07-13,2,174,174,0.005156053385064027
2023-07-13,3,174,174,0.02597496046644027
2023-07-13,4,174,174,0.004147975750414294
2023-07-13,5,174,174,-0.006438827258066137
2023-07-14,1,174,174,-0.01708599643770944
2023-07-14,2,174,174,-0.020842313435745462
2023-07-14,3,173,173,-0.0015658242028497931
2023-07-14,4,174,174,-0.018420613501606935
2023-07-14,5,173,173,-0.02874600403621964
2023-07-17,1,174,174,-0.006158474266337816
2023-07-17,2,174,174,-0.013491214056676866
2023-07-17,3,174,174,0.0035437239633657326
2023-07-17,4,174,174,-0.008603332159088909
2023-07-17,5,173,173,-0.01655093881238967
2023-07-18,1,174,174,-0.01511774324904802
2023-07-18,2,174,174,-0.01795611052765393
2023-07-18,3,174,174,-0.0007615717906411513
2023-07-18,4,174,174,-0.01399949857513889
2023-07-18,5,173,173,-0.024919246501955997
2023-07-19,1,174,174,-0.025493284697923307
2023-07-19,2,174,174,-0.032028466513455124
2023-07-19,3,173,173,-0.0065009757473324815
2023-07-19,4,174,174,-0.02278595293059683
2023-07-19,5,173,173,-0.037135909701689125
2023-07-20,1,174,174,-0.003359758193120586
2023-07-20,2,173,173,-0.008888060044455436
2023-07-20,3,174,174,0.01590120543268645
2023-07-20,4,173,173,0.0008458506319727781
2023-07-20,5,173,173,-0.012581103532657206
2023-07-21,1,174,174,-0.02554968129795026
2023-07-21,2,174,174,-0.025181987398740932
2023-07-21,3,174,174,-0.008486339559680103
2023-07-21,4,174,174,-0.018468384319221053
2023-07-21,5,173,173,-0.027132246750218025
2023-07-24,1,174,174,-0.04112104432324969
2023-07-24,2,174,174,-0.0424089914958719
2023-07-24,3,174,174,-0.02688648895707675
2023-07-24,4,174,174,-0.03530066445009991
2023-07-24,5,173,173,-0.04257354315508376
2023-07-25,1,175,175,-0.04309332419710202
2023-07-25,2,175,175,-0.04464598326540469
2023-07-25,3,174,174,-0.03666779089220467
2023-07-25,4,175,175,-0.04003140704654076
2023-07-25,5,174,174,-0.055273926577155796
2023-07-26,1,177,177,-0.05039300131270736
2023-07-26,2,176,176,-0.05283818480445071
2023-07-26,3,176,176,-0.047503117827414565
2023-07-26,4,176,176,-0.0466539081216135
2023-07-26,5,176,176,-0.06257838893777971
2023-07-27,1,177,177,-0.04619828076945851
2023-07-27,2,176,176,-0.05471835041336028
2023-07-27,3,177,177,-0.04255751568181452
2023-07-27,4,176,176,-0.04563889262231835
2023-07-27,5,176,176,-0.053608206595477534
2023-07-28,1,177,177,-0.03039928843164175
2023-07-28,2,177,177,-0.03174033678767773
2023-07-28,3,177,177,-0.022933040437238178
2023-07-28,4,177,177,-0.025240493992604564
2023-07-28,5,176,176,-0.03271895329084668
2023-07-31,1,178,178,-0.07133117487651516
2023-07-31,2,177,177,-0.07433145636551002
2023-07-31,3,177,177,-0.06586570642462822
2023-07-31,4,177,176,-0.06666203102553338
2023-07-31,5,177,177,-0.08055058768315684
2023-08-01,1,177,177,-0.046510772870567624
2023-08-01,2,177,177,-0.05481220043381563
2023-08-01,3,177,177,-0.04295817274862735
2023-08-01,4,177,176,-0.0427386089300035
2023-08-01,5,177,177,-0.04695568448333571
2023-08-02,1,178,178,-0.04747963683828661
2023-08-02,2,178,178,-0.05030548238968679
2023-08-02,3,177,177,-0.043413621468833194
2023-08-02,4,178,177,-0.04145797711767874
2023-08-02,5,177,177,-0.0436214013375804
2023-08-03,1,178,178,-0.058552414748950156
2023-08-03,2,178,178,-0.061006009271061756
2023-08-03,3,177,177,-0.05948932127648441
2023-08-03,4,178,177,-0.05046442062302216
2023-08-03,5,177,177,-0.056891710441387626
2023-08-04,1,179,179,-0.05072164383159442
2023-08-04,2,178,178,-0.05101375989402752
2023-08-04,3,178,178,-0.05108504279803961
2023-08-04,4,178,177,-0.04545315758817186
2023-08-04,5,178,178,-0.04743818282548791
2023-08-07,1,179,179,-0.03405724959687576
2023-08-07,2,178,178,-0.035613279014133845
2023-08-07,3,178,178,-0.037462293476814165
2023-08-07,4,178,177,-0.028464293162465435
2023-08-07,5,178,178,-0.03279173856815174
2023-08-08,1,179,179,-0.035673312136671215
2023-08-08,2,178,178,-0.040117424882645435
2023-08-08,3,178,178,-0.04354263728115797
2023-08-08,4,178,177,-0.032929377788291754
2023-08-08,5,178,178,-0.036587514716787076
2023-08-09,1,179,179,-0.03002239454959554
2023-08-09,2,179,179,-0.03401536216448044
2023-08-09,3,178,178,-0.03091924009189589
2023-08-09,4,179,178,-0.022076582501577822
2023-08-09,5,178,178,-0.028935168010216297
2023-08-10,1,179,179,-0.04756366308997814
2023-08-10,2,179,179,-0.05047789434828415
2023-08-10,3,178,178,-0.05212279422524833
2023-08-10,4,179,178,-0.040951595188591025
2023-08-10,5,178,178,-0.04725596657123179
2023-08-11,1,178,178,-0.015950867878964547
2023-08-11,2,178,178,-0.015363518935904952
2023-08-11,3,177,177,-0.014947402004083926
2023-08-11,4,178,177,-0.010133781066277932
2023-08-11,5,177,177,-0.019237669150875603
2023-08-14,1,178,178,-0.01596176850242803
2023-08-14,2,178,178,-0.016935993228612733
2023-08-14,3,178,178,-0.01812444435369321
2023-08-14,4,178,178,-0.009002976122007803
2023-08-14,5,177,177,-0.01759562865854755
2023-08-15,1,177,177,-0.010122267180936883
2023-08-15,2,177,177,-0.00896207005281673
2023-08-15,3,177,177,-0.011146836925652086
2023-08-15,4,177,177,-0.0053866032918453745
2023-08-15,5,177,177,-0.007858062557699202
2023-08-16,1,178,178,-0.008813076558352182
2023-08-16,2,177,177,-0.00909658585569586
2023-08-16,3,177,177,-0.01705860688194095
2023-08-16,4,177,177,-0.0021222110738852375
2023-08-16,5,177,177,-0.00899798861144461
2023-08-17,1,178,178,-0.018311450983912365
2023-08-17,2,178,178,-0.0176566844373402
2023-08-17,3,177,177,-0.023591847596421796
2023-08-17,4,178,178,-0.019171727424006718
2023-08-17,5,177,177,-0.022453797757686158
2023-08-18,1,178,178,-0.0009793055867987346
2023-08-18,2,177,177,-0.008880355249160306
2023-08-18,3,177,177,-0.0037836627590357797
2023-08-18,4,177,177,-0.0065214393934335925
2023-08-18,5,177,177,-0.007725123135478603
2023-08-21,1,178,178,0.010995989377238445
2023-08-21,2,177,177,0.0016587354055184497
2023-08-21,3,177,177,0.008927671390379768
2023-08-21,4,177,177,-0.0013114420148470775
2023-08-21,5,177,177,0.006762041485917649
2023-08-22,1,177,177,-0.00031129596298966935
2023-08-22,2,177,177,-0.004867389179227436
2023-08-22,3,177,177,-0.0005385541775238186
2023-08-22,4,177,177,-0.009719784784679159
2023-08-22,5,177,177,0.003331952084457753
2023-08-23,1,177,177,0.008577603347671922
2023-08-23,2,177,177,0.003840326281416794
2023-08-23,3,177,177,0.0033479426949842655
2023-08-23,4,177,177,-0.0009415391918350159
2023-08-23,5,177,177,0.010456167903882353
2023-08-24,1,178,178,0.0046125092410746775
2023-08-24,2,177,177,0.004656038299783724
2023-08-24,3,177,177,0.0069393859059629715
2023-08-24,4,177,177,-0.004495418809259622
2023-08-24,5,177,177,0.0029344631824784156
2023-08-25,1,177,177,-0.019222565042026667
2023-08-25,2,177,177,-0.024402402076142752
2023-08-25,3,176,176,-0.022721186995146084
2023-08-25,4,177,177,-0.022873475614925514
2023-08-25,5,176,176,-0.01842028784637708
2023-08-28,1,178,178,0.011022248167182024
2023-08-28,2,177,177,0.008822331122833059
2023-08-28,3,177,177,0.014965369210142049
2023-08-28,4,177,176,0.01709663914674558
2023-08-28,5,177,177,0.01728374870876664
2023-08-29,1,178,178,-0.022013682651955222
2023-08-29,2,178,178,-0.015662473602948097
2023-08-29,3,177,177,-0.00904494106659616
2023-08-29,4,178,178,-0.014914262488211026
2023-08-29,5,177,177,-0.018217389743311378
2023-08-30,1,178,178,-0.01629945373244268
2023-08-30,2,178,178,-0.006917872932795591
2023-08-30,3,177,177,-0.0027070403225245
2023-08-30,4,178,178,-0.004700911307427702
2023-08-30,5,177,177,-0.011766336872725694
2023-08-31,1,178,178,-0.007202933572786353
2023-08-31,2,177,177,-0.0034664335835216577
2023-08-31,3,177,177,-0.00019630834307124626
2023-08-31,4,177,177,-0.0004957579971772764
2023-08-31,5,177,177,-0.006955531142556914
2023-09-01,1,177,177,-0.013746238990425012
2023-09-01,2,177,177,-0.008943981167705197
2023-09-01,3,177,177,-0.0006908004956698155
2023-09-01,4,177,177,-0.010536912787238015
2023-09-01,5,176,176,-0.015223176672715538
2023-09-04,1,178,178,-0.02902088407455118
2023-09-04,2,177,177,-0.025831230410698142
2023-09-04,3,178,178,-0.016455303453983817
2023-09-04,4,177,177,-0.019047887759584773
2023-09-04,5,177,177,-0.027909375945429853
2023-09-05,1,178,178,-0.016930985170656596
2023-09-05,2,178,178,-0.011497333167912153
2023-09-05,3,177,177,0.0028299220773908324
2023-09-05,4,178,178,-0.013677196206030319
2023-09-05,5,177,177,-0.016318413455744106
2023-09-06,1,178,178,-0.01414046161044559
2023-09-06,2,178,178,-0.014577268156680027
2023-09-06,3,178,178,-0.007545583834776207
2023-09-06,4,178,178,-0.017988021104696394
2023-09-06,5,178,178,-0.013600680112689572
2023-09-07,1,178,178,0.0028937465883059513
2023-09-07,2,178,178,0.0021754511472919453
2023-09-07,3,177,177,0.00940446142347316
2023-09-07,4,178,178,-4.511185715741775e-05
2023-09-07,5,177,177,0.0023242806285736686
2023-09-08,1,178,178,-0.006795274224182842
2023-09-08,2,177,177,-0.0038567795203437263
2023-09-08,3,178,178,-0.0050985937635803875
2023-09-08,4,177,177,-0.012679614563765595
2023-09-08,5,177,177,-0.011218950995953863
2023-09-11,1,178,178,-0.02143560293785926
2023-09-11,2,178,178,-0.014538804023276095
2023-09-11,3,177,177,-0.015721850556461338
2023-09-11,4,178,178,-0.027172797305334326
2023-09-11,5,177,177,-0.026192234338365934
2023-09-12,1,178,178,-0.03178560632493824
2023-09-12,2,178,178,-0.028570989750590657
2023-09-12,3,177,177,-0.027535553550886892
2023-09-12,4,178,178,-0.0426978987960475
2023-09-12,5,177,177,-0.040589582450619124
2023-09-13,1,178,178,-0.03635853976960379
2023-09-13,2,177,177,-0.03559077193963745
2023-09-13,3,178,178,-0.03181732738084356
2023-09-13,4,177,177,-0.05048874866172488
2023-09-13,5,177,177,-0.04230207753958346
2023-09-14,1,178,178,-0.044875149091481145
2023-09-14,2,178,178,-0.04552441814403687
2023-09-14,3,177,177,-0.04336097040820596
2023-09-14,4,178,178,-0.056985596475231784
2023-09-14,5,177,177,-0.042237832052543015
2023-09-15,1,178,178,-0.05452897874092433
2023-09-15,2,178,178,-0.04727230717259363
2023-09-15,3,177,177,-0.048880090660990916
2023-09-15,4,178,178,-0.0685705724273608
2023-09-15,5,177,177,-0.04958255686978543
2023-09-18,1,178,178,-0.040624125300244576
2023-09-18,2,178,178,-0.03764227102918375
2023-09-18,3,177,177,-0.03536025497229787
2023-09-18,4,178,178,-0.05513037655370719
2023-09-18,5,177,177,-0.04207435559213408
2023-09-19,1,178,178,-0.03150803888568072
2023-09-19,2,178,178,-0.03349774240874376
2023-09-19,3,177,177,-0.03147465985716209
2023-09-19,4,178,178,-0.05128746149779464
2023-09-19,5,177,177,-0.03700870550597917
2023-09-20,1,178,178,-0.019629509841202757
2023-09-20,2,178,178,-0.024329041250384174
2023-09-20,3,177,177,-0.016718135686931156
2023-09-20,4,178,178,-0.0393885228673729
2023-09-20,5,177,177,-0.026799629918890382
2023-09-21,1,178,178,0.000768769537050827
2023-09-21,2,178,178,-0.004247811670453723
2023-09-21,3,177,177,0.001094393051388644
2023-09-21,4,178,178,-0.016053625445978836
2023-09-21,5,177,177,-0.003936643140812512
2023-09-22,1,178,178,0.00012115645334394844
2023-09-22,2,177,177,-0.012169143573832485
2023-09-22,3,178,178,-0.006740080067662049
2023-09-22,4,177,177,-0.016137075511987817
2023-09-22,5,177,177,-0.008165477194212343
2023-09-25,1,178,178,0.00837392174055256
2023-09-25,2,177,177,-0.005177932225560897
2023-09-25,3,177,177,-0.001434481404514949
2023-09-25,4,177,177,-0.015831138243261024
2023-09-25,5,177,177,-0.006464280041418729
2023-09-26,1,178,178,0.012491577308399076
2023-09-26,2,177,177,-0.0005599222599107037
2023-09-26,3,177,177,-0.002489869019713543
2023-09-26,4,177,177,-0.014866661120813661
2023-09-26,5,177,177,-0.001693293163342439
2023-09-27,1,177,177,0.00370649908703493
2023-09-27,2,177,177,-0.012735213050208147
2023-09-27,3,177,177,-0.019810694222302822
2023-09-27,4,177,177,-0.024518792694026237
2023-09-27,5,176,176,-0.01683811802450642
2023-09-28,1,177,177,0.011735887095326572
2023-09-28,2,177,177,0.0012230486294426647
2023-09-28,3,177,177,-0.006714763656643545
2023-09-28,4,177,177,-0.012443271919394509
2023-09-28,5,176,176,-0.006555756322027161
2023-10-09,1,177,177,0.020956643551555732
2023-10-09,2,177,177,0.008513020345351393
2023-10-09,3,177,177,0.0020739089676025213
2023-10-09,4,177,177,-0.0010999257626867114
2023-10-09,5,176,176,0.009694657499618927
2023-10-10,1,177,177,0.026631048529549325
2023-10-10,2,177,177,0.016419468419674337
2023-10-10,3,176,176,0.009679581823817653
2023-10-10,4,177,177,0.0016607171814391284
2023-10-10,5,176,176,0.01285311226335566
2023-10-11,1,177,177,0.019536613709612394
2023-10-11,2,177,177,0.009226887682713453
2023-10-11,3,176,176,0.0019340645413236115
2023-10-11,4,177,177,0.0022336400593190127
2023-10-11,5,176,176,0.014176980014032685
2023-10-12,1,177,177,0.007091907099776778
2023-10-12,2,177,177,-0.0001222641577033717
2023-10-12,3,176,176,-0.0018106365085494866
2023-10-12,4,177,177,-0.004195072029250135
2023-10-12,5,176,176,0.002381922528239941
2023-10-13,1,177,177,0.006264253107648596
2023-10-13,2,177,177,0.0013441743305489882
2023-10-13,3,177,177,-0.0007355309419719822
2023-10-13,4,177,177,9.38410773621365e-05
2023-10-13,5,176,176,0.00591922165107813
2023-10-16,1,177,177,0.016674458839438366
2023-10-16,2,177,177,0.005301972504495947
2023-10-16,3,176,176,0.008699157267867104
2023-10-16,4,177,177,0.012467613099936789
2023-10-16,5,176,176,0.017298692513546973
2023-10-17,1,177,177,0.03409956450869032
2023-10-17,2,177,177,0.01717072931538342
2023-10-17,3,177,177,0.026182323219697375
2023-10-17,4,177,177,0.02571827927931676
2023-10-17,5,177,177,0.034345533001565696
2023-10-18,1,178,178,0.04481187472031997
2023-10-18,2,177,177,0.028381042164541674
2023-10-18,3,177,177,0.03523170894268731
2023-10-18,4,177,177,0.0407909486380985
2023-10-18,5,177,176,0.048146447760158105
2023-10-19,1,177,177,0.05452851368940117
2023-10-19,2,177,177,0.03777810472975538
2023-10-19,3,177,177,0.04243816378443957
2023-10-19,4,177,177,0.05163455992996157
2023-10-19,5,176,175,0.05135852167113618
2023-10-20,1,177,177,0.07351834382585326
2023-10-20,2,177,177,0.051699570222316166
2023-10-20,3,177,177,0.0629313505014059
2023-10-20,4,177,177,0.07422188344624535
2023-10-20,5,176,175,0.06519992704527847
2023-10-23,1,176,176,0.10030628332821646
2023-10-23,2,176,176,0.07219995060952974
2023-10-23,3,176,176,0.0824823648216465
2023-10-23,4,176,176,0.09809054891870671
2023-10-23,5,176,176,0.09054954690266023
2023-10-24,1,177,177,0.0732652974876737
2023-10-24,2,176,176,0.046145320032794306
2023-10-24,3,177,177,0.053475512750960796
2023-10-24,4,176,176,0.07317487369953929
2023-10-24,5,176,176,0.06336625290028887
2023-10-25,1,178,178,0.06318654958013668
2023-10-25,2,177,177,0.039401563723246484
2023-10-25,3,177,177,0.05250457439387849
2023-10-25,4,177,177,0.07022013033440747
2023-10-25,5,177,177,0.05746133422186215
2023-10-26,1,177,177,0.0640015909156103
2023-10-26,2,177,177,0.04398121444978253
2023-10-26,3,177,177,0.053516212175764126
2023-10-26,4,177,177,0.07014717059979013
2023-10-26,5,177,177,0.06560694885177101
2023-10-27,1,178,178,0.03753331470468365
2023-10-27,2,178,178,0.017655098593302873
2023-10-27,3,177,177,0.029819629354754625
2023-10-27,4,178,178,0.040565395231158936
2023-10-27,5,177,177,0.0377580368513524
2023-10-30,1,178,178,0.022939840990622008
2023-10-30,2,177,177,0.006265786210732937
2023-10-30,3,178,178,0.011625042957290263
2023-10-30,4,177,177,0.022917421061522628
2023-10-30,5,177,177,0.01571359013632495
2023-10-31,1,178,178,0.028275494470047128
2023-10-31,2,178,178,0.012086448763212186
2023-10-31,3,178,178,0.01555080200541094
2023-10-31,4,178,178,0.034592382373993376
2023-10-31,5,177,177,0.026148073351944235
2023-11-01,1,178,178,0.02261550220273709
2023-11-01,2,178,178,0.004271546435302916
2023-11-01,3,178,178,0.011628457235384398
2023-11-01,4,178,178,0.02811571193607708
2023-11-01,5,177,176,0.020685232533632657
2023-11-02,1,178,178,0.02913732215157694
2023-11-02,2,178,178,0.007823757104027645
2023-11-02,3,178,178,0.020309565597417305
2023-11-02,4,178,178,0.034175848204099434
2023-11-02,5,178,177,0.02603888585588841
2023-11-03,1,178,178,0.02380219056255846
2023-11-03,2,178,178,-0.004033649113114203
2023-11-03,3,177,177,0.010514076477001835
2023-11-03,4,178,177,0.02390482498646044
2023-11-03,5,177,176,0.016392547814289303
2023-11-06,1,178,178,0.01137880852313103
2023-11-06,2,178,178,-0.015057546319218474
2023-11-06,3,177,177,-0.0043648479524726865
2023-11-06,4,178,177,0.012046332910992759
2023-11-06,5,177,176,-0.0031806998358429994
2023-11-07,1,178,177,-0.007279218100203671
2023-11-07,2,178,178,-0.033407091295081334
2023-11-07,3,178,178,-0.027686011459758374
2023-11-07,4,178,178,-0.007775044986326524
2023-11-07,5,177,176,-0.017956681489154372
2023-11-08,1,178,177,-0.0028103132961610107
2023-11-08,2,178,178,-0.027736426111018737
2023-11-08,3,178,178,-0.02714535760119566
2023-11-08,4,178,178,-0.002728902807942411
2023-11-08,5,177,176,-0.013257941850646361
2023-11-09,1,178,177,0.007188477870591533
2023-11-09,2,178,178,-0.02149385231678761
2023-11-09,3,177,177,-0.016662656311778757
2023-11-09,4,178,178,0.005227347555771359
2023-11-09,5,177,177,-0.0074707397454533775
2023-11-10,1,178,177,-0.008206330715287011
2023-11-10,2,177,177,-0.029695741265322057
2023-11-10,3,178,178,-0.02615477278745701
2023-11-10,4,177,177,-0.004320804079040394
2023-11-10,5,177,177,-0.019861179702100357
2023-11-13,1,178,177,0.0017673197153767594
2023-11-13,2,178,178,-0.021531082169717577
2023-11-13,3,177,177,-0.013648997850522086
2023-11-13,4,178,178,0.00864791680652799
2023-11-13,5,177,177,-0.007268982052587362
2023-11-14,1,178,178,-0.007072090812520422
2023-11-14,2,178,178,-0.028475698320327685
2023-11-14,3,178,178,-0.022120341735490847
2023-11-14,4,178,178,-0.0010128910722071506
2023-11-14,5,177,177,-0.01544134638797831
2023-11-15,1,179,179,-0.005973598173554025
2023-11-15,2,178,178,-0.03233503722535689
2023-11-15,3,178,178,-0.02093117387749142
2023-11-15,4,178,178,0.0008642708037050105
2023-11-15,5,178,177,-0.019978535672271296
2023-11-16,1,178,178,-0.010656711283671558
2023-11-16,2,178,178,-0.03074849316304031
2023-11-16,3,178,178,-0.02091770465942449
2023-11-16,4,178,178,-0.00019852394099261007
2023-11-16,5,178,178,-0.02020159452129436
2023-11-17,1,178,178,-0.024238660520319234
2023-11-17,2,178,178,-0.04711933427807653
2023-11-17,3,178,178,-0.0383038765221693
2023-11-17,4,178,178,-0.015760570114183064
2023-11-17,5,178,177,-0.03747495579686155
2023-11-20,1,178,178,-0.043157593258325244
2023-11-20,2,178,178,-0.060480685832905064
2023-11-20,3,177,177,-0.05819614802476751
2023-11-20,4,178,178,-0.03423040065010777
2023-11-20,5,177,176,-0.05209927243473698
2023-11-21,1,178,178,-0.04092963921328285
2023-11-21,2,178,178,-0.0537080359463232
2023-11-21,3,178,178,-0.05029620553217991
2023-11-21,4,178,178,-0.027582291419493754
2023-11-21,5,178,177,-0.04454421079831866
2023-11-22,1,178,178,-0.0570990518977502
2023-11-22,2,178,178,-0.061302253210530955
2023-11-22,3,178,178,-0.06277944725563342
2023-11-22,4,178,178,-0.041097271331164906
2023-11-22,5,178,178,-0.0541756973286431
2023-11-23,1,178,178,-0.04887801782022769
2023-11-23,2,178,178,-0.05929689812718989
2023-11-23,3,178,178,-0.06397074164317261
2023-11-23,4,178,178,-0.03799526114869232
2023-11-23,5,178,178,-0.05346283380490388
2023-11-24,1,178,178,-0.052206185259358134
2023-11-24,2,178,178,-0.05701858138265111
2023-11-24,3,178,178,-0.06391555305129233
2023-11-24,4,178,178,-0.04527752107816666
2023-11-24,5,178,178,-0.05650094903670374
2023-11-27,1,178,178,-0.04759441912392517
2023-11-27,2,178,178,-0.05171026620081108
2023-11-27,3,178,178,-0.05848825603590381
2023-11-27,4,178,178,-0.04040467720232241
2023-11-27,5,177,177,-0.04692347677494911
2023-11-28,1,178,178,-0.06136970697287818
2023-11-28,2,178,178,-0.06593061466203548
2023-11-28,3,178,178,-0.07481721004487737
2023-11-28,4,178,178,-0.05864955699373015
2023-11-28,5,178,178,-0.06219650587666719
2023-11-29,1,178,178,-0.04995776167230222
2023-11-29,2,178,178,-0.053365601521974074
2023-11-29,3,178,178,-0.062001974184306974
2023-11-29,4,178,178,-0.04645496483424739
2023-11-29,5,178,177,-0.05292973469792907
2023-11-30,1,178,178,-0.03943873537621411
2023-11-30,2,178,178,-0.0359031399983549
2023-11-30,3,177,177,-0.0407201887490353
2023-11-30,4,178,178,-0.03271059061112964
2023-11-30,5,177,177,-0.03298695044492388
2023-12-01,1,178,178,-0.03670458081733266
2023-12-01,2,178,178,-0.028816655480653278
2023-12-01,3,178,178,-0.03639477758581042
2023-12-01,4,178,177,-0.01906259941762927
2023-12-01,5,177,177,-0.025017879782451964
2023-12-04,1,178,178,-0.039101009082125014
2023-12-04,2,178,178,-0.030271564410996158
2023-12-04,3,178,178,-0.03834452949743103
2023-12-04,4,178,178,-0.021887707476293698
2023-12-04,5,177,177,-0.027823412405164272
2023-12-05,1,178,177,-0.024229745438142592
2023-12-05,2,178,178,-0.011965605146674448
2023-12-05,3,178,178,-0.019505031830180056
2023-12-05,4,178,178,-0.010091660591622295
2023-12-05,5,177,177,-0.013605887258159628
2023-12-06,1,178,178,-0.03478647198155847
2023-12-06,2,178,178,-0.02030783595163397
2023-12-06,3,177,177,-0.03255595868413844
2023-12-06,4,178,178,-0.017766806945105844
2023-12-06,5,177,177,-0.0295480613840551
2023-12-07,1,178,178,-0.05033773959582809
2023-12-07,2,178,178,-0.03254873700255889
2023-12-07,3,177,177,-0.04941853798055522
2023-12-07,4,178,178,-0.034682482307624315
2023-12-07,5,177,177,-0.04374631052622071
2023-12-08,1,177,177,-0.052339369375010956
2023-12-08,2,177,177,-0.042211411477122894
2023-12-08,3,177,177,-0.06200541984643108
2023-12-08,4,177,177,-0.04326926550270155
2023-12-08,5,177,177,-0.04936003968680291
2023-12-11,1,177,177,-0.06509276484894207
2023-12-11,2,177,177,-0.053371740174828715
2023-12-11,3,177,177,-0.07561692669833012
2023-12-11,4,177,177,-0.05791190614203935
2023-12-11,5,177,177,-0.06162376304156049
2023-12-12,1,178,178,-0.07336444378380058
2023-12-12,2,177,177,-0.06067101200356125
2023-12-12,3,177,177,-0.0853522190366326
2023-12-12,4,177,177,-0.06854673520257429
2023-12-12,5,177,177,-0.06212369642908382
2023-12-13,1,178,178,-0.05887644267147006
2023-12-13,2,177,177,-0.04829777546590999
2023-12-13,3,177,176,-0.06825628791969653
2023-12-13,4,177,177,-0.056212236245898245
2023-12-13,5,177,177,-0.044449131338852504
2023-12-14,1,178,178,-0.060076405710328136
2023-12-14,2,177,177,-0.044552150711900204
2023-12-14,3,177,177,-0.07119015072029246
2023-12-14,4,177,177,-0.05752361262878892
2023-12-14,5,177,177,-0.0414276177044124
2023-12-15,1,178,178,-0.051293847352324104
2023-12-15,2,177,177,-0.03398387417953443
2023-12-15,3,178,178,-0.0580201866852606
2023-12-15,4,177,176,-0.04929274007764484
2023-12-15,5,177,177,-0.03469303467693242
2023-12-18,1,177,177,-0.0416189452636501
2023-12-18,2,176,176,-0.025622260523271923
2023-12-18,3,177,177,-0.04966578764094471
2023-12-18,4,176,176,-0.0433735347540138
2023-12-18,5,176,176,-0.027519668640589544
2023-12-19,1,177,177,-0.06630796593494478
2023-12-19,2,176,176,-0.051785647661644625
2023-12-19,3,177,177,-0.07405637202803785
2023-12-19,4,176,176,-0.07107218837050744
2023-12-19,5,176,176,-0.05374641327180496
2023-12-20,1,176,176,-0.04841493695377266
2023-12-20,2,176,176,-0.03727812696697641
2023-12-20,3,176,176,-0.05184189358042106
2023-12-20,4,176,176,-0.05382742988492494
2023-12-20,5,175,175,-0.031080322460235794
2023-12-21,1,176,176,-0.07002931288248761
2023-12-21,2,176,176,-0.055722771541383116
2023-12-21,3,176,176,-0.06539545751760019
2023-12-21,4,176,176,-0.07033675332561677
2023-12-21,5,176,176,-0.05354727782472663
2023-12-22,1,177,177,-0.10417111558484504
2023-12-22,2,176,176,-0.09131307429775144
2023-12-22,3,176,176,-0.09764836210458769
2023-12-22,4,176,176,-0.10635925622799255
2023-12-22,5,176,176,-0.09226252611127311
2023-12-25,1,176,176,-0.09190795634006052
2023-12-25,2,176,176,-0.07658294275240576
2023-12-25,3,176,176,-0.08109606864054975
2023-12-25,4,176,176,-0.09227449028341632
2023-12-25,5,176,176,-0.07863314001322738
2023-12-26,1,176,176,-0.0663205807014969
2023-12-26,2,175,175,-0.051735391754088464
2023-12-26,3,175,175,-0.05849470365108207
2023-12-26,4,175,175,-0.07244431826526736
2023-12-26,5,175,175,-0.06172174804447573
2023-12-27,1,176,176,-0.044084818381585
2023-12-27,2,176,176,-0.026455243655957503
2023-12-27,3,175,175,-0.03983612936285753
2023-12-27,4,176,176,-0.04869078246938936
2023-12-27,5,175,175,-0.04169333179882766
2023-12-28,1,177,177,-0.05312358113909863
2023-12-28,2,177,177,-0.03621794143937442
2023-12-28,3,176,176,-0.056847531595707684
2023-12-28,4,177,177,-0.06468545551002466
2023-12-28,5,176,176,-0.06127584852768435
2023-12-29,1,177,177,-0.0866838380301446
2023-12-29,2,176,176,-0.07094743431642106
2023-12-29,3,177,177,-0.09313804936571206
2023-12-29,4,176,175,-0.10724119852978711
2023-12-29,5,176,176,-0.09716537287737559
2024-01-02,1,177,177,-0.10627362649278785
2024-01-02,2,177,177,-0.09164447009170014
2024-01-02,3,176,176,-0.10565876832218185
2024-01-02,4,177,176,-0.12458443562093059
2024-01-02,5,176,176,-0.11968837059703684
2024-01-03,1,177,177,-0.1403151088946584
2024-01-03,2,177,177,-0.11698010370622067
2024-01-03,3,176,176,-0.13275232446764285
2024-01-03,4,177,176,-0.14860768105349118
2024-01-03,5,176,176,-0.1463334220597514
2024-01-04,1,177,177,-0.140352841960082
2024-01-04,2,176,176,-0.11412913697442278
2024-01-04,3,176,176,-0.12509055456877557
2024-01-04,4,176,175,-0.14749301650491922
2024-01-04,5,176,175,-0.14143613148731227
2024-01-05,1,176,176,-0.1628082443124463
2024-01-05,2,176,176,-0.13348092183143515
2024-01-05,3,176,176,-0.14795189591386174
2024-01-05,4,176,175,-0.16549308665205487
2024-01-05,5,176,175,-0.16335492661285547
2024-01-08,1,176,176,-0.2048744692716074
2024-01-08,2,176,176,-0.1571456663280488
2024-01-08,3,176,176,-0.17215099456370733
2024-01-08,4,176,176,-0.19846192841336707
2024-01-08,5,175,175,-0.18552935653967634
2024-01-09,1,176,176,-0.15692566502403382
2024-01-09,2,175,175,-0.1035595236039392
2024-01-09,3,176,176,-0.11039797457966717
2024-01-09,4,175,175,-0.1480671138359453
2024-01-09,5,175,175,-0.12988964268397846
2024-01-10,1,176,176,-0.13769617018771224
2024-01-10,2,175,175,-0.07203181314165168
2024-01-10,3,176,176,-0.07470712850789724
2024-01-10,4,175,175,-0.1142768253285517
2024-01-10,5,175,175,-0.10779787407724431
2024-01-11,1,177,177,-0.107933946001978
2024-01-11,2,176,176,-0.05116420870118041
2024-01-11,3,176,175,-0.055580604086768744
2024-01-11,4,176,176,-0.0849859047228737
2024-01-11,5,176,176,-0.0858964345156073
2024-01-12,1,176,176,-0.0983899153962339
2024-01-12,2,176,176,-0.052138762092886794
2024-01-12,3,176,176,-0.05270552079939451
2024-01-12,4,176,176,-0.08284373093033812
2024-01-12,5,175,175,-0.08365079131834562
2024-01-15,1,176,176,-0.09525259763234319
2024-01-15,2,176,176,-0.050603074132294215
2024-01-15,3,176,176,-0.05276866719251519
2024-01-15,4,176,176,-0.08001273848344587
2024-01-15,5,175,175,-0.08121980235612315
2024-01-16,1,176,176,-0.08117812916598843
2024-01-16,2,175,175,-0.037351779784706905
2024-01-16,3,176,176,-0.03550300430494222
2024-01-16,4,175,175,-0.0641045166111779
2024-01-16,5,175,175,-0.06564913848918649
2024-01-17,1,175,175,-0.03892597372443966
2024-01-17,2,175,175,0.005416894368588889
2024-01-17,3,175,175,0.0069388259294430234
2024-01-17,4,175,175,-0.017127247443430027
2024-01-17,5,174,174,-0.025638268583645502
2024-01-18,1,175,175,-0.02453161963307324
2024-01-18,2,175,175,0.01589003496799108
2024-01-18,3,175,175,0.007298557569323026
2024-01-18,4,175,175,-0.009850959172511237
2024-01-18,5,175,175,-0.02051454845907826
2024-01-19,1,175,175,-0.017993905241723417
2024-01-19,2,175,175,0.014548292184436377
2024-01-19,3,174,174,0.018175091362343968
2024-01-19,4,175,175,-0.0023657986774793505
2024-01-19,5,174,174,-0.014525259447988055
2024-01-22,1,174,174,0.06366314648197031
2024-01-22,2,174,174,0.08236750138038942
2024-01-22,3,173,173,0.10386813690191789
2024-01-22,4,174,174,0.0838555825023446
2024-01-22,5,173,173,0.06634951816345751
2024-01-23,1,174,174,-0.0015291308162062314
2024-01-23,2,174,174,0.023580978389460678
2024-01-23,3,174,174,0.035907677479404404
2024-01-23,4,174,174,0.015583752307354412
2024-01-23,5,173,173,0.005084645510200588
2024-01-24,1,176,176,0.020441190343076693
2024-01-24,2,175,175,0.04286172532223204
2024-01-24,3,176,176,0.06176932310542991
2024-01-24,4,175,175,0.04890833498949088
2024-01-24,5,175,175,0.03942545326267289
2024-01-25,1,177,177,0.0010759716806966585
2024-01-25,2,177,177,0.020241446215301544
2024-01-25,3,177,177,0.040645740327432844
2024-01-25,4,177,177,0.030866888003523833
2024-01-25,5,176,176,0.021804773467113927
2024-01-26,1,177,177,-0.005981589066059425
2024-01-26,2,177,177,0.014111948416634325
2024-01-26,3,177,177,0.035223163831040946
2024-01-26,4,177,177,0.024932036558519027
2024-01-26,5,176,176,0.01918082866216428
2024-01-29,1,176,176,0.018324868105279224
2024-01-29,2,176,176,0.03421560389691314
2024-01-29,3,176,176,0.06159988240439895
2024-01-29,4,176,175,0.05080579645811429
2024-01-29,5,176,176,0.04596063492560045
2024-01-30,1,175,175,0.0525851636741789
2024-01-30,2,175,175,0.06762164826758287
2024-01-30,3,175,175,0.09136264165194316
2024-01-30,4,175,175,0.08553830697875967
2024-01-30,5,175,175,0.08448803262624174
2024-01-31,1,173,173,0.0860014542669508
2024-01-31,2,173,173,0.09442603929308206
2024-01-31,3,172,172,0.11501447655104445
2024-01-31,4,173,173,0.11373179250193963
2024-01-31,5,172,172,0.10592732349205317
2024-02-01,1,173,173,0.09834158140357234
2024-02-01,2,173,173,0.10852087316945573
2024-02-01,3,172,172,0.11864864984118
2024-02-01,4,173,173,0.1275867158144721
2024-02-01,5,172,171,0.11606131962987204
2024-02-02,1,172,172,0.16944581360827782
2024-02-02,2,172,172,0.16288929844561248
2024-02-02,3,172,172,0.18870242102111004
2024-02-02,4,172,172,0.19931356387885135
2024-02-02,5,171,171,0.19373898208265045
2024-02-05,1,171,171,0.26783606640900354
2024-02-05,2,170,170,0.21843118952345725
2024-02-05,3,170,170,0.25488736831897113
2024-02-05,4,170,170,0.286768855259254
2024-02-05,5,170,170,0.27372553433589775
2024-02-06,1,172,172,0.19227298853669
2024-02-06,2,171,171,0.14602990514528527
2024-02-06,3,171,171,0.16503903759315536
2024-02-06,4,171,171,0.2035569251685505
2024-02-06,5,171,171,0.18577716278606693
2024-02-07,1,171,171,0.16061103549751402
2024-02-07,2,171,171,0.1020608774653851
2024-02-07,3,171,171,0.13110658090039393
2024-02-07,4,171,171,0.16257008828368305
2024-02-07,5,170,170,0.15360052157896706
2024-02-08,1,173,173,0.13567946798279212
2024-02-08,2,173,173,0.07816373816752152
2024-02-08,3,173,173,0.09754449058794111
2024-02-08,4,173,172,0.12374095979982187
2024-02-08,5,172,172,0.11570443438517103
2024-02-19,1,174,174,0.14050687017152352
2024-02-19,2,173,173,0.09393818213077465
2024-02-19,3,173,173,0.11749995477557557
2024-02-19,4,173,172,0.13083938962870847
2024-02-19,5,173,173,0.12506361133551633
2024-02-20,1,174,174,0.13053726478980598
2024-02-20,2,174,174,0.0860668682212822
2024-02-20,3,174,174,0.10874065995838798
2024-02-20,4,174,172,0.11809090640677328
2024-02-20,5,173,173,0.12050238319032211
2024-02-21,1,174,174,0.12953997136036227
2024-02-21,2,174,174,0.0829551606640081
2024-02-21,3,174,174,0.103640051663597
2024-02-21,4,174,172,0.11200536635749635
2024-02-21,5,173,173,0.10744774728206222
2024-02-22,1,175,175,0.09979610162173021
2024-02-22,2,174,174,0.060693665953794364
2024-02-22,3,174,174,0.0791453263238499
2024-02-22,4,174,172,0.08325512381658424
2024-02-22,5,174,174,0.08161158444807391
2024-02-23,1,175,175,0.0660872457768343
2024-02-23,2,174,174,0.03465268388045393
2024-02-23,3,174,174,0.056540869090351345
2024-02-23,4,174,172,0.05565791523753137
2024-02-23,5,174,174,0.05231842619429292
2024-02-26,1,175,175,0.04702632837936022
2024-02-26,2,174,174,0.026704609442435617
2024-02-26,3,175,175,0.03959801319072263
2024-02-26,4,174,173,0.03562078464652663
2024-02-26,5,174,174,0.03493650786987269
2024-02-27,1,175,175,0.015902771532120386
2024-02-27,2,175,175,0.0027290346711611253
2024-02-27,3,174,174,0.0077713731992826605
2024-02-27,4,175,175,0.0052150373571373835
2024-02-27,5,174,174,0.011616080924551866
2024-02-28,1,175,175,0.04151284129953583
2024-02-28,2,174,174,0.018084196451667808
2024-02-28,3,174,174,0.027258982512731757
2024-02-28,4,174,174,0.028961194337713565
2024-02-28,5,174,174,0.02511476553629886
2024-02-29,1,175,175,0.021845877948448514
2024-02-29,2,174,174,0.0021698150279915065
2024-02-29,3,175,175,0.002929853297376573
2024-02-29,4,174,174,0.001613234858167718
2024-02-29,5,174,174,-0.00044044311738705965
2024-03-01,1,175,175,0.026898191165259686
2024-03-01,2,174,174,0.009687606461733538
2024-03-01,3,175,175,0.009930540104127066
2024-03-01,4,174,174,0.0020690797194354523
2024-03-01,5,174,174,0.002929318647826699
2024-03-04,1,175,175,0.04920779439717747
2024-03-04,2,174,174,0.031585711236138
2024-03-04,3,174,174,0.029895099513979135
2024-03-04,4,174,174,0.02480089091996606
2024-03-04,5,174,174,0.027930784148497985
2024-03-05,1,175,175,0.05264412598537186
2024-03-05,2,174,174,0.0279116531918797
2024-03-05,3,175,175,0.028368918018523384
2024-03-05,4,174,174,0.02071520813783824
2024-03-05,5,174,174,0.031480488643525706
2024-03-06,1,175,175,0.041347319645573484
2024-03-06,2,174,174,0.024677123099817944
2024-03-06,3,174,174,0.006639830576400426
2024-03-06,4,174,174,0.010532807431268873
2024-03-06,5,174,174,0.020431978106157423
2024-03-07,1,174,174,0.03081371212284858
2024-03-07,2,174,174,0.023885277929939455
2024-03-07,3,174,174,0.0043644727830605586
2024-03-07,4,174,174,0.002963268410171772
2024-03-07,5,174,174,0.016588423933216134
2024-03-08,1,174,174,0.0340060876464367
2024-03-08,2,174,174,0.018952584280323502
2024-03-08,3,174,174,0.004952239252412501
2024-03-08,4,174,174,-0.0010408276654488048
2024-03-08,5,173,173,0.021808158270406827
2024-03-11,1,175,175,-0.007242243068487424
2024-03-11,2,174,174,-0.01641255561333751
2024-03-11,3,175,175,-0.035905387714086315
2024-03-11,4,174,174,-0.04082801154774122
2024-03-11,5,174,174,-0.01977044165359256
2024-03-12,1,175,175,0.0029623317251039807
2024-03-12,2,175,175,-0.007039581542032974
2024-03-12,3,175,175,-0.031412073343352706
2024-03-12,4,175,175,-0.03569274767353114
2024-03-12,5,175,175,-0.024401485828628285
2024-03-13,1,175,175,-0.01581648204549369
2024-03-13,2,175,175,-0.017789097260326084
2024-03-13,3,175,175,-0.03783558171494781
2024-03-13,4,175,175,-0.04374727051776908
2024-03-13,5,174,174,-0.030768840912764356
2024-03-14,1,175,175,-0.025616465468306343
2024-03-14,2,175,174,-0.01211337642838066
2024-03-14,3,174,174,-0.039876171028746715
2024-03-14,4,175,175,-0.04512465155227089
2024-03-14,5,174,174,-0.031398742463688525
2024-03-15,1,176,176,-0.08309365414500855
2024-03-15,2,175,175,-0.052284376632549305
2024-03-15,3,176,176,-0.07208694068009035
2024-03-15,4,175,175,-0.08335042414405869
2024-03-15,5,175,175,-0.06662723614086043
2024-03-18,1,176,176,-0.05898858182563287
2024-03-18,2,176,176,-0.03503654032592793
2024-03-18,3,175,175,-0.059522832112210225
2024-03-18,4,176,176,-0.05828498642918581
2024-03-18,5,175,175,-0.05141979181663266
2024-03-19,1,176,176,-0.05810163276846197
2024-03-19,2,175,175,-0.02992968590806955
2024-03-19,3,175,175,-0.05312547015096218
2024-03-19,4,175,174,-0.05505949795715806
2024-03-19,5,175,175,-0.04934737244995639
2024-03-20,1,176,176,-0.07402948553749777
2024-03-20,2,175,175,-0.03864616886028268
2024-03-20,3,176,176,-0.06891011650465163
2024-03-20,4,175,175,-0.06365643404412763
2024-03-20,5,175,175,-0.059616390689576734
2024-03-21,1,176,176,-0.08136720448551932
2024-03-21,2,176,176,-0.04212514688487904
2024-03-21,3,176,176,-0.0675660960383396
2024-03-21,4,176,176,-0.05912262802731767
2024-03-21,5,175,175,-0.05913756354825525
2024-03-22,1,176,176,-0.06756978813616642
2024-03-22,2,175,175,-0.035114978316105674
2024-03-22,3,175,175,-0.05413289105481141
2024-03-22,4,175,175,-0.04811661287594597
2024-03-22,5,175,175,-0.05097675045005573
2024-03-25,1,175,175,-0.046373175433049627
2024-03-25,2,175,175,-0.017482544770602224
2024-03-25,3,175,175,-0.03140400984223412
2024-03-25,4,175,175,-0.02545465715657931
2024-03-25,5,175,175,-0.029990520609603343
2024-03-26,1,176,175,-0.03705661464664987
2024-03-26,2,175,175,-0.013022224923395255
2024-03-26,3,175,175,-0.02535436189157679
2024-03-26,4,175,175,-0.02255279790357048
2024-03-26,5,175,175,-0.02840737762728198
2024-03-27,1,174,174,0.007001964143465024
2024-03-27,2,174,174,0.025233079488683342
2024-03-27,3,173,173,0.02595071748658036
2024-03-27,4,174,174,0.021112849178443655
2024-03-27,5,173,173,0.014752061503311441
2024-03-28,1,175,171,0.009982556778212883
2024-03-28,2,175,175,0.031025859942037975
2024-03-28,3,174,172,0.03211063537570639
2024-03-28,4,175,175,0.02311363687550523
2024-03-28,5,174,173,0.023707909198443664
2024-03-29,1,175,175,-0.015228831445773292
2024-03-29,2,175,174,0.02722175008930808
2024-03-29,3,174,174,0.018563080361601658
2024-03-29,4,175,175,0.016694813960165637
2024-03-29,5,174,174,0.024914266083528088
2024-04-01,1,176,176,-0.031254079879296966
2024-04-01,2,176,175,0.019005137216370763
2024-04-01,3,175,175,0.01171994493017442
2024-04-01,4,176,176,0.006014707064098379
2024-04-01,5,175,175,0.01777576984560312
2024-04-02,1,176,176,-0.02627568589564683
2024-04-02,2,176,175,0.028667636904867178
2024-04-02,3,176,176,0.012235269992865665
2024-04-02,4,176,176,0.017093026872288676
2024-04-02,5,176,176,0.02492073859258899
2024-04-03,1,177,177,-0.0318141513648757
2024-04-03,2,176,175,0.020839951809323562
2024-04-03,3,176,176,0.012514606820255025
2024-04-03,4,176,176,0.013584089310940572
2024-04-03,5,176,176,0.016131660384047005
2024-04-08,1,175,175,6.363648955035193e-05
2024-04-08,2,175,174,0.04269005211501169
2024-04-08,3,175,175,0.04292788236448365
2024-04-08,4,175,175,0.048083797276152355
2024-04-08,5,174,174,0.048711047903119
2024-04-09,1,176,176,-0.02500927542927667
2024-04-09,2,176,174,0.0259293750184835
2024-04-09,3,175,175,0.02587995488365736
2024-04-09,4,176,176,0.02468473475125271
2024-04-09,5,175,175,0.027975363082341935
2024-04-10,1,176,176,-0.008185819219954827
2024-04-10,2,175,174,0.045499283284188397
2024-04-10,3,176,176,0.049617859490733385
2024-04-10,4,175,175,0.04827348006483818
2024-04-10,5,175,175,0.051166437803711814
2024-04-11,1,176,176,-0.014955844895650383
2024-04-11,2,176,175,0.03696060066000937
2024-04-11,3,176,176,0.040471714785878285
2024-04-11,4,176,176,0.04653798123894665
2024-04-11,5,176,176,0.044791831974136755
2024-04-12,1,176,176,-0.0014675130015997025
2024-04-12,2,175,174,0.04093870947210647
2024-04-12,3,175,175,0.04075238009028115
2024-04-12,4,175,175,0.04971362954407618
2024-04-12,5,175,175,0.05066755400690256
2024-04-15,1,175,175,0.021872106515611833
2024-04-15,2,175,175,0.043803535048706065
2024-04-15,3,175,175,0.05049274886649898
2024-04-15,4,175,175,0.054923212041475704
2024-04-15,5,175,175,0.06102657910988859
2024-04-16,1,173,173,0.0854069161273615
2024-04-16,2,173,173,0.08397262313279842
2024-04-16,3,173,173,0.09930514494916091
2024-04-16,4,173,173,0.0890124753207774
2024-04-16,5,173,172,0.10137833626945338
2024-04-17,1,175,175,0.047283811764993765
2024-04-17,2,175,175,0.05745923593741121
2024-04-17,3,175,175,0.05945253838599141
2024-04-17,4,175,175,0.07011514118499601
2024-04-17,5,175,174,0.07255052363481732
2024-04-18,1,175,175,0.03667399125127522
2024-04-18,2,175,175,0.052599353960109146
2024-04-18,3,175,175,0.056155371917627935
2024-04-18,4,175,175,0.06692308535751282
2024-04-18,5,175,175,0.0716739085916186
2024-04-19,1,175,175,0.04257645936038635
2024-04-19,2,174,174,0.051949897220452006
2024-04-19,3,175,175,0.06356738612228131
2024-04-19,4,174,174,0.06573067646817968
2024-04-19,5,174,174,0.07240296247253773
2024-04-22,1,175,175,0.03001427738005782
2024-04-22,2,175,175,0.040861988531619244
2024-04-22,3,174,174,0.04972627882579382
2024-04-22,4,175,175,0.04308204908638079
2024-04-22,5,174,174,0.053229375870893186
2024-04-23,1,175,175,0.024332047919019446
2024-04-23,2,175,175,0.037793820260282385
2024-04-23,3,175,175,0.04200456559316015
2024-04-23,4,175,175,0.03935411814369661
2024-04-23,5,174,174,0.04733185691674637
2024-04-24,1,176,176,0.022093717594480446
2024-04-24,2,175,175,0.044008403788054304
2024-04-24,3,175,175,0.03794086982616533
2024-04-24,4,175,175,0.03922017213588682
2024-04-24,5,175,175,0.042914062679086436
2024-04-25,1,176,175,0.008815143698239073
2024-04-25,2,175,175,0.0271605719576198
2024-04-25,3,176,176,0.016436261599495416
2024-04-25,4,175,175,0.028756645670274764
2024-04-25,5,175,175,0.02459721955824453
2024-04-26,1,178,178,-0.006530717709744976
2024-04-26,2,178,178,0.002767014187114875
2024-04-26,3,177,177,-0.0022713371133388015
2024-04-26,4,178,178,0.0037409741706303573
2024-04-26,5,177,177,0.007073842054566754
2024-04-29,1,179,176,-0.03231145198726283
2024-04-29,2,179,179,-0.018120133241639535
2024-04-29,3,179,177,-0.021082696417928974
2024-04-29,4,179,179,-0.012528071167114928
2024-04-29,5,178,178,-0.012080713926131022
2024-04-30,1,178,178,-0.034699200223993476
2024-04-30,2,177,177,-0.02281677654511499
2024-04-30,3,178,178,-0.027415884745916642
2024-04-30,4,177,177,-0.023023507416831523
2024-04-30,5,177,177,-0.017855048905946667
2024-05-06,1,181,181,-0.05991586930422523
2024-05-06,2,180,180,-0.046718929120252016
2024-05-06,3,181,181,-0.04050613202760837
2024-05-06,4,180,180,-0.04516469260156423
2024-05-06,5,180,180,-0.039872184359972244
2024-05-07,1,181,181,-0.0646769245907289
2024-05-07,2,180,180,-0.04216227236211399
2024-05-07,3,180,180,-0.038387949113689805
2024-05-07,4,180,180,-0.03841828694349182
2024-05-07,5,180,180,-0.0314423043921412
2024-05-08,1,180,180,-0.06184928067815435
2024-05-08,2,180,180,-0.04104948747690836
2024-05-08,3,180,180,-0.035993240467673104
2024-05-08,4,180,180,-0.03539920807232079
2024-05-08,5,180,180,-0.03050067202536258
2024-05-09,1,180,180,-0.0934665041413807
2024-05-09,2,180,180,-0.0669878984948087
2024-05-09,3,180,180,-0.06562527906114482
2024-05-09,4,180,180,-0.06099249043812017
2024-05-09,5,180,180,-0.057481940072649985
2024-05-10,1,181,180,-0.07610317060608872
2024-05-10,2,180,180,-0.058065919837620335
2024-05-10,3,180,180,-0.058140713598527
2024-05-10,4,180,180,-0.056396062248385566
2024-05-10,5,180,180,-0.05319413976059233
2024-05-13,1,180,180,-0.06568514384758645
2024-05-13,2,180,180,-0.05784035147366586
2024-05-13,3,179,179,-0.05467676114486163
2024-05-13,4,180,180,-0.04904124395663147
2024-05-13,5,179,179,-0.04764059286862359
2024-05-14,1,180,180,-0.06149183229741204
2024-05-14,2,180,180,-0.05469599636362526
2024-05-14,3,180,180,-0.05007013866573976
2024-05-14,4,180,180,-0.04472183277062302
2024-05-14,5,179,179,-0.04449270375976172
2024-05-15,1,180,180,-0.06906654961058928
2024-05-15,2,180,180,-0.05692698808851245
2024-05-15,3,180,180,-0.05672780454615033
2024-05-15,4,180,180,-0.0507842549349053
2024-05-15,5,179,179,-0.053899892714696786
2024-05-16,1,180,180,-0.07160258448522044
2024-05-16,2,180,180,-0.056190241571838724
2024-05-16,3,180,180,-0.052178276870833984
2024-05-16,4,180,180,-0.0462052856063275
2024-05-16,5,179,179,-0.05031665594667444
2024-05-17,1,181,180,-0.08321357446504506
2024-05-17,2,181,181,-0.07133077226331254
2024-05-17,3,181,181,-0.062192407759611976
2024-05-17,4,181,181,-0.05148028281975852
2024-05-17,5,180,179,-0.06042148709535407
2024-05-20,1,180,180,-0.07338579059929413
2024-05-20,2,180,180,-0.0650640213400048
2024-05-20,3,180,180,-0.053887965836990424
2024-05-20,4,180,180,-0.04727326070897172
2024-05-20,5,179,179,-0.05673790582068533
2024-05-21,1,180,180,-0.07609903142502598
2024-05-21,2,180,180,-0.07032570218913889
2024-05-21,3,180,180,-0.05656970652867466
2024-05-21,4,180,180,-0.05279165061342597
2024-05-21,5,179,179,-0.06389889922483781
2024-05-22,1,180,180,-0.09600451406227624
2024-05-22,2,180,180,-0.08839166495979514
2024-05-22,3,180,180,-0.07290667612973208
2024-05-22,4,180,180,-0.0652053969480535
2024-05-22,5,180,180,-0.08162849872212502
2024-05-23,1,179,179,-0.07886458401272582
2024-05-23,2,179,179,-0.06844999676854849
2024-05-23,3,179,179,-0.05702883352502865
2024-05-23,4,179,179,-0.05375853198014317
2024-05-23,5,178,178,-0.06791972148339916
2024-05-24,1,179,179,-0.09186484266175426
2024-05-24,2,179,179,-0.0776786304080211
2024-05-24,3,179,179,-0.07374878202838343
2024-05-24,4,179,179,-0.06574307032684767
2024-05-24,5,178,178,-0.07742938878321072
2024-05-27,1,179,179,-0.10507979235673379
2024-05-27,2,179,179,-0.08517109950542577
2024-05-27,3,179,179,-0.08808831208917693
2024-05-27,4,179,179,-0.07592847188174719
2024-05-27,5,179,179,-0.08835927795093723
2024-05-28,1,179,179,-0.07148950301219745
2024-05-28,2,179,179,-0.06221917476739645
2024-05-28,3,178,178,-0.057895621106910794
2024-05-28,4,179,179,-0.04518788653968988
2024-05-28,5,178,178,-0.06196860997083186
2024-05-29,1,179,179,-0.08249241096780636
2024-05-29,2,178,178,-0.07599732296736995
2024-05-29,3,179,179,-0.07231017162015387
2024-05-29,4,178,178,-0.06383334169169937
2024-05-29,5,178,178,-0.0792165937955869
2024-05-30,1,178,178,-0.0797796045310928
2024-05-30,2,178,178,-0.06941793195053787
2024-05-30,3,178,178,-0.06780181832340207
2024-05-30,4,178,178,-0.05736212386603694
2024-05-30,5,178,178,-0.07050429433442028
2024-05-31,1,178,178,-0.06561016233144354
2024-05-31,2,177,177,-0.0607903878617404
2024-05-31,3,178,178,-0.058185112180492514
2024-05-31,4,177,177,-0.049586248785134755
2024-05-31,5,177,177,-0.060855102284964824
2024-06-03,1,177,177,-0.050433669739151823
2024-06-03,2,177,177,-0.05138314570776489
2024-06-03,3,177,177,-0.05356048393181497
2024-06-03,4,177,177,-0.042629986141354215
2024-06-03,5,177,177,-0.058949283331640755
2024-06-04,1,177,177,-0.05127574904720269
2024-06-04,2,176,176,-0.05845205615016462
2024-06-04,3,176,176,-0.05635801070307151
2024-06-04,4,176,176,-0.060128515243557154
2024-06-04,5,176,176,-0.0749885466732806
2024-06-05,1,176,176,-0.06779955735670179
2024-06-05,2,176,176,-0.07012328206228279
2024-06-05,3,176,176,-0.07036079165684282
2024-06-05,4,176,176,-0.07036931211266237
2024-06-05,5,175,175,-0.08433066135102739
2024-06-06,1,176,176,-0.039416040742503995
2024-06-06,2,176,176,-0.05454740147969497
2024-06-06,3,175,175,-0.047473113746102635
2024-06-06,4,176,175,-0.0564605757746576
2024-06-06,5,175,175,-0.06678582997065374
2024-06-07,1,176,176,-0.06019197362226857
2024-06-07,2,176,176,-0.07138783812363395
2024-06-07,3,176,176,-0.0662943079644713
2024-06-07,4,176,175,-0.06863091160909245
2024-06-07,5,176,176,-0.0790235179031019
2024-06-11,1,176,176,-0.05862555072777698
2024-06-11,2,175,175,-0.06032319388247781
2024-06-11,3,176,176,-0.05236992347195655
2024-06-11,4,175,175,-0.05652687059250691
2024-06-11,5,175,175,-0.07214893941055056
2024-06-12,1,176,176,-0.05222719506209654
2024-06-12,2,176,176,-0.05352431303564709
2024-06-12,3,175,175,-0.05072031499419603
2024-06-12,4,176,176,-0.051876256175900505
2024-06-12,5,175,175,-0.06732380544350768
2024-06-13,1,175,175,-0.0276909794076839
2024-06-13,2,175,175,-0.03200951015420632
2024-06-13,3,175,175,-0.028063306310870485
2024-06-13,4,175,175,-0.03370636348560781
2024-06-13,5,174,174,-0.051866750637147685
2024-06-14,1,176,176,-0.02696445303533583
2024-06-14,2,175,175,-0.0357900243397758
2024-06-14,3,175,175,-0.03849552211792868
2024-06-14,4,175,175,-0.041150636696425186
2024-06-14,5,175,175,-0.05807587987993076
2024-06-17,1,175,175,-0.03579358359397871
2024-06-17,2,175,175,-0.04387162653661924
2024-06-17,3,174,174,-0.047649890723530194
2024-06-17,4,175,175,-0.05267856718927781
2024-06-17,5,174,174,-0.06873146621997804
2024-06-18,1,175,175,-0.0385781117999849
2024-06-18,2,175,175,-0.04574546226970991
2024-06-18,3,175,175,-0.0545096050444847
2024-06-18,4,175,175,-0.05383880557467479
2024-06-18,5,174,174,-0.07157990822499936
2024-06-19,1,175,175,-0.03672714264554918
2024-06-19,2,174,174,-0.042749016669570386
2024-06-19,3,175,175,-0.06043126387531568
2024-06-19,4,174,174,-0.05425781839135397
2024-06-19,5,174,174,-0.06884209968917669
2024-06-20,1,175,175,-0.013722912055546642
2024-06-20,2,174,174,-0.02204117954929251
2024-06-20,3,175,175,-0.04011536989406263
2024-06-20,4,174,174,-0.03200108003119588
2024-06-20,5,174,174,-0.04523307992918014
2024-06-21,1,175,175,-0.005338784196008292
2024-06-21,2,175,175,-0.01257406768234464
2024-06-21,3,174,174,-0.030286476714006434
2024-06-21,4,175,175,-0.025423044335448633
2024-06-21,5,174,174,-0.036306029983949245
2024-06-24,1,174,174,0.014867593089157858
2024-06-24,2,174,174,0.0030562965468082658
2024-06-24,3,173,173,-0.009490694327818877
2024-06-24,4,174,174,-0.005567466999258377
2024-06-24,5,173,173,-0.019263247785288422
2024-06-25,1,174,174,-0.00019548584662182472
2024-06-25,2,174,174,-0.0182406309793086
2024-06-25,3,173,173,-0.029768353765559558
2024-06-25,4,174,174,-0.03021038782451201
2024-06-25,5,173,173,-0.04342381541502395
2024-06-26,1,174,174,-0.037382316996123696
2024-06-26,2,174,174,-0.04885852352383582
2024-06-26,3,174,174,-0.061475863081651504
2024-06-26,4,174,174,-0.0674992183844556
2024-06-26,5,174,174,-0.07504781810562759
2024-06-27,1,174,174,-0.01377413236152444
2024-06-27,2,174,174,-0.028542262885371178
2024-06-27,3,174,174,-0.038144472184979315
2024-06-27,4,174,174,-0.04275638437917062
2024-06-27,5,173,173,-0.05272447154309951
2024-06-28,1,174,174,-0.007600090839002421
2024-06-28,2,173,173,-0.019532451784047538
2024-06-28,3,174,174,-0.032041609431773165
2024-06-28,4,173,173,-0.03541333617647013
2024-06-28,5,173,173,-0.04618247353476318
2024-07-01,1,174,174,-0.024335423569079744
2024-07-01,2,174,174,-0.03133678216482048
2024-07-01,3,173,173,-0.04913743899306481
2024-07-01,4,174,174,-0.0522718803254815
2024-07-01,5,173,173,-0.06533192541271139
2024-07-02,1,174,174,-0.014205475415242063
2024-07-02,2,174,173,-0.026684251484225742
2024-07-02,3,173,173,-0.03809283967748624
2024-07-02,4,174,174,-0.045554636061355055
2024-07-02,5,173,173,-0.055047156249422
2024-07-03,1,174,174,0.018032956886758298
2024-07-03,2,173,173,0.01505060206903911
2024-07-03,3,174,173,0.001046044499610096
2024-07-03,4,173,172,0.003686362070482364
2024-07-03,5,173,173,-0.00933354654221499
2024-07-04,1,173,173,0.03765291176578341
2024-07-04,2,172,172,0.02561407497470372
2024-07-04,3,172,171,0.014810170537766057
2024-07-04,4,172,171,0.00900077317421982
2024-07-04,5,172,172,-0.007446270883977181
2024-07-05,1,172,172,0.02227180056095042
2024-07-05,2,172,172,0.011936922402124501
2024-07-05,3,172,172,-0.004430378507704323
2024-07-05,4,172,170,-0.010753759612322108
2024-07-05,5,171,171,-0.022932828262960277
2024-07-08,1,171,171,0.0339530329650179
2024-07-08,2,170,170,0.03210472665285737
2024-07-08,3,170,170,0.015231895034281372
2024-07-08,4,170,169,0.0047117296681748605
2024-07-08,5,170,170,-0.004356241432050354
2024-07-09,1,170,170,0.023886149736454945
2024-07-09,2,170,170,0.020416286394648264
2024-07-09,3,170,170,-0.003195260005885564
2024-07-09,4,170,169,-0.00728896220111663
2024-07-09,5,169,169,-0.013856472203030126
2024-07-10,1,170,170,0.005126354193460265
2024-07-10,2,169,169,0.002418820169012197
2024-07-10,3,169,169,-0.018956920358750257
2024-07-10,4,169,168,-0.021117324179490974
2024-07-10,5,169,169,-0.024954983802696368
2024-07-11,1,171,171,-0.00016161814167087662
2024-07-11,2,171,171,-0.0038842522764256726
2024-07-11,3,170,170,-0.019317662589642626
2024-07-11,4,171,170,-0.021348528165014674
2024-07-11,5,170,170,-0.026365224229004138
2024-07-12,1,171,171,-0.01113077767748224
2024-07-12,2,171,171,-0.013623871679144027
2024-07-12,3,171,171,-0.02673762989177308
2024-07-12,4,171,170,-0.02841740705160611
2024-07-12,5,171,171,-0.03268197424135454
2024-07-15,1,171,171,-0.00993080567530359
2024-07-15,2,170,170,-0.012131494832717143
2024-07-15,3,171,171,-0.022067480962050103
2024-07-15,4,170,169,-0.021583572582038343
2024-07-15,5,170,170,-0.026314078982263567
2024-07-16,1,171,171,-0.011605202557224416
2024-07-16,2,170,170,-0.010592211608821997
2024-07-16,3,170,170,-0.02273471672701877
2024-07-16,4,170,169,-0.024928697935664094
2024-07-16,5,170,170,-0.027429077226805453
2024-07-17,1,171,171,-0.012136392562256258
2024-07-17,2,170,170,-0.013416597034896954
2024-07-17,3,170,170,-0.017190837932025162
2024-07-17,4,170,170,-0.02389240188807638
2024-07-17,5,170,170,-0.02975069125556684
2024-07-18,1,170,170,-0.001031691834013159
2024-07-18,2,170,170,-0.004098607436243712
2024-07-18,3,170,170,-0.00552319128099439
2024-07-18,4,170,170,-0.017705084517873823
2024-07-18,5,170,170,-0.025609660135373413
2024-07-19,1,170,170,-0.018167128509951305
2024-07-19,2,170,170,-0.015391446352592415
2024-07-19,3,169,169,-0.02477456282263008
2024-07-19,4,170,170,-0.02969457641650081
2024-07-19,5,169,169,-0.03885060551649487
2024-07-22,1,169,169,-0.017503971331723264
2024-07-22,2,169,169,-0.01022059747272001
2024-07-22,3,169,169,-0.02361152906432749
2024-07-22,4,169,169,-0.028340817528821467
2024-07-22,5,168,168,-0.037482395311200595
2024-07-23,1,169,169,-0.014961209234298032
2024-07-23,2,168,168,-0.001074564001516385
2024-07-23,3,169,169,-0.016877555271630592
2024-07-23,4,168,168,-0.019406242312555992
2024-07-23,5,168,168,-0.028418380159923335
2024-07-24,1,168,168,-2.336776858709641e-05
2024-07-24,2,167,166,0.009801261490424722
2024-07-24,3,167,167,-0.002396779623249378
2024-07-24,4,167,167,-0.004827196809254464
2024-07-24,5,167,167,-0.013723705026782305
2024-07-25,1,168,168,-0.027424783853700983
2024-07-25,2,168,167,-0.013829800736221292
2024-07-25,3,168,168,-0.023292941413111383
2024-07-25,4,168,168,-0.029734148829909584
2024-07-25,5,167,167,-0.03696653211225813
2024-07-26,1,169,169,-0.03378563103542447
2024-07-26,2,169,168,-0.019935406219113667
2024-07-26,3,168,168,-0.029663046389583544
2024-07-26,4,169,169,-0.036988427002931624
2024-07-26,5,168,168,-0.04581999995561715
2024-07-29,1,169,169,-0.024609328372667837
2024-07-29,2,168,167,-0.014247720389961317
2024-07-29,3,168,168,-0.02183761154350389
2024-07-29,4,168,168,-0.028328725440432703
2024-07-29,5,168,168,-0.0384632425609522
2024-07-30,1,168,167,-0.04384231076864753
2024-07-30,2,168,167,-0.030016151220927798
2024-07-30,3,168,168,-0.03813568757910825
2024-07-30,4,168,168,-0.03966970245786296
2024-07-30,5,167,167,-0.0514696490261957
2024-07-31,1,169,169,-0.07284679478841614
2024-07-31,2,169,168,-0.0643915207950466
2024-07-31,3,169,168,-0.07345021079721611
2024-07-31,4,169,168,-0.07786371931905153
2024-07-31,5,168,168,-0.08802763374931923
2024-08-01,1,169,169,-0.0553278702204207
2024-08-01,2,168,167,-0.04457772386866202
2024-08-01,3,168,168,-0.05069402170413638
2024-08-01,4,168,168,-0.05003648852070145
2024-08-01,5,168,168,-0.053557259338724045
2024-08-02,1,169,169,-0.034061785122749565
2024-08-02,2,169,168,-0.020251581715056175
2024-08-02,3,169,169,-0.021118905291149292
2024-08-02,4,169,169,-0.01915883227431516
2024-08-02,5,168,168,-0.02740917723283193
2024-08-05,1,170,168,-0.039293071368628425
2024-08-05,2,169,168,-0.03297289618051024
2024-08-05,3,169,169,-0.03575743212607101
2024-08-05,4,169,169,-0.034114962483508746
2024-08-05,5,169,169,-0.04478874991413314
2024-08-06,1,169,167,-0.03885467740438877
2024-08-06,2,169,168,-0.029081674224708736
2024-08-06,3,168,168,-0.03448109959472082
2024-08-06,4,169,169,-0.031343545788943855
2024-08-06,5,168,168,-0.04180777311631696
2024-08-07,1,169,167,-0.034176457816714044
2024-08-07,2,169,169,-0.026603427114751256
2024-08-07,3,169,169,-0.03148595244755075
2024-08-07,4,169,169,-0.025635842169592412
2024-08-07,5,169,169,-0.03533630415898425
2024-08-08,1,169,166,-0.03259757467299352
2024-08-08,2,169,168,-0.029965238694468738
2024-08-08,3,168,168,-0.030009335705466995
2024-08-08,4,169,169,-0.029302110606608048
2024-08-08,5,168,168,-0.034333883876143924
2024-08-09,1,169,166,-0.03883836840735581
2024-08-09,2,168,167,-0.03596343219916255
2024-08-09,3,169,169,-0.03928451054694955
2024-08-09,4,168,168,-0.03863450416283011
2024-08-09,5,168,168,-0.042940246708395594
2024-08-12,1,169,166,-0.030747401787161194
2024-08-12,2,169,168,-0.032066981824951324
2024-08-12,3,169,169,-0.0335870309780404
2024-08-12,4,169,169,-0.04235821065307323
2024-08-12,5,168,168,-0.044807820614251655
2024-08-13,1,169,166,-0.035879340437274775
2024-08-13,2,169,168,-0.04052678343786399
2024-08-13,3,169,169,-0.03951678144671127
2024-08-13,4,169,169,-0.05087938043754594
2024-08-13,5,168,168,-0.05341236522402357
2024-08-14,1,170,167,-0.028042227253223116
2024-08-14,2,169,168,-0.03186870916062056
2024-08-14,3,170,170,-0.030038293029952666
2024-08-14,4,169,169,-0.034352101194469395
2024-08-14,5,169,169,-0.03785431571624835
2024-08-15,1,170,167,-0.0427862739885731
2024-08-15,2,169,168,-0.04879889507086672
2024-08-15,3,170,170,-0.045066257359062944
2024-08-15,4,169,169,-0.0503764941768873
2024-08-15,5,169,169,-0.053411219836320585
2024-08-16,1,170,167,-0.04528782924066569
2024-08-16,2,170,169,-0.053813914745674984
2024-08-16,3,170,170,-0.0461550736353473
2024-08-16,4,170,170,-0.054874323711411245
2024-08-16,5,169,169,-0.05665955394397624
2024-08-19,1,170,169,-0.04772045763972795
2024-08-19,2,170,169,-0.05076196781742923
2024-08-19,3,170,170,-0.043736503396304756
2024-08-19,4,170,170,-0.04771180352356592
2024-08-19,5,170,170,-0.05309010745891308
2024-08-20,1,170,169,-0.010466305519196226
2024-08-20,2,169,168,-0.01945007120491656
2024-08-20,3,169,169,-0.011615559392281911
2024-08-20,4,169,169,-0.01715647359411683
2024-08-20,5,169,169,-0.015912119408924147
2024-08-21,1,169,168,-0.007999606784093177
2024-08-21,2,169,167,-0.021000074590498248
2024-08-21,3,169,169,-0.011855178681249162
2024-08-21,4,169,169,-0.01813428901070064
2024-08-21,5,169,169,-0.014095275386727824
2024-08-22,1,169,168,0.02029575890561628
2024-08-22,2,168,167,0.0023020898354749507
2024-08-22,3,169,169,0.014078435093304644
2024-08-22,4,168,168,0.00964062470253176
2024-08-22,5,168,168,0.007758455694267414
2024-08-23,1,169,168,0.05106273856025845
2024-08-23,2,168,167,0.040831938060076844
2024-08-23,3,169,169,0.05345899629199337
2024-08-23,4,168,168,0.04357078118261813
2024-08-23,5,168,168,0.049406786510428194
2024-08-26,1,170,169,0.047878330034408445
2024-08-26,2,169,168,0.03879401468429694
2024-08-26,3,170,170,0.046845557518577365
2024-08-26,4,169,169,0.04122313270757226
2024-08-26,5,169,169,0.042255108355786525
2024-08-27,1,170,169,0.12375312789074029
2024-08-27,2,169,168,0.12219385619682711
2024-08-27,3,169,169,0.12819574387223984
2024-08-27,4,169,169,0.11408109361035529
2024-08-27,5,169,169,0.12478427064421152
2024-08-28,1,169,168,0.2010929144668236
2024-08-28,2,169,168,0.20716026708320795
2024-08-28,3,169,169,0.21612062027060902
2024-08-28,4,169,169,0.20193506912064293
2024-08-28,5,168,168,0.21967889636166735
2024-08-29,1,169,168,0.35802432758657143
2024-08-29,2,168,167,0.36237073151249616
2024-08-29,3,169,169,0.36505722300980936
2024-08-29,4,168,168,0.350536297787904
2024-08-29,5,168,168,0.36720925333103543
2024-08-30,1,170,169,0.2696000791999556
2024-08-30,2,169,168,0.2637377805943381
2024-08-30,3,170,170,0.26423552307633924
2024-08-30,4,169,169,0.24671358648369227
2024-08-30,5,169,169,0.25792473374782
2024-09-02,1,169,168,0.223695816497144
2024-09-02,2,169,168,0.22480782040905897
2024-09-02,3,169,169,0.2148036630474231
2024-09-02,4,169,169,0.20809705942765747
2024-09-02,5,168,168,0.22394191762129725
2024-09-03,1,168,168,0.2066341661625485
2024-09-03,2,168,168,0.2062561910488055
2024-09-03,3,168,168,0.19558390805763987
2024-09-03,4,168,168,0.18917577521283824
2024-09-03,5,168,168,0.20555865844776428
2024-09-04,1,168,168,0.17928197387338654
2024-09-04,2,167,167,0.1878787474825207
2024-09-04,3,168,168,0.16725712283486574
2024-09-04,4,167,167,0.15118591284648672
2024-09-04,5,167,167,0.16684130406783867
2024-09-05,1,168,167,0.19318392402441914
2024-09-05,2,168,167,0.19203434504687888
2024-09-05,3,168,168,0.1699853984973161
2024-09-05,4,168,168,0.16361061163137364
2024-09-05,5,167,167,0.17796980899310824
2024-09-06,1,168,168,0.18591556709977564
2024-09-06,2,167,167,0.18326888992450222
2024-09-06,3,168,168,0.16084552649398004
2024-09-06,4,167,167,0.1551617073283417
2024-09-06,5,167,167,0.17118338210407744
2024-09-09,1,167,167,0.21698388739585617
2024-09-09,2,167,167,0.21108468149384527
2024-09-09,3,167,167,0.18435134351961624
2024-09-09,4,167,167,0.18681683068924182
2024-09-09,5,167,167,0.20393345381497086
2024-09-10,1,167,167,0.19911601722692965
2024-09-10,2,166,165,0.1887388409082094
2024-09-10,3,166,166,0.17124752199837753
2024-09-10,4,166,166,0.1728198864910485
2024-09-10,5,166,166,0.1875414795893581
2024-09-11,1,166,166,0.2443566673647833
2024-09-11,2,166,164,0.23328794504012554
2024-09-11,3,166,166,0.21347046016717405
2024-09-11,4,166,166,0.2086865457120239
2024-09-11,5,165,165,0.2277924655730502
2024-09-12,1,166,166,0.2622292236371276
2024-09-12,2,166,164,0.24672122039132022
2024-09-12,3,166,166,0.22343870468165095
2024-09-12,4,166,166,0.2205258040268601
2024-09-12,5,166,166,0.24630646643043203
2024-09-13,1,167,167,0.2932555406298666
2024-09-13,2,166,164,0.2668175436739164
2024-09-13,3,166,166,0.24964474150975768
2024-09-13,4,166,166,0.25228335540791147
2024-09-13,5,166,166,0.27553728631915075
2024-09-18,1,167,167,0.29524425812282556
2024-09-18,2,166,164,0.2628152800081374
2024-09-18,3,166,166,0.23964724284496072
2024-09-18,4,166,166,0.24098105868023556
2024-09-18,5,166,166,0.2656408979313727
2024-09-19,1,167,167,0.2750011975275328
2024-09-19,2,166,164,0.24480847767385397
2024-09-19,3,167,167,0.22286765370168063
2024-09-19,4,166,166,0.22332753641423114
2024-09-19,5,166,166,0.24271397100839945
2024-09-20,1,167,167,0.3000739783138559
2024-09-20,2,166,164,0.2677049054796972
2024-09-20,3,167,167,0.24327324444128462
2024-09-20,4,166,166,0.2480076415398987
2024-09-20,5,166,166,0.2635311461003786
2024-09-23,1,167,167,0.32986220655035187
2024-09-23,2,166,164,0.2764170903012902
2024-09-23,3,167,167,0.25569892971691455
2024-09-23,4,166,166,0.25632158480067857
2024-09-23,5,166,166,0.2798731871982014
2024-09-24,1,169,169,0.2646215282505991
2024-09-24,2,168,166,0.19978455766580186
2024-09-24,3,169,169,0.17663533530851877
2024-09-24,4,168,168,0.17890418464286584
2024-09-24,5,168,167,0.18644751714342075
2024-09-25,1,171,171,0.2835088692116843
2024-09-25,2,170,169,0.2114150002159339
2024-09-25,3,171,171,0.1896435782072615
2024-09-25,4,170,170,0.18631869551263155
2024-09-25,5,170,169,0.20050248049524244
2024-09-26,1,173,173,0.23179338607220426
2024-09-26,2,172,172,0.14727632305912056
2024-09-26,3,172,172,0.142628835169106
2024-09-26,4,172,172,0.13158671155701496
2024-09-26,5,172,171,0.13188872399001417
2024-09-27,1,176,176,0.11017400387464851
2024-09-27,2,175,175,0.0612623187521918
2024-09-27,3,175,175,0.04576099092143144
2024-09-27,4,175,175,0.03632330727961119
2024-09-27,5,175,174,0.0329116075224417
2024-09-30,1,179,179,-0.012333839009413722
2024-09-30,2,179,179,-0.059869884801676834
2024-09-30,3,179,179,-0.06618090207981589
2024-09-30,4,179,179,-0.08010527636453157
2024-09-30,5,179,178,-0.07601960285151536
2024-10-08,1,182,182,0.06601783752650014
2024-10-08,2,182,182,0.036261482393393926
2024-10-08,3,181,180,0.020661900288787925
2024-10-08,4,182,182,0.010087362247216874
2024-10-08,5,181,181,0.013362098878537327
2024-10-09,1,180,179,0.13031119418931086
2024-10-09,2,179,179,0.086631161514411
2024-10-09,3,180,179,0.06491295251678737
2024-10-09,4,179,179,0.06278687291421974
2024-10-09,5,179,179,0.06331390586209536
2024-10-10,1,180,180,0.18696501087719739
2024-10-10,2,179,179,0.15880534827445192
2024-10-10,3,179,178,0.127349182438952
2024-10-10,4,179,179,0.10823387348001007
2024-10-10,5,179,179,0.1054728525918259
2024-10-11,1,179,179,0.19951757392155067
2024-10-11,2,179,179,0.14891748839361146
2024-10-11,3,178,177,0.14236757340461811
2024-10-11,4,179,179,0.11970144255805053
2024-10-11,5,178,178,0.11969023449382613
2024-10-14,1,180,180,0.19484777847626134
2024-10-14,2,179,179,0.15580821895320834
2024-10-14,3,179,178,0.15510861125481426
2024-10-14,4,179,179,0.127365576048963
2024-10-14,5,179,179,0.12112522718839228
2024-10-15,1,180,180,0.2124830685792781
2024-10-15,2,179,179,0.17084721082387802
2024-10-15,3,180,179,0.16234835979512632
2024-10-15,4,179,179,0.1495697469211506
2024-10-15,5,179,179,0.13479737928818025
2024-10-16,1,180,180,0.17523858633778241
2024-10-16,2,179,179,0.14930753029470506
2024-10-16,3,180,179,0.14541542207841338
2024-10-16,4,179,179,0.12153182261887517
2024-10-16,5,179,179,0.1127315439001254
2024-10-17,1,179,179,0.1586325526843185
2024-10-17,2,179,178,0.1329248416185063
2024-10-17,3,179,178,0.12543422463577258
2024-10-17,4,179,179,0.10965515542465958
2024-10-17,5,178,178,0.10617617913407972
2024-10-18,1,180,180,0.1166761229229814
2024-10-18,2,179,178,0.08668902946902868
2024-10-18,3,180,179,0.06677441302816722
2024-10-18,4,179,179,0.06322457528818759
2024-10-18,5,179,179,0.05864712173095273
2024-10-21,1,180,180,0.07428349230490815
2024-10-21,2,179,179,0.0634667073703416
2024-10-21,3,180,179,0.043898196126894815
2024-10-21,4,179,179,0.03570488631874404
2024-10-21,5,179,179,0.0323381700109749
2024-10-22,1,180,180,0.0739559450928961
2024-10-22,2,180,180,0.05787449826440216
2024-10-22,3,180,180,0.05221639800702852
2024-10-22,4,180,180,0.04268869908380595
2024-10-22,5,179,179,0.03674369102935199
2024-10-23,1,180,180,0.09205564652404893
2024-10-23,2,180,180,0.07967064976800428
2024-10-23,3,180,180,0.06945911246051086
2024-10-23,4,180,180,0.05935985900763863
2024-10-23,5,179,179,0.05399431067926345
2024-10-24,1,181,181,0.08951154741387266
2024-10-24,2,180,180,0.07892139900343809
2024-10-24,3,180,180,0.06950312991379658
2024-10-24,4,180,180,0.06773459996338871
2024-10-24,5,180,180,0.05314870756714488
2024-10-25,1,181,180,0.03919113678755961
2024-10-25,2,181,181,0.02965943323930727
2024-10-25,3,181,181,0.023416719812877143
2024-10-25,4,181,181,0.01873368694524608
2024-10-25,5,180,180,0.006134074464656063
2024-10-28,1,182,181,0.014037525793054121
2024-10-28,2,182,182,0.00898028094557145
2024-10-28,3,182,182,0.002230684460364579
2024-10-28,4,182,182,0.004345894215637527
2024-10-28,5,181,181,-0.013430937791781622
2024-10-29,1,182,181,0.01957324683336519
2024-10-29,2,181,181,0.0242053010778235
2024-10-29,3,181,181,0.018492346079141058
2024-10-29,4,181,181,0.009919931156931301
2024-10-29,5,181,180,0.005116830770001987
2024-10-30,1,182,181,0.025235613130353135
2024-10-30,2,181,180,0.043942097640421215
2024-10-30,3,181,181,0.04269621363404085
2024-10-30,4,181,181,0.024754576399815324
2024-10-30,5,181,181,0.02999459821929861
2024-10-31,1,182,181,0.011669666444368534
2024-10-31,2,182,182,0.030297754188254825
2024-10-31,3,182,182,0.018173510900870923
2024-10-31,4,182,182,0.010158702455085518
2024-10-31,5,181,181,0.020998361765310412
2024-11-01,1,182,181,0.05567859188878409
2024-11-01,2,181,180,0.053223811750218335
2024-11-01,3,181,181,0.04685263391674291
2024-11-01,4,181,181,0.0410675027335851
2024-11-01,5,181,181,0.05006128656955024
2024-11-04,1,182,181,0.06544307786627415
2024-11-04,2,182,181,0.04986381936652925
2024-11-04,3,181,181,0.046727608804830366
2024-11-04,4,182,182,0.04031996129356737
2024-11-04,5,181,181,0.04478835739608065
2024-11-05,1,184,183,0.027528598809424206
2024-11-05,2,183,182,0.014117429750022626
2024-11-05,3,183,182,0.02118183311005999
2024-11-05,4,183,183,0.010258613305383586
2024-11-05,5,183,183,0.005258773751706055
2024-11-06,1,183,181,0.007534948633347076
2024-11-06,2,183,182,0.008400885313724049
2024-11-06,3,182,182,0.009574126156770403
2024-11-06,4,183,183,0.0013939723582586212
2024-11-06,5,182,182,-0.0069688253200348655
2024-11-07,1,185,184,-0.017661276234563362
2024-11-07,2,184,183,-0.03528742106827805
2024-11-07,3,184,184,-0.014829641349165652
2024-11-07,4,184,184,-0.022819955240229083
2024-11-07,5,184,184,-0.0315137167631014
2024-11-08,1,184,184,0.004396823223421667
2024-11-08,2,184,183,-0.0015816784858386427
2024-11-08,3,183,183,0.009051694513258414
2024-11-08,4,184,184,0.0038291370379219462
2024-11-08,5,183,183,-0.009160148509454086
2024-11-11,1,184,184,0.014589839205573878
2024-11-11,2,184,183,0.01069208346334266
2024-11-11,3,184,184,0.00851106145974282
2024-11-11,4,184,184,0.005673852956818015
2024-11-11,5,183,183,-0.0013643942268260396
2024-11-12,1,184,184,0.003059671349752512
2024-11-12,2,183,182,-0.0012911688702926952
2024-11-12,3,183,183,0.004650224466041017
2024-11-12,4,183,183,-0.003003608866276142
2024-11-12,5,183,183,-0.008514364385194715
2024-11-13,1,183,183,0.020394775929032286
2024-11-13,2,183,182,0.00992252209788398
2024-11-13,3,183,183,0.01534744183482751
2024-11-13,4,183,183,0.008258304543230543
2024-11-13,5,183,183,0.0024689339970197237
2024-11-14,1,183,183,0.06099453017860329
2024-11-14,2,182,181,0.04518094557591083
2024-11-14,3,183,183,0.052060634314147806
2024-11-14,4,182,182,0.03635026859188613
2024-11-14,5,182,182,0.034692106202405
2024-11-15,1,183,183,0.05155533167707762
2024-11-15,2,182,182,0.041907346901580544
2024-11-15,3,182,182,0.05245193523326375
2024-11-15,4,182,182,0.023040286470516355
2024-11-15,5,182,182,0.03530851115760893
2024-11-18,1,183,183,0.06829125742126757
2024-11-18,2,182,181,0.04462861072075936
2024-11-18,3,182,182,0.05569376467038775
2024-11-18,4,182,182,0.032885365376228895
2024-11-18,5,182,182,0.042513967737169575
2024-11-19,1,183,183,0.030919082027465496
2024-11-19,2,182,181,0.02253061898940403
2024-11-19,3,183,183,0.021246121904775678
2024-11-19,4,182,182,0.004430568529523032
2024-11-19,5,182,182,0.0096037861781828
2024-11-20,1,183,183,0.011490788615782477
2024-11-20,2,182,181,0.0031494342972646005
2024-11-20,3,183,183,-0.0034633183894877376
2024-11-20,4,182,182,-0.013425730148601092
2024-11-20,5,182,182,-0.010442780970793975
2024-11-21,1,183,183,0.010949920254597057
2024-11-21,2,182,181,0.0001850902933962454
2024-11-21,3,183,183,0.006613653959703944
2024-11-21,4,182,182,-0.0031253585099837713
2024-11-21,5,182,182,-0.003928198993858281
2024-11-22,1,182,180,0.04005286678412514
2024-11-22,2,182,181,0.03858110580701666
2024-11-22,3,182,182,0.04774901196167616
2024-11-22,4,182,182,0.030969677076840903
2024-11-22,5,182,182,0.03411985529923341
2024-11-25,1,182,181,0.004600571448685268
2024-11-25,2,182,181,0.017162462200421565
2024-11-25,3,182,182,0.02623529186162742
2024-11-25,4,182,182,0.007904256559298767
2024-11-25,5,181,181,0.011208486113213744
2024-11-26,1,182,181,0.022491965085084886
2024-11-26,2,182,181,0.03797186160991185
2024-11-26,3,182,182,0.04457958197869782
2024-11-26,4,182,182,0.02875204568183071
2024-11-26,5,181,181,0.02882816502219357
2024-11-27,1,183,182,-0.018035279129989028
2024-11-27,2,182,180,-0.0003793089389467652
2024-11-27,3,183,183,0.0032868730503018855
2024-11-27,4,182,182,0.00026002381213752017
2024-11-27,5,182,182,-0.004072395348833729
2024-11-28,1,183,182,-0.01370072138827533
2024-11-28,2,182,181,0.01068813668578129
2024-11-28,3,183,183,0.022032036736874903
2024-11-28,4,182,182,0.014209330673186108
2024-11-28,5,182,182,0.014574567549193592
2024-11-29,1,183,180,-0.024664530831395304
2024-11-29,2,182,180,0.003207904056570105
2024-11-29,3,183,183,0.003587009040233217
2024-11-29,4,182,182,0.0019773184252777957
2024-11-29,5,182,182,0.0028927337841534464
2024-12-02,1,183,180,-0.05432798136568717
2024-12-02,2,183,183,-0.013595092970964286
2024-12-02,3,183,183,-0.017455942795562427
2024-12-02,4,183,183,-0.008049250226878529
2024-12-02,5,183,183,-0.015133848865061297
2024-12-03,1,183,178,-0.07826484504128041
2024-12-03,2,183,183,-0.03917105459738435
2024-12-03,3,183,183,-0.0498032087978107
2024-12-03,4,183,183,-0.03313542674719087
2024-12-03,5,183,183,-0.03362622507859018
2024-12-04,1,184,180,-0.08031426170989114
2024-12-04,2,183,183,-0.051362413064332785
2024-12-04,3,184,184,-0.05381059250883144
2024-12-04,4,183,183,-0.03881127432479475
2024-12-04,5,183,183,-0.04209406252219314
2024-12-05,1,184,180,-0.1256132557364999
2024-12-05,2,184,184,-0.09039981394597199
2024-12-05,3,184,184,-0.09000741159707494
2024-12-05,4,184,184,-0.06827420478008234
2024-12-05,5,183,183,-0.07491109977751927
2024-12-06,1,184,181,-0.13389342512706048
2024-12-06,2,184,184,-0.09582962344574084
2024-12-06,3,184,184,-0.09999439506177059
2024-12-06,4,184,184,-0.07657525635852024
2024-12-06,5,184,184,-0.08345003872433807
2024-12-09,1,184,181,-0.14297464865091844
2024-12-09,2,184,184,-0.11329166033818241
2024-12-09,3,184,184,-0.11273824790398518
2024-12-09,4,184,184,-0.09388392026006276
2024-12-09,5,184,184,-0.09925237077591956
2024-12-10,1,184,181,-0.1253042553890119
2024-12-10,2,184,184,-0.09679463920875843
2024-12-10,3,184,184,-0.09139583742323533
2024-12-10,4,184,184,-0.08468615055671522
2024-12-10,5,183,183,-0.08387130161855617
2024-12-11,1,185,182,-0.13391639868042005
2024-12-11,2,184,184,-0.10515993420795704
2024-12-11,3,184,184,-0.10286839064070756
2024-12-11,4,184,184,-0.08861871920572048
2024-12-11,5,184,184,-0.09436633965611069
2024-12-12,1,185,182,-0.1722439502502139
2024-12-12,2,185,185,-0.1343097025231918
2024-12-12,3,184,184,-0.14003348670625246
2024-12-12,4,185,185,-0.1173521993339638
2024-12-12,5,184,184,-0.12414800109822928
2024-12-13,1,184,183,-0.14723135505805568
2024-12-13,2,184,184,-0.11233982442906114
2024-12-13,3,183,183,-0.1155734784306404
2024-12-13,4,184,184,-0.09547099727839642
2024-12-13,5,183,183,-0.09800179867848624
2024-12-16,1,184,183,-0.10787127993008863
2024-12-16,2,184,183,-0.07241824416554486
2024-12-16,3,184,184,-0.0759633462191009
2024-12-16,4,184,184,-0.048146877484299466
2024-12-16,5,183,183,-0.06631204027479197
2024-12-17,1,183,183,-0.08477036660072665
2024-12-17,2,183,183,-0.06179952925718271
2024-12-17,3,183,183,-0.057593518484241754
2024-12-17,4,183,182,-0.036040110560874535
2024-12-17,5,182,182,-0.05181524090615286
2024-12-18,1,184,184,-0.08153489851115951
2024-12-18,2,183,183,-0.05751029826507187
2024-12-18,3,183,183,-0.051540901670162474
2024-12-18,4,183,182,-0.03595771376494129
2024-12-18,5,183,183,-0.049034221510104434
2024-12-19,1,184,184,-0.07755961546894921
2024-12-19,2,183,183,-0.04902119685022526
2024-12-19,3,183,183,-0.055129577472760774
2024-12-19,4,183,182,-0.03073999144269791
2024-12-19,5,183,183,-0.03938013912751067
2024-12-20,1,184,183,-0.0781479792247678
2024-12-20,2,183,183,-0.04975550813496899
2024-12-20,3,183,183,-0.05833540997080747
2024-12-20,4,183,182,-0.030521656023386787
2024-12-20,5,183,183,-0.03989184231047721
2024-12-23,1,182,182,-0.06251763984150466
2024-12-23,2,182,182,-0.047471996351333895
2024-12-23,3,182,182,-0.041809751129269226
2024-12-23,4,182,182,-0.018999403227934326
2024-12-23,5,182,181,-0.025879106690209944
2024-12-24,1,183,183,-0.06344000827636755
2024-12-24,2,182,182,-0.05359246746199722
2024-12-24,3,183,183,-0.045713789043209024
2024-12-24,4,182,182,-0.024891479611324607
2024-12-24,5,182,182,-0.03278476685947585
2024-12-25,1,182,182,-0.062030066015132196
2024-12-25,2,182,182,-0.04835827732563116
2024-12-25,3,182,182,-0.0493300597800547
2024-12-25,4,182,182,-0.03108961821037286
2024-12-25,5,182,182,-0.0333477331628659
2024-12-26,1,182,182,-0.04995700851307702
2024-12-26,2,182,182,-0.040811988642187935
2024-12-26,3,182,182,-0.042097545781774943
2024-12-26,4,182,182,-0.02306103218280755
2024-12-26,5,181,181,-0.028183767028550667
2024-12-27,1,183,181,-0.053596999194661245
2024-12-27,2,182,182,-0.04898049544271614
2024-12-27,3,182,182,-0.04605246370010012
2024-12-27,4,182,182,-0.029013764440828416
2024-12-27,5,182,182,-0.03119701040990748
2024-12-30,1,182,181,-0.048388478702208276
2024-12-30,2,182,181,-0.04747627924605799
2024-12-30,3,181,181,-0.05306799710191251
2024-12-30,4,182,182,-0.03858069773703921
2024-12-30,5,181,181,-0.03839631353295653
2024-12-31,1,182,179,-0.0016236225335290854
2024-12-31,2,181,180,-0.004593439893972491
2024-12-31,3,182,182,-0.0013002056522896435
2024-12-31,4,181,181,0.010619355301351526
2024-12-31,5,181,181,0.009120739851072961
2025-01-02,1,181,180,0.041895418552130276
2025-01-02,2,180,180,0.03451847082152308
2025-01-02,3,180,180,0.036532479818481886
2025-01-02,4,180,180,0.04565458780537269
2025-01-02,5,180,180,0.047419989393004514
2025-01-03,1,179,178,0.10001951735817827
2025-01-03,2,179,179,0.07277398374684647
2025-01-03,3,179,179,0.07956994769183207
2025-01-03,4,179,179,0.08344125274126071
2025-01-03,5,179,179,0.08075218099748205
2025-01-06,1,180,179,0.08933292053883936
2025-01-06,2,179,179,0.0687589737895392
2025-01-06,3,180,180,0.07145338563039565
2025-01-06,4,179,179,0.07571795582978388
2025-01-06,5,179,179,0.07758084220690593
2025-01-07,1,180,179,0.09188587958013891
2025-01-07,2,180,180,0.0788200216822107
2025-01-07,3,179,179,0.07937497157592785
2025-01-07,4,180,180,0.07917852004735927
2025-01-07,5,179,179,0.0841884923942795
2025-01-08,1,180,179,0.09750515069035189
2025-01-08,2,179,179,0.07679668894038882
2025-01-08,3,180,180,0.06743132940916781
2025-01-08,4,179,179,0.07890572717818659
2025-01-08,5,179,179,0.0843805344987143
2025-01-09,1,180,179,0.09950114376507334
2025-01-09,2,180,180,0.08006581866590975
2025-01-09,3,179,179,0.0737740307540809
2025-01-09,4,180,179,0.08064721329537168
2025-01-09,5,179,179,0.0937961859963904
2025-01-10,1,179,178,0.14343523179878837
2025-01-10,2,179,179,0.116422757902305
2025-01-10,3,178,178,0.11119317687159808
2025-01-10,4,179,178,0.11058094703625196
2025-01-10,5,178,178,0.11509899077608737
2025-01-13,1,179,178,0.10202768132384202
2025-01-13,2,178,178,0.08065339004105357
2025-01-13,3,179,179,0.07113190580283565
2025-01-13,4,178,177,0.0780214351650778
2025-01-13,5,178,178,0.08044747885770494
2025-01-14,1,180,179,0.08310623731030833
2025-01-14,2,179,179,0.06046247979443963
2025-01-14,3,180,180,0.053152209841145666
2025-01-14,4,179,178,0.06013792078674442
2025-01-14,5,179,179,0.06157511752766594
2025-01-15,1,180,179,0.08792738577667096
2025-01-15,2,179,179,0.06635365865022547
2025-01-15,3,180,180,0.059623595167480226
2025-01-15,4,179,177,0.06879212173098499
2025-01-15,5,179,179,0.06448967502257696
2025-01-16,1,180,179,0.0950786093327122
2025-01-16,2,179,179,0.07568496419184643
2025-01-16,3,180,180,0.06843725015740153
2025-01-16,4,179,178,0.08388616746943275
2025-01-16,5,179,179,0.07834983767103047
2025-01-17,1,180,179,0.07722093022759505
2025-01-17,2,179,179,0.04689421248863718
2025-01-17,3,180,179,0.0456462068439096
2025-01-17,4,179,178,0.05232112794244638
2025-01-17,5,179,179,0.05122942103313539
2025-01-20,1,180,179,0.08134991925422459
2025-01-20,2,180,180,0.04927572534898064
2025-01-20,3,179,178,0.03644614187447636
2025-01-20,4,180,179,0.05459568107582326
2025-01-20,5,179,179,0.04430388155175654
2025-01-21,1,180,179,0.10235587664855451
2025-01-21,2,179,179,0.0675470252880194
2025-01-21,3,180,179,0.06459472721056081
2025-01-21,4,179,178,0.07629627011397686
2025-01-21,5,179,179,0.0651576466931627
2025-01-22,1,179,178,0.08943921162337248
2025-01-22,2,178,178,0.05553857914772995
2025-01-22,3,178,177,0.046895398465717726
2025-01-22,4,178,178,0.06793172863156134
2025-01-22,5,178,178,0.056016535591014494
2025-01-23,1,179,178,0.0799614359355744
2025-01-23,2,178,178,0.051308919355514473
2025-01-23,3,178,177,0.04608995441937407
2025-01-23,4,178,178,0.05996586324279776
2025-01-23,5,178,178,0.04560808581241731
2025-01-24,1,179,178,0.0553135231908899
2025-01-24,2,178,178,0.026458928249926197
2025-01-24,3,178,177,0.022322180577734434
2025-01-24,4,178,178,0.03816944008315091
2025-01-24,5,178,178,0.02362620588998827
2025-01-27,1,179,178,0.07075865201351515
2025-01-27,2,179,179,0.04339651007339455
2025-01-27,3,179,178,0.03629524385824705
2025-01-27,4,179,179,0.058554021908708065
2025-01-27,5,179,179,0.037020390909919154
2025-02-05,1,180,179,0.0772432519126289
2025-02-05,2,179,178,0.055633145380223764
2025-02-05,3,179,178,0.050736322218098456
2025-02-05,4,179,179,0.07335542341512681
2025-02-05,5,179,179,0.05208012530457008
2025-02-06,1,180,180,0.0629241589177655
2025-02-06,2,179,179,0.04865762753738963
2025-02-06,3,179,178,0.037186103649900715
2025-02-06,4,179,179,0.060425248279375246
2025-02-06,5,179,179,0.038728675408371604
2025-02-07,1,180,180,0.036903517862539696
2025-02-07,2,180,180,0.028019361746708722
2025-02-07,3,180,179,0.018167703806836345
2025-02-07,4,180,180,0.049757361191147924
2025-02-07,5,180,180,0.02876086111915982
2025-02-10,1,181,181,0.006810821825396765
2025-02-10,2,180,180,0.005156020193012577
2025-02-10,3,180,180,0.004018567307631204
2025-02-10,4,180,180,0.028449740195207133
2025-02-10,5,180,180,0.012122977597163912
2025-02-11,1,180,180,0.0339784236381639
2025-02-11,2,180,180,0.033388580112296985
2025-02-11,3,180,180,0.023741017250671723
2025-02-11,4,180,180,0.05981029617232744
2025-02-11,5,180,180,0.034949957272659336
2025-02-12,1,181,181,0.01318357786201662
2025-02-12,2,180,180,0.014464506027971287
2025-02-12,3,180,180,0.01601255760510191
2025-02-12,4,180,180,0.04256143752013748
2025-02-12,5,180,180,0.023747745694407813
2025-02-13,1,181,181,0.009215913092492908
2025-02-13,2,180,180,0.01585151641380066
2025-02-13,3,180,180,0.01966570472067159
2025-02-13,4,180,180,0.04036053613937538
2025-02-13,5,180,180,0.027560487888377963
2025-02-14,1,181,181,0.01649536374600323
2025-02-14,2,180,179,0.029406327002357454
2025-02-14,3,180,180,0.030257291942410537
2025-02-14,4,180,178,0.060069412905690796
2025-02-14,5,180,180,0.038719144934457043
2025-02-17,1,181,181,0.01612396644671056
2025-02-17,2,180,179,0.031880206771448004
2025-02-17,3,181,181,0.026949867449107955
2025-02-17,4,180,179,0.06308524651286132
2025-02-17,5,180,180,0.046497643231837076
2025-02-18,1,180,180,0.03711661043099028
2025-02-18,2,180,179,0.04899013532082867
2025-02-18,3,180,180,0.05021908034003832
2025-02-18,4,180,179,0.08007417195859347
2025-02-18,5,180,179,0.06213013254352399
2025-02-19,1,180,180,0.014926049071784743
2025-02-19,2,180,179,0.032328099217571966
2025-02-19,3,180,180,0.029561719577440047
2025-02-19,4,180,179,0.06113164094137051
2025-02-19,5,180,179,0.04825787826321535
2025-02-20,1,181,181,0.0009986396057762275
2025-02-20,2,180,179,0.021139962052224927
2025-02-20,3,180,180,0.017812664066626793
2025-02-20,4,180,179,0.04439037511319319
2025-02-20,5,180,179,0.037904962169076975
2025-02-21,1,181,181,-0.021180668297041984
2025-02-21,2,181,180,0.004053135943684286
2025-02-21,3,180,180,0.0007767270642930961
2025-02-21,4,181,180,0.02410965054670679
2025-02-21,5,180,179,0.017479474568942648
2025-02-24,1,181,181,-0.02429616801019885
2025-02-24,2,180,179,0.004331500469756803
2025-02-24,3,181,180,0.005432343061307668
2025-02-24,4,180,179,0.02481277634660362
2025-02-24,5,180,179,0.022752767757567828
2025-02-25,1,180,180,-0.031843233443476775
2025-02-25,2,180,179,-0.0026459149674958188
2025-02-25,3,180,180,-0.0013524759464141197
2025-02-25,4,180,179,0.021614225356566437
2025-02-25,5,180,179,0.022769898753690666
2025-02-26,1,181,181,-0.035708807329595284
2025-02-26,2,181,180,-0.01113957173833894
2025-02-26,3,180,180,-0.012892404608630762
2025-02-26,4,181,180,0.008605915611457404
2025-02-26,5,180,180,0.013284793916062352
2025-02-27,1,181,181,-0.029686309336318533
2025-02-27,2,181,179,-0.0070303263105260805
2025-02-27,3,181,181,-0.0031503506412782927
2025-02-27,4,181,180,0.014476713882006581
2025-02-27,5,180,180,0.017852879193253342
2025-02-28,1,181,181,-0.021897424472993973
2025-02-28,2,180,179,-0.003187096505758656
2025-02-28,3,180,180,3.6392959736366826e-06
2025-02-28,4,180,180,0.024539560185871286
2025-02-28,5,180,180,0.022760541318125913
2025-03-03,1,181,180,-0.02026575246733492
2025-03-03,2,180,179,-0.004185760087414096
2025-03-03,3,181,181,-0.0011718966136150888
2025-03-03,4,180,180,0.022588718664417248
2025-03-03,5,180,180,0.022640593960984178
2025-03-04,1,181,180,-0.02963864608010951
2025-03-04,2,180,179,-0.013988890749115412
2025-03-04,3,181,181,-0.00980411373755923
2025-03-04,4,180,180,0.01604328761758957
2025-03-04,5,180,180,0.011453258446084311
2025-03-05,1,181,180,-0.04318739833761337
2025-03-05,2,180,178,-0.02167315472389524
2025-03-05,3,181,181,-0.02244574800837833
2025-03-05,4,180,180,-3.2337179466583137e-06
2025-03-05,5,180,180,-0.0006064621497497197
2025-03-06,1,181,180,-0.09332855490104232
2025-03-06,2,181,179,-0.07404575383346663
2025-03-06,3,180,180,-0.07528754557507808
2025-03-06,4,181,181,-0.058531666105199366
2025-03-06,5,180,180,-0.05419101931107092
2025-03-07,1,181,180,-0.13606997972623952
2025-03-07,2,180,178,-0.10883140820670482
2025-03-07,3,180,180,-0.12451278501969489
2025-03-07,4,180,180,-0.10110625913288149
2025-03-07,5,180,180,-0.09008726890549647
2025-03-10,1,181,180,-0.12375064613339859
2025-03-10,2,180,179,-0.09795474780645037
2025-03-10,3,181,181,-0.12594365816364594
2025-03-10,4,180,180,-0.10876736030219859
2025-03-10,5,180,180,-0.08029739379703521
2025-03-11,1,181,180,-0.09980634035805372
2025-03-11,2,180,179,-0.0811289097513873
2025-03-11,3,181,181,-0.09676323669333403
2025-03-11,4,180,180,-0.08399754868955982
2025-03-11,5,180,180,-0.06162627695275046
2025-03-12,1,181,180,-0.09577057377653694
2025-03-12,2,180,179,-0.07578582740394686
2025-03-12,3,181,181,-0.09944083103867248
2025-03-12,4,180,180,-0.0832379139896642
2025-03-12,5,180,180,-0.05920805255825802
2025-03-13,1,181,180,-0.07103639471244769
2025-03-13,2,180,179,-0.06126035798331977
2025-03-13,3,180,180,-0.07413920227190561
2025-03-13,4,180,180,-0.06049200398576354
2025-03-13,5,180,180,-0.04492790823506462
2025-03-14,1,181,180,-0.08025719707280443
2025-03-14,2,180,178,-0.07599625758602971
2025-03-14,3,181,181,-0.09060209063239139
2025-03-14,4,180,179,-0.0807008134672746
2025-03-14,5,180,180,-0.06489782788374554
2025-03-17,1,181,181,-0.08590948770645057
2025-03-17,2,180,179,-0.07767355046298101
2025-03-17,3,181,181,-0.0961960395429721
2025-03-17,4,180,180,-0.08738371043280968
2025-03-17,5,180,180,-0.07014309104120371
2025-03-18,1,181,181,-0.09597068422420084
2025-03-18,2,180,179,-0.08506226451228933
2025-03-18,3,181,181,-0.10658693303007911
2025-03-18,4,180,180,-0.09298106962744102
2025-03-18,5,180,179,-0.08032863665315908
2025-03-19,1,181,181,-0.08568930642973947
2025-03-19,2,180,179,-0.07830620930678248
2025-03-19,3,181,181,-0.10089104378002069
2025-03-19,4,180,180,-0.08109934048362248
2025-03-19,5,180,180,-0.07378717164579106
2025-03-20,1,181,180,-0.08056228135568282
2025-03-20,2,180,179,-0.07147976824243481
2025-03-20,3,181,181,-0.09332398335819433
2025-03-20,4,180,180,-0.07536503695242382
2025-03-20,5,180,180,-0.07077471812499354
2025-03-21,1,181,179,-0.05086354147339152
2025-03-21,2,180,179,-0.04995336619569937
2025-03-21,3,180,180,-0.06918613443600394
2025-03-21,4,180,180,-0.051543216383609446
2025-03-21,5,180,180,-0.049212018862968936
2025-03-24,1,180,178,-0.03675678462440969
2025-03-24,2,180,179,-0.03842113860159591
2025-03-24,3,180,180,-0.05513388095333483
2025-03-24,4,180,180,-0.03907809889291962
2025-03-24,5,180,180,-0.0387754321270533
2025-03-25,1,180,178,-0.03571929004335157
2025-03-25,2,180,179,-0.03984290762723643
2025-03-25,3,180,180,-0.05147733319596091
2025-03-25,4,180,180,-0.0393982264970632
2025-03-25,5,180,180,-0.042320290876103006
2025-03-26,1,180,179,-0.044929264397524205
2025-03-26,2,180,179,-0.0373268980901091
2025-03-26,3,180,180,-0.06284772859575811
2025-03-26,4,180,180,-0.04345030118947977
2025-03-26,5,180,180,-0.04401998914876207
2025-03-27,1,181,181,-0.05034511397946029
2025-03-27,2,180,179,-0.04198007346855442
2025-03-27,3,180,180,-0.06116553863785076
2025-03-27,4,180,180,-0.04812962021606072
2025-03-27,5,180,180,-0.045349751462962426
2025-03-28,1,180,180,-0.04811811627031594
2025-03-28,2,180,180,-0.041782911723572944
2025-03-28,3,180,179,-0.05818040361338143
2025-03-28,4,180,180,-0.04859866266394293
2025-03-28,5,180,180,-0.04395419230450234
2025-03-31,1,180,178,-0.03522012095220437
2025-03-31,2,179,178,-0.024706387122148947
2025-03-31,3,180,180,-0.0416710012841249
2025-03-31,4,179,179,-0.039595853015705416
2025-03-31,5,179,179,-0.037259818663038055
2025-04-01,1,180,179,-0.02594570565095891
2025-04-01,2,179,179,-0.02231200242424684
2025-04-01,3,180,179,-0.04120807547861661
2025-04-01,4,179,179,-0.03139069215653673
2025-04-01,5,179,179,-0.03366493440243868
2025-04-02,1,180,179,0.007891659036841211
2025-04-02,2,180,180,0.009044010759281197
2025-04-02,3,179,178,-0.012506467621967339
2025-04-02,4,180,180,-0.0011730959167147368
2025-04-02,5,179,179,-0.005774509634315326
2025-04-03,1,180,179,0.043124029916050494
2025-04-03,2,180,180,0.04587228761634592
2025-04-03,3,179,178,0.03738630677785016
2025-04-03,4,180,180,0.03627365855880948
2025-04-03,5,179,179,0.03931622824848696
2025-04-07,1,179,178,0.106124365961174
2025-04-07,2,178,178,0.10344927801426675
2025-04-07,3,178,177,0.10150718676298227
2025-04-07,4,178,178,0.09383690362759416
2025-04-07,5,178,178,0.08673442574083817
2025-04-08,1,178,177,0.10341198616784736
2025-04-08,2,178,178,0.10686014069299053
2025-04-08,3,178,177,0.11241669042096078
2025-04-08,4,178,178,0.11428975452789386
2025-04-08,5,177,177,0.09783972308335716
2025-04-09,1,179,178,0.06695782043028733
2025-04-09,2,178,178,0.07213141078001158
2025-04-09,3,178,176,0.07106259158014352
2025-04-09,4,178,178,0.06953838455727625
2025-04-09,5,178,178,0.06124591069243088
2025-04-10,1,179,178,0.06221145359115958
2025-04-10,2,179,179,0.0617406532907824
2025-04-10,3,179,177,0.06471325973157196
2025-04-10,4,179,179,0.056845684543573555
2025-04-10,5,178,178,0.05319781476129281
2025-04-11,1,179,178,0.04687408136807535
2025-04-11,2,179,179,0.04530642968665504
2025-04-11,3,179,177,0.04585910393860281
2025-04-11,4,179,179,0.037867175279252076
2025-04-11,5,178,178,0.03801144787143152
2025-04-14,1,180,179,0.026934992533355788
2025-04-14,2,179,179,0.03354894169491158
2025-04-14,3,180,178,0.030923840946718247
2025-04-14,4,179,179,0.02315188250781168
2025-04-14,5,179,179,0.023836821517731865
2025-04-15,1,180,178,0.03838454258854459
2025-04-15,2,179,179,0.03961785722871025
2025-04-15,3,180,179,0.04420325592176682
2025-04-15,4,179,179,0.03603167190293111
2025-04-15,5,179,179,0.029829711110920545
2025-04-16,1,180,178,0.05792194747387348
2025-04-16,2,179,179,0.058614234379926994
2025-04-16,3,179,178,0.06218893883392572
2025-04-16,4,179,179,0.04930137457907371
2025-04-16,5,179,179,0.043909473148782324
2025-04-17,1,180,178,0.05434272185382409
2025-04-17,2,180,180,0.05496968895459054
2025-04-17,3,180,179,0.05559228468085562
2025-04-17,4,180,180,0.0556039974952046
2025-04-17,5,179,179,0.04262885462975767
2025-04-18,1,180,177,0.049941081755494526
2025-04-18,2,180,180,0.04853243624234413
2025-04-18,3,180,179,0.05456175779628289
2025-04-18,4,180,180,0.05140622466410727
2025-04-18,5,180,180,0.04137738686742511
2025-04-21,1,180,177,0.03224694065287461
2025-04-21,2,180,180,0.029299380234032047
2025-04-21,3,179,178,0.03074379808486113
2025-04-21,4,180,180,0.02396252963194336
2025-04-21,5,179,179,0.025417039091710426
2025-04-22,1,180,178,0.01866334477412046
2025-04-22,2,179,179,0.011776836445928984
2025-04-22,3,180,179,0.01854867122650729
2025-04-22,4,179,179,0.004855049718473147
2025-04-22,5,179,179,0.008141302631712177
2025-04-23,1,180,178,0.02571015246300418
2025-04-23,2,179,179,0.020910312453434433
2025-04-23,3,179,178,0.0199995572867781
2025-04-23,4,179,179,0.008582528772016469
2025-04-23,5,179,179,0.01403293139820059
2025-04-24,1,180,178,0.03667000215469001
2025-04-24,2,179,179,0.02592798888509429
2025-04-24,3,180,179,0.029403329688001505
2025-04-24,4,179,179,0.009602392203625675
2025-04-24,5,179,179,0.011776930800724965
2025-04-25,1,180,178,0.032812961408059664
2025-04-25,2,180,180,0.01875469531306339
2025-04-25,3,179,178,0.029043150158298905
2025-04-25,4,180,180,0.014377108084138474
2025-04-25,5,179,179,0.012274316290131865
2025-04-28,1,180,179,0.05630632457796357
2025-04-28,2,180,180,0.043634768647255975
2025-04-28,3,179,178,0.05294057831018963
2025-04-28,4,180,180,0.04455184237576021
2025-04-28,5,179,179,0.030909761469805272
2025-04-29,1,181,179,0.03756416196299466
2025-04-29,2,180,180,0.02941959271460009
2025-04-29,3,180,178,0.03545180684051621
2025-04-29,4,180,180,0.024259905207119025
2025-04-29,5,180,180,0.022233287063258594
2025-04-30,1,180,180,0.03351850487045415
2025-04-30,2,180,180,0.035085928569266525
2025-04-30,3,180,179,0.032963189033114855
2025-04-30,4,180,179,0.022585799825606045
2025-04-30,5,179,179,0.024177352834103574
2025-05-06,1,180,180,0.015487186233741648
2025-05-06,2,180,180,0.018442455753081403
2025-05-06,3,179,178,0.014651093352159293
2025-05-06,4,180,179,0.005935897574571303
2025-05-06,5,179,179,0.01469769431950255
2025-05-07,1,181,181,0.027351299335830997
2025-05-07,2,180,180,0.028907429281053235
2025-05-07,3,180,179,0.022485238844515455
2025-05-07,4,180,178,0.02110330828546724
2025-05-07,5,180,180,0.02624042291733581
2025-05-08,1,181,181,0.018728585238277928
2025-05-08,2,181,181,0.02374530737929071
2025-05-08,3,180,179,0.013710797853500862
2025-05-08,4,181,179,0.011984166508560632
2025-05-08,5,180,180,0.0201243259667515
2025-05-09,1,181,181,0.03801995445020929
2025-05-09,2,180,180,0.03305782537804942
2025-05-09,3,180,180,0.025369894523841925
2025-05-09,4,180,179,0.02573871504578136
2025-05-09,5,180,180,0.027651477136364126
2025-05-12,1,181,181,0.016875697717345917
2025-05-12,2,180,180,0.009069738849521475
2025-05-12,3,180,179,0.006207335096051555
2025-05-12,4,180,180,0.0065659814529278136
2025-05-12,5,180,180,0.013231436781771204
2025-05-13,1,180,180,0.027712635876938632
2025-05-13,2,180,180,0.021596191687205984
2025-05-13,3,180,180,0.018692932692421928
2025-05-13,4,180,180,0.021838613298933378
2025-05-13,5,180,180,0.023582662463368022
2025-05-14,1,181,181,0.024072148454060107
2025-05-14,2,180,180,0.018515602359812745
2025-05-14,3,180,180,0.017643487040224146
2025-05-14,4,180,180,0.022228530731555205
2025-05-14,5,180,180,0.02407159656375308
2025-05-15,1,180,180,0.01781259919243558
2025-05-15,2,180,180,0.017539766189571395
2025-05-15,3,180,180,0.013816363198114615
2025-05-15,4,180,180,0.02043681435421951
2025-05-15,5,180,180,0.020920549653484364
2025-05-16,1,180,180,0.023971782537806963
2025-05-16,2,180,180,0.02672811627330188
2025-05-16,3,180,179,0.01955913964226061
2025-05-16,4,180,180,0.021292065475669055
2025-05-16,5,180,180,0.025437105723713622
2025-05-19,1,181,181,0.013191776201294804
2025-05-19,2,180,180,0.02255273640779319
2025-05-19,3,180,180,0.007229752889963859
2025-05-19,4,180,180,0.01642463290029476
2025-05-19,5,180,180,0.016564230730439444
2025-05-20,1,180,180,0.002871246900128459
2025-05-20,2,180,180,0.011152593903061657
2025-05-20,3,180,180,-0.0005761986324475289
2025-05-20,4,180,180,0.0071336947402186246
2025-05-20,5,180,180,0.011433941620595014
2025-05-21,1,180,180,-0.0031106815829635816
2025-05-21,2,180,180,0.0017581383313910398
2025-05-21,3,180,180,-0.014501996056102322
2025-05-21,4,180,180,-0.004613037314925897
2025-05-21,5,180,180,-0.0008390417687198689
2025-05-22,1,180,180,-0.009244696552018077
2025-05-22,2,180,180,-6.344128306251652e-05
2025-05-22,3,180,180,-0.014603931364229059
2025-05-22,4,180,180,-0.007081474450607539
2025-05-22,5,180,180,-0.005918160767416904
2025-05-23,1,180,180,0.020985355662565895
2025-05-23,2,180,180,0.03325484474366282
2025-05-23,3,180,179,0.012635416748644343
2025-05-23,4,180,180,0.01706591922730909
2025-05-23,5,180,180,0.015769386334588922
2025-05-26,1,180,180,0.032540262139795655
2025-05-26,2,180,180,0.047844531311080095
2025-05-26,3,180,180,0.028610854901301667
2025-05-26,4,180,180,0.031959706432518116
2025-05-26,5,179,179,0.02815128406493049
2025-05-27,1,180,180,0.0405407069674756
2025-05-27,2,180,180,0.05517837749336681
2025-05-27,3,180,180,0.03792197572113916
2025-05-27,4,180,180,0.043560411182613105
2025-05-27,5,179,179,0.04319907569127397
2025-05-28,1,180,180,0.048327486842227305
2025-05-28,2,180,180,0.05695425059111293
2025-05-28,3,180,180,0.03886274725279867
2025-05-28,4,180,180,0.04394453753539646
2025-05-28,5,179,179,0.043652227740518315
2025-05-29,1,181,181,0.03453999458247873
2025-05-29,2,180,180,0.05013332040314063
2025-05-29,3,180,180,0.0311744086144939
2025-05-29,4,180,180,0.03477879537839736
2025-05-29,5,180,180,0.033505997629423495
2025-05-30,1,180,180,0.05644006308004471
2025-05-30,2,180,180,0.06267625281221006
2025-05-30,3,180,180,0.05217495099369677
2025-05-30,4,180,180,0.04682875602736763
2025-05-30,5,180,180,0.049555475557119484
2025-06-03,1,181,181,0.0483811806639402
2025-06-03,2,180,180,0.05035853498898884
2025-06-03,3,180,180,0.0444299917598694
2025-06-03,4,180,180,0.03846949929419244
2025-06-03,5,180,180,0.03767571609058502
2025-06-04,1,181,181,0.03816125882497632
2025-06-04,2,180,180,0.03875679433374627
2025-06-04,3,181,181,0.034342344813768425
2025-06-04,4,180,179,0.02871495315980499
2025-06-04,5,180,180,0.021584981071728047
2025-06-05,1,180,180,0.04133756047511463
2025-06-05,2,180,180,0.04535551398986232
2025-06-05,3,180,180,0.039850740590822366
2025-06-05,4,180,179,0.028764383401870108
2025-06-05,5,180,180,0.028479731910957807
2025-06-06,1,180,179,0.03076001601212382
2025-06-06,2,180,180,0.03624272976079425
2025-06-06,3,180,180,0.03263047944063421
2025-06-06,4,180,180,0.02401095499612707
2025-06-06,5,180,180,0.02714335451159676
2025-06-09,1,181,181,0.021592012231604084
2025-06-09,2,181,181,0.03396590467624944
2025-06-09,3,180,180,0.026601828713771328
2025-06-09,4,181,181,0.0189089817002766
2025-06-09,5,180,180,0.019613385438477557
2025-06-10,1,181,181,0.04819938089643408
2025-06-10,2,180,180,0.05417743103344886
2025-06-10,3,180,180,0.04833795552208078
2025-06-10,4,180,180,0.03764026470366011
2025-06-10,5,180,180,0.03538471399529299
2025-06-11,1,181,181,0.041193264184868156
2025-06-11,2,180,180,0.049292959078316045
2025-06-11,3,181,181,0.041293681661442753
2025-06-11,4,180,180,0.0296714759291857
2025-06-11,5,180,180,0.02864531640434227
2025-06-12,1,181,181,0.049705826347851194
2025-06-12,2,180,180,0.05304733359194663
2025-06-12,3,181,181,0.0475237744909078
2025-06-12,4,180,180,0.038527154894468243
2025-06-12,5,180,180,0.03109039776472738
2025-06-13,1,180,180,0.07135307614380418
2025-06-13,2,180,180,0.07380539528415841
2025-06-13,3,179,179,0.06736184423745384
2025-06-13,4,180,180,0.05850123428988885
2025-06-13,5,179,179,0.04733961966076821
2025-06-16,1,180,180,0.05545059064276935
2025-06-16,2,180,180,0.05742900753932988
2025-06-16,3,180,180,0.058686917736675365
2025-06-16,4,180,180,0.05023062439239907
2025-06-16,5,180,180,0.03971514298522522
2025-06-17,1,181,181,0.0500252563874025
2025-06-17,2,180,180,0.05333637678199836
2025-06-17,3,180,180,0.057343558416762995
2025-06-17,4,180,180,0.05160312310447842
2025-06-17,5,180,180,0.04255948327380002
2025-06-18,1,181,181,0.06022557648906567
2025-06-18,2,180,180,0.05617878144002568
2025-06-18,3,180,180,0.05970344055368289
2025-06-18,4,180,180,0.06436702686132369
2025-06-18,5,180,180,0.04711282469337294
2025-06-19,1,181,181,0.08997102369859361
2025-06-19,2,180,180,0.0798213333099968
2025-06-19,3,180,180,0.08851107954853464
2025-06-19,4,180,180,0.09037101050763699
2025-06-19,5,180,179,0.0690247135533793
2025-06-20,1,181,181,0.1092369241249665
2025-06-20,2,180,180,0.09692549179479618
2025-06-20,3,180,180,0.10223594172242524
2025-06-20,4,180,180,0.10123950334166174
2025-06-20,5,180,180,0.08492930015696497
2025-06-23,1,181,180,0.09853475410500911
2025-06-23,2,180,180,0.08708072176356978
2025-06-23,3,180,180,0.09897520284208038
2025-06-23,4,180,180,0.09742492538594855
2025-06-23,5,180,180,0.08124271726893707
2025-06-24,1,181,180,0.08750577022614456
2025-06-24,2,180,180,0.07936135837235883
2025-06-24,3,181,181,0.09263353647888209
2025-06-24,4,180,180,0.08107257443111404
2025-06-24,5,180,180,0.07416016935078362
2025-06-25,1,181,180,0.06633105070896901
2025-06-25,2,180,180,0.058039968278715964
2025-06-25,3,181,181,0.0699581514896462
2025-06-25,4,180,180,0.06419769921868006
2025-06-25,5,180,180,0.05604478508564279
2025-06-26,1,181,180,0.09091357236786715
2025-06-26,2,181,181,0.07988569517709972
2025-06-26,3,180,180,0.09584601552099087
2025-06-26,4,181,181,0.07569515525090031
2025-06-26,5,180,180,0.06650334751416367
2025-06-27,1,181,180,0.08505563601737366
2025-06-27,2,181,181,0.07141962634115596
2025-06-27,3,181,181,0.08299830983744656
2025-06-27,4,181,181,0.07385048426919708
2025-06-27,5,180,180,0.05954983486308307
2025-06-30,1,182,182,0.08131751513151382
2025-06-30,2,181,181,0.06873319879172723
2025-06-30,3,181,181,0.07559222158545802
2025-06-30,4,181,181,0.06730217882573568
2025-06-30,5,181,181,0.04956959884534832
2025-07-01,1,182,182,0.08334606150002227
2025-07-01,2,181,181,0.06958853138787788
2025-07-01,3,181,181,0.07396484542276971
2025-07-01,4,181,181,0.06950775743955077
2025-07-01,5,181,181,0.055830727101121594
2025-07-02,1,182,182,0.06862903697741249
2025-07-02,2,182,182,0.06404137355856483
2025-07-02,3,181,181,0.06943806491154104
2025-07-02,4,182,182,0.06631273614378634
2025-07-02,5,181,181,0.056191583089564644
2025-07-03,1,182,182,0.05201230250312741
2025-07-03,2,181,181,0.04484427033637713
2025-07-03,3,182,182,0.04693727718444693
2025-07-03,4,181,181,0.04864004424024957
2025-07-03,5,181,181,0.03504717913462125
2025-07-04,1,182,179,0.05557126596021558
2025-07-04,2,181,181,0.044545945875035305
2025-07-04,3,182,182,0.05154971686945229
2025-07-04,4,181,181,0.0487537674576924
2025-07-04,5,181,181,0.03797821888248351
2025-07-07,1,181,179,0.06434654686433697
2025-07-07,2,181,181,0.04738810054791455
2025-07-07,3,181,181,0.059176114548216134
2025-07-07,4,181,181,0.06132111532263795
2025-07-07,5,181,181,0.05047985239643016
2025-07-08,1,182,180,0.054112879531175107
2025-07-08,2,182,182,0.040595410999924114
2025-07-08,3,182,181,0.05017955015601964
2025-07-08,4,182,182,0.05160104020759464
2025-07-08,5,182,182,0.044353141894321706
2025-07-09,1,183,181,0.058653429650971284
2025-07-09,2,182,182,0.04904791911464945
2025-07-09,3,182,181,0.060623694783508555
2025-07-09,4,182,182,0.06463431311046172
2025-07-09,5,182,182,0.0558724794913636
2025-07-10,1,183,181,0.05219126449164865
2025-07-10,2,183,183,0.03642862034659261
2025-07-10,3,183,182,0.047009415993859396
2025-07-10,4,183,183,0.05671445688682382
2025-07-10,5,182,182,0.04991347623899185
2025-07-11,1,184,183,0.053937005399455104
2025-07-11,2,183,183,0.03501683940162362
2025-07-11,3,184,183,0.04390554829188572
2025-07-11,4,183,183,0.05246948536338897
2025-07-11,5,183,183,0.052949678095578975
2025-07-14,1,183,182,0.06963122634727055
2025-07-14,2,183,183,0.045774654527834205
2025-07-14,3,183,182,0.05277470929098519
2025-07-14,4,183,183,0.06235876149995234
2025-07-14,5,183,183,0.059207245558996986
2025-07-15,1,184,183,0.07686629278607483
2025-07-15,2,183,182,0.05560325951372694
2025-07-15,3,183,182,0.06199806220782591
2025-07-15,4,183,183,0.06795610118990658
2025-07-15,5,183,183,0.06316440075972941
2025-07-16,1,183,182,0.0782895158298338
2025-07-16,2,183,182,0.06375841101165516
2025-07-16,3,183,182,0.06953168119369309
2025-07-16,4,183,183,0.07062804433645567
2025-07-16,5,183,183,0.06724170031511553
2025-07-17,1,184,183,0.04406165386067781
2025-07-17,2,183,182,0.04289724018614113
2025-07-17,3,183,182,0.03996786408770717
2025-07-17,4,183,183,0.04113411346544365
2025-07-17,5,183,182,0.04622804821987466
2025-07-18,1,184,184,0.06161234633601711
2025-07-18,2,183,182,0.056397676501002
2025-07-18,3,183,182,0.0644708978517319
2025-07-18,4,183,183,0.061903232192406524
2025-07-18,5,183,183,0.06139404844138608
2025-07-21,1,184,183,0.05777181238498701
2025-07-21,2,183,182,0.04946606854350335
2025-07-21,3,183,183,0.05944310759248414
2025-07-21,4,183,183,0.056593317370424674
2025-07-21,5,183,183,0.05403183675405045
2025-07-22,1,184,184,0.056664649965424904
2025-07-22,2,183,182,0.036953068192318105
2025-07-22,3,183,183,0.05355277625043149
2025-07-22,4,183,183,0.05062824433807127
2025-07-22,5,183,183,0.04681492815239025
2025-07-23,1,183,183,0.07838925305635021
2025-07-23,2,183,182,0.060835336036656064
2025-07-23,3,183,183,0.08124049110195976
2025-07-23,4,183,183,0.07281783990716993
2025-07-23,5,183,183,0.0682375070687396
2025-07-24,1,184,184,0.05286794343707217
2025-07-24,2,183,182,0.03642525082263838
2025-07-24,3,184,184,0.04966565263228712
2025-07-24,4,183,183,0.05625796487684373
2025-07-24,5,183,183,0.05760002751704026
2025-07-25,1,184,183,0.07071853272927049
2025-07-25,2,183,182,0.06075579346079782
2025-07-25,3,184,184,0.07423164924332867
2025-07-25,4,183,183,0.0686133563473477
2025-07-25,5,183,183,0.07057227032558408
2025-07-28,1,184,184,0.07207589860805515
2025-07-28,2,183,182,0.06863231078545284
2025-07-28,3,183,183,0.07552309741063618
2025-07-28,4,183,183,0.0745220459811302
2025-07-28,5,183,183,0.0806854697325496
2025-07-29,1,184,184,0.073464803049394
2025-07-29,2,183,182,0.06838766164779857
2025-07-29,3,184,183,0.07876094110007976
2025-07-29,4,183,183,0.081064044668198
2025-07-29,5,183,183,0.08268996070163986
2025-07-30,1,184,184,0.05262387725637045
2025-07-30,2,183,182,0.05661603621788844
2025-07-30,3,183,183,0.060550999989122535
2025-07-30,4,183,183,0.06467507810398672
2025-07-30,5,183,183,0.06291926267458393
2025-07-31,1,183,183,0.07631487640163258
2025-07-31,2,183,182,0.08279427752318314
2025-07-31,3,182,182,0.0897450520000082
2025-07-31,4,183,183,0.08573143810606214
2025-07-31,5,182,182,0.08484120664019512
2025-08-01,1,183,181,0.08537147424966642
2025-08-01,2,183,182,0.09027770828902695
2025-08-01,3,183,183,0.09719771983561701
2025-08-01,4,183,183,0.09032341456293014
2025-08-01,5,182,182,0.08761892652838711
2025-08-04,1,182,182,0.08141042901890491
2025-08-04,2,182,181,0.08076720424293105
2025-08-04,3,182,182,0.08463019525215686
2025-08-04,4,182,182,0.07799750983943614
2025-08-04,5,182,182,0.08140801238687903
2025-08-05,1,183,183,0.05680836279912623
2025-08-05,2,183,182,0.06144546802970734
2025-08-05,3,182,182,0.06756169479601892
2025-08-05,4,183,183,0.056150245277109184
2025-08-05,5,182,182,0.06302651021076472
2025-08-06,1,183,183,0.03255230675929614
2025-08-06,2,182,181,0.0346895142125893
2025-08-06,3,183,183,0.03954690828287218
2025-08-06,4,182,182,0.026370275505581898
2025-08-06,5,182,182,0.04062399165740921
2025-08-07,1,183,183,0.022604209298467764
2025-08-07,2,182,181,0.028789257534125676
2025-08-07,3,182,182,0.028769185389498093
2025-08-07,4,182,182,0.014197304494310174
2025-08-07,5,182,182,0.03291445801407296
2025-08-08,1,183,183,0.04122866168752618
2025-08-08,2,182,181,0.04421476097809096
2025-08-08,3,182,182,0.055187389305912195
2025-08-08,4,182,182,0.03570606367432025
2025-08-08,5,182,182,0.04928738985785152
2025-08-11,1,183,183,0.037394137830882274
2025-08-11,2,182,181,0.04284847303720953
2025-08-11,3,182,182,0.0480973067607131
2025-08-11,4,182,182,0.039910899142789176
2025-08-11,5,182,182,0.053027867793715606
2025-08-12,1,183,183,0.03582031744135048
2025-08-12,2,182,181,0.032531550714814804
2025-08-12,3,182,181,0.03740134555899208
2025-08-12,4,182,182,0.0336393081004762
2025-08-12,5,182,182,0.04370912421449592
2025-08-13,1,182,182,0.02939036252412255
2025-08-13,2,182,182,0.025407052826177404
2025-08-13,3,182,182,0.03513032053303766
2025-08-13,4,182,182,0.02007946648760681
2025-08-13,5,182,182,0.037061616802574485
2025-08-14,1,182,182,0.0650021350958828
2025-08-14,2,181,181,0.054285757154220106
2025-08-14,3,182,182,0.07194772433275996
2025-08-14,4,181,181,0.05568565549067112
2025-08-14,5,181,181,0.07100808281296511
2025-08-15,1,182,182,0.038504151437351405
2025-08-15,2,182,182,0.030541869776430246
2025-08-15,3,181,181,0.05082388109668592
2025-08-15,4,182,182,0.030993028595033383
2025-08-15,5,181,180,0.05041611962748767
2025-08-18,1,183,183,0.032121205938428696
2025-08-18,2,183,183,0.022519313865246905
2025-08-18,3,182,182,0.042546398834289005
2025-08-18,4,183,183,0.02048934868617429
2025-08-18,5,182,181,0.0519962313729859
2025-08-19,1,183,183,0.02876029083782695
2025-08-19,2,183,183,0.029866074076819286
2025-08-19,3,182,182,0.047418896332241826
2025-08-19,4,183,183,0.028742879327391852
2025-08-19,5,182,181,0.05060598705152294
2025-08-20,1,183,183,0.0157855603962563
2025-08-20,2,183,183,0.018198023499043467
2025-08-20,3,182,182,0.03151946789274017
2025-08-20,4,183,183,0.017970146811598513
2025-08-20,5,182,181,0.04383119807204551
2025-08-21,1,183,183,-0.00011836412181155369
2025-08-21,2,183,183,0.013516175126820865
2025-08-21,3,182,182,0.029386184463456887
2025-08-21,4,183,183,0.009810004461324233
2025-08-21,5,182,181,0.028568666048793503
2025-08-22,1,183,180,-0.012218591326125735
2025-08-22,2,183,183,-0.008372342259094463
2025-08-22,3,182,182,0.01133163123345069
2025-08-22,4,183,183,-0.004753471495436709
2025-08-22,5,182,181,0.022740399860479727
2025-08-25,1,183,183,-0.025014120446385495
2025-08-25,2,183,183,-0.015111521739874354
2025-08-25,3,183,183,0.01043739774732551
2025-08-25,4,183,183,-0.01159280713176958
2025-08-25,5,182,181,0.014325661539646362
2025-08-26,1,183,183,-0.04923212490566858
2025-08-26,2,183,183,-0.03199718906245914
2025-08-26,3,182,182,-0.013616735128478715
2025-08-26,4,183,183,-0.030201552762198734
2025-08-26,5,182,181,-0.005336543682421121
2025-08-27,1,183,183,-0.006163068391979454
2025-08-27,2,183,182,0.0035027997018554635
2025-08-27,3,182,182,0.02831865465809549
2025-08-27,4,183,183,0.010752957222905566
2025-08-27,5,182,181,0.03439346706118319
2025-08-28,1,183,183,-0.0227190381975793
2025-08-28,2,182,181,-0.014645822193947222
2025-08-28,3,183,183,0.009667006042710563
2025-08-28,4,182,182,-0.005381849723721417
2025-08-28,5,182,181,0.022085146830417936
2025-08-29,1,183,182,-0.032225531332197105
2025-08-29,2,182,181,-0.019220489070246677
2025-08-29,3,183,182,0.008802170275350997
2025-08-29,4,182,182,-0.014589308030217988
2025-08-29,5,182,182,0.014752945635061814
2025-09-01,1,183,182,-0.026577305208311263
2025-09-01,2,182,181,-0.002407452985946574
2025-09-01,3,183,182,0.016979467881748752
2025-09-01,4,182,182,-0.007372549986017152
2025-09-01,5,182,182,0.021326034270868766
2025-09-02,1,182,180,-0.006221125436149502
2025-09-02,2,182,181,0.016938311811075045
2025-09-02,3,182,181,0.042082412861089186
2025-09-02,4,182,182,0.017622205391427694
2025-09-02,5,181,181,0.04022266059156485
2025-09-03,1,182,180,0.023571406562885814
2025-09-03,2,182,181,0.04576870297606987
2025-09-03,3,181,180,0.062204541817791635
2025-09-03,4,182,182,0.03730477791159726
2025-09-03,5,181,181,0.057716018451537655
2025-09-04,1,182,181,-0.001993381454473469
2025-09-04,2,182,181,0.019402738155390682
2025-09-04,3,181,180,0.03859659202274404
2025-09-04,4,182,182,0.02096658820214789
2025-09-04,5,181,181,0.037351006825844316
2025-09-05,1,182,181,0.012641190048722967
2025-09-05,2,182,181,0.029899034767635214
2025-09-05,3,182,182,0.05034344614092956
2025-09-05,4,182,182,0.028992027072149075
2025-09-05,5,181,181,0.051260318187473425
2025-09-08,1,183,182,-0.004929933726757865
2025-09-08,2,182,181,0.010242724831048353
2025-09-08,3,182,182,0.025036624986593814
2025-09-08,4,182,182,0.005102894020002088
2025-09-08,5,182,182,0.021940427607841262
2025-09-09,1,183,182,0.007812487518495698
2025-09-09,2,182,181,0.02095265906080452
2025-09-09,3,182,182,0.04215264236633603
2025-09-09,4,182,182,0.021807512063327015
2025-09-09,5,182,182,0.03773353466776573
2025-09-10,1,183,183,0.005688895362525638
2025-09-10,2,182,182,0.014851690922662066
2025-09-10,3,183,183,0.03734035486570638
2025-09-10,4,182,182,0.012828947379072107
2025-09-10,5,182,182,0.03231016615212983
2025-09-11,1,183,183,-0.02280607492990937
2025-09-11,2,183,183,-0.01281998130038701
2025-09-11,3,182,182,0.0027862138853349144
2025-09-11,4,183,183,-0.021458232519328265
2025-09-11,5,182,182,-0.001389628245310929
2025-09-12,1,183,183,-0.019817379601243003
2025-09-12,2,183,183,-0.011327059910407066
2025-09-12,3,182,182,0.00462189790301272
2025-09-12,4,183,183,-0.023221336050681298
2025-09-12,5,182,181,0.0009676604237890984
2025-09-15,1,183,183,-0.012922490697289306
2025-09-15,2,183,183,-0.005857845553561932
2025-09-15,3,183,183,0.009820097644153324
2025-09-15,4,183,183,-0.013745049706129619
2025-09-15,5,182,182,0.0038277437110542387
2025-09-16,1,184,184,-0.012480995666290639
2025-09-16,2,183,183,-0.012771593804295206
2025-09-16,3,184,184,0.00497662018051867
2025-09-16,4,183,183,-0.018529451127858268
2025-09-16,5,183,183,0.0020549588201564297
2025-09-17,1,184,184,-0.009536328284238456
2025-09-17,2,183,183,-0.008190362550152102
2025-09-17,3,184,184,0.006803672597598362
2025-09-17,4,183,183,-0.0186973793222065
2025-09-17,5,183,183,0.005760763090733773
2025-09-18,1,184,184,0.008985804426869526
2025-09-18,2,183,182,0.016495428900569428
2025-09-18,3,184,184,0.028944708776202387
2025-09-18,4,183,183,0.0020375021164746954
2025-09-18,5,183,183,0.025442592466716846
2025-09-19,1,183,181,0.013730873209567349
2025-09-19,2,183,182,0.01556290556289864
2025-09-19,3,183,183,0.02792647685745499
2025-09-19,4,183,183,0.001144800240397789
2025-09-19,5,182,182,0.022894905955146115
2025-09-22,1,183,182,0.023643763224679
2025-09-22,2,182,182,0.01760054797670382
2025-09-22,3,182,182,0.021010705868017447
2025-09-22,4,182,182,0.003729278065406198
2025-09-22,5,182,182,0.024556574285952183
2025-09-23,1,182,182,0.0494350671448712
2025-09-23,2,182,181,0.043425298690941236
2025-09-23,3,182,182,0.04531127230177089
2025-09-23,4,182,182,0.02471233247649592
2025-09-23,5,182,182,0.04091802908680942
2025-09-24,1,183,182,0.028429156250674367
2025-09-24,2,182,181,0.01915734318108022
2025-09-24,3,182,182,0.01841366039983545
2025-09-24,4,182,182,-0.0049081360420130575
2025-09-24,5,182,182,0.014900484988544559
2025-09-25,1,182,181,0.0427935567113881
2025-09-25,2,182,182,0.02714968809146638
2025-09-25,3,181,181,0.025948730746148157
2025-09-25,4,182,182,0.007327183022729673
2025-09-25,5,181,181,0.026567471626368855
2025-09-26,1,182,180,0.05171220058362592
2025-09-26,2,182,182,0.032649568876513685
2025-09-26,3,181,180,0.02708998227138161
2025-09-26,4,182,182,0.0187864551657526
2025-09-26,5,181,181,0.029215793060578053
2025-09-29,1,182,181,0.026653956820606114
2025-09-29,2,181,181,-0.00018748665761306903
2025-09-29,3,181,181,-0.005519958262593429
2025-09-29,4,181,181,-0.008715324067678177
2025-09-29,5,181,181,-0.000390621698200143
2025-09-30,1,181,179,0.03227418213572726
2025-09-30,2,181,181,0.009022388470108198
2025-09-30,3,181,181,0.0005633061911896206
2025-09-30,4,181,181,-0.0008090124948815783
2025-09-30,5,181,181,0.005033139279690276
2025-10-09,1,182,181,0.022597576726905665
2025-10-09,2,181,181,0.007751053909555458
2025-10-09,3,181,181,-0.001480217459230103
2025-10-09,4,181,181,0.008063656258407565
2025-10-09,5,181,181,0.006550741942787859
2025-10-10,1,182,182,0.06948420334838502
2025-10-10,2,182,182,0.04190946909299547
2025-10-10,3,181,181,0.04066834596212425
2025-10-10,4,182,182,0.04299166962194596
2025-10-10,5,181,181,0.040428245815210255
2025-10-13,1,182,182,0.0391971484968336
2025-10-13,2,182,182,0.0185055229535147
2025-10-13,3,181,181,0.011939811226316313
2025-10-13,4,182,182,0.015070267511318538
2025-10-13,5,181,181,0.021152357029709284
2025-10-14,1,182,182,0.048792796614861224
2025-10-14,2,182,182,0.028149599481570812
2025-10-14,3,181,181,0.01844701809053082
2025-10-14,4,182,182,0.0272731079176833
2025-10-14,5,181,181,0.029456182603746443
2025-10-15,1,182,182,0.03496569114272558
2025-10-15,2,182,182,0.017612307878495832
2025-10-15,3,181,181,0.0022804461340674253
2025-10-15,4,182,182,0.011349788232131126
2025-10-15,5,181,181,0.01708777936342529
2025-10-16,1,182,182,0.048878642932264016
2025-10-16,2,181,181,0.033048042281813565
2025-10-16,3,182,182,0.01680133591710038
2025-10-16,4,181,181,0.022498376228809996
2025-10-16,5,181,181,0.023611699808406286
2025-10-17,1,182,182,0.0649670876158812
2025-10-17,2,181,181,0.04544861171474644
2025-10-17,3,182,182,0.02591996080457944
2025-10-17,4,181,181,0.03736799366751057
2025-10-17,5,181,181,0.03134587863285923
2025-10-20,1,182,182,0.06870753461910668
2025-10-20,2,181,181,0.04208750422412517
2025-10-20,3,182,182,0.02177047938204364
2025-10-20,4,181,181,0.032787578171728955
2025-10-20,5,181,181,0.02500036923497152
2025-10-21,1,182,182,0.049447600469821336
2025-10-21,2,181,181,0.026009889034264697
2025-10-21,3,182,182,0.007150256789086341
2025-10-21,4,181,181,0.016740438437307856
2025-10-21,5,181,181,0.014257897936997447
2025-10-22,1,182,182,0.044189899384527324
2025-10-22,2,182,182,0.031110340228359783
2025-10-22,3,181,180,0.0024150159436521976
2025-10-22,4,182,182,0.015884146464451198
2025-10-22,5,181,181,0.009668000782015245
2025-10-23,1,182,182,0.013579325095659504
2025-10-23,2,182,182,0.0027116278996805617
2025-10-23,3,181,180,-0.02244936891177921
2025-10-23,4,182,182,-0.009132349524619266
2025-10-23,5,181,181,-0.018086326151944453
2025-10-24,1,182,182,-0.005012593442115785
2025-10-24,2,182,181,-0.026186019464776084
2025-10-24,3,181,180,-0.050248371002107245
2025-10-24,4,182,182,-0.03212669654701284
2025-10-24,5,181,180,-0.03842103123059891
2025-10-27,1,182,182,-0.0016380156586264824
2025-10-27,2,181,181,-0.02063044988835516
2025-10-27,3,182,181,-0.0429809973680569
2025-10-27,4,181,181,-0.025325576048523587
2025-10-27,5,181,180,-0.030495703388095218
2025-10-28,1,182,182,0.007391521690039189
2025-10-28,2,181,181,-0.014367825726636307
2025-10-28,3,182,181,-0.033883260489995334
2025-10-28,4,181,181,-0.015603774284672484
2025-10-28,5,181,180,-0.02216160583050845
2025-10-29,1,182,182,-0.005336764984773654
2025-10-29,2,182,182,-0.025351040538274347
2025-10-29,3,181,180,-0.03972558406208793
2025-10-29,4,182,182,-0.025816512239011564
2025-10-29,5,181,180,-0.026631180737339295
2025-10-30,1,182,182,-0.0034630874244424912
2025-10-30,2,182,182,-0.018077313833678138
2025-10-30,3,181,180,-0.029794462424997517
2025-10-30,4,182,182,-0.019101611368448707
2025-10-30,5,181,180,-0.019048214236038218
2025-10-31,1,182,180,0.0019129734144098698
2025-10-31,2,181,180,-0.010579740553217747
2025-10-31,3,181,180,-0.019055506245428327
2025-10-31,4,181,181,-0.01369148173484503
2025-10-31,5,181,181,-0.0160245560764447
2025-11-03,1,182,181,0.00027379634055083816
2025-11-03,2,181,180,-0.008070254891058195
2025-11-03,3,181,179,-0.02247843963589017
2025-11-03,4,181,181,-0.010062270418917869
2025-11-03,5,181,181,-0.014018532003697216
2025-11-04,1,182,181,0.011777226417999246
2025-11-04,2,181,180,0.00391152105002244
2025-11-04,3,181,179,-0.0015104482657524666
2025-11-04,4,181,181,0.0032570833908915978
2025-11-04,5,181,181,0.0028474953848476787
2025-11-05,1,182,181,-0.014015167145471007
2025-11-05,2,182,181,-0.011122942511494798
2025-11-05,3,181,179,-0.03084693387830198
2025-11-05,4,182,182,-0.014284965847938655
2025-11-05,5,181,181,-0.01382459795044929
2025-11-06,1,182,181,-0.017188544399359615
2025-11-06,2,182,181,-0.021420655572389417
2025-11-06,3,181,179,-0.03474927164029713
2025-11-06,4,182,182,-0.02763661986178153
2025-11-06,5,181,181,-0.020842738439985627
2025-11-07,1,182,181,-0.009002504303289225
2025-11-07,2,181,181,-0.00850984817677707
2025-11-07,3,182,180,-0.02688056130717214
2025-11-07,4,181,181,-0.02296153269816851
2025-11-07,5,181,181,-0.015415262412866011
2025-11-10,1,182,181,-0.0137028862618034
2025-11-10,2,182,182,-0.012854525348732226
2025-11-10,3,182,181,-0.030730110607207838
2025-11-10,4,182,182,-0.025903173741231546
2025-11-10,5,181,181,-0.026651574415905634
2025-11-11,1,183,182,-0.01648908044259476
2025-11-11,2,182,182,-0.016443344665382918
2025-11-11,3,182,180,-0.034073294376586814
2025-11-11,4,182,181,-0.027413779828011884
2025-11-11,5,182,182,-0.03037360520454283
2025-11-12,1,183,182,-0.004241955893873613
2025-11-12,2,182,182,-0.002447626301962205
2025-11-12,3,182,180,-0.023473156237804153
2025-11-12,4,182,181,-0.019219017109231525
2025-11-12,5,182,182,-0.020659726567053345
2025-11-13,1,183,182,-0.02978950372963233
2025-11-13,2,183,183,-0.02876723098435524
2025-11-13,3,182,180,-0.04166029354601229
2025-11-13,4,183,182,-0.03373896521175611
2025-11-13,5,182,182,-0.033623946530867956
2025-11-14,1,183,183,-0.037836494020002324
2025-11-14,2,183,182,-0.02819712616198167
2025-11-14,3,183,181,-0.04347333055267987
2025-11-14,4,183,182,-0.03108634741216673
2025-11-14,5,183,183,-0.0312778789071676
2025-11-17,1,183,183,-0.040620124543573485
2025-11-17,2,183,183,-0.023811275561233563
2025-11-17,3,183,181,-0.04177265917097492
2025-11-17,4,183,182,-0.027831878009456454
2025-11-17,5,183,183,-0.021614303245755858
2025-11-18,1,183,183,-0.046233954599852196
2025-11-18,2,183,183,-0.030267630060660845
2025-11-18,3,182,181,-0.034955307934692696
2025-11-18,4,183,182,-0.03496151264844917
2025-11-18,5,182,182,-0.02395298956561071
2025-11-19,1,183,182,-0.041431328165329094
2025-11-19,2,182,181,-0.031082845801271606
2025-11-19,3,182,181,-0.026472637375954712
2025-11-19,4,182,181,-0.024526861877315783
2025-11-19,5,182,182,-0.015226980641009902
2025-11-20,1,182,181,-0.01307749735963501
2025-11-20,2,182,181,-0.005657535551809004
2025-11-20,3,182,181,0.00044110843642336745
2025-11-20,4,182,181,-0.002767082805950206
2025-11-20,5,182,182,0.009136708588797933
2025-11-21,1,182,180,0.01968382855678851
2025-11-21,2,182,181,0.027338713842851605
2025-11-21,3,182,181,0.03282326191459746
2025-11-21,4,182,181,0.024657079180977676
2025-11-21,5,182,181,0.037490608858624784
2025-11-24,1,182,180,0.018928451099812952
2025-11-24,2,182,181,0.029581617150191124
2025-11-24,3,182,182,0.03024717446559066
2025-11-24,4,182,181,0.022690493735637543
2025-11-24,5,182,182,0.027800017727286037
2025-11-25,1,182,180,0.0008549575204948133
2025-11-25,2,182,181,0.017256908814934583
2025-11-25,3,182,182,0.0159304306692733
2025-11-25,4,182,182,0.01516558719427311
2025-11-25,5,181,181,0.013806291987795932
2025-11-26,1,182,181,0.018463103492347515
2025-11-26,2,182,182,0.03551220938854176
2025-11-26,3,182,182,0.029275986448664196
2025-11-26,4,182,182,0.02486391537248042
2025-11-26,5,182,182,0.019865024893909684
2025-11-27,1,183,182,0.029135573170400116
2025-11-27,2,182,182,0.042903963089294936
2025-11-27,3,182,182,0.038373490998010365
2025-11-27,4,182,182,0.030085767399102084
2025-11-27,5,182,182,0.023792836116428143
2025-11-28,1,183,182,0.017265434634210014
2025-11-28,2,183,182,0.037304782831488345
2025-11-28,3,182,182,0.03467824469842868
2025-11-28,4,183,183,0.021175235979865502
2025-11-28,5,182,181,0.015427212000608452
2025-12-01,1,183,183,0.006410692655852995
2025-12-01,2,182,182,0.02660972425319365
2025-12-01,3,182,180,0.022347850743392052
2025-12-01,4,182,182,0.00722763654985448
2025-12-01,5,182,181,0.0033824328291842377
2025-12-02,1,182,182,0.013109553153007915
2025-12-02,2,182,182,0.030590783068595046
2025-12-02,3,182,181,0.03432143950775647
2025-12-02,4,182,182,0.016685081009921734
2025-12-02,5,182,181,0.013236779663596022
2025-12-03,1,183,183,0.02654702029768094
2025-12-03,2,182,182,0.0455539845469467
2025-12-03,3,182,181,0.05009501404874222
2025-12-03,4,182,182,0.022597069961112368
2025-12-03,5,182,181,0.016390854793351423
2025-12-04,1,182,182,0.04623568962870193
2025-12-04,2,182,182,0.058470497875770175
2025-12-04,3,182,181,0.06397691113829407
2025-12-04,4,182,182,0.03631277218813514
2025-12-04,5,181,180,0.0318185559976059
2025-12-05,1,182,182,0.0460236194847535
2025-12-05,2,182,182,0.0624156675642332
2025-12-05,3,182,180,0.05347326594382324
2025-12-05,4,182,182,0.03938406107060129
2025-12-05,5,182,182,0.03156956985356411
2025-12-08,1,182,182,0.042677378929972185
2025-12-08,2,182,182,0.06353319054372913
2025-12-08,3,182,180,0.046076896538349725
2025-12-08,4,182,182,0.0374357743974531
2025-12-08,5,182,182,0.027942951680802963
2025-12-09,1,182,182,0.0544696752643958
2025-12-09,2,182,182,0.08622562949586425
2025-12-09,3,181,179,0.0689989641887471
2025-12-09,4,182,181,0.05353700837813254
2025-12-09,5,181,181,0.04159582868604304
2025-12-10,1,182,182,0.06584428341408692
2025-12-10,2,182,182,0.10513844335052341
2025-12-10,3,182,181,0.08243110265688625
2025-12-10,4,182,181,0.06925739711312641
2025-12-10,5,182,182,0.05166840705167347
2025-12-11,1,182,182,0.10631613319641185
2025-12-11,2,182,181,0.1428556490584416
2025-12-11,3,181,180,0.11299098459692247
2025-12-11,4,182,180,0.09761007633707099
2025-12-11,5,181,181,0.07535768314177299
2025-12-12,1,182,182,0.09227941995936069
2025-12-12,2,182,180,0.11835925299154645
2025-12-12,3,181,179,0.09811805620696058
2025-12-12,4,182,180,0.0874097715680498
2025-12-12,5,181,181,0.06493219527842559
2025-12-15,1,182,182,0.0860124904512624
2025-12-15,2,181,179,0.10627750296502
2025-12-15,3,182,182,0.09788506050851646
2025-12-15,4,181,179,0.0878543044009242
2025-12-15,5,181,181,0.06242946142517707
2025-12-16,1,182,182,0.09659455977047758
2025-12-16,2,181,179,0.1181289493599605
2025-12-16,3,182,182,0.11469370897875365
2025-12-16,4,181,179,0.10754962453588139
2025-12-16,5,181,181,0.08450925164276431
2025-12-17,1,182,181,0.07848677550496144
2025-12-17,2,181,179,0.0983704421300421
2025-12-17,3,182,182,0.09122485144102736
2025-12-17,4,181,179,0.08961904824777522
2025-12-17,5,181,181,0.07114937159850537
2025-12-18,1,181,181,0.08538744221616247
2025-12-18,2,181,180,0.10539295885582792
2025-12-18,3,181,180,0.09566087270569554
2025-12-18,4,181,180,0.09904244560115831
2025-12-18,5,181,181,0.07654273249649299
2025-12-19,1,181,180,0.058137510941921024
2025-12-19,2,181,180,0.08017554186307603
2025-12-19,3,181,181,0.07511889899063308
2025-12-19,4,181,180,0.08199773646019264
2025-12-19,5,180,180,0.059851378977827704
2025-12-22,1,181,181,0.0598242378611715
2025-12-22,2,181,180,0.0876068442932363
2025-12-22,3,180,180,0.08508487839885398
2025-12-22,4,181,180,0.08800367301760981
2025-12-22,5,180,180,0.06788310057275242
2025-12-23,1,181,181,0.07848275021726063
2025-12-23,2,181,181,0.10904523902695497
2025-12-23,3,180,180,0.09739689601196418
2025-12-23,4,181,180,0.10023931430585652
2025-12-23,5,180,180,0.08027776774312437
2025-12-24,1,181,181,0.08184031393218626
2025-12-24,2,181,181,0.10638820629359245
2025-12-24,3,180,180,0.09880426464386348
2025-12-24,4,181,181,0.10511450221388632
2025-12-24,5,180,179,0.07969992256160477
2025-12-25,1,181,181,0.06388760566104083
2025-12-25,2,180,180,0.0778284037378893
2025-12-25,3,181,181,0.08077552552923058
2025-12-25,4,180,180,0.08689456035338408
2025-12-25,5,180,180,0.06477621146416469
2025-12-26,1,181,181,0.058278184247043584
2025-12-26,2,180,180,0.0730089618259821
2025-12-26,3,181,181,0.07491943000121636
2025-12-26,4,180,180,0.07972384345596435
2025-12-26,5,180,179,0.06451221887371332
2025-12-29,1,181,181,0.062448558633738736
2025-12-29,2,180,180,0.07771569686278446
2025-12-29,3,181,180,0.09234375312556999
2025-12-29,4,180,180,0.08774441491381584
2025-12-29,5,180,180,0.08157652912772764
2025-12-30,1,181,181,0.053344736655103045
2025-12-30,2,180,180,0.07221124910161243
2025-12-30,3,180,180,0.07410651673475466
2025-12-30,4,180,180,0.08037922389613948
2025-12-30,5,180,180,0.06379389789748821
2025-12-31,1,181,181,0.03174464156120925
2025-12-31,2,180,180,0.05517487691047685
2025-12-31,3,180,180,0.051322693141582845
2025-12-31,4,180,179,0.056972943148274544
2025-12-31,5,180,180,0.04780586268873478
2026-01-05,1,181,181,0.008429423994093804
2026-01-05,2,180,180,0.031927344859030406
2026-01-05,3,180,180,0.02740744735587412
2026-01-05,4,180,179,0.0365174695598608
2026-01-05,5,180,180,0.02267292120075367
2026-01-06,1,181,181,0.001158619651799703
2026-01-06,2,180,180,0.02290837665083071
2026-01-06,3,181,181,0.020614956936478097
2026-01-06,4,180,179,0.03616148319092267
2026-01-06,5,180,180,0.022208351190435904
2026-01-07,1,181,181,0.005197567857478443
2026-01-07,2,181,181,0.02766679894171279
2026-01-07,3,180,180,0.024407209984246832
2026-01-07,4,181,180,0.04095188574639854
2026-01-07,5,180,180,0.031512831910042095
2026-01-08,1,181,181,-0.013385654233692002
2026-01-08,2,181,181,0.00984897599815172
2026-01-08,3,181,180,0.005412817898044276
2026-01-08,4,181,180,0.01846957176665176
2026-01-08,5,181,181,0.01960411017073622
2026-01-09,1,181,180,-0.010225828153923483
2026-01-09,2,181,181,0.01069924134635002
2026-01-09,3,181,180,0.00653963256303665
2026-01-09,4,181,180,0.015709482022890766
2026-01-09,5,181,181,0.014577759838768422
2026-01-12,1,181,180,-0.017758819244632625
2026-01-12,2,181,180,0.0012062932386783058
2026-01-12,3,181,180,0.003331521998559401
2026-01-12,4,181,180,0.011780492268619545
2026-01-12,5,181,181,0.010509081547845817
2026-01-13,1,181,180,6.077790641709398e-05
2026-01-13,2,181,181,0.014768863388370548
2026-01-13,3,181,180,0.008364703791183018
2026-01-13,4,181,181,0.027680233215328323
2026-01-13,5,180,180,0.01627478030771439
2026-01-14,1,181,180,-7.660278440073048e-05
2026-01-14,2,181,181,0.023163969069593927
2026-01-14,3,180,180,0.017144521532695415
2026-01-14,4,181,181,0.026391874315140475
2026-01-14,5,180,180,0.020077285471701508
2026-01-15,1,181,180,-0.005507555580538912
2026-01-15,2,180,180,0.013486199792006697
2026-01-15,3,181,181,0.013923400519639076
2026-01-15,4,180,180,0.016966223796811675
2026-01-15,5,180,180,0.00443838971621511
2026-01-16,1,180,179,0.012212578411525017
2026-01-16,2,180,180,0.031768083459111494
2026-01-16,3,180,180,0.025106248617614336
2026-01-16,4,180,180,0.028604036408815897
2026-01-16,5,180,180,0.013853219232754716
2026-01-19,1,181,179,0.0033673423638518434
2026-01-19,2,180,180,0.02002079514941176
2026-01-19,3,180,180,0.017959160204908606
2026-01-19,4,180,180,0.01839058952300696
2026-01-19,5,180,180,0.0033010851613540114
2026-01-20,1,181,179,0.027512807603169785
2026-01-20,2,181,181,0.037478942663378596
2026-01-20,3,180,180,0.03741389180183312
2026-01-20,4,181,181,0.027930289736366746
2026-01-20,5,180,180,0.012454003923405486
2026-01-21,1,181,179,0.005408698759772704
2026-01-21,2,180,180,0.021936072793295854
2026-01-21,3,181,181,0.020813921207578395
2026-01-21,4,180,180,0.016837432578807265
2026-01-21,5,180,180,0.0003562995357002595
2026-01-22,1,181,179,-0.004450603572679865
2026-01-22,2,181,181,0.015339548995814151
2026-01-22,3,180,179,0.015899211830770695
2026-01-22,4,181,181,0.016751844819488826
2026-01-22,5,180,179,-0.0028350498166451613
2026-01-23,1,182,180,-0.015863849476304596
2026-01-23,2,181,181,0.008129980579226544
2026-01-23,3,182,181,0.008897473318234416
2026-01-23,4,181,181,0.012776310533383307
2026-01-23,5,181,180,-0.00807622105351183
2026-01-26,1,181,179,-0.05013596413021443
2026-01-26,2,181,181,-0.02031262609324928
2026-01-26,3,181,180,-0.020434052303637356
2026-01-26,4,181,181,-0.02000805347471835
2026-01-26,5,180,180,-0.030017638936314463
2026-01-27,1,181,179,-0.03123953041284286
2026-01-27,2,181,181,-0.004172021187632681
2026-01-27,3,181,180,-0.00764990946322267
2026-01-27,4,181,181,-0.005649746053836436
2026-01-27,5,180,180,-0.01880090089494876
2026-01-28,1,181,179,-0.03556146235920478
2026-01-28,2,181,181,-0.010898121781100988
2026-01-28,3,181,180,-0.013338496964262475
2026-01-28,4,181,181,-0.017347454493612358
2026-01-28,5,181,181,-0.03259274966887759
2026-01-29,1,181,180,-0.027798835540464386
2026-01-29,2,181,181,-0.011658112721818594
2026-01-29,3,181,180,-0.0050761578694452315
2026-01-29,4,181,181,0.00026562819548646584
2026-01-29,5,181,181,-0.018150584796641594
2026-01-30,1,181,180,0.0031392281983292462
2026-01-30,2,181,181,0.005798457007906528
2026-01-30,3,181,180,0.013677161998945368
2026-01-30,4,181,180,0.012183929997402504
2026-01-30,5,181,181,-0.00292778935421331
2026-02-02,1,181,181,0.014848879767236773
2026-02-02,2,181,181,0.027369922760005723
2026-02-02,3,181,180,0.03455841446013447
2026-02-02,4,181,181,0.03698124704038822
2026-02-02,5,180,180,0.018908205860235814
2026-02-03,1,181,181,0.004612735956330152
2026-02-03,2,181,181,0.017852229968897022
2026-02-03,3,181,180,0.024415502830592524
2026-02-03,4,181,181,0.028153581257596705
2026-02-03,5,180,180,0.011731550091921466
2026-02-04,1,182,182,-0.0028214342378433377
2026-02-04,2,181,181,0.00966737496338221
2026-02-04,3,181,180,0.012964887580490782
2026-02-04,4,181,181,0.01764795266149948
2026-02-04,5,181,181,0.0032981121155439917
2026-02-05,1,182,182,0.0027133195194511176
2026-02-05,2,181,181,0.009272713310390477
2026-02-05,3,181,180,0.021225591887414887
2026-02-05,4,181,181,0.018964356830767477
2026-02-05,5,181,181,0.004450720643669625
2026-02-06,1,181,180,-0.0160666779535352
2026-02-06,2,181,181,-0.01111004754302455
2026-02-06,3,181,181,-0.001687109533528698
2026-02-06,4,181,181,-0.0007397771777800115
2026-02-06,5,181,181,-0.008782577481206769
2026-02-09,1,181,181,-0.04042631229994356
2026-02-09,2,181,181,-0.030568209032388494
2026-02-09,3,181,181,-0.0268354745467546
2026-02-09,4,181,181,-0.02037364714282817
2026-02-09,5,180,180,-0.023776711142631295
2026-02-10,1,182,182,-0.0486474787326721
2026-02-10,2,181,181,-0.03820803128871736
2026-02-10,3,181,181,-0.036746837287874846
2026-02-10,4,181,181,-0.02112519937161741
2026-02-10,5,181,180,-0.031271439361124774
2026-02-11,1,182,182,-0.05646390759001008
2026-02-11,2,181,181,-0.04656602143763701
2026-02-11,3,181,181,-0.048469099050262
2026-02-11,4,181,181,-0.03717562643595211
2026-02-11,5,181,180,-0.04434460501783872
2026-02-12,1,182,182,-0.08833344546550718
2026-02-12,2,181,181,-0.07862305139755559
2026-02-12,3,181,181,-0.07797476172452503
2026-02-12,4,181,181,-0.06933167572869238
2026-02-12,5,181,181,-0.06872707562490628
2026-02-13,1,182,181,-0.10545998159464577
2026-02-13,2,181,181,-0.09285397862206556
2026-02-13,3,181,181,-0.09531603002600846
2026-02-13,4,181,181,-0.08997444002538842
2026-02-13,5,181,181,-0.0860009337822019
2026-02-24,1,181,180,-0.0921338790326687
2026-02-24,2,181,181,-0.08563925377628313
2026-02-24,3,181,181,-0.08492555396178651
2026-02-24,4,181,181,-0.07944359388162653
2026-02-24,5,181,181,-0.07741313772421902
2026-02-25,1,182,182,-0.09507370247166701
2026-02-25,2,181,181,-0.08171710107220648
2026-02-25,3,181,181,-0.0866098763582211
2026-02-25,4,181,181,-0.07417878820532826
2026-02-25,5,181,181,-0.076638719183595
2026-02-26,1,181,181,-0.10666218254832661
2026-02-26,2,181,181,-0.09887653738218229
2026-02-26,3,181,181,-0.10536582260519653
2026-02-26,4,181,181,-0.09024352596628518
2026-02-26,5,181,181,-0.09211202762701515
2026-02-27,1,181,181,-0.09165058058475493
2026-02-27,2,181,181,-0.08740956897291209
2026-02-27,3,181,180,-0.09660446970439338
2026-02-27,4,181,181,-0.08254233806186123
2026-02-27,5,181,180,-0.08002284314906834
2026-03-02,1,181,181,-0.07717652398675347
2026-03-02,2,181,181,-0.07956323932681841
2026-03-02,3,181,181,-0.08170319701482423
2026-03-02,4,181,181,-0.07207205170132006
2026-03-02,5,181,181,-0.06929933045278694
2026-03-03,1,182,182,-0.03199234034408682
2026-03-03,2,181,181,-0.0402528606308807
2026-03-03,3,181,181,-0.03968741855018748
2026-03-03,4,181,181,-0.033829461975125055
2026-03-03,5,181,181,-0.03606020859266154
2026-03-04,1,181,181,-0.048215196917165457
2026-03-04,2,181,181,-0.05939664865286449
2026-03-04,3,181,181,-0.053806631914001805
2026-03-04,4,181,181,-0.0499595304758903
2026-03-04,5,181,181,-0.044703895284670524
2026-03-05,1,182,182,-0.04962056901670164
2026-03-05,2,181,181,-0.05690069142458777
2026-03-05,3,181,181,-0.05363728593291344
2026-03-05,4,181,181,-0.049630294430887664
2026-03-05,5,181,181,-0.040271464831322726
2026-03-06,1,182,182,-0.07188140391070803
2026-03-06,2,181,181,-0.07251236475345788
2026-03-06,3,182,182,-0.07095467977840365
2026-03-06,4,181,181,-0.07330973302148532
2026-03-06,5,181,181,-0.06750038548770146
2026-03-09,1,182,182,-0.058241470058978506
2026-03-09,2,181,181,-0.05951148187109131
2026-03-09,3,182,182,-0.05664424896814789
2026-03-09,4,181,181,-0.05547057337371089
2026-03-09,5,181,181,-0.053398287092928695
2026-03-10,1,182,182,-0.05446692052192959
2026-03-10,2,182,182,-0.062093463218235466
2026-03-10,3,182,182,-0.05553995010212758
2026-03-10,4,182,182,-0.057068174455418307
2026-03-10,5,181,181,-0.05356343161419804
2026-03-11,1,182,182,-0.052197344261340164
2026-03-11,2,182,182,-0.061040071425090006
2026-03-11,3,182,182,-0.050354815634816454
2026-03-11,4,182,182,-0.05555832816558279
2026-03-11,5,182,182,-0.05218295085072756
2026-03-12,1,182,182,-0.050572316466452064
2026-03-12,2,182,182,-0.056031086336988306
2026-03-12,3,182,182,-0.04965738086598119
2026-03-12,4,182,182,-0.048381330397357
2026-03-12,5,182,182,-0.05307354794123275
2026-03-13,1,182,182,-0.03455730427184559
2026-03-13,2,182,182,-0.039022713693583067
2026-03-13,3,182,182,-0.02823300076066613
2026-03-13,4,182,182,-0.0309128035936268
2026-03-13,5,182,182,-0.04312259689464285
2026-03-16,1,183,183,-0.030362639677075632
2026-03-16,2,182,182,-0.02639267593951913
2026-03-16,3,182,182,-0.02311203496719646
2026-03-16,4,182,182,-0.0265804511532723
2026-03-16,5,182,182,-0.032562499004777284
2026-03-17,1,183,183,-0.02386198206775676
2026-03-17,2,182,182,-0.020628389610950676
2026-03-17,3,183,183,-0.013908357279733
2026-03-17,4,182,182,-0.014582716431117781
2026-03-17,5,182,182,-0.023444498481814836
2026-03-18,1,183,183,-0.009663204044947025
2026-03-18,2,182,182,-0.007044714686983693
2026-03-18,3,183,183,0.0025006254361869392
2026-03-18,4,182,182,-0.0024082306151092347
2026-03-18,5,182,181,-0.010582460131983377
2026-03-19,1,182,182,0.007046134490543411
2026-03-19,2,182,181,-0.0003576268141346508
2026-03-19,3,182,182,0.023778883400769737
2026-03-19,4,182,182,0.012345250988590642
2026-03-19,5,182,182,0.001632891327765619
2026-03-20,1,182,181,0.06003591081883414
2026-03-20,2,182,181,0.04315700776384944
2026-03-20,3,182,182,0.07134748134508219
2026-03-20,4,182,182,0.04777932808430471
2026-03-20,5,181,181,0.038321362910154484
2026-03-23,1,181,180,0.06769292734711847
2026-03-23,2,181,180,0.04799511194628607
2026-03-23,3,181,181,0.08235218157688125
2026-03-23,4,181,181,0.07091515480981977
2026-03-23,5,180,180,0.056043693203860004
2026-03-24,1,182,180,0.05606558841089336
2026-03-24,2,182,181,0.04832931301670288
2026-03-24,3,181,181,0.07566647282047445
2026-03-24,4,182,182,0.07269521257379144
2026-03-24,5,181,181,0.04739203090377706
2026-03-25,1,182,180,0.028188936382019174
2026-03-25,2,182,181,0.021574679892381175
2026-03-25,3,182,182,0.051996304424368596
2026-03-25,4,182,182,0.0478391246887444
2026-03-25,5,182,182,0.026313633130303857
2026-03-26,1,182,180,0.05405307658252008
2026-03-26,2,182,181,0.04205601087531535
2026-03-26,3,182,181,0.07949954532181386
2026-03-26,4,182,182,0.06672862275232169
2026-03-26,5,181,181,0.046355643776320885
2026-03-27,1,182,181,0.03475808786507418
2026-03-27,2,182,181,0.03199743572835199
2026-03-27,3,182,182,0.06672072630427896
2026-03-27,4,182,182,0.043731236348170485
2026-03-27,5,182,182,0.03073621105207758
2026-03-30,1,182,179,0.010779461701762057
2026-03-30,2,182,181,0.012443347391305738
2026-03-30,3,182,182,0.03817738990872288
2026-03-30,4,182,182,0.01577334653911342
2026-03-30,5,182,182,0.01491825588149958
2026-03-31,1,183,179,0.028512522298446932
2026-03-31,2,182,181,0.026147384085207826
2026-03-31,3,182,182,0.048654377313680615
2026-03-31,4,182,181,0.03725694993427643
2026-03-31,5,182,182,0.02854089549396098
2026-04-01,1,182,181,0.03932827614399876
2026-04-01,2,182,181,0.035361841419117516
2026-04-01,3,182,182,0.06441133699658394
2026-04-01,4,182,182,0.03814453901469892
2026-04-01,5,181,181,0.024360697782015706
2026-04-02,1,182,181,0.06451748561615327
2026-04-02,2,182,182,0.05537402266272342
2026-04-02,3,182,182,0.08935760682879393
2026-04-02,4,182,182,0.0571202657368338
2026-04-02,5,182,182,0.040391097826551065
2026-04-03,1,182,182,0.08715822597041792
2026-04-03,2,182,182,0.0699836825781534
2026-04-03,3,182,182,0.10614870778226958
2026-04-03,4,182,182,0.07484427517356101
2026-04-03,5,181,181,0.06496974849364004
2026-04-07,1,182,182,0.07505636886300346
2026-04-07,2,182,182,0.05864424187800142
2026-04-07,3,182,182,0.09896974830682828
2026-04-07,4,182,182,0.06820451395206917
2026-04-07,5,182,182,0.05291763830485773
2026-04-08,1,183,183,0.07123664868077588
2026-04-08,2,182,182,0.057747137600288295
2026-04-08,3,182,182,0.09016680557951144
2026-04-08,4,182,182,0.05869077359934086
2026-04-08,5,182,182,0.04915227401283296
2026-04-09,1,182,182,0.05210232720391001
2026-04-09,2,182,182,0.0440755177817599
2026-04-09,3,182,182,0.062354897333306826
2026-04-09,4,182,182,0.040855111417753914
2026-04-09,5,182,182,0.035545906781247985
2026-04-10,1,182,182,0.0652218110012036
2026-04-10,2,182,182,0.059354526548386896
2026-04-10,3,182,182,0.08651420880554453
2026-04-10,4,182,182,0.05211188308533518
2026-04-10,5,182,182,0.047123415554026
2026-04-13,1,182,182,0.022881756800518054
2026-04-13,2,182,182,0.030402362456127985
2026-04-13,3,182,182,0.04187002160588373
2026-04-13,4,182,182,0.021701713671387683
2026-04-13,5,182,182,0.016486407101029246
2026-04-14,1,183,183,0.0015876588776514294
2026-04-14,2,183,183,0.001488976952366095
2026-04-14,3,182,182,0.01519749964219735
2026-04-14,4,183,183,0.0025311086892957483
2026-04-14,5,182,182,-0.0050972373124744536
2026-04-15,1,183,183,0.005766916140630079
2026-04-15,2,183,183,0.008917820356315364
2026-04-15,3,182,182,0.024805461865797917
2026-04-15,4,183,183,0.006701097639846108
2026-04-15,5,182,182,-0.008002425929059984
2026-04-16,1,183,183,0.0005955905357347933
2026-04-16,2,182,182,0.010530951163490945
2026-04-16,3,183,183,0.014826834124279946
2026-04-16,4,182,182,0.007886633563122978
2026-04-16,5,182,182,-0.006129652776564873
2026-04-17,1,183,183,-0.0008967864728013625
2026-04-17,2,183,182,0.005437783845890123
2026-04-17,3,182,182,0.012837961543470925
2026-04-17,4,183,183,0.004334532642742503
2026-04-17,5,182,182,-0.004770434464346121
2026-04-20,1,183,183,-0.03164145280543694
2026-04-20,2,182,181,-0.00758956517036393
2026-04-20,3,183,183,-0.012496618226941777
2026-04-20,4,182,182,-0.026967849763097643
2026-04-20,5,182,182,-0.020201590444343123
2026-04-21,1,183,183,-0.015564002801378748
2026-04-21,2,182,182,0.004683766206073158
2026-04-21,3,182,182,0.002385418893071236
2026-04-21,4,182,182,-0.014235470531094615
2026-04-21,5,182,182,-0.009734338677679298
2026-04-22,1,183,182,-0.026924598886780497
2026-04-22,2,183,183,-0.0067515440301197825
2026-04-22,3,182,182,-0.01849902258505916
2026-04-22,4,183,183,-0.01893823840016555
2026-04-22,5,182,182,-0.026414480213523907
2026-04-23,1,182,182,-0.01288439286617487
2026-04-23,2,182,182,-0.004389619755684741
2026-04-23,3,182,182,-0.002768672237495074
2026-04-23,4,182,182,-0.012530371667620444
2026-04-23,5,181,181,-0.013119839105203337
2026-04-24,1,182,181,-0.027698014637167246
2026-04-24,2,182,182,-0.00985200151445281
2026-04-24,3,182,182,-0.03063515040176231
2026-04-24,4,182,181,-0.01801102993095679
2026-04-24,5,182,182,-0.024988316671495987
2026-04-27,1,182,182,-0.0193423522990775
2026-04-27,2,182,182,-0.019305737745290683
2026-04-27,3,182,182,-0.014053195333377445
2026-04-27,4,182,182,-0.013513081489620611
2026-04-27,5,181,181,-0.0053782749281633515
2026-04-28,1,182,179,-0.030136240843283375
2026-04-28,2,182,182,-0.024917800199916
2026-04-28,3,182,182,-0.018940857213402225
2026-04-28,4,182,182,-0.03012548619465593
2026-04-28,5,181,181,-0.010064056921498199
2026-04-29,1,182,178,-0.042686926811247104
2026-04-29,2,182,182,-0.0335856526807751
2026-04-29,3,181,181,-0.03044753759547978
2026-04-29,4,182,181,-0.03003581433771468
2026-04-29,5,181,181,-0.00832706466960764
2026-04-30,1,181,180,-0.07358581392841566
2026-04-30,2,181,181,-0.037782282289679774
2026-04-30,3,181,181,-0.035358064537307665
2026-04-30,4,181,181,-0.03239206025830257
2026-04-30,5,181,181,-0.021798463136057843
2026-05-06,1,182,181,-0.09211067555161198
2026-05-06,2,181,181,-0.05254443390725223
2026-05-06,3,181,181,-0.06047077312626839
2026-05-06,4,181,181,-0.049383970553691765
2026-05-06,5,181,181,-0.042557548413437
2026-05-07,1,182,182,-0.09716073443217349
2026-05-07,2,182,182,-0.05243549502647006
2026-05-07,3,182,182,-0.06349022794013241
2026-05-07,4,182,182,-0.057081499816339594
2026-05-07,5,181,181,-0.051460120626401935
2026-05-08,1,182,182,-0.12452811585810286
2026-05-08,2,182,182,-0.08289480707988708
2026-05-08,3,182,182,-0.09987223801845481
2026-05-08,4,182,182,-0.07987947186191749
2026-05-08,5,181,181,-0.0826300625130458
2026-05-11,1,182,182,-0.1313837568789676
2026-05-11,2,182,182,-0.08621044391717506
2026-05-11,3,182,182,-0.10387970782505529
2026-05-11,4,182,182,-0.08106349353246146
2026-05-11,5,182,182,-0.0829256718029893
2026-05-12,1,182,182,-0.12016338641155043
2026-05-12,2,182,182,-0.07525079844350903
2026-05-12,3,181,181,-0.0919951897987851
2026-05-12,4,182,182,-0.07714442738320273
2026-05-12,5,181,181,-0.0782014794965944
2026-05-13,1,182,182,-0.13655311954884675
2026-05-13,2,182,182,-0.08733497950194957
2026-05-13,3,182,182,-0.10719753057508334
2026-05-13,4,182,182,-0.088940847525112
2026-05-13,5,181,181,-0.09118490744801265
2026-05-14,1,182,182,-0.1142243002912967
2026-05-14,2,181,181,-0.06350554063750147
2026-05-14,3,181,181,-0.08043730549162548
2026-05-14,4,181,181,-0.07441427705022019
2026-05-14,5,181,181,-0.0611972121739573
2026-05-15,1,181,181,-0.08926630635623269
2026-05-15,2,181,181,-0.03613338139978881
2026-05-15,3,181,181,-0.058767155985313485
2026-05-15,4,181,181,-0.048508757243128614
2026-05-15,5,180,180,-0.03546975846563815
2026-05-18,1,181,181,-0.07646846980139003
2026-05-18,2,181,181,-0.022719565020176673
2026-05-18,3,181,181,-0.04580923988706153
2026-05-18,4,181,181,-0.033915510885487804
2026-05-18,5,180,180,-0.022504611299873762
2026-05-19,1,181,181,-0.07261144478561883
2026-05-19,2,181,181,-0.02852812785934764
2026-05-19,3,181,181,-0.047183566042298015
2026-05-19,4,181,181,-0.044324375155667874
2026-05-19,5,180,180,-0.034999007665004
2026-05-20,1,181,181,-0.0854600812233467
2026-05-20,2,180,180,-0.028258371085667495
2026-05-20,3,181,181,-0.04792848245515809
2026-05-20,4,180,180,-0.04975871476833161
2026-05-20,5,180,180,-0.03911560601155028
2026-05-21,1,180,180,-0.06970712529305022
2026-05-21,2,180,180,-0.01393470246926524
2026-05-21,3,180,180,-0.0362418916283129
2026-05-21,4,180,180,-0.02420174950935526
2026-05-21,5,180,180,-0.024121490110547584
2026-05-22,1,180,180,-0.05724450770532131
2026-05-22,2,180,180,-0.0020208110281317716
2026-05-22,3,180,180,-0.03319680505947674
2026-05-22,4,180,180,-0.020545764279946567
2026-05-22,5,180,180,-0.0361788639899516
2026-05-25,1,180,180,-0.06116736767748709
2026-05-25,2,180,180,-0.019343658207654026
2026-05-25,3,180,180,-0.028415223553144006
2026-05-25,4,180,180,-0.035864256342863304
2026-05-25,5,180,180,-0.044920149151845834
2026-05-26,1,180,180,-0.061931815943424645
2026-05-26,2,180,180,-0.018371730980030594
2026-05-26,3,180,180,-0.02958828947120782
2026-05-26,4,180,180,-0.038808031876718926
2026-05-26,5,180,180,-0.05193043162384674
2026-05-27,1,180,180,-0.05230784269917978
2026-05-27,2,179,179,0.006021836938850676
2026-05-27,3,180,180,-0.019239486904036006
2026-05-27,4,179,179,-0.029077431620823015
2026-05-27,5,179,179,-0.03916436389738545
2026-05-28,1,180,180,-0.07509701855585732
2026-05-28,2,179,178,-0.034788196505916226
2026-05-28,3,179,179,-0.04989010587801745
2026-05-28,4,179,179,-0.05391411104544114
2026-05-28,5,179,179,-0.07061266840967555
2026-05-29,1,179,178,-0.0574644659923501
2026-05-29,2,179,178,-0.019127820769659427
2026-05-29,3,179,179,-0.03892720856318702
2026-05-29,4,179,179,-0.03005957400450236
2026-05-29,5,179,179,-0.0529965640497385
2026-06-01,1,180,180,-0.05910328180543644
2026-06-01,2,180,179,-0.02649683000192271
2026-06-01,3,179,179,-0.02819706874368175
2026-06-01,4,180,180,-0.025690409577486476
2026-06-01,5,179,179,-0.051964277550952995
2026-06-02,1,180,180,-0.03706574023750637
2026-06-02,2,179,178,-0.007147662945721038
2026-06-02,3,179,179,-0.022570611834500293
2026-06-02,4,179,179,-0.014974816173855612
2026-06-02,5,179,179,-0.03996085200901579
2026-06-03,1,179,179,-0.03343452844989969
2026-06-03,2,179,178,3.0161637987828445e-05
2026-06-03,3,179,179,-0.014152599682786583
2026-06-03,4,179,179,-0.001686664900281592
2026-06-03,5,179,179,-0.024379695011008787
2026-06-04,1,179,179,-0.024709405467307686
2026-06-04,2,179,179,0.002744069883619477
2026-06-04,3,179,179,0.0037849598405193187
2026-06-04,4,179,179,0.010546631701977227
2026-06-04,5,179,179,-0.014495768205508444
2026-06-05,1,179,179,-0.021955713360061767
2026-06-05,2,179,179,0.019466844778129443
2026-06-05,3,179,179,0.011191459028036862
2026-06-05,4,179,179,0.011679454469684028
2026-06-05,5,179,179,-0.0009998071003706026
2026-06-08,1,179,179,-0.03739291628711256
2026-06-08,2,178,178,-0.008999009628858728
2026-06-08,3,179,179,-0.001511785016333939
2026-06-08,4,178,178,-0.010668388456744659
2026-06-08,5,178,178,-0.02079978445537566
2026-06-09,1,179,179,-0.05362749969606189
2026-06-09,2,179,179,-0.023866574093776422
2026-06-09,3,179,179,-0.012893117819382823
2026-06-09,4,179,179,-0.02101096963300443
2026-06-09,5,178,178,-0.027560098863268195
2026-06-10,1,179,179,-0.03381900697648485
2026-06-10,2,178,178,-0.012151252888673563
2026-06-10,3,178,178,-0.0019081116709914435
2026-06-10,4,178,178,-0.015746421238368603
2026-06-10,5,178,178,-0.027287127614759783
2026-06-11,1,179,179,-0.03554661134056167
2026-06-11,2,178,178,-0.01685078021683823
2026-06-11,3,178,178,-0.003729516333436798
2026-06-11,4,178,178,-0.02310770717814925
2026-06-11,5,178,178,-0.036427706304046764
2026-06-12,1,179,179,-0.07023770413633104
2026-06-12,2,178,178,-0.05112380414921817
2026-06-12,3,179,179,-0.044131322157418225
2026-06-12,4,178,178,-0.0495916170294268
2026-06-12,5,178,178,-0.06517659328777521
2026-06-15,1,179,179,-0.06780100654892515
2026-06-15,2,178,178,-0.04825610780058613
2026-06-15,3,179,179,-0.03997952175555808
2026-06-15,4,178,178,-0.05580556410924088
2026-06-15,5,178,178,-0.0611478876468054
2026-06-16,1,179,179,-0.07167432738192471
2026-06-16,2,178,178,-0.05098969100033092
2026-06-16,3,179,179,-0.03399872323727122
2026-06-16,4,178,178,-0.04951746117450384
2026-06-16,5,178,178,-0.05153217137791631
2026-06-17,1,179,179,-0.06513867565023454
2026-06-17,2,178,178,-0.0552587258927631
2026-06-17,3,179,179,-0.02476944739319638
2026-06-17,4,178,178,-0.03737987529322571
2026-06-17,5,178,178,-0.045729877163147775
2026-06-18,1,178,178,-0.09019267852500526
2026-06-18,2,178,178,-0.07369327579863011
2026-06-18,3,178,178,-0.04732861503078566
2026-06-18,4,178,178,-0.05364506096485049
2026-06-18,5,178,178,-0.06349149167575215
2026-06-22,1,179,179,-0.11104976693219801
2026-06-22,2,178,178,-0.09886722068985862
2026-06-22,3,179,179,-0.06774475664199668
2026-06-22,4,178,178,-0.06262504876723912
2026-06-22,5,178,178,-0.07610184762688166
2026-06-23,1,179,179,-0.10518636299424143
2026-06-23,2,178,178,-0.08267390411834527
2026-06-23,3,179,179,-0.059808329413820305
2026-06-23,4,178,178,-0.047681328161813294
2026-06-23,5,178,178,-0.05660800897323881
2026-06-24,1,178,177,-0.09356822205308148
2026-06-24,2,178,178,-0.06765451335762757
2026-06-24,3,178,178,-0.055053066886770266
2026-06-24,4,178,178,-0.041754462742238915
2026-06-24,5,178,178,-0.04210399267859785
2026-06-25,1,178,177,-0.07796643327282195
2026-06-25,2,178,178,-0.06948875663424425
2026-06-25,3,178,178,-0.044132155775760865
2026-06-25,4,178,178,-0.025302342188586745
2026-06-25,5,177,177,-0.03291643365343891
2026-06-26,1,178,177,-0.07660258959836946
2026-06-26,2,177,176,-0.06364443708198696
2026-06-26,3,177,177,-0.035609600979435246
2026-06-26,4,177,177,-0.026588042107078765
2026-06-26,5,177,177,-0.02091724788102223
2026-06-29,1,177,176,-0.058979837718071575
2026-06-29,2,177,177,-0.05002184277410913
2026-06-29,3,177,177,-0.03236403862329417
2026-06-29,4,177,177,-0.016481696067238986
2026-06-29,5,176,176,-0.009647896310662835
2026-06-30,1,177,176,-0.06314982431740059
2026-06-30,2,176,176,-0.04964383277463851
2026-06-30,3,176,176,-0.03663918434741625
2026-06-30,4,176,176,-0.011779504022998268
2026-06-30,5,176,176,-0.015804516179269142
2026-07-01,1,178,178,-0.0698946025506976
2026-07-01,2,178,178,-0.05406174230235204
2026-07-01,3,178,178,-0.03576129879997866
2026-07-01,4,178,178,-0.010333209971332906
2026-07-01,5,177,177,-0.016381873346019635
2026-07-02,1,178,178,-0.07059026268958858
2026-07-02,2,177,177,-0.05444519461224902
2026-07-02,3,177,177,-0.03665126393396756
2026-07-02,4,177,177,-0.021579982290599927
2026-07-02,5,177,177,-0.019461556120332974
2026-07-03,1,178,178,-0.05994990413039354
2026-07-03,2,177,177,-0.052275221788620777
2026-07-03,3,177,177,-0.03597088423516842
2026-07-03,4,177,177,-0.02281200286089375
2026-07-03,5,177,177,-0.017741552409589113
2026-07-06,1,180,180,-0.030574613764221374
2026-07-06,2,179,179,-0.04599758056648512
2026-07-06,3,179,179,-0.01351694169542357
2026-07-06,4,179,179,-0.004424408744457072
2026-07-06,5,179,179,-0.0007517755162378465
2026-07-07,1,179,179,-0.011615130734144458
2026-07-07,2,179,179,-0.021713567024368424
2026-07-07,3,178,178,0.010125350824546141
2026-07-07,4,179,179,0.011400312196333945
2026-07-07,5,178,178,0.016888512878936557
2026-07-08,1,179,179,0.015020812226088915
2026-07-08,2,178,178,0.0020961598787871674
2026-07-08,3,179,179,0.030206896616074452
2026-07-08,4,178,178,0.03219423196970716
2026-07-08,5,178,178,0.040421500447398936
2026-07-09,1,179,179,0.011266919309563767
2026-07-09,2,178,178,0.003916755395736597
2026-07-09,3,179,179,0.024608658882246028
2026-07-09,4,178,178,0.03571565717843982
2026-07-09,5,178,178,0.03780782376160455
2026-07-10,1,179,179,0.019040067910997004
2026-07-10,2,179,179,0.012614537033322047
2026-07-10,3,179,179,0.02370116416907412
2026-07-10,4,179,179,0.03801731926552615
2026-07-10,5,178,178,0.04128480789766956
2026-07-13,1,179,178,0.057698304531649904
2026-07-13,2,179,179,0.04020766107838981
2026-07-13,3,178,178,0.06215084218061235
2026-07-13,4,179,179,0.057989628198184776
2026-07-13,5,178,178,0.07349795936228755
2026-07-14,1,179,178,0.04282046415795777
2026-07-14,2,179,179,0.020971709897934676
2026-07-14,3,178,178,0.047790208829408404
2026-07-14,4,179,179,0.038333075510513244
2026-07-14,5,178,178,0.049599532974607945
2026-07-15,1,180,179,0.05966397553573007
2026-07-15,2,179,179,0.03001165234098947
2026-07-15,3,180,180,0.054867484721574974
2026-07-15,4,179,179,0.05001128832116512
2026-07-15,5,179,179,0.0567432095300425
2026-07-16,1,180,179,0.04884780076107067
2026-07-16,2,180,180,0.022359812844442835
2026-07-16,3,180,180,0.04255571928603748
2026-07-16,4,180,180,0.03419413083165817
2026-07-16,5,179,179,0.04099887013346758
2026-07-17,1,179,178,0.08402428369335611
2026-07-17,2,179,179,0.04981073759443458
2026-07-17,3,179,179,0.06752195339652864
2026-07-17,4,179,179,0.06473652281533178
2026-07-17,5,179,179,0.06736291005311576
2026-07-20,1,180,179,0.11667544311829138
2026-07-20,2,179,179,0.06751519212554719
2026-07-20,3,179,179,0.08802861021670765
2026-07-20,4,179,179,0.09094084817979482
2026-07-20,5,179,179,0.0867856619513271
2026-07-21,1,179,178,0.09256142808855217
2026-07-21,2,179,179,0.0486410955091355
2026-07-21,3,178,178,0.06299873804747991
2026-07-21,4,179,179,0.0749612724175935
2026-07-21,5,178,178,0.062464741149532994
2026-07-22,1,179,177,0.07202808453091263
2026-07-22,2,179,179,0.03281038436631875
2026-07-22,3,178,178,0.0464145156434095
2026-07-22,4,179,179,0.06096657592330201
2026-07-22,5,178,177,0.05177401102652143
2026-07-23,1,179,178,0.05987819414531944
2026-07-23,2,179,179,0.027618122645741514
2026-07-23,3,179,179,0.038345954633207675
2026-07-23,4,179,179,0.05109943016152628
2026-07-23,5,178,177,0.043604640777076334
2026-07-24,1,178,177,0.08453484506008456
2026-07-24,2,178,178,0.05124905404286641
2026-07-24,3,178,178,0.059887282088723175
2026-07-24,4,178,178,0.07466544838100479
2026-07-24,5,178,177,0.06430878239852726
2026-07-27,1,179,179,0.04393264836280741
2026-07-27,2,179,179,0.020331058343509394
2026-07-27,3,179,179,0.031032757719411243
2026-07-27,4,179,179,0.04050281610880028
2026-07-27,5,179,178,0.03710380411318012
2026-07-28,1,180,179,0.054453834204101284
2026-07-28,2,179,179,0.03228600280758412
2026-07-28,3,179,179,0.041900301668648735
2026-07-28,4,179,179,0.05425903888194002
2026-07-28,5,179,178,0.047628565269682836
2026-07-29,1,181,180,0.053641035103408126
2026-07-29,2,180,180,0.030654408745269812
2026-07-29,3,180,180,0.04499320508367362
2026-07-29,4,180,180,0.04631519712677538
2026-07-29,5,180,180,0.03798323949021875
2026-07-30,1,181,180,0.06625551362855976
2026-07-30,2,180,180,0.04075643348096215
2026-07-30,3,181,181,0.056780529870323684
2026-07-30,4,180,180,0.06301992651349421
2026-07-30,5,180,180,0.04715014246001391
2026-07-31,1,181,180,0.054566502062053386
2026-07-31,2,181,181,0.03098245834385699
2026-07-31,3,181,181,0.045312331991408945
2026-07-31,4,181,181,0.051379764339963975
2026-07-31,5,181,181,0.037106540767939455
2026-08-03,1,182,181,0.04653080096115391
2026-08-03,2,181,181,0.027627866658443485
2026-08-03,3,181,181,0.03720151379860627
2026-08-03,4,181,181,0.047305980946606915
2026-08-03,5,181,181,0.032510983525331855
2026-08-04,1,181,181,0.03867796783016932
2026-08-04,2,180,180,0.016574364043499264
2026-08-04,3,181,181,0.03974869941167202
2026-08-04,4,180,180,0.041550461114320765
2026-08-04,5,180,180,0.031001134443097954
2026-08-05,1,181,181,0.020936084236409813
2026-08-05,2,180,180,0.0022482953772721046
2026-08-05,3,181,181,0.021586176182193724
2026-08-05,4,180,180,0.022239467639051855
2026-08-05,5,180,180,0.019677044263749822
2026-08-06,1,181,181,0.014517533701234637
2026-08-06,2,181,181,-0.0017384738612500677
2026-08-06,3,180,180,0.015351792612834475
2026-08-06,4,181,181,0.016586114516364783
2026-08-06,5,180,180,0.01841690493597589
2026-08-07,1,181,181,-0.0031404505797477107
2026-08-07,2,181,181,-0.014502045037763001
2026-08-07,3,180,180,0.010774577879720039
2026-08-07,4,181,181,0.0048175425710363295
2026-08-07,5,180,180,0.012298800010546588
2026-08-10,1,181,180,-0.004874863725247146
2026-08-10,2,181,181,-0.017240740499802728
2026-08-10,3,181,181,0.010638346518523103
2026-08-10,4,181,181,0.00427342630503289
2026-08-10,5,181,181,0.006851655724049365
2026-08-11,1,181,181,0.002814119095583852
2026-08-11,2,181,181,-0.0007395322697811098
2026-08-11,3,180,180,0.018597243099870212
2026-08-11,4,181,181,0.009967996278835597
2026-08-11,5,180,180,0.017938071774686013
2026-08-12,1,181,181,-0.018055118162881346
2026-08-12,2,181,181,-0.016377215741474365
2026-08-12,3,180,180,0.002439263911802262
2026-08-12,4,181,181,0.0016546862145673602
2026-08-12,5,180,180,-0.0023705344533003912
2026-08-13,1,181,181,-0.020901708733302504
2026-08-13,2,181,181,-0.018050830677680922
2026-08-13,3,181,181,-0.003984908833027736
2026-08-13,4,181,181,0.0012363799003976001
2026-08-13,5,181,181,-0.0018976892877453817
2026-08-14,1,180,179,-0.03158278267630888
2026-08-14,2,179,179,-0.030717856765792625
2026-08-14,3,180,180,-0.01616518224739992
2026-08-14,4,179,179,-0.01450712534403208
2026-08-14,5,179,179,-0.01943844198176401
2026-08-17,1,180,179,-0.04001647836632879
2026-08-17,2,180,179,-0.032881336841192904
2026-08-17,3,180,180,-0.024098381262722846
2026-08-17,4,180,180,-0.016433916237582277
2026-08-17,5,180,180,-0.018897933229771152
2026-08-18,1,180,179,-0.040501068710749134
2026-08-18,2,180,179,-0.03242440625799605
2026-08-18,3,180,180,-0.027067019630277953
2026-08-18,4,180,180,-0.021270027240093768
2026-08-18,5,179,179,-0.018023883549213537
