date,assets_total,factor_count,factor_coverage,valid_pairs,ic,rank_ic,factor_mean,factor_std,factor_min,factor_max
2023-01-03,1000,904,0.904,904,-0.04287765499053171,-0.01944484906262074,-2.7509951052658746e-17,1.0000000000000002,-2.8285844214298566,3.1052015921975156
2023-01-04,1000,905,0.905,905,-0.019456510747926776,-0.021779598621828135,-1.5702601895250834e-17,0.9999999999999984,-2.63098441991316,3.2764795717855852
2023-01-05,1000,906,0.906,906,0.012481451948461725,0.021165904599430893,-1.5685270105079474e-17,0.9999999999999997,-2.6618940237479096,3.5206627352011055
2023-01-06,1000,906,0.906,905,0.01026367066259774,0.0036042010872690982,-1.1763952578809606e-17,0.999999999999999,-2.8469910538225136,3.6006659814281186
2023-01-09,1000,905,0.905,905,0.004224858435738887,-0.0031496781325849555,-3.533085426431437e-17,1.0000000000000007,-3.0423461382770864,3.493554449609073
2023-01-10,1000,905,0.905,905,-0.03250411510360637,-0.038801414626004,1.9628252369063543e-18,0.9999999999999994,-3.1200418404328722,3.4707903491626557
2023-01-11,1000,903,0.903,902,-0.052355073243767876,-0.055384184128133465,-2.7540416114732565e-17,1.0000000000000007,-3.0394402763481048,3.268318899110406
2023-01-12,1000,902,0.902,902,-0.08063908515855678,-0.09601488453465028,0.0,1.0,-3.173633392131715,3.277684025676861
2023-01-13,1000,902,0.902,902,-0.11051751294444634,-0.1244665338458482,2.363224176585699e-17,1.0000000000000009,-2.810109347661634,3.73388283064146
2023-01-16,1000,905,0.905,905,-0.05943229872378561,-0.07977318211763426,-1.5702601895250834e-17,0.999999999999999,-2.867319379214384,3.8891705832527945
2023-01-17,1000,906,0.906,906,-0.05796505327195964,-0.07118983512830748,-2.352790515761921e-17,0.9999999999999987,-2.7324935227028377,3.8277128421144035
2023-01-18,1000,909,0.909,909,-0.059299919829746986,-0.05217494306182634,-6.253401414830364e-17,0.9999999999999997,-2.863364463685829,3.9706208175833253
2023-01-19,1000,907,0.907,907,-0.04039929457793525,-0.033961495244443585,-1.5667976532747524e-17,0.9999999999999993,-2.9934424691596795,4.099564878165831
2023-01-20,1000,912,0.912,912,0.022159677918808882,0.03474652320886092,-1.5582077538598687e-17,1.0,-2.842837749948708,3.9556751219442687
2023-01-30,1000,913,0.913,913,0.06762830924739628,0.07537098576926281,-2.140188963132832e-17,0.9999999999999999,-2.9136469742929574,3.758238139432242
2023-01-31,1000,914,0.914,914,0.05442214845949585,0.064495312582113,2.818071572352695e-17,0.9999999999999999,-2.97256323175912,3.704823973519208
2023-02-01,1000,916,0.916,916,0.04385072516693606,0.04955449313782968,-3.878508382969979e-18,1.0000000000000007,-2.7631163555653466,3.592711580448485
2023-02-02,1000,917,0.917,917,0.05677304010622016,0.054793308606702104,1.3559975873284354e-17,1.0000000000000002,-3.1357914913214016,3.3644303210287787
2023-02-03,1000,919,0.919,918,0.06391437075664701,0.05301564119776114,-2.2228622038196824e-17,1.0,-3.0137254108329006,3.5132806296122725
2023-02-06,1000,918,0.918,917,0.05436755691128002,0.046538914778599845,-1.3545204657736115e-17,1.0000000000000002,-2.999371095152552,3.301973566321157
2023-02-07,1000,919,0.919,918,0.03527243643349077,0.049686529312305446,-4.349078224864596e-17,1.0000000000000002,-3.091297702715222,3.2944085181130403
2023-02-08,1000,919,0.919,918,0.05592572319670466,0.06458268715789264,-4.252432042089827e-17,1.0,-3.332029502951478,3.3718627707218025
2023-02-09,1000,921,0.921,920,0.0451815050162355,0.0595386060540476,3.4234890227312105e-17,1.0,-3.486308778160753,3.22917780000343
2023-02-10,1000,921,0.921,921,0.05444336523039288,0.04918107517808507,-3.809234264729093e-17,1.0000000000000004,-3.4135648922012805,3.724168473786245
2023-02-13,1000,920,0.92,920,0.04255390555938512,0.04269946700667492,-1.2550347234893074e-17,0.9999999999999994,-3.437631104461299,3.7126623955907316
2023-02-14,1000,921,0.921,921,0.02092578483262767,0.019061845425498235,4.5325065934751235e-17,1.0000000000000004,-3.1968137962482324,3.8740386341087207
2023-02-15,1000,922,0.922,922,0.0056358738824981245,-0.0030752267217532673,3.853268632104665e-18,0.9999999999999996,-3.2812612432712642,4.123745984330011
2023-02-16,1000,922,0.922,922,0.05764574552516089,0.053005000183995024,1.1559805896313994e-17,0.9999999999999998,-3.0638401920218987,4.054877628728066
2023-02-17,1000,922,0.922,922,0.0488998106033955,0.03466171381545075,1.9266343160523324e-18,1.0,-3.142317539432534,3.5267391646537956
2023-02-20,1000,926,0.926,926,0.04993998699883925,0.05492909315378069,-5.754935764795628e-18,0.9999999999999992,-2.754615898952359,3.338819170684849
2023-02-21,1000,931,0.931,931,0.03892110322325463,0.03413854498598723,1.144805696713373e-17,0.999999999999999,-2.6600157029559086,3.4021359968115177
2023-02-22,1000,930,0.93,930,0.0626057636290873,0.049140841502473546,-1.5280488941077423e-17,0.9999999999999998,-2.6861477686803363,3.541002958412195
2023-02-23,1000,929,0.929,929,0.035522390967015156,0.00011409340550069263,4.2066577466959644e-17,1.0000000000000007,-2.827677107510814,3.621583428094008
2023-02-24,1000,929,0.929,929,0.02484418037850962,-0.009998701051915962,2.6769640206247048e-17,0.9999999999999996,-3.0784944169110036,3.5457862140283467
2023-02-27,1000,924,0.924,924,0.010817586884037462,-0.011676013543761358,-1.5379712895240264e-17,1.0000000000000004,-3.037095944397055,3.6354810434424993
2023-02-28,1000,927,0.927,927,-0.011420143773807212,-0.027109706422661552,1.5329940361598708e-17,0.9999999999999998,-3.4200768566056805,3.6952795561410885
2023-03-01,1000,930,0.93,930,0.027698632893607654,0.02300646116861385,-1.1460366705808068e-17,1.0000000000000007,-3.5570593875677408,3.7543177410715325
2023-03-02,1000,930,0.93,930,0.04413356313478885,0.043431653995201214,0.0,0.9999999999999994,-3.5113771281340114,3.4097824836897517
2023-03-03,1000,931,0.931,930,0.06548721476025497,0.07017963351824791,-1.5264075956178306e-17,1.0000000000000004,-3.2776776652181736,3.265806675263863
2023-03-06,1000,929,0.929,929,0.04843084924088665,0.056228621751886095,7.6484686303563e-17,1.0000000000000007,-2.7419388217869787,3.5017605726657077
2023-03-07,1000,927,0.927,927,0.07503718746834355,0.07506378216102476,-6.131976144639483e-17,0.9999999999999999,-3.192711886031072,3.7384155113672963
2023-03-08,1000,928,0.928,928,0.04574507919061573,0.06237965975962308,-4.594026308793751e-17,1.0000000000000002,-2.99547154527169,3.417617531495401
2023-03-09,1000,928,0.928,928,0.018637775036821017,0.03594318337628888,-7.656710514656252e-18,1.0000000000000004,-2.8339090947859846,3.5186907526994458
2023-03-10,1000,923,0.923,923,0.011389372455429083,0.023931030769916487,0.0,1.0000000000000002,-2.630693664663034,3.498980506616208
2023-03-13,1000,922,0.922,922,0.011843849556853149,0.008165978293143908,2.6972880424732652e-17,0.9999999999999996,-2.9620388210017436,3.766731740850141
2023-03-14,1000,922,0.922,922,0.018901656412719674,-0.005435598266610895,3.853268632104665e-18,1.0000000000000002,-2.8690678669637832,3.857399475159685
2023-03-15,1000,925,0.925,925,0.01949950472676506,0.014265853955443887,2.304462926789514e-17,0.9999999999999993,-2.99758802220398,3.9444550749428546
2023-03-16,1000,921,0.921,920,0.0694297211233995,0.0535479946868257,7.714904839957657e-18,1.000000000000001,-3.2459859821496226,3.328598855498204
2023-03-17,1000,922,0.922,922,0.07509879655502459,0.07362938107001085,6.55055667457793e-17,0.9999999999999999,-3.009098973257372,3.065163327005827
2023-03-20,1000,921,0.921,921,0.0901254538481955,0.0826114936520184,5.786178629968243e-17,0.9999999999999998,-3.2233858336954158,3.2182257188945007
2023-03-21,1000,922,0.922,922,0.09997121267847862,0.10492287991126778,4.6239223585255976e-17,0.9999999999999999,-3.1988968418303445,3.2328128006724945
2023-03-22,1000,923,0.923,923,0.1138208315108785,0.12047449184958613,2.3094563459158186e-17,0.9999999999999994,-2.8167479693702573,3.291522073982423
2023-03-23,1000,921,0.921,921,0.08254579193092512,0.07493936621210408,3.1823982464825336e-17,0.9999999999999993,-2.9969475502367158,3.555567676104797
2023-03-24,1000,924,0.924,924,0.05523741262834041,0.031270192741031086,3.844928223810066e-18,1.0000000000000004,-2.918564831399485,3.62788505735199
2023-03-27,1000,918,0.918,918,-0.017957778237689757,-0.042543112481383004,-3.87005847363889e-18,0.9999999999999999,-3.0453040179612,3.937948981689034
2023-03-28,1000,917,0.917,914,-0.04458520977055967,-0.06644338099223239,-7.748557641876774e-18,1.0,-2.7140342332702776,3.7765373972060927
2023-03-29,1000,912,0.912,910,-0.09385696354294032,-0.10542332773144304,0.0,0.9999999999999998,-2.6140396890707907,3.9207593954215993
2023-03-30,1000,910,0.91,908,-0.10962424963235985,-0.11716494038176825,2.3424485794289017e-17,1.0000000000000002,-2.682414667454299,3.653923499414862
2023-03-31,1000,908,0.908,907,-0.10836161686659442,-0.11172959235187456,1.5650721051984587e-17,1.0000000000000002,-2.784287191286442,3.332191552394893
2023-04-03,1000,910,0.91,909,-0.11486928630561952,-0.09911954006710767,3.904080965714836e-18,0.999999999999999,-2.879427073295561,3.2162064064653424
2023-04-04,1000,911,0.911,910,-0.1009065944245928,-0.08459058867720004,-7.799590952361144e-18,1.0000000000000007,-2.7082541947957037,3.2865128177092857
2023-04-06,1000,911,0.911,909,-0.10527075914099003,-0.09475271208280237,2.1448875118993145e-17,1.0000000000000002,-2.7174049122100676,3.7556204757189993
2023-04-07,1000,911,0.911,909,-0.11382139193879047,-0.09885296076686143,9.74948869045143e-18,0.9999999999999996,-2.636577157477347,3.6040533386342624
2023-04-10,1000,909,0.909,907,-0.0867557506019621,-0.0973158107858478,-1.954187942134489e-17,1.0000000000000004,-2.7385677376786863,3.4348429728564485
2023-04-11,1000,911,0.911,909,-0.07732733355928854,-0.0874594822052583,7.799590952361144e-18,0.9999999999999997,-3.0739273896611112,3.1740570539555546
2023-04-12,1000,916,0.916,915,-0.04356648874215185,-0.040812894710950225,-7.757016765939958e-18,1.0000000000000002,-3.4073714639166615,3.3938096020286928
2023-04-13,1000,917,0.917,916,-0.02196124863597511,-0.020993370387653466,-1.1622836462815161e-17,1.0000000000000007,-3.178244632693077,3.3963641321457922
2023-04-14,1000,917,0.917,915,0.009348569006674643,0.013433676967402176,1.210712131543246e-17,0.9999999999999997,-2.9427356986770197,3.0923635716356284
2023-04-17,1000,917,0.917,916,0.02976541898935709,0.05318756128133138,-7.748557641876774e-18,1.0000000000000002,-2.7117467355877536,3.1721399800008094
2023-04-18,1000,917,0.917,916,0.05396867901300023,0.08514909007108146,3.874278820938387e-18,1.0,-2.649474094260585,3.2614180975121605
2023-04-19,1000,915,0.915,914,0.03484620870277842,0.07335758960388522,-7.765494379891805e-18,1.0,-2.767308147749044,3.192238119199431
2023-04-20,1000,915,0.915,915,0.030570146996058926,0.06497011003969813,-5.824120784918854e-18,1.0000000000000007,-2.80483875934267,3.4003102546208126
2023-04-21,1000,911,0.911,911,0.0005749887946625233,0.0244063623129427,1.1699386428541715e-17,0.9999999999999996,-2.955485173157998,3.08702445964366
2023-04-24,1000,911,0.911,911,0.009691693725768126,0.0065305705894737835,1.1699386428541715e-17,0.9999999999999993,-2.8769409789783786,2.969453668828914
2023-04-25,1000,911,0.911,911,0.023496968437507114,0.01579377494652785,1.949897738090286e-17,1.0000000000000002,-2.7855046767038663,2.9763350490201135
2023-04-26,1000,912,0.912,910,-0.019891115362500104,0.005518173274486532,3.895519384649672e-18,1.0000000000000002,-2.7827659421176953,3.0666883605768955
2023-04-27,1000,910,0.91,909,0.006977906485184208,0.023822097564704617,-7.808161931429672e-18,0.9999999999999992,-2.7426832092027884,3.3849855919968546
2023-04-28,1000,913,0.913,912,0.0001221440214067981,0.00828373799264221,7.782505320483025e-18,1.0000000000000002,-2.8313349682528757,3.198831430729434
2023-05-04,1000,913,0.913,913,-0.020250211891383537,-0.013240707113115922,7.782505320483025e-18,1.0000000000000002,-2.952835149342503,2.815978786322422
2023-05-05,1000,913,0.913,913,-0.05147606501699808,-0.06586277261722864,0.0,0.9999999999999999,-2.9731662925339206,2.940653120514394
2023-05-08,1000,917,0.917,917,-0.08926038737794238,-0.09811527016844027,-2.3245672925630322e-17,0.9999999999999989,-2.889346075244005,3.261618600321028
2023-05-09,1000,916,0.916,915,-0.10222580129491948,-0.10982531399680481,2.3271050297819874e-17,1.0000000000000004,-2.593931724331881,3.2490001533983137
2023-05-10,1000,915,0.915,914,-0.08804451514560145,-0.08455299739908542,1.553098875978361e-17,0.9999999999999997,-2.593802750974076,3.366334073415966
2023-05-11,1000,916,0.916,915,-0.05995262791932073,-0.06187292277026864,-1.1635525148909937e-17,1.0000000000000009,-2.9430614770125323,3.42485153791834
2023-05-12,1000,914,0.914,913,-0.06091642655759334,-0.04709596110205754,3.8869952722106136e-18,0.9999999999999999,-3.134689619063884,3.528871614417437
2023-05-15,1000,915,0.915,914,-0.04006174849325318,-0.04256609352483711,3.106197751956722e-17,1.0,-3.2285321374366935,3.649176778908895
2023-05-16,1000,913,0.913,912,-0.018389059823410315,-0.020290823086874344,-1.556501064096605e-17,1.0000000000000002,-3.4012200156003844,3.755655222961147
2023-05-17,1000,912,0.912,910,-0.0419082029220262,-0.06040847242225339,7.791038769299344e-18,1.0000000000000009,-2.814868609172117,3.88613259579289
2023-05-18,1000,911,0.911,909,0.005215829378558443,-0.05415337282726739,-7.799590952361144e-18,0.9999999999999994,-2.736724750379132,3.144184636183949
2023-05-19,1000,908,0.908,907,0.015381961488776708,-0.04736452454440144,-5.86902039449422e-18,1.0000000000000007,-2.635624889506216,3.1795433370698767
2023-05-22,1000,907,0.907,906,0.0486770692926649,-0.028434000154179948,3.916994133186881e-18,1.0000000000000007,-2.945157449172756,3.117829133608756
2023-05-23,1000,904,0.904,904,0.07915320786295464,-0.0322482646473012,3.929993007522678e-18,0.9999999999999999,-3.1759208481889036,3.1706034716548985
2023-05-24,1000,904,0.904,904,0.08343897951003915,0.0011203061747883122,-1.5719972030090712e-17,0.9999999999999997,-3.128055658177329,3.2383021273922354
2023-05-25,1000,904,0.904,904,0.053077265364541916,-0.02409418368309939,-3.929993007522678e-18,0.9999999999999999,-2.9267582712349656,3.535170938312589
2023-05-26,1000,905,0.905,905,0.042250718501500424,-0.00544417336760889,0.0,0.999999999999999,-3.0127004063287828,3.842380269845171
2023-05-29,1000,903,0.903,903,0.06396145085383478,0.01518339028829161,-2.1638898375861302e-17,0.9999999999999993,-2.9049218737060163,3.841480841017764
2023-05-30,1000,902,0.902,902,0.06219179721831646,0.01618134508185725,-7.87741392195233e-18,0.9999999999999996,-2.9644433087740034,3.4019838518217043
2023-05-31,1000,900,0.9,900,0.08989113493691059,0.04429259789209617,1.1842378929335004e-17,1.0000000000000007,-2.799069187820293,3.682340449153481
2023-06-01,1000,901,0.901,900,0.06457279530107847,0.047844176262117906,-2.7601549113877367e-17,1.0000000000000013,-3.029138919251209,3.2893173572042187
2023-06-02,1000,901,0.901,900,0.05549816061503895,0.0385469695581804,0.0,0.9999999999999998,-3.0727431325348786,3.1945199731480765
2023-06-05,1000,899,0.899,898,0.03347850471631191,0.01751229014298171,3.5566655293887107e-17,0.999999999999999,-2.974341458014376,3.1464848174233397
2023-06-06,1000,897,0.897,897,0.027799763018786592,0.0055490413303852714,-3.960661849275921e-18,0.9999999999999994,-3.04738524848638,3.627259117338193
2023-06-07,1000,896,0.896,895,-0.022747663097853532,-0.012644704900205545,7.93016446160826e-18,0.9999999999999996,-3.044828053787004,3.5501151030042637
2023-06-08,1000,897,0.897,897,-0.04684163163249988,-0.039141889239382784,-1.1881985547827762e-17,0.9999999999999991,-2.7778502391681568,3.3907775821686457
2023-06-09,1000,895,0.895,895,-0.0438999976177866,-0.051974309641283044,1.5878049961119556e-17,1.0,-2.709775517524443,3.1055125067012344
2023-06-12,1000,896,0.896,896,-0.02880808373051796,-0.0392447731363088,3.96508223080413e-18,0.9999999999999993,-2.763451832921351,3.2171324023361865
2023-06-13,1000,898,0.898,898,-0.002274180443367414,-0.028764043316496,0.0,1.0000000000000004,-2.6519323035798736,3.349433052867565
2023-06-14,1000,895,0.895,895,0.0027415799367495287,-0.01602062493694969,-1.5878049961119556e-17,0.9999999999999991,-2.626631978623703,3.408361340116175
2023-06-15,1000,896,0.896,896,0.0023714130646758907,-0.027101011085101438,-3.96508223080413e-18,1.0000000000000004,-2.4383648577860173,3.5499851580819266
2023-06-16,1000,898,0.898,898,0.008715235684169867,-0.006272836760608627,-1.9781256563477177e-17,1.0000000000000007,-2.551661113460744,3.3267778077600405
2023-06-19,1000,898,0.898,898,-0.015028094288258896,-0.020631527217455238,9.890628281738588e-18,0.9999999999999997,-2.7622241867215087,3.5743513630165196
2023-06-20,1000,898,0.898,898,-0.05772179140714486,-0.05110934479169051,-7.91250262539087e-18,1.0,-3.2058855208933967,3.8311532860246924
2023-06-21,1000,900,0.9,900,-0.07012961400168946,-0.06505971818072205,1.578983857244667e-17,1.0000000000000002,-2.8217095057210324,3.789994244955202
2023-06-26,1000,901,0.901,901,-0.04342204962589114,-0.03379545503344513,-7.886156889679247e-18,1.0000000000000002,-2.5833077740768218,3.5740120632420984
2023-06-27,1000,904,0.904,904,-0.05963513026781425,-0.030859309325336846,-3.929993007522678e-17,0.9999999999999992,-2.532623445601725,3.4882500928850613
2023-06-28,1000,902,0.902,902,-0.09470197800667376,-0.04989299915333494,1.7724181324392742e-17,0.9999999999999992,-2.772952480231211,3.6430734106777565
2023-06-29,1000,902,0.902,902,-0.11187160822899765,-0.08155910190269214,1.1816120882928495e-17,1.0000000000000002,-2.8418548571350146,3.708022927810599
2023-06-30,1000,906,0.906,906,-0.10802284126547636,-0.09586728816754192,3.137054021015895e-17,1.0000000000000002,-3.0426563516926004,3.5744235013681034
2023-07-03,1000,907,0.907,906,-0.14996223830481414,-0.13799760959755164,-9.792485332967202e-18,1.0000000000000009,-3.1947534218763867,3.4395152088862746
2023-07-04,1000,906,0.906,906,-0.1324087622082531,-0.12769867194228324,-9.803293815674672e-18,1.000000000000001,-3.138441298829107,3.477088267573239
2023-07-05,1000,900,0.9,900,-0.123415005425473,-0.12580866307199273,1.1842378929335004e-17,0.9999999999999991,-3.141874962708941,3.467928442903844
2023-07-06,1000,899,0.899,899,-0.09747748583420052,-0.09642299987219158,1.5807402352838714e-17,0.9999999999999999,-3.0092774208349953,3.2465282271352
2023-07-07,1000,901,0.901,901,-0.10497312038090954,-0.09760664420674582,7.886156889679247e-18,1.000000000000001,-2.880667084772113,3.3447501473901338
2023-07-10,1000,900,0.9,900,-0.07137921322095399,-0.05978939131372683,1.578983857244667e-17,1.0000000000000004,-2.4770202364331957,3.656437023855354
2023-07-11,1000,900,0.9,900,-0.0519336934697573,-0.04054004265313996,-7.894919286223335e-18,1.0000000000000007,-2.3406241529086182,3.780465625636803
2023-07-12,1000,897,0.897,897,-0.03949265979829705,-0.03222761456927731,3.960661849275921e-18,0.9999999999999996,-2.286339535302907,3.4504765604174708
2023-07-13,1000,899,0.899,899,0.012994163700114275,0.03283613490753594,3.9518505882096784e-18,1.0000000000000002,-2.834857646065659,3.3484225289876415
2023-07-14,1000,897,0.897,897,0.025421487556798524,0.06526264215383303,-9.901654623189802e-19,0.9999999999999997,-2.388379716613727,3.138757180932791
2023-07-17,1000,897,0.897,897,0.021110987551513676,0.05137927664004452,1.0891820085508782e-17,1.0000000000000007,-2.400558275063143,3.0581154438576768
2023-07-18,1000,897,0.897,897,0.020038139898863175,0.055081435405986555,-1.3862316472465723e-17,1.0000000000000002,-2.408504866740212,3.370989294171944
2023-07-19,1000,896,0.896,896,0.011276518404505744,0.05190022424026089,-8.921435019309294e-18,1.0,-2.5225338104364043,3.65189723416554
2023-07-20,1000,895,0.895,895,0.0160219709638132,0.04712130563026765,1.8855184328829473e-17,0.9999999999999993,-2.7536174865664345,3.638154559933739
2023-07-21,1000,897,0.897,897,0.01364779005624495,0.03332063224390441,9.901654623189803e-18,1.0,-2.8427381962070295,3.16421911427602
2023-07-24,1000,896,0.896,896,0.027102230363974262,0.0696065333910795,1.3877787807814457e-17,1.0,-2.8220216380727265,3.225813720932798
2023-07-25,1000,900,0.9,900,0.07439734872741406,0.11146428535199948,1.1842378929335004e-17,1.0,-3.1966799661011738,3.6734460073130495
2023-07-26,1000,908,0.908,908,0.03526187053171101,0.039789319493252685,5.0864843418949904e-17,0.9999999999999993,-3.2177100949810584,3.3975933391680893
2023-07-27,1000,909,0.909,909,0.039853862127234685,0.0503292743057607,1.1725127652806934e-17,0.9999999999999999,-3.224171773784989,3.098869787193075
2023-07-28,1000,911,0.911,911,0.03898916179611916,0.06062279289180907,1.1699386428541715e-17,1.000000000000001,-3.4290488453420553,3.283118423078221
2023-07-31,1000,913,0.913,912,0.0666559175853574,0.09624789679542169,-7.782505320483025e-18,0.9999999999999998,-3.3154536938891486,3.8157523489196827
2023-08-01,1000,913,0.913,912,-0.016056309618385924,0.016005663692824267,5.0586284583139665e-17,1.0,-3.0586753966665197,3.669440445501234
2023-08-02,1000,916,0.916,915,-0.06800689162262331,-0.052365499729794,2.9088812872274842e-18,0.9999999999999994,-3.5226020473689985,4.030293929473095
2023-08-03,1000,915,0.915,914,-0.10698453261740687,-0.09436211111174238,7.765494379891805e-18,1.0000000000000002,-3.5731523048717064,4.086003399301291
2023-08-04,1000,918,0.918,917,-0.08411467982173859,-0.07185636360589365,-3.096046778911112e-17,0.9999999999999999,-3.3885958447439766,4.366075599892843
2023-08-07,1000,919,0.919,918,-0.08621987522548692,-0.060774420522629866,1.5463389243963008e-17,1.0000000000000002,-2.967679041380516,4.739217493352469
2023-08-08,1000,919,0.919,918,-0.07883877399146003,-0.06754309010872177,-4.639016773188902e-17,1.0,-2.938684158267984,4.397908860544846
2023-08-09,1000,921,0.921,920,-0.0928709157237119,-0.06942455150222654,-1.5429809679915314e-17,0.9999999999999999,-2.761593368010674,4.145936036945433
2023-08-10,1000,920,0.92,919,-0.05340845343845766,-0.0382546758547288,1.351575856065408e-17,1.0000000000000004,-2.926238645180144,4.209155829136815
2023-08-11,1000,915,0.915,914,-0.03656311466306656,-0.018865734660778496,5.241708706426969e-17,1.0000000000000009,-2.651676359476651,4.25276115454094
2023-08-14,1000,916,0.916,916,-0.05191462795922344,-0.05425324681154923,-3.68458296382148e-17,1.0000000000000013,-2.5732455763604873,4.140879079761959
2023-08-15,1000,912,0.912,912,-0.045818063719906064,-0.07004947349128503,2.0451476769410777e-17,1.0000000000000002,-2.3035639271923976,3.6947145575763436
2023-08-16,1000,913,0.913,913,-0.030427579105887722,-0.04942157000670463,1.556501064096605e-17,1.0000000000000009,-2.420952388359286,3.5612092235649713
2023-08-17,1000,915,0.915,915,-0.009503086356657912,0.0016379109861957347,1.553098875978361e-17,1.0000000000000004,-2.863080605558821,3.4122127779684748
2023-08-18,1000,913,0.913,913,-0.0329955210993605,-0.013494591214001901,3.8912526602415124e-18,1.0000000000000002,-2.7487569404357934,3.6223598654613114
2023-08-21,1000,913,0.913,913,-0.018585187395948922,0.0002610035153127806,2.5293142291569832e-17,0.9999999999999992,-2.5291956408799567,3.4155415267851708
2023-08-22,1000,912,0.912,912,-0.024132106722051735,0.010951307158554814,-4.0902953538821554e-17,1.0,-2.6082647834271455,3.3892888401269965
2023-08-23,1000,912,0.912,912,-0.023572949760671,0.03172977942145019,1.1686558153949016e-17,1.0000000000000002,-2.633023208715084,3.4054012212186553
2023-08-24,1000,913,0.913,913,-0.02279463520493882,0.029029552714505778,7.782505320483025e-18,0.9999999999999989,-2.8796203215897926,3.278546044952412
2023-08-25,1000,910,0.91,910,0.018893883120348762,0.0686290339564595,0.0,1.0000000000000002,-3.1648160266516236,3.4232983279844236
2023-08-28,1000,913,0.913,912,-0.006846421092440764,0.02857495782664198,-3.8912526602415124e-17,1.0000000000000004,-3.2505722065999927,3.6055578949843152
2023-08-29,1000,915,0.915,915,-0.021585511897654508,0.01254522263859527,-4.659296627935083e-17,1.0000000000000002,-3.132701987122702,3.4151868664999236
2023-08-30,1000,914,0.914,914,-0.015576852445471233,0.010341024276127646,1.9434976361053068e-17,0.9999999999999997,-3.406248533552679,3.4969589991248373
2023-08-31,1000,911,0.911,911,0.009317570646134376,0.011302792680813084,-1.949897738090286e-17,0.9999999999999994,-3.3382967091510753,3.5152254927851505
2023-09-01,1000,909,0.909,909,0.011508271332994795,0.017671058346443034,3.908375884268978e-18,1.0000000000000002,-3.4761273133950854,3.2329408064149865
2023-09-04,1000,912,0.912,912,0.009881895045791216,-0.01409793927433507,-1.3634317846273851e-17,0.9999999999999993,-3.315748749843858,3.591930286951829
2023-09-05,1000,913,0.913,913,0.03974531431996608,-0.005386875156563826,-9.728131650603781e-18,0.9999999999999999,-3.209675773869214,3.3927057733575774
2023-09-06,1000,915,0.915,915,0.012648448844640003,-0.01171949608640268,-1.358961516481066e-17,0.9999999999999993,-2.850019139565014,3.639176905851375
2023-09-07,1000,913,0.913,913,0.018270157099271975,-0.013041424614671625,-9.728131650603781e-18,0.9999999999999993,-3.4157330654607345,3.7646893720634513
2023-09-08,1000,911,0.911,911,0.013851830050664532,-0.015476237595652904,1.1699386428541715e-17,1.0000000000000002,-3.0676647146845077,3.750568518580505
2023-09-11,1000,912,0.912,912,0.0895277723402358,0.07336206248218291,-5.843279076974508e-18,0.9999999999999999,-2.472761186055886,3.82789734635992
2023-09-12,1000,912,0.912,912,0.10298903084998501,0.09070580966251483,2.337311630789803e-17,1.0000000000000009,-2.7786223241393233,4.106735523944186
2023-09-13,1000,911,0.911,911,0.0943158698246981,0.10333165713716151,-7.799590952361144e-18,0.9999999999999998,-2.9355839254118115,4.152770294338493
2023-09-14,1000,912,0.912,912,0.06414887920510981,0.0651082657106612,3.895519384649672e-18,1.0,-2.7957185818818195,4.401583625642597
2023-09-15,1000,913,0.913,913,0.08829515878291232,0.10751977538665615,8.755318485543404e-18,1.0000000000000007,-2.6098930314603344,4.484570372788702
2023-09-18,1000,912,0.912,912,0.0685299555712298,0.08661981085210836,2.7268635692547703e-17,1.0000000000000002,-2.5401834267313173,4.422421915181834
2023-09-19,1000,912,0.912,912,0.11028925573884114,0.09506832952117655,0.0,1.0,-2.63414174449367,4.330265621688407
2023-09-20,1000,912,0.912,912,0.1200512981518714,0.07697450634649522,-1.947759692324836e-18,1.000000000000001,-2.5337399919788366,4.207698724737346
2023-09-21,1000,912,0.912,912,0.10824158382288736,0.03753976490363945,1.3634317846273851e-17,0.9999999999999994,-2.744209823408842,4.024893464263062
2023-09-22,1000,911,0.911,911,0.11350512639617867,0.03615027151522147,7.799590952361144e-18,1.0000000000000004,-2.668833479008793,4.009287194008563
2023-09-25,1000,910,0.91,910,0.08716340663279551,0.027689868778412403,0.0,1.0000000000000007,-2.784682671150102,3.7894981151231413
2023-09-26,1000,910,0.91,910,0.04753753403462118,-0.024290727263758416,2.928060724286127e-17,0.9999999999999997,-2.9806826213955646,3.8638412277580914
2023-09-27,1000,908,0.908,908,0.05620884084351784,-0.03667286041973159,-1.760706118348266e-17,1.0000000000000002,-3.0583380950841774,3.6514996242757976
2023-09-28,1000,908,0.908,908,0.0410838439971633,-0.03202953023300733,5.86902039449422e-18,0.9999999999999994,-2.963493531521667,3.6048111791384287
2023-10-09,1000,908,0.908,908,0.009293683392999609,-0.019415080461644665,-7.825360525992294e-18,0.9999999999999997,-3.14979185145657,3.730293403870485
2023-10-10,1000,907,0.907,907,0.011910462599225966,-0.033933730455873494,3.133595306549505e-17,1.0000000000000007,-3.2158080462951086,3.421100282683499
2023-10-11,1000,907,0.907,907,0.046762322940999156,-0.009247876517175353,-3.916994133186881e-18,1.0000000000000004,-3.456110445813439,3.2463610533627
2023-10-12,1000,907,0.907,907,0.0137204023596955,-0.011692985017950828,0.0,0.9999999999999997,-3.278479578126385,3.0716446907625
2023-10-13,1000,908,0.908,908,-0.04156280837939103,-0.027177391741163733,0.0,0.9999999999999999,-3.342374837073351,3.128402955392568
2023-10-16,1000,907,0.907,907,-0.015185735832400552,0.00248193605197027,0.0,0.9999999999999998,-3.4974454089270544,3.2310442211134776
2023-10-17,1000,909,0.909,909,0.037116187840590266,0.025801978105215548,-1.563350353707591e-17,0.9999999999999999,-3.2979883774067895,3.653396165842343
2023-10-18,1000,910,0.91,909,0.023004008581178324,0.017395009648376772,0.0,1.0000000000000004,-2.9599232084020852,3.763965634829156
2023-10-19,1000,908,0.908,907,0.06218397228087727,0.06354913218920659,-1.5650721051984587e-17,0.9999999999999996,-2.605341468656083,3.6346500268267894
2023-10-20,1000,908,0.908,907,0.01813239176958896,0.026496725385129673,7.825360525992294e-18,1.0,-2.438451128835761,3.75579996715019
2023-10-23,1000,904,0.904,904,-0.014910257788049828,0.02090528280666038,3.929993007522678e-18,0.9999999999999988,-3.0115924877331977,3.9807375848193787
2023-10-24,1000,906,0.906,906,0.0022189446660116395,0.04417864245672865,3.9213175262698686e-18,0.9999999999999996,-3.1423822552492107,4.390077669108856
2023-10-25,1000,910,0.91,910,-0.006891860842558917,0.015427866737216234,7.808161931429672e-18,1.0000000000000002,-2.958132618530325,3.98927576359018
2023-10-26,1000,909,0.909,909,-0.012298460642508563,0.02544724343903755,-7.816751768537955e-18,1.0000000000000004,-2.9252519017555794,3.3347086297242807
2023-10-27,1000,913,0.913,913,-0.027086491570261727,0.005416156171249915,-1.1673757980724537e-17,1.0000000000000009,-2.81548907054179,3.1198837852430974
2023-10-30,1000,912,0.912,912,0.008369671759700173,0.006396538058800833,9.73879846162418e-19,1.0000000000000004,-3.057437169133875,2.8366394238321666
2023-10-31,1000,913,0.913,913,0.0011316124971045706,-0.008984892780914218,8.755318485543404e-18,1.0000000000000002,-2.965190367472538,2.8773815891591474
2023-11-01,1000,913,0.913,912,-0.013816709401943631,-0.022274418517607416,7.782505320483025e-18,1.0000000000000002,-3.076565912813579,2.9044098485845753
2023-11-02,1000,914,0.914,913,-0.014441353141229794,-0.03003955606798087,0.0,1.0000000000000009,-3.0038049563257183,2.9502235096540077
2023-11-03,1000,912,0.912,910,0.019517151324914606,0.004880681712096397,3.895519384649672e-18,1.000000000000001,-2.845999994465457,2.9176712389643056
2023-11-06,1000,912,0.912,910,0.03602809288889807,0.027500558481569654,0.0,0.9999999999999999,-2.7885072406435065,3.331677782020209
2023-11-07,1000,913,0.913,911,0.01771694439868237,0.00502031445065482,-7.782505320483025e-18,1.0000000000000007,-2.9248767388085923,3.5988305833415573
2023-11-08,1000,913,0.913,911,-0.011302869468027232,-0.018356620149013826,-5.836878990362269e-18,1.0000000000000009,-2.9328767535407274,3.8448325884455765
2023-11-09,1000,912,0.912,911,-0.028595168364066583,-0.04011526035506765,-1.947759692324836e-17,0.9999999999999996,-2.805764652529506,3.758943938874589
2023-11-10,1000,911,0.911,910,-0.0046012695746115145,-0.0039605395308322374,0.0,0.9999999999999994,-2.6375063341315323,3.556859815441497
2023-11-13,1000,912,0.912,911,0.01657449045194523,0.01033649827455086,-3.895519384649672e-18,0.9999999999999996,-2.5724751953352656,3.606953695371438
2023-11-14,1000,913,0.913,913,-0.011441948728432636,0.004703419484919084,1.1673757980724537e-17,0.9999999999999991,-2.527805173206327,3.322215276966371
2023-11-15,1000,915,0.915,914,-0.008922992305528945,0.0004983321173635197,-2.3296483139675416e-17,0.9999999999999994,-2.655422220697184,3.1357148668790793
2023-11-16,1000,914,0.914,914,0.004232475789215155,0.020829133302405663,1.9434976361053068e-17,0.9999999999999993,-2.7309574954350984,3.332178397962705
2023-11-17,1000,914,0.914,913,-0.01067839351646052,-0.007961257906752775,-1.9434976361053068e-17,0.9999999999999994,-2.622479628461769,3.246880425779011
2023-11-20,1000,912,0.912,911,-0.045864233673445054,-0.0453800958114926,-2.5320876000222867e-17,0.9999999999999994,-2.37092568659074,3.6066185140261675
2023-11-21,1000,914,0.914,913,-0.04923362590683207,-0.05154166955807627,1.166098581663184e-17,0.9999999999999997,-2.8025370302108397,3.6100137521302633
2023-11-22,1000,914,0.914,914,-0.049895186197420845,-0.05040597879143564,-1.5547981088842454e-17,1.0000000000000009,-2.9093966731032266,3.6264924927146103
2023-11-23,1000,914,0.914,914,-0.024232027415369773,-0.03611499428328955,5.441793381094859e-17,0.9999999999999984,-2.665651366849227,3.684894475768436
2023-11-24,1000,914,0.914,914,-0.03412341868927288,-0.03758163478094178,-3.8869952722106136e-18,1.0000000000000009,-3.0691232756977427,3.7577908820720296
2023-11-27,1000,913,0.913,913,-0.02798196376126635,-0.02338828882169959,5.4477537243381174e-17,1.0000000000000004,-3.1020100637104497,3.6836677167294463
2023-11-28,1000,914,0.914,914,-0.009065963490596204,0.011523386983054686,-3.8869952722106136e-18,1.0000000000000002,-3.122227477002579,3.5096797878652466
2023-11-29,1000,914,0.914,913,0.013703456798239866,0.024231586119449214,9.717488180526534e-18,1.0000000000000002,-3.2072517169712675,3.598371837104657
2023-11-30,1000,912,0.912,912,-0.02385797241895076,0.013828831562174864,9.73879846162418e-18,1.0000000000000002,-3.0964839069540244,3.6290254015128243
2023-12-01,1000,913,0.913,912,0.028908734819049587,0.04368837303225196,4.8640658253018906e-18,0.9999999999999998,-3.109101378569068,3.3606780873508115
2023-12-04,1000,913,0.913,913,0.05889547419438137,0.07419761380890315,3.8912526602415124e-18,1.0000000000000007,-3.0265486166842903,3.1409889100715684
2023-12-05,1000,913,0.913,912,0.048532398123561866,0.06769484064010717,3.5021273942173615e-17,1.000000000000001,-2.697056620352732,3.491344767052361
2023-12-06,1000,912,0.912,912,0.02723067666025329,0.048327538992495665,2.2399236461735613e-17,1.0000000000000004,-2.9193557229321,3.7827406965593307
2023-12-07,1000,912,0.912,912,-0.0008201915989605462,0.0050016399454873356,7.791038769299344e-18,1.0000000000000007,-2.78195226953034,3.7578533950626833
2023-12-08,1000,909,0.909,909,-0.0006745364002577576,0.002535152793594331,-1.1725127652806934e-17,0.9999999999999999,-2.843424144978974,3.589470801942624
2023-12-11,1000,909,0.909,909,0.0015009522111410298,0.0051786366795924365,-3.908375884268978e-18,1.0000000000000002,-3.0305220825821673,3.2450925802691915
2023-12-12,1000,910,0.91,910,0.03009098608176871,0.04767584961613206,-2.3424485794289017e-17,1.0000000000000002,-3.0437704272627353,3.3925993602071274
2023-12-13,1000,910,0.91,909,0.0019184254532152048,0.026216510929028266,-4.6848971588578034e-17,1.0000000000000002,-3.17523643529616,3.6527766293594643
2023-12-14,1000,910,0.91,910,-0.01693335344736536,0.010422778531910256,-2.3424485794289017e-17,0.9999999999999989,-2.991084520605072,3.75135753371901
2023-12-15,1000,911,0.911,910,-0.011214562191929617,0.011782434480757886,-3.899795476180572e-17,0.9999999999999994,-3.1634594356379746,3.9206018642115996
2023-12-18,1000,906,0.906,906,-0.008196245851665937,0.01241659025538312,7.842635052539737e-18,1.0,-3.485938474636283,3.7992001368693638
2023-12-19,1000,906,0.906,906,-0.010936639468660537,-0.0020234767581262868,-2.352790515761921e-17,1.0000000000000002,-3.548916157007935,3.964114041443949
2023-12-20,1000,903,0.903,903,-0.004369009995692381,-0.002412247310794828,-3.1474761273980073e-17,1.0000000000000002,-3.3150680805301387,3.7158453399715876
2023-12-21,1000,904,0.904,904,0.002060766737617996,0.02843282389928268,-1.5719972030090712e-17,1.0000000000000002,-3.193933835674825,3.8294402832978034
2023-12-22,1000,905,0.905,905,-0.005298960654516618,0.016715613282639978,0.0,1.0000000000000009,-3.2103426377332545,4.1399805770931275
2023-12-25,1000,904,0.904,904,-0.015492110024902951,0.023726173692956584,-7.859986015045356e-18,1.0000000000000002,-3.030026287528723,3.990937672194078
2023-12-26,1000,900,0.9,900,-0.04312775699033018,-0.004284507364760151,-7.894919286223335e-18,0.9999999999999996,-2.8402795958497045,3.5062898108594984
2023-12-27,1000,902,0.902,902,-0.01788122939455607,-0.004945579975276366,-1.575482784390466e-17,1.0000000000000007,-3.3666245397984014,3.7436351133360923
2023-12-28,1000,907,0.907,907,-0.024709929782353836,-0.022712554556510754,1.1750982399560643e-17,1.0000000000000002,-3.0822790415121974,3.53444974559357
2023-12-29,1000,906,0.906,905,-0.025630355909046287,-0.03555277612552821,5.4898445367778163e-17,1.0000000000000007,-2.9041236009075226,3.3813635195201885
2024-01-02,1000,907,0.907,906,-0.01430217085906786,-0.024875477308343195,1.9584970665934403e-17,0.9999999999999988,-2.977141294734016,3.2595742440357554
2024-01-03,1000,907,0.907,906,0.011378526455417095,-0.013680715695763027,6.26719061309901e-17,1.0000000000000007,-3.114301815616983,3.4204254961827023
2024-01-04,1000,905,0.905,903,0.021803374545570714,0.007755700127416803,-1.7665427132157186e-17,1.0000000000000002,-3.234224530565179,3.490273325390014
2024-01-05,1000,904,0.904,902,0.026270254758636105,0.036341010852196,0.0,0.9999999999999996,-3.0830279098217486,3.6480693005008185
2024-01-08,1000,903,0.903,903,0.04867298633810068,0.0770381153097498,-3.1474761273980073e-17,0.999999999999999,-3.2826943077886135,3.754405157420143
2024-01-09,1000,901,0.901,901,0.04329772752849266,0.07849760655550533,2.7601549113877367e-17,0.9999999999999997,-3.27853409203767,4.007427878397657
2024-01-10,1000,901,0.901,901,0.03877306457285722,0.0667314467325516,4.337386289323586e-17,1.0,-3.0709028663555618,4.034731244110041
2024-01-11,1000,905,0.905,904,0.020926042133480274,0.03832007436708216,-3.9256504738127085e-18,1.0,-3.083735391069981,4.159712213621764
2024-01-12,1000,903,0.903,903,-0.01804307177735619,-0.009692907701432111,3.1474761273980073e-17,0.9999999999999993,-2.989962041221177,3.7055148084432985
2024-01-15,1000,903,0.903,903,-0.02090231003566425,-0.014275763204956288,-7.868690318495018e-18,0.9999999999999999,-2.9938137849874793,3.5143111499763435
2024-01-16,1000,901,0.901,901,-0.05500196249721446,-0.039573669393977697,1.182923533451887e-17,1.000000000000001,-2.8368840633787538,3.4399252870859094
2024-01-17,1000,898,0.898,898,-0.05341227821367788,-0.03392214142812632,-3.956251312695435e-18,0.9999999999999998,-2.8533370508032467,3.4681170066284763
2024-01-18,1000,899,0.899,899,-0.04505076447403626,-0.021588221969657193,-2.2723140882205652e-17,1.0000000000000002,-3.3439084295376955,3.681357133280687
2024-01-19,1000,897,0.897,897,-0.05534850386498379,-0.04743766424547747,-2.7724632944931446e-17,0.9999999999999996,-3.34953944058403,3.818892348242242
2024-01-22,1000,892,0.892,892,-0.05888036791944554,-0.05129364006521222,-3.982862868610427e-18,1.0000000000000002,-3.2937510622319013,3.0808403586492177
2024-01-23,1000,893,0.893,893,-0.036814331017946664,-0.035917586970381825,-4.973003469765539e-18,0.9999999999999989,-3.2435679151590495,3.296025124569661
2024-01-24,1000,901,0.901,901,-0.045803746329385386,-0.05288194305091624,0.0,1.000000000000001,-3.3302473494220317,3.3777432256766318
2024-01-25,1000,908,0.908,908,-0.017404864660289232,-0.02288390716428598,2.347608157797688e-17,0.9999999999999989,-3.483996853991079,3.478301886316964
2024-01-26,1000,908,0.908,908,0.016057307704436433,-0.025868407590249064,-3.9126802629961466e-17,0.9999999999999989,-3.4596461178918045,3.6786671305289276
2024-01-29,1000,904,0.904,903,0.022714216658794813,-0.035246501941675216,1.5719972030090712e-17,1.0,-3.596488434641775,3.953969461905563
2024-01-30,1000,899,0.899,899,-0.007287573946236369,-0.057242544155244206,-4.7422207058516144e-17,1.0000000000000002,-3.3167174602712874,4.0726677310513155
2024-01-31,1000,887,0.887,887,-0.0430251769754839,-0.06908344115174089,8.010628362571591e-18,1.0000000000000007,-3.0364984794413465,3.6980033898056153
2024-02-01,1000,887,0.887,886,-0.03179828970327622,-0.044451983516617916,-8.010628362571591e-18,1.0000000000000002,-3.013676534137686,3.6107844384227548
2024-02-02,1000,883,0.883,883,-0.06180440848414151,-0.04903257625929173,-2.4140749799323902e-17,0.9999999999999993,-3.4026105554858814,3.3409524959993067
2024-02-05,1000,874,0.874,874,-0.07463292866749342,0.017295448470101515,-8.129779585355837e-18,0.9999999999999991,-3.8453244686006873,2.8150119929780053
2024-02-06,1000,880,0.88,880,-0.0725219086213922,0.0032328121069692987,-8.074349270001138e-18,0.9999999999999997,-3.918640578427088,2.577466562679421
2024-02-07,1000,878,0.878,878,-0.12707678621712276,-0.08940836265092039,1.922026192972936e-17,1.0,-3.613564725471594,2.8238063878519912
2024-02-08,1000,888,0.888,887,-0.11198669707304505,-0.0927684339646178,-1.0002009230857266e-17,0.9999999999999994,-3.8638994342121835,2.9770821717926776
2024-02-19,1000,890,0.89,889,-0.056159189787962055,-0.028875591155931826,1.1975439366743262e-17,0.9999999999999999,-3.987583320425608,2.9890050064233034
2024-02-20,1000,893,0.893,891,0.015980026649019027,0.028298735300950686,9.150326384368591e-17,1.0000000000000007,-3.794128906474673,3.213864025712536
2024-02-21,1000,893,0.893,891,0.05280337781334104,0.027688095841648348,-3.580562498231188e-17,0.999999999999998,-3.6129457913129666,3.115670555192721
2024-02-22,1000,895,0.895,893,0.09581593918802511,0.06187431155737932,0.0,0.9999999999999997,-3.685982282058804,2.8185964509661954
2024-02-23,1000,895,0.895,893,0.1328534576489488,0.08218391367995091,-9.923781225699722e-19,1.0000000000000007,-3.3511990348948997,3.333728526355877
2024-02-26,1000,896,0.896,895,0.11621159835813029,0.05915165105080609,1.586032892321652e-17,0.9999999999999996,-2.7614533457875323,3.7244112089631933
2024-02-27,1000,897,0.897,897,0.05435068897314681,0.019022942315422262,1.5842647397103683e-17,1.0000000000000007,-2.7109855542435564,3.8121278835671255
2024-02-28,1000,895,0.895,895,0.07152230197565766,0.023778201272026858,1.9847562451399447e-17,1.0000000000000002,-2.5063422527183548,3.9136097812848756
2024-02-29,1000,896,0.896,896,-0.0037975809521332434,-0.05177242785734864,6.344131569286608e-17,0.9999999999999987,-2.6647345002198874,3.782935555711637
2024-03-01,1000,896,0.896,896,-0.049379250521534475,-0.09102079456106692,-3.172065784643304e-17,0.9999999999999997,-2.7467322113590553,4.1281676887993495
2024-03-04,1000,895,0.895,895,-0.047105229759061076,-0.102979136788269,-3.969512490279889e-18,1.0000000000000002,-2.5155759952614387,4.098308819548845
2024-03-05,1000,896,0.896,896,-0.05342145126716339,-0.10192195596397864,1.1895246692412391e-17,1.0000000000000004,-2.3871404343759486,3.930813837831469
2024-03-06,1000,895,0.895,895,-0.06613269891086135,-0.10646039709870506,4.366463739307878e-17,1.0,-2.3686311452023685,3.728111121214849
2024-03-07,1000,894,0.894,894,-0.05715156647870688,-0.08870031873895319,-3.973952660850672e-18,0.999999999999999,-2.4165783554101825,4.036640806096174
2024-03-08,1000,893,0.893,893,-0.07780100625523254,-0.11422124351361922,6.36544444129989e-17,1.0,-2.2768842797269655,3.9391387704269367
2024-03-11,1000,896,0.896,896,-0.0848665997009981,-0.09649919232925899,3.766828119263924e-17,1.0000000000000004,-2.3346880866777853,3.8544384151780693
2024-03-12,1000,899,0.899,899,-0.03876436119940218,-0.046654057726725526,-5.730183352904034e-17,1.000000000000001,-2.5214420454604825,3.5047157853859865
2024-03-13,1000,898,0.898,898,-0.057067040637014184,-0.05171326353916386,-7.91250262539087e-18,1.0,-2.355552579787705,3.607760872431259
2024-03-14,1000,897,0.897,896,-0.06808882095344551,-0.043450193687536914,-3.960661849275921e-17,0.9999999999999994,-2.311398998794312,3.492447558953644
2024-03-15,1000,901,0.901,901,-0.057881587537861975,-0.01594038191818531,2.365847066903774e-17,1.0000000000000004,-2.3156238189286507,3.4542066235963342
2024-03-18,1000,902,0.902,902,-0.03190349366241529,-0.003543235791067828,-4.726448353171398e-17,0.9999999999999999,-2.634034443303726,3.4013768521863668
2024-03-19,1000,900,0.9,899,-0.033111918529999,-0.010208695219456868,-2.1711028037114173e-17,0.999999999999999,-2.363704681784206,3.5482751106672548
2024-03-20,1000,900,0.9,900,-0.03131233764202906,-0.0054969533562834036,-1.578983857244667e-17,1.0000000000000002,-2.438649409347455,3.6117686451239845
2024-03-21,1000,902,0.902,902,-0.04293523901332196,-0.022020535517514508,1.9693534804880826e-18,1.0,-2.865462209324018,3.5929908510276842
2024-03-22,1000,899,0.899,899,-0.05596663528745305,-0.035111481504454034,-1.2843514411681454e-17,0.9999999999999998,-3.197999509737914,3.317587676959704
2024-03-25,1000,898,0.898,897,-0.02566645129759958,-0.014219991023360846,2.3737507876172613e-17,0.9999999999999992,-3.33114222088975,3.5607980132829034
2024-03-26,1000,899,0.899,898,-0.025897957024271726,-0.005939358860267103,2.7662954117467748e-17,1.0000000000000002,-3.2773639218664647,3.623635837059875
2024-03-27,1000,891,0.891,891,-0.04288421272278889,0.0021600428554538298,4.784799567408082e-17,1.0000000000000004,-3.29768735014445,3.640082040399876
2024-03-28,1000,896,0.896,889,-0.05490109233084681,0.00011860042041833648,2.577303450022685e-17,0.9999999999999999,-2.7868833278962626,3.9382263759761664
2024-03-29,1000,896,0.896,895,-0.050589682310505,0.008594641389144585,2.9738116731030977e-18,1.0000000000000002,-2.7818318364472607,3.377090224324896
2024-04-01,1000,900,0.9,899,-0.019894541123889574,0.04717354232125017,-1.1842378929335004e-17,0.9999999999999999,-2.5702746244846075,3.332025914732918
2024-04-02,1000,902,0.902,901,0.008884319068405557,0.05833359238008136,2.4616918506101034e-18,1.0000000000000002,-2.7146901614836407,3.187064989804226
2024-04-03,1000,904,0.904,903,0.02708712106610871,0.04938006460139176,1.3754975526329373e-17,1.0,-3.2203591087418117,3.327483176401412
2024-04-08,1000,897,0.897,896,0.016709956359295945,0.035051264657449975,2.3763971095655524e-17,0.9999999999999994,-3.482447876542708,3.2658569557866244
2024-04-09,1000,901,0.901,899,0.030089945546905732,0.05769983077253265,2.7601549113877367e-17,0.9999999999999999,-3.541964962596335,3.537031340957739
2024-04-10,1000,900,0.9,899,0.012573456930818313,0.0282223199111309,-3.947459643111668e-18,1.0000000000000002,-3.4420057350407824,3.982050194689203
2024-04-11,1000,902,0.902,901,0.016410037603640296,0.03309081870927273,1.575482784390466e-17,0.9999999999999999,-3.3610539336285052,4.0242970297650364
2024-04-12,1000,898,0.898,897,0.07900411693402076,0.08719882283064792,4.7475015752345225e-17,1.0000000000000007,-2.9155531006577835,4.27266203260623
2024-04-15,1000,896,0.896,896,0.10726348919870472,0.07998082895197625,0.0,0.9999999999999997,-2.7520931872848706,4.132306010208417
2024-04-16,1000,886,0.886,884,0.07478719362049187,0.06098639408012042,2.4059009111515807e-17,0.9999999999999994,-2.729790042586015,3.469950290720548
2024-04-17,1000,896,0.896,895,0.07191788022787941,0.04839570534901859,0.0,0.9999999999999986,-2.9049284322819524,3.2089803534645895
2024-04-18,1000,896,0.896,896,0.05336922121234419,0.048990770932396975,5.9476233462061954e-18,1.0,-3.1087252629508595,3.0920673722563317
2024-04-19,1000,892,0.892,892,-0.03546831840449973,-0.04449211975815244,5.1777217291935553e-17,1.0000000000000002,-3.256073480191914,3.067262618726111
2024-04-22,1000,889,0.889,889,-0.014084483102481423,-0.02735025896348807,-3.59667301565855e-17,1.0000000000000004,-3.609604692144146,3.318189239605307
2024-04-23,1000,890,0.89,890,-0.0003925697997323309,0.008328649468761695,5.688333699203049e-17,1.0,-3.792367887693363,3.5379831197204132
2024-04-24,1000,891,0.891,890,0.019476231208340355,0.04379857047058887,1.9438248242595334e-17,0.9999999999999988,-3.6048509391223895,3.4288485645268785
2024-04-25,1000,891,0.891,890,0.0375954063083057,0.07364167462018453,-2.791133080988048e-17,0.9999999999999999,-2.7195467771993824,3.4480596104936443
2024-04-26,1000,901,0.901,901,0.031144766047525297,0.03882549074620814,6.70323335622736e-17,0.9999999999999996,-2.9949972220650443,3.1891057843726833
2024-04-29,1000,904,0.904,899,0.03136206276491172,0.01996894222915634,3.929993007522678e-18,1.0000000000000009,-3.0108614275412573,2.9974316306210063
2024-04-30,1000,897,0.897,897,-0.009126037303089132,-0.0033520884457738038,-3.960661849275921e-18,1.0000000000000002,-3.2539562716230197,2.752635398190142
2024-05-06,1000,904,0.904,904,0.01112685476083038,0.013322743512347315,0.0,1.0000000000000002,-3.1896704360670185,2.984692609706418
2024-05-07,1000,903,0.903,903,0.013236584745233154,0.031801522737692975,-3.4425520143415706e-17,1.000000000000001,-3.0631258922242055,3.0113073001169117
2024-05-08,1000,902,0.902,902,-0.0010192960626163375,0.02762742551506745,-1.1816120882928495e-17,0.9999999999999997,-3.0819926947603427,3.1842645384538684
2024-05-09,1000,902,0.902,902,-0.02479530431050225,0.014013228200743983,-1.9693534804880827e-17,1.0,-2.7132120543260743,3.482018607507949
2024-05-10,1000,903,0.903,902,-0.04978600539090282,0.005244962356406769,7.868690318495018e-18,1.0000000000000007,-2.688644907111942,3.6227785645771253
2024-05-13,1000,900,0.9,900,-0.08703306003342827,-0.04015790999048895,3.947459643111668e-18,1.0000000000000004,-2.6635634574917195,3.6302298095602197
2024-05-14,1000,901,0.901,901,-0.07527316168622863,-0.053067490026038236,-7.886156889679247e-18,1.0,-2.343554566500531,3.625859955576854
2024-05-15,1000,901,0.901,901,-0.06759868425206383,-0.041092905891265206,1.971539222419812e-18,0.9999999999999994,-2.4338890083156155,3.796148812377556
2024-05-16,1000,901,0.901,901,-0.06764821358104989,-0.041727258953167985,-1.182923533451887e-17,0.999999999999999,-2.3610677223369234,3.936384981514554
2024-05-17,1000,906,0.906,904,-0.06601878305488655,-0.06911158306351009,0.0,1.0000000000000002,-2.96814520649944,3.717668218636205
2024-05-20,1000,901,0.901,901,-0.09979342121986232,-0.07979827849813158,2.365847066903774e-17,1.0000000000000004,-3.035692862134284,3.520733953351124
2024-05-21,1000,901,0.901,901,-0.13082534978619137,-0.12195752818768964,-1.3800774556938684e-17,1.0000000000000007,-3.3623606499914103,3.5654670818250884
2024-05-22,1000,902,0.902,902,-0.13492065401975128,-0.1227557800095085,0.0,0.9999999999999996,-3.5116206634680514,3.2986996951101517
2024-05-23,1000,896,0.896,896,-0.13539467770593847,-0.1169485797503574,1.586032892321652e-17,1.0000000000000004,-2.853789799225342,3.153225876935263
2024-05-24,1000,896,0.896,896,-0.09517179511581429,-0.07379145494531505,1.982541115402065e-18,0.9999999999999994,-2.56640697846745,3.1968323228325617
2024-05-27,1000,897,0.897,897,-0.07822483302644187,-0.04730605431199613,7.921323698551841e-18,1.0000000000000002,-2.5174601767455926,3.3961215436640297
2024-05-28,1000,895,0.895,895,-0.0797217929135942,-0.06192565720595091,1.1908537470839668e-17,0.9999999999999996,-2.542930946334754,3.5701166139757072
2024-05-29,1000,894,0.894,894,-0.06174542893272789,-0.04150840920748259,-3.973952660850672e-18,1.0000000000000002,-2.868482091592914,3.735626878487188
2024-05-30,1000,892,0.892,892,-0.06621153349824033,-0.04721527373666561,-7.965725737220854e-18,0.9999999999999987,-3.145887238625528,3.745433289297811
2024-05-31,1000,889,0.889,889,-0.050472261402747805,-0.04675363842955587,-1.1988910052195166e-17,0.9999999999999996,-3.39118599711307,3.7219167050360746
2024-06-03,1000,887,0.887,887,-0.022710398365516103,-0.04209079580757325,2.2029227997071876e-17,1.0000000000000004,-3.3272313921514454,3.518491190120205
2024-06-04,1000,883,0.883,883,0.01920165646238585,0.01473210605552532,-1.408210404960561e-17,0.9999999999999999,-3.2590555902916916,3.642531814877709
2024-06-05,1000,881,0.881,881,0.007927199670214576,0.0010729149822759447,1.8146664647675657e-17,0.9999999999999998,-3.069540556446919,3.8639032383254204
2024-06-06,1000,880,0.88,879,0.005025815901448956,0.020100853808624,-4.037174635000569e-18,0.9999999999999998,-3.090613472538409,3.651876151127985
2024-06-07,1000,882,0.882,881,-0.007959147420982773,0.0008502260708364048,-6.042030065987246e-18,1.0,-3.3844044943702674,3.4156344432689747
2024-06-11,1000,878,0.878,878,-0.011533669062853243,-0.002581931092924933,-7.081149132005555e-18,1.0000000000000002,-3.0629217052123185,3.223382312306885
2024-06-12,1000,879,0.879,879,-0.00020927292581083995,-0.00345923591725774,2.4250605316044375e-17,1.0000000000000002,-2.99414524492729,3.648914574828445
2024-06-13,1000,875,0.875,875,0.005095168010427221,-0.00669040487246075,-3.248195363474744e-17,1.0000000000000002,-2.9821721095598916,3.667110927366798
2024-06-14,1000,877,0.877,877,-0.027948571893851887,-0.028410660118961737,-2.2280416457699835e-17,0.9999999999999999,-3.123156856836664,3.6371984390500347
2024-06-17,1000,875,0.875,875,-0.04391328990483712,-0.04370305551780857,-2.6391587328232292e-17,0.9999999999999999,-2.857485225248313,3.6825464065158235
2024-06-18,1000,876,0.876,876,-0.03173359218585003,-0.03566892129443651,-2.4333655334250005e-17,1.0000000000000007,-2.914769617438463,3.5994941394432103
2024-06-19,1000,874,0.874,874,-0.002852994531109051,0.00037985596164259126,1.8292004067050634e-17,0.9999999999999993,-2.8763957528150366,3.7801000149327915
2024-06-20,1000,874,0.874,874,0.04143901564572838,0.03314468240915194,2.845422854874543e-17,0.9999999999999996,-2.73578182670449,3.960303963493326
2024-06-21,1000,875,0.875,875,0.04959832015647329,0.03545340728613279,1.4210854715202004e-17,1.0,-2.8400393618223982,4.081262410481075
2024-06-24,1000,869,0.869,869,0.07647388924789526,0.03040942554954411,8.176556222785963e-18,1.0000000000000007,-3.029031399047287,3.8402645869859757
2024-06-25,1000,869,0.869,869,0.04463616578179527,0.0046821900913935205,2.0441390556964908e-18,0.9999999999999996,-2.8856780251581102,3.4190148385634087
2024-06-26,1000,872,0.872,872,0.00841959681003969,-0.010177280139051125,-2.851949054082971e-17,0.9999999999999999,-3.049893257533989,3.817472522251633
2024-06-27,1000,871,0.871,871,-0.030554959449043045,-0.02760008175485531,6.118335841791907e-18,0.9999999999999992,-2.8629136988278567,3.952360477043828
2024-06-28,1000,869,0.869,869,-0.050740633830364444,-0.03409282867080915,4.0882781113929815e-18,0.9999999999999997,-2.900762420871748,3.769501308651968
2024-07-01,1000,870,0.87,870,-0.09313966183152411,-0.08234740636918583,-1.6334315764600004e-17,0.9999999999999989,-2.817592347232516,3.570563040358688
2024-07-02,1000,870,0.87,869,-0.11543037908635861,-0.08699177586391381,1.6334315764600004e-17,0.9999999999999999,-2.718712180948824,3.3620233432975195
2024-07-03,1000,869,0.869,867,-0.0720290806713228,-0.060288872740898114,1.6353112445571926e-17,0.9999999999999999,-2.563947023763273,3.169997168714876
2024-07-04,1000,864,0.864,862,-0.0679328206197953,-0.06630389962030019,1.644774851296528e-17,0.9999999999999993,-2.6563604053213963,3.1055742906964454
2024-07-05,1000,862,0.862,860,-0.04839872107705999,-0.030814263150540613,0.0,1.0,-2.914123863351265,3.3664366751216033
2024-07-08,1000,854,0.854,853,-0.04054495067798018,-0.03728110588319597,8.320172549884077e-18,1.0000000000000004,-2.9317752816292595,3.5619570885048475
2024-07-09,1000,852,0.852,851,-0.021537692348633373,-0.013479917301241559,-8.339703471362678e-18,1.0000000000000002,-3.032545722168091,3.570529809029503
2024-07-10,1000,848,0.848,847,-0.05894745777615097,-0.01745819094008156,8.3790416952842e-18,1.0000000000000002,-3.1588951816313333,3.4116106900391214
2024-07-11,1000,856,0.856,855,-0.08799253734807641,-0.03662214617283482,8.300732894393693e-18,0.9999999999999993,-2.805936168433898,3.4961577014749774
2024-07-12,1000,858,0.858,857,-0.10324331162127647,-0.06525697121389092,8.281383866667834e-18,0.9999999999999997,-2.7335513352833343,3.408198836855541
2024-07-15,1000,855,0.855,854,-0.11948105108812564,-0.10000296322459103,0.0,0.9999999999999999,-2.937476546419164,3.570142132427242
2024-07-16,1000,853,0.853,852,-0.15344359096798663,-0.14342384497333543,-6.247444921689041e-18,1.0000000000000004,-2.963007194084758,3.15245487087497
2024-07-17,1000,854,0.854,854,-0.12843240944726106,-0.14688846914769,-1.2480258824826116e-17,1.0000000000000002,-3.04867889635618,3.0137212627051646
2024-07-18,1000,853,0.853,853,-0.11443756616512599,-0.13964056608828845,-7.080437577914246e-17,1.0000000000000009,-2.8461286937471977,3.554091942922189
2024-07-19,1000,851,0.851,851,-0.07454954253534037,-0.09643915291104288,-8.453872149907185e-17,1.0,-2.889851986195253,3.700230009690061
2024-07-22,1000,847,0.847,847,-0.0392212758283858,-0.06379219291987612,-1.6777868612989378e-17,1.0,-2.7725037684932734,3.69641364661922
2024-07-23,1000,844,0.844,844,-0.011397663954578283,-0.01534357472158988,-5.893126955356282e-17,1.0000000000000002,-2.9044682449577874,3.4943698161446264
2024-07-24,1000,838,0.838,837,-0.018192937008204475,-0.028232293991303517,-2.9676605908834733e-17,0.9999999999999987,-3.3893606386642863,3.4070304964984444
2024-07-25,1000,841,0.841,840,-0.057203664250179816,-0.020968960832073356,6.759027212937932e-17,1.0000000000000002,-3.408856367756406,3.766786851057948
2024-07-26,1000,845,0.845,844,-0.04321473006579188,-0.008091535529358602,-4.204394886154439e-18,1.0000000000000004,-3.213698180836178,4.307509119159559
2024-07-29,1000,843,0.843,842,-0.0731404451387892,-0.02270283495411184,0.0,1.0000000000000007,-2.7696911201568826,4.084882978174566
2024-07-30,1000,841,0.841,839,-0.054151976650109034,-0.0006927055190066289,-4.224392008086208e-18,1.0000000000000002,-2.776997737070489,3.776675073599746
2024-07-31,1000,847,0.847,844,-0.042617262348290524,-0.02337206878785679,-8.388934306494689e-18,0.9999999999999998,-2.826594920456805,3.8667239512093903
2024-08-01,1000,844,0.844,843,-0.06567255483378803,-0.037314288145171105,-4.209376396683058e-18,1.0000000000000009,-2.86634341007346,3.1592612977762786
2024-08-02,1000,847,0.847,846,-0.08036184030416113,-0.057996593149009436,-8.388934306494689e-18,0.9999999999999997,-2.910717899992215,3.128425203501152
2024-08-05,1000,849,0.849,846,-0.11385685788587988,-0.07688280838360184,1.6738344776445233e-17,0.9999999999999999,-3.1303043524027743,3.566625526629121
2024-08-06,1000,846,0.846,843,-0.12094519930226108,-0.09355429291497164,-4.199425152246455e-17,1.0000000000000004,-2.7918561375038773,3.7900042822922027
2024-08-07,1000,848,0.848,846,-0.0922812278171948,-0.08101681665075802,-1.67580833905684e-17,1.0,-2.4007785271592836,4.041432597797683
2024-08-08,1000,846,0.846,842,-0.043650092098106226,-0.024088618427719144,-2.9395976065725184e-17,1.0000000000000004,-2.6047666898781547,3.682113814752109
2024-08-09,1000,845,0.845,841,-0.019417216561745103,0.0007397031238652897,-2.9430764203081074e-17,0.9999999999999997,-2.8050513571257985,3.9216422774943016
2024-08-12,1000,847,0.847,843,0.002243296731985102,0.0022672105747287468,-3.1458503649355085e-18,1.0000000000000002,-3.2125362810292573,3.462629148233714
2024-08-13,1000,847,0.847,843,0.012778031186603546,0.018251138905925397,-6.501424087533384e-17,1.0000000000000007,-3.0447209662260417,3.6904607134437537
2024-08-14,1000,850,0.85,846,-0.031840061074292776,-0.010594435681281269,2.0898315757650005e-17,0.9999999999999998,-2.9440428243686108,4.355914229029157
2024-08-15,1000,850,0.85,846,-0.03157004427224179,-0.0019423120344646873,-3.3437305212240006e-17,1.0000000000000002,-3.360790220885227,4.466505526040914
2024-08-16,1000,852,0.852,848,-0.03794354975571692,-0.017964559490950313,-8.339703471362678e-18,0.9999999999999997,-3.3431185793596567,4.427856922334563
2024-08-19,1000,853,0.853,851,-0.03835536025731448,-0.028601460842925207,2.4989779686756163e-17,0.9999999999999993,-2.3381788445227976,3.8938761747762074
2024-08-20,1000,849,0.849,847,-0.0060756185069074,-0.02090125680611942,3.3476689552890466e-17,1.0000000000000016,-2.675537497253292,3.6621686364694517
2024-08-21,1000,848,0.848,845,-0.030179964551114546,-0.036968919601137226,1.67580833905684e-17,0.9999999999999997,-3.1602071650336816,3.4873686850321755
2024-08-22,1000,845,0.845,843,-0.05713642642557292,-0.07886135375732448,0.0,0.9999999999999997,-3.0231378229165475,3.56446874164985
2024-08-23,1000,844,0.844,842,-0.08033922116143395,-0.0975006618679814,8.418752793366117e-18,0.9999999999999996,-3.4198731883614775,3.239232939483922
2024-08-26,1000,849,0.849,847,-0.04504890533052766,-0.10042626110108989,1.6738344776445233e-17,0.9999999999999996,-3.5935930903567748,3.4267580149077723
2024-08-27,1000,849,0.849,847,-0.047288456412017475,-0.053697621026889346,4.184586194111308e-18,0.9999999999999987,-3.606019184752677,3.2942053143666477
2024-08-28,1000,847,0.847,845,-0.051344401019818804,-0.048284807773204055,1.6777868612989378e-17,0.999999999999999,-3.4622976984379776,3.3038927480279074
2024-08-29,1000,845,0.845,843,-0.06617186555033171,-0.06929966133310031,-2.1021974430772194e-17,0.9999999999999997,-3.3370496569063883,3.3106075353559192
2024-08-30,1000,850,0.85,848,-0.014221352817442722,-0.05528028986781365,-4.179663151530001e-18,0.9999999999999999,-3.029912767017409,3.2135423870166253
2024-09-02,1000,847,0.847,845,-0.003675684982929151,-0.03989535272838875,-8.493795985325874e-17,1.0000000000000007,-3.1520910331706324,3.1122533888276767
2024-09-03,1000,843,0.843,843,-0.022029361636656915,-0.05600160839623859,1.6857478902967977e-17,1.0000000000000004,-3.206487234897298,2.8383966142054247
2024-09-04,1000,840,0.84,840,-0.017667730112579515,-0.07048792216910699,4.8638342031197334e-17,1.0,-3.2465174930221123,2.9406714688562055
2024-09-05,1000,842,0.842,840,-0.013716838257708069,-0.0628237450066425,-2.531624949264015e-17,1.0000000000000013,-3.2243819467859196,3.258877187373591
2024-09-06,1000,840,0.84,840,-0.022077287650896664,-0.06057234481712065,-2.5376526277146434e-17,1.0000000000000013,-3.1654686138752,3.601938380739809
2024-09-09,1000,838,0.838,838,-0.004467277577223451,-0.01903615590052598,-8.479030259667067e-18,1.0000000000000009,-3.251763072736743,3.720081015631477
2024-09-10,1000,833,0.833,832,0.001994549834314868,-0.011844532437848776,-2.345729319736225e-17,0.9999999999999999,-3.251802409131176,3.997366407812026
2024-09-11,1000,831,0.831,829,0.027252185728065228,-0.006298872556881285,1.0688067625753613e-18,0.999999999999999,-3.144841119128908,3.71357040996658
2024-09-12,1000,832,0.832,830,0.033268067970012624,-0.02112364848448669,-7.472654973438553e-18,0.9999999999999993,-3.042436381396048,3.462885293094791
2024-09-13,1000,833,0.833,831,0.008500988374054155,-0.036136789082897774,-1.7059849598081636e-17,1.0,-2.7846371382872213,3.6970509812670738
2024-09-18,1000,834,0.834,832,-0.004845252768605929,-0.05443862869244456,0.0,0.9999999999999999,-2.922264084330736,3.593288280405868
2024-09-19,1000,835,0.835,833,0.06327488217205382,-0.008316736394596246,4.254746920719163e-18,1.0,-2.8899971235844197,3.4634533431650083
2024-09-20,1000,835,0.835,833,0.07341432164900179,-0.004829034596984558,1.701898768287665e-17,1.0,-3.0204720515116574,3.572303429597339
2024-09-23,1000,835,0.835,833,0.05702130023833218,-0.003159066647817123,1.0636867301797908e-17,0.9999999999999991,-3.3348176318447718,3.6532362918324313
2024-09-24,1000,846,0.846,843,0.02891684236442913,0.01484044783406966,2.0997125761232274e-17,0.9999999999999997,-3.779916748266261,4.0629056776184695
2024-09-25,1000,856,0.856,854,0.03026590506368905,0.012462478686590589,-1.4526282565188963e-17,1.0000000000000002,-3.661748803494974,3.986711016753228
2024-09-26,1000,865,0.865,864,0.020632316664965726,0.005543657513436614,-2.0535917218500004e-17,0.9999999999999994,-3.349240053506176,3.5703544487357686
2024-09-27,1000,880,0.88,879,0.00022342623863349048,-0.025267740895356272,0.0,1.0000000000000004,-3.7322296838873306,2.807776846649246
2024-09-30,1000,900,0.9,899,-0.04583083993470977,-0.040295974333768005,7.894919286223335e-18,1.0000000000000004,-4.520826486198931,2.7717693236744863
2024-10-08,1000,913,0.913,912,-0.08484021565385777,-0.048086399594241803,3.11300212819321e-17,0.9999999999999989,-4.255283264041554,2.4929905057489634
2024-10-09,1000,902,0.902,900,-0.08044905567300338,-0.03306925111104151,7.87741392195233e-18,1.0,-4.30548837369215,2.325155255175958
2024-10-10,1000,901,0.901,900,-0.10128121062674178,-0.0029482587959913484,2.365847066903774e-17,1.0000000000000002,-4.038073466067529,1.9581951952334824
2024-10-11,1000,898,0.898,897,-0.0864233567014991,0.01686808239086375,-3.956251312695435e-18,1.0000000000000004,-3.876845709591119,2.0211829426398613
2024-10-14,1000,901,0.901,900,-0.030320112167883377,0.06678158889406689,-2.365847066903774e-17,0.999999999999999,-3.8480358358969187,2.4609092061463853
2024-10-15,1000,902,0.902,901,0.018404662175805532,0.04149092796412841,-1.575482784390466e-17,1.0,-3.905400243037301,3.8577718005379125
2024-10-16,1000,902,0.902,901,-0.0645341927868859,-0.05204014334258471,-3.150965568780932e-17,0.9999999999999993,-4.155196849592934,3.5571964605742434
2024-10-17,1000,899,0.899,897,-0.04351280732865854,-0.04438255898691828,-7.903701176419357e-18,1.000000000000001,-3.720984617615103,3.629633414859453
2024-10-18,1000,902,0.902,900,-0.07440242400482228,-0.08867024298116917,3.938706960976165e-18,1.0000000000000002,-3.2744929848137665,3.940111112361059
2024-10-21,1000,902,0.902,901,-0.10889591791242889,-0.12791135170917461,-1.575482784390466e-17,1.0000000000000004,-3.13898023188581,4.1087623764869825
2024-10-22,1000,904,0.904,904,-0.06876939921733037,-0.09261435714764059,-2.161496154137473e-17,1.0,-3.2468122192968125,4.012293772606791
2024-10-23,1000,904,0.904,904,-0.030440771834488314,-0.046891764631019475,-2.947494755642009e-17,0.9999999999999997,-3.4349953823597237,4.184888873418912
2024-10-24,1000,906,0.906,906,0.01621846184054662,0.01646638609493091,2.9409881447024014e-18,1.0000000000000004,-3.468910016281447,3.4763658107130215
2024-10-25,1000,909,0.909,908,-0.02431355688390798,-0.054327076431839434,7.816751768537955e-18,0.9999999999999999,-2.8929191476603817,3.7479769703159223
2024-10-28,1000,914,0.914,913,-0.046751576966416464,-0.07888138238767183,-6.024842671926451e-17,1.0000000000000004,-2.6538542823642928,3.6659380454921475
2024-10-29,1000,911,0.911,909,-0.039470494865836175,-0.08639128284494475,-8.969529595215316e-17,1.000000000000001,-2.7021545035378502,3.577172553330669
2024-10-30,1000,911,0.911,909,-0.08039157646696238,-0.15106299565299575,3.899795476180572e-17,1.0,-2.7309737863541934,3.5260396605403357
2024-10-31,1000,914,0.914,913,-0.11144867854675436,-0.20977510539817523,3.8869952722106136e-17,1.0000000000000002,-2.7707102668450583,3.3416036205670956
2024-11-01,1000,911,0.911,909,-0.09255469047205504,-0.2125672206899239,-7.799590952361144e-18,1.0000000000000002,-2.5026070619972094,3.3264043204631584
2024-11-04,1000,913,0.913,911,-0.04937005803672565,-0.14397213061351286,3.5021273942173615e-17,1.000000000000001,-2.4085970583352045,3.460423574542982
2024-11-05,1000,921,0.921,918,-0.05403984799439209,-0.11788294356341542,-7.714904839957657e-18,0.9999999999999994,-2.517568368838022,3.660505890736777
2024-11-06,1000,918,0.918,915,-0.010432418531466526,-0.06255002114463042,1.548023389455556e-17,1.0000000000000009,-2.8300408983781993,3.3150346831800785
2024-11-07,1000,926,0.926,924,0.028582269659527027,-0.020443804776186982,-9.591559607992714e-19,0.999999999999999,-3.1441523366476503,3.1825734944755157
2024-11-08,1000,923,0.923,922,0.030695186015190012,-0.011648441858256328,1.9245469549298487e-18,0.999999999999999,-3.3306878037491057,2.989931786904816
2024-11-11,1000,924,0.924,923,0.0756128436060539,0.011257917122080775,-7.689856447620132e-18,1.0,-3.287570973202015,3.1462847317013933
2024-11-12,1000,921,0.921,920,0.08873501068253993,0.0422587587644439,1.5429809679915314e-17,0.9999999999999999,-2.7314736786029425,3.2728370417813983
2024-11-13,1000,920,0.92,919,0.08182310505431457,0.06002445407280228,7.723290606088046e-18,0.9999999999999993,-2.6324012067728435,3.406498113738685
2024-11-14,1000,917,0.917,916,0.10614599427134061,0.08666661657391618,-3.874278820938387e-18,1.0,-2.6425818404353865,3.3304361541215295
2024-11-15,1000,916,0.916,916,0.0368112158451691,0.02708778933523267,-2.3271050297819874e-17,0.9999999999999999,-2.5262919342320616,3.4726082630328112
2024-11-18,1000,916,0.916,915,0.051741300428037894,0.04256532269961697,-5.8177625744549685e-18,1.0000000000000002,-2.4752259841368844,3.4656408820804234
2024-11-19,1000,917,0.917,916,0.023436699853340837,0.03729285296049386,-1.9371394104691935e-17,0.9999999999999998,-2.2571475595488457,3.580946006701099
2024-11-20,1000,917,0.917,916,-0.057564817585990205,-0.04629671304915414,1.9371394104691935e-17,0.9999999999999991,-2.393116316504846,3.6553186692317166
2024-11-21,1000,917,0.917,916,-0.07812139943782591,-0.09893882318246618,0.0,1.0000000000000007,-2.371829437782751,3.6945849104540454
2024-11-22,1000,915,0.915,912,-0.12439474070411906,-0.13438052615545423,2.3296483139675416e-17,0.9999999999999989,-2.4794585063448253,3.4726196955472357
2024-11-25,1000,914,0.914,912,-0.17761494863330252,-0.15500596439429018,-7.773990544421227e-18,1.0000000000000004,-2.516998159834926,3.608032653933474
2024-11-26,1000,914,0.914,912,-0.09803367818379691,-0.11563337564697977,-1.9434976361053068e-17,0.999999999999999,-2.524830736955237,3.682487159392299
2024-11-27,1000,917,0.917,914,-0.12643406537330196,-0.10520142732061653,-2.7119951746568708e-17,0.9999999999999997,-2.3445324743822797,3.7319652778330874
2024-11-28,1000,917,0.917,915,-0.11373742304476836,-0.1003242609243024,2.7119951746568708e-17,0.9999999999999998,-2.608067044060851,3.572301435612443
2024-11-29,1000,917,0.917,912,-0.08754919499466492,-0.07195623932265907,7.748557641876774e-18,1.0,-2.9546532798087966,3.7276944282640083
2024-12-02,1000,920,0.92,917,-0.05841628855396244,-0.04534104023025265,1.9308226515220113e-17,1.0,-3.026043866178066,3.7355906008151805
2024-12-03,1000,920,0.92,915,-0.041689138189387485,0.004640198337903664,1.7377403863698104e-17,0.9999999999999996,-2.9731015098874263,3.826639940147707
2024-12-04,1000,922,0.922,918,-0.026568275209916167,-0.0017539470439654307,1.7339708844470992e-17,1.0000000000000004,-2.338223636179173,3.5795700225451497
2024-12-05,1000,924,0.924,920,-0.07708269103149461,-0.029964329765770546,-5.671269130119848e-17,0.9999999999999998,-2.429501575319116,3.3036735541378723
2024-12-06,1000,925,0.925,922,-0.05556953488133119,-0.01786970367628177,-3.8407715446491904e-17,0.999999999999999,-2.5270470772129565,3.4220224361222886
2024-12-09,1000,925,0.925,922,-0.05278382095615909,-0.02414324420891081,-3.6967426117248454e-17,0.9999999999999999,-2.942019844446812,3.4873313589574804
2024-12-10,1000,924,0.924,921,0.0046080200341732346,0.0197703253536951,-9.612320559525164e-18,1.0000000000000002,-2.751605349921333,3.8138163741717057
2024-12-11,1000,926,0.926,923,-0.0020184652275485426,-0.004477161058355812,1.9183119215985427e-18,1.0,-2.9238726692114643,3.6054985315070565
2024-12-12,1000,928,0.928,925,0.010493723652509149,0.009301206096721469,-1.1485065771984378e-17,1.0000000000000002,-2.801477797327905,3.530455113588221
2024-12-13,1000,923,0.923,922,-0.005839882233255189,-0.01377599318744583,5.7736408647895465e-18,0.9999999999999992,-2.530390535978523,3.490450427118556
2024-12-16,1000,924,0.924,922,-0.018187506616479093,-0.04652682516777082,1.5379712895240264e-17,0.9999999999999998,-2.557562086070017,3.0110594451598414
2024-12-17,1000,919,0.919,918,-0.0007420987526029307,-0.048709195828646606,0.0,1.0,-2.700706069595094,2.952721078406467
2024-12-18,1000,921,0.921,920,-0.007255669000563487,-0.03816762198558998,-7.714904839957657e-18,0.9999999999999999,-2.6994722452507043,3.142904271459236
2024-12-19,1000,921,0.921,920,0.03252426522828735,0.030357830704525055,1.5429809679915314e-17,0.9999999999999994,-3.0115382761976357,3.3069976368752467
2024-12-20,1000,920,0.92,918,0.028150458877203997,0.042203014654056556,-3.089316242435218e-17,1.0000000000000007,-2.8616580937906235,3.4324664663062228
2024-12-23,1000,914,0.914,913,0.020201831928122246,0.04351817330356653,1.3604483452737147e-17,1.0000000000000004,-3.0617623635902604,3.5856981287570386
2024-12-24,1000,916,0.916,916,0.047603193207517124,0.0559564020429815,-1.1635525148909937e-17,0.9999999999999997,-3.0719609265347794,3.668528686176629
2024-12-25,1000,914,0.914,914,-0.010843269127973326,0.014079185003768218,-2.91524645415796e-17,0.9999999999999998,-3.1626975584396897,3.5914339813780685
2024-12-26,1000,913,0.913,913,-0.07474695941740718,-0.024936767126050703,1.4592197475905672e-17,1.0,-3.008592175574589,3.8663227380434826
2024-12-27,1000,915,0.915,913,-0.06640201046789149,-0.009675150160454159,4.271021908940493e-17,1.0000000000000002,-2.5874007425070578,3.824501494419663
2024-12-30,1000,912,0.912,910,-0.08999539543279333,-0.06844671370295516,9.73879846162418e-18,1.0000000000000007,-2.4251152901384594,3.7170802471807725
2024-12-31,1000,911,0.911,907,-0.070250534129075,-0.08401351678336186,1.7549079642812573e-17,0.999999999999999,-2.6706146930655144,3.765994273976655
2025-01-02,1000,905,0.905,904,-0.04555723046741927,-0.06444880515423368,-9.81412618453177e-18,0.9999999999999997,-3.0996319439190207,3.7932053478800114
2025-01-03,1000,899,0.899,898,-0.14864549587355036,-0.15627968657665653,5.730183352904034e-17,0.9999999999999992,-3.148557584231485,3.95085513294289
2025-01-06,1000,901,0.901,900,-0.16899881310830725,-0.16250259326474303,-5.914617667259436e-17,0.9999999999999991,-3.354521475179807,3.708984260202021
2025-01-07,1000,902,0.902,901,-0.18538358447329478,-0.172275219549093,2.5601595246345072e-17,0.999999999999999,-3.3217906608668004,3.6686010081904983
2025-01-08,1000,901,0.901,900,-0.20822036610073663,-0.2061090703700449,4.337386289323586e-17,1.0,-3.457068545943404,3.863639222383757
2025-01-09,1000,902,0.902,900,-0.1799286575980867,-0.2020985109019327,-1.9693534804880827e-17,1.0000000000000007,-3.2093470659875485,4.004903924589571
2025-01-10,1000,897,0.897,895,-0.12661010332846645,-0.16140691775760038,3.960661849275921e-18,1.0000000000000002,-3.088119255268943,4.193379132252531
2025-01-13,1000,896,0.896,894,-0.09708544211456677,-0.13294635843303268,2.577303450022685e-17,1.0,-3.054253201448217,4.13694846801865
2025-01-14,1000,901,0.901,899,-0.08183629914044697,-0.09698974294123998,8.477618656405191e-17,1.0000000000000002,-3.189220078761302,3.6791139813475473
2025-01-15,1000,901,0.901,898,-0.0569004957854367,-0.06297798746162601,3.7459245225976426e-17,0.9999999999999998,-3.2409859517044937,3.2390969894382877
2025-01-16,1000,901,0.901,899,-0.03871026600012905,-0.04331985831208333,-3.5487706003556616e-17,0.9999999999999999,-3.2439458121226603,3.484404916319295
2025-01-17,1000,901,0.901,898,-0.08214889307561087,-0.07698730991546623,3.5487706003556616e-17,1.0,-3.044944974722262,3.4330145036565627
2025-01-20,1000,902,0.902,899,-0.07138167019062182,-0.049526768516052165,-7.87741392195233e-18,1.0,-3.032938412131193,3.0773885222906494
2025-01-21,1000,901,0.901,898,-0.058557740040836734,-0.04739082867820922,-1.971539222419812e-18,0.999999999999999,-2.9376831531169625,3.4263367438011576
2025-01-22,1000,895,0.895,893,-0.07311976067121058,-0.08809684858598939,7.939024980559778e-18,0.9999999999999996,-2.7976814608975666,3.5887364042650596
2025-01-23,1000,895,0.895,893,-0.0531964340654117,-0.04773801517996034,-1.5878049961119556e-17,0.9999999999999999,-2.81176994686582,3.3417833703950137
2025-01-24,1000,895,0.895,893,-0.03541094809066465,-0.03890729800285736,3.7710368657658946e-17,0.9999999999999997,-3.159277423091793,3.3296058428772914
2025-01-27,1000,899,0.899,897,-0.0151295372087513,-0.04464421184404053,1.1855551764629036e-17,1.0000000000000004,-3.124393363967355,3.3450500910452012
2025-02-05,1000,900,0.9,897,0.052164459283389725,0.016272384533814688,4.144832625267251e-17,1.0000000000000002,-3.226371138308078,3.8467276841715323
2025-02-06,1000,900,0.9,899,0.12738689497744016,0.09142601396058887,-4.342205607422835e-17,0.9999999999999997,-3.4873246533746247,4.010730175686378
2025-02-07,1000,904,0.904,903,0.15883969346892438,0.13745762816002224,2.161496154137473e-17,1.0000000000000002,-3.283376405581309,4.017212641280675
2025-02-10,1000,905,0.905,905,0.1090911942468306,0.10346931620037775,-3.336802902740802e-17,0.9999999999999991,-3.161937027644813,3.6886670276627953
2025-02-11,1000,904,0.904,904,0.139378402556601,0.12557866904786058,1.2772477274448703e-17,1.0000000000000009,-3.2862976257356147,3.515976065623931
2025-02-12,1000,905,0.905,905,0.07612458686362884,0.09130716993693375,1.9628252369063543e-18,0.9999999999999998,-3.1277936168924088,3.5959132958801594
2025-02-13,1000,905,0.905,905,0.01738035773067636,0.03399711239894609,5.888475710719062e-18,0.9999999999999991,-3.268575353868734,3.4632548991693097
2025-02-14,1000,905,0.905,902,-0.06293558992355677,-0.054944081615935794,-1.373977665834448e-17,1.0,-3.1400753225945977,3.6075739151941355
2025-02-17,1000,906,0.906,904,0.006064247066438704,0.015407455150938809,9.803293815674671e-19,1.0000000000000002,-3.10876981059658,3.7860237254964706
2025-02-18,1000,904,0.904,901,-0.023722357793954898,-0.022597068435476216,-2.9474947556420085e-18,0.9999999999999997,-3.0322137076920517,3.9471110044104467
2025-02-19,1000,904,0.904,901,-0.05670439606784685,-0.03784686644872775,7.859986015045356e-18,1.0000000000000009,-3.2646047524386,3.572906701950642
2025-02-20,1000,905,0.905,902,-0.07414421532263542,-0.06804051636685393,1.1776951421438125e-17,1.0,-3.1131464040834547,3.5070981013399773
2025-02-21,1000,907,0.907,904,-0.07021467472456755,-0.05979162622318008,-1.9584970665934403e-17,0.9999999999999994,-2.5331280963458616,3.6910390077847834
2025-02-24,1000,906,0.906,902,-0.04972362955318724,-0.03636338038563842,-1.9606587631349343e-18,0.9999999999999997,-2.7595796365687173,3.5517488043754226
2025-02-25,1000,904,0.904,901,-0.03964883082472172,-0.016384498229668747,2.456245629701674e-17,1.0000000000000007,-2.7776223026598394,3.5983257452603516
2025-02-26,1000,907,0.907,905,-0.025612631885755455,-0.010878292598396403,-3.916994133186881e-18,1.0000000000000002,-3.106894123528926,3.8373379999604658
2025-02-27,1000,908,0.908,905,-0.051862721925362475,-0.03574388767100169,9.781700657490367e-18,1.0000000000000013,-3.176644384395275,3.970319830331244
2025-02-28,1000,905,0.905,904,-0.06507102451946986,-0.07967746174749483,0.0,1.0,-3.2824409083512975,4.175517062299359
2025-03-03,1000,906,0.906,904,-0.0576774266641873,-0.08415692605384839,-7.842635052539737e-18,1.0000000000000002,-3.4710523779409503,3.363789347337313
2025-03-04,1000,906,0.906,904,-0.03365652109574693,-0.035600892247446746,3.9213175262698686e-18,0.9999999999999997,-3.51280001345576,3.2749848909113415
2025-03-05,1000,906,0.906,903,-0.042592425921539986,-0.02246542749652289,-1.5685270105079474e-17,0.9999999999999993,-3.1504666872470515,3.5869171734289695
2025-03-06,1000,907,0.907,904,0.005515405517636353,0.046929131962780014,2.9377455998901607e-18,1.0000000000000016,-2.878731896855732,3.719767725317206
2025-03-07,1000,905,0.905,902,-0.011498593436391763,0.043969392940083785,-1.5702601895250834e-17,1.0000000000000004,-2.9074812133950205,3.4311960780160193
2025-03-10,1000,906,0.906,904,-0.026508255051765472,0.020015121127842418,-1.8626258249781875e-17,0.9999999999999998,-2.7033397491684434,3.502679263660857
2025-03-11,1000,906,0.906,904,-0.02744847130536239,0.015234629657880382,3.921317526269869e-17,1.0000000000000016,-2.5823539316564617,3.1180337417170114
2025-03-12,1000,906,0.906,904,-0.033375171649088785,0.010947057498762082,-5.881976289404803e-18,0.9999999999999996,-2.502673646802666,3.270931103178293
2025-03-13,1000,905,0.905,903,-0.0614304324903386,-0.035385249924193625,1.5702601895250834e-17,0.9999999999999994,-2.5652066823415587,3.4542136604309763
2025-03-14,1000,906,0.906,902,-0.001699188276963934,0.02395793849580993,-7.842635052539737e-18,1.0000000000000009,-2.5281751747620014,3.3536591287403255
2025-03-17,1000,906,0.906,905,0.01963564181536929,0.0560215672632552,3.9213175262698686e-18,0.9999999999999992,-2.7299929688069553,2.9968725274189394
2025-03-18,1000,906,0.906,904,0.012389786697845276,0.04810059722250734,-7.842635052539737e-18,1.0000000000000007,-2.857244114868323,3.000677903095632
2025-03-19,1000,905,0.905,904,0.022034763103225295,0.049789014899685805,-7.851300947625417e-18,0.9999999999999992,-2.95068375585567,3.0497587631331315
2025-03-20,1000,905,0.905,903,0.02155154865862402,0.04058558932848348,7.851300947625417e-18,1.0000000000000002,-2.888744024444595,3.0138760666472506
2025-03-21,1000,904,0.904,901,-0.01778266596112679,-0.018320729362549165,1.1789979022568034e-17,0.9999999999999991,-2.5505395040332997,3.125756160634849
2025-03-24,1000,903,0.903,900,0.00272544550188095,0.013636330209459658,5.901517738871264e-18,0.9999999999999999,-2.411771276353751,3.3738231765225786
2025-03-25,1000,904,0.904,901,0.013172689535454862,0.030540817747339577,-2.3579958045136068e-17,0.9999999999999999,-2.60521066833495,3.495681750027261
2025-03-26,1000,904,0.904,902,0.01746344971159187,0.06153012155488486,7.859986015045356e-18,0.9999999999999999,-2.879155450464228,3.4364463926832403
2025-03-27,1000,904,0.904,903,0.06146824823215156,0.10202434587986682,0.0,0.9999999999999994,-3.191858282777843,3.8243860737794426
2025-03-28,1000,903,0.903,902,0.07126733335320044,0.09518071176553333,-3.934345159247509e-18,0.9999999999999998,-3.4981452451245945,3.697940070155752
2025-03-31,1000,900,0.9,897,0.06675552483322456,0.08079906597858266,3.947459643111668e-18,1.0000000000000002,-3.680020329595655,3.8267987300278894
2025-04-01,1000,900,0.9,898,0.023754946028594223,0.015835919890750498,7.894919286223335e-18,0.9999999999999999,-3.555529958948327,3.6535060248366715
2025-04-02,1000,901,0.901,899,0.02785263267084351,0.005169705417414054,1.3800774556938684e-17,1.0000000000000009,-3.3218063940488904,3.848769826363925
2025-04-03,1000,901,0.901,899,-0.009483635203294,-0.06221183458843968,-3.943078444839624e-18,1.0000000000000004,-2.8422757613487764,3.5772352651148833
2025-04-07,1000,894,0.894,892,-0.123331539616064,-0.13316607568956473,3.9739526608506724e-17,0.9999999999999988,-3.60212996832153,3.6416579889868728
2025-04-08,1000,892,0.892,890,-0.16479529776770907,-0.14371782069851852,1.8918598625899528e-17,1.0,-3.6479012403227844,3.392328373720733
2025-04-09,1000,894,0.894,891,-0.12614653203483148,-0.11455992893513575,-1.1921857982552016e-17,0.9999999999999997,-3.0988314421224445,3.7214958164559064
2025-04-10,1000,897,0.897,894,-0.14622564800837565,-0.12435490165618497,8.317389883479433e-17,1.0000000000000004,-3.036957916243902,4.016338435055704
2025-04-11,1000,897,0.897,894,-0.13276130932623875,-0.12974061521253483,3.4655791181164304e-17,0.9999999999999997,-3.0748934772270258,4.164776923615712
2025-04-14,1000,900,0.9,897,-0.08950603726334838,-0.08971055804532593,-5.329070518200751e-17,1.0,-2.8131889027036423,4.34006959953394
2025-04-15,1000,900,0.9,897,-0.08154707174058842,-0.0944274582060705,-7.894919286223335e-18,1.0000000000000009,-2.7273228598764168,4.176416135738538
2025-04-16,1000,899,0.899,896,-0.07810201662812026,-0.09885097703584388,1.5807402352838714e-17,0.9999999999999999,-2.715635082590995,3.898015084425824
2025-04-17,1000,902,0.902,899,-0.0820350991037855,-0.1164516799285495,3.938706960976165e-18,1.000000000000001,-2.7827386931098905,3.79057326172314
2025-04-18,1000,903,0.903,899,-0.03774406118471559,-0.07581615130296766,-3.934345159247509e-18,0.9999999999999993,-2.9192746074385063,3.860317319212689
2025-04-21,1000,901,0.901,897,-0.06494560753187503,-0.09180910567169595,-7.886156889679247e-18,1.0000000000000002,-2.847249060986784,3.6233720423237945
2025-04-22,1000,900,0.9,897,-0.05130524250019279,-0.07009271392125657,1.578983857244667e-17,1.0000000000000004,-2.8347138265642555,3.6344813384572063
2025-04-23,1000,899,0.899,896,0.010315374227101015,-0.0063182735492421154,6.322960941135485e-17,1.0000000000000007,-2.573814477968322,3.4985911717781826
2025-04-24,1000,900,0.9,897,-0.006504665657422115,-0.015780583394210616,0.0,1.0000000000000007,-2.552559384020703,3.3515849341949426
2025-04-25,1000,901,0.901,898,-0.018828932102489072,-0.028418735674469404,0.0,1.0000000000000002,-2.6530770369098726,3.6362472500733976
2025-04-28,1000,899,0.899,897,0.009842581639417444,-0.02809484427143757,7.903701176419357e-18,1.0,-2.7145235488715804,3.540748554675738
2025-04-29,1000,902,0.902,898,0.01693929586772827,-0.021747928915506205,-7.87741392195233e-18,1.0000000000000007,-2.9021332168854417,3.94353336171184
2025-04-30,1000,899,0.899,897,-0.008578592153876758,-0.06730749190866833,1.1855551764629036e-17,0.9999999999999996,-2.806120529514671,3.98721774148819
2025-05-06,1000,898,0.898,896,-0.014411864938086704,-0.068289990592515,5.736564403408382e-17,1.0,-3.031672480281398,3.9758824301896296
2025-05-07,1000,901,0.901,898,0.010861077891519084,-0.04200838652132489,-2.5630009891457554e-17,0.999999999999999,-3.2211710565444385,3.3147223255122213
2025-05-08,1000,903,0.903,900,0.01821360021087484,-0.0031627045993469776,5.901517738871264e-18,1.0000000000000007,-3.130937376777934,3.0410371805774075
2025-05-09,1000,901,0.901,900,-0.002266629400561501,-0.028691175474218216,-1.9715392224198118e-17,1.0000000000000004,-3.191805483680246,3.2515641031361344
2025-05-12,1000,901,0.901,900,-0.019288006821858335,-0.043381811784954843,-2.365847066903774e-17,0.9999999999999999,-3.1726066312967305,3.3257601590170682
2025-05-13,1000,900,0.9,900,-0.002225460421113401,-0.02136243706183719,-7.894919286223335e-18,1.0,-2.9676762111445614,3.493554729574087
2025-05-14,1000,901,0.901,901,-0.03510644242260058,-0.023027855690392125,7.886156889679247e-18,0.9999999999999999,-3.0502542582482186,3.519141897329188
2025-05-15,1000,900,0.9,900,-0.030513913462132256,-0.013137614062444953,-2.3684757858670008e-17,0.9999999999999987,-3.195446067008305,3.5928012489260546
2025-05-16,1000,900,0.9,899,-0.035252809870754034,-0.020207799773586232,-3.947459643111668e-17,0.9999999999999992,-3.1337216922766262,3.4132812549224547
2025-05-19,1000,901,0.901,901,-0.06238119720897515,-0.03822834939414187,5.914617667259435e-18,1.0000000000000002,-2.791213667714776,3.225568289765564
2025-05-20,1000,900,0.9,900,-0.04250584196979691,-0.027755958472746287,1.0855514018557087e-17,0.9999999999999997,-2.5527038705579375,3.5579177769924484
2025-05-21,1000,900,0.9,900,-0.08999200887155451,-0.042185641426422366,2.3684757858670008e-17,0.9999999999999991,-2.6109232406146154,3.820819141365401
2025-05-22,1000,900,0.9,900,-0.11167136221942371,-0.03856700567904877,-3.947459643111668e-18,1.0000000000000007,-3.044671621513151,4.043237739484465
2025-05-23,1000,900,0.9,899,-0.06559929738035257,-0.02385773131754514,0.0,1.0000000000000004,-3.0864541728982102,3.9182467697084413
2025-05-26,1000,899,0.899,899,-0.03168280126658924,-0.012004422352035455,1.9759252941048393e-17,0.9999999999999997,-3.042648520537488,3.853478848849651
2025-05-27,1000,899,0.899,899,-0.08160327551575208,-0.055683248001459434,2.3711103529258072e-17,0.9999999999999996,-2.9623913340276538,3.8001534291056065
2025-05-28,1000,899,0.899,899,-0.03979603979918059,-0.04169701139716017,7.903701176419357e-18,1.0000000000000002,-2.784330041184272,3.7058302296129173
2025-05-29,1000,901,0.901,901,-0.010725946715923978,-0.03705820996970729,-3.943078444839624e-18,0.9999999999999996,-2.5321631200995305,3.824159029408674
2025-05-30,1000,900,0.9,900,0.027328686130756123,-0.05764236793413627,-1.1842378929335004e-17,1.0,-2.512055541696937,3.2168992827241176
2025-06-03,1000,901,0.901,901,0.0448888197457421,-0.03432184668887179,5.914617667259435e-18,0.9999999999999987,-2.6243149454986745,3.08517256696493
2025-06-04,1000,902,0.902,901,0.08358370840720168,0.0012514304392719276,-9.846767402440414e-18,1.0,-2.8177635520620896,3.132812878551045
2025-06-05,1000,900,0.9,899,0.12347441353632063,0.04372049640904656,-5.427757009278543e-18,0.9999999999999999,-2.7850123335213994,3.2619755948090217
2025-06-06,1000,900,0.9,899,0.12964136391536013,0.06320529916235944,7.894919286223335e-18,1.0,-3.011777171940991,3.183329465607288
2025-06-09,1000,903,0.903,903,0.10798165935027139,0.044415853711292065,1.1803035477742528e-17,1.0000000000000002,-3.4382534593055483,3.239530462578938
2025-06-10,1000,901,0.901,901,0.09504658849899414,0.0228867543271094,0.0,0.9999999999999998,-3.561694017002113,3.5938854644237663
2025-06-11,1000,902,0.902,902,0.08258001267919854,0.021284385925908,0.0,0.9999999999999996,-3.162837855934781,3.4689678807895388
2025-06-12,1000,902,0.902,902,0.054494265527905414,0.026952019697224258,7.87741392195233e-18,1.0000000000000004,-3.0757431450086665,3.5019287203265463
2025-06-13,1000,898,0.898,898,0.037362529736627244,0.017920653219071235,0.0,1.0000000000000002,-3.0898095678181288,3.713314498477964
2025-06-16,1000,900,0.9,900,0.029220202246523327,0.025856902184832265,-7.894919286223335e-18,1.0,-2.9435310881158605,3.591651614093199
2025-06-17,1000,901,0.901,901,0.01606458530668008,0.0015657153673032703,-1.9715392224198118e-17,0.9999999999999984,-3.0051854648098244,3.627342272506309
2025-06-18,1000,901,0.901,901,0.023635239117399294,0.004045714521682026,7.886156889679247e-18,1.0000000000000007,-2.781302021239861,3.9124220192926726
2025-06-19,1000,901,0.901,900,0.0014934618155741251,-0.02813778794022292,3.35161667811368e-17,1.0,-3.154385508683372,4.180123464715752
2025-06-20,1000,901,0.901,901,0.023119565184987263,0.00315260294574155,1.5772313779358495e-17,0.9999999999999999,-2.718243958213526,4.08299269408448
2025-06-23,1000,901,0.901,900,-0.02443825807359249,-0.018961711042476823,-5.914617667259435e-18,0.9999999999999994,-2.849244761871765,3.6909517802118734
2025-06-24,1000,902,0.902,901,-0.04676164285411404,-0.038350261193530175,1.575482784390466e-17,1.000000000000001,-3.397255652479811,3.347476778934321
2025-06-25,1000,902,0.902,901,-0.09743926683752824,-0.1027263056054684,7.87741392195233e-18,1.0000000000000004,-3.169495266708219,3.2300507545754344
2025-06-26,1000,903,0.903,902,-0.09412256369912847,-0.09826459663382597,-1.1803035477742528e-17,0.999999999999999,-3.3362538627115033,3.4534004627890673
2025-06-27,1000,904,0.904,903,-0.12970491620595348,-0.12373870338566052,-5.894989511284017e-18,1.0000000000000002,-3.522379394943331,3.7143772822804313
2025-06-30,1000,906,0.906,906,-0.07401214262917186,-0.05665680478445134,-7.842635052539737e-18,0.9999999999999997,-3.5416377648800568,3.3314352899400816
2025-07-01,1000,906,0.906,906,-0.01969045600986766,-0.001252746411101551,7.842635052539737e-18,1.0000000000000002,-3.3882576122005976,3.3400943734724233
2025-07-02,1000,908,0.908,908,-0.04781324738257547,-0.039698014567087034,-6.847190460243256e-18,1.0000000000000002,-3.155341365887984,3.1285173462909452
2025-07-03,1000,907,0.907,907,-0.06828600366491375,-0.05236182997262121,-5.875491199780321e-18,0.9999999999999992,-3.279397289204936,3.2019737124253433
2025-07-04,1000,907,0.907,904,-0.03897899612750958,-0.03775122387907041,9.792485332967202e-18,1.0000000000000002,-3.343100287244881,3.5617072628890862
2025-07-07,1000,905,0.905,903,-0.023194800281203253,-0.03695556222038054,-6.86988832917224e-18,0.9999999999999998,-3.1891144303680456,3.6147175942967325
2025-07-08,1000,910,0.91,907,-0.03903583601705026,-0.05032834597455318,8.784182172858381e-18,0.9999999999999999,-3.021019789217485,3.149373312209272
2025-07-09,1000,911,0.911,908,-0.04052280506119029,-0.06960689150594719,1.4624233035677144e-18,0.9999999999999994,-2.6963877969522483,3.1146964972246205
2025-07-10,1000,914,0.914,911,-0.01863567633941738,-0.08673587205644254,4.858744090263267e-18,1.0000000000000002,-2.6224309269596526,3.2267142160965365
2025-07-11,1000,917,0.917,915,0.03448455403235867,-0.014433394587698076,1.9371394104691936e-18,1.0,-2.9249945998730364,3.258975838528958
2025-07-14,1000,915,0.915,913,0.028245431278335894,-0.0174706240997138,-3.882747189945903e-18,1.0000000000000009,-2.912287240240575,3.3384354437543493
2025-07-15,1000,916,0.916,913,0.013732122876625917,-0.03256100539492033,-1.6483660627622413e-17,1.0000000000000007,-2.819233081056527,3.509054630481745
2025-07-16,1000,915,0.915,912,0.05577727507686981,0.01600083141829373,6.79480758240533e-18,0.9999999999999999,-2.8420676668748097,3.489654180074038
2025-07-17,1000,916,0.916,912,0.05958804192304105,0.023377288840087225,1.1635525148909937e-17,1.0000000000000004,-3.0398797213709137,3.036126439648148
2025-07-18,1000,916,0.916,914,0.08134813857683562,0.05771412012778711,-6.787389670197463e-18,0.9999999999999996,-2.9124583367106713,3.194776922376644
2025-07-21,1000,916,0.916,914,0.04665387245184449,0.03436611533791109,-5.720799864880719e-17,1.0000000000000002,-3.2675417810303244,3.059756453306221
2025-07-22,1000,916,0.916,915,0.028198626535635693,-0.012975309161758703,-3.878508382969979e-18,1.0000000000000002,-3.3203019978573027,3.2052441878230495
2025-07-23,1000,915,0.915,914,-0.004643773797751203,-0.0542007119218279,-1.553098875978361e-17,0.9999999999999991,-3.6662433165220207,3.54579288844591
2025-07-24,1000,917,0.917,916,-0.07991968807732659,-0.14549443310015064,-4.261706703032226e-17,0.9999999999999992,-3.8712148077863846,3.394480410708448
2025-07-25,1000,917,0.917,915,-0.07584853147068162,-0.111429888640086,1.549711528375355e-17,0.9999999999999999,-3.9845881897401867,3.0531373921846883
2025-07-28,1000,916,0.916,915,-0.06419346310620189,-0.08637068438937949,-7.757016765939958e-18,1.0000000000000007,-3.733415672051452,3.087521902824122
2025-07-29,1000,917,0.917,915,-0.06038612924018765,-0.056831413484903316,1.7434254694222742e-17,0.9999999999999993,-3.1791330191394684,2.9939803948699324
2025-07-30,1000,916,0.916,915,-0.04727735120432136,-0.04211402270432557,-5.8177625744549685e-18,1.0000000000000002,-3.125765460708501,3.17059056450246
2025-07-31,1000,913,0.913,912,-0.02207730938881939,-0.03438952392342927,3.2102834446992477e-17,1.0000000000000004,-3.34387763577783,3.4900944335098565
2025-08-01,1000,914,0.914,911,-0.017446708639363265,-0.03851258727741541,-8.745739362473881e-18,0.9999999999999999,-3.0642923161052456,3.763399763420514
2025-08-04,1000,910,0.91,909,-0.012011623607891318,-0.034495240505530496,-5.856121448572254e-18,1.0000000000000002,-2.913738154051625,3.821428556788549
2025-08-05,1000,913,0.913,912,-0.02404594727144535,-0.03689413164579716,-1.2646571145784916e-17,0.9999999999999996,-3.082936316165689,3.713657545417695
2025-08-06,1000,912,0.912,911,0.018473502567810964,0.0032930929288174132,-2.7268635692547703e-17,1.0,-3.1874777636102225,3.3848025496597
2025-08-07,1000,911,0.911,910,-0.01564631045005128,-0.042649464285056705,-9.74948869045143e-18,1.0000000000000004,-2.9928255039844065,3.05269977797992
2025-08-08,1000,911,0.911,910,-0.00421920803425891,-0.022027920455282405,1.7549079642812573e-17,1.0000000000000007,-2.7794297033531867,3.2518533835410044
2025-08-11,1000,911,0.911,910,-0.0028561689391836914,-0.02566239663773306,3.1198363809444576e-17,1.0000000000000004,-2.7387323215018835,3.2834627320017504
2025-08-12,1000,911,0.911,909,-0.03679978662498465,-0.056295846685138456,7.799590952361144e-18,0.9999999999999996,-2.7965555901513124,3.1674419664847515
2025-08-13,1000,910,0.91,910,-0.059036686174579404,-0.06346763576890531,7.808161931429672e-18,0.9999999999999997,-2.6573744850962844,3.249592917245678
2025-08-14,1000,907,0.907,907,-0.051942523987717565,-0.05134593582688412,1.3709479466154082e-17,0.9999999999999999,-2.6903771462412083,3.3285679827840573
2025-08-15,1000,908,0.908,907,-0.06112776492174541,-0.04830593076926305,1.9563401314980733e-17,0.9999999999999998,-2.902340221527324,3.698016225240106
2025-08-18,1000,913,0.913,912,-0.05821823497792421,-0.03824692479277555,9.728131650603781e-18,1.0000000000000002,-3.110076345525873,3.4945527996770047
2025-08-19,1000,913,0.913,912,-0.03074120559197922,-0.020293489021293416,-1.1673757980724537e-17,1.0000000000000002,-3.1187000352743963,3.509218259352619
2025-08-20,1000,913,0.913,912,-0.0405919396398788,-0.019759053773021465,-1.3619384310845294e-17,0.9999999999999996,-3.251855314971482,3.2318766146325575
2025-08-21,1000,913,0.913,912,-0.03998774047975079,0.006683309849964485,-1.556501064096605e-17,1.000000000000001,-3.0344928831164815,2.935471557959535
2025-08-22,1000,913,0.913,909,-0.08107775704603377,-0.0287825047862652,7.782505320483025e-18,1.0,-3.191085641723503,3.1907836704431563
2025-08-25,1000,914,0.914,913,-0.056943558457527424,0.01079089734827884,-1.9434976361053068e-17,0.9999999999999996,-3.500668255453941,3.2646379380474175
2025-08-26,1000,913,0.913,912,-0.06474715467599015,-0.010283699949659088,-2.3347515961449075e-17,0.9999999999999993,-3.4162340129051705,3.547462483595497
2025-08-27,1000,913,0.913,911,-0.05298063033514451,-0.013940193934331638,1.1673757980724537e-17,0.9999999999999998,-3.1758396059880356,3.413668262176577
2025-08-28,1000,912,0.912,910,-0.020666334201737448,0.008019872604415723,5.4537271385095406e-17,1.0,-3.385025065550846,3.2080608280485783
2025-08-29,1000,912,0.912,909,0.02180260331168446,0.027402671161008217,-2.7268635692547703e-17,1.0000000000000004,-3.3188351682970603,2.9263679092762307
2025-09-01,1000,912,0.912,909,0.0319632971767487,0.04369327529004287,-7.791038769299344e-18,0.9999999999999989,-3.1482159925912443,2.986037472057406
2025-09-02,1000,909,0.909,905,0.03953464643230942,0.033083345842158586,-3.126700707415182e-17,0.9999999999999999,-2.7450311320129215,2.9095250354320448
2025-09-03,1000,908,0.908,904,0.057090618977061476,0.03708112625130667,-3.1301442103969174e-17,1.0000000000000002,-2.8983244586197263,3.00923995253714
2025-09-04,1000,908,0.908,905,0.0928181356917521,0.05528738522213086,1.0564236710089595e-16,0.9999999999999996,-2.795768274126795,3.083603274215867
2025-09-05,1000,909,0.909,907,0.09694911768170386,0.07544448430327187,0.0,1.0000000000000004,-3.13344183885171,3.596158608693931
2025-09-08,1000,911,0.911,909,0.08185661843831897,0.07336493853011372,-3.314826154753486e-17,1.0000000000000009,-3.0627631372045983,3.6956974494849844
2025-09-09,1000,911,0.911,909,0.0673723590066602,0.05259995641125105,1.3649284166632001e-17,0.9999999999999991,-3.1179759568238117,3.416678333916553
2025-09-10,1000,912,0.912,912,0.0621534328684725,0.04653366046816635,-2.337311630789803e-17,1.0000000000000002,-3.0287889444930722,3.542142748834887
2025-09-11,1000,913,0.913,913,0.043389752676709636,0.013366857283271132,-7.782505320483025e-18,1.0000000000000002,-2.730842790216692,3.2779980720286876
2025-09-12,1000,913,0.913,912,0.0502004831538961,0.008468756679235271,1.9456263301207562e-18,1.0000000000000004,-2.8601101815225665,3.3145808277697237
2025-09-15,1000,914,0.914,914,-0.00047958049835228675,-0.06280171338649848,-4.664394326652736e-17,0.9999999999999991,-3.0036584791330943,3.2160940965612537
2025-09-16,1000,918,0.918,918,-0.021818783798033092,-0.08206658529671304,1.161017542091667e-17,1.0000000000000002,-2.933072925550216,3.2877082697682414
2025-09-17,1000,918,0.918,918,-0.04067643966903379,-0.11349562085404087,3.87005847363889e-18,0.9999999999999989,-2.7058957836225734,3.389193736855501
2025-09-18,1000,918,0.918,917,-0.021220281769398608,-0.09300250167849121,-1.161017542091667e-17,0.9999999999999992,-2.72817911866932,3.331354374045174
2025-09-19,1000,915,0.915,912,-0.01569501802962547,-0.06258429384701149,-1.358961516481066e-17,1.0,-2.578755307978583,3.3302132271123535
2025-09-22,1000,912,0.912,911,-0.027623408864338134,-0.05805271732603202,3.895519384649672e-18,0.9999999999999993,-2.9698714409347957,3.4011415876289837
2025-09-23,1000,911,0.911,910,-0.05624560496281873,-0.07724132357564757,-5.8496932142708576e-18,0.9999999999999993,-2.9152318291271704,3.6603939550755595
2025-09-24,1000,912,0.912,910,-0.052791352542634035,-0.051181141874908694,3.895519384649672e-18,1.0,-2.66243903045053,3.9204422959015996
2025-09-25,1000,909,0.909,908,-0.04494557245524139,-0.02966617552730773,-9.770939710672445e-18,0.9999999999999997,-2.680503772061268,3.7915886586995575
2025-09-26,1000,909,0.909,906,-0.039197453812879916,-0.024392084888050447,1.1725127652806934e-17,0.9999999999999998,-2.889901373152699,3.7473835512850453
2025-09-29,1000,907,0.907,906,-0.014133791096097477,0.013183450416503706,3.916994133186881e-18,1.0000000000000007,-2.9031271204914915,3.7802752240260578
2025-09-30,1000,906,0.906,904,-0.032787072659269216,-0.01992662984656701,-2.9409881447024017e-17,0.9999999999999999,-2.9435665690069004,3.6767611436828576
2025-10-09,1000,907,0.907,906,0.012442153898986808,0.01478900615612199,-2.4481213332418005e-17,1.0,-3.2229091672916454,3.40210287733292
2025-10-10,1000,909,0.909,909,-0.014327075690668335,-0.031192728620473058,-1.1725127652806934e-17,0.999999999999999,-3.0771772894962655,3.340336040472146
2025-10-13,1000,909,0.909,909,-0.03579504439395508,-0.043134360138356004,-1.954187942134489e-18,0.9999999999999998,-3.4593350070462443,3.5660942651830534
2025-10-14,1000,909,0.909,909,-0.05428188754075428,-0.06148390170815929,2.7358631189882845e-17,0.9999999999999992,-3.5411862701739567,3.348468286376659
2025-10-15,1000,909,0.909,909,-0.007391148100711128,-0.011230934386797961,-2.1496067363479378e-17,0.9999999999999999,-3.7502682590823473,3.301941788245448
2025-10-16,1000,908,0.908,908,-0.01085170740187058,-0.014255655928644471,3.1301442103969174e-17,1.0000000000000007,-3.802854616617206,3.4667602415202006
2025-10-17,1000,908,0.908,908,-0.0025984027067972692,-0.01879722949118395,-7.825360525992294e-18,1.0000000000000002,-3.7342582156986794,3.3727751653899762
2025-10-20,1000,908,0.908,908,0.03683849336682381,-0.0005249793230432485,7.825360525992294e-18,0.9999999999999999,-3.592859916739685,3.675486984828206
2025-10-21,1000,908,0.908,908,0.06533805088801821,0.015888524439485168,-1.5650721051984587e-17,1.0000000000000004,-3.442117963386291,3.6835857582336407
2025-10-22,1000,909,0.909,908,0.06368580799484692,0.010687023953092942,5.862563826403467e-18,1.0,-3.2858640548881057,3.921622935005431
2025-10-23,1000,909,0.909,908,0.08321206858343012,0.051745778383299926,2.3450255305613868e-17,1.0000000000000004,-3.220786528055696,3.766908500505438
2025-10-24,1000,909,0.909,906,0.10028239198425799,0.07280028468833907,-1.954187942134489e-17,0.9999999999999996,-3.041864059835276,3.097333901262045
2025-10-27,1000,908,0.908,906,0.05645395087754653,0.0333767003110023,-7.825360525992294e-18,1.0000000000000007,-2.592426394385668,3.5185557020373537
2025-10-28,1000,908,0.908,906,0.05975266174847069,0.04589473663148994,1.5650721051984587e-17,0.9999999999999996,-2.354762786488311,3.544387433776311
2025-10-29,1000,909,0.909,907,0.02108838142706861,0.008080545201189008,1.563350353707591e-17,0.9999999999999992,-2.5524768903741646,3.163848825766902
2025-10-30,1000,909,0.909,907,0.0004260427529399159,-0.026367131917183064,7.816751768537955e-18,0.9999999999999996,-3.133367976636185,3.0555407395290053
2025-10-31,1000,907,0.907,903,0.06277737365192941,0.02130504685732852,0.0,1.0000000000000007,-3.1269222791684386,3.0938859180100637
2025-11-03,1000,907,0.907,903,0.04491668412758611,0.00933523736505988,-1.1750982399560643e-17,1.0000000000000002,-2.94107421345257,3.1644939385884823
2025-11-04,1000,907,0.907,903,0.04588452266715908,0.046365476533711425,0.0,1.0000000000000018,-3.0366164940054197,3.062061519858348
2025-11-05,1000,909,0.909,905,0.028003692768468678,0.05074479772275912,7.816751768537955e-18,0.9999999999999999,-3.104265714460828,3.3056520450886056
2025-11-06,1000,909,0.909,905,0.03739989611302409,0.05049558179808395,-9.770939710672445e-18,0.9999999999999996,-3.032819439712911,3.467658665792424
2025-11-07,1000,908,0.908,905,0.010903560078295486,0.01708174337133569,-2.347608157797688e-17,0.9999999999999997,-3.1298641082005325,3.5470802282035008
2025-11-10,1000,910,0.91,908,0.026388503039261168,-0.0010732658294196793,-1.3664283380001927e-17,0.9999999999999997,-2.8264518894737853,3.2314702010099707
2025-11-11,1000,912,0.912,908,-0.026828014941361413,-0.07978308091192142,-1.7529837230923523e-17,0.9999999999999994,-2.9187228988775,3.623329556361649
2025-11-12,1000,912,0.912,908,-0.03741360182579525,-0.09833922014468786,-1.5582077538598687e-17,0.9999999999999993,-2.9795532832737694,3.7313070607110905
2025-11-13,1000,914,0.914,910,-0.04643616699270109,-0.10867574017449247,-1.9434976361053068e-18,0.9999999999999999,-3.1205555200832653,3.533339986901533
2025-11-14,1000,916,0.916,912,-0.052346248688398024,-0.12427486812055602,0.0,0.9999999999999991,-3.0708518719692104,3.50164607063785
2025-11-17,1000,916,0.916,913,-0.08630536917345036,-0.13866919038816863,-3.878508382969979e-18,1.0000000000000002,-2.8804083601927566,3.7050652071790537
2025-11-18,1000,914,0.914,912,-0.0719597501342027,-0.13844982047093238,-9.717488180526534e-18,0.9999999999999998,-2.6218500357407124,3.7824609093324084
2025-11-19,1000,912,0.912,908,-0.14854878098144694,-0.1935816625975249,-3.311191476952221e-17,1.0,-2.8854931899947034,3.8694999484255916
2025-11-20,1000,911,0.911,907,-0.1691327581611969,-0.21069243691462222,1.949897738090286e-17,0.9999999999999993,-2.6939590262819166,3.679880516680844
2025-11-21,1000,911,0.911,905,-0.18435556120250446,-0.220004693041453,1.5599181904722288e-17,0.9999999999999996,-2.7051364340278217,3.3234284239038177
2025-11-24,1000,911,0.911,907,-0.1852519873623967,-0.2327496820120323,-2.339877285708343e-17,1.0,-2.697679138274828,3.6300037029393857
2025-11-25,1000,910,0.91,907,-0.16882246359813557,-0.2003005927791125,1.5616323862859345e-17,1.0000000000000009,-2.739472378639743,4.055227299419647
2025-11-26,1000,911,0.911,910,-0.09965866601814814,-0.1595003479636795,-7.799590952361144e-18,1.0000000000000002,-2.7981186209910156,3.8992234724887185
2025-11-27,1000,912,0.912,911,-0.06171733839060689,-0.13341158140038017,-1.5582077538598687e-17,0.9999999999999992,-2.7468379184366136,3.82200616493281
2025-11-28,1000,914,0.914,911,-0.033524425199189536,-0.09152355704088651,0.0,1.0000000000000004,-2.798869921162529,3.6484982770824086
2025-12-01,1000,912,0.912,909,-0.0321243416531381,-0.06399269252475485,-7.791038769299344e-18,1.0000000000000009,-2.8963917265616494,3.6865715820427822
2025-12-02,1000,911,0.911,909,-0.015691066205698975,-0.07638811057404704,-7.799590952361144e-18,1.0000000000000018,-2.9501289240790047,3.255983390873431
2025-12-03,1000,912,0.912,910,0.01112906717110459,-0.10392022617020452,-7.791038769299344e-18,1.0,-3.1307681478268052,3.2290906382477615
2025-12-04,1000,910,0.91,908,0.006594702616118924,-0.12491216949529797,-7.808161931429672e-18,1.0,-3.037077161206815,3.4748906090748353
2025-12-05,1000,911,0.911,909,-0.03798878367514513,-0.11313404444175296,7.799590952361144e-18,1.0,-3.0343623420385466,3.393649368869546
2025-12-08,1000,911,0.911,909,0.034281233253917485,-0.07081637181347386,1.949897738090286e-18,0.9999999999999998,-3.317065387031187,3.6343296924597372
2025-12-09,1000,909,0.909,906,0.08035221979759029,-0.05306066960730027,-1.954187942134489e-18,1.0000000000000002,-3.0465087392442505,3.677452900028467
2025-12-10,1000,911,0.911,909,0.05319839493922235,-0.07608524144490118,5.8496932142708576e-18,0.9999999999999999,-3.0447119863507113,3.5074735200842504
2025-12-11,1000,909,0.909,905,0.048465133152130246,-0.05801729586848339,1.3679315594941422e-17,1.0000000000000002,-3.0069035342274,3.6824402090289685
2025-12-12,1000,909,0.909,903,0.015012578003884997,-0.0684422836291069,-5.862563826403466e-17,1.0000000000000002,-3.0022591362962747,3.691516923423607
2025-12-15,1000,908,0.908,904,-0.025315781725318863,-0.07188010509341465,2.7388761840973025e-17,1.0000000000000002,-2.9748653940041065,3.6238098503392506
2025-12-16,1000,908,0.908,904,-0.03706239274765931,-0.06192023604886193,-1.5650721051984587e-17,1.0,-3.090660234870565,3.764581185939617
2025-12-17,1000,908,0.908,903,-0.011478464321875754,-0.028264991605693082,3.912680262996147e-18,1.0000000000000002,-3.377330710646113,3.895286825585063
2025-12-18,1000,906,0.906,903,0.009686487537720658,-0.008049706350619551,-1.5685270105079474e-17,1.0000000000000002,-3.538445038768634,3.7093720310596634
2025-12-19,1000,905,0.905,902,0.03409726558180674,0.031242310241895666,-3.9256504738127085e-18,0.9999999999999994,-3.3058895874011447,3.4352832339902113
2025-12-22,1000,904,0.904,902,0.056525556075593876,0.051576830222692,7.859986015045356e-18,0.9999999999999989,-3.2820492154623904,3.418657520574537
2025-12-23,1000,904,0.904,903,0.0730483575162872,0.058114860845379056,7.859986015045356e-18,0.9999999999999991,-3.0467019789496823,3.1567775895253494
2025-12-24,1000,904,0.904,903,0.069396879222951,0.07246565176566658,-5.894989511284017e-18,0.9999999999999999,-3.00425195766324,3.0919444851816573
2025-12-25,1000,903,0.903,903,0.052248572247112365,0.061247178449962456,-7.868690318495018e-18,1.0000000000000007,-3.007602306248316,3.149347276624501
2025-12-26,1000,903,0.903,902,0.05545268278998326,0.04869038589712013,-3.934345159247509e-18,0.9999999999999993,-3.001130674381428,2.9627673266544434
2025-12-29,1000,903,0.903,902,0.04290367692539081,-0.006032548771661989,-3.934345159247509e-18,1.0,-2.966390720397403,2.8543523011403042
2025-12-30,1000,902,0.902,902,0.004540263779352729,-0.033997645653464616,7.87741392195233e-18,0.9999999999999991,-3.035538035091134,3.0011290819272807
2025-12-31,1000,902,0.902,901,0.003913879117587839,-0.022722961164542053,1.575482784390466e-17,0.9999999999999999,-3.198276636721302,3.392967186529829
2026-01-05,1000,902,0.902,901,0.06085445207266037,0.02718729938555659,-1.575482784390466e-17,1.0000000000000004,-3.159243126978815,3.101819479662086
2026-01-06,1000,903,0.903,902,0.05932090629203578,0.06402183484637272,1.770455321661379e-17,0.9999999999999993,-3.195817481092897,3.16940677182306
2026-01-07,1000,904,0.904,903,0.07802400832442423,0.09062917402107648,1.1789979022568034e-17,0.9999999999999999,-3.1771627888487024,3.2149026760386805
2026-01-08,1000,906,0.906,904,0.06984825107336236,0.1069916518347654,3.529185773642882e-17,0.9999999999999996,-3.063053878508967,3.2937639857975687
2026-01-09,1000,906,0.906,903,0.056623776289424464,0.08060606670030343,-1.9606587631349344e-17,0.9999999999999994,-3.2824454145208066,3.1249920661204094
2026-01-12,1000,906,0.906,902,0.018169110682146467,0.011204571772761627,-7.842635052539737e-18,0.9999999999999987,-3.6275993814435394,3.265562009329102
2026-01-13,1000,905,0.905,903,0.01910637316902285,0.026603347078468165,3.9256504738127085e-18,1.0000000000000009,-3.8102900465210703,3.0524721818885414
2026-01-14,1000,904,0.904,903,-0.013404811389003696,0.00988102061082652,1.6211221156031047e-17,0.9999999999999992,-3.8391119025681886,3.1348044194814264
2026-01-15,1000,903,0.903,902,-0.012713579587468755,0.0007829753218388358,1.9671725796237546e-18,0.9999999999999996,-3.5051121291139387,2.9375965363793717
2026-01-16,1000,901,0.901,900,-0.008796746784416611,0.010179899687425328,1.971539222419812e-18,0.9999999999999999,-3.486775277240904,2.866211567078986
2026-01-19,1000,902,0.902,900,0.014484232107113977,0.05560713495589807,-5.908060441464248e-18,1.0,-3.0026057910617068,3.2116171000395086
2026-01-20,1000,904,0.904,902,-0.016194498879010664,0.030795621489536,0.0,0.9999999999999987,-3.079981264509063,2.929855719616304
2026-01-21,1000,903,0.903,901,0.024016659211029506,0.05678707975595783,1.9671725796237548e-17,1.0000000000000002,-3.0985432413175005,2.8487622730974502
2026-01-22,1000,904,0.904,900,0.05898866892840954,0.08616575388637525,7.859986015045356e-18,1.0,-3.199292566177389,2.955467400110569
2026-01-23,1000,908,0.908,904,0.09188315916983827,0.14672700764042856,-1.5650721051984587e-17,1.0000000000000002,-3.2902652130773986,3.061144911783937
2026-01-26,1000,905,0.905,902,0.05292254864376564,0.08309444834645309,-1.1776951421438125e-17,1.0000000000000002,-3.405153086918263,3.3609975938363044
2026-01-27,1000,905,0.905,902,0.027789145648192404,0.03439745236687216,-7.851300947625417e-18,1.0,-3.086579113574882,3.5278236867253163
2026-01-28,1000,906,0.906,903,0.026460976270618917,0.03587102617813074,1.9606587631349343e-18,1.0000000000000002,-2.8414982239108886,3.5505856415905237
2026-01-29,1000,906,0.906,904,0.04065678323813686,0.019114516265922137,-1.1763952578809606e-17,1.0,-2.938001195751621,3.2720812344399675
2026-01-30,1000,906,0.906,903,0.058164512148839775,0.047292379552870537,1.5685270105079474e-17,0.9999999999999996,-3.0443345936577453,3.5693787753549238
2026-02-02,1000,905,0.905,904,0.08745476999049778,0.06419651940243092,1.962825236906354e-17,0.9999999999999989,-2.952111938872352,3.6542801516311973
2026-02-03,1000,905,0.905,904,0.08320535010213317,0.07063984988612515,9.81412618453177e-18,1.0,-2.993521587062666,3.5067181447729037
2026-02-04,1000,907,0.907,906,0.0770624149117029,0.05409022431730914,-5.875491199780322e-17,0.9999999999999999,-3.0037301215452907,3.63605612834439
2026-02-05,1000,907,0.907,906,0.08377122596584707,0.05446417726418543,0.0,0.9999999999999997,-3.096760593847216,3.6239541843462266
2026-02-06,1000,905,0.905,904,0.0305979498317278,0.02240890202437246,-1.5702601895250834e-17,0.9999999999999996,-3.2689711649359605,3.31617310043884
2026-02-09,1000,905,0.905,905,-0.016364358474581994,-0.014957667033549995,-4.907063092265885e-18,1.0000000000000004,-2.9346647164615436,3.0379333616258624
2026-02-10,1000,907,0.907,906,-0.013987473125609108,-0.0015071314450931248,-8.813236799670482e-18,1.0000000000000009,-2.6019800725218394,3.1252031479858324
2026-02-11,1000,907,0.907,906,-0.015999743242116872,-0.0280373610847556,7.833988266373762e-18,0.9999999999999996,-2.5262316230161797,3.4237803714747677
2026-02-12,1000,907,0.907,907,-0.01894078100052472,-0.04091057037452735,-1.9584970665934405e-18,1.000000000000001,-2.6208977879685253,3.709958544953198
2026-02-13,1000,906,0.906,905,0.0122059025057671,-0.021447233408334345,-1.764592886821441e-17,0.9999999999999998,-2.4802170452742294,3.8087019748183795
2026-02-24,1000,906,0.906,905,0.05912462927825533,0.0034843250843734,-7.842635052539737e-18,1.0,-2.6835210906346716,3.9050822147683086
2026-02-25,1000,907,0.907,907,0.08686415656631714,0.05208845735979578,-5.875491199780321e-18,1.0000000000000002,-2.99805303835779,3.382049861606554
2026-02-26,1000,906,0.906,906,0.06684694502260892,0.040606292811129506,9.803293815674672e-18,1.0000000000000002,-2.900336087441744,3.575731358158469
2026-02-27,1000,906,0.906,904,0.09020316375113004,0.058596664529294636,-1.5685270105079474e-17,1.0000000000000002,-2.8776622400031666,3.805630687723147
2026-03-02,1000,906,0.906,906,0.06095163312047543,0.04311462537568099,-1.9606587631349343e-18,0.9999999999999989,-3.205804426710834,3.8538756822059774
2026-03-03,1000,906,0.906,906,0.06237679976715323,0.04713539335553804,-1.764592886821441e-17,1.0000000000000004,-3.403386297265657,3.8473415781052087
2026-03-04,1000,905,0.905,905,0.061142183470145405,0.06710665000460292,1.373977665834448e-17,1.0000000000000007,-3.238641178473074,3.7722254857481694
2026-03-05,1000,906,0.906,906,0.08661125673716327,0.08879895193135606,-5.881976289404803e-18,1.0000000000000002,-3.4041276268860865,4.061086805715919
2026-03-06,1000,907,0.907,907,0.05147238735735981,0.05229568340350821,1.9584970665934403e-17,1.0000000000000007,-3.3353928444584997,3.9453437664995135
2026-03-09,1000,907,0.907,907,0.0787916586326815,0.09141857881144308,0.0,0.9999999999999993,-3.3791951030965754,3.6244802134578404
2026-03-10,1000,909,0.909,909,0.07971291560310437,0.104239656816476,1.1725127652806934e-17,1.0000000000000004,-3.3613300637523884,3.364745057448183
2026-03-11,1000,910,0.91,910,0.0417073336160373,0.06919620205147554,-1.952040482857418e-18,1.0000000000000009,-3.311600213087396,3.8881680845043776
2026-03-12,1000,910,0.91,910,0.002446999327392949,0.03504613632573767,2.928060724286127e-17,1.0,-3.3107218156234297,3.993229056415174
2026-03-13,1000,910,0.91,910,-0.023516242942297996,0.010990526238121546,-1.3664283380001927e-17,0.9999999999999997,-2.9703473440482187,4.140138251420164
2026-03-16,1000,911,0.911,911,0.02061029861565675,0.04592264951855482,-1.949897738090286e-18,1.0000000000000004,-3.4217687526275498,4.429284716616528
2026-03-17,1000,912,0.912,912,0.01829173945587894,0.03717228710787042,-2.337311630789803e-17,0.9999999999999996,-3.3092380348799844,3.9258103249162106
2026-03-18,1000,912,0.912,911,0.007320573710909844,0.021497726639838604,-7.791038769299344e-18,1.0,-2.928388031222806,4.199150818046762
2026-03-19,1000,910,0.91,909,-0.011043276507834694,-0.00034740778762298673,-9.76020241428709e-19,1.0000000000000009,-2.8772069332915766,3.800534959465035
2026-03-20,1000,909,0.909,907,0.0010582242334589483,-0.0016658175786454215,8.7938457396052e-18,1.0000000000000004,-2.8800165728483123,3.666155292417984
2026-03-23,1000,904,0.904,902,-0.02454939019223466,0.006798527051076052,0.0,1.0000000000000007,-3.19318045036413,3.5216370310238903
2026-03-24,1000,908,0.908,905,-0.05510419186102654,-0.018956239938037737,-5.86902039449422e-18,1.000000000000001,-3.154209883289835,3.1695130699914498
2026-03-25,1000,910,0.91,907,-0.03620290783368058,-0.021045417371673484,3.904080965714836e-18,1.0000000000000002,-3.0438366463591024,3.3071103880905044
2026-03-26,1000,909,0.909,905,-0.006119728500488396,-0.01016082004601564,-3.908375884268978e-18,1.0,-2.8040360069337633,3.564228139849459
2026-03-27,1000,910,0.91,908,0.01808631887556099,0.0501087957382694,-7.808161931429672e-18,1.0,-2.8618255629978653,3.6169476063160095
2026-03-30,1000,910,0.91,906,0.04149570431247301,0.06212032503572635,7.808161931429672e-18,0.9999999999999992,-2.935319229060003,3.466483033404409
2026-03-31,1000,911,0.911,905,0.05793135736483395,0.05850594811252232,-1.5599181904722288e-17,0.9999999999999997,-2.8408522925934605,3.761694779385071
2026-04-01,1000,909,0.909,907,0.050540105231326196,0.023050791228018817,2.7358631189882845e-17,0.9999999999999998,-3.019463675902106,4.188825089494432
2026-04-02,1000,910,0.91,909,-0.01080568285006517,-0.03226571740963785,-2.1960455432145953e-17,0.9999999999999999,-3.285117872797194,3.812187886147567
2026-04-03,1000,909,0.909,909,-0.028283592688964312,-0.047876786313444705,-4.2992134726958756e-17,1.0,-2.747622450863063,3.3919789380863405
2026-04-07,1000,910,0.91,910,-0.027178215020612198,-0.019325632443518276,-2.3424485794289017e-17,0.9999999999999994,-2.7027823751944067,3.4002145765089065
2026-04-08,1000,911,0.911,911,-0.014566296023207803,0.00344913670300384,1.5599181904722288e-17,1.0,-2.9478628083357674,3.8765330486608187
2026-04-09,1000,910,0.91,910,0.023983244838045925,0.022456615903332696,2.7328566760003855e-17,0.9999999999999997,-3.017204475815118,3.8619397491431133
2026-04-10,1000,910,0.91,910,0.08096529825056842,0.060830986829117556,-1.5616323862859345e-17,0.9999999999999994,-3.3330461249321126,3.6471889020532755
2026-04-13,1000,910,0.91,910,0.09643899264255944,0.08037689874688914,-1.5616323862859345e-17,1.0000000000000002,-3.0511662121351977,3.5532925291941964
2026-04-14,1000,913,0.913,913,0.12399121482656657,0.0933375393254336,-1.3619384310845294e-17,1.0,-2.836498303294458,3.4192034580850246
2026-04-15,1000,913,0.913,913,0.13645381006072668,0.09821089839545041,-1.9456263301207562e-17,1.0,-2.9177908968585347,3.499330104640609
2026-04-16,1000,912,0.912,912,0.10977451715792692,0.08616171660810765,7.791038769299344e-18,0.9999999999999999,-2.645116213796231,3.60450157240611
2026-04-17,1000,913,0.913,912,0.12063873640886365,0.09640279322765859,2.9184394951811343e-18,0.9999999999999999,-2.854104168111413,3.755987777053744
2026-04-20,1000,912,0.912,911,0.11922412692641612,0.10234890595364969,7.791038769299344e-18,1.0000000000000007,-3.1171601034403134,3.3781454835687774
2026-04-21,1000,911,0.911,911,0.09828319777353962,0.09943394792486292,2.9248466071354288e-18,0.9999999999999996,-2.932166048434636,3.4273439645579646
2026-04-22,1000,913,0.913,912,0.07692229023341089,0.0948166985618118,-1.556501064096605e-17,0.9999999999999996,-2.8709099654514825,3.498693684791574
2026-04-23,1000,909,0.909,909,0.05816641550937649,0.07885704635263384,2.4427349276681113e-17,1.0,-2.953995085429079,3.104853124086267
2026-04-24,1000,910,0.91,908,0.04828548836715506,0.0816780511761787,-1.9520404828574182e-17,1.0,-3.172509196174254,3.130657546398775
2026-04-27,1000,909,0.909,909,0.035758719198206085,0.059339621084900714,-3.908375884268978e-18,0.9999999999999996,-3.1767397480195876,3.1245692968103493
2026-04-28,1000,909,0.909,906,0.01834597553348152,0.02522116773595552,7.816751768537955e-18,1.0,-3.4267983665273665,3.021150962970626
2026-04-29,1000,908,0.908,903,0.015289906308610296,0.028260853878962502,5.86902039449422e-18,1.0000000000000002,-3.5149581580568086,2.9141293337760676
2026-04-30,1000,905,0.905,904,-0.014197845647126277,0.0216088161286398,-3.9256504738127085e-18,1.0000000000000002,-3.3078221959573453,2.8899988751477275
2026-05-06,1000,906,0.906,905,0.004330360425230062,0.041853953490905954,1.9606587631349343e-18,1.0,-3.4379138471154493,3.0333501984807683
2026-05-07,1000,909,0.909,909,0.016772969124595267,0.04728101023298826,-2.5404443247748358e-17,1.0,-3.3724506689833964,3.294507081739575
2026-05-08,1000,909,0.909,909,0.046909399179303375,0.07323281681898161,3.908375884268978e-18,1.0000000000000007,-3.038181538608917,3.338924032465607
2026-05-11,1000,910,0.91,910,0.03833530721556752,0.06112014079539702,5.856121448572254e-17,0.9999999999999994,-3.186702296314368,3.0934466121722517
2026-05-12,1000,908,0.908,908,0.039546515793109034,0.05714273760741508,1.3694380920486513e-17,1.0,-2.887882605769894,3.16181193906289
2026-05-13,1000,909,0.909,909,0.046803671089320216,0.03822083181353911,-3.908375884268978e-18,0.9999999999999997,-2.791497051991334,3.3014965671629146
2026-05-14,1000,906,0.906,906,0.04566996483755024,0.021393213024840606,-2.1567246394484276e-17,0.9999999999999993,-2.79087128482951,3.016515485007757
2026-05-15,1000,904,0.904,904,0.03633168848471626,0.01421211551709267,-6.8774877631646864e-18,1.0000000000000002,-3.017707965208463,3.321641030634439
2026-05-18,1000,904,0.904,904,0.05491589910407994,0.034179464831611606,-1.1789979022568034e-17,1.0000000000000004,-2.9804610094364246,3.2912590273727553
2026-05-19,1000,904,0.904,904,0.04397923046038259,0.00838555719752245,-5.894989511284017e-18,0.9999999999999997,-3.0459019182183042,3.293183132996352
2026-05-20,1000,902,0.902,902,0.05092575407419635,0.0006380667692892152,7.87741392195233e-18,0.9999999999999992,-3.0482549188599855,3.218268986551992
2026-05-21,1000,900,0.9,900,0.05269891032992791,0.0162056743946831,3.947459643111668e-18,1.0000000000000002,-3.1975819637037266,3.0860255166434634
2026-05-22,1000,900,0.9,900,0.051975425385223775,0.0055014883640019056,1.973729821555834e-18,0.9999999999999991,-3.234132829955566,3.3949462034071582
2026-05-25,1000,900,0.9,900,0.028470872004074315,-0.012207439441589422,1.1842378929335004e-17,1.0000000000000004,-3.357049252326879,3.4412650138061958
2026-05-26,1000,900,0.9,900,0.039522242982866766,-0.007406017983233582,2.3684757858670008e-17,1.0000000000000009,-3.4456093835192356,3.650515547084316
2026-05-27,1000,897,0.897,897,0.015467213225353679,-0.04134940269133403,9.901654623189803e-18,1.0000000000000002,-3.560471781758819,3.6044982846429763
2026-05-28,1000,896,0.896,895,0.04584392362150853,0.007194779509044066,-1.3877787807814457e-17,0.9999999999999999,-3.4559492425726,3.54037244925694
2026-05-29,1000,895,0.895,893,0.04390725772993741,0.005123019385042453,-9.923781225699724e-18,0.9999999999999997,-3.464895774254562,3.662825624152492
2026-06-01,1000,898,0.898,897,0.04500255783244295,-0.01407439968523778,-9.890628281738588e-18,0.9999999999999996,-3.4935815094134024,3.6177865547887467
2026-06-02,1000,896,0.896,895,0.0027379119827394844,-0.02226438426969903,3.568574007723718e-17,1.0000000000000007,-2.8807974203292277,3.7597686953100764
2026-06-03,1000,895,0.895,894,0.02390336234543193,0.006471767486719578,2.580183118681928e-17,1.0000000000000007,-2.875939163945243,3.4798281556260515
2026-06-04,1000,895,0.895,895,-0.014385258980674605,-0.021045497605434442,-1.1908537470839668e-17,1.0000000000000002,-2.566226745947128,3.0701958114054033
2026-06-05,1000,895,0.895,895,-0.03185649629480044,-0.014214810628987074,9.923781225699724e-18,1.0,-2.8246465427022724,3.157161552553695
2026-06-08,1000,892,0.892,892,-0.07169879205186266,-0.043596386883181716,9.957157171526067e-18,0.9999999999999991,-2.9167222502132257,3.389814844619255
2026-06-09,1000,894,0.894,894,-0.10406457866196539,-0.0710761304940153,-3.973952660850672e-18,1.0000000000000002,-3.049167058597537,3.3343914484374504
2026-06-10,1000,891,0.891,891,-0.13878652695302868,-0.09941237376456989,-7.974665945680137e-18,0.9999999999999999,-3.0243036606024982,3.231922150754671
2026-06-11,1000,891,0.891,891,-0.12815928478757907,-0.10879226264072109,-1.993666486420034e-17,0.9999999999999996,-3.107549480460249,3.3349429723573514
2026-06-12,1000,892,0.892,892,-0.0900694081611887,-0.0555347760980329,-2.5888608645967777e-17,1.0000000000000002,-3.3053214000481335,3.145396890706289
2026-06-15,1000,892,0.892,892,-0.05681094192609377,-0.0370569123183762,-2.9871471514578204e-18,1.0,-3.420028721090715,3.2015626905644075
2026-06-16,1000,892,0.892,892,-0.016490820192272652,-0.0036969677123520066,-2.5888608645967777e-17,0.9999999999999998,-3.3507679217340867,3.3295530451313824
2026-06-17,1000,892,0.892,892,-0.0023670425118105186,0.01343137482245643,-1.5931451474441708e-17,1.0,-3.378503192839324,2.9257503725785505
2026-06-18,1000,890,0.89,890,-0.0019578970334024736,0.007216266846453523,4.790175746697305e-17,0.9999999999999991,-3.522728872315257,2.98910185584497
2026-06-22,1000,892,0.892,892,-0.05994771033917932,-0.041922412187845835,-2.3897177211662563e-17,0.9999999999999999,-3.7168640606950207,3.293114540481743
2026-06-23,1000,892,0.892,892,-0.10099611129388483,-0.0721150677360918,1.9914314343052134e-17,1.0000000000000013,-3.31976709661552,3.4019438817262873
2026-06-24,1000,890,0.89,889,-0.1012253502531735,-0.08174588057164421,-3.991813122247754e-18,1.0000000000000004,-3.088301406639499,3.4185472268283847
2026-06-25,1000,889,0.889,888,-0.08004961969050667,-0.06727003827924566,-3.197042680585378e-17,0.9999999999999997,-2.865210155311499,3.4575014276851395
2026-06-26,1000,886,0.886,884,-0.08133179263716778,-0.09082588377613805,-1.6039339407677204e-17,1.0000000000000002,-3.3876755300134986,3.452073814848151
2026-06-29,1000,884,0.884,883,-0.0792427045864397,-0.08494059739472318,-3.014180157353366e-17,0.9999999999999994,-3.556365600284589,3.4179014611597647
2026-06-30,1000,881,0.881,880,-0.08020587774556415,-0.08033818507827335,2.8228145007495466e-17,1.0000000000000002,-2.952580779988185,3.651240163526972
2026-07-01,1000,889,0.889,889,-0.07370305925132623,-0.0861799259489482,-2.9972275130487915e-18,0.9999999999999992,-3.1500492252086425,3.405145251543871
2026-07-02,1000,886,0.886,886,-0.07872873073774757,-0.0922543938327221,-2.0049174259596505e-18,1.0,-2.911332498500272,3.3527725727446236
2026-07-03,1000,886,0.886,886,-0.03092483759239374,-0.054912190938954365,1.4034421981717555e-17,0.9999999999999994,-3.313209310850017,3.478283642328461
2026-07-06,1000,898,0.898,898,-0.05907283673020627,-0.10839491650983933,1.3846879594434024e-17,0.9999999999999983,-3.107750867502731,3.3081159890096306
2026-07-07,1000,895,0.895,895,-0.05064903374514392,-0.09750407746241235,7.939024980559778e-18,1.0,-2.67047191144526,3.5020366976031836
2026-07-08,1000,894,0.894,894,-0.02531499685237401,-0.0754702756436294,-2.3843715965104033e-17,0.9999999999999997,-2.606179275280218,3.3593495247984335
2026-07-09,1000,894,0.894,894,-0.057764648979560546,-0.07750261051855085,7.947905321701344e-18,0.9999999999999998,-2.409435210827307,3.6312244971643346
2026-07-10,1000,896,0.896,896,-0.07162974562068669,-0.07388262099745094,2.3790493384824782e-17,0.9999999999999996,-2.6287170768489405,4.220829268482307
2026-07-13,1000,895,0.895,894,-0.07957820558406319,-0.08797145105158238,7.939024980559778e-18,1.0,-2.806256995911445,4.474464324629069
2026-07-14,1000,895,0.895,894,-0.016635805203213658,0.0007916126876510759,-7.939024980559778e-18,1.0000000000000002,-2.914056425505451,4.560501405312776
2026-07-15,1000,899,0.899,898,-0.001497739828349927,-0.0044622977857417204,-1.7783327646943553e-17,0.9999999999999999,-3.4166712542186333,3.883071106994736
2026-07-16,1000,901,0.901,900,-0.021234572308487683,-0.03412893593906842,-3.7459245225976426e-17,1.0000000000000004,-3.8157623276453174,3.774580168429967
2026-07-17,1000,897,0.897,896,-0.057899372505513795,-0.0970074704074549,3.960661849275921e-18,1.000000000000001,-3.665949296280476,3.14174954483024
2026-07-20,1000,898,0.898,897,-0.15267313132480248,-0.18768127095134993,1.68140680789556e-17,0.9999999999999999,-3.2568065693294597,3.607527298155493
2026-07-21,1000,895,0.895,894,-0.14023970630063198,-0.15919033637855035,-6.946646857989807e-18,0.9999999999999997,-3.2214426108073724,3.6964365889345805
2026-07-22,1000,895,0.895,892,-0.1384494789300365,-0.1567366486140453,-2.0839940573969418e-17,0.9999999999999997,-3.1139718320210226,3.4393602694284002
2026-07-23,1000,896,0.896,894,-0.06343346535080427,-0.10204925646449356,9.912705577010326e-18,1.000000000000001,-3.37175682005978,3.554186877025235
2026-07-24,1000,892,0.892,890,-0.03337782688473787,-0.08347071544005234,1.1948588605831282e-17,1.0,-3.257065302493284,3.2368490909131586
2026-07-27,1000,897,0.897,896,0.028934572537280424,-0.021081996943289102,0.0,1.0000000000000002,-3.247626119985364,3.047927825959776
2026-07-28,1000,898,0.898,896,0.0025827802399115366,-0.08540282947999157,0.0,1.0,-2.9622594375450384,3.1387115768933587
2026-07-29,1000,903,0.903,902,-0.005960536376358398,-0.098236332222867,0.0,0.9999999999999997,-2.900773657243446,3.2071607542857707
2026-07-30,1000,904,0.904,903,-0.0056391510563054475,-0.09487763147539482,7.859986015045356e-18,1.0000000000000002,-2.8364498885022056,3.4135629263519327
2026-07-31,1000,907,0.907,906,-0.03343925240595935,-0.09938079721650002,3.916994133186881e-18,1.0000000000000009,-2.8290775485933457,3.3476318262782923
2026-08-03,1000,908,0.908,907,-0.0406822363879477,-0.10562180543598713,7.825360525992294e-18,1.0,-3.3178947684031637,3.4315483444849764
2026-08-04,1000,904,0.904,904,-0.0336835590568578,-0.057912668256082024,-2.3579958045136068e-17,1.0000000000000016,-3.5952275624535255,3.720004493706869
2026-08-05,1000,904,0.904,904,-0.029904549258848792,-0.036491078260582156,0.0,0.9999999999999997,-3.5142388936010462,4.327219153333405
2026-08-06,1000,905,0.905,905,-0.04126764357345196,-0.05444001405321804,0.0,1.0000000000000002,-3.261161578903776,4.520448210458796
2026-08-07,1000,905,0.905,905,-0.05685208707260918,-0.09795332502091945,-4.71078056857525e-17,0.9999999999999992,-2.733083967425957,4.042677378281969
2026-08-10,1000,907,0.907,906,-0.019490852001465508,-0.0752934290174177,-7.833988266373762e-18,0.9999999999999997,-2.769905263704371,3.357048180959669
2026-08-11,1000,905,0.905,905,-0.048898118066752344,-0.08235681525196101,0.0,0.9999999999999999,-2.346539998672376,3.416247396572549
2026-08-12,1000,905,0.905,905,-0.09511561917900933,-0.13313409604956425,1.5702601895250834e-17,0.999999999999999,-2.6652490388766354,3.4953060249024617
2026-08-13,1000,907,0.907,907,-0.11804772828048052,-0.14903643246557288,1.5667976532747524e-17,1.0000000000000007,-2.9920216374233117,3.583369742123578
2026-08-14,1000,899,0.899,898,-0.13164142424795436,-0.14495610814614482,-2.3711103529258072e-17,0.9999999999999999,-2.6633099786481442,3.567089016098065
2026-08-17,1000,902,0.902,900,-0.11471624231273694,-0.13872004646078426,4.9233837012202066e-17,1.0,-2.3842221338705003,3.898380315317258
2026-08-18,1000,901,0.901,899,-0.10894593401409784,-0.12490588920384105,4.9288480560495295e-18,0.9999999999999999,-2.5251648443893164,4.169452124346681
