date,group,formed_count,valid_count,mean_forward_return
2023-01-03,1,181,181,0.0704197096736108
2023-01-03,2,181,181,0.07572829136991974
2023-01-03,3,181,181,0.07672084673960182
2023-01-03,4,181,181,0.07187581560552421
2023-01-03,5,180,180,0.057824280105944925
2023-01-04,1,181,181,0.056626323946754716
2023-01-04,2,181,181,0.053573473314127776
2023-01-04,3,181,181,0.05827631097488389
2023-01-04,4,181,181,0.05987721073700395
2023-01-04,5,181,181,0.04735716607300279
2023-01-05,1,182,182,0.05868916005778026
2023-01-05,2,181,181,0.0602915937107588
2023-01-05,3,181,181,0.07321757548441818
2023-01-05,4,181,181,0.06834867073881284
2023-01-05,5,181,181,0.06030065304323536
2023-01-06,1,182,181,0.05527215213624148
2023-01-06,2,181,181,0.06389761147463696
2023-01-06,3,181,181,0.0561329542701143
2023-01-06,4,181,181,0.06244551170034059
2023-01-06,5,181,181,0.060491839623010926
2023-01-09,1,181,181,0.062166605670424535
2023-01-09,2,181,181,0.07017391932341674
2023-01-09,3,181,181,0.069183463233342
2023-01-09,4,181,181,0.07163759857919927
2023-01-09,5,181,181,0.06543314226680812
2023-01-10,1,181,181,0.06668619128082368
2023-01-10,2,181,181,0.0743953048181441
2023-01-10,3,181,181,0.07146798131580215
2023-01-10,4,181,181,0.06465803246713492
2023-01-10,5,181,181,0.06254719258934727
2023-01-11,1,181,181,0.07239438061742008
2023-01-11,2,181,181,0.09253056094195589
2023-01-11,3,180,180,0.06987530918165434
2023-01-11,4,181,181,0.0642122575051184
2023-01-11,5,180,179,0.06976086813974967
2023-01-12,1,181,181,0.054421016216802474
2023-01-12,2,180,180,0.07016899829249001
2023-01-12,3,181,181,0.06124510263349879
2023-01-12,4,180,180,0.051476392388794937
2023-01-12,5,180,180,0.04357140531977683
2023-01-13,1,181,181,0.04638111673603911
2023-01-13,2,180,180,0.05800167686071512
2023-01-13,3,181,181,0.054093848631483706
2023-01-13,4,180,180,0.03145271359555744
2023-01-13,5,180,180,0.028961351806172615
2023-01-16,1,181,181,0.058526765032736065
2023-01-16,2,181,181,0.05831296743521948
2023-01-16,3,181,181,0.0450677931472732
2023-01-16,4,181,181,0.054054824030761235
2023-01-16,5,181,181,0.0426103128866896
2023-01-17,1,182,182,0.057766176768485736
2023-01-17,2,181,181,0.045982197830686695
2023-01-17,3,181,181,0.05207583171369499
2023-01-17,4,181,181,0.06005977929684759
2023-01-17,5,181,181,0.038634986921584194
2023-01-18,1,182,182,0.06281304837725045
2023-01-18,2,182,182,0.04489809884319219
2023-01-18,3,182,182,0.06760199164567568
2023-01-18,4,182,182,0.055748282103757235
2023-01-18,5,181,181,0.045762616136642675
2023-01-19,1,182,182,0.054462475832978176
2023-01-19,2,181,181,0.03035631579087751
2023-01-19,3,182,182,0.03431543031189982
2023-01-19,4,181,181,0.05115005612814694
2023-01-19,5,181,181,0.03644931145825839
2023-01-20,1,183,183,0.02354470962614797
2023-01-20,2,182,182,0.004806661184098564
2023-01-20,3,183,183,0.008650866740415025
2023-01-20,4,182,182,0.02227292643748131
2023-01-20,5,182,182,0.02279140881483017
2023-01-30,1,183,183,0.014667415936565165
2023-01-30,2,183,183,0.015613853007737525
2023-01-30,3,182,182,0.02235962222974964
2023-01-30,4,183,183,0.02407801619007613
2023-01-30,5,182,182,0.03306159209197303
2023-01-31,1,183,183,0.01699131727878832
2023-01-31,2,183,183,0.015914264921254286
2023-01-31,3,183,183,0.02037874289527952
2023-01-31,4,183,183,0.04222418069244218
2023-01-31,5,182,182,0.022630514533992185
2023-02-01,1,184,184,0.00664648668326549
2023-02-01,2,183,183,0.012215996441066357
2023-02-01,3,183,183,0.014183178280871815
2023-02-01,4,183,183,0.03370076433201558
2023-02-01,5,183,183,0.018374969130963766
2023-02-02,1,184,184,0.012967106829911727
2023-02-02,2,183,183,0.008046820898453622
2023-02-02,3,184,184,0.02155100313022955
2023-02-02,4,183,183,0.035115775386799844
2023-02-02,5,183,183,0.021422301516552476
2023-02-03,1,184,184,0.01192775654795163
2023-02-03,2,184,184,0.021480599546999015
2023-02-03,3,184,183,0.030932996491440434
2023-02-03,4,184,184,0.03976269676802901
2023-02-03,5,183,183,0.030109937944913207
2023-02-06,1,184,184,0.013356463784015225
2023-02-06,2,184,184,0.015723860964034664
2023-02-06,3,183,182,0.036141349213285545
2023-02-06,4,184,184,0.02774163205928356
2023-02-06,5,183,183,0.02757739409756106
2023-02-07,1,184,184,-0.009917632214532247
2023-02-07,2,184,184,-0.011058298946355244
2023-02-07,3,184,183,0.002649968749357484
2023-02-07,4,184,184,0.014391233137658272
2023-02-07,5,183,183,-0.00369147476600776
2023-02-08,1,184,184,0.00429458347905334
2023-02-08,2,184,184,0.010427705206266253
2023-02-08,3,184,183,0.02411658483424814
2023-02-08,4,184,184,0.016868036936713505
2023-02-08,5,183,183,0.02536772077212439
2023-02-09,1,185,185,-0.015006886517636141
2023-02-09,2,184,184,-0.010834064638795698
2023-02-09,3,184,183,-0.009055028669907044
2023-02-09,4,184,184,0.007592632800196687
2023-02-09,5,184,184,-0.009323588511430976
2023-02-10,1,185,185,-0.02553068046997611
2023-02-10,2,184,184,-0.02058967085886354
2023-02-10,3,184,184,-0.014543574221815552
2023-02-10,4,184,184,-0.010481132238453804
2023-02-10,5,184,184,-0.014868763108880752
2023-02-13,1,184,184,-0.027144522267107098
2023-02-13,2,184,184,-0.01987455433135027
2023-02-13,3,184,184,-0.019055788907765346
2023-02-13,4,184,184,-0.020294435856474884
2023-02-13,5,184,184,-0.013724540344369233
2023-02-14,1,185,185,-0.03139130806118223
2023-02-14,2,184,184,-0.023191948954474403
2023-02-14,3,184,184,-0.0208041555185946
2023-02-14,4,184,184,-0.029816352730291446
2023-02-14,5,184,184,-0.02207614920245757
2023-02-15,1,185,185,-0.031569675921156136
2023-02-15,2,184,184,-0.027386585879499267
2023-02-15,3,185,185,-0.01802823909098013
2023-02-15,4,184,184,-0.03341851727908615
2023-02-15,5,184,184,-0.027885439239188146
2023-02-16,1,185,185,-0.023889170901478216
2023-02-16,2,184,184,-0.012188683492876525
2023-02-16,3,185,185,-0.018471920078565747
2023-02-16,4,184,184,-0.01340265187102746
2023-02-16,5,184,184,-0.00496504311264546
2023-02-17,1,185,185,-0.019220554175108297
2023-02-17,2,184,184,0.00031117088561348786
2023-02-17,3,185,185,-0.006772453508228721
2023-02-17,4,184,184,0.001005446887820419
2023-02-17,5,184,184,-0.0018993741821100513
2023-02-20,1,186,186,-0.03996159501061089
2023-02-20,2,185,185,-0.03426193411847016
2023-02-20,3,185,185,-0.024027190389398684
2023-02-20,4,185,185,-0.012464741530796098
2023-02-20,5,185,185,-0.023460520150202595
2023-02-21,1,187,187,-0.020869218009255376
2023-02-21,2,186,186,-0.017663228478987963
2023-02-21,3,186,186,-0.019762648406857774
2023-02-21,4,186,186,0.0003218546730559982
2023-02-21,5,186,186,-0.011661687820792655
2023-02-22,1,186,186,-0.023094105473859764
2023-02-22,2,186,186,-0.028170125627852385
2023-02-22,3,186,186,-0.009150379700720464
2023-02-22,4,186,186,-0.001052073014065016
2023-02-22,5,186,186,-0.014484962278307492
2023-02-23,1,186,186,-0.00824144735497353
2023-02-23,2,186,186,-0.01497398729673433
2023-02-23,3,186,186,0.01832519411433304
2023-02-23,4,186,186,-0.000689654198322358
2023-02-23,5,185,185,-0.009773633243200654
2023-02-24,1,186,186,-0.002092136245994155
2023-02-24,2,186,186,0.002675687007692093
2023-02-24,3,186,186,-7.34417228385175e-05
2023-02-24,4,186,186,0.007796882132080641
2023-02-24,5,185,185,0.005553099307542522
2023-02-27,1,185,185,-0.0005627706088974029
2023-02-27,2,185,185,0.0054879488888411885
2023-02-27,3,185,185,0.0031033641006816028
2023-02-27,4,185,185,0.004413440926269061
2023-02-27,5,184,184,0.004314255184830471
2023-02-28,1,186,186,-0.008915477509434881
2023-02-28,2,185,185,-0.0029795084672532683
2023-02-28,3,186,186,-0.00869189710010418
2023-02-28,4,185,185,-0.01857641059185833
2023-02-28,5,185,185,-0.0025671148642479524
2023-03-01,1,186,186,-0.020440654025500365
2023-03-01,2,186,186,-0.030311167166265217
2023-03-01,3,186,186,-0.026366815618736935
2023-03-01,4,186,186,-0.020352409643207416
2023-03-01,5,186,186,-0.013386407388634516
2023-03-02,1,186,186,-0.02077139320635416
2023-03-02,2,186,186,-0.029981019564899826
2023-03-02,3,186,186,-0.021156237135992843
2023-03-02,4,186,186,-0.019992752239588785
2023-03-02,5,186,186,-0.011778460282249287
2023-03-03,1,187,186,-0.0227207795872506
2023-03-03,2,186,186,-0.0124357776490894
2023-03-03,3,186,186,-0.013346621242955369
2023-03-03,4,186,186,-0.015244205003734069
2023-03-03,5,186,186,-3.8037739409573915e-05
2023-03-06,1,186,186,0.004465713551047738
2023-03-06,2,186,186,-0.009212146760559817
2023-03-06,3,186,186,-0.0013895435246269706
2023-03-06,4,186,186,-0.004137293822939428
2023-03-06,5,185,185,0.018353419219897596
2023-03-07,1,186,186,0.022320329886915645
2023-03-07,2,185,185,0.016994917334524982
2023-03-07,3,186,186,0.0016626011375828597
2023-03-07,4,185,185,0.020957193041954668
2023-03-07,5,185,185,0.03855451824722624
2023-03-08,1,186,186,0.02057077658973835
2023-03-08,2,186,186,0.007575545897195707
2023-03-08,3,185,185,0.0016321697023950023
2023-03-08,4,186,186,0.01707849983594095
2023-03-08,5,185,185,0.033215546864525554
2023-03-09,1,186,186,0.039737872213588925
2023-03-09,2,186,186,0.022437245104875457
2023-03-09,3,185,185,0.02597214795947231
2023-03-09,4,186,186,0.03050392703780752
2023-03-09,5,185,185,0.046192110648119365
2023-03-10,1,185,185,0.042251214486809206
2023-03-10,2,185,185,0.020441288556523426
2023-03-10,3,184,184,0.02199377362575899
2023-03-10,4,185,185,0.02882165603319541
2023-03-10,5,184,184,0.04194402034869477
2023-03-13,1,185,185,0.038985540103789476
2023-03-13,2,184,184,0.018210991327082194
2023-03-13,3,185,185,0.020877573208865106
2023-03-13,4,184,184,0.02333411276996421
2023-03-13,5,184,184,0.03589778614747503
2023-03-14,1,185,185,0.047564629807509785
2023-03-14,2,184,184,0.02994902097826307
2023-03-14,3,185,185,0.02098617111070411
2023-03-14,4,184,184,0.030896980747506603
2023-03-14,5,184,184,0.05399870600452644
2023-03-15,1,185,185,0.04731294983968264
2023-03-15,2,185,185,0.013499809188403785
2023-03-15,3,185,185,0.04306942185554085
2023-03-15,4,185,185,0.0177723802547128
2023-03-15,5,185,185,0.05100998273294899
2023-03-16,1,185,184,0.023243081327664013
2023-03-16,2,184,184,0.048210178544165955
2023-03-16,3,184,184,0.025896287952997313
2023-03-16,4,184,184,0.03187929606001068
2023-03-16,5,184,184,0.05554935233816836
2023-03-17,1,185,185,0.023621522113487725
2023-03-17,2,184,184,0.033151707509238605
2023-03-17,3,185,185,0.043029561076721734
2023-03-17,4,184,184,0.0404030736097284
2023-03-17,5,184,184,0.04464512610105399
2023-03-20,1,185,185,0.023800236115250128
2023-03-20,2,184,184,0.031110883116249183
2023-03-20,3,184,184,0.048593473695269986
2023-03-20,4,184,184,0.04115043404176414
2023-03-20,5,184,184,0.050867193277194814
2023-03-21,1,185,185,0.008229364855704137
2023-03-21,2,184,184,0.012606646891816958
2023-03-21,3,185,185,0.010959003313728245
2023-03-21,4,184,184,0.0381746592850049
2023-03-21,5,184,184,0.03475875763104054
2023-03-22,1,185,185,-0.0018118792614603616
2023-03-22,2,185,185,0.005263282483807276
2023-03-22,3,184,184,0.017363357729907544
2023-03-22,4,185,185,0.03664054466239756
2023-03-22,5,184,184,0.03411928211578919
2023-03-23,1,185,185,-0.0341478575929696
2023-03-23,2,184,184,-0.014603839277587806
2023-03-23,3,184,184,-0.012909974217238818
2023-03-23,4,184,184,-0.005940836743694817
2023-03-23,5,184,184,-0.006129957804457825
2023-03-24,1,185,185,-0.035939917475058744
2023-03-24,2,185,185,-0.018014490774561655
2023-03-24,3,185,185,-0.013552638292516805
2023-03-24,4,185,185,-0.015550770470283205
2023-03-24,5,184,184,-0.013138922690370198
2023-03-27,1,184,184,-0.0360725169867043
2023-03-27,2,184,184,-0.029223192876625666
2023-03-27,3,183,183,-0.037879023492608695
2023-03-27,4,184,184,-0.03059288179710953
2023-03-27,5,183,183,-0.04382950198888197
2023-03-28,1,184,184,-0.02931229433703553
2023-03-28,2,183,182,-0.01465879052114265
2023-03-28,3,184,183,-0.03141338250485446
2023-03-28,4,183,183,-0.02973878821304674
2023-03-28,5,183,182,-0.03833735771260431
2023-03-29,1,183,183,-0.003961312936357015
2023-03-29,2,182,180,-0.008878863327267832
2023-03-29,3,183,183,-0.0215142857991055
2023-03-29,4,182,182,-0.03423774216731011
2023-03-29,5,182,182,-0.03329250515730365
2023-03-30,1,182,181,0.014360247684992458
2023-03-30,2,182,181,-0.0004635608537806773
2023-03-30,3,182,182,-0.013478702810907801
2023-03-30,4,182,182,-0.016428369979654953
2023-03-30,5,182,182,-0.02392370370671705
2023-03-31,1,182,182,0.009185697134570087
2023-03-31,2,182,181,-0.0016149185518346306
2023-03-31,3,181,181,-0.002859353815859729
2023-03-31,4,182,182,-0.021356091134987595
2023-03-31,5,181,181,-0.02876084475510459
2023-04-03,1,182,181,0.0018385805271092658
2023-04-03,2,182,182,-0.03374735975417746
2023-04-03,3,182,182,-0.02116240752199783
2023-04-03,4,182,182,-0.029566535285712698
2023-04-03,5,182,182,-0.05042974566838884
2023-04-04,1,183,182,-0.001740691119679079
2023-04-04,2,182,182,-0.009813284361027822
2023-04-04,3,182,182,-0.01014137406137881
2023-04-04,4,182,182,-0.02778231523358355
2023-04-04,5,182,182,-0.037111334871382066
2023-04-06,1,183,182,-0.018255098996828714
2023-04-06,2,182,182,-0.023237187706288468
2023-04-06,3,182,182,-0.03701431473138445
2023-04-06,4,182,182,-0.03448443923166112
2023-04-06,5,182,181,-0.04903137908345812
2023-04-07,1,183,182,-0.018378507672163334
2023-04-07,2,182,182,-0.026463929134093997
2023-04-07,3,182,182,-0.05069018224633097
2023-04-07,4,182,182,-0.0463784000118648
2023-04-07,5,182,181,-0.05048206600337357
2023-04-10,1,182,181,-0.007167480038868402
2023-04-10,2,182,182,-0.03181614640242191
2023-04-10,3,182,182,-0.026722220773491352
2023-04-10,4,182,182,-0.03877398618444381
2023-04-10,5,181,180,-0.043988561580906006
2023-04-11,1,183,183,-0.02627563097400347
2023-04-11,2,182,182,-0.04885813008982164
2023-04-11,3,182,181,-0.042151820891279196
2023-04-11,4,182,182,-0.05159699372190593
2023-04-11,5,182,181,-0.06040551525414228
2023-04-12,1,184,184,-0.03320263707937718
2023-04-12,2,183,183,-0.04359652549075209
2023-04-12,3,183,183,-0.041761516510620884
2023-04-12,4,183,183,-0.025285784115965913
2023-04-12,5,183,182,-0.05863852127629345
2023-04-13,1,184,184,-0.04477292482437162
2023-04-13,2,183,183,-0.05075858011297165
2023-04-13,3,184,184,-0.052991412943362314
2023-04-13,4,183,183,-0.03948407852976045
2023-04-13,5,183,182,-0.06068273463295992
2023-04-14,1,184,183,-0.045169706123463424
2023-04-14,2,183,183,-0.044822139693834556
2023-04-14,3,184,184,-0.04476564457323336
2023-04-14,4,183,183,-0.0338706401741949
2023-04-14,5,183,182,-0.04780320147549038
2023-04-17,1,184,184,-0.052778407610776325
2023-04-17,2,183,183,-0.05543927366182639
2023-04-17,3,184,184,-0.04295500125534252
2023-04-17,4,183,183,-0.0448944654976301
2023-04-17,5,183,182,-0.047925871072083806
2023-04-18,1,184,184,-0.058223825789427204
2023-04-18,2,183,183,-0.05086500985039373
2023-04-18,3,184,184,-0.039606865545439775
2023-04-18,4,183,183,-0.04597957705218937
2023-04-18,5,183,182,-0.039344262722283196
2023-04-19,1,183,183,-0.04991226676843078
2023-04-19,2,183,183,-0.046688288997540045
2023-04-19,3,183,183,-0.032827317391261324
2023-04-19,4,183,183,-0.03188583967817618
2023-04-19,5,183,182,-0.03727198741993265
2023-04-20,1,183,183,-0.05501533042567004
2023-04-20,2,183,183,-0.06249057819097867
2023-04-20,3,183,183,-0.039234518983255556
2023-04-20,4,183,183,-0.042412204506633466
2023-04-20,5,183,183,-0.04566510702002426
2023-04-21,1,183,183,-0.03688379746892425
2023-04-21,2,182,182,-0.03200092101117002
2023-04-21,3,182,182,-0.025290739723889698
2023-04-21,4,182,182,-0.03156134810723496
2023-04-21,5,182,182,-0.03145611482271791
2023-04-24,1,183,183,-0.04085715844154432
2023-04-24,2,182,182,-0.012980773328642099
2023-04-24,3,182,182,-0.031260796809126835
2023-04-24,4,182,182,-0.026269865681931074
2023-04-24,5,182,182,-0.027125718659858782
2023-04-25,1,183,183,-0.0052516633147779495
2023-04-25,2,182,182,-0.002944240314388183
2023-04-25,3,182,182,0.010464287474462007
2023-04-25,4,182,182,0.005356908664987784
2023-04-25,5,182,182,-0.004400214690291178
2023-04-26,1,183,183,-0.01130371677828037
2023-04-26,2,182,182,-0.0020213678749323124
2023-04-26,3,183,183,-0.009391500737386132
2023-04-26,4,182,182,-0.0028310900747613673
2023-04-26,5,182,180,-0.020263578607963198
2023-04-27,1,182,182,-0.016542309627934317
2023-04-27,2,182,182,-0.004800196069259397
2023-04-27,3,182,182,-0.005821548281005563
2023-04-27,4,182,182,-0.007436694738714219
2023-04-27,5,182,181,-0.01139279153317648
2023-04-28,1,183,182,-0.022674880847902038
2023-04-28,2,183,183,-0.02112699249635609
2023-04-28,3,182,182,-0.024612400040747544
2023-04-28,4,183,183,-0.02768200332098656
2023-04-28,5,182,182,-0.03023743186559412
2023-05-04,1,183,183,-0.02174444493333043
2023-05-04,2,183,183,-0.022070485779155852
2023-05-04,3,182,182,-0.023975664660076737
2023-05-04,4,183,183,-0.04311762298484531
2023-05-04,5,182,182,-0.021475138106890918
2023-05-05,1,183,183,-0.001006094333802729
2023-05-05,2,183,183,-0.010838292149392983
2023-05-05,3,182,182,-0.01327923580731716
2023-05-05,4,183,183,-0.021783832967739503
2023-05-05,5,182,182,-0.012533531126732696
2023-05-08,1,184,184,-0.005368702976121377
2023-05-08,2,183,183,-0.009118555943390453
2023-05-08,3,184,184,-0.02308358667183558
2023-05-08,4,183,183,-0.033362225183046726
2023-05-08,5,183,183,-0.024474284843216922
2023-05-09,1,184,184,-0.011691948006291905
2023-05-09,2,183,183,-0.01728556032099698
2023-05-09,3,183,183,-0.02048984990467294
2023-05-09,4,183,182,-0.036666689970970515
2023-05-09,5,183,183,-0.03266953540688963
2023-05-10,1,183,183,-0.009307218982470743
2023-05-10,2,183,182,-0.022495920052929087
2023-05-10,3,183,183,-0.025777583797065108
2023-05-10,4,183,183,-0.0335505912403823
2023-05-10,5,183,183,-0.030485061883586833
2023-05-11,1,184,184,-0.01709330227699879
2023-05-11,2,183,182,-0.02014773408649642
2023-05-11,3,183,183,-0.014819812509510793
2023-05-11,4,183,183,-0.02567734640597702
2023-05-11,5,183,183,-0.029872257095233213
2023-05-12,1,183,183,-0.002683994954652913
2023-05-12,2,183,183,-0.004011046575251713
2023-05-12,3,183,182,-0.008473618410056796
2023-05-12,4,183,183,-0.003493374076234295
2023-05-12,5,182,182,-0.018618116402445577
2023-05-15,1,183,183,-0.0022287775533515576
2023-05-15,2,183,182,-0.008616528303131971
2023-05-15,3,183,183,-0.010003172422440466
2023-05-15,4,183,183,-0.009324381282418972
2023-05-15,5,183,183,-0.013148943713654469
2023-05-16,1,183,183,0.014097579142338947
2023-05-16,2,183,183,0.0033466984208130935
2023-05-16,3,182,181,0.010648615364354429
2023-05-16,4,183,183,0.00756525759709971
2023-05-16,5,182,182,0.010314794688146495
2023-05-17,1,183,183,0.009875113826822029
2023-05-17,2,182,182,0.0006124809320460668
2023-05-17,3,183,182,0.003806087330843922
2023-05-17,4,182,181,0.005374863454374402
2023-05-17,5,182,182,-0.0015686302942941263
2023-05-18,1,183,183,0.00882323088640687
2023-05-18,2,182,182,0.011826803874394035
2023-05-18,3,182,181,0.015741103936261474
2023-05-18,4,182,182,0.0035195504327178244
2023-05-18,5,182,181,0.011718872426896081
2023-05-19,1,182,182,0.016087942786632614
2023-05-19,2,182,182,0.00662222447634074
2023-05-19,3,181,181,0.025443977206584662
2023-05-19,4,182,182,0.0213685887580408
2023-05-19,5,181,180,0.018050499088710165
2023-05-22,1,182,182,0.010137141376028783
2023-05-22,2,181,181,0.005032942096182911
2023-05-22,3,182,182,0.016987492042847708
2023-05-22,4,181,181,0.005216565829439495
2023-05-22,5,181,180,0.029265517114866392
2023-05-23,1,181,181,0.024741767521504157
2023-05-23,2,181,181,0.013498881976566554
2023-05-23,3,181,181,0.03057625184411839
2023-05-23,4,181,181,0.004622500850204225
2023-05-23,5,180,180,0.049669990841634815
2023-05-24,1,181,181,0.005594527783697458
2023-05-24,2,181,181,-0.004591564482283762
2023-05-24,3,181,181,0.01230759800496876
2023-05-24,4,181,181,-0.0024515206602345255
2023-05-24,5,180,180,0.02324414410767858
2023-05-25,1,181,181,-0.0019421794696145502
2023-05-25,2,181,181,-0.005771855316962902
2023-05-25,3,181,181,-0.0069449694627226706
2023-05-25,4,181,181,-0.006682637689999733
2023-05-25,5,180,180,0.007084360792811897
2023-05-26,1,181,181,-0.00489343189310836
2023-05-26,2,181,181,0.004325341387336871
2023-05-26,3,181,181,-0.004804486905464216
2023-05-26,4,181,181,0.004865912909568279
2023-05-26,5,181,181,0.008129663400501669
2023-05-29,1,181,181,0.000238233915048305
2023-05-29,2,181,181,-0.0013657544411563548
2023-05-29,3,180,180,-0.0010045853406844786
2023-05-29,4,181,181,0.00715692793192215
2023-05-29,5,180,180,0.01449311543968047
2023-05-30,1,181,181,0.00184252201768132
2023-05-30,2,180,180,-0.00034944131284685555
2023-05-30,3,181,181,-0.0003723955922484135
2023-05-30,4,180,180,0.00399144032115537
2023-05-30,5,180,180,0.017160332293662487
2023-05-31,1,180,180,0.022418411216169245
2023-05-31,2,180,180,0.012031446770017001
2023-05-31,3,180,180,0.009289407394877552
2023-05-31,4,180,180,0.02178157526314041
2023-05-31,5,180,180,0.04324798571079786
2023-06-01,1,181,181,0.020065918087600988
2023-06-01,2,180,180,0.011497633782310994
2023-06-01,3,180,180,0.010300925583754589
2023-06-01,4,180,180,0.030546506490805817
2023-06-01,5,180,179,0.031123128464236188
2023-06-02,1,181,181,0.0065003471532371565
2023-06-02,2,180,180,0.010974293104669868
2023-06-02,3,180,180,0.012079417109561157
2023-06-02,4,180,180,0.009773807645951453
2023-06-02,5,180,179,0.02702921475693562
2023-06-05,1,180,180,-0.0037145411996459847
2023-06-05,2,180,180,0.008891001674752978
2023-06-05,3,180,180,0.007826299933103045
2023-06-05,4,180,180,0.004796210123039551
2023-06-05,5,179,178,0.01528626995808164
2023-06-06,1,180,180,0.019436211541427502
2023-06-06,2,179,179,0.013145428454998885
2023-06-06,3,180,180,0.017578950247598108
2023-06-06,4,179,179,0.029228999232676103
2023-06-06,5,179,179,0.019903844981254984
2023-06-07,1,180,179,0.023585963819890966
2023-06-07,2,179,179,0.024514449765736496
2023-06-07,3,179,179,0.015053771971696878
2023-06-07,4,179,179,0.027462655641891105
2023-06-07,5,179,179,0.01241349296386675
2023-06-08,1,180,180,0.0290786546094653
2023-06-08,2,179,179,0.01678321465660201
2023-06-08,3,180,180,0.017867870402392634
2023-06-08,4,179,179,0.016382203090587272
2023-06-08,5,179,179,0.013418093893468524
2023-06-09,1,179,179,0.036312882811357715
2023-06-09,2,179,179,0.017607237828641386
2023-06-09,3,179,179,0.01406801765957191
2023-06-09,4,179,179,0.02887875509092645
2023-06-09,5,179,179,0.014947761070390368
2023-06-12,1,180,180,0.0076826032708951116
2023-06-12,2,179,179,0.013658371015357036
2023-06-12,3,179,179,0.0023105538784198663
2023-06-12,4,179,179,0.010859444511442874
2023-06-12,5,179,179,4.870600676639859e-05
2023-06-13,1,180,180,0.012767383739145972
2023-06-13,2,180,180,0.017515474798639737
2023-06-13,3,179,179,0.015674142515010425
2023-06-13,4,180,180,0.0026659348409853634
2023-06-13,5,179,179,0.01494996221775322
2023-06-14,1,179,179,0.010203895450361834
2023-06-14,2,179,179,0.009117511296899467
2023-06-14,3,179,179,0.004950612423663237
2023-06-14,4,179,179,0.000728563365604332
2023-06-14,5,179,179,0.009688747978137166
2023-06-15,1,180,180,0.005776841592979633
2023-06-15,2,179,179,-0.0004556865506110665
2023-06-15,3,179,179,-0.0075378184804918615
2023-06-15,4,179,179,-0.002098496149334421
2023-06-15,5,179,179,0.0024926121097961335
2023-06-16,1,180,180,-0.001505662113894343
2023-06-16,2,180,180,-0.008026804049116258
2023-06-16,3,179,179,-0.017566966063915432
2023-06-16,4,180,180,-0.010825113585083819
2023-06-16,5,179,179,-0.008097465933410814
2023-06-19,1,180,180,0.0017750302002166268
2023-06-19,2,180,180,-0.0007759682615818509
2023-06-19,3,179,179,-0.006662672466473935
2023-06-19,4,180,180,-0.007732241501764553
2023-06-19,5,179,179,-0.005856496217043405
2023-06-20,1,180,180,-0.005687963708138791
2023-06-20,2,180,180,-0.01238727446680088
2023-06-20,3,179,179,-0.009837979232845117
2023-06-20,4,180,180,-0.01151407141927927
2023-06-20,5,179,179,-0.022628028109905215
2023-06-21,1,180,180,0.016247834109975066
2023-06-21,2,180,180,0.011717236996773989
2023-06-21,3,180,180,0.009163608022813394
2023-06-21,4,180,180,0.008426144841096349
2023-06-21,5,180,180,-0.000984309730516766
2023-06-26,1,181,181,0.026435313801755695
2023-06-26,2,180,180,0.04446935200659022
2023-06-26,3,180,180,0.03512714318740819
2023-06-26,4,180,180,0.02822556459642076
2023-06-26,5,180,180,0.02289406389205987
2023-06-27,1,181,181,0.018794511753855082
2023-06-27,2,181,181,0.03069770062262517
2023-06-27,3,181,181,0.034634659349815654
2023-06-27,4,181,181,0.03342994694217843
2023-06-27,5,180,180,0.00755310003774587
2023-06-28,1,181,181,0.023394653452069477
2023-06-28,2,180,180,0.03287012798899221
2023-06-28,3,181,181,0.03204113973511843
2023-06-28,4,180,180,0.029615296737992874
2023-06-28,5,180,180,0.004876889094311425
2023-06-29,1,181,181,0.008354621392024133
2023-06-29,2,180,180,0.025456489978364485
2023-06-29,3,181,181,0.026780514016869397
2023-06-29,4,180,180,0.014661088884848109
2023-06-29,5,180,180,-0.01386395493341898
2023-06-30,1,182,182,0.01535492863840434
2023-06-30,2,181,181,0.03726920275690406
2023-06-30,3,181,181,0.02945521385470374
2023-06-30,4,181,181,0.028118737460529706
2023-06-30,5,181,181,-0.014114875414843903
2023-07-03,1,182,181,0.014596935596645348
2023-07-03,2,181,181,0.037406187893386025
2023-07-03,3,182,182,0.0332194014139317
2023-07-03,4,181,181,0.021692887132548605
2023-07-03,5,181,181,-0.018323388697269342
2023-07-04,1,182,182,0.015451200568206104
2023-07-04,2,181,181,0.027925437158051816
2023-07-04,3,181,181,0.026767471136297148
2023-07-04,4,181,181,0.010905673542180938
2023-07-04,5,181,181,-0.013861929498320448
2023-07-05,1,180,180,0.0161516118470063
2023-07-05,2,180,180,0.03530676241561354
2023-07-05,3,180,180,0.03348964808055993
2023-07-05,4,180,180,0.014665064418567346
2023-07-05,5,180,180,-0.014219193810855511
2023-07-06,1,180,180,0.02906476715839571
2023-07-06,2,180,180,0.04796451405904202
2023-07-06,3,180,180,0.047983451276644634
2023-07-06,4,180,180,0.028838782567152894
2023-07-06,5,179,179,0.0035405125546710643
2023-07-07,1,181,181,0.023152269337612535
2023-07-07,2,180,180,0.0404081040797429
2023-07-07,3,180,180,0.047516537550827936
2023-07-07,4,180,180,0.021700557979979305
2023-07-07,5,180,180,0.001296428302770954
2023-07-10,1,180,180,0.016769341743878268
2023-07-10,2,180,180,0.028323611658252944
2023-07-10,3,180,180,0.039930403402584115
2023-07-10,4,180,180,0.014992947429182375
2023-07-10,5,180,180,0.008260513100547264
2023-07-11,1,180,180,0.002410791186812775
2023-07-11,2,180,180,0.01964823842480818
2023-07-11,3,180,180,0.03132705290612006
2023-07-11,4,180,180,0.014795883301943178
2023-07-11,5,180,180,-0.008259390776271823
2023-07-12,1,180,180,0.004105297726909918
2023-07-12,2,179,179,0.021168492990591457
2023-07-12,3,180,180,0.02680116082152838
2023-07-12,4,179,179,0.02419083422676409
2023-07-12,5,179,179,-0.009327131693442701
2023-07-13,1,180,180,-0.008670075198034585
2023-07-13,2,180,180,0.008644816119362405
2023-07-13,3,180,180,0.021461102424521632
2023-07-13,4,180,180,0.01842244004308153
2023-07-13,5,179,179,-0.0067237188253069236
2023-07-14,1,180,180,-0.03795958232433808
2023-07-14,2,179,179,-0.013752819546322409
2023-07-14,3,180,180,0.00020233038604003446
2023-07-14,4,179,179,-0.01258746624660074
2023-07-14,5,179,179,-0.025689944223683727
2023-07-17,1,180,180,-0.03192937094199505
2023-07-17,2,179,179,0.00371698401423856
2023-07-17,3,180,180,0.0019273483150793322
2023-07-17,4,179,179,0.005111608320900307
2023-07-17,5,179,179,-0.021850758331381292
2023-07-18,1,180,180,-0.036574042449979666
2023-07-18,2,179,179,-0.00484390546281115
2023-07-18,3,180,180,-0.0012899053632989734
2023-07-18,4,179,179,-0.005329398403532081
2023-07-18,5,179,179,-0.027004856804904855
2023-07-19,1,180,180,-0.0463922061993879
2023-07-19,2,179,179,-0.013416943227159181
2023-07-19,3,179,179,-0.013432954941670221
2023-07-19,4,179,179,-0.02052920900384817
2023-07-19,5,179,179,-0.03291138143963728
2023-07-20,1,179,179,-0.018880138314348722
2023-07-20,2,179,179,0.008800356470055299
2023-07-20,3,179,179,-0.0015938533056369581
2023-07-20,4,179,179,0.01021352640797918
2023-07-20,5,179,179,-0.010044462398446719
2023-07-21,1,180,180,-0.03075516692232642
2023-07-21,2,179,179,-0.01956788558569752
2023-07-21,3,180,180,-0.015880546454525656
2023-07-21,4,179,179,-0.016590511594184496
2023-07-21,5,179,179,-0.024648015381741575
2023-07-24,1,180,180,-0.05011764027124014
2023-07-24,2,179,179,-0.035174363161492396
2023-07-24,3,179,179,-0.033589643155894675
2023-07-24,4,179,179,-0.030868987413292637
2023-07-24,5,179,179,-0.03962247610802321
2023-07-25,1,180,180,-0.05444427626692001
2023-07-25,2,180,180,-0.05462918295599766
2023-07-25,3,180,180,-0.03753129314721801
2023-07-25,4,180,180,-0.03435063227936842
2023-07-25,5,180,180,-0.04081226213582912
2023-07-26,1,182,182,-0.06146985714228654
2023-07-26,2,182,182,-0.053854815926208166
2023-07-26,3,181,181,-0.04625935005225652
2023-07-26,4,182,182,-0.05023113425487546
2023-07-26,5,181,181,-0.049998417554359006
2023-07-27,1,182,182,-0.059014364100710426
2023-07-27,2,182,182,-0.04435953313567988
2023-07-27,3,182,182,-0.05071485125166138
2023-07-27,4,182,182,-0.044878415969248485
2023-07-27,5,181,181,-0.04733862976633825
2023-07-28,1,183,183,-0.032504041479290105
2023-07-28,2,182,182,-0.0331884761543645
2023-07-28,3,182,182,-0.022858843649843096
2023-07-28,4,182,182,-0.03243762468988241
2023-07-28,5,182,182,-0.026232302043882653
2023-07-31,1,183,183,-0.07680758299804272
2023-07-31,2,183,183,-0.07711971265919657
2023-07-31,3,182,182,-0.06950858677549099
2023-07-31,4,183,183,-0.07199682905640034
2023-07-31,5,182,181,-0.06696613606119943
2023-08-01,1,183,183,-0.03984519329311985
2023-08-01,2,183,183,-0.05117257140204175
2023-08-01,3,182,182,-0.04710289556204693
2023-08-01,4,183,183,-0.05105045686195855
2023-08-01,5,182,181,-0.04754248683654875
2023-08-02,1,184,184,-0.040120325664647405
2023-08-02,2,183,183,-0.04229407616628983
2023-08-02,3,183,183,-0.04005683066680243
2023-08-02,4,183,182,-0.052953020240333
2023-08-02,5,183,183,-0.053625082020765664
2023-08-03,1,183,183,-0.04835321233622483
2023-08-03,2,183,183,-0.0499767131669462
2023-08-03,3,183,183,-0.058756852501581816
2023-08-03,4,183,182,-0.06370199986024927
2023-08-03,5,183,183,-0.06831289456658866
2023-08-04,1,184,184,-0.04672515929222729
2023-08-04,2,184,184,-0.04057666636875259
2023-08-04,3,183,182,-0.049759105986303745
2023-08-04,4,184,184,-0.05083580952767624
2023-08-04,5,183,183,-0.05978551063805393
2023-08-07,1,184,184,-0.03143183642671441
2023-08-07,2,184,184,-0.023665492488964768
2023-08-07,3,184,184,-0.037843180537228696
2023-08-07,4,184,183,-0.02872707604422664
2023-08-07,5,183,183,-0.047985051202287764
2023-08-08,1,184,184,-0.034079312430834945
2023-08-08,2,184,184,-0.028183742546069455
2023-08-08,3,184,184,-0.042222949774147804
2023-08-08,4,184,183,-0.03996465267908863
2023-08-08,5,183,183,-0.04550652799738984
2023-08-09,1,185,185,-0.020263712611849134
2023-08-09,2,184,184,-0.02804555160698208
2023-08-09,3,184,184,-0.030266714388926724
2023-08-09,4,184,183,-0.0314913472227735
2023-08-09,5,184,184,-0.036022247556246015
2023-08-10,1,184,184,-0.04361575958051938
2023-08-10,2,184,184,-0.04856173218035455
2023-08-10,3,184,184,-0.05017058336699839
2023-08-10,4,184,183,-0.03819344364096128
2023-08-10,5,184,184,-0.058177238626332
2023-08-11,1,183,183,-0.006824600740619417
2023-08-11,2,183,183,-0.01865450968126758
2023-08-11,3,183,183,-0.02019487100846503
2023-08-11,4,183,182,-0.010072738568846221
2023-08-11,5,183,183,-0.020327960729124944
2023-08-14,1,184,184,-0.004913262035761487
2023-08-14,2,183,183,-0.021930380077881968
2023-08-14,3,183,183,-0.015327110023403956
2023-08-14,4,183,183,-0.018930776628932677
2023-08-14,5,183,183,-0.0171566944897342
2023-08-15,1,183,183,-0.0015402692350972426
2023-08-15,2,182,182,-0.010580593491806059
2023-08-15,3,183,183,-0.009755201204186326
2023-08-15,4,182,182,-0.009374950246732544
2023-08-15,5,182,182,-0.011661104594275726
2023-08-16,1,183,183,0.0014136370316261417
2023-08-16,2,183,183,-0.014738806319471862
2023-08-16,3,182,182,-0.019998244425491894
2023-08-16,4,183,183,-0.002140681278264126
2023-08-16,5,182,182,-0.010277959509062207
2023-08-17,1,183,183,-0.01816576055299137
2023-08-17,2,183,183,-0.02671192016882226
2023-08-17,3,183,183,-0.02009878107125717
2023-08-17,4,183,183,-0.01613228846480248
2023-08-17,5,183,183,-0.019541436370480822
2023-08-18,1,183,183,-0.0005358142444335326
2023-08-18,2,183,183,-0.007608045577080224
2023-08-18,3,182,182,-0.004928793255156715
2023-08-18,4,183,183,-0.006099483537697207
2023-08-18,5,182,182,-0.008880465884706945
2023-08-21,1,183,183,0.011018036802389594
2023-08-21,2,183,183,0.0004295160803079183
2023-08-21,3,182,182,0.010417756472266913
2023-08-21,4,183,183,0.000678816043232024
2023-08-21,5,182,182,0.003551864905982791
2023-08-22,1,183,183,-0.0004049848460757445
2023-08-22,2,182,182,-0.005588385863053876
2023-08-22,3,183,183,0.0020912207612087085
2023-08-22,4,182,182,-0.003553960376061007
2023-08-22,5,182,182,-0.005763571017567702
2023-08-23,1,183,183,0.010102610380622355
2023-08-23,2,182,182,0.002694890543176794
2023-08-23,3,183,183,0.0008275459141846629
2023-08-23,4,182,182,0.0031989175724967435
2023-08-23,5,182,182,0.006466244749001567
2023-08-24,1,183,183,0.005305334795170647
2023-08-24,2,183,183,0.0037333389568105437
2023-08-24,3,182,182,0.0014856846261329512
2023-08-24,4,183,183,0.001529331269589887
2023-08-24,5,182,182,0.00303546297155071
2023-08-25,1,182,182,-0.020951313296048414
2023-08-25,2,182,182,-0.03235035544208612
2023-08-25,3,182,182,-0.013053038488885928
2023-08-25,4,182,182,-0.01623053505527714
2023-08-25,5,182,182,-0.0212078199457564
2023-08-28,1,183,183,0.015102516377457407
2023-08-28,2,183,183,0.013451369944875982
2023-08-28,3,182,182,0.019416294337758093
2023-08-28,4,183,182,0.010594337623922385
2023-08-28,5,182,182,0.013774461651786732
2023-08-29,1,183,183,-0.011338610432927353
2023-08-29,2,183,183,-0.01946495365931827
2023-08-29,3,183,183,-0.015345031117254068
2023-08-29,4,183,183,-0.011773278823427555
2023-08-29,5,183,183,-0.02025785348697345
2023-08-30,1,183,183,-0.001576117774450097
2023-08-30,2,183,183,-0.011255652643659407
2023-08-30,3,183,183,-0.012573773193903445
2023-08-30,4,183,183,-0.008119242533317793
2023-08-30,5,182,182,-0.007362988105753522
2023-08-31,1,183,183,-0.0014502821062837405
2023-08-31,2,182,182,-0.004287417763173983
2023-08-31,3,182,182,-0.007712632090260248
2023-08-31,4,182,182,-0.0016091458939261516
2023-08-31,5,182,182,-0.001996766156362952
2023-09-01,1,182,182,-0.0046887092562987774
2023-09-01,2,182,182,-0.01464536679081634
2023-09-01,3,182,182,-0.011944954742293328
2023-09-01,4,182,182,-0.015811872884500564
2023-09-01,5,181,181,-0.0010998941447721237
2023-09-04,1,183,183,-0.020071400177481415
2023-09-04,2,182,182,-0.023455189497339705
2023-09-04,3,183,183,-0.024710780117814347
2023-09-04,4,182,182,-0.03169997722098684
2023-09-04,5,182,182,-0.01687413243044133
2023-09-05,1,183,183,-0.010091383066653999
2023-09-05,2,183,183,-0.013896741652349002
2023-09-05,3,182,182,-0.012444606701927667
2023-09-05,4,183,183,-0.015061704870914728
2023-09-05,5,182,182,-0.002864761900027497
2023-09-06,1,183,183,-0.012553838616824003
2023-09-06,2,183,183,-0.020107779232118924
2023-09-06,3,183,183,-0.008786217986179685
2023-09-06,4,183,183,-0.012550589427433458
2023-09-06,5,183,183,-0.01379534720865153
2023-09-07,1,183,183,0.0016592561984456564
2023-09-07,2,183,183,0.002110924024108575
2023-09-07,3,182,182,-0.0017763509800665875
2023-09-07,4,183,183,0.011153316766483687
2023-09-07,5,182,182,0.00431792627138622
2023-09-08,1,183,183,-0.00826539773288033
2023-09-08,2,182,182,-0.013576145380001787
2023-09-08,3,182,182,-0.011913599159672203
2023-09-08,4,182,182,0.004443194436702667
2023-09-08,5,182,182,-0.010371473613515144
2023-09-11,1,183,183,-0.027791851355388218
2023-09-11,2,182,182,-0.03280345366454747
2023-09-11,3,183,183,-0.02287669849192397
2023-09-11,4,182,182,-0.015632359644115527
2023-09-11,5,182,182,-0.006323821405392193
2023-09-12,1,183,183,-0.043617003915062104
2023-09-12,2,182,182,-0.048309277974214984
2023-09-12,3,183,183,-0.03290953827270462
2023-09-12,4,182,182,-0.028897016759912533
2023-09-12,5,182,182,-0.018861965749600446
2023-09-13,1,183,183,-0.047509642799273534
2023-09-13,2,182,182,-0.046757003579362
2023-09-13,3,182,182,-0.035788333489430314
2023-09-13,4,182,182,-0.036299004655310184
2023-09-13,5,182,182,-0.031038160892240867
2023-09-14,1,183,183,-0.05275018414592069
2023-09-14,2,182,182,-0.05569878841873163
2023-09-14,3,183,183,-0.050254348855708994
2023-09-14,4,182,182,-0.034383585988724936
2023-09-14,5,182,182,-0.041224063645694406
2023-09-15,1,183,183,-0.06889819368410648
2023-09-15,2,183,183,-0.06274116534615984
2023-09-15,3,182,182,-0.05578266329498662
2023-09-15,4,183,183,-0.04133261024579882
2023-09-15,5,182,182,-0.0419874698655511
2023-09-18,1,183,183,-0.054345528013377685
2023-09-18,2,182,182,-0.04764459126849355
2023-09-18,3,183,183,-0.046057401562426804
2023-09-18,4,182,182,-0.03589267957018555
2023-09-18,5,182,182,-0.028914111264758565
2023-09-19,1,183,183,-0.048144589082295075
2023-09-19,2,182,182,-0.04738801938926026
2023-09-19,3,183,183,-0.04074054946246923
2023-09-19,4,182,182,-0.03510246582480179
2023-09-19,5,182,182,-0.014051700488736493
2023-09-20,1,183,183,-0.031960031708198625
2023-09-20,2,182,182,-0.031609851149087535
2023-09-20,3,183,183,-0.028842402353107765
2023-09-20,4,182,182,-0.036163696184540677
2023-09-20,5,182,182,0.0014107999392442066
2023-09-21,1,183,183,-0.007999288807150293
2023-09-21,2,182,182,-0.00853418399127419
2023-09-21,3,183,183,-0.003628355426927735
2023-09-21,4,182,182,-0.02156227424811244
2023-09-21,5,182,182,0.01799039370271293
2023-09-22,1,183,183,-0.0072658950617614975
2023-09-22,2,182,182,-0.017740134813748237
2023-09-22,3,182,182,-0.013992774957837788
2023-09-22,4,182,182,-0.01610240012118726
2023-09-22,5,182,182,0.009788558019548428
2023-09-25,1,182,182,-0.0011485086143141695
2023-09-25,2,182,182,-0.012181420627676038
2023-09-25,3,182,182,-0.004810564538747812
2023-09-25,4,182,182,-0.016144453955522036
2023-09-25,5,182,182,0.011084269522562099
2023-09-26,1,182,182,0.0033838594184292265
2023-09-26,2,182,182,-0.009715111567814598
2023-09-26,3,182,182,0.002312363831059463
2023-09-26,4,182,182,-0.008959220270893199
2023-09-26,5,182,182,0.0034717086165109265
2023-09-27,1,182,182,-0.007660873603692056
2023-09-27,2,182,182,-0.015800736767820466
2023-09-27,3,181,181,-0.026811854813961155
2023-09-27,4,182,182,-0.009643032762434757
2023-09-27,5,181,181,-0.013012176069448506
2023-09-28,1,182,182,0.0019721278951527364
2023-09-28,2,182,182,-0.01275573840386108
2023-09-28,3,181,181,-0.0025466764584552563
2023-09-28,4,182,182,-0.010177402890181724
2023-09-28,5,181,181,0.00810360689892345
2023-10-09,1,182,182,0.014400340077920563
2023-10-09,2,182,182,-0.0042207303872070214
2023-10-09,3,181,181,0.0013398901137182948
2023-10-09,4,182,182,0.0033633474696582264
2023-10-09,5,181,181,0.02243036150442335
2023-10-10,1,182,182,0.022442548286428287
2023-10-10,2,181,181,0.0021185461680673597
2023-10-10,3,182,182,-0.0005346746420068359
2023-10-10,4,181,181,0.015305995633422675
2023-10-10,5,181,181,0.024666724208866352
2023-10-11,1,182,182,0.01809188188053539
2023-10-11,2,181,181,-0.008840671248205572
2023-10-11,3,182,182,-0.0010976394162210143
2023-10-11,4,181,181,0.017812752577381047
2023-10-11,5,181,181,0.018491250071545742
2023-10-12,1,182,182,-0.00010242301006861794
2023-10-12,2,181,181,0.006219062471082068
2023-10-12,3,182,182,-0.011469240658612696
2023-10-12,4,181,181,-0.008184245106908883
2023-10-12,5,181,181,0.015028346593506908
2023-10-13,1,182,182,0.0064715899847970475
2023-10-13,2,182,182,0.005135706058083742
2023-10-13,3,181,181,-0.005198195242303306
2023-10-13,4,182,182,0.0017434654113154281
2023-10-13,5,181,181,0.002403021874991727
2023-10-16,1,182,182,0.019514804046695786
2023-10-16,2,181,181,0.005253069754983684
2023-10-16,3,182,182,0.010101871928123408
2023-10-16,4,181,181,0.016552660715090938
2023-10-16,5,181,181,0.00887988077061388
2023-10-17,1,182,182,0.02970626014521623
2023-10-17,2,182,182,0.02520638590771295
2023-10-17,3,182,182,0.02123899769284159
2023-10-17,4,182,182,0.028239787285404067
2023-10-17,5,181,181,0.03402034944029985
2023-10-18,1,182,181,0.04251410651381366
2023-10-18,2,182,182,0.03930147482502321
2023-10-18,3,182,182,0.030495189353259993
2023-10-18,4,182,182,0.04406479082091865
2023-10-18,5,182,182,0.04322206544117934
2023-10-19,1,182,181,0.05110699562983436
2023-10-19,2,182,182,0.03799308525520146
2023-10-19,3,181,181,0.04065955514844123
2023-10-19,4,182,182,0.04678344454013669
2023-10-19,5,181,181,0.06276233473906265
2023-10-20,1,182,181,0.07284704695555984
2023-10-20,2,182,182,0.0539475648609574
2023-10-20,3,181,181,0.059720913978041114
2023-10-20,4,182,182,0.06681267363116714
2023-10-20,5,181,181,0.07721092267245588
2023-10-23,1,181,181,0.10020368432153948
2023-10-23,2,181,181,0.0786862887630848
2023-10-23,3,181,181,0.07855953738919827
2023-10-23,4,181,181,0.09799532224398841
2023-10-23,5,180,180,0.09307415819936957
2023-10-24,1,182,182,0.0714538492496552
2023-10-24,2,181,181,0.04408568779782258
2023-10-24,3,181,181,0.05653074363857586
2023-10-24,4,181,181,0.07412085014876676
2023-10-24,5,181,181,0.06803464016125389
2023-10-25,1,182,182,0.06184943034907771
2023-10-25,2,182,182,0.04764531192084888
2023-10-25,3,182,182,0.04743037467750698
2023-10-25,4,182,182,0.059576093763609395
2023-10-25,5,182,182,0.0703266634786585
2023-10-26,1,182,182,0.06435243979441639
2023-10-26,2,182,182,0.05211428260170409
2023-10-26,3,182,182,0.056941547569371934
2023-10-26,4,182,182,0.05946754716152875
2023-10-26,5,181,181,0.0684768730289503
2023-10-27,1,183,183,0.04798626265104547
2023-10-27,2,183,183,0.018134941117239338
2023-10-27,3,182,182,0.030987764529720904
2023-10-27,4,183,183,0.03691318176753204
2023-10-27,5,182,182,0.03255442470827559
2023-10-30,1,183,183,0.01815178322732437
2023-10-30,2,182,182,0.013597650092392954
2023-10-30,3,183,183,0.013304207517960642
2023-10-30,4,182,182,0.0142185465430747
2023-10-30,5,182,182,0.022020768220250873
2023-10-31,1,183,183,0.03414218797677597
2023-10-31,2,183,183,0.02100423218835086
2023-10-31,3,182,182,0.012029957247919372
2023-10-31,4,183,183,0.015232944018218963
2023-10-31,5,182,182,0.036570507584307
2023-11-01,1,183,182,0.033878469659651224
2023-11-01,2,183,183,0.00484563926020364
2023-11-01,3,182,182,0.01726387383053314
2023-11-01,4,183,183,0.004628967329865648
2023-11-01,5,182,182,0.03045432506447941
2023-11-02,1,183,182,0.04072530956268893
2023-11-02,2,183,183,0.00988248690565604
2023-11-02,3,183,183,0.02219430168949723
2023-11-02,4,183,183,0.01315500827011178
2023-11-02,5,182,182,0.03419638806387445
2023-11-03,1,183,182,0.01691551876662485
2023-11-03,2,182,182,0.007767194044841824
2023-11-03,3,183,182,0.011989090772119702
2023-11-03,4,182,182,0.009752376725023663
2023-11-03,5,182,182,0.025678517145443565
2023-11-06,1,183,183,-0.003702234907204986
2023-11-06,2,182,182,0.0004046833785174643
2023-11-06,3,183,181,-0.00539754140695878
2023-11-06,4,182,182,0.0015082497810594735
2023-11-06,5,182,182,0.01019769144954428
2023-11-07,1,183,182,-0.024817756265917274
2023-11-07,2,183,183,-0.013604059300053433
2023-11-07,3,182,182,-0.019083923556924055
2023-11-07,4,183,183,-0.02092275508966991
2023-11-07,5,182,181,-0.01450340721226948
2023-11-08,1,183,182,-0.012768046255169719
2023-11-08,2,183,183,-0.02013206584186273
2023-11-08,3,182,182,-0.00929377774214212
2023-11-08,4,183,183,-0.02041180427391196
2023-11-08,5,182,181,-0.010199443717702955
2023-11-09,1,183,182,-0.005567359583213501
2023-11-09,2,182,182,-0.0004262983389241953
2023-11-09,3,183,183,-0.01119905716262887
2023-11-09,4,182,182,-0.00986560724341736
2023-11-09,5,182,182,-0.005721394890922523
2023-11-10,1,183,182,-0.013771786540332146
2023-11-10,2,182,182,-0.022829559928909518
2023-11-10,3,182,182,-0.017497897887833957
2023-11-10,4,182,182,-0.019743692070623233
2023-11-10,5,182,182,-0.01384744363698002
2023-11-13,1,183,182,-0.005707409984532157
2023-11-13,2,182,182,-0.013616095099760615
2023-11-13,3,183,183,-4.21552595933177e-05
2023-11-13,4,182,182,-0.011829420308996566
2023-11-13,5,182,182,-0.00027114049402480274
2023-11-14,1,183,183,-0.006185226954059683
2023-11-14,2,183,183,-0.02360028815232234
2023-11-14,3,182,182,-0.006721404459524035
2023-11-14,4,183,183,-0.02666091042783396
2023-11-14,5,182,182,-0.010656877563750288
2023-11-15,1,183,183,-0.009477204437623966
2023-11-15,2,183,183,-0.01553192827581602
2023-11-15,3,183,183,-0.01737368903162113
2023-11-15,4,183,182,-0.024161467728077396
2023-11-15,5,183,183,-0.012210640330627655
2023-11-16,1,183,183,-0.011981510525077338
2023-11-16,2,183,183,-0.01702057284687229
2023-11-16,3,183,183,-0.01893641771705182
2023-11-16,4,183,183,-0.024953464280399473
2023-11-16,5,182,182,-0.00906762698759475
2023-11-17,1,183,183,-0.02910539623822513
2023-11-17,2,183,182,-0.028942261519173892
2023-11-17,3,183,183,-0.033591480054831424
2023-11-17,4,183,183,-0.04228034109366937
2023-11-17,5,182,182,-0.028992167502547694
2023-11-20,1,183,183,-0.041218035905133565
2023-11-20,2,182,181,-0.04862913333349186
2023-11-20,3,183,183,-0.049368132056617185
2023-11-20,4,182,182,-0.052997926535508756
2023-11-20,5,182,182,-0.057349891619210176
2023-11-21,1,183,183,-0.042555015260692865
2023-11-21,2,183,182,-0.03419434663957616
2023-11-21,3,183,183,-0.04091425105614405
2023-11-21,4,183,183,-0.057942115195055516
2023-11-21,5,182,182,-0.04255955656308975
2023-11-22,1,183,183,-0.05033575400516147
2023-11-22,2,183,183,-0.06028502630023272
2023-11-22,3,183,183,-0.049422020278985505
2023-11-22,4,183,183,-0.0615288278703963
2023-11-22,5,182,182,-0.05662700695257209
2023-11-23,1,183,183,-0.05152888697310426
2023-11-23,2,183,183,-0.053685419318153876
2023-11-23,3,183,183,-0.05549599642383743
2023-11-23,4,183,183,-0.055983039204625114
2023-11-23,5,182,182,-0.04941306312427872
2023-11-24,1,183,183,-0.051154747569178
2023-11-24,2,183,183,-0.057355607790014085
2023-11-24,3,183,183,-0.05342541882553705
2023-11-24,4,183,183,-0.04922057130064124
2023-11-24,5,182,182,-0.065695237055858
2023-11-27,1,183,183,-0.047426052418910854
2023-11-27,2,183,183,-0.04574812480176903
2023-11-27,3,182,182,-0.05045413005599868
2023-11-27,4,183,183,-0.04778702389999355
2023-11-27,5,182,182,-0.055960333636378125
2023-11-28,1,183,183,-0.06606777313964521
2023-11-28,2,183,183,-0.06611799023070321
2023-11-28,3,183,183,-0.06295918555559579
2023-11-28,4,183,183,-0.06419457307930446
2023-11-28,5,182,182,-0.06656000023157471
2023-11-29,1,183,183,-0.058101147379892776
2023-11-29,2,183,183,-0.0506685062021378
2023-11-29,3,183,183,-0.05346342871569012
2023-11-29,4,183,183,-0.04901466957813067
2023-11-29,5,182,181,-0.05688302050834745
2023-11-30,1,183,183,-0.040254565032202434
2023-11-30,2,182,182,-0.027326326785964188
2023-11-30,3,183,183,-0.04003658913104132
2023-11-30,4,182,182,-0.0327878748810623
2023-11-30,5,182,182,-0.04377454090478954
2023-12-01,1,183,183,-0.03198986505655706
2023-12-01,2,183,183,-0.030310817136855506
2023-12-01,3,182,182,-0.03279035907792331
2023-12-01,4,183,182,-0.023054365268812327
2023-12-01,5,182,182,-0.030016398517892968
2023-12-04,1,183,183,-0.037347233021265
2023-12-04,2,183,183,-0.034107379320893395
2023-12-04,3,182,182,-0.03396279281404681
2023-12-04,4,183,183,-0.02535508083386561
2023-12-04,5,182,182,-0.028879995475616423
2023-12-05,1,183,183,-0.02589158392030653
2023-12-05,2,183,183,-0.016501284082412422
2023-12-05,3,182,182,-0.017636872510336413
2023-12-05,4,183,182,-0.005215030583121414
2023-12-05,5,182,182,-0.015845046659550485
2023-12-06,1,183,183,-0.034052313216042
2023-12-06,2,182,182,-0.027938778605407822
2023-12-06,3,183,183,-0.028190358988946906
2023-12-06,4,182,182,-0.02241796222382893
2023-12-06,5,182,182,-0.024244815707845205
2023-12-07,1,183,183,-0.0556745704970704
2023-12-07,2,182,182,-0.032013363858750685
2023-12-07,3,183,183,-0.03799624217597853
2023-12-07,4,182,182,-0.03735977558794329
2023-12-07,5,182,182,-0.049437218511212785
2023-12-08,1,182,182,-0.06285002127129115
2023-12-08,2,182,182,-0.040812300405651966
2023-12-08,3,182,182,-0.04640689919097856
2023-12-08,4,182,182,-0.03864717810821154
2023-12-08,5,181,181,-0.06240040669443455
2023-12-11,1,182,182,-0.08124130641535708
2023-12-11,2,182,182,-0.057262802448998645
2023-12-11,3,182,182,-0.04657673880691655
2023-12-11,4,182,182,-0.05613558058646225
2023-12-11,5,181,181,-0.07532791122881294
2023-12-12,1,182,182,-0.09108448488465659
2023-12-12,2,182,182,-0.06666034770382742
2023-12-12,3,182,182,-0.052176088982562194
2023-12-12,4,182,182,-0.059915922920057554
2023-12-12,5,182,182,-0.08276173650348376
2023-12-13,1,182,182,-0.07229763111121604
2023-12-13,2,182,182,-0.05285971422972934
2023-12-13,3,182,182,-0.03627792279359641
2023-12-13,4,182,182,-0.046649410205295776
2023-12-13,5,182,181,-0.06993914012026607
2023-12-14,1,182,182,-0.06915119899319361
2023-12-14,2,182,182,-0.049231146057605285
2023-12-14,3,182,182,-0.04392780830574839
2023-12-14,4,182,182,-0.04750181500661269
2023-12-14,5,182,182,-0.0676195756467178
2023-12-15,1,183,183,-0.057228858135357295
2023-12-15,2,182,182,-0.038564105119358115
2023-12-15,3,182,181,-0.039337349320438364
2023-12-15,4,182,182,-0.03845809929458715
2023-12-15,5,182,182,-0.05654582162723937
2023-12-18,1,182,182,-0.05053280482766349
2023-12-18,2,181,181,-0.03690344226513591
2023-12-18,3,181,181,-0.026501866891187508
2023-12-18,4,181,181,-0.023705891165667507
2023-12-18,5,181,181,-0.05329676229819263
2023-12-19,1,182,182,-0.07530106944240939
2023-12-19,2,181,181,-0.05395238493536384
2023-12-19,3,181,181,-0.05767774679758112
2023-12-19,4,181,181,-0.052916059443039655
2023-12-19,5,181,181,-0.08033235156512225
2023-12-20,1,181,181,-0.0534467028160411
2023-12-20,2,181,181,-0.03969266637513323
2023-12-20,3,180,180,-0.038634322337497196
2023-12-20,4,181,181,-0.04167352954920209
2023-12-20,5,180,180,-0.052128693892704824
2023-12-21,1,181,181,-0.07476396788082351
2023-12-21,2,181,181,-0.05526881913670775
2023-12-21,3,181,181,-0.05224112424181412
2023-12-21,4,181,181,-0.06932111647943973
2023-12-21,5,180,180,-0.06622272424254942
2023-12-22,1,181,181,-0.1108803644735942
2023-12-22,2,181,181,-0.0901772710767067
2023-12-22,3,181,181,-0.08654926214713414
2023-12-22,4,181,181,-0.1044656107776093
2023-12-22,5,181,181,-0.10273887982641819
2023-12-25,1,181,181,-0.10186762793445875
2023-12-25,2,181,181,-0.07355442399039801
2023-12-25,3,181,181,-0.07003522504035303
2023-12-25,4,181,181,-0.08186313023768249
2023-12-25,5,180,180,-0.09460924073408326
2023-12-26,1,180,180,-0.07410000414651027
2023-12-26,2,180,180,-0.05653039146008479
2023-12-26,3,180,180,-0.04852919021809361
2023-12-26,4,180,180,-0.052787116829957736
2023-12-26,5,180,180,-0.07971098862524541
2023-12-27,1,181,181,-0.05248594451751815
2023-12-27,2,180,180,-0.03036562447181435
2023-12-27,3,181,181,-0.03671037684065903
2023-12-27,4,180,180,-0.02881237822400647
2023-12-27,5,180,180,-0.05289650187532268
2023-12-28,1,182,182,-0.06265651689618401
2023-12-28,2,181,181,-0.05049444638618808
2023-12-28,3,182,182,-0.04820570937301996
2023-12-28,4,181,181,-0.04184015688907693
2023-12-28,5,181,181,-0.06870472374338946
2023-12-29,1,182,182,-0.10079589059139694
2023-12-29,2,181,181,-0.08118590912214213
2023-12-29,3,181,181,-0.08068079353749003
2023-12-29,4,181,181,-0.08332947232395964
2023-12-29,5,181,180,-0.11095366666447243
2024-01-02,1,182,182,-0.11904237321727251
2024-01-02,2,181,181,-0.10356906108570772
2024-01-02,3,182,182,-0.09391934705410762
2024-01-02,4,181,181,-0.10929963200994916
2024-01-02,5,181,180,-0.12549997184278938
2024-01-03,1,182,182,-0.1549742700690566
2024-01-03,2,181,181,-0.11116084462936694
2024-01-03,3,182,181,-0.13972012806991682
2024-01-03,4,181,181,-0.13438794546175678
2024-01-03,5,181,181,-0.14861982163677684
2024-01-04,1,181,180,-0.15382764987574113
2024-01-04,2,181,180,-0.11400396334336954
2024-01-04,3,181,181,-0.12557683551489174
2024-01-04,4,181,181,-0.1378228831374681
2024-01-04,5,181,181,-0.1403756244212847
2024-01-05,1,181,179,-0.17560643981749696
2024-01-05,2,181,181,-0.14852076596751063
2024-01-05,3,181,181,-0.1420160362975881
2024-01-05,4,181,181,-0.15123926167138574
2024-01-05,5,180,180,-0.15806682181900003
2024-01-08,1,181,181,-0.22327049733229404
2024-01-08,2,181,181,-0.17272897802191844
2024-01-08,3,180,180,-0.1622529422152464
2024-01-08,4,181,181,-0.18263373625152907
2024-01-08,5,180,180,-0.182326448885674
2024-01-09,1,181,181,-0.16492425871761043
2024-01-09,2,180,180,-0.12356303759012086
2024-01-09,3,180,180,-0.11542850086663121
2024-01-09,4,180,180,-0.11372091815372685
2024-01-09,5,180,180,-0.13413873992960126
2024-01-10,1,181,181,-0.14444078312449452
2024-01-10,2,180,180,-0.07839476060465965
2024-01-10,3,180,180,-0.09671086487967415
2024-01-10,4,180,180,-0.08492938374127622
2024-01-10,5,180,180,-0.1030508235993946
2024-01-11,1,181,181,-0.11124385309704939
2024-01-11,2,181,181,-0.06014019032147037
2024-01-11,3,181,181,-0.06285010611312367
2024-01-11,4,181,181,-0.04824910565795854
2024-01-11,5,181,180,-0.1044962839317598
2024-01-12,1,181,181,-0.09794824388382017
2024-01-12,2,181,181,-0.05400381929772555
2024-01-12,3,180,180,-0.04991983267875271
2024-01-12,4,181,181,-0.0660477946101291
2024-01-12,5,180,180,-0.10376367836548141
2024-01-15,1,181,181,-0.09493618571071213
2024-01-15,2,181,181,-0.04677981304536609
2024-01-15,3,180,180,-0.059064883522732654
2024-01-15,4,181,181,-0.06545764367666829
2024-01-15,5,180,180,-0.09575591905555585
2024-01-16,1,181,181,-0.07912823892922333
2024-01-16,2,180,180,-0.028170628904106758
2024-01-16,3,180,180,-0.03965692406589499
2024-01-16,4,180,180,-0.048053998489480707
2024-01-16,5,180,180,-0.089862108741624
2024-01-17,1,180,180,-0.03409151792061079
2024-01-17,2,180,180,0.010986739239183274
2024-01-17,3,179,179,0.0002447851673982086
2024-01-17,4,180,180,-0.011035419352526023
2024-01-17,5,179,179,-0.036413866086763676
2024-01-18,1,180,180,-0.02086090378774508
2024-01-18,2,180,180,0.006979839502871045
2024-01-18,3,180,180,0.009867915880592158
2024-01-18,4,180,180,0.004216102569184331
2024-01-18,5,179,179,-0.032879726245931246
2024-01-19,1,180,180,-0.016330060051373132
2024-01-19,2,179,179,0.024715067071319364
2024-01-19,3,180,180,0.01325059273361432
2024-01-19,4,179,179,-0.0014166029670466195
2024-01-19,5,179,179,-0.022326999167529806
2024-01-22,1,179,179,0.07225696219898274
2024-01-22,2,178,178,0.09746230865324361
2024-01-22,3,179,179,0.09108570024614963
2024-01-22,4,178,178,0.0830574499217322
2024-01-22,5,178,178,0.0572572892917841
2024-01-23,1,179,179,0.0024924702333064134
2024-01-23,2,179,179,0.024847796012070454
2024-01-23,3,178,178,0.03779390446181947
2024-01-23,4,179,179,0.028672781441783788
2024-01-23,5,178,178,-0.01633589370971393
2024-01-24,1,181,181,0.03093059898644242
2024-01-24,2,180,180,0.05900388629228491
2024-01-24,3,180,180,0.058908426262452
2024-01-24,4,180,180,0.04929662881360594
2024-01-24,5,180,180,0.014336031378729231
2024-01-25,1,182,182,0.010190503722429016
2024-01-25,2,182,182,0.029772668061006664
2024-01-25,3,181,181,0.03834837503256069
2024-01-25,4,182,182,0.040720468748627635
2024-01-25,5,181,181,-0.00631045575594
2024-01-26,1,182,182,0.0023435030941093634
2024-01-26,2,182,182,0.03067222925526732
2024-01-26,3,181,181,0.030952389335683454
2024-01-26,4,182,182,0.016755992910505835
2024-01-26,5,181,181,0.003681000657165217
2024-01-29,1,181,180,0.027689337823036366
2024-01-29,2,181,181,0.057623177723422
2024-01-29,3,181,181,0.05273062887094298
2024-01-29,4,181,181,0.03767839864132768
2024-01-29,5,180,180,0.032885358708034565
2024-01-30,1,180,180,0.06775177730016438
2024-01-30,2,180,180,0.09480690663446588
2024-01-30,3,180,180,0.08334834505299321
2024-01-30,4,180,180,0.07430160312411359
2024-01-30,5,179,179,0.06256745780383505
2024-01-31,1,178,178,0.10590429353556947
2024-01-31,2,177,177,0.11173827220665948
2024-01-31,3,178,178,0.11469730322721707
2024-01-31,4,177,177,0.09651585310454734
2024-01-31,5,177,177,0.08658698269700851
2024-02-01,1,178,178,0.11655789981339831
2024-02-01,2,177,177,0.12152255415680215
2024-02-01,3,178,177,0.12361252979172292
2024-02-01,4,177,177,0.1024158715983257
2024-02-01,5,177,177,0.10366068566223527
2024-02-02,1,177,177,0.18917679962689582
2024-02-02,2,177,177,0.19113743064153657
2024-02-02,3,176,176,0.18928139406563077
2024-02-02,4,177,177,0.1760601063640525
2024-02-02,5,176,176,0.16581567888556584
2024-02-05,1,175,175,0.3008490726173862
2024-02-05,2,175,175,0.2332585760647765
2024-02-05,3,175,175,0.23999353350315852
2024-02-05,4,175,175,0.26310619930952023
2024-02-05,5,174,174,0.2669664109060485
2024-02-06,1,176,176,0.2090924405833197
2024-02-06,2,176,176,0.150718804462522
2024-02-06,3,176,176,0.16304488766056294
2024-02-06,4,176,176,0.18768211681949157
2024-02-06,5,176,176,0.18160613930995975
2024-02-07,1,176,176,0.19155065263632576
2024-02-07,2,176,176,0.11349299173364358
2024-02-07,3,175,175,0.12108136556495379
2024-02-07,4,176,176,0.1392464823547629
2024-02-07,5,175,175,0.14089022927108102
2024-02-08,1,178,178,0.14201772791335043
2024-02-08,2,178,178,0.09437274638505676
2024-02-08,3,177,176,0.09810430931222548
2024-02-08,4,178,178,0.1074239318121987
2024-02-08,5,177,177,0.10521696237286864
2024-02-19,1,178,178,0.14170543755985432
2024-02-19,2,178,177,0.1011915685491791
2024-02-19,3,178,178,0.10922937609341478
2024-02-19,4,178,178,0.13325146966576928
2024-02-19,5,178,178,0.12012841087933902
2024-02-20,1,179,178,0.11800258092362166
2024-02-20,2,179,178,0.09190856183142607
2024-02-20,3,178,178,0.10384416518926087
2024-02-20,4,179,179,0.11239350612505178
2024-02-20,5,178,178,0.13567948412017333
2024-02-21,1,179,178,0.10742954257186704
2024-02-21,2,179,179,0.08816228876526848
2024-02-21,3,178,177,0.10851697687786695
2024-02-21,4,179,179,0.10120236098791052
2024-02-21,5,178,178,0.12819281766444618
2024-02-22,1,179,178,0.08067195698778061
2024-02-22,2,179,179,0.06035227787316236
2024-02-22,3,179,179,0.0718943443024019
2024-02-22,4,179,178,0.08221302337324427
2024-02-22,5,179,179,0.10864041562686205
2024-02-23,1,179,178,0.05773690567491447
2024-02-23,2,179,179,0.03354517806483462
2024-02-23,3,179,178,0.03255061508702948
2024-02-23,4,179,179,0.04592255709741165
2024-02-23,5,179,179,0.09438264834897696
2024-02-26,1,180,180,0.03487594861154634
2024-02-26,2,179,178,0.033680149839981716
2024-02-26,3,179,179,0.01579010939141092
2024-02-26,4,179,179,0.0274185753545875
2024-02-26,5,179,179,0.0700629757076367
2024-02-27,1,180,180,0.00890312337451915
2024-02-27,2,179,179,0.006724656485534815
2024-02-27,3,180,180,-0.0011194071314889432
2024-02-27,4,179,179,0.005864137211091401
2024-02-27,5,179,179,0.020639066979597255
2024-02-28,1,179,179,0.022087281353857055
2024-02-28,2,179,179,0.023398661511266794
2024-02-28,3,179,179,0.020328912282773625
2024-02-28,4,179,179,0.029116092342613465
2024-02-28,5,179,179,0.043593297533997814
2024-02-29,1,180,180,0.011956036882403523
2024-02-29,2,179,179,-0.004266383143398226
2024-02-29,3,179,179,0.010050289927036523
2024-02-29,4,179,179,0.006111299108038416
2024-02-29,5,179,179,0.0014517238029092456
2024-03-01,1,180,180,0.017682492195306935
2024-03-01,2,179,179,0.00713997517652599
2024-03-01,3,179,179,0.0118926914791487
2024-03-01,4,179,179,0.014904114113417813
2024-03-01,5,179,179,-0.0031687429808944425
2024-03-04,1,179,179,0.0400288754223302
2024-03-04,2,179,179,0.035848730718485426
2024-03-04,3,179,179,0.0239811001423535
2024-03-04,4,179,179,0.0321664392264815
2024-03-04,5,179,179,0.028998570957159325
2024-03-05,1,180,180,0.046516822471455437
2024-03-05,2,179,179,0.04543422647876961
2024-03-05,3,179,179,0.014728952174814
2024-03-05,4,179,179,0.024887062862476342
2024-03-05,5,179,179,0.027635247358087082
2024-03-06,1,179,179,0.035733275648382586
2024-03-06,2,179,179,0.02053510218583765
2024-03-06,3,179,179,0.0201176267810646
2024-03-06,4,179,179,0.010760465403541905
2024-03-06,5,179,179,0.01425647425374986
2024-03-07,1,179,179,0.022429382227916697
2024-03-07,2,179,179,0.026576988183386926
2024-03-07,3,179,179,0.006148435495201787
2024-03-07,4,179,179,0.009173331764114296
2024-03-07,5,178,178,0.011745681615675347
2024-03-08,1,179,179,0.033415653293610584
2024-03-08,2,179,179,0.015588005200454615
2024-03-08,3,178,178,0.005711611685957899
2024-03-08,4,179,179,0.015907475877017525
2024-03-08,5,178,178,0.006275591813189758
2024-03-11,1,180,180,-0.016630647452423312
2024-03-11,2,179,179,-0.022056346221032187
2024-03-11,3,179,179,-0.023303978052594928
2024-03-11,4,179,179,-0.026856375042649455
2024-03-11,5,179,179,-0.03389075655455145
2024-03-12,1,180,180,-0.016268853495395346
2024-03-12,2,180,180,-0.02630175797795202
2024-03-12,3,180,180,-0.02035888830879651
2024-03-12,4,180,180,-0.004617038062507113
2024-03-12,5,179,179,-0.03169955768173611
2024-03-13,1,180,180,-0.025362978740287218
2024-03-13,2,180,180,-0.04258689241149769
2024-03-13,3,179,179,-0.021081451118652277
2024-03-13,4,180,180,-0.017918113725610845
2024-03-13,5,179,179,-0.0435296195061665
2024-03-14,1,180,180,-0.032818797041263954
2024-03-14,2,179,179,-0.03501756829309016
2024-03-14,3,180,180,-0.024347318616121428
2024-03-14,4,179,179,-0.014504880543948941
2024-03-14,5,179,178,-0.05302053695094103
2024-03-15,1,181,181,-0.08100282683493573
2024-03-15,2,180,180,-0.06941483325512979
2024-03-15,3,180,180,-0.05825381729706756
2024-03-15,4,180,180,-0.05847900534788956
2024-03-15,5,180,180,-0.09600899198053398
2024-03-18,1,181,181,-0.05466524587851519
2024-03-18,2,180,180,-0.04946159986527609
2024-03-18,3,181,181,-0.05348702238419324
2024-03-18,4,180,180,-0.045232504626303835
2024-03-18,5,180,180,-0.0649929326462301
2024-03-19,1,180,179,-0.053931226108777784
2024-03-19,2,180,180,-0.0417776444799265
2024-03-19,3,180,180,-0.04639819667979257
2024-03-19,4,180,180,-0.04918347498250913
2024-03-19,5,180,180,-0.059574600643842276
2024-03-20,1,180,180,-0.08001077736611305
2024-03-20,2,180,180,-0.04035207658274668
2024-03-20,3,180,180,-0.06022666143923277
2024-03-20,4,180,180,-0.056551054266722765
2024-03-20,5,180,180,-0.07633480925056964
2024-03-21,1,181,181,-0.06298862791989146
2024-03-21,2,180,180,-0.06483859411689509
2024-03-21,3,181,181,-0.05707060647036272
2024-03-21,4,180,180,-0.05567184571661306
2024-03-21,5,180,180,-0.07780561384350058
2024-03-22,1,180,180,-0.0591399891207438
2024-03-22,2,180,180,-0.04732488304234509
2024-03-22,3,180,180,-0.03835182604829017
2024-03-22,4,180,180,-0.048219913002247684
2024-03-22,5,179,179,-0.07189961916803776
2024-03-25,1,180,180,-0.03317810127677292
2024-03-25,2,180,179,-0.025770234981086812
2024-03-25,3,179,179,-0.025154474311140214
2024-03-25,4,180,180,-0.03337088141004448
2024-03-25,5,179,179,-0.0414003475183266
2024-03-26,1,180,180,-0.03784699148298502
2024-03-26,2,180,180,-0.0168180517497919
2024-03-26,3,180,179,-0.0256698549225265
2024-03-26,4,180,180,-0.017777899058170434
2024-03-26,5,179,179,-0.0375220261377326
2024-03-27,1,179,179,0.005443597489563157
2024-03-27,2,178,178,0.02754547789897614
2024-03-27,3,178,178,0.027453128422943663
2024-03-27,4,178,178,0.020124814115411133
2024-03-27,5,178,178,0.005989931872284146
2024-03-28,1,180,180,0.021218389691624186
2024-03-28,2,179,178,0.02400261909035192
2024-03-28,3,179,178,0.03110187175771175
2024-03-28,4,179,178,0.024438855483538007
2024-03-28,5,179,175,0.01253725178598559
2024-03-29,1,180,179,0.0045916684431298715
2024-03-29,2,179,179,0.024174708448864622
2024-03-29,3,179,179,0.01572644069849374
2024-03-29,4,179,179,0.021073618363123773
2024-03-29,5,179,179,0.0009493634844930711
2024-04-01,1,180,179,-0.005985180438558092
2024-04-01,2,180,180,0.004885663217183505
2024-04-01,3,180,180,0.01073514096832267
2024-04-01,4,180,180,0.013956958940042074
2024-04-01,5,180,180,-0.005918147295509049
2024-04-02,1,181,180,-0.005240312796823166
2024-04-02,2,180,180,0.02066001733120367
2024-04-02,3,181,181,0.00978088822111858
2024-04-02,4,180,180,0.018785549189681942
2024-04-02,5,180,180,0.007503658649936985
2024-04-03,1,181,180,-0.00679450746697674
2024-04-03,2,181,181,0.013523124243416387
2024-04-03,3,181,181,0.0033961305826076017
2024-04-03,4,181,181,0.014357529359766003
2024-04-03,5,180,180,0.00043169948362232634
2024-04-08,1,180,179,0.021797135987147023
2024-04-08,2,179,179,0.048569547282210974
2024-04-08,3,180,180,0.035703925746712675
2024-04-08,4,179,179,0.038634945886738346
2024-04-08,5,179,179,0.03250529239521741
2024-04-09,1,181,179,-0.00915210505732213
2024-04-09,2,180,180,0.02455992854323051
2024-04-09,3,180,180,0.027529089421407003
2024-04-09,4,180,180,0.024491385289397698
2024-04-09,5,180,180,0.005462832795220152
2024-04-10,1,180,179,0.01887769650676899
2024-04-10,2,180,180,0.04601202857579345
2024-04-10,3,180,180,0.041478521754635254
2024-04-10,4,180,180,0.04053767676142027
2024-04-10,5,180,180,0.034598040883342965
2024-04-11,1,181,180,0.01484598048123079
2024-04-11,2,180,180,0.0391056773059871
2024-04-11,3,181,181,0.03203335421914483
2024-04-11,4,180,180,0.03630944832224196
2024-04-11,5,180,180,0.027378825684655536
2024-04-12,1,180,180,0.013791372561372304
2024-04-12,2,180,180,0.031440737348265635
2024-04-12,3,179,178,0.04182677121845299
2024-04-12,4,180,180,0.04776726591304471
2024-04-12,5,179,179,0.04336747908037407
2024-04-15,1,180,180,0.035244043543268294
2024-04-15,2,179,179,0.032650577494164904
2024-04-15,3,179,179,0.042480471656434475
2024-04-15,4,179,179,0.05126989480219204
2024-04-15,5,179,179,0.06843858889663877
2024-04-16,1,178,176,0.08311060109148784
2024-04-16,2,177,177,0.08125346456134987
2024-04-16,3,177,177,0.08460749250626987
2024-04-16,4,177,177,0.10460634700165025
2024-04-16,5,177,177,0.10599661371066295
2024-04-17,1,180,180,0.04600278336519447
2024-04-17,2,179,178,0.06803439284337275
2024-04-17,3,179,179,0.04808312210028171
2024-04-17,4,179,179,0.07191146918771009
2024-04-17,5,179,179,0.07179704883758901
2024-04-18,1,180,180,0.04550214269566438
2024-04-18,2,179,179,0.058181196223141204
2024-04-18,3,179,179,0.04614983440435475
2024-04-18,4,179,179,0.0694988048173904
2024-04-18,5,179,179,0.06312105949862062
2024-04-19,1,179,179,0.057090224032973626
2024-04-19,2,178,178,0.07182268904867746
2024-04-19,3,179,179,0.05288539993275945
2024-04-19,4,178,178,0.056173991020454145
2024-04-19,5,178,178,0.05845331341740687
2024-04-22,1,178,178,0.03784671946271712
2024-04-22,2,178,178,0.05272837818513685
2024-04-22,3,178,178,0.03966113443195741
2024-04-22,4,178,178,0.03638656847967648
2024-04-22,5,177,177,0.04918897192199701
2024-04-23,1,178,178,0.03849816891972909
2024-04-23,2,178,178,0.03079400475694003
2024-04-23,3,178,178,0.040301472382917196
2024-04-23,4,178,178,0.03588135293908421
2024-04-23,5,178,178,0.04396474924794103
2024-04-24,1,179,179,0.030471422424265933
2024-04-24,2,178,178,0.03338748576163004
2024-04-24,3,178,178,0.04653159898380119
2024-04-24,4,178,177,0.03529260591127974
2024-04-24,5,178,178,0.039246624642073374
2024-04-25,1,179,179,0.01687778586183322
2024-04-25,2,178,178,0.014563272431232321
2024-04-25,3,178,178,0.019872211296489948
2024-04-25,4,178,178,0.022072823144061088
2024-04-25,5,178,177,0.0313290758947012
2024-04-26,1,181,181,-0.004732008079163304
2024-04-26,2,180,180,0.0013811485805326892
2024-04-26,3,180,180,0.0006030350551618583
2024-04-26,4,180,180,-0.005617526418505144
2024-04-26,5,180,180,0.011740347132836391
2024-04-29,1,181,180,-0.01819105132447329
2024-04-29,2,181,180,-0.01817387606125317
2024-04-29,3,181,180,-0.023447262362429458
2024-04-29,4,181,180,-0.020966622514630596
2024-04-29,5,180,179,-0.0158241486797693
2024-04-30,1,180,180,-0.023462811528039435
2024-04-30,2,179,179,-0.028044125599535688
2024-04-30,3,180,180,-0.022779451179360363
2024-04-30,4,179,179,-0.028593807242097393
2024-04-30,5,179,179,-0.025275865492764532
2024-05-06,1,181,181,-0.05042575328804871
2024-05-06,2,181,181,-0.046416405285414485
2024-05-06,3,181,181,-0.04089339675838042
2024-05-06,4,181,181,-0.04329254110269515
2024-05-06,5,180,180,-0.05113313590136186
2024-05-07,1,181,181,-0.04909424938459322
2024-05-07,2,181,181,-0.046064883535861675
2024-05-07,3,180,180,-0.03927295731399151
2024-05-07,4,181,181,-0.03358500243367372
2024-05-07,5,180,180,-0.04734638607050742
2024-05-08,1,181,181,-0.052571713601408145
2024-05-08,2,180,180,-0.03396551261400884
2024-05-08,3,181,181,-0.040119762959848516
2024-05-08,4,180,180,-0.030703635833300588
2024-05-08,5,180,180,-0.04751632227561928
2024-05-09,1,181,181,-0.08435571662179375
2024-05-09,2,180,180,-0.0635951117643961
2024-05-09,3,181,181,-0.060022046241297915
2024-05-09,4,180,180,-0.057769721622615795
2024-05-09,5,180,180,-0.07903748807823772
2024-05-10,1,181,181,-0.06525641426337374
2024-05-10,2,181,181,-0.06745218324058305
2024-05-10,3,180,180,-0.05300001703457846
2024-05-10,4,181,180,-0.043760307534349965
2024-05-10,5,180,180,-0.07254830855245223
2024-05-13,1,180,180,-0.05763569600343351
2024-05-13,2,180,180,-0.04553395336860713
2024-05-13,3,180,180,-0.05762428784075158
2024-05-13,4,180,180,-0.05090543886810942
2024-05-13,5,180,180,-0.06321047824287854
2024-05-14,1,181,181,-0.048321098885579936
2024-05-14,2,180,180,-0.045513373916217875
2024-05-14,3,180,180,-0.05821531575280482
2024-05-14,4,180,180,-0.040102735317194715
2024-05-14,5,180,180,-0.06300531804781666
2024-05-15,1,181,181,-0.053905538225386546
2024-05-15,2,180,180,-0.05582611197612252
2024-05-15,3,180,180,-0.061771375587999874
2024-05-15,4,180,180,-0.04973033665452608
2024-05-15,5,180,180,-0.06625329517607424
2024-05-16,1,181,181,-0.05069987841074623
2024-05-16,2,180,180,-0.058796899382441134
2024-05-16,3,180,180,-0.04977716980279517
2024-05-16,4,180,180,-0.04486818074535585
2024-05-16,5,180,180,-0.07224893333952026
2024-05-17,1,182,182,-0.06175597770538972
2024-05-17,2,181,181,-0.06651269402718957
2024-05-17,3,181,180,-0.057717331009692466
2024-05-17,4,181,181,-0.056450338443886486
2024-05-17,5,181,180,-0.0865075990745335
2024-05-20,1,181,181,-0.05446619183835911
2024-05-20,2,180,180,-0.058364526262452136
2024-05-20,3,180,180,-0.046262607837177824
2024-05-20,4,180,180,-0.05922753489677739
2024-05-20,5,180,180,-0.07845676879302194
2024-05-21,1,181,181,-0.05485976395678923
2024-05-21,2,180,180,-0.053564428617528116
2024-05-21,3,180,180,-0.05676453164861667
2024-05-21,4,180,180,-0.06691922374671591
2024-05-21,5,180,180,-0.08770404181286348
2024-05-22,1,181,181,-0.07675280375918325
2024-05-22,2,180,180,-0.06961012606467668
2024-05-22,3,181,181,-0.06888826948322826
2024-05-22,4,180,180,-0.07964867070413928
2024-05-22,5,180,180,-0.10912003658238434
2024-05-23,1,180,180,-0.06047712895147878
2024-05-23,2,179,179,-0.04851536546475601
2024-05-23,3,179,179,-0.058070826944978636
2024-05-23,4,179,179,-0.0658551984300277
2024-05-23,5,179,179,-0.09310404322132
2024-05-24,1,180,180,-0.07285472201052025
2024-05-24,2,179,179,-0.06514760091146649
2024-05-24,3,179,179,-0.07182840221756744
2024-05-24,4,179,179,-0.08044383876230289
2024-05-24,5,179,179,-0.0952046120419444
2024-05-27,1,180,180,-0.08540194196638033
2024-05-27,2,179,179,-0.08689416990969634
2024-05-27,3,180,180,-0.07898284109910726
2024-05-27,4,179,179,-0.09415099406904917
2024-05-27,5,179,179,-0.0966669921578132
2024-05-28,1,179,179,-0.054800956914353126
2024-05-28,2,179,179,-0.04922030295842703
2024-05-28,3,179,179,-0.06926520520712229
2024-05-28,4,179,179,-0.059221371526997815
2024-05-28,5,179,179,-0.06548670760563022
2024-05-29,1,179,179,-0.0682593438274066
2024-05-29,2,179,179,-0.06987238806177376
2024-05-29,3,179,179,-0.07975892526886891
2024-05-29,4,179,179,-0.07765730096640074
2024-05-29,5,178,178,-0.07787798778012726
2024-05-30,1,179,179,-0.06675721648531169
2024-05-30,2,178,178,-0.06277661080048937
2024-05-30,3,179,179,-0.07041595918173985
2024-05-30,4,178,178,-0.07501283703442903
2024-05-30,5,178,178,-0.0690688223408592
2024-05-31,1,178,178,-0.05717897231136321
2024-05-31,2,178,178,-0.0514861576233442
2024-05-31,3,178,178,-0.057241703802081254
2024-05-31,4,178,178,-0.065475662166671
2024-05-31,5,177,177,-0.06276466112556343
2024-06-03,1,178,178,-0.05770700894691936
2024-06-03,2,177,177,-0.04046326698332842
2024-06-03,3,178,178,-0.0453185014881375
2024-06-03,4,177,177,-0.05453873759589189
2024-06-03,5,177,177,-0.058032971936081805
2024-06-04,1,177,177,-0.06605597784301222
2024-06-04,2,177,177,-0.06115309078858837
2024-06-04,3,176,176,-0.052748416605857405
2024-06-04,4,177,177,-0.05307229319462239
2024-06-04,5,176,176,-0.0668412132770781
2024-06-05,1,177,177,-0.08404464938631959
2024-06-05,2,176,176,-0.0644384725734925
2024-06-05,3,176,176,-0.06746176695943644
2024-06-05,4,176,176,-0.06601400434775756
2024-06-05,5,176,176,-0.07962881633409268
2024-06-06,1,176,176,-0.06161497088454446
2024-06-06,2,176,176,-0.04592444617662684
2024-06-06,3,176,175,-0.046467760825957966
2024-06-06,4,176,176,-0.05567778306093301
2024-06-06,5,176,176,-0.053857218697181526
2024-06-07,1,177,177,-0.0748484327045032
2024-06-07,2,176,176,-0.06267053784899637
2024-06-07,3,177,176,-0.06451149788319793
2024-06-07,4,176,176,-0.0696660513695524
2024-06-07,5,176,176,-0.07364235276934766
2024-06-11,1,176,176,-0.062190864715021756
2024-06-11,2,176,176,-0.05716990180056971
2024-06-11,3,175,175,-0.04926563661585673
2024-06-11,4,176,176,-0.06840832591622589
2024-06-11,5,175,175,-0.06294961407627706
2024-06-12,1,176,176,-0.05493949258318114
2024-06-12,2,176,176,-0.059682856084530306
2024-06-12,3,176,176,-0.04712315690601298
2024-06-12,4,176,176,-0.0505887719152619
2024-06-12,5,175,175,-0.06350266332553675
2024-06-13,1,175,175,-0.037136249407659715
2024-06-13,2,175,175,-0.029212270304883364
2024-06-13,3,175,175,-0.0400416670175459
2024-06-13,4,175,175,-0.028981473722173266
2024-06-13,5,175,175,-0.03784969993743644
2024-06-14,1,176,176,-0.03778091000309914
2024-06-14,2,175,175,-0.044006278961648077
2024-06-14,3,176,176,-0.039821579177572196
2024-06-14,4,175,175,-0.03096966059966872
2024-06-14,5,175,175,-0.04777251238019335
2024-06-17,1,175,175,-0.045082804487379835
2024-06-17,2,175,175,-0.05350219525400968
2024-06-17,3,175,175,-0.04292984701119033
2024-06-17,4,175,175,-0.042718895779110456
2024-06-17,5,175,175,-0.06401839891348787
2024-06-18,1,176,176,-0.04869325217919774
2024-06-18,2,175,175,-0.05361933321729769
2024-06-18,3,175,175,-0.056743210471149844
2024-06-18,4,175,175,-0.05132432207525362
2024-06-18,5,175,175,-0.05317429139779668
2024-06-19,1,175,175,-0.054188396540668475
2024-06-19,2,175,175,-0.053448397643177936
2024-06-19,3,175,175,-0.050432272793313526
2024-06-19,4,175,175,-0.0530140103519562
2024-06-19,5,174,174,-0.05136876104902637
2024-06-20,1,175,175,-0.035884000306913674
2024-06-20,2,175,175,-0.030761043206556
2024-06-20,3,175,175,-0.029452355026330226
2024-06-20,4,175,175,-0.034455362240122044
2024-06-20,5,174,174,-0.02189184806599688
2024-06-21,1,175,175,-0.030988607377683806
2024-06-21,2,175,175,-0.01913842891692937
2024-06-21,3,175,175,-0.025502411688160607
2024-06-21,4,175,175,-0.014328957808846141
2024-06-21,5,175,175,-0.01931355534900104
2024-06-24,1,174,174,-0.007711123388523752
2024-06-24,2,174,174,-0.006837278482301191
2024-06-24,3,174,174,0.002629654901407575
2024-06-24,4,174,174,-0.011826589519272752
2024-06-24,5,173,173,0.007029799432324261
2024-06-25,1,174,174,-0.03164219958510932
2024-06-25,2,174,174,-0.019144116072682682
2024-06-25,3,174,174,-0.031698007149633965
2024-06-25,4,174,174,-0.021286233902715567
2024-06-25,5,173,173,-0.018127091578146556
2024-06-26,1,175,175,-0.06418794303628401
2024-06-26,2,174,174,-0.053628347999711896
2024-06-26,3,175,175,-0.05601835731203851
2024-06-26,4,174,174,-0.05499892511669518
2024-06-26,5,174,174,-0.061826056083295534
2024-06-27,1,175,175,-0.037611837360559154
2024-06-27,2,174,174,-0.03562136510458883
2024-06-27,3,174,174,-0.024032737394922964
2024-06-27,4,174,174,-0.03246875318132499
2024-06-27,5,174,174,-0.04639376458970625
2024-06-28,1,174,174,-0.02675789458381439
2024-06-28,2,174,174,-0.024820343430248824
2024-06-28,3,174,174,-0.026128779307050452
2024-06-28,4,174,174,-0.023956205315801178
2024-06-28,5,173,173,-0.039488820343423575
2024-07-01,1,174,174,-0.0341353357288805
2024-07-01,2,174,174,-0.043202101435836554
2024-07-01,3,174,174,-0.03967570818083159
2024-07-01,4,174,174,-0.0476467533080006
2024-07-01,5,174,174,-0.05808121201871818
2024-07-02,1,174,174,-0.019239511499810874
2024-07-02,2,174,174,-0.03073399759150961
2024-07-02,3,174,173,-0.04291097581148764
2024-07-02,4,174,174,-0.030710479933437233
2024-07-02,5,174,174,-0.056543726454136786
2024-07-03,1,174,174,0.018977200939236667
2024-07-03,2,174,173,0.0066645203798973585
2024-07-03,3,174,173,-0.004894546516118492
2024-07-03,4,174,174,0.01039434813087315
2024-07-03,5,173,173,-0.0031085951933912757
2024-07-04,1,173,173,0.028990737468791508
2024-07-04,2,173,171,0.013048862787643918
2024-07-04,3,173,173,0.008491251116875322
2024-07-04,4,173,173,0.017718608065078186
2024-07-04,5,172,172,0.011459718658119856
2024-07-05,1,173,173,0.01111010637518913
2024-07-05,2,172,172,-0.0025395353317035204
2024-07-05,3,173,172,-0.01604487953677795
2024-07-05,4,172,172,0.009041598036883446
2024-07-05,5,172,171,-0.005392198386209283
2024-07-08,1,171,171,0.02833510391679615
2024-07-08,2,171,171,0.01653760490982733
2024-07-08,3,171,170,-4.113313402094375e-05
2024-07-08,4,171,171,0.023544101155015585
2024-07-08,5,170,170,0.013834800631606399
2024-07-09,1,171,171,0.012248167729782032
2024-07-09,2,170,170,-0.0011091099165615812
2024-07-09,3,171,170,-0.0011857588188235006
2024-07-09,4,170,170,0.006488084917618714
2024-07-09,5,170,170,0.004040814480524436
2024-07-10,1,170,170,-0.004049440019125989
2024-07-10,2,170,170,-0.015095941594703281
2024-07-10,3,169,168,-0.013344317354211382
2024-07-10,4,170,170,-0.005769393220795966
2024-07-10,5,169,169,-0.019717736246541176
2024-07-11,1,172,172,8.283168969487705e-05
2024-07-11,2,171,171,-0.021507242843874265
2024-07-11,3,171,171,-0.015282010433333788
2024-07-11,4,171,170,-0.011384569774737379
2024-07-11,5,171,171,-0.023020090841630786
2024-07-12,1,172,172,-0.013591775983496184
2024-07-12,2,172,172,-0.02105669428000333
2024-07-12,3,171,171,-0.022090581336374614
2024-07-12,4,172,171,-0.015323162432011789
2024-07-12,5,171,171,-0.04073427933856647
2024-07-15,1,171,171,-0.011818532093723121
2024-07-15,2,171,171,-0.009011605010254478
2024-07-15,3,171,170,-0.012481752696631297
2024-07-15,4,171,171,-0.02572923401307954
2024-07-15,5,171,171,-0.03305460719082018
2024-07-16,1,171,171,-0.004731791197067724
2024-07-16,2,171,171,-0.013219353647112584
2024-07-16,3,170,170,-0.015403738749089596
2024-07-16,4,171,170,-0.027894602509110147
2024-07-16,5,170,170,-0.037121189578020075
2024-07-17,1,171,171,-0.008569388959063614
2024-07-17,2,171,171,-0.011199559083892714
2024-07-17,3,171,171,-0.00999680401664822
2024-07-17,4,171,171,-0.027019882649389572
2024-07-17,5,170,170,-0.039834519455633134
2024-07-18,1,171,171,-0.00635787702003147
2024-07-18,2,171,171,0.00031469102903748506
2024-07-18,3,170,170,0.005359261297591016
2024-07-18,4,171,171,-0.02452113839376495
2024-07-18,5,170,170,-0.02900554380455586
2024-07-19,1,171,171,-0.021811729018734648
2024-07-19,2,170,170,-0.0161722651576225
2024-07-19,3,170,170,-0.020719891593557218
2024-07-19,4,170,170,-0.03153405384733291
2024-07-19,5,170,170,-0.036715981469444756
2024-07-22,1,170,170,-0.023210878545537307
2024-07-22,2,169,169,-0.022051563684143103
2024-07-22,3,170,170,-0.014387907473118479
2024-07-22,4,169,169,-0.026965456706435978
2024-07-22,5,169,169,-0.030794018990904944
2024-07-23,1,169,169,-0.02354607330837751
2024-07-23,2,169,169,-0.007502422975100258
2024-07-23,3,169,169,-0.012350229625874004
2024-07-23,4,169,169,-0.016882286652704543
2024-07-23,5,168,168,-0.02094048412888978
2024-07-24,1,168,168,-0.005403627967381453
2024-07-24,2,168,167,-0.002239493152353693
2024-07-24,3,167,167,0.0028017705334981947
2024-07-24,4,168,168,-0.0031692409566920275
2024-07-24,5,167,167,-0.0035331968097288492
2024-07-25,1,169,169,-0.030956133415497477
2024-07-25,2,168,168,-0.022020520052152433
2024-07-25,3,168,167,-0.020564164677936772
2024-07-25,4,168,168,-0.022561440873214218
2024-07-25,5,168,168,-0.03551560918914437
2024-07-26,1,169,169,-0.03706389517634022
2024-07-26,2,169,169,-0.030287948870807855
2024-07-26,3,169,169,-0.026128681722149872
2024-07-26,4,169,168,-0.03214846980240524
2024-07-26,5,169,169,-0.0411782912700268
2024-07-29,1,169,169,-0.019537601394026417
2024-07-29,2,169,169,-0.03389185101427801
2024-07-29,3,168,168,-0.015234802116752861
2024-07-29,4,169,168,-0.02759071426218886
2024-07-29,5,168,168,-0.031744599158924525
2024-07-30,1,169,169,-0.04157429294720687
2024-07-30,2,168,167,-0.04263798811915885
2024-07-30,3,168,168,-0.03401432608491217
2024-07-30,4,168,167,-0.03405725653695206
2024-07-30,5,168,168,-0.05134814318141018
2024-07-31,1,170,170,-0.07833071175876942
2024-07-31,2,169,169,-0.07914020103823537
2024-07-31,3,170,169,-0.06406228782626647
2024-07-31,4,169,169,-0.06776341714296834
2024-07-31,5,169,167,-0.08773348203357799
2024-08-01,1,169,169,-0.04891556911197182
2024-08-01,2,169,168,-0.05274923043264305
2024-08-01,3,169,169,-0.046317112034661705
2024-08-01,4,169,169,-0.03947627154609308
2024-08-01,5,168,168,-0.06737040114460514
2024-08-02,1,170,170,-0.019375810479029816
2024-08-02,2,169,168,-0.022978071064406184
2024-08-02,3,170,170,-0.023618532194491948
2024-08-02,4,169,169,-0.01886676706805626
2024-08-02,5,169,169,-0.037544071929303854
2024-08-05,1,170,169,-0.033251545549118244
2024-08-05,2,170,168,-0.026808030002961176
2024-08-05,3,170,170,-0.03810125327300657
2024-08-05,4,170,170,-0.03408447196614305
2024-08-05,5,169,169,-0.054982456696723817
2024-08-06,1,170,168,-0.028092516615099688
2024-08-06,2,169,168,-0.02750207562938225
2024-08-06,3,169,169,-0.026548199295959064
2024-08-06,4,169,169,-0.041482931942981346
2024-08-06,5,169,169,-0.05213366921289901
2024-08-07,1,170,168,-0.025242619650055243
2024-08-07,2,170,170,-0.017187637299297762
2024-08-07,3,169,169,-0.043968625218075305
2024-08-07,4,170,170,-0.027860700748210628
2024-08-07,5,169,169,-0.03948681575060365
2024-08-08,1,170,168,-0.030575087109393485
2024-08-08,2,169,168,-0.026086199310379175
2024-08-08,3,169,168,-0.038022702063768954
2024-08-08,4,169,169,-0.027604160735610162
2024-08-08,5,169,169,-0.034357334099717425
2024-08-09,1,169,167,-0.036041464845185125
2024-08-09,2,169,167,-0.041879345517869995
2024-08-09,3,169,169,-0.0451476836512079
2024-08-09,4,169,169,-0.029885967310133325
2024-08-09,5,169,169,-0.043051934636547336
2024-08-12,1,170,167,-0.03160561770191094
2024-08-12,2,169,168,-0.03996077126182666
2024-08-12,3,170,170,-0.04558374921312355
2024-08-12,4,169,169,-0.0333948717331013
2024-08-12,5,169,169,-0.03323452009645765
2024-08-13,1,170,168,-0.03567338055208088
2024-08-13,2,169,168,-0.054823111291898714
2024-08-13,3,170,169,-0.04882503501734084
2024-08-13,4,169,169,-0.04770581526556045
2024-08-13,5,169,169,-0.033540926730756135
2024-08-14,1,170,169,-0.026289373367216477
2024-08-14,2,170,169,-0.03651715232780891
2024-08-14,3,170,169,-0.03831798637791701
2024-08-14,4,170,169,-0.03080083084920302
2024-08-14,5,170,170,-0.030655913331681477
2024-08-15,1,170,170,-0.045723152630162946
2024-08-15,2,170,170,-0.052213205946071116
2024-08-15,3,170,168,-0.047845423794114966
2024-08-15,4,170,169,-0.04616731019314554
2024-08-15,5,170,169,-0.048637295960698615
2024-08-16,1,171,171,-0.046605899023226746
2024-08-16,2,170,170,-0.051137459778188885
2024-08-16,3,171,170,-0.05938225936008919
2024-08-16,4,170,169,-0.047123538203574816
2024-08-16,5,170,168,-0.052664916038890605
2024-08-19,1,171,171,-0.047699618964281265
2024-08-19,2,171,171,-0.05035537962728164
2024-08-19,3,170,169,-0.04923221392283848
2024-08-19,4,171,170,-0.047154977131952325
2024-08-19,5,170,170,-0.04887562417859618
2024-08-20,1,170,170,-0.012594555000864633
2024-08-20,2,170,170,-0.013906632601955723
2024-08-20,3,170,169,-0.022077222639999474
2024-08-20,4,170,169,-0.019442091185750694
2024-08-20,5,169,169,-0.006656001361492511
2024-08-21,1,170,170,-0.01072088829470917
2024-08-21,2,170,170,-0.014698067145564753
2024-08-21,3,169,168,-0.024400252772198133
2024-08-21,4,170,168,-0.017598147514428827
2024-08-21,5,169,169,-0.005652268434332702
2024-08-22,1,169,169,0.02513139752027443
2024-08-22,2,169,168,0.007028089327483048
2024-08-22,3,169,168,0.0012992915487979634
2024-08-22,4,169,169,0.013776896059418552
2024-08-22,5,169,169,0.006490533288478855
2024-08-23,1,169,169,0.06047522148927902
2024-08-23,2,169,168,0.053341564265337614
2024-08-23,3,169,168,0.036831511057874786
2024-08-23,4,169,169,0.04725409111867127
2024-08-23,5,168,168,0.03997197344080951
2024-08-26,1,170,170,0.055533005583825554
2024-08-26,2,170,169,0.03690244741609384
2024-08-26,3,170,170,0.046464375124234486
2024-08-26,4,170,169,0.039561779595513547
2024-08-26,5,169,169,0.03802079653973317
2024-08-27,1,170,170,0.1311002937152186
2024-08-27,2,170,169,0.11514986627084141
2024-08-27,3,170,169,0.13271129231002043
2024-08-27,4,170,170,0.11923072342489663
2024-08-27,5,169,169,0.11445936414637777
2024-08-28,1,170,170,0.21239892139362176
2024-08-28,2,169,168,0.21533644003643282
2024-08-28,3,170,169,0.20959055337237564
2024-08-28,4,169,169,0.21344723092472412
2024-08-28,5,169,169,0.1948635452288275
2024-08-29,1,169,169,0.36750342314280815
2024-08-29,2,169,169,0.37087773298549076
2024-08-29,3,169,168,0.35807519535186827
2024-08-29,4,169,168,0.36794049834982784
2024-08-29,5,169,169,0.3380379520812566
2024-08-30,1,170,170,0.2503663518266709
2024-08-30,2,170,170,0.2712030913964523
2024-08-30,3,170,169,0.28686394634556983
2024-08-30,4,170,170,0.2567796620920276
2024-08-30,5,170,169,0.23608786475963595
2024-09-02,1,170,170,0.20862190208282608
2024-09-02,2,169,169,0.24055293278351364
2024-09-02,3,170,170,0.22032403630634523
2024-09-02,4,169,169,0.21482503661956573
2024-09-02,5,169,167,0.21024564902280232
2024-09-03,1,169,169,0.19052180230433075
2024-09-03,2,169,169,0.2182158837347207
2024-09-03,3,168,168,0.20398181764349768
2024-09-03,4,169,169,0.20231185685948577
2024-09-03,5,168,168,0.18745210950986255
2024-09-04,1,168,168,0.1635326810702225
2024-09-04,2,168,168,0.173212871874228
2024-09-04,3,168,168,0.1882667891934118
2024-09-04,4,168,168,0.16241835794749257
2024-09-04,5,168,168,0.16433107566915053
2024-09-05,1,169,169,0.17061768075773773
2024-09-05,2,168,167,0.1898991662894224
2024-09-05,3,169,169,0.18922928650393325
2024-09-05,4,168,168,0.16676315536175906
2024-09-05,5,168,167,0.17926220341646704
2024-09-06,1,168,168,0.17290026227829788
2024-09-06,2,168,168,0.17927681629739375
2024-09-06,3,168,168,0.16697268021446832
2024-09-06,4,168,168,0.15897073139209392
2024-09-06,5,168,168,0.1774575742121408
2024-09-09,1,168,168,0.1922950206675
2024-09-09,2,168,168,0.21086463382424997
2024-09-09,3,167,167,0.19365435919948695
2024-09-09,4,168,168,0.20391369515168065
2024-09-09,5,167,167,0.20163959432666564
2024-09-10,1,167,167,0.17206956296124204
2024-09-10,2,167,167,0.1800540300432621
2024-09-10,3,166,166,0.1948987412436879
2024-09-10,4,167,166,0.19496696724627172
2024-09-10,5,166,166,0.17781174813925751
2024-09-11,1,167,166,0.2142502550582747
2024-09-11,2,166,165,0.22397227770372655
2024-09-11,3,166,166,0.23971391095313993
2024-09-11,4,166,166,0.22263448137871975
2024-09-11,5,166,166,0.22744433771940908
2024-09-12,1,167,166,0.23699432013670763
2024-09-12,2,166,165,0.23302486944177062
2024-09-12,3,167,167,0.2543388083302342
2024-09-12,4,166,166,0.21219374583106548
2024-09-12,5,166,166,0.26327719467755606
2024-09-13,1,167,167,0.2741518389599315
2024-09-13,2,167,166,0.26992525468674705
2024-09-13,3,166,165,0.27803084725851884
2024-09-13,4,167,167,0.24160272530571858
2024-09-13,5,166,166,0.2751493024513285
2024-09-18,1,167,167,0.2781515209611713
2024-09-18,2,167,165,0.2784274908449623
2024-09-18,3,167,167,0.2442685180021363
2024-09-18,4,167,167,0.23880384408752783
2024-09-18,5,166,166,0.2659591211532559
2024-09-19,1,167,167,0.2409029213689091
2024-09-19,2,167,166,0.23752592656826257
2024-09-19,3,167,167,0.21941748186392224
2024-09-19,4,167,166,0.23549842779942312
2024-09-19,5,167,167,0.27607858105573685
2024-09-20,1,167,167,0.2626721151439741
2024-09-20,2,167,166,0.2623974517792711
2024-09-20,3,167,167,0.24815753269292262
2024-09-20,4,167,167,0.24724039171510198
2024-09-20,5,167,166,0.3038696186286037
2024-09-23,1,167,166,0.27549737612032543
2024-09-23,2,167,167,0.28012875953073796
2024-09-23,3,167,167,0.2565105211800252
2024-09-23,4,167,167,0.27278989263401476
2024-09-23,5,167,166,0.3154149096742683
2024-09-24,1,170,169,0.21718734648187474
2024-09-24,2,169,169,0.17634734791422854
2024-09-24,3,169,169,0.18477881771059018
2024-09-24,4,169,168,0.2232569314690787
2024-09-24,5,169,168,0.2086822161011741
2024-09-25,1,172,171,0.22503625056438928
2024-09-25,2,171,171,0.21114362423763525
2024-09-25,3,171,171,0.20462858941491915
2024-09-25,4,171,170,0.2009051886754117
2024-09-25,5,171,171,0.2352945790169987
2024-09-26,1,173,173,0.18109727312210988
2024-09-26,2,173,173,0.14038699591170187
2024-09-26,3,173,172,0.13575764979407443
2024-09-26,4,173,173,0.14709037523876234
2024-09-26,5,173,173,0.18812937074854044
2024-09-27,1,176,176,0.08383880643797442
2024-09-27,2,176,175,0.04706183178945192
2024-09-27,3,176,176,0.05639638522437728
2024-09-27,4,176,176,0.030365588590823944
2024-09-27,5,176,176,0.07473996974236835
2024-09-30,1,180,180,-0.0296327735648213
2024-09-30,2,180,179,-0.05158759680472362
2024-09-30,3,180,180,-0.08452589636270907
2024-09-30,4,180,180,-0.07058463423003393
2024-09-30,5,180,180,-0.05251279566242708
2024-10-08,1,183,183,0.06638095649517287
2024-10-08,2,183,183,0.023818377844074253
2024-10-08,3,182,182,0.010629269166703004
2024-10-08,4,183,183,0.021100101868515766
2024-10-08,5,182,181,0.03152530231174526
2024-10-09,1,181,181,0.1169859729909418
2024-10-09,2,180,179,0.06864214538902502
2024-10-09,3,181,181,0.06853374921973908
2024-10-09,4,180,180,0.07210007471838299
2024-10-09,5,180,179,0.08852029302408708
2024-10-10,1,181,181,0.1779265103473207
2024-10-10,2,180,180,0.11385073637311634
2024-10-10,3,180,180,0.11236199841303905
2024-10-10,4,180,179,0.13342730024026975
2024-10-10,5,180,180,0.15615164024090417
2024-10-11,1,180,180,0.19011513540844277
2024-10-11,2,180,179,0.1106230139710576
2024-10-11,3,179,179,0.12154770266473579
2024-10-11,4,180,180,0.13744840803695052
2024-10-11,5,179,179,0.17607170036677167
2024-10-14,1,181,181,0.1827751464053583
2024-10-14,2,180,179,0.1073195492957028
2024-10-14,3,180,180,0.1461266280106291
2024-10-14,4,180,180,0.13098463494690027
2024-10-14,5,180,180,0.19356928321280453
2024-10-15,1,181,181,0.1900194253481694
2024-10-15,2,180,179,0.14147477571579223
2024-10-15,3,181,181,0.14709820653910316
2024-10-15,4,180,180,0.13766851017050966
2024-10-15,5,180,180,0.21957808254463695
2024-10-16,1,181,181,0.16700716515605069
2024-10-16,2,180,179,0.1201553561288757
2024-10-16,3,181,181,0.14157178349315758
2024-10-16,4,180,180,0.12989677937483518
2024-10-16,5,180,180,0.15056915450829572
2024-10-17,1,180,180,0.145385475416113
2024-10-17,2,180,180,0.12141738579415014
2024-10-17,3,180,179,0.11979155540579985
2024-10-17,4,180,180,0.12463119615480091
2024-10-17,5,179,178,0.125712795808495
2024-10-18,1,181,181,0.09349446157395529
2024-10-18,2,180,180,0.07595824701613603
2024-10-18,3,181,181,0.0751544839990048
2024-10-18,4,180,178,0.0758753058017158
2024-10-18,5,180,180,0.07466377850226215
2024-10-21,1,181,181,0.06489478434356424
2024-10-21,2,180,180,0.06265581339183343
2024-10-21,3,181,180,0.04130272929167339
2024-10-21,4,180,180,0.04416688043440236
2024-10-21,5,180,180,0.03899580556064166
2024-10-22,1,181,181,0.069536944336565
2024-10-22,2,181,181,0.060889090363506336
2024-10-22,3,181,181,0.03664719672690245
2024-10-22,4,181,181,0.04794961846056601
2024-10-22,5,180,180,0.050564035081596986
2024-10-23,1,181,181,0.0774487865613597
2024-10-23,2,181,181,0.06895671993166233
2024-10-23,3,181,181,0.07133847172895681
2024-10-23,4,181,181,0.06923155433298978
2024-10-23,5,180,180,0.07008401618587376
2024-10-24,1,182,182,0.07241157420506966
2024-10-24,2,181,181,0.07129273532906226
2024-10-24,3,181,181,0.05708793703000455
2024-10-24,4,181,181,0.08395148712393795
2024-10-24,5,181,181,0.0755275771232502
2024-10-25,1,182,182,0.02905574895468284
2024-10-25,2,182,182,0.018128254565866263
2024-10-25,3,182,182,0.028877851602658378
2024-10-25,4,182,182,0.026853767240190625
2024-10-25,5,181,180,0.015229673504369556
2024-10-28,1,183,183,0.005225049607534903
2024-10-28,2,183,183,-0.004405408590172312
2024-10-28,3,183,183,0.020940227009396392
2024-10-28,4,183,183,0.0025848927883374844
2024-10-28,5,182,181,-0.007760978561541932
2024-10-29,1,183,183,0.021054625070839775
2024-10-29,2,182,182,-0.0011156465285312226
2024-10-29,3,182,182,0.03581569160823162
2024-10-29,4,182,181,0.022427495889236523
2024-10-29,5,182,181,-0.0005151180151047227
2024-10-30,1,183,183,0.03500215515044604
2024-10-30,2,182,182,0.03978582819845976
2024-10-30,3,182,182,0.03956480173636256
2024-10-30,4,182,180,0.0448648743824305
2024-10-30,5,182,182,0.006355530682926339
2024-10-31,1,183,183,0.024184516882381758
2024-10-31,2,183,183,0.02747378300003021
2024-10-31,3,183,182,0.059391479634004485
2024-10-31,4,183,183,-0.0020711489259861928
2024-10-31,5,182,182,-0.018444959374907616
2024-11-01,1,183,183,0.05353570424176548
2024-11-01,2,182,181,0.06384855585483114
2024-11-01,3,182,182,0.06487430201332375
2024-11-01,4,182,182,0.04686651297445109
2024-11-01,5,182,181,0.017768105522155818
2024-11-04,1,183,183,0.052651474391758164
2024-11-04,2,183,182,0.0670779576111893
2024-11-04,3,182,182,0.059661972958051195
2024-11-04,4,183,183,0.01615422236968597
2024-11-04,5,182,181,0.0525953512807326
2024-11-05,1,185,184,0.021649952225868022
2024-11-05,2,184,184,0.03295692464584627
2024-11-05,3,184,183,0.01130423346834747
2024-11-05,4,184,183,-0.001490119451832895
2024-11-05,5,184,184,0.013503720391282581
2024-11-06,1,184,182,0.008096539940963723
2024-11-06,2,184,184,0.0015619934502395438
2024-11-06,3,183,183,0.001973227984859529
2024-11-06,4,184,184,0.0014070618186379515
2024-11-06,5,183,182,0.0057203766073302235
2024-11-07,1,186,184,-0.016370819517464472
2024-11-07,2,185,185,-0.037617601473136066
2024-11-07,3,185,185,-0.03323377698861277
2024-11-07,4,185,185,-0.024045236040034588
2024-11-07,5,185,185,-0.011400697291179245
2024-11-08,1,185,184,-0.0047424818710512925
2024-11-08,2,185,185,0.00022397324179984724
2024-11-08,3,184,184,0.004151454178798858
2024-11-08,4,185,185,-0.008155705878435723
2024-11-08,5,184,184,0.014839845300419431
2024-11-11,1,185,184,-0.0070745957470612995
2024-11-11,2,185,185,0.006816104950507692
2024-11-11,3,185,185,0.018996204166901787
2024-11-11,4,185,185,0.0014429714543248932
2024-11-11,5,184,184,0.01741224778750301
2024-11-12,1,185,184,-0.01610792487365435
2024-11-12,2,184,184,0.0008270805641259887
2024-11-12,3,184,184,0.0014004769056186063
2024-11-12,4,184,184,-0.0013821145919289696
2024-11-12,5,184,184,0.010446145873800512
2024-11-13,1,184,183,-0.006058642272862073
2024-11-13,2,184,184,0.015250564974439605
2024-11-13,3,184,184,0.007706738065208231
2024-11-13,4,184,184,0.028969903475678148
2024-11-13,5,184,184,0.011243462969838138
2024-11-14,1,184,183,0.03514538418739181
2024-11-14,2,183,183,0.043900364427256
2024-11-14,3,184,184,0.029909956833397155
2024-11-14,4,183,183,0.04825730930048229
2024-11-14,5,183,183,0.07299161731807555
2024-11-15,1,184,184,0.04851676257905963
2024-11-15,2,183,183,0.0313516721532772
2024-11-15,3,183,183,0.03222687136463451
2024-11-15,4,183,183,0.03744173886444959
2024-11-15,5,183,183,0.055225505655605384
2024-11-18,1,184,183,0.058555959921333854
2024-11-18,2,183,183,0.04717448551197712
2024-11-18,3,183,183,0.022179963674097063
2024-11-18,4,183,183,0.051427736039402684
2024-11-18,5,183,183,0.06673809555121987
2024-11-19,1,184,183,0.031372336428675186
2024-11-19,2,183,183,0.006566213728450382
2024-11-19,3,184,184,0.013205518214933532
2024-11-19,4,183,183,0.006760958070358653
2024-11-19,5,183,183,0.0316819636385668
2024-11-20,1,184,183,0.006980451821000252
2024-11-20,2,183,183,0.007856806602614244
2024-11-20,3,184,184,-0.013226646899688369
2024-11-20,4,183,183,-0.010156304160535931
2024-11-20,5,183,183,-0.0033878382502131655
2024-11-21,1,184,183,0.022700739809487665
2024-11-21,2,183,183,9.885426895474774e-05
2024-11-21,3,184,184,-0.006050878847758565
2024-11-21,4,183,183,-0.0004812544478808082
2024-11-21,5,183,183,-0.004711098830291141
2024-11-22,1,183,182,0.05835756402830242
2024-11-22,2,183,182,0.04275142525664425
2024-11-22,3,183,183,0.03336688836894682
2024-11-22,4,183,182,0.033988415641248326
2024-11-22,5,183,183,0.024470122740286603
2024-11-25,1,183,183,0.03707391922018367
2024-11-25,2,183,182,0.015474283458825967
2024-11-25,3,183,183,0.01119282409684207
2024-11-25,4,183,182,0.013036120586217143
2024-11-25,5,182,182,-0.008506164469099324
2024-11-26,1,183,183,0.049617500642816295
2024-11-26,2,183,182,0.036877839673900424
2024-11-26,3,183,183,0.026097304288152327
2024-11-26,4,183,182,0.027661614527566797
2024-11-26,5,182,182,0.02338621213060416
2024-11-27,1,184,184,0.008373959575832224
2024-11-27,2,183,182,0.00482847259536741
2024-11-27,3,184,184,-0.009018688355534533
2024-11-27,4,183,182,0.006383366158937552
2024-11-27,5,183,182,-0.029738505858903183
2024-11-28,1,184,184,0.01794843024166382
2024-11-28,2,183,182,0.020089755016213733
2024-11-28,3,184,184,0.011033851119857817
2024-11-28,4,183,182,0.0017615756084807803
2024-11-28,5,183,183,-0.003149593157337806
2024-11-29,1,184,183,0.0026348833623221356
2024-11-29,2,183,182,0.0034393444308300175
2024-11-29,3,184,184,0.007281069811689612
2024-11-29,4,183,180,-0.013684721641248914
2024-11-29,5,183,183,-0.012970252651557821
2024-12-02,1,184,183,-0.029100784791105515
2024-12-02,2,184,184,-0.011157512986939426
2024-12-02,3,184,184,-0.014737081461189096
2024-12-02,4,184,182,-0.022717243152178188
2024-12-02,5,184,184,-0.03183910728660274
2024-12-03,1,184,183,-0.055581140608874036
2024-12-03,2,184,183,-0.03968302128028707
2024-12-03,3,184,183,-0.04515018906368252
2024-12-03,4,184,182,-0.03701066665579673
2024-12-03,5,184,184,-0.05677112573848794
2024-12-04,1,185,184,-0.04701261120487349
2024-12-04,2,184,183,-0.06529082697453417
2024-12-04,3,185,185,-0.04911482837225219
2024-12-04,4,184,182,-0.05437140955692144
2024-12-04,5,184,184,-0.050849593588797475
2024-12-05,1,185,185,-0.10079362115054787
2024-12-05,2,185,183,-0.07767087857088463
2024-12-05,3,185,185,-0.07647600554023967
2024-12-05,4,185,183,-0.09022406116488789
2024-12-05,5,184,184,-0.10461266689362711
2024-12-06,1,185,185,-0.10945749072675465
2024-12-06,2,185,183,-0.08349478574297899
2024-12-06,3,185,184,-0.09911512656944317
2024-12-06,4,185,185,-0.08389596390937917
2024-12-06,5,185,185,-0.11453774148086662
2024-12-09,1,185,185,-0.11898874224418024
2024-12-09,2,185,184,-0.10505613455282722
2024-12-09,3,185,184,-0.10682242313962546
2024-12-09,4,185,184,-0.09831317964332717
2024-12-09,5,185,185,-0.13361377119406187
2024-12-10,1,185,184,-0.11269042993720033
2024-12-10,2,185,185,-0.09106018429444959
2024-12-10,3,185,184,-0.09172087054777911
2024-12-10,4,185,184,-0.08289880099715778
2024-12-10,5,184,184,-0.1047858715234178
2024-12-11,1,186,185,-0.11655172171019801
2024-12-11,2,185,185,-0.10503219606735795
2024-12-11,3,185,183,-0.09421617949229275
2024-12-11,4,185,185,-0.08834091057158122
2024-12-11,5,185,185,-0.12206582647991557
2024-12-12,1,186,185,-0.15410093259693092
2024-12-12,2,186,186,-0.13884125827803492
2024-12-12,3,185,184,-0.1177820827974967
2024-12-12,4,186,185,-0.1193846367667391
2024-12-12,5,185,185,-0.1591286037606729
2024-12-13,1,185,185,-0.12605187503925333
2024-12-13,2,185,185,-0.10475900644702271
2024-12-13,3,184,184,-0.10261949235854918
2024-12-13,4,185,185,-0.1102543648078563
2024-12-13,5,184,183,-0.12598545724174
2024-12-16,1,185,185,-0.07980203069306113
2024-12-16,2,185,185,-0.06718112249123949
2024-12-16,3,185,185,-0.05802808768662015
2024-12-16,4,185,184,-0.07782055315930979
2024-12-16,5,184,183,-0.08980376042244521
2024-12-17,1,184,184,-0.058504210206996886
2024-12-17,2,184,184,-0.05216305203237328
2024-12-17,3,184,183,-0.058871865161228845
2024-12-17,4,184,184,-0.05893238307476766
2024-12-17,5,183,183,-0.06506771411844904
2024-12-18,1,185,185,-0.056247692198223516
2024-12-18,2,184,184,-0.05220179766017545
2024-12-18,3,184,183,-0.05625972984039701
2024-12-18,4,184,184,-0.051003661556590855
2024-12-18,5,184,184,-0.061614882085432636
2024-12-19,1,185,184,-0.05858787579784715
2024-12-19,2,184,184,-0.05077769429258248
2024-12-19,3,184,184,-0.051177896463117045
2024-12-19,4,184,184,-0.04424268370225239
2024-12-19,5,184,184,-0.04920161108712697
2024-12-20,1,184,183,-0.06553371932307397
2024-12-20,2,184,184,-0.04966950874453052
2024-12-20,3,184,184,-0.0476705562521756
2024-12-20,4,184,183,-0.04234697695762848
2024-12-20,5,184,184,-0.053708345777253544
2024-12-23,1,183,182,-0.038257554620988225
2024-12-23,2,183,183,-0.04917433603127403
2024-12-23,3,183,183,-0.042281717382685914
2024-12-23,4,183,183,-0.03474688440142054
2024-12-23,5,182,182,-0.035059101097056
2024-12-24,1,184,184,-0.05170528151768362
2024-12-24,2,183,183,-0.04590926466194328
2024-12-24,3,183,183,-0.05005146846160942
2024-12-24,4,183,183,-0.03492776453826883
2024-12-24,5,183,183,-0.04026726574554804
2024-12-25,1,183,183,-0.04474891400139584
2024-12-25,2,183,183,-0.05153592311801705
2024-12-25,3,183,183,-0.0512851727103933
2024-12-25,4,183,183,-0.031841822102333106
2024-12-25,5,182,182,-0.04601190762327391
2024-12-26,1,183,183,-0.033515081866763524
2024-12-26,2,183,183,-0.03877512613429548
2024-12-26,3,182,182,-0.03671215277807652
2024-12-26,4,183,183,-0.03137662026267941
2024-12-26,5,182,182,-0.04580190951508862
2024-12-27,1,183,183,-0.03962306477820662
2024-12-27,2,183,183,-0.0493443907373341
2024-12-27,3,183,183,-0.03466863241629306
2024-12-27,4,183,183,-0.03104147925487393
2024-12-27,5,183,181,-0.05642857854143861
2024-12-30,1,183,183,-0.037152964395040115
2024-12-30,2,182,182,-0.04228507012928951
2024-12-30,3,183,183,-0.05042274717114522
2024-12-30,4,182,180,-0.03868421012581133
2024-12-30,5,182,182,-0.058354609833545484
2024-12-31,1,183,183,0.022719268768571395
2024-12-31,2,182,182,0.004447165937905606
2024-12-31,3,182,181,-0.013959914316406271
2024-12-31,4,182,179,-0.0008312752500281028
2024-12-31,5,182,182,-0.0011952614383531
2025-01-02,1,181,181,0.06446876934912511
2025-01-02,2,181,181,0.03761649555796285
2025-01-02,3,181,181,0.0188065568069409
2025-01-02,4,181,180,0.04431090226774782
2025-01-02,5,181,181,0.04042453558184974
2025-01-03,1,180,180,0.1257899226413183
2025-01-03,2,180,180,0.08416898526313463
2025-01-03,3,180,180,0.0613416866563461
2025-01-03,4,180,179,0.06969751838506769
2025-01-03,5,179,179,0.07556941963486867
2025-01-06,1,181,181,0.11985829386135927
2025-01-06,2,180,180,0.07435733071120017
2025-01-06,3,180,180,0.06616626110297578
2025-01-06,4,180,179,0.05870199420294387
2025-01-06,5,180,180,0.0637937150313725
2025-01-07,1,181,181,0.13083223541913924
2025-01-07,2,180,180,0.07929648830708164
2025-01-07,3,181,181,0.07775695497344907
2025-01-07,4,180,179,0.06845764298832054
2025-01-07,5,180,180,0.057075549398451324
2025-01-08,1,181,181,0.12237393919653229
2025-01-08,2,180,180,0.08495453329387397
2025-01-08,3,180,180,0.07892808104499675
2025-01-08,4,180,179,0.0654758632869154
2025-01-08,5,180,180,0.053401521470638334
2025-01-09,1,181,181,0.11958685638247044
2025-01-09,2,180,179,0.09314171903322366
2025-01-09,3,181,180,0.08532084785033993
2025-01-09,4,180,180,0.07259704588713604
2025-01-09,5,180,180,0.05774096193759374
2025-01-10,1,180,180,0.1558299641685713
2025-01-10,2,179,179,0.12125967604777066
2025-01-10,3,180,179,0.1089819640214041
2025-01-10,4,179,178,0.1066713084258004
2025-01-10,5,179,179,0.10497755208459883
2025-01-13,1,180,180,0.10953256851981
2025-01-13,2,179,178,0.0828655545882705
2025-01-13,3,179,178,0.07521456874641858
2025-01-13,4,179,179,0.07554872491078846
2025-01-13,5,179,179,0.06935429872841194
2025-01-14,1,181,180,0.09632441150538343
2025-01-14,2,180,180,0.05665730553770925
2025-01-14,3,180,179,0.05620056248932974
2025-01-14,4,180,180,0.05482932281168274
2025-01-14,5,180,180,0.054699043502183145
2025-01-15,1,181,181,0.09752400580948195
2025-01-15,2,180,179,0.07571908444337104
2025-01-15,3,180,180,0.05363056730502087
2025-01-15,4,180,179,0.050975407079156015
2025-01-15,5,180,179,0.06984843076495795
2025-01-16,1,181,180,0.09901979672914918
2025-01-16,2,180,180,0.07942373740950401
2025-01-16,3,180,180,0.07859978728695151
2025-01-16,4,180,179,0.06286524165438521
2025-01-16,5,180,180,0.08312569364881765
2025-01-17,1,181,180,0.07559744348273391
2025-01-17,2,180,180,0.05830091281524374
2025-01-17,3,180,179,0.052078500349867614
2025-01-17,4,180,179,0.03906274029210778
2025-01-17,5,180,180,0.050900131863867215
2025-01-20,1,181,181,0.07099824016787083
2025-01-20,2,180,179,0.04379820337712378
2025-01-20,3,181,180,0.06816437354094243
2025-01-20,4,180,179,0.04254180047473683
2025-01-20,5,180,180,0.04383078409728934
2025-01-21,1,181,181,0.09217204369304176
2025-01-21,2,180,178,0.08412147822889554
2025-01-21,3,180,180,0.06765256164842047
2025-01-21,4,180,180,0.05714648147414295
2025-01-21,5,180,179,0.07997019878641043
2025-01-22,1,179,179,0.08946919392883339
2025-01-22,2,179,179,0.06585184989805161
2025-01-22,3,179,179,0.05757381569163017
2025-01-22,4,179,178,0.0506558332426857
2025-01-22,5,179,178,0.05721437440018344
2025-01-23,1,179,179,0.07942035616447819
2025-01-23,2,179,179,0.05284048852130985
2025-01-23,3,179,179,0.05190706466028341
2025-01-23,4,179,178,0.049854619007400285
2025-01-23,5,179,178,0.05453778108760678
2025-01-24,1,179,179,0.0448397586353647
2025-01-24,2,179,179,0.036337810435003025
2025-01-24,3,179,179,0.02447258887565507
2025-01-24,4,179,179,0.024515360539322583
2025-01-24,5,179,177,0.040684406101891675
2025-01-27,1,180,180,0.07073926011775493
2025-01-27,2,180,180,0.05432645303210622
2025-01-27,3,180,180,0.023126169589371182
2025-01-27,4,180,180,0.0505251138383325
2025-01-27,5,179,177,0.05180995450060728
2025-02-05,1,180,180,0.0668006750667146
2025-02-05,2,180,180,0.06625794620732593
2025-02-05,3,180,180,0.0477251609115569
2025-02-05,4,180,180,0.04973379912562898
2025-02-05,5,180,177,0.08367285285185101
2025-02-06,1,180,180,0.04060738615794876
2025-02-06,2,180,180,0.04477600030836438
2025-02-06,3,180,180,0.04453126824758666
2025-02-06,4,180,180,0.03340337747514132
2025-02-06,5,180,179,0.09025469554767832
2025-02-07,1,181,181,0.02515905016702941
2025-02-07,2,181,181,0.017725918507290165
2025-02-07,3,181,181,0.029650343289853512
2025-02-07,4,181,181,0.023305792189774844
2025-02-07,5,180,179,0.07027030018558512
2025-02-10,1,181,181,0.002986541269351342
2025-02-10,2,181,181,0.0048676991299877684
2025-02-10,3,181,181,0.00730845016273373
2025-02-10,4,181,181,0.014299540878796637
2025-02-10,5,181,181,0.03128079565173242
2025-02-11,1,181,181,0.022710016785240244
2025-02-11,2,181,181,0.0341586334131534
2025-02-11,3,181,181,0.0331032067454332
2025-02-11,4,181,181,0.040310035832451685
2025-02-11,5,180,180,0.06162053855921987
2025-02-12,1,181,181,0.022765812304203752
2025-02-12,2,181,181,0.014259436294866324
2025-02-12,3,181,181,0.01630527035412654
2025-02-12,4,181,181,0.024856150435973043
2025-02-12,5,181,181,0.03698003070264643
2025-02-13,1,181,181,0.021966864474785387
2025-02-13,2,181,181,0.02937787007397829
2025-02-13,3,181,181,0.013091728362006852
2025-02-13,4,181,181,0.024054152821279078
2025-02-13,5,181,181,0.028595767745635586
2025-02-14,1,181,180,0.04770474769704916
2025-02-14,2,181,181,0.039738368163178994
2025-02-14,3,181,180,0.024586519491280396
2025-02-14,4,181,180,0.03608421337036586
2025-02-14,5,181,181,0.03031545929126067
2025-02-17,1,182,181,0.04133465267093059
2025-02-17,2,181,181,0.036115705073498074
2025-02-17,3,181,180,0.03074910832527658
2025-02-17,4,181,181,0.04053440629926932
2025-02-17,5,181,181,0.04053769457962832
2025-02-18,1,181,180,0.052481563844660496
2025-02-18,2,181,181,0.06150723236984635
2025-02-18,3,181,179,0.05358841961858019
2025-02-18,4,181,181,0.06817307356267012
2025-02-18,5,180,180,0.04941703282422313
2025-02-19,1,181,180,0.02908267626421394
2025-02-19,2,181,180,0.05209521500424889
2025-02-19,3,181,181,0.036100074400194096
2025-02-19,4,181,180,0.05318763769889987
2025-02-19,5,180,180,0.02250256684194211
2025-02-20,1,181,180,0.021026073866906855
2025-02-20,2,181,180,0.03563032183834562
2025-02-20,3,181,181,0.0321726283082319
2025-02-20,4,181,180,0.031529211035993446
2025-02-20,5,181,181,0.008150085574761635
2025-02-21,1,182,181,0.0014822280981400713
2025-02-21,2,181,181,0.02254198246626033
2025-02-21,3,182,181,0.010413965247448486
2025-02-21,4,181,180,-0.0006507972351678622
2025-02-21,5,181,181,-0.0041179724228874405
2025-02-24,1,182,181,0.0021227121812779186
2025-02-24,2,181,181,0.024344190921360344
2025-02-24,3,181,180,0.003143205155309863
2025-02-24,4,181,180,0.0032221353221002966
2025-02-24,5,181,180,0.0026483479579327094
2025-02-25,1,181,180,-0.006590056834902949
2025-02-25,2,181,181,0.011813111262869682
2025-02-25,3,181,180,0.005055963965085445
2025-02-25,4,181,180,0.007569157372231245
2025-02-25,5,180,180,-0.008161207444404454
2025-02-26,1,182,181,-0.015839703354556887
2025-02-26,2,181,181,0.0038295879639483493
2025-02-26,3,182,182,-0.003470047599561089
2025-02-26,4,181,180,-0.007146375623010713
2025-02-26,5,181,181,-0.014291676612026261
2025-02-27,1,182,181,0.001169329480812491
2025-02-27,2,182,181,0.008621395813772732
2025-02-27,3,181,181,-0.003513485686118113
2025-02-27,4,182,181,-0.004248284187514445
2025-02-27,5,181,181,-0.008980052471092737
2025-02-28,1,181,181,0.0017554748676389962
2025-02-28,2,181,180,0.02125463184207027
2025-02-28,3,181,181,0.007315390645517006
2025-02-28,4,181,181,-0.0008471164952448237
2025-02-28,5,181,181,-0.006572036660666634
2025-03-03,1,182,182,0.002775760596904696
2025-03-03,2,181,180,0.015467281460856457
2025-03-03,3,181,181,0.009780470964148929
2025-03-03,4,181,180,0.005496027131381628
2025-03-03,5,181,181,-0.012399387749793248
2025-03-04,1,182,181,-0.010519697123750203
2025-03-04,2,181,180,-0.0030032643745660425
2025-03-04,3,181,181,0.00838658362928077
2025-03-04,4,181,181,0.0014172826312793842
2025-03-04,5,181,181,-0.020299942490507254
2025-03-05,1,182,181,-0.0284493335766597
2025-03-05,2,181,180,-0.01237403317865074
2025-03-05,3,181,180,0.0038696920552216594
2025-03-05,4,181,181,-0.013981542646220469
2025-03-05,5,181,181,-0.03631985127616078
2025-03-06,1,182,181,-0.09457244690643832
2025-03-06,2,181,180,-0.07566399612417413
2025-03-06,3,182,182,-0.04622630912345988
2025-03-06,4,181,181,-0.05046677703605589
2025-03-06,5,181,180,-0.08885594311665244
2025-03-07,1,181,181,-0.13915997751788342
2025-03-07,2,181,179,-0.10935088319193809
2025-03-07,3,181,181,-0.08996769837284377
2025-03-07,4,181,181,-0.08798486764285479
2025-03-07,5,181,180,-0.13460440084707911
2025-03-10,1,182,182,-0.14023331297755007
2025-03-10,2,181,181,-0.09157152666708541
2025-03-10,3,181,181,-0.08550638656178342
2025-03-10,4,181,180,-0.08380742952099034
2025-03-10,5,181,180,-0.13712651344764085
2025-03-11,1,182,182,-0.10838488833173826
2025-03-11,2,181,181,-0.07898043418122463
2025-03-11,3,181,181,-0.0577784281835095
2025-03-11,4,181,181,-0.06570614407553164
2025-03-11,5,181,179,-0.11433281921016476
2025-03-12,1,182,182,-0.0956744961290358
2025-03-12,2,181,181,-0.08274641244984199
2025-03-12,3,181,181,-0.05746537534180879
2025-03-12,4,181,181,-0.0771048038056603
2025-03-12,5,181,179,-0.10235881510036612
2025-03-13,1,181,181,-0.062061810919924555
2025-03-13,2,181,181,-0.057033613671696536
2025-03-13,3,181,181,-0.058350989392306526
2025-03-13,4,181,181,-0.056941279849460284
2025-03-13,5,181,179,-0.07880314762981892
2025-03-14,1,182,182,-0.08553268388845287
2025-03-14,2,181,181,-0.07604323821974793
2025-03-14,3,181,180,-0.07498477590904745
2025-03-14,4,181,179,-0.07140969435589435
2025-03-14,5,181,180,-0.08576805005788758
2025-03-17,1,182,182,-0.09994934462746956
2025-03-17,2,181,181,-0.08886460483412739
2025-03-17,3,181,181,-0.06596635606163272
2025-03-17,4,181,180,-0.06284457970273014
2025-03-17,5,181,181,-0.10153451802672933
2025-03-18,1,182,182,-0.10892539078575071
2025-03-18,2,181,180,-0.09310570864490926
2025-03-18,3,181,180,-0.07970954724666587
2025-03-18,4,181,181,-0.07379482297126137
2025-03-18,5,181,181,-0.10808283097187991
2025-03-19,1,181,181,-0.09945616175613589
2025-03-19,2,181,180,-0.08402108263159079
2025-03-19,3,181,181,-0.07349381486349428
2025-03-19,4,181,181,-0.06999005165985486
2025-03-19,5,181,181,-0.09361288752361627
2025-03-20,1,181,180,-0.09524787308589053
2025-03-20,2,181,180,-0.07705390856398184
2025-03-20,3,181,181,-0.06399746604447655
2025-03-20,4,181,181,-0.07052686079284722
2025-03-20,5,181,181,-0.08584602485642398
2025-03-21,1,181,179,-0.06510397325285823
2025-03-21,2,181,180,-0.05586502721538587
2025-03-21,3,181,181,-0.035807737204788734
2025-03-21,4,181,181,-0.04419451753837254
2025-03-21,5,180,180,-0.0709756702949688
2025-03-24,1,181,181,-0.05803632597065959
2025-03-24,2,181,178,-0.030469696795253118
2025-03-24,3,180,180,-0.024991912098958697
2025-03-24,4,181,181,-0.04736935156253777
2025-03-24,5,180,180,-0.0477546622503006
2025-03-25,1,181,181,-0.05138526284126378
2025-03-25,2,181,180,-0.03909351354042195
2025-03-25,3,181,179,-0.03808309486237343
2025-03-25,4,181,181,-0.036886038590831685
2025-03-25,5,180,180,-0.04405648382478404
2025-03-26,1,181,181,-0.06178790279872785
2025-03-26,2,181,180,-0.04397696172995278
2025-03-26,3,181,180,-0.044831993557679875
2025-03-26,4,181,181,-0.0327900617306695
2025-03-26,5,180,180,-0.05026699114576775
2025-03-27,1,181,181,-0.06889063848008434
2025-03-27,2,181,180,-0.045282419778832364
2025-03-27,3,181,181,-0.04704214103665985
2025-03-27,4,181,181,-0.035252363678236844
2025-03-27,5,180,180,-0.05107138569075074
2025-03-28,1,181,181,-0.06353002818385978
2025-03-28,2,181,181,-0.04711437173295306
2025-03-28,3,180,179,-0.05003810834882939
2025-03-28,4,181,181,-0.04293972815443777
2025-03-28,5,180,180,-0.037449547358830784
2025-03-31,1,180,178,-0.052227693052598896
2025-03-31,2,180,180,-0.036724461085828955
2025-03-31,3,180,180,-0.031398185128287716
2025-03-31,4,180,179,-0.03358612818252401
2025-03-31,5,180,180,-0.025194336411323393
2025-04-01,1,180,180,-0.03710670105608157
2025-04-01,2,180,178,-0.02847057082583277
2025-04-01,3,180,180,-0.030644728481674335
2025-04-01,4,180,180,-0.030388866325139697
2025-04-01,5,180,180,-0.02869607957210634
2025-04-02,1,181,181,-0.004593737355198902
2025-04-02,2,180,179,-0.0004630966239072451
2025-04-02,3,180,179,-0.0031285336609263477
2025-04-02,4,180,180,0.0036465075066819267
2025-04-02,5,180,180,0.0018145831686158119
2025-04-03,1,181,181,0.0516977403945429
2025-04-03,2,180,179,0.02809848077929429
2025-04-03,3,180,180,0.04057820409174681
2025-04-03,4,180,179,0.040019822886888615
2025-04-03,5,180,180,0.04147587868729316
2025-04-07,1,179,178,0.12497529667524843
2025-04-07,2,179,179,0.09950539499230028
2025-04-07,3,179,179,0.08792660401647481
2025-04-07,4,179,178,0.0881868942492561
2025-04-07,5,178,178,0.09177365778219901
2025-04-08,1,179,178,0.14950285611628292
2025-04-08,2,178,178,0.10674419771143534
2025-04-08,3,179,179,0.09378912038573764
2025-04-08,4,178,178,0.0917278912984388
2025-04-08,5,178,177,0.09414219495493964
2025-04-09,1,179,177,0.08909144068803775
2025-04-09,2,179,179,0.07482169255569367
2025-04-09,3,179,179,0.05638355263407988
2025-04-09,4,179,179,0.06457076973635426
2025-04-09,5,178,177,0.0568842417750266
2025-04-10,1,180,178,0.08098121525117959
2025-04-10,2,179,179,0.06854448794663359
2025-04-10,3,180,180,0.04731876274296428
2025-04-10,4,179,179,0.05925283898428696
2025-04-10,5,179,178,0.04354826036588138
2025-04-11,1,180,178,0.05781166858306106
2025-04-11,2,179,179,0.05574214563461375
2025-04-11,3,180,180,0.03756990776892806
2025-04-11,4,179,179,0.03026688928812082
2025-04-11,5,179,178,0.03309853385863731
2025-04-14,1,180,178,0.04118938925622453
2025-04-14,2,180,180,0.02661800156302569
2025-04-14,3,180,180,0.02946097040609379
2025-04-14,4,180,180,0.028565508487153085
2025-04-14,5,180,179,0.013335067712272643
2025-04-15,1,180,178,0.05689859393624942
2025-04-15,2,180,179,0.036361008515207766
2025-04-15,3,180,180,0.03423461210268263
2025-04-15,4,180,180,0.03439789181603272
2025-04-15,5,180,180,0.027237250435707416
2025-04-16,1,180,178,0.07738041097760996
2025-04-16,2,180,180,0.048718236190125094
2025-04-16,3,180,179,0.04796651766419381
2025-04-16,4,180,180,0.05140923546947762
2025-04-16,5,179,179,0.047814200013860046
2025-04-17,1,181,179,0.06509167258110221
2025-04-17,2,180,180,0.0551769785499907
2025-04-17,3,181,180,0.05641109550522078
2025-04-17,4,180,180,0.043762336796516955
2025-04-17,5,180,180,0.04326849028145613
2025-04-18,1,181,179,0.05043093860457251
2025-04-18,2,181,181,0.05746013384981798
2025-04-18,3,180,180,0.04637466739501719
2025-04-18,4,181,180,0.04708534196545454
2025-04-18,5,180,179,0.045170992899333504
2025-04-21,1,181,179,0.028670250032913965
2025-04-21,2,180,179,0.03720969211155234
2025-04-21,3,180,180,0.03487091936271577
2025-04-21,4,180,180,0.02092272790879136
2025-04-21,5,180,179,0.020793337657546124
2025-04-22,1,180,179,0.014355639786916568
2025-04-22,2,180,179,0.01756654300178069
2025-04-22,3,180,179,0.013853731972361885
2025-04-22,4,180,180,0.008146921396520406
2025-04-22,5,180,180,0.00905190664607597
2025-04-23,1,180,179,0.013207771247397655
2025-04-23,2,180,179,0.02195600294252873
2025-04-23,3,180,179,0.024187345912600494
2025-04-23,4,180,180,0.012810283343481414
2025-04-23,5,179,179,0.018307049500392695
2025-04-24,1,180,180,0.01712159939367343
2025-04-24,2,180,180,0.02694988441123283
2025-04-24,3,180,178,0.024786274875083246
2025-04-24,4,180,179,0.02875952058571667
2025-04-24,5,180,180,0.017213190529999256
2025-04-25,1,181,181,0.02051660147778438
2025-04-25,2,180,180,0.02001809124669441
2025-04-25,3,180,179,0.02496919972662952
2025-04-25,4,180,178,0.029633689173331867
2025-04-25,5,180,180,0.013360357628986791
2025-04-28,1,180,180,0.0436123425214141
2025-04-28,2,180,180,0.046782000835739655
2025-04-28,3,180,179,0.05163395660484346
2025-04-28,4,180,179,0.04593473925999502
2025-04-28,5,179,179,0.04113148940403223
2025-04-29,1,181,181,0.023932730601196387
2025-04-29,2,180,178,0.035075538508902215
2025-04-29,3,181,180,0.03386405596059773
2025-04-29,4,180,180,0.03094440431797142
2025-04-29,5,180,179,0.025679897918693968
2025-04-30,1,180,180,0.03346563453497462
2025-04-30,2,180,179,0.03352338116513977
2025-04-30,3,180,180,0.029930648702231815
2025-04-30,4,180,180,0.020010531491744112
2025-04-30,5,179,178,0.03149382754154037
2025-05-06,1,180,179,0.01723951980370707
2025-05-06,2,180,180,0.022732004142622216
2025-05-06,3,179,179,0.005105516034598235
2025-05-06,4,180,180,0.009861727954603161
2025-05-06,5,179,178,0.014280954667384858
2025-05-07,1,181,179,0.02773807567119073
2025-05-07,2,180,180,0.027119813563432155
2025-05-07,3,180,180,0.016284424544402286
2025-05-07,4,180,180,0.031027275085735512
2025-05-07,5,180,179,0.023998085382632088
2025-05-08,1,181,179,0.016004080339638786
2025-05-08,2,181,181,0.013562968743856794
2025-05-08,3,180,180,0.01996479939879242
2025-05-08,4,181,180,0.021043740032271666
2025-05-08,5,180,180,0.01782437243099581
2025-05-09,1,181,181,0.032458058831800835
2025-05-09,2,180,180,0.02969249745089753
2025-05-09,3,180,180,0.02654401239817389
2025-05-09,4,180,180,0.03360849124084349
2025-05-09,5,180,179,0.02757591268619046
2025-05-12,1,181,180,0.020201849166232345
2025-05-12,2,180,180,0.014916272436853823
2025-05-12,3,180,180,-0.0006462233016827634
2025-05-12,4,180,180,0.007712586363759199
2025-05-12,5,180,180,0.009824973913684773
2025-05-13,1,180,180,0.029142195030459117
2025-05-13,2,180,180,0.02096845587580156
2025-05-13,3,180,180,0.023053445635522016
2025-05-13,4,180,180,0.010273965170896347
2025-05-13,5,180,180,0.029984974306188884
2025-05-14,1,181,181,0.026732853142437247
2025-05-14,2,180,180,0.023807670025969497
2025-05-14,3,180,180,0.015385190665123255
2025-05-14,4,180,180,0.018958474205109255
2025-05-14,5,180,180,0.02163239541805283
2025-05-15,1,180,180,0.02355453342135035
2025-05-15,2,180,180,0.014596037773197686
2025-05-15,3,180,180,0.02010536800604328
2025-05-15,4,180,180,0.013464273924209734
2025-05-15,5,180,180,0.018805879463024405
2025-05-16,1,180,180,0.028183316740569838
2025-05-16,2,180,179,0.028646078837532032
2025-05-16,3,180,180,0.015607758661655289
2025-05-16,4,180,180,0.02408048870831482
2025-05-16,5,180,180,0.020521049700209446
2025-05-19,1,181,181,0.026112666997102598
2025-05-19,2,180,180,0.021294552834312794
2025-05-19,3,180,180,0.002496741072384364
2025-05-19,4,180,180,0.012706769056004201
2025-05-19,5,180,180,0.013280616443338724
2025-05-20,1,180,180,0.015293135180538204
2025-05-20,2,180,180,0.0040074863301874895
2025-05-20,3,180,180,0.0005297143093673703
2025-05-20,4,180,180,0.004674689857863413
2025-05-20,5,180,180,0.007510252853599744
2025-05-21,1,180,180,0.011369601809709964
2025-05-21,2,180,180,-0.009066469428837522
2025-05-21,3,180,180,-0.005168501602892172
2025-05-21,4,180,180,-0.005249600083806118
2025-05-21,5,180,180,-0.013191649085494781
2025-05-22,1,180,180,0.0007802618279816222
2025-05-22,2,180,180,-0.006538293201843658
2025-05-22,3,180,180,-0.0010608015978689656
2025-05-22,4,180,180,-0.006898325826892402
2025-05-22,5,180,180,-0.023194545618710698
2025-05-23,1,180,180,0.03378261326225039
2025-05-23,2,180,179,0.013948791903703787
2025-05-23,3,180,180,0.015311551675086046
2025-05-23,4,180,180,0.0292422006880833
2025-05-23,5,180,180,0.007433061716286763
2025-05-26,1,180,180,0.040216077186188304
2025-05-26,2,180,180,0.032969404502535486
2025-05-26,3,180,180,0.03398236251986966
2025-05-26,4,180,180,0.022454277473738588
2025-05-26,5,179,179,0.039547831318703826
2025-05-27,1,180,180,0.058540833107608055
2025-05-27,2,180,180,0.04949695940631137
2025-05-27,3,180,180,0.03521553768601945
2025-05-27,4,180,180,0.03882731400237872
2025-05-27,5,179,179,0.03829264490473695
2025-05-28,1,180,180,0.057616769682631186
2025-05-28,2,180,180,0.04262504024785588
2025-05-28,3,180,180,0.042431519440128705
2025-05-28,4,180,180,0.05137898477237673
2025-05-28,5,179,179,0.03765562133905305
2025-05-29,1,181,181,0.04636342962724299
2025-05-29,2,180,180,0.02575879699810988
2025-05-29,3,180,180,0.03739297192638513
2025-05-29,4,180,180,0.04077581016142224
2025-05-29,5,180,180,0.033775822144525174
2025-05-30,1,180,180,0.05466593810830361
2025-05-30,2,180,180,0.04963635086116833
2025-05-30,3,180,180,0.044883153632126915
2025-05-30,4,180,180,0.05324758411503511
2025-05-30,5,180,180,0.06524247175380468
2025-06-03,1,181,181,0.04469545526389084
2025-06-03,2,180,180,0.03737938710415392
2025-06-03,3,180,180,0.032042045563229864
2025-06-03,4,180,180,0.05274574648965475
2025-06-03,5,180,180,0.05247276462886899
2025-06-04,1,181,181,0.028517068486912444
2025-06-04,2,180,180,0.03255116186277635
2025-06-04,3,181,181,0.019846468028020293
2025-06-04,4,180,180,0.02673516948852723
2025-06-04,5,180,179,0.05418608209366367
2025-06-05,1,180,180,0.03401245732782688
2025-06-05,2,180,180,0.030486937495062094
2025-06-05,3,180,180,0.026749468047326214
2025-06-05,4,180,179,0.025154075378469927
2025-06-05,5,180,180,0.06736493485314546
2025-06-06,1,180,179,0.024255994183213996
2025-06-06,2,180,180,0.02150132954952576
2025-06-06,3,180,180,0.023363664717141512
2025-06-06,4,180,180,0.026038026804588936
2025-06-06,5,180,180,0.05559238601220085
2025-06-09,1,181,181,0.0241946550671815
2025-06-09,2,181,181,0.014025799213221665
2025-06-09,3,180,180,0.012414389184957974
2025-06-09,4,181,181,0.02661503948678143
2025-06-09,5,180,180,0.043485737612908346
2025-06-10,1,181,181,0.04209762347361765
2025-06-10,2,180,180,0.0337836772139824
2025-06-10,3,180,180,0.04273959988536194
2025-06-10,4,180,180,0.041783515145550815
2025-06-10,5,180,180,0.06336922908475298
2025-06-11,1,181,181,0.02597588243701284
2025-06-11,2,180,180,0.035996899456644534
2025-06-11,3,181,181,0.04251591064567878
2025-06-11,4,180,180,0.037083190272162066
2025-06-11,5,180,180,0.048602565295343486
2025-06-12,1,181,181,0.03202320458453128
2025-06-12,2,180,180,0.04484611100519748
2025-06-12,3,181,181,0.046367388930939765
2025-06-12,4,180,180,0.051976947296983066
2025-06-12,5,180,180,0.04478549642404569
2025-06-13,1,180,180,0.05683112589986238
2025-06-13,2,180,180,0.06290785485794124
2025-06-13,3,179,179,0.06667368119479716
2025-06-13,4,180,180,0.070844945304568
2025-06-13,5,179,179,0.061176611407259336
2025-06-16,1,180,180,0.044952542356670164
2025-06-16,2,180,180,0.04842322242361481
2025-06-16,3,180,180,0.06131194148339397
2025-06-16,4,180,180,0.05482769779105364
2025-06-16,5,180,180,0.05199687924166629
2025-06-17,1,181,181,0.04767479452363038
2025-06-17,2,180,180,0.05372229686506781
2025-06-17,3,180,180,0.048828429591278144
2025-06-17,4,180,180,0.05153328669061528
2025-06-17,5,180,180,0.053122048415316106
2025-06-18,1,181,181,0.05915295192520512
2025-06-18,2,180,180,0.052869256744271544
2025-06-18,3,180,180,0.05164410389054258
2025-06-18,4,180,180,0.062471009141462926
2025-06-18,5,180,180,0.06145628736134346
2025-06-19,1,181,181,0.08421960276983574
2025-06-19,2,180,180,0.0830137062069091
2025-06-19,3,180,180,0.07590291054409504
2025-06-19,4,180,179,0.09034199874083335
2025-06-19,5,180,180,0.08437132405711376
2025-06-20,1,181,181,0.09349559029033816
2025-06-20,2,180,180,0.09486463934202896
2025-06-20,3,180,180,0.10220978732938352
2025-06-20,4,180,180,0.10582545607755192
2025-06-20,5,180,180,0.0982591399561489
2025-06-23,1,181,181,0.08642908719406728
2025-06-23,2,180,180,0.094888779719877
2025-06-23,3,180,180,0.09464824656034428
2025-06-23,4,180,180,0.1075064581014227
2025-06-23,5,180,179,0.07974863617305018
2025-06-24,1,181,181,0.0828054842876651
2025-06-24,2,180,180,0.08692322457844298
2025-06-24,3,181,181,0.08849959104784821
2025-06-24,4,180,180,0.08443525690841651
2025-06-24,5,180,179,0.0720329711049566
2025-06-25,1,181,181,0.07343512471993188
2025-06-25,2,180,180,0.07374645000147816
2025-06-25,3,181,181,0.06375209584963179
2025-06-25,4,180,180,0.053244984311720124
2025-06-25,5,180,179,0.050298943646484094
2025-06-26,1,181,181,0.1005797573855068
2025-06-26,2,181,181,0.08188631733248261
2025-06-26,3,180,180,0.08182081441043651
2025-06-26,4,181,181,0.0820020276804787
2025-06-26,5,180,179,0.06229602889391403
2025-06-27,1,181,181,0.09349005570497658
2025-06-27,2,181,181,0.08669714771476825
2025-06-27,3,181,181,0.06585260795652
2025-06-27,4,181,181,0.07261076137536543
2025-06-27,5,180,179,0.05402131391893221
2025-06-30,1,182,182,0.08482185493034
2025-06-30,2,181,181,0.07443169403891133
2025-06-30,3,181,181,0.05124665760323974
2025-06-30,4,181,181,0.07389880371485462
2025-06-30,5,181,181,0.058096341899073665
2025-07-01,1,182,182,0.07798668188762498
2025-07-01,2,181,181,0.07018108690145237
2025-07-01,3,181,181,0.058718653271576625
2025-07-01,4,181,181,0.06847860738735752
2025-07-01,5,181,181,0.07690250323544345
2025-07-02,1,182,182,0.08379893246770352
2025-07-02,2,182,182,0.05599528812262037
2025-07-02,3,181,181,0.05869222343677061
2025-07-02,4,182,182,0.05775717549942247
2025-07-02,5,181,181,0.06837708537860658
2025-07-03,1,182,182,0.05978907650785535
2025-07-03,2,181,181,0.04172212719383421
2025-07-03,3,182,182,0.04049304557173364
2025-07-03,4,181,181,0.04562654401463867
2025-07-03,5,181,181,0.03984291799809735
2025-07-04,1,182,182,0.06150748577305474
2025-07-04,2,181,180,0.03776759843409508
2025-07-04,3,182,181,0.04441614659826769
2025-07-04,4,181,181,0.04712834804363639
2025-07-04,5,181,180,0.04738070638363564
2025-07-07,1,181,181,0.05907574934443754
2025-07-07,2,181,180,0.06536926083577024
2025-07-07,3,181,181,0.04255017421837238
2025-07-07,4,181,180,0.056973088836626704
2025-07-07,5,181,181,0.05870836946059256
2025-07-08,1,182,182,0.05041966617864562
2025-07-08,2,182,181,0.05773374332608156
2025-07-08,3,182,180,0.038113129759142494
2025-07-08,4,182,182,0.047904174919682074
2025-07-08,5,182,182,0.04653699373529662
2025-07-09,1,183,183,0.06766247367192033
2025-07-09,2,182,181,0.05333096323258957
2025-07-09,3,182,180,0.055641032933951874
2025-07-09,4,182,182,0.06231071248421974
2025-07-09,5,182,182,0.04976398037219668
2025-07-10,1,183,183,0.04955402167148809
2025-07-10,2,183,182,0.048211414126863375
2025-07-10,3,183,182,0.049441735135971505
2025-07-10,4,183,182,0.0530534709395489
2025-07-10,5,182,182,0.04194932719981521
2025-07-11,1,184,184,0.043021384116616906
2025-07-11,2,183,182,0.05411516233828517
2025-07-11,3,184,184,0.040704099917685414
2025-07-11,4,183,183,0.04053307286664276
2025-07-11,5,183,182,0.060071290695211374
2025-07-14,1,183,182,0.06549756290874381
2025-07-14,2,183,183,0.04942054214627925
2025-07-14,3,183,183,0.05058439886378286
2025-07-14,4,183,183,0.05873869759558855
2025-07-14,5,183,182,0.06555263210065101
2025-07-15,1,184,183,0.06912344386637836
2025-07-15,2,183,183,0.059443977049320126
2025-07-15,3,183,183,0.05431914787258202
2025-07-15,4,183,183,0.06703162672141257
2025-07-15,5,183,181,0.07585632161151311
2025-07-16,1,183,182,0.06885318371582347
2025-07-16,2,183,183,0.0672447260532232
2025-07-16,3,183,183,0.05835742805173
2025-07-16,4,183,183,0.06319606788102188
2025-07-16,5,183,181,0.09202374515981968
2025-07-17,1,184,184,0.041849144406504814
2025-07-17,2,183,181,0.03619554753668654
2025-07-17,3,183,183,0.034850169932986286
2025-07-17,4,183,183,0.03890331798877698
2025-07-17,5,183,181,0.06263676359070708
2025-07-18,1,184,184,0.05207075820608756
2025-07-18,2,183,183,0.057428880786194056
2025-07-18,3,183,181,0.052032037182989425
2025-07-18,4,183,183,0.06460822894196777
2025-07-18,5,183,183,0.07959860816237134
2025-07-21,1,184,184,0.04768027829913696
2025-07-21,2,183,183,0.05425900519062679
2025-07-21,3,183,182,0.05054104151711207
2025-07-21,4,183,183,0.05747829407429771
2025-07-21,5,183,182,0.06746149179635713
2025-07-22,1,184,184,0.04637154792494662
2025-07-22,2,183,183,0.046733767836399286
2025-07-22,3,183,182,0.04960764395556772
2025-07-22,4,183,183,0.039061162547686296
2025-07-22,5,183,183,0.06296494178050455
2025-07-23,1,183,183,0.06841206273880944
2025-07-23,2,183,183,0.08167425329019479
2025-07-23,3,183,182,0.0699320739703061
2025-07-23,4,183,183,0.061523750810318106
2025-07-23,5,183,183,0.08002799531170428
2025-07-24,1,184,184,0.06428315499240507
2025-07-24,2,183,183,0.057795300432521866
2025-07-24,3,184,183,0.05337750796547454
2025-07-24,4,183,183,0.03675321710933816
2025-07-24,5,183,183,0.04061763250337873
2025-07-25,1,184,184,0.08934923778057371
2025-07-25,2,183,183,0.07090501248149343
2025-07-25,3,184,182,0.05787837212262044
2025-07-25,4,183,183,0.06384094489564364
2025-07-25,5,183,183,0.06281970143870017
2025-07-28,1,184,183,0.09299939067697405
2025-07-28,2,183,183,0.07570828135745271
2025-07-28,3,183,183,0.059042604372040106
2025-07-28,4,183,183,0.07908028809528059
2025-07-28,5,183,183,0.06462707543587215
2025-07-29,1,184,182,0.10489610549703574
2025-07-29,2,183,183,0.07421195573574998
2025-07-29,3,184,184,0.05159802168098897
2025-07-29,4,183,183,0.0809157402338032
2025-07-29,5,183,183,0.07306457832126804
2025-07-30,1,184,183,0.07805426707723823
2025-07-30,2,183,183,0.05808943462598286
2025-07-30,3,183,183,0.039314133484709975
2025-07-30,4,183,183,0.0626570282447923
2025-07-30,5,183,183,0.05924857573293627
2025-07-31,1,183,182,0.09518293327383674
2025-07-31,2,183,183,0.08008082729894568
2025-07-31,3,182,182,0.07474537249508247
2025-07-31,4,183,183,0.08042240961993866
2025-07-31,5,182,182,0.0890037864315678
2025-08-01,1,183,182,0.09193013167259678
2025-08-01,2,183,182,0.10082245889050796
2025-08-01,3,183,183,0.07665178617801727
2025-08-01,4,183,183,0.08876438615242069
2025-08-01,5,182,181,0.0927826571930271
2025-08-04,1,182,181,0.07680034613744345
2025-08-04,2,182,182,0.09501527243315201
2025-08-04,3,182,182,0.06737705440026143
2025-08-04,4,182,182,0.08941101588647793
2025-08-04,5,182,182,0.07758786595931666
2025-08-05,1,183,182,0.058150521774435825
2025-08-05,2,183,183,0.07094692377867368
2025-08-05,3,182,182,0.056385964537971414
2025-08-05,4,183,183,0.06232800927109691
2025-08-05,5,182,182,0.05706923359135331
2025-08-06,1,183,183,0.024390779688129832
2025-08-06,2,182,182,0.03712924077104187
2025-08-06,3,183,183,0.034431134989086745
2025-08-06,4,182,181,0.04513860479277791
2025-08-06,5,182,182,0.03282360096212521
2025-08-07,1,183,183,0.0126511778249539
2025-08-07,2,182,182,0.0406871793706665
2025-08-07,3,182,182,0.03230921571319762
2025-08-07,4,182,182,0.02428391362722762
2025-08-07,5,182,181,0.01733467792997498
2025-08-08,1,183,183,0.033507752650020955
2025-08-08,2,182,182,0.05326421714124792
2025-08-08,3,182,182,0.05581420370035784
2025-08-08,4,182,182,0.0383671752771816
2025-08-08,5,182,181,0.04471609388845248
2025-08-11,1,183,183,0.034877548657566225
2025-08-11,2,182,182,0.05522552800461841
2025-08-11,3,182,182,0.04393477522297152
2025-08-11,4,182,182,0.04543838116957131
2025-08-11,5,182,181,0.04181057619371309
2025-08-12,1,183,183,0.03540919376015595
2025-08-12,2,182,182,0.03735563820562914
2025-08-12,3,182,182,0.04250553708895647
2025-08-12,4,182,182,0.04280835975362699
2025-08-12,5,182,180,0.02491471756537708
2025-08-13,1,182,182,0.02562126560618102
2025-08-13,2,182,182,0.03910785734595327
2025-08-13,3,182,182,0.0335498177709536
2025-08-13,4,182,182,0.042806322772598
2025-08-13,5,182,182,0.005983555677833017
2025-08-14,1,182,182,0.05575638440373041
2025-08-14,2,181,181,0.08301633613594178
2025-08-14,3,182,182,0.07025431490416378
2025-08-14,4,181,181,0.06382812424116574
2025-08-14,5,181,181,0.045134632550230834
2025-08-15,1,182,182,0.04067498206350304
2025-08-15,2,182,181,0.05319662996429196
2025-08-15,3,181,181,0.049900378510676024
2025-08-15,4,182,182,0.03896035167527133
2025-08-15,5,181,181,0.018380893934950994
2025-08-18,1,183,182,0.0309908578974993
2025-08-18,2,183,183,0.04268189097424931
2025-08-18,3,182,182,0.04781003954496918
2025-08-18,4,183,183,0.032647294931486506
2025-08-18,5,182,182,0.015255626619311322
2025-08-19,1,183,183,0.035165537673523775
2025-08-19,2,183,182,0.05827299886846512
2025-08-19,3,182,182,0.028470509142456597
2025-08-19,4,183,183,0.02085264290994764
2025-08-19,5,182,182,0.042526642749030834
2025-08-20,1,183,182,0.04038870350049605
2025-08-20,2,183,183,0.031631376511882574
2025-08-20,3,182,182,0.01418220646751987
2025-08-20,4,183,183,0.010892120356845504
2025-08-20,5,182,182,0.030020973547940647
2025-08-21,1,183,182,0.028206221218906785
2025-08-21,2,183,183,0.02628396345814714
2025-08-21,3,182,182,-0.001977443253092738
2025-08-21,4,183,183,0.011730704892230097
2025-08-21,5,182,182,0.01668089263528915
2025-08-22,1,183,182,0.02250602798499698
2025-08-22,2,183,183,0.002559882570862967
2025-08-22,3,182,182,-0.004600511700163925
2025-08-22,4,183,180,-0.011919971222191928
2025-08-22,5,182,182,-2.5652477252595138e-05
2025-08-25,1,183,182,0.013730885544890884
2025-08-25,2,183,183,-0.006182254172868412
2025-08-25,3,183,183,-0.01329607062341502
2025-08-25,4,183,183,-0.019599605197666327
2025-08-25,5,182,182,-0.0016991630716492432
2025-08-26,1,183,182,-0.012647004000968728
2025-08-26,2,183,183,-0.01778518920705859
2025-08-26,3,182,182,-0.026602333380145376
2025-08-26,4,183,183,-0.04460782744031637
2025-08-26,5,182,182,-0.02898190858087202
2025-08-27,1,183,183,0.023588471449243555
2025-08-27,2,183,182,0.02507716634428144
2025-08-27,3,182,182,0.014347704021383042
2025-08-27,4,183,183,-0.004490952503701517
2025-08-27,5,182,181,0.012080107812483866
2025-08-28,1,183,183,0.004477450934920013
2025-08-28,2,182,181,0.004027317811400859
2025-08-28,3,183,183,0.003204781350083696
2025-08-28,4,182,182,-0.02455931719790579
2025-08-28,5,182,181,0.001732054823991954
2025-08-29,1,183,182,-0.008309388144618495
2025-08-29,2,182,182,-0.006805840332987615
2025-08-29,3,183,183,-0.01058093369569189
2025-08-29,4,182,181,-0.00972613114358089
2025-08-29,5,182,181,-0.006986000020745831
2025-09-01,1,183,182,-0.0002562414452304705
2025-09-01,2,182,181,-0.0037417002296534535
2025-09-01,3,183,183,0.0010227916902757325
2025-09-01,4,182,181,0.0008117512572228396
2025-09-01,5,182,182,0.004103102108097326
2025-09-02,1,182,181,0.013105169308673604
2025-09-02,2,182,181,0.027972795076369437
2025-09-02,3,182,182,0.02318801606014871
2025-09-02,4,182,180,0.02283517140059161
2025-09-02,5,181,181,0.02367309506475993
2025-09-03,1,182,181,0.028837906932802325
2025-09-03,2,182,181,0.04870332264183443
2025-09-03,3,181,181,0.06087420556495614
2025-09-03,4,182,180,0.0427248022564094
2025-09-03,5,181,181,0.04539346243320217
2025-09-04,1,182,182,0.0033222168400175657
2025-09-04,2,182,182,0.01626231375722496
2025-09-04,3,181,180,0.024668294661935382
2025-09-04,4,182,181,0.03627839878857509
2025-09-04,5,181,180,0.033910353481389335
2025-09-05,1,182,182,0.011800352180967316
2025-09-05,2,182,182,0.026377500073649626
2025-09-05,3,182,181,0.02831530940065846
2025-09-05,4,182,182,0.058625738127338234
2025-09-05,5,181,180,0.048186833096882264
2025-09-08,1,183,182,-0.006125049263437524
2025-09-08,2,182,182,-0.0005127974962945819
2025-09-08,3,182,182,0.013830313187995396
2025-09-08,4,182,182,0.03765891388575998
2025-09-08,5,182,181,0.012554057032183158
2025-09-09,1,183,182,0.014149006774746682
2025-09-09,2,182,182,0.021355926128169833
2025-09-09,3,182,182,0.022750828730044283
2025-09-09,4,182,182,0.03789347057510772
2025-09-09,5,182,181,0.03438339874163204
2025-09-10,1,183,183,0.006188472384563384
2025-09-10,2,182,182,0.018052947044575402
2025-09-10,3,183,183,0.02458757697373113
2025-09-10,4,182,182,0.03427380318280221
2025-09-10,5,182,182,0.01998458037592905
2025-09-11,1,183,183,-0.025569850182141956
2025-09-11,2,183,183,-0.008883434210006251
2025-09-11,3,182,182,-0.007299684021069478
2025-09-11,4,183,183,-0.0015601361902509926
2025-09-11,5,182,182,-0.012490372507050807
2025-09-12,1,183,183,-0.018386766351943584
2025-09-12,2,183,183,-0.009000228614582169
2025-09-12,3,182,182,-0.011231282096733693
2025-09-12,4,183,183,-0.00784657064880685
2025-09-12,5,182,181,-0.0024351885284038723
2025-09-15,1,183,183,-0.004985323061070448
2025-09-15,2,183,183,-0.003225032881148728
2025-09-15,3,183,183,0.007435386291347904
2025-09-15,4,183,183,-0.013436032717005917
2025-09-15,5,182,182,-0.004713214134692532
2025-09-16,1,184,184,-0.00908346184317417
2025-09-16,2,184,184,-0.0033201795439600427
2025-09-16,3,183,183,0.0020759773877961226
2025-09-16,4,184,184,-0.013725379946425541
2025-09-16,5,183,183,-0.013636497130851171
2025-09-17,1,184,184,-0.0034633272375020367
2025-09-17,2,184,184,0.004358211590204241
2025-09-17,3,183,183,0.0050879680672141795
2025-09-17,4,184,184,-0.019651413254705374
2025-09-17,5,183,183,-0.011080898307812654
2025-09-18,1,184,184,0.01864125087136592
2025-09-18,2,184,184,0.016369841515456014
2025-09-18,3,183,182,0.020229858497151778
2025-09-18,4,184,184,0.014301880301987025
2025-09-18,5,183,183,0.011274412715313698
2025-09-19,1,183,183,0.007783676131337698
2025-09-19,2,183,183,0.02487858029911093
2025-09-19,3,183,183,0.020407946821375963
2025-09-19,4,183,181,0.02215075228984883
2025-09-19,5,183,182,0.005175148555417711
2025-09-22,1,183,183,0.012160305874431895
2025-09-22,2,182,182,0.020620557541344245
2025-09-22,3,183,183,0.026884575103924526
2025-09-22,4,182,181,0.024793448773515126
2025-09-22,5,182,182,0.005913603694426547
2025-09-23,1,183,183,0.04265228330976957
2025-09-23,2,182,182,0.043104892533928615
2025-09-23,3,182,182,0.043972190256691364
2025-09-23,4,182,182,0.03849638048995055
2025-09-23,5,182,181,0.03541337848142433
2025-09-24,1,183,183,0.01148292793859485
2025-09-24,2,182,182,0.02187300657480629
2025-09-24,3,183,183,0.02333064348095096
2025-09-24,4,182,180,0.010483932563479858
2025-09-24,5,182,182,0.008541959092106846
2025-09-25,1,182,182,0.03363501019628705
2025-09-25,2,182,181,0.022750960602985097
2025-09-25,3,182,182,0.028812731539799182
2025-09-25,4,182,182,0.024731285350427155
2025-09-25,5,181,181,0.019431938971230453
2025-09-26,1,182,181,0.032986909817140336
2025-09-26,2,182,182,0.03805007741245495
2025-09-26,3,182,181,0.027572691854747547
2025-09-26,4,182,182,0.03541005184429453
2025-09-26,5,181,180,0.025119591145653205
2025-09-29,1,182,182,-0.00865483217267657
2025-09-29,2,181,181,0.003795147290455644
2025-09-29,3,182,181,0.01592643057282185
2025-09-29,4,181,181,0.0048453870273811395
2025-09-29,5,181,181,-0.00385375408100889
2025-09-30,1,182,182,0.0048463522479395196
2025-09-30,2,181,181,0.010855781784141148
2025-09-30,3,181,180,0.020357303392805066
2025-09-30,4,181,180,0.013133121940169273
2025-09-30,5,181,181,-0.003273739679246952
2025-10-09,1,182,182,0.005563934615205191
2025-10-09,2,181,181,0.003799289277289299
2025-10-09,3,182,181,0.015046610127207892
2025-10-09,4,181,181,0.0033664791345027804
2025-10-09,5,181,181,0.015544992292356343
2025-10-10,1,182,182,0.05065576294823478
2025-10-10,2,182,182,0.037924916528384575
2025-10-10,3,182,182,0.049472062945745535
2025-10-10,4,182,182,0.039902725505899996
2025-10-10,5,181,181,0.057501479686881844
2025-10-13,1,182,182,0.029480797140543986
2025-10-13,2,182,182,0.010158510765024095
2025-10-13,3,182,182,0.034212745297479044
2025-10-13,4,182,182,0.017383398767846843
2025-10-13,5,181,181,0.014510600369650798
2025-10-14,1,182,182,0.03819829508252618
2025-10-14,2,182,182,0.02049766222234546
2025-10-14,3,182,182,0.04254608641596746
2025-10-14,4,182,182,0.028609609986973702
2025-10-14,5,181,181,0.02209077618196134
2025-10-15,1,182,182,0.015661766250851146
2025-10-15,2,182,182,0.010739317283121608
2025-10-15,3,182,182,0.02393193051513545
2025-10-15,4,182,182,0.027341819613347855
2025-10-15,5,181,181,0.005459171517131796
2025-10-16,1,182,182,0.028441018056085416
2025-10-16,2,182,182,0.027939096352663034
2025-10-16,3,181,181,0.026244417484690592
2025-10-16,4,182,182,0.041439659271530115
2025-10-16,5,181,181,0.02068403429648063
2025-10-17,1,182,182,0.03311976109144894
2025-10-17,2,182,182,0.046199995577811175
2025-10-17,3,181,181,0.04293361201987109
2025-10-17,4,182,182,0.04928815305167091
2025-10-17,5,181,181,0.033658365410991924
2025-10-20,1,182,182,0.03205949432293331
2025-10-20,2,182,182,0.04146917792312905
2025-10-20,3,181,181,0.03308467341052797
2025-10-20,4,182,182,0.036184091959769044
2025-10-20,5,181,181,0.04782282009047759
2025-10-21,1,182,182,0.01870249525257572
2025-10-21,2,182,182,0.01488905975544052
2025-10-21,3,181,181,0.0217807968855587
2025-10-21,4,182,182,0.02601505350277773
2025-10-21,5,181,181,0.032414549023674015
2025-10-22,1,182,182,0.014652364094605469
2025-10-22,2,182,182,0.017587977893306576
2025-10-22,3,182,182,0.0253988392200162
2025-10-22,4,182,182,0.014600717686117521
2025-10-22,5,181,180,0.031473263429567855
2025-10-23,1,182,182,-0.018069130158513327
2025-10-23,2,182,182,-0.0026129952155513002
2025-10-23,3,182,182,-0.009768291140573877
2025-10-23,4,182,182,-0.008517681322595805
2025-10-23,5,181,180,0.006259737893828951
2025-10-24,1,182,181,-0.04214656098277279
2025-10-24,2,182,181,-0.036073196080606613
2025-10-24,3,182,182,-0.03195036425305364
2025-10-24,4,182,182,-0.01763706026466964
2025-10-24,5,181,180,-0.02376014117964265
2025-10-27,1,182,182,-0.02849707738881484
2025-10-27,2,182,181,-0.02892867437646893
2025-10-27,3,181,181,-0.027995715429856582
2025-10-27,4,182,182,-0.014266101665723676
2025-10-27,5,181,180,-0.020975729026765515
2025-10-28,1,182,181,-0.019743919756316328
2025-10-28,2,182,182,-0.022919607776431462
2025-10-28,3,181,181,-0.014846086501959501
2025-10-28,4,182,182,-0.0033606746792752495
2025-10-28,5,181,180,-0.018206687541099217
2025-10-29,1,182,181,-0.0232269723875566
2025-10-29,2,182,182,-0.021334678165963322
2025-10-29,3,182,182,-0.031224986718578512
2025-10-29,4,182,182,-0.028252701052808468
2025-10-29,5,181,180,-0.018880132416791706
2025-10-30,1,182,181,-0.02132222429707417
2025-10-30,2,182,182,-0.010951051718245109
2025-10-30,3,182,182,-0.01995339092046615
2025-10-30,4,182,182,-0.02013207817076396
2025-10-30,5,181,180,-0.017179933223440514
2025-10-31,1,182,182,-0.01871282464001957
2025-10-31,2,181,181,-0.010706463676690462
2025-10-31,3,182,182,-0.016812059747248514
2025-10-31,4,181,179,-0.004570823972954159
2025-10-31,5,181,179,-0.006580980057006627
2025-11-03,1,182,182,-0.011444449731754618
2025-11-03,2,181,180,-0.010325150615155237
2025-11-03,3,182,182,-0.016652488748472565
2025-11-03,4,181,181,-0.013060094057148692
2025-11-03,5,181,178,-0.002558666892809842
2025-11-04,1,182,182,-0.0022576993324800827
2025-11-04,2,181,180,0.01467862840558726
2025-11-04,3,182,182,-0.0027178304248820914
2025-11-04,4,181,180,-0.003029982401100901
2025-11-04,5,181,179,0.013632929912760937
2025-11-05,1,182,182,-0.027674269328331995
2025-11-05,2,182,182,-0.009916449034845426
2025-11-05,3,182,180,-0.012670961835692836
2025-11-05,4,182,182,-0.018107155516098577
2025-11-05,5,181,179,-0.015529661709759873
2025-11-06,1,182,182,-0.031554441041076485
2025-11-06,2,182,181,-0.020622078781091603
2025-11-06,3,182,181,-0.031002055087037652
2025-11-06,4,182,182,-0.01864641341515427
2025-11-06,5,181,179,-0.01978984783204884
2025-11-07,1,182,182,-0.020077766684990443
2025-11-07,2,182,181,-0.018219672922269083
2025-11-07,3,181,180,-0.01651376326692167
2025-11-07,4,182,182,-0.01256059718953875
2025-11-07,5,181,180,-0.014950315753234363
2025-11-10,1,182,182,-0.02601575529166189
2025-11-10,2,182,182,-0.02683891009238953
2025-11-10,3,182,181,-0.023191858152534536
2025-11-10,4,182,182,-0.02187726599993349
2025-11-10,5,182,181,-0.011377631463009364
2025-11-11,1,183,183,-0.015306844464305233
2025-11-11,2,182,181,-0.03690082235824689
2025-11-11,3,183,182,-0.023819110742545977
2025-11-11,4,182,181,-0.02293908830120717
2025-11-11,5,182,181,-0.024450582147271274
2025-11-12,1,183,183,-0.0028067727820864754
2025-11-12,2,182,182,-0.01264422445098735
2025-11-12,3,183,181,-0.021072562188048295
2025-11-12,4,182,181,-0.02429261119203621
2025-11-12,5,182,181,-0.008254184300329273
2025-11-13,1,183,183,-0.027624082326513373
2025-11-13,2,183,183,-0.027589043554143777
2025-11-13,3,183,182,-0.043881256489064435
2025-11-13,4,183,181,-0.029029290496783003
2025-11-13,5,182,181,-0.03895195263692927
2025-11-14,1,184,183,-0.026827500937498354
2025-11-14,2,183,183,-0.03845978751185337
2025-11-14,3,183,182,-0.028046132631373517
2025-11-14,4,183,181,-0.045169236489581224
2025-11-14,5,183,183,-0.03336629814665188
2025-11-17,1,184,184,-0.013776867217582365
2025-11-17,2,183,183,-0.0370120916147559
2025-11-17,3,183,182,-0.03142821071525611
2025-11-17,4,183,181,-0.02026600803356754
2025-11-17,5,183,183,-0.05312327544220781
2025-11-18,1,183,183,-0.019247828922133343
2025-11-18,2,183,182,-0.03854694836589129
2025-11-18,3,183,183,-0.03546871480484859
2025-11-18,4,183,182,-0.03080273103967488
2025-11-18,5,182,182,-0.04652109952727108
2025-11-19,1,183,183,-0.0036909064772177274
2025-11-19,2,182,181,-0.02388267477782898
2025-11-19,3,183,182,-0.027311965828860207
2025-11-19,4,182,182,-0.034541510829069116
2025-11-19,5,182,180,-0.04964075435831423
2025-11-20,1,183,183,0.02526905697232756
2025-11-20,2,182,180,0.009492545413783797
2025-11-20,3,182,181,-0.0050492891843196734
2025-11-20,4,182,182,-0.013448575204563388
2025-11-20,5,182,181,-0.02848174166285498
2025-11-21,1,183,182,0.057529352216002125
2025-11-21,2,182,181,0.034201618271617225
2025-11-21,3,182,180,0.03129947608285783
2025-11-21,4,182,181,0.023468437455031296
2025-11-21,5,182,181,-0.004705244958676373
2025-11-24,1,183,183,0.04746222353257873
2025-11-24,2,182,181,0.03899947422382439
2025-11-24,3,182,180,0.03263604395842823
2025-11-24,4,182,182,0.01983654526223885
2025-11-24,5,182,181,-0.009888491883485187
2025-11-25,1,182,182,0.02978376386573435
2025-11-25,2,182,182,0.018406647952123344
2025-11-25,3,182,180,0.02834484497765832
2025-11-25,4,182,182,0.013109469971112444
2025-11-25,5,182,181,-0.026802402202293983
2025-11-26,1,183,183,0.04236498744148501
2025-11-26,2,182,182,0.03709471535615208
2025-11-26,3,182,182,0.028747912669145836
2025-11-26,4,182,181,0.016042971571349977
2025-11-26,5,182,182,0.00344835928433542
2025-11-27,1,183,183,0.04622784802249323
2025-11-27,2,182,182,0.0441551684216525
2025-11-27,3,183,183,0.03570330934993722
2025-11-27,4,182,182,0.020791123950888318
2025-11-27,5,182,181,0.017057733645147424
2025-11-28,1,183,183,0.026016368564205673
2025-11-28,2,183,183,0.04454399018618427
2025-11-28,3,183,182,0.019527068771433703
2025-11-28,4,183,183,0.021832019760774816
2025-11-28,5,182,180,0.013533901853541157
2025-12-01,1,183,183,0.011198990559459537
2025-12-01,2,182,181,0.029226934913684322
2025-12-01,3,183,183,0.007340924331089042
2025-12-01,4,182,182,0.014381201819324894
2025-12-01,5,182,180,0.0033577951530114163
2025-12-02,1,183,183,0.022899744967092482
2025-12-02,2,182,181,0.021160329235887253
2025-12-02,3,182,182,0.020413535218253936
2025-12-02,4,182,182,0.018407704229233737
2025-12-02,5,182,181,0.024602424833445484
2025-12-03,1,183,183,0.027905946975725796
2025-12-03,2,182,181,0.030466922255596454
2025-12-03,3,183,183,0.028164344619142582
2025-12-03,4,182,182,0.03171716819568388
2025-12-03,5,182,181,0.04241603095130841
2025-12-04,1,182,181,0.04948744824573443
2025-12-04,2,182,182,0.049804119219827775
2025-12-04,3,182,182,0.03887733081107613
2025-12-04,4,182,182,0.04688408699719021
2025-12-04,5,182,181,0.05125988182401997
2025-12-05,1,183,182,0.05337112914407274
2025-12-05,2,182,182,0.04940423403148058
2025-12-05,3,182,182,0.04205585561054995
2025-12-05,4,182,182,0.037476054809099685
2025-12-05,5,182,181,0.049871424361314684
2025-12-08,1,183,182,0.051067762747383054
2025-12-08,2,182,182,0.036006489987890064
2025-12-08,3,182,182,0.02493335843259863
2025-12-08,4,182,182,0.04858526993007452
2025-12-08,5,182,181,0.056315734758044696
2025-12-09,1,182,181,0.06735429273870455
2025-12-09,2,182,182,0.04927234663564851
2025-12-09,3,182,182,0.04020566699829182
2025-12-09,4,182,182,0.04635365817996341
2025-12-09,5,181,179,0.10092435028316556
2025-12-10,1,183,182,0.08889800349752955
2025-12-10,2,182,181,0.055312895021224384
2025-12-10,3,182,182,0.05538206743887898
2025-12-10,4,182,182,0.05356444853452464
2025-12-10,5,182,182,0.11984422695498458
2025-12-11,1,182,182,0.11036265497063383
2025-12-11,2,182,179,0.09955311691354322
2025-12-11,3,182,182,0.08629616022855167
2025-12-11,4,182,182,0.08940061106620953
2025-12-11,5,181,180,0.14910432630577874
2025-12-12,1,182,181,0.09984605067020907
2025-12-12,2,182,179,0.085243309897106
2025-12-12,3,182,182,0.07645917847141337
2025-12-12,4,182,181,0.08860346319741699
2025-12-12,5,181,180,0.11034732500064362
2025-12-15,1,182,181,0.09973354938330195
2025-12-15,2,182,182,0.08407801655711318
2025-12-15,3,181,180,0.08183949634694761
2025-12-15,4,182,180,0.08270699780952805
2025-12-15,5,181,181,0.09164281422610665
2025-12-16,1,182,181,0.111183243308103
2025-12-16,2,182,182,0.09783374692316542
2025-12-16,3,181,180,0.10673887319346807
2025-12-16,4,182,182,0.11362755010360866
2025-12-16,5,181,179,0.09154119086818878
2025-12-17,1,182,181,0.08952817725176566
2025-12-17,2,182,182,0.08453970935791721
2025-12-17,3,181,180,0.07437816630465205
2025-12-17,4,182,182,0.0977795427521024
2025-12-17,5,181,178,0.08190220052789017
2025-12-18,1,182,182,0.10207701591673529
2025-12-18,2,181,181,0.08245349284387234
2025-12-18,3,181,180,0.07297021772456336
2025-12-18,4,181,180,0.10231456645963688
2025-12-18,5,181,180,0.10170006108939676
2025-12-19,1,181,181,0.06272069019171218
2025-12-19,2,181,181,0.07187119192453424
2025-12-19,3,181,180,0.0654409918044671
2025-12-19,4,181,181,0.07059315862908289
2025-12-19,5,181,179,0.08440134134826276
2025-12-22,1,181,181,0.07240038429256217
2025-12-22,2,181,181,0.0843406376296283
2025-12-22,3,181,180,0.057404863176714074
2025-12-22,4,181,181,0.0784891059692714
2025-12-22,5,180,179,0.09530493148238521
2025-12-23,1,181,181,0.0824633624366337
2025-12-23,2,181,181,0.09448138983335536
2025-12-23,3,181,180,0.06942469823168743
2025-12-23,4,181,181,0.09923832866881048
2025-12-23,5,180,180,0.11941380991962885
2025-12-24,1,181,181,0.08472293110675697
2025-12-24,2,181,181,0.08305509889949714
2025-12-24,3,181,180,0.07291755418891747
2025-12-24,4,181,181,0.12046876356018653
2025-12-24,5,180,180,0.11041176610047924
2025-12-25,1,181,181,0.07361810478200331
2025-12-25,2,181,181,0.0624000836712347
2025-12-25,3,180,180,0.07097997149827491
2025-12-25,4,181,181,0.0824697320233864
2025-12-25,5,180,180,0.08428427705255262
2025-12-26,1,181,180,0.0625533812602818
2025-12-26,2,181,181,0.0538820475339553
2025-12-26,3,180,180,0.07771192403755237
2025-12-26,4,181,181,0.07583847259281923
2025-12-26,5,180,180,0.08013570809709275
2025-12-29,1,181,181,0.07091032018094134
2025-12-29,2,181,181,0.0667434379748201
2025-12-29,3,180,180,0.07693917352339882
2025-12-29,4,181,181,0.10714225111928338
2025-12-29,5,180,179,0.07959602804374166
2025-12-30,1,181,181,0.06332104127362645
2025-12-30,2,180,180,0.07320552691233381
2025-12-30,3,181,181,0.06709586605984266
2025-12-30,4,180,180,0.08226925402073096
2025-12-30,5,180,180,0.05755242762627167
2025-12-31,1,181,180,0.04093703825758079
2025-12-31,2,180,180,0.05551481217172803
2025-12-31,3,181,181,0.05624796426517189
2025-12-31,4,180,180,0.03718393261043343
2025-12-31,5,180,180,0.05270289907775414
2026-01-05,1,181,181,0.014223337430452248
2026-01-05,2,180,179,0.017299580765007982
2026-01-05,3,181,181,0.030833277822868512
2026-01-05,4,180,180,0.03577068038562258
2026-01-05,5,180,180,0.028444620375928428
2026-01-06,1,181,181,0.007623160759597531
2026-01-06,2,181,180,0.016648552942531463
2026-01-06,3,180,180,0.0294704877146128
2026-01-06,4,181,181,0.011892437383249773
2026-01-06,5,180,180,0.03699951912039061
2026-01-07,1,181,180,0.008136269344704601
2026-01-07,2,181,181,0.024455094884820724
2026-01-07,3,181,181,0.023777530431567055
2026-01-07,4,181,181,0.03419773596571814
2026-01-07,5,180,180,0.03880410958685892
2026-01-08,1,182,181,-0.006482183544318463
2026-01-08,2,181,180,0.004258925555379119
2026-01-08,3,181,181,0.009115912678672181
2026-01-08,4,181,181,0.010433421281455184
2026-01-08,5,181,181,0.022319915578819325
2026-01-09,1,182,181,-0.008323708975272183
2026-01-09,2,181,181,0.014747549731689336
2026-01-09,3,181,180,0.010419020498440937
2026-01-09,4,181,181,0.005056129604368643
2026-01-09,5,181,180,0.015264954383871817
2026-01-12,1,182,181,-0.005588604974703332
2026-01-12,2,181,181,0.008747173536618604
2026-01-12,3,181,181,0.013405801667142272
2026-01-12,4,181,181,-0.0054623865608767015
2026-01-12,5,181,178,-0.002405313810670645
2026-01-13,1,181,180,0.00715448273116694
2026-01-13,2,181,181,0.02636568948739444
2026-01-13,3,181,181,0.009249082012362405
2026-01-13,4,181,181,0.011436757561879786
2026-01-13,5,181,180,0.01265572323964608
2026-01-14,1,181,180,0.01147954842410265
2026-01-14,2,181,181,0.03702177844180993
2026-01-14,3,181,181,0.012780971690962607
2026-01-14,4,181,181,0.014713100313811105
2026-01-14,5,180,180,0.010117487078653236
2026-01-15,1,181,180,0.005398041703798382
2026-01-15,2,181,181,0.01799611230903409
2026-01-15,3,180,180,0.012254845938012095
2026-01-15,4,181,181,-0.0007046213021151081
2026-01-15,5,180,180,0.00790048686365884
2026-01-16,1,181,181,0.022309373483088406
2026-01-16,2,180,180,0.02568704882722803
2026-01-16,3,180,180,0.02582247665274458
2026-01-16,4,180,180,0.020353678336259284
2026-01-16,5,180,179,0.017026693018637688
2026-01-19,1,181,181,0.004381371796600316
2026-01-19,2,180,180,0.011328007682438648
2026-01-19,3,181,180,0.024743959335083356
2026-01-19,4,180,180,0.016798571090986033
2026-01-19,5,180,179,0.005581633568678655
2026-01-20,1,181,181,0.03454075651468498
2026-01-20,2,181,180,0.018807893174205188
2026-01-20,3,181,181,0.0309864387845863
2026-01-20,4,181,180,0.03443216535524329
2026-01-20,5,180,180,0.02377986000542475
2026-01-21,1,181,181,0.0053349087695408305
2026-01-21,2,181,179,0.013720482096855138
2026-01-21,3,180,180,0.019356440761545027
2026-01-21,4,181,181,0.015422963694872295
2026-01-21,5,180,180,0.011492663417598723
2026-01-22,1,181,179,-0.004675681764156781
2026-01-22,2,181,180,0.0058342061565220295
2026-01-22,3,181,181,0.011443850022364692
2026-01-22,4,181,181,0.013453789725384144
2026-01-22,5,180,179,0.014571231717427597
2026-01-23,1,182,181,-0.027699716911882534
2026-01-23,2,182,182,0.008613698586480232
2026-01-23,3,181,179,0.0051854068917304656
2026-01-23,4,182,182,0.013343931612282972
2026-01-23,5,181,180,0.006175265645057563
2026-01-26,1,181,180,-0.04355054363955555
2026-01-26,2,181,181,-0.022733462225431742
2026-01-26,3,181,180,-0.013530731597615815
2026-01-26,4,181,181,-0.02726740603567131
2026-01-26,5,181,180,-0.03411910277376495
2026-01-27,1,181,180,-0.02977066387940583
2026-01-27,2,181,181,-0.00887803464426874
2026-01-27,3,181,180,-0.0007708688259388505
2026-01-27,4,181,180,-0.009555038699107572
2026-01-27,5,181,181,-0.018766724509980574
2026-01-28,1,182,181,-0.03391167703339212
2026-01-28,2,181,181,-0.02390845929310313
2026-01-28,3,181,181,-0.009050788041961825
2026-01-28,4,181,179,-0.015646169266413833
2026-01-28,5,181,181,-0.027609078594757593
2026-01-29,1,182,182,-0.018969884094369817
2026-01-29,2,181,181,-0.020675078618417525
2026-01-29,3,181,181,0.0026051672688433268
2026-01-29,4,181,179,-0.014308701342438982
2026-01-29,5,181,181,-0.011665809405961933
2026-01-30,1,182,182,-0.005088211094263981
2026-01-30,2,181,180,0.006145131144533811
2026-01-30,3,181,181,0.02197094677917178
2026-01-30,4,181,180,-0.004127767072032555
2026-01-30,5,181,180,0.012119853913090351
2026-02-02,1,181,181,0.0047254045673625995
2026-02-02,2,181,181,0.03424490413994936
2026-02-02,3,181,181,0.03703890344654802
2026-02-02,4,181,180,0.02100306673777965
2026-02-02,5,181,181,0.034649058318397666
2026-02-03,1,181,181,-0.005164712457713404
2026-02-03,2,181,181,0.023119060275705035
2026-02-03,3,181,181,0.03859465203074437
2026-02-03,4,181,180,0.0016286698449813693
2026-02-03,5,181,181,0.027592274349096887
2026-02-04,1,182,182,-0.009234487530291933
2026-02-04,2,181,181,0.011517165035203178
2026-02-04,3,182,182,0.013441930221374661
2026-02-04,4,181,181,0.010184129810374584
2026-02-04,5,181,180,0.013921145654307167
2026-02-05,1,182,181,-0.0028660414007057313
2026-02-05,2,181,181,0.014792256519192524
2026-02-05,3,182,182,0.007821556612673053
2026-02-05,4,181,181,0.014531238014331796
2026-02-05,5,181,181,0.02139188860284227
2026-02-06,1,181,181,-0.021050835366458576
2026-02-06,2,181,180,-0.0038163949585448024
2026-02-06,3,181,181,-0.0009880694700662883
2026-02-06,4,181,181,-0.0016044890813396045
2026-02-06,5,181,181,-0.010858719691146677
2026-02-09,1,181,181,-0.036070519408553166
2026-02-09,2,181,181,-0.018449986110074167
2026-02-09,3,181,181,-0.027786795739146077
2026-02-09,4,181,181,-0.01968039684228633
2026-02-09,5,181,181,-0.04058586506912349
2026-02-10,1,182,182,-0.039347272087328716
2026-02-10,2,181,181,-0.026424446924050816
2026-02-10,3,182,182,-0.043979399926107124
2026-02-10,4,181,180,-0.02397337486639785
2026-02-10,5,181,181,-0.04291779933097262
2026-02-11,1,182,182,-0.037049638032581045
2026-02-11,2,181,181,-0.04447738785947555
2026-02-11,3,182,182,-0.05745458832349523
2026-02-11,4,181,180,-0.046611455289040454
2026-02-11,5,181,181,-0.04813094066158419
2026-02-12,1,182,182,-0.07478212499554825
2026-02-12,2,181,181,-0.07526793264822583
2026-02-12,3,182,182,-0.07096513543776421
2026-02-12,4,181,181,-0.07990878379891467
2026-02-12,5,181,181,-0.08268805618246677
2026-02-13,1,182,182,-0.10264495231288487
2026-02-13,2,181,181,-0.0788051788453924
2026-02-13,3,181,181,-0.10373570754837672
2026-02-13,4,181,181,-0.08506289323583617
2026-02-13,5,181,180,-0.09933836366223624
2026-02-24,1,182,181,-0.09240768351143501
2026-02-24,2,181,181,-0.08530055231061204
2026-02-24,3,181,181,-0.08306829528958418
2026-02-24,4,181,181,-0.07864102587638003
2026-02-24,5,181,181,-0.080824378314477
2026-02-25,1,182,182,-0.09225314834572965
2026-02-25,2,181,181,-0.09089124263942834
2026-02-25,3,182,182,-0.07728789971964903
2026-02-25,4,181,181,-0.08116550115967207
2026-02-25,5,181,181,-0.07325616966999471
2026-02-26,1,182,182,-0.11324583905185429
2026-02-26,2,181,181,-0.09754196941629051
2026-02-26,3,181,181,-0.09333187040774059
2026-02-26,4,181,181,-0.09178278255833267
2026-02-26,5,181,181,-0.09799170756917772
2026-02-27,1,182,181,-0.1002332186776023
2026-02-27,2,181,181,-0.0932658570169372
2026-02-27,3,181,180,-0.08800436723920932
2026-02-27,4,181,181,-0.07769734040330492
2026-02-27,5,181,181,-0.07973493148404177
2026-03-02,1,182,182,-0.07688014496896582
2026-03-02,2,181,181,-0.08456202517208906
2026-03-02,3,181,181,-0.07825115470433475
2026-03-02,4,181,181,-0.07626141335517644
2026-03-02,5,181,181,-0.06451016078755292
2026-03-03,1,182,182,-0.03264228418985501
2026-03-03,2,181,181,-0.047325935058555584
2026-03-03,3,181,181,-0.03826802231108363
2026-03-03,4,181,181,-0.03483329109370843
2026-03-03,5,181,181,-0.028749166589762325
2026-03-04,1,181,181,-0.05243487580020073
2026-03-04,2,181,181,-0.06232477422613397
2026-03-04,3,181,181,-0.05219977126504167
2026-03-04,4,181,181,-0.049486390327175944
2026-03-04,5,181,181,-0.03963609162604028
2026-03-05,1,182,182,-0.05081201744138945
2026-03-05,2,181,181,-0.06798005910785132
2026-03-05,3,181,181,-0.05541936818731534
2026-03-05,4,181,181,-0.03584276460989209
2026-03-05,5,181,181,-0.039999513701983326
2026-03-06,1,182,182,-0.07766667501692098
2026-03-06,2,181,181,-0.07884276493604397
2026-03-06,3,182,182,-0.0718650020292913
2026-03-06,4,181,181,-0.05247634512592335
2026-03-06,5,181,181,-0.07527078761508445
2026-03-09,1,182,182,-0.06705339532912302
2026-03-09,2,181,181,-0.06682337951627734
2026-03-09,3,182,182,-0.04811488778081932
2026-03-09,4,181,181,-0.05056131813647611
2026-03-09,5,181,181,-0.050711519474632136
2026-03-10,1,182,182,-0.06947637699494401
2026-03-10,2,182,182,-0.06557772974478047
2026-03-10,3,182,182,-0.04732369515897748
2026-03-10,4,182,182,-0.05144923521980906
2026-03-10,5,181,181,-0.048879165065106235
2026-03-11,1,182,182,-0.06315386432867996
2026-03-11,2,182,182,-0.05307196182806005
2026-03-11,3,182,182,-0.05953555790650986
2026-03-11,4,182,182,-0.04529351945695959
2026-03-11,5,182,182,-0.05027860681734751
2026-03-12,1,182,182,-0.06284470244831188
2026-03-12,2,182,182,-0.05056707481681903
2026-03-12,3,182,182,-0.05012042090227412
2026-03-12,4,182,182,-0.03925197251386108
2026-03-12,5,182,182,-0.054931491326745185
2026-03-13,1,182,182,-0.03632782045334313
2026-03-13,2,182,182,-0.04080873516887085
2026-03-13,3,182,182,-0.034644639751915736
2026-03-13,4,182,182,-0.022249994239575032
2026-03-13,5,182,182,-0.04181722960065967
2026-03-16,1,183,183,-0.03479404498890114
2026-03-16,2,182,182,-0.026341376249897866
2026-03-16,3,182,182,-0.03741865979120327
2026-03-16,4,182,182,-0.01363738977745534
2026-03-16,5,182,182,-0.026794481553548983
2026-03-17,1,183,183,-0.024106366472383407
2026-03-17,2,182,182,-0.029329331157455913
2026-03-17,3,183,183,-0.019572749049055684
2026-03-17,4,182,182,-0.0016368856983118673
2026-03-17,5,182,182,-0.021748145691012633
2026-03-18,1,183,183,-0.004621617217376179
2026-03-18,2,182,182,-0.02123458222434611
2026-03-18,3,183,183,0.002620028894226172
2026-03-18,4,182,181,0.004926656651741877
2026-03-18,5,182,182,-0.008831612309180418
2026-03-19,1,182,182,0.011364419727202498
2026-03-19,2,182,182,0.001923460318408941
2026-03-19,3,182,182,-0.003012585705324904
2026-03-19,4,182,181,0.013386156105295944
2026-03-19,5,182,182,0.020859598238718385
2026-03-20,1,182,182,0.058544344167188414
2026-03-20,2,182,182,0.04371653882917976
2026-03-20,3,182,182,0.034874668329104824
2026-03-20,4,182,180,0.05559874885941343
2026-03-20,5,181,181,0.068114470333821
2026-03-23,1,181,181,0.08078812698770267
2026-03-23,2,181,181,0.05682042587793818
2026-03-23,3,181,179,0.044602427013527485
2026-03-23,4,181,181,0.06911096894357203
2026-03-23,5,180,180,0.07362795473673087
2026-03-24,1,182,182,0.08016625850914728
2026-03-24,2,182,181,0.05039234571593932
2026-03-24,3,181,179,0.05221542837269109
2026-03-24,4,182,182,0.05582949621037908
2026-03-24,5,181,181,0.06146257359255839
2026-03-25,1,182,182,0.040966517982913175
2026-03-25,2,182,179,0.04092424922777777
2026-03-25,3,182,182,0.030110421689743264
2026-03-25,4,182,182,0.031421543959167186
2026-03-25,5,182,182,0.032736210466055994
2026-03-26,1,182,182,0.053463120324466464
2026-03-26,2,182,181,0.07823111543679996
2026-03-26,3,182,180,0.04296124792393475
2026-03-26,4,182,182,0.0461261657866622
2026-03-26,5,181,180,0.06804435404653424
2026-03-27,1,182,182,0.03816033563604745
2026-03-27,2,182,181,0.043531682495288
2026-03-27,3,182,181,0.03620788042613772
2026-03-27,4,182,182,0.0399836283377538
2026-03-27,5,182,182,0.050131511278154794
2026-03-30,1,182,181,0.01845198368871483
2026-03-30,2,182,180,0.007740638059527445
2026-03-30,3,182,181,0.02119955895385972
2026-03-30,4,182,182,0.020544200702496362
2026-03-30,5,182,182,0.02421229411816266
2026-03-31,1,183,183,0.03380052250689822
2026-03-31,2,182,179,0.01697983888980101
2026-03-31,3,182,180,0.03416561896773991
2026-03-31,4,182,182,0.029135434328699257
2026-03-31,5,182,181,0.0549840793253382
2026-04-01,1,182,182,0.03514981008859373
2026-04-01,2,182,181,0.042653455035274956
2026-04-01,3,182,181,0.03202434783973721
2026-04-01,4,182,182,0.031059044945576274
2026-04-01,5,181,181,0.060920845717824475
2026-04-02,1,182,182,0.06526839162494766
2026-04-02,2,182,181,0.06832866664959372
2026-04-02,3,182,182,0.05024133094598586
2026-04-02,4,182,182,0.05404603517616721
2026-04-02,5,182,182,0.0688969948294898
2026-04-03,1,182,182,0.07915780990150066
2026-04-03,2,182,182,0.09242407433470538
2026-04-03,3,182,182,0.07266148747322873
2026-04-03,4,182,182,0.07469006558828264
2026-04-03,5,181,181,0.08427728808268191
2026-04-07,1,182,182,0.07027428052752366
2026-04-07,2,182,182,0.06864377677525656
2026-04-07,3,182,182,0.06434069884599143
2026-04-07,4,182,182,0.07322298327297991
2026-04-07,5,182,182,0.07731077188300853
2026-04-08,1,183,183,0.05914677752075377
2026-04-08,2,182,182,0.06002759116730681
2026-04-08,3,182,182,0.07027311935891206
2026-04-08,4,182,182,0.05962038406662618
2026-04-08,5,182,182,0.07799219522266722
2026-04-09,1,182,182,0.03137725540106434
2026-04-09,2,182,182,0.04627095826168672
2026-04-09,3,182,182,0.051577567710748666
2026-04-09,4,182,182,0.04919294991688329
2026-04-09,5,182,182,0.05651502922759562
2026-04-10,1,182,182,0.04353561328872568
2026-04-10,2,182,182,0.05778107801944677
2026-04-10,3,182,182,0.050234771650485045
2026-04-10,4,182,182,0.060077897749843644
2026-04-10,5,182,182,0.09869648428599508
2026-04-13,1,182,182,0.013350520298644029
2026-04-13,2,182,182,0.011532493028241825
2026-04-13,3,182,182,0.01799000952411503
2026-04-13,4,182,182,0.028133995083932224
2026-04-13,5,182,182,0.062335243700013594
2026-04-14,1,183,183,-0.013644082607555987
2026-04-14,2,183,183,-0.016803485620377392
2026-04-14,3,182,182,0.002989970758969396
2026-04-14,4,183,183,0.011267790323144285
2026-04-14,5,182,182,0.032034009173010275
2026-04-15,1,183,183,-0.014950964953774855
2026-04-15,2,183,183,-0.009955538035831225
2026-04-15,3,182,182,-0.004492755889113684
2026-04-15,4,183,183,0.03413634501961343
2026-04-15,5,182,182,0.03351857509805772
2026-04-16,1,183,183,-0.015102417346336616
2026-04-16,2,182,182,-0.004689865884565762
2026-04-16,3,183,183,-0.01152376914583327
2026-04-16,4,182,182,0.04023472735196477
2026-04-16,5,182,182,0.019022717959846676
2026-04-17,1,183,183,-0.030607227130323714
2026-04-17,2,183,183,-0.005792627559455105
2026-04-17,3,182,182,0.01992417041951831
2026-04-17,4,183,183,0.00726257035976339
2026-04-17,5,182,181,0.026480652781726167
2026-04-20,1,183,183,-0.052044033312643484
2026-04-20,2,182,182,-0.026574959200898567
2026-04-20,3,183,182,-0.014863780617880443
2026-04-20,4,182,182,-0.008899722568958811
2026-04-20,5,182,182,0.0035705595509156435
2026-04-21,1,183,183,-0.03313954502444188
2026-04-21,2,182,182,-0.01479203853372495
2026-04-21,3,182,182,-0.01426855538187953
2026-04-21,4,182,182,0.025041374727024703
2026-04-21,5,182,182,0.004790706215326924
2026-04-22,1,183,183,-0.05135345132591671
2026-04-22,2,183,182,-0.024824666891531365
2026-04-22,3,182,182,-0.010166705489612253
2026-04-22,4,183,183,0.0018398037543843084
2026-04-22,5,182,182,-0.012891963805053938
2026-04-23,1,182,182,-0.040140190338049414
2026-04-23,2,182,182,-0.011676285530880282
2026-04-23,3,182,182,0.003462278975425789
2026-04-23,4,182,182,0.005485477392677741
2026-04-23,5,181,181,-0.002767294015474666
2026-04-24,1,182,181,-0.039414698017492124
2026-04-24,2,182,182,-0.03404373208834068
2026-04-24,3,182,182,-0.026959978112141725
2026-04-24,4,182,182,0.014750596231912041
2026-04-24,5,182,181,-0.02562290202402205
2026-04-27,1,182,182,-0.03600521732359251
2026-04-27,2,182,182,-0.02210744798370868
2026-04-27,3,182,182,-0.011994343475457433
2026-04-27,4,182,182,0.027825066612505493
2026-04-27,5,181,181,-0.029442922966144484
2026-04-28,1,182,181,-0.03786341938505502
2026-04-28,2,182,181,-0.023405593500309924
2026-04-28,3,182,182,-0.01846791589390563
2026-04-28,4,182,182,0.01104034116652059
2026-04-28,5,181,180,-0.04577547565419479
2026-04-29,1,182,179,-0.029560654195955483
2026-04-29,2,182,182,-0.029439150883899687
2026-04-29,3,181,180,-0.025625499890131014
2026-04-29,4,182,181,-0.01739820742568931
2026-04-29,5,181,181,-0.04284308883531001
2026-04-30,1,181,180,-0.031319021942035286
2026-04-30,2,181,181,-0.04169742024871854
2026-04-30,3,181,181,-0.04807729882085821
2026-04-30,4,181,181,-0.03450408558258155
2026-04-30,5,181,181,-0.045085339367799855
2026-05-06,1,182,182,-0.0578770568915767
2026-05-06,2,181,180,-0.05920775181114393
2026-05-06,3,181,181,-0.0708439588201091
2026-05-06,4,181,181,-0.042187360144131734
2026-05-06,5,181,181,-0.06695862579093287
2026-05-07,1,182,182,-0.056846528165892966
2026-05-07,2,182,182,-0.06793292711272575
2026-05-07,3,182,182,-0.06987742919436758
2026-05-07,4,182,182,-0.07570225025550244
2026-05-07,5,181,181,-0.0512678868836731
2026-05-08,1,182,182,-0.10208281352688857
2026-05-08,2,182,182,-0.09789908322836834
2026-05-08,3,182,182,-0.09444571666439025
2026-05-08,4,182,182,-0.09069729267166256
2026-05-08,5,181,181,-0.08469111369715389
2026-05-11,1,182,182,-0.09756248115190953
2026-05-11,2,182,182,-0.11168982080654738
2026-05-11,3,182,182,-0.07765564125917748
2026-05-11,4,182,182,-0.11109216726681946
2026-05-11,5,182,182,-0.0874629634721949
2026-05-12,1,182,182,-0.09750709889396605
2026-05-12,2,182,182,-0.09560869572551718
2026-05-12,3,181,181,-0.08937298460734845
2026-05-12,4,182,182,-0.07381245401285655
2026-05-12,5,181,181,-0.08648515527520168
2026-05-13,1,182,182,-0.11352518013173918
2026-05-13,2,182,182,-0.11068866606312001
2026-05-13,3,182,182,-0.10087559021272106
2026-05-13,4,182,182,-0.08540904914788564
2026-05-13,5,181,181,-0.10076553988108268
2026-05-14,1,182,182,-0.08865698369700335
2026-05-14,2,181,181,-0.07337462366129388
2026-05-14,3,181,181,-0.07744119723788759
2026-05-14,4,181,181,-0.09160147327937737
2026-05-14,5,181,181,-0.06284561366182514
2026-05-15,1,181,181,-0.06647547009977955
2026-05-15,2,181,181,-0.04262907623808784
2026-05-15,3,181,181,-0.05915612587722557
2026-05-15,4,181,181,-0.053511047500589985
2026-05-15,5,180,180,-0.04643421685257874
2026-05-18,1,181,181,-0.049967545728497945
2026-05-18,2,181,181,-0.05209128275808726
2026-05-18,3,181,181,-0.02060629205595025
2026-05-18,4,181,181,-0.04397880416518031
2026-05-18,5,180,180,-0.03484163252453184
2026-05-19,1,181,181,-0.05167138356674575
2026-05-19,2,181,181,-0.050567120319527446
2026-05-19,3,181,181,-0.049039733486545674
2026-05-19,4,181,181,-0.03539968422546298
2026-05-19,5,180,180,-0.04100176431101368
2026-05-20,1,181,181,-0.059389071820394365
2026-05-20,2,180,180,-0.04643836641574568
2026-05-20,3,181,181,-0.06206928583478012
2026-05-20,4,180,180,-0.04810157171692741
2026-05-20,5,180,180,-0.034589238678558426
2026-05-21,1,180,180,-0.049249876308181166
2026-05-21,2,180,180,-0.02552527651428064
2026-05-21,3,180,180,-0.04276373173955817
2026-05-21,4,180,180,-0.025271970189022202
2026-05-21,5,180,180,-0.025396104259489013
2026-05-22,1,180,180,-0.05343612560926224
2026-05-22,2,180,180,-0.02241686505889124
2026-05-22,3,180,180,-0.018161944361580893
2026-05-22,4,180,180,-0.033182221675846106
2026-05-22,5,180,180,-0.021989595357247496
2026-05-25,1,180,180,-0.050411323488669384
2026-05-25,2,180,180,-0.04001718464093961
2026-05-25,3,180,180,-0.02964309596884918
2026-05-25,4,180,180,-0.03957658171137687
2026-05-25,5,180,180,-0.030062469123159217
2026-05-26,1,180,180,-0.05470065015075935
2026-05-26,2,180,180,-0.04559284771406206
2026-05-26,3,180,180,-0.027792899337837865
2026-05-26,4,180,180,-0.049533211151256744
2026-05-26,5,180,180,-0.023010691541312727
2026-05-27,1,180,180,-0.026274109240048835
2026-05-27,2,179,179,-0.031750338747517245
2026-05-27,3,180,180,-0.027687829554708675
2026-05-27,4,179,179,-0.031345259245052146
2026-05-27,5,179,179,-0.016807993801997823
2026-05-28,1,180,180,-0.06729731869496632
2026-05-28,2,179,179,-0.056569703747071286
2026-05-28,3,179,179,-0.048850091057914914
2026-05-28,4,179,178,-0.07391283506324961
2026-05-28,5,179,179,-0.03793429897370682
2026-05-29,1,179,179,-0.046571287635724434
2026-05-29,2,179,179,-0.036953363174194766
2026-05-29,3,179,179,-0.054422990699261334
2026-05-29,4,179,179,-0.03778034147476344
2026-05-29,5,179,177,-0.022673091152719302
2026-06-01,1,180,180,-0.033867979932672536
2026-06-01,2,180,180,-0.05645978070051177
2026-06-01,3,179,179,-0.04119445538669607
2026-06-01,4,180,180,-0.04604546119727701
2026-06-01,5,179,178,-0.013672418889372342
2026-06-02,1,180,180,0.0009014082833498163
2026-06-02,2,179,179,-0.04971993845881101
2026-06-02,3,179,179,-0.017654640851924062
2026-06-02,4,179,179,-0.02830600018729749
2026-06-02,5,179,178,-0.02726500635423688
2026-06-03,1,179,179,-0.005630641451780521
2026-06-03,2,179,179,-0.030389255214475025
2026-06-03,3,179,179,-0.007301953864403817
2026-06-03,4,179,179,-0.03735854401810662
2026-06-03,5,179,178,0.007096545145613066
2026-06-04,1,179,179,0.0017330231807932694
2026-06-04,2,179,179,-0.005641659809003769
2026-06-04,3,179,179,-0.015265877443989788
2026-06-04,4,179,179,0.005117245392951724
2026-06-04,5,179,179,-0.008072243567451558
2026-06-05,1,179,179,0.020930850477935952
2026-06-05,2,179,179,-4.575767643038727e-05
2026-06-05,3,179,179,-0.007818959715392988
2026-06-05,4,179,179,-0.003741939891231341
2026-06-05,5,179,179,0.010058044620536732
2026-06-08,1,179,179,0.008393902822683826
2026-06-08,2,178,178,-0.019980697534426495
2026-06-08,3,179,179,-0.0247669007803918
2026-06-08,4,178,178,-0.02082035989956156
2026-06-08,5,178,178,-0.022324411055795454
2026-06-09,1,179,179,-0.0040771392611108825
2026-06-09,2,179,179,-0.03199157019489954
2026-06-09,3,179,179,-0.0244297483920265
2026-06-09,4,179,179,-0.03120999107273176
2026-06-09,5,178,178,-0.04736042754608158
2026-06-10,1,179,179,0.017677007501593723
2026-06-10,2,178,178,-0.01735508842772653
2026-06-10,3,178,178,-0.01605319313826746
2026-06-10,4,178,178,-0.03485579173835187
2026-06-10,5,178,178,-0.04061415803865015
2026-06-11,1,179,179,-0.007804980596444638
2026-06-11,2,178,178,-0.013150098088892998
2026-06-11,3,178,178,-0.016433619604887338
2026-06-11,4,178,178,-0.03775381694586224
2026-06-11,5,178,178,-0.040675657995058526
2026-06-12,1,179,179,-0.03892743935611911
2026-06-12,2,178,178,-0.04771518294449194
2026-06-12,3,179,179,-0.06127465618998971
2026-06-12,4,178,178,-0.05980519289942878
2026-06-12,5,178,178,-0.07261815886872215
2026-06-15,1,179,179,-0.05215596457827133
2026-06-15,2,178,178,-0.04267262807608638
2026-06-15,3,179,179,-0.050057459440592984
2026-06-15,4,178,178,-0.050970460443065045
2026-06-15,5,178,178,-0.07716485118987307
2026-06-16,1,179,179,-0.060339293100644315
2026-06-16,2,178,178,-0.03315015320270167
2026-06-16,3,179,179,-0.029006771785554466
2026-06-16,4,178,178,-0.07244416202271582
2026-06-16,5,178,178,-0.06286371869928016
2026-06-17,1,179,179,-0.05637908972560681
2026-06-17,2,178,178,-0.02717004288315066
2026-06-17,3,179,179,-0.03999725698051042
2026-06-17,4,178,178,-0.04549758429166199
2026-06-17,5,178,178,-0.059196289176454024
2026-06-18,1,178,178,-0.07115899617508001
2026-06-18,2,178,178,-0.05780665401259353
2026-06-18,3,178,178,-0.05611244589765351
2026-06-18,4,178,178,-0.05781816924316849
2026-06-18,5,178,178,-0.0854548566665281
2026-06-22,1,179,179,-0.07714354235641391
2026-06-22,2,178,178,-0.0700655382019212
2026-06-22,3,179,179,-0.0730021557271278
2026-06-22,4,178,178,-0.07174506830858225
2026-06-22,5,178,178,-0.12459328452194153
2026-06-23,1,179,179,-0.05601625499151834
2026-06-23,2,178,178,-0.06922955585044649
2026-06-23,3,179,179,-0.05103384035656825
2026-06-23,4,178,178,-0.06695887105004322
2026-06-23,5,178,178,-0.10904494285703997
2026-06-24,1,178,177,-0.05573484534637379
2026-06-24,2,178,178,-0.0532625220164542
2026-06-24,3,178,178,-0.03609813232386068
2026-06-24,4,178,178,-0.0540750083948745
2026-06-24,5,178,178,-0.1007512025766029
2026-06-25,1,178,177,-0.05241275379091725
2026-06-25,2,178,178,-0.04909740243109326
2026-06-25,3,178,178,-0.0075940153062336695
2026-06-25,4,178,178,-0.048067444688697655
2026-06-25,5,177,177,-0.09282752447272763
2026-06-26,1,178,177,-0.05129904135840349
2026-06-26,2,177,176,-0.029347172361246232
2026-06-26,3,177,177,-0.024769309428374405
2026-06-26,4,177,177,-0.03406952368037176
2026-06-26,5,177,177,-0.08368310096231747
2026-06-29,1,177,176,-0.03850819569501707
2026-06-29,2,177,177,-0.018746398841087145
2026-06-29,3,177,177,-0.016481687457808702
2026-06-29,4,177,177,-0.020719132674261752
2026-06-29,5,176,176,-0.07328376249844909
2026-06-30,1,177,176,-0.04712396825261884
2026-06-30,2,176,176,-0.005733396957093628
2026-06-30,3,176,176,-0.022386522467861405
2026-06-30,4,176,176,-0.011990414638208269
2026-06-30,5,176,176,-0.08978255932594062
2026-07-01,1,178,178,-0.05049009284100474
2026-07-01,2,178,178,-0.004542613239333645
2026-07-01,3,178,178,-0.029870917125448256
2026-07-01,4,178,178,-0.011296681743465655
2026-07-01,5,177,177,-0.09064965675940602
2026-07-02,1,178,178,-0.05775887947318165
2026-07-02,2,177,177,-0.013450977845626766
2026-07-02,3,177,177,-0.01092072201884174
2026-07-02,4,177,177,-0.029006339288057566
2026-07-02,5,177,177,-0.09166383471151854
2026-07-03,1,178,178,-0.06331229123895063
2026-07-03,2,177,177,-0.016883645032455943
2026-07-03,3,177,177,-0.0075964032570084526
2026-07-03,4,177,177,-0.0227053630636781
2026-07-03,5,177,177,-0.078232866295236
2026-07-06,1,180,180,-0.02882346922730686
2026-07-06,2,180,180,-0.001366876197886991
2026-07-06,3,179,179,0.013395082951090898
2026-07-06,4,180,180,-0.03254266307146925
2026-07-06,5,179,179,-0.0485816022664896
2026-07-07,1,179,179,-0.0004721147820850986
2026-07-07,2,179,179,0.01871445080108381
2026-07-07,3,179,179,0.013587328699904318
2026-07-07,4,179,179,0.0005882126454034434
2026-07-07,5,179,179,-0.02981537074037245
2026-07-08,1,179,179,0.011806512323252923
2026-07-08,2,179,179,0.03152651088587721
2026-07-08,3,179,179,0.04826022923420867
2026-07-08,4,179,179,0.02728111742811353
2026-07-08,5,178,178,-0.0008499023258566205
2026-07-09,1,179,179,0.025629333572901064
2026-07-09,2,179,179,0.016338168037868413
2026-07-09,3,179,179,0.049341275149337775
2026-07-09,4,179,179,0.026618400172680107
2026-07-09,5,178,178,-0.0065128109936143375
2026-07-10,1,180,180,0.021212432827863444
2026-07-10,2,179,179,0.043411847733972705
2026-07-10,3,179,179,0.03711204978462912
2026-07-10,4,179,179,0.03452325004263613
2026-07-10,5,179,179,-0.002294223705252658
2026-07-13,1,179,179,0.06542661759216632
2026-07-13,2,179,179,0.05844214787255723
2026-07-13,3,179,179,0.07122137619913678
2026-07-13,4,179,178,0.06122367983733066
2026-07-13,5,179,179,0.0340273769034851
2026-07-14,1,179,179,0.04139590329177615
2026-07-14,2,179,179,0.02452801945440926
2026-07-14,3,179,179,0.05460851168894129
2026-07-14,4,179,178,0.0412218579109505
2026-07-14,5,179,179,0.03575963258237067
2026-07-15,1,180,180,0.059193309535924894
2026-07-15,2,180,180,0.032512284722630604
2026-07-15,3,180,180,0.06014981733631748
2026-07-15,4,180,180,0.04998597239489888
2026-07-15,5,179,178,0.04860447748613969
2026-07-16,1,181,181,0.04503025475066942
2026-07-16,2,180,180,0.03290187505551839
2026-07-16,3,180,180,0.03313497958005881
2026-07-16,4,180,179,0.046645336653342966
2026-07-16,5,180,180,0.030168985774064294
2026-07-17,1,180,180,0.08366896402444463
2026-07-17,2,179,179,0.06642809527664281
2026-07-17,3,180,179,0.05501157460822459
2026-07-17,4,179,179,0.06482858054615459
2026-07-17,5,179,179,0.06268051823356617
2026-07-20,1,180,180,0.13302001202964753
2026-07-20,2,180,180,0.09043309270225339
2026-07-20,3,179,178,0.07850647056220356
2026-07-20,4,180,180,0.07528083747953804
2026-07-20,5,179,179,0.07325186416850767
2026-07-21,1,179,179,0.09069540725014642
2026-07-21,2,179,179,0.08010874601388387
2026-07-21,3,179,178,0.06053419996592889
2026-07-21,4,179,179,0.0550882443966005
2026-07-21,5,179,179,0.05490858618076099
2026-07-22,1,179,179,0.07881869156735659
2026-07-22,2,179,179,0.06077708701630029
2026-07-22,3,179,178,0.047434462328939775
2026-07-22,4,179,178,0.033446076966398224
2026-07-22,5,179,178,0.04301371222989711
2026-07-23,1,180,180,0.06250263944900582
2026-07-23,2,179,179,0.0377572215407807
2026-07-23,3,179,179,0.03884341505772153
2026-07-23,4,179,177,0.03401135052970322
2026-07-23,5,179,179,0.047245007025911605
2026-07-24,1,179,179,0.08454328437754302
2026-07-24,2,178,178,0.06269966699331586
2026-07-24,3,179,178,0.05642227982681779
2026-07-24,4,178,178,0.05461719303874127
2026-07-24,5,178,177,0.07670367529897848
2026-07-27,1,180,180,0.03952781848860936
2026-07-27,2,179,179,0.03148970957611402
2026-07-27,3,180,180,0.023396410210009953
2026-07-27,4,179,178,0.02653667276870484
2026-07-27,5,179,179,0.05198115284042712
2026-07-28,1,180,180,0.06004063411703512
2026-07-28,2,180,180,0.03926392098597431
2026-07-28,3,179,178,0.02580721858050888
2026-07-28,4,180,179,0.045767758262635246
2026-07-28,5,179,179,0.06033733815542777
2026-07-29,1,181,181,0.056439477724093
2026-07-29,2,181,180,0.03597381595823517
2026-07-29,3,180,180,0.029276391716928578
2026-07-29,4,181,181,0.03833458785526682
2026-07-29,5,180,180,0.0545420106708166
2026-07-30,1,181,180,0.06861267093642014
2026-07-30,2,181,181,0.0504575833352579
2026-07-30,3,181,181,0.04796289544761426
2026-07-30,4,181,181,0.04294107710815129
2026-07-30,5,180,180,0.06530107483971002
2026-07-31,1,182,181,0.052376719503466465
2026-07-31,2,181,181,0.04100634558527732
2026-07-31,3,182,182,0.03738797896630209
2026-07-31,4,181,181,0.04178729708620998
2026-07-31,5,181,181,0.047846265163596684
2026-08-03,1,182,181,0.045282004226380415
2026-08-03,2,182,182,0.041009937910921196
2026-08-03,3,181,181,0.0262045806272675
2026-08-03,4,182,182,0.05192081375312726
2026-08-03,5,181,181,0.02817041557358716
2026-08-04,1,181,181,0.03270591008655593
2026-08-04,2,181,181,0.029639966937464627
2026-08-04,3,181,181,0.03798404971832539
2026-08-04,4,181,181,0.04367501557252855
2026-08-04,5,180,180,0.02376516292380856
2026-08-05,1,181,181,0.014176903409683028
2026-08-05,2,181,181,0.021758742579349653
2026-08-05,3,181,181,0.0217166515275951
2026-08-05,4,181,181,0.01509932800637859
2026-08-05,5,180,180,0.013618944890377859
2026-08-06,1,181,181,0.015778190714566553
2026-08-06,2,181,181,0.015067282765864274
2026-08-06,3,181,181,0.007155924532672291
2026-08-06,4,181,181,0.011556530098908755
2026-08-06,5,181,181,0.01283567617380747
2026-08-07,1,181,181,0.007441573634601687
2026-08-07,2,181,181,0.006267499200196164
2026-08-07,3,181,181,0.0077073251571127405
2026-08-07,4,181,181,-0.008803584012966674
2026-08-07,5,181,181,-0.003927334871501584
2026-08-10,1,182,182,0.0012865457988019005
2026-08-10,2,181,180,0.0035674722291769577
2026-08-10,3,182,182,-0.005166229378821309
2026-08-10,4,181,181,-0.005120232117336178
2026-08-10,5,181,181,0.004693448667450349
2026-08-11,1,181,181,0.014176940148012544
2026-08-11,2,181,181,0.010751891407643767
2026-08-11,3,181,181,0.012006365311727035
2026-08-11,4,181,181,0.0022857671980817083
2026-08-11,5,181,181,0.008932676982783147
2026-08-12,1,181,181,-0.0011667175878576196
2026-08-12,2,181,181,-0.005566568052515606
2026-08-12,3,181,181,0.0009345025166389165
2026-08-12,4,181,181,-0.0008683121214192003
2026-08-12,5,181,181,-0.02664047367728319
2026-08-13,1,182,182,0.00010206921298388278
2026-08-13,2,181,181,-0.008824430592437642
2026-08-13,3,182,182,0.0066767335357170565
2026-08-13,4,181,181,-0.0147368146089716
2026-08-13,5,181,181,-0.027246794250159488
2026-08-14,1,180,180,-0.002835744969598686
2026-08-14,2,180,180,-0.02301786604090301
2026-08-14,3,180,180,-0.020776034344849037
2026-08-14,4,180,179,-0.018479244020444773
2026-08-14,5,179,179,-0.04796665687568306
2026-08-17,1,181,181,-0.016067127788357522
2026-08-17,2,180,180,-0.015142071030494428
2026-08-17,3,181,179,-0.025095580303053217
2026-08-17,4,180,180,-0.0390769875420749
2026-08-17,5,180,180,-0.03731228953309191
2026-08-18,1,181,181,-0.018241685389208083
2026-08-18,2,180,180,-0.02156188410501399
2026-08-18,3,180,178,-0.027159924243697696
2026-08-18,4,180,180,-0.02971404344506442
2026-08-18,5,180,180,-0.04244758043858343
