date,assets_total,factor_count,factor_coverage,valid_pairs,ic,rank_ic,factor_mean,factor_std,factor_min,factor_max
2023-01-03,1000,904,0.904,904,0.16455411360048627,0.11840683593057603,-1.0217981819558963e-16,1.0000000000000002,-5.485215173980949,2.069439935071908
2023-01-04,1000,905,0.905,905,0.17104855624521323,0.15742490364052664,-5.103345615956521e-17,0.9999999999999997,-6.263804375902048,2.043148568503064
2023-01-05,1000,906,0.906,906,0.11088514381056826,0.1605967230049934,0.0,0.9999999999999999,-6.2377215994348205,1.8221170574652
2023-01-06,1000,906,0.906,905,0.13728732902411742,0.23399088598504192,-5.4898445367778163e-17,0.9999999999999987,-5.9345253712989186,1.6041872920547733
2023-01-09,1000,905,0.905,905,0.1707289410258451,0.22202738041422157,-9.4215611371505e-17,0.9999999999999996,-6.112542454676554,1.4349317308813947
2023-01-10,1000,905,0.905,905,0.2009045694329619,0.25002985665378064,-2.355390284287625e-17,0.9999999999999997,-6.152070742211828,1.4085081678892464
2023-01-11,1000,903,0.903,902,0.2037480920411904,0.26052264636669814,-4.7212141910970113e-17,1.0,-6.106475235839877,1.4461377606163435
2023-01-12,1000,902,0.902,902,0.24233507558732068,0.30832611485362954,-1.575482784390466e-17,1.0000000000000002,-5.858382920613031,1.4903933882998643
2023-01-13,1000,902,0.902,902,0.2728153257369282,0.3142539513959133,2.363224176585699e-17,0.9999999999999997,-6.546878427349711,1.6058878787984834
2023-01-16,1000,905,0.905,905,0.22598688387810584,0.2628680608905341,-2.355390284287625e-17,1.000000000000001,-6.069513980187462,1.6402236837318411
2023-01-17,1000,906,0.906,906,0.2063813080647578,0.26015372168284817,-7.842635052539737e-18,1.0000000000000013,-6.2514689415192395,1.751070783457643
2023-01-18,1000,909,0.909,909,0.16316441634219267,0.23524203980732805,-1.0943452475953138e-16,1.0,-6.576730338851499,1.6939229750951286
2023-01-19,1000,907,0.907,907,0.12314543133669445,0.2168654649630323,-3.133595306549505e-17,1.0000000000000002,-6.1299163863536315,1.5736269607171036
2023-01-20,1000,912,0.912,912,0.16042873575259506,0.22494513502039243,0.0,1.0000000000000004,-5.60638391070222,1.6205903335365759
2023-01-30,1000,913,0.913,913,0.1295295291796738,0.19600484966326479,4.669503192289815e-17,0.9999999999999994,-4.917028056416875,1.701214657624969
2023-01-31,1000,914,0.914,914,0.18377302747989482,0.2316454987492663,2.332197163326368e-17,0.9999999999999992,-6.0502570479453235,1.6646985864638504
2023-02-01,1000,916,0.916,916,0.19276389073330058,0.2293634281315147,6.981315089345963e-17,0.9999999999999992,-6.177368455377502,1.5433412799976736
2023-02-02,1000,917,0.917,917,0.17554913229183616,0.20007307125291257,7.748557641876774e-18,1.0000000000000007,-6.28005828179962,1.5075339394140905
2023-02-03,1000,919,0.919,918,0.16081958347621636,0.15230761187460776,1.0051203008575954e-16,1.0000000000000009,-5.68995577411198,1.6406958446419393
2023-02-06,1000,918,0.918,917,0.14598972159950813,0.15638245028385467,5.418081863094446e-17,0.9999999999999999,-6.036601645838795,1.853621706069906
2023-02-07,1000,919,0.919,918,0.1657341376627276,0.15230463972852648,7.731694621981504e-17,1.0000000000000016,-5.845606377408919,2.069226502281582
2023-02-08,1000,919,0.919,918,0.11112517694680564,0.1720031854586426,7.731694621981504e-17,0.9999999999999999,-6.128438135325021,1.7358935936547784
2023-02-09,1000,921,0.921,920,0.12225694810934941,0.16310192233742257,-6.94341435596189e-17,0.9999999999999999,-6.060658213342786,2.005282501333273
2023-02-10,1000,921,0.921,921,0.09182337134669244,0.14443348705176204,5.4004333879703597e-17,1.0000000000000013,-6.089143253592475,2.3094216502530673
2023-02-13,1000,920,0.92,920,0.09031054060993797,0.17257776407094494,3.089316242435218e-17,1.0000000000000004,-5.73312822571439,2.1114707792158964
2023-02-14,1000,921,0.921,921,0.08628813642614529,0.1420760086808499,-1.0800866775940719e-16,0.9999999999999994,-5.6681547988644505,1.8252413539345347
2023-02-15,1000,922,0.922,922,0.12299632874872525,0.14532376338915112,-4.6239223585255976e-17,1.0000000000000002,-5.9293231254797325,2.377262003045491
2023-02-16,1000,922,0.922,922,0.10724193442805724,0.1410069095245694,-6.935883537788397e-17,0.9999999999999979,-5.65049798347283,2.6136031460067897
2023-02-17,1000,922,0.922,922,0.08802860008209326,0.1601051251833986,0.0,0.9999999999999987,-5.569973026084174,2.198660579486934
2023-02-20,1000,926,0.926,926,0.09845600920879374,0.2026483913609495,6.138598149115337e-17,1.0,-5.674580006984299,2.0782551732754975
2023-02-21,1000,931,0.931,931,0.08963048904512891,0.19194346487959182,8.395241775898069e-17,1.0000000000000002,-5.909237713421442,2.061891240436274
2023-02-22,1000,930,0.93,930,0.07394295668081893,0.19708771588093207,-3.820122235269356e-17,1.0000000000000002,-6.935296573677657,1.8081416165430344
2023-02-23,1000,929,0.929,929,0.07311502623245142,0.1876571978843704,6.883621767320669e-17,1.0000000000000004,-5.865145785806432,1.9959325714459124
2023-02-24,1000,929,0.929,929,0.03355621681555972,0.20399717924527544,2.2945405891068898e-17,1.0000000000000004,-6.499717105409545,1.801691315411141
2023-02-27,1000,924,0.924,924,0.03596513908685501,0.16550009815840955,7.689856447620132e-18,0.9999999999999996,-5.641418820129841,2.228471254257824
2023-02-28,1000,927,0.927,927,0.025943440650671303,0.1815635057767049,2.2994910542398065e-17,0.9999999999999992,-6.732342497938772,2.140387814530178
2023-03-01,1000,930,0.93,930,-0.024697952071536605,0.1245840088426514,-1.5280488941077423e-17,1.0000000000000004,-7.018782716310252,2.2196035939427596
2023-03-02,1000,930,0.93,930,0.032758126812486466,0.1259408902220265,-7.640244470538712e-18,0.9999999999999982,-6.323736961340727,2.5419538848162455
2023-03-03,1000,931,0.931,930,0.0360762512967433,0.14353459980985322,-2.6712132923312036e-17,0.9999999999999987,-5.791550772197349,2.0623361197961345
2023-03-06,1000,929,0.929,929,0.00821818602590561,0.1272233069344223,7.6484686303563e-17,0.9999999999999998,-5.568114224360334,2.259263576743475
2023-03-07,1000,927,0.927,927,-0.004629830468648183,0.09700066753080087,-6.898473162719419e-17,1.0000000000000007,-6.375301295482813,2.0996081054512716
2023-03-08,1000,928,0.928,928,0.026867300123748522,0.12195125357158938,-6.125368411725002e-17,1.0,-6.898738093839745,1.8951728771063026
2023-03-09,1000,928,0.928,928,0.029677034818815336,0.10232550080088942,-3.062684205862501e-17,1.0000000000000004,-6.681246114284016,2.080082215393477
2023-03-10,1000,923,0.923,923,0.025681882695935358,0.0974502087794791,1.539637563943879e-17,0.9999999999999989,-6.4517874713328185,1.812336795679149
2023-03-13,1000,922,0.922,922,-0.022925591271733815,0.08839482781439917,5.3945760849465304e-17,0.9999999999999993,-5.572014606858769,2.455212786403362
2023-03-14,1000,922,0.922,922,-0.03615238963092186,0.09445279516723869,2.6972880424732652e-17,0.9999999999999991,-5.8911848584042845,2.270461405480472
2023-03-15,1000,925,0.925,925,-0.039614138705025365,0.025152840109672305,4.608925853579028e-17,0.9999999999999998,-5.889584939979023,2.1060657284256035
2023-03-16,1000,921,0.921,920,-0.05767084496715325,0.038261538919410164,-1.1572357259936486e-17,0.9999999999999992,-5.353183576411747,1.8148735226938786
2023-03-17,1000,922,0.922,922,-0.08192347597130886,-0.029105501021323994,7.70653726420933e-17,0.999999999999999,-5.5711507184033495,2.3506043980092723
2023-03-20,1000,921,0.921,921,-0.11814038721778435,-0.06401479232580277,7.329159597959773e-17,0.9999999999999998,-5.745564139339804,2.2780860559308547
2023-03-21,1000,922,0.922,922,-0.05630030423360071,-0.007426420451738895,3.853268632104665e-17,1.0000000000000002,-5.91058656169474,2.2981805261189785
2023-03-22,1000,923,0.923,923,-0.08680780028480868,-0.02369614638433707,3.8490939098596976e-17,0.9999999999999997,-6.014914816189225,2.267776333373243
2023-03-23,1000,921,0.921,921,-0.06676675316722464,-0.05717812135820223,2.314471451987297e-17,1.0,-5.362205687592022,2.715352876744684
2023-03-24,1000,924,0.924,924,-0.004544486182274457,-0.05809880481523829,-3.075942579048053e-17,0.9999999999999993,-6.109301982390282,2.665591824078655
2023-03-27,1000,918,0.918,918,0.0043066422215509905,-0.035364438016859095,-7.74011694727778e-18,1.0000000000000009,-5.299051152279246,2.5530664439996396
2023-03-28,1000,917,0.917,914,0.006839076591602998,-0.048437518908363716,7.748557641876774e-18,1.0000000000000002,-6.1542098394313,2.3574518147495405
2023-03-29,1000,912,0.912,910,0.05189061594323966,0.0016656160274823397,2.337311630789803e-17,1.0000000000000007,-5.925317004520031,2.3580401564202997
2023-03-30,1000,910,0.91,908,0.036659929588858026,0.01636681236399175,4.6848971588578034e-17,0.9999999999999993,-5.7955883963806905,2.2343773711588137
2023-03-31,1000,908,0.908,907,-0.005129246089561073,-0.05301857018758164,1.5650721051984587e-17,1.0000000000000004,-5.653765739531574,2.1719821538912494
2023-04-03,1000,910,0.91,909,0.03849383344388145,0.005118060997436553,-1.5616323862859345e-17,0.9999999999999994,-5.686877757828362,2.3051972358872357
2023-04-04,1000,911,0.911,910,0.03544555654170066,-0.0054876940495057255,-7.799590952361144e-18,1.0000000000000007,-5.932515600449877,2.3548963149154853
2023-04-06,1000,911,0.911,909,0.07331847626229081,0.035978110952799985,3.1198363809444576e-17,0.9999999999999994,-6.011696032616731,2.4201402408707544
2023-04-07,1000,911,0.911,909,0.09714103775905725,0.06430582110348326,7.799590952361144e-18,0.9999999999999994,-5.795893746119259,2.392314141047596
2023-04-10,1000,909,0.909,907,-0.0033070121456967314,0.019744597157878328,-3.908375884268978e-17,0.9999999999999996,-5.98070495176897,2.3891336662612677
2023-04-11,1000,911,0.911,909,0.035765236338384174,0.030822545882968035,1.5599181904722288e-17,0.9999999999999999,-5.969005323684244,2.55896783776324
2023-04-12,1000,916,0.916,915,0.027233311124361503,0.017751529805863184,2.3271050297819874e-17,1.0,-5.790013419158178,2.89771180650747
2023-04-13,1000,917,0.917,916,0.06732358702679402,0.05121323916157237,0.0,1.0000000000000004,-5.0376339795621945,2.7039494423733634
2023-04-14,1000,917,0.917,915,0.009126201384103453,-0.004084521023985595,2.3245672925630322e-17,1.0,-6.224953797134911,2.466195029334891
2023-04-17,1000,917,0.917,916,-0.005886947944513643,-0.0005507132471938963,-1.1622836462815161e-17,0.9999999999999998,-6.020958865600839,2.1244571296197914
2023-04-18,1000,917,0.917,916,0.028700404127449997,0.03272993039892365,1.549711528375355e-17,0.9999999999999988,-6.456858650476501,1.9489802503057763
2023-04-19,1000,915,0.915,914,0.09584674110553136,0.041077113884787395,-3.8827471899459027e-17,0.9999999999999993,-6.013609006983688,2.3940813776245866
2023-04-20,1000,915,0.915,915,0.12542489366964263,0.04874554587702621,-1.553098875978361e-17,1.0000000000000002,-6.1251981890318055,2.5578219159231934
2023-04-21,1000,911,0.911,911,0.08605956427297616,0.1150115007183584,1.5599181904722288e-17,1.0000000000000007,-6.216948399000158,2.2826751864240125
2023-04-24,1000,911,0.911,911,0.07714834751674657,0.10508700494113533,4.289775023798629e-17,0.9999999999999988,-6.4934866769037765,2.3322236621981793
2023-04-25,1000,911,0.911,911,0.03971715116432213,0.11065471878632661,6.629652309506971e-17,0.9999999999999994,-5.937290671530248,2.859916495153216
2023-04-26,1000,912,0.912,910,0.08231091354648871,0.12735803466069412,3.5059674461847047e-17,0.9999999999999984,-6.7393815695581365,2.9514845415711144
2023-04-27,1000,910,0.91,909,-0.019352429346547587,0.08133280814340112,-3.904080965714836e-18,0.9999999999999991,-6.328184562982088,2.7136332373738843
2023-04-28,1000,913,0.913,912,0.027194597692888598,0.086820146600753,-1.1673757980724537e-17,1.0000000000000002,-6.694382714788768,3.283385536356907
2023-05-04,1000,913,0.913,913,0.04180276041350323,0.13431219251035204,-2.7238768621690587e-17,1.0,-6.568243395202242,3.3691901731365177
2023-05-05,1000,913,0.913,913,0.0692487084768159,0.14651280779229742,4.669503192289815e-17,1.0000000000000013,-6.6921597643815645,2.9331705964444366
2023-05-08,1000,917,0.917,917,0.08266329056299741,0.12591451657032385,-3.09942305675071e-17,0.9999999999999997,-6.2245714548890065,2.732389465972238
2023-05-09,1000,916,0.916,915,0.08820935739271257,0.1142790960046867,3.878508382969979e-18,1.0,-6.358494612457409,2.8200664205979282
2023-05-10,1000,915,0.915,914,0.06719100803349355,0.07436306152725534,3.882747189945903e-18,0.9999999999999996,-5.737346368671855,2.928834633239208
2023-05-11,1000,916,0.916,915,0.020088613882543724,0.08188384755496969,-1.9392541914849895e-17,1.0000000000000007,-6.260455446273733,3.1963642848454907
2023-05-12,1000,914,0.914,913,0.0056539357618946165,0.07561076006033658,-1.9434976361053068e-17,0.9999999999999999,-7.0949804059602295,2.9287856225663353
2023-05-15,1000,915,0.915,914,-0.006046829975421602,0.07784490143467458,1.553098875978361e-17,0.9999999999999993,-7.055479890272641,2.942586190976823
2023-05-16,1000,913,0.913,912,-0.030826003212300262,0.07850960699125688,-3.11300212819321e-17,1.0,-5.989417479182356,2.6232139522817377
2023-05-17,1000,912,0.912,910,-0.032385918413558534,0.12525784562388886,-7.791038769299344e-17,1.0000000000000016,-6.337737379637053,1.9112176443102422
2023-05-18,1000,911,0.911,909,-0.12238149344781175,0.08301898289728593,-3.899795476180572e-17,0.999999999999999,-5.552129725340544,2.1699438340544015
2023-05-19,1000,908,0.908,907,-0.17460576302151787,0.055753295469105825,1.5650721051984587e-17,0.9999999999999992,-5.745910856131127,1.9121591567317189
2023-05-22,1000,907,0.907,906,-0.17682032728517735,0.024765243694466033,-3.525294719868193e-17,1.0000000000000007,-5.891003794124583,2.155518047903729
2023-05-23,1000,904,0.904,904,-0.1610117154298717,0.04196565743535847,-3.1439944060181424e-17,1.000000000000001,-5.9235220035687455,1.7827691868773712
2023-05-24,1000,904,0.904,904,-0.10511041445019471,0.06478933488663403,2.3579958045136068e-17,0.9999999999999993,-6.076436065831091,1.9491173369318842
2023-05-25,1000,904,0.904,904,-0.14002816251806177,0.049842301115611796,3.1439944060181424e-17,0.9999999999999996,-5.9840739044308515,1.939494969367465
2023-05-26,1000,905,0.905,905,-0.12031904639645466,0.04268117233090809,-3.9256504738127085e-18,1.0000000000000004,-5.737222764594872,1.5304627597329312
2023-05-29,1000,903,0.903,903,-0.10844597984875132,0.020015506494545508,1.0229297414043524e-16,0.9999999999999998,-5.867438426933807,1.953643745060006
2023-05-30,1000,902,0.902,902,-0.050972549489116364,0.09257070027728923,3.150965568780932e-17,1.0,-5.70574827425577,2.1111026396059
2023-05-31,1000,900,0.9,900,-0.10100678559071459,0.06112205076796391,7.894919286223335e-18,1.0,-6.113777855724221,2.1343548364307625
2023-06-01,1000,901,0.901,900,-0.0022327894529640792,0.01905981032321483,-4.731694133807548e-17,1.0,-6.054323399313607,2.495495248216163
2023-06-02,1000,901,0.901,900,-0.019241650721406246,0.07941983500152403,-2.365847066903774e-17,0.999999999999999,-6.240477863878957,2.4004030493787263
2023-06-05,1000,899,0.899,898,0.0042742274681756235,0.05882022200394531,5.137405764672582e-17,0.9999999999999997,-6.350821626082566,2.404499653354006
2023-06-06,1000,897,0.897,897,-0.05954087770532716,0.053451022898325144,-3.960661849275921e-17,1.0000000000000016,-6.669987717006122,3.06644315511551
2023-06-07,1000,896,0.896,895,-0.028729605421593474,0.05019293359005837,-3.172065784643304e-17,0.9999999999999999,-6.436769742465106,2.887980841809608
2023-06-08,1000,897,0.897,897,0.029324794096656732,0.10126017161989707,3.960661849275921e-17,1.0000000000000004,-6.241106769288531,2.6808400969218855
2023-06-09,1000,895,0.895,895,0.05239895815190843,0.16614567706511787,-3.9695124902798894e-17,1.0000000000000013,-6.088405234583317,2.5218576043502337
2023-06-12,1000,896,0.896,896,0.07956718377151298,0.08989303241725029,-4.7580986769649563e-17,1.0000000000000002,-6.110926528418068,2.305176210497301
2023-06-13,1000,898,0.898,898,0.04517457036716816,0.0568959300699769,1.582500525078174e-17,0.9999999999999999,-7.163635243348368,2.379649629199151
2023-06-14,1000,895,0.895,895,0.08460464640326901,0.06767804117833834,-3.175609992223911e-17,1.0,-5.830311688300843,2.2616386738213983
2023-06-15,1000,896,0.896,896,0.04578825049115026,0.14086501760323716,-2.3790493384824782e-17,1.0000000000000004,-5.984750944612536,2.2899982922517053
2023-06-16,1000,898,0.898,898,0.13153492600891012,0.17344148928550127,-4.7475015752345225e-17,0.9999999999999998,-5.837145653869839,2.270295403328101
2023-06-19,1000,898,0.898,898,0.14321251627643436,0.13919093340403252,-7.91250262539087e-18,0.9999999999999997,-5.883967718650206,2.565437984766201
2023-06-20,1000,898,0.898,898,0.22692929046681093,0.12276104741531947,-3.165001050156348e-17,0.9999999999999987,-6.584785991398098,2.068864834646152
2023-06-21,1000,900,0.9,900,0.21440616202783078,0.13709766719876612,-2.3684757858670008e-17,1.0,-6.374392085342176,2.0845867577556367
2023-06-26,1000,901,0.901,901,0.1987369509428054,0.13594215624632722,-2.365847066903774e-17,0.9999999999999999,-6.12111419037936,2.107386504248841
2023-06-27,1000,904,0.904,904,0.21171063750099312,0.12049722555299563,3.929993007522678e-17,1.0000000000000004,-6.348899238222992,2.0387329182285723
2023-06-28,1000,902,0.902,902,0.2436706678476353,0.12619022902716326,-3.5448362648785484e-17,0.9999999999999998,-7.226542243729912,1.8733321538228114
2023-06-29,1000,902,0.902,902,0.23706389162742372,0.14495678522714028,0.0,1.0000000000000009,-6.391918740465544,2.162985475709895
2023-06-30,1000,906,0.906,906,0.27763491872514445,0.14473105844662645,-7.058371547285764e-17,0.9999999999999986,-6.024542842994418,2.2417947594492746
2023-07-03,1000,907,0.907,906,0.3058616537049053,0.16819490317944727,-1.5667976532747524e-17,0.9999999999999994,-5.929136434088781,2.196166878985664
2023-07-04,1000,906,0.906,906,0.27732206118077973,0.1247522617324534,3.529185773642882e-17,1.0000000000000002,-5.8828333704337865,1.9945772925299117
2023-07-05,1000,900,0.9,900,0.2431002832100751,0.15373232843931756,-2.3684757858670008e-17,0.9999999999999993,-5.96394908756484,2.475773223656091
2023-07-06,1000,899,0.899,899,0.2811687123935939,0.1539341754298819,-2.7662954117467748e-17,0.9999999999999983,-6.808393770496229,1.9582370781766805
2023-07-07,1000,901,0.901,901,0.2581219661177474,0.14285460400111,-2.7601549113877367e-17,0.9999999999999989,-7.138956713229449,1.7827682429167344
2023-07-10,1000,900,0.9,900,0.23271161338240667,0.17345502996251225,-5.921189464667501e-17,0.9999999999999988,-6.579220035757459,1.784891445365747
2023-07-11,1000,900,0.9,900,0.2353442976405577,0.1233364099489919,-1.578983857244667e-17,1.0000000000000007,-6.142380004148484,1.8455505233354192
2023-07-12,1000,897,0.897,897,0.23934355903289023,0.1160261013464083,2.3763971095655524e-17,0.999999999999999,-6.301646266428308,1.9789362152493482
2023-07-13,1000,899,0.899,899,0.23336714526886954,0.08968848220564327,6.322960941135485e-17,1.0,-6.181200428391642,1.9699470509857198
2023-07-14,1000,897,0.897,897,0.2560335773940048,0.08421499284414392,-1.5842647397103683e-17,0.9999999999999993,-5.755632203483751,2.2960317907897423
2023-07-17,1000,897,0.897,897,0.21615402933497055,0.05215996401329627,7.921323698551841e-18,0.9999999999999992,-6.331193130252411,2.0638135801103314
2023-07-18,1000,897,0.897,897,0.1812029048573539,0.008718078256517362,-5.148860404058697e-17,1.0000000000000004,-5.65178425067326,1.843089309741817
2023-07-19,1000,896,0.896,896,0.1796448097198416,0.012109816545216931,-4.3615904538845435e-17,1.0000000000000002,-6.154130013300403,1.7828361907265182
2023-07-20,1000,895,0.895,895,0.12949847551737934,0.036538834256489704,-5.557317486391845e-17,1.0000000000000002,-5.908696632639416,1.817371832017067
2023-07-21,1000,897,0.897,897,0.12313073674314638,-0.0025400516193955524,-1.5842647397103683e-17,0.9999999999999994,-6.443332324249027,1.806335152683624
2023-07-24,1000,896,0.896,896,0.1715155616963965,0.04549952871462646,5.551115123125783e-17,0.9999999999999996,-6.031020155498845,1.7648086907009093
2023-07-25,1000,900,0.9,900,0.09620434813543446,0.058229602909123955,-7.894919286223335e-18,1.0000000000000002,-5.9565090319687135,2.0130159338728384
2023-07-26,1000,908,0.908,908,0.04919831473028592,0.09237641255691677,9.390432631190752e-17,1.0000000000000002,-6.03641550939436,1.9076298444589195
2023-07-27,1000,909,0.909,909,0.07973109980758418,0.06329636643879089,7.816751768537955e-18,0.9999999999999998,-6.214787816974258,1.7537811331393454
2023-07-28,1000,911,0.911,911,0.04424014073169137,0.053823693606001435,3.1198363809444576e-17,1.0,-5.301952909787569,1.8150497670683052
2023-07-31,1000,913,0.913,912,0.058902555690553256,0.06847438812979725,-3.8912526602415124e-18,0.999999999999999,-5.406070900843227,1.7625652098097704
2023-08-01,1000,913,0.913,912,0.04599506540258193,0.07466966831080565,8.949881118555479e-17,1.0000000000000007,-5.749208963378668,1.5414735007159117
2023-08-02,1000,916,0.916,915,0.041764678923106556,0.08153125373942668,-1.2605152244652432e-17,0.9999999999999992,-5.642515165948387,1.5067535553747238
2023-08-03,1000,915,0.915,914,0.017010959821033175,0.04490529799804419,-9.706867974864757e-18,0.9999999999999996,-6.101700125523784,1.9899761912535843
2023-08-04,1000,918,0.918,917,0.04038001722653502,0.04604404128947195,-7.643365485436808e-17,1.0000000000000004,-5.912946169497498,2.3992763461345614
2023-08-07,1000,919,0.919,918,0.048968643341045844,-0.001699462962475501,-3.865847310990752e-18,0.9999999999999993,-5.612335659476728,1.753932342692242
2023-08-08,1000,919,0.919,918,0.09078262210597288,0.025413891565893514,8.504864084179654e-17,0.9999999999999986,-6.499534696373524,1.8163595490272684
2023-08-09,1000,921,0.921,920,0.06744834249068822,0.06170932549629514,-1.928726209989414e-17,0.9999999999999996,-6.506862359732898,1.5274897501480664
2023-08-10,1000,920,0.92,919,0.03679692925168327,0.056041146447079436,-9.847195522762258e-17,0.9999999999999996,-6.081809606192841,1.6375494799370622
2023-08-11,1000,915,0.915,914,0.03464966744081802,0.02238064342973731,-8.542043817880986e-17,1.0000000000000002,-6.471325402334359,1.7412323040459796
2023-08-14,1000,916,0.916,916,0.05514397322696858,0.04317232580930024,6.981315089345963e-17,1.0,-6.080292682633819,1.6799299645014016
2023-08-15,1000,912,0.912,912,0.006477163080724691,0.058780457099288246,-6.622382953904442e-17,1.0,-6.768833907235799,1.4305825179278844
2023-08-16,1000,913,0.913,913,0.031092704080477557,0.003982293281903681,-9.728131650603781e-17,0.9999999999999996,-6.486817772263933,1.6352053248750775
2023-08-17,1000,915,0.915,915,0.05575178588087804,-0.004220348578595897,-5.047571346929674e-17,1.0000000000000013,-5.812891735425971,1.6275106435848081
2023-08-18,1000,913,0.913,913,0.035173773078877243,0.049282771453944094,3.8912526602415124e-18,0.9999999999999992,-5.708727470881992,3.1188764864644334
2023-08-21,1000,913,0.913,913,0.044526248595513844,-0.022160133477449384,-8.171630586507176e-17,1.0000000000000002,-5.802905572187294,1.496341695368607
2023-08-22,1000,912,0.912,912,0.12154191228777099,-0.026808403926226965,6.232831015439475e-17,0.9999999999999988,-6.082290039551338,3.308074658213183
2023-08-23,1000,912,0.912,912,0.10425947763940951,-0.018491445205404945,-1.1686558153949016e-17,0.9999999999999993,-6.4863103745033355,3.478258044453797
2023-08-24,1000,913,0.913,913,0.08341465152418114,-0.0003225685434207517,-8.560755852531328e-17,1.0000000000000002,-6.548353782904524,3.529473513317066
2023-08-25,1000,910,0.91,910,0.02783385503573073,-0.003940518128503618,-3.5136728691433524e-17,1.0000000000000004,-6.442639986430697,3.442996214032709
2023-08-28,1000,913,0.913,912,-0.005380412603623958,0.03728467447750127,-1.0506382182652084e-16,1.0000000000000007,-5.766011999745578,3.2678635468666957
2023-08-29,1000,915,0.915,915,0.04997225386872471,-0.00926416850692749,-1.0871692131848527e-16,1.0,-5.710623587745354,3.3361679939451903
2023-08-30,1000,914,0.914,914,-0.037132227213521815,-0.07527559048188381,3.8869952722106136e-17,0.9999999999999979,-5.981582756509929,3.30014018421352
2023-08-31,1000,911,0.911,911,-0.005648727977898521,0.022817966212106255,-4.679754571416686e-17,0.9999999999999998,-5.606772764320491,2.922127034593913
2023-09-01,1000,909,0.909,909,-0.016740120144826173,0.05474237748240751,-3.908375884268978e-18,0.9999999999999986,-6.089042355646619,2.0904975701508848
2023-09-04,1000,912,0.912,912,0.006238663385867334,0.0488835386431811,-3.895519384649672e-17,0.9999999999999998,-5.268964933413553,2.421750986871506
2023-09-05,1000,913,0.913,913,-0.08772640989739833,0.03546122304971862,-3.8912526602415124e-18,0.9999999999999993,-5.956733811077517,3.237726032657539
2023-09-06,1000,915,0.915,915,-0.06058051629455463,0.003097935292005243,-2.3296483139675416e-17,1.0,-6.267508713337737,2.6394616837071063
2023-09-07,1000,913,0.913,913,-0.07946025283125091,-0.008488345790222241,1.556501064096605e-17,1.0000000000000002,-6.740353679089757,3.4987641719521845
2023-09-08,1000,911,0.911,911,-0.07896407361497364,-0.01587901674320172,7.799590952361144e-18,0.9999999999999997,-6.362200981419803,2.2821561763423888
2023-09-11,1000,912,0.912,912,-0.1485699223827938,-0.04325002158593727,1.5582077538598687e-17,1.0000000000000002,-6.135304731115174,3.0724671045046805
2023-09-12,1000,912,0.912,912,-0.1149802088180976,-0.04937832911979214,-1.0907454277019081e-16,0.9999999999999986,-6.1025595370460355,2.5070984224472683
2023-09-13,1000,911,0.911,911,-0.06417352825465437,-0.024764891762340348,4.679754571416686e-17,0.9999999999999999,-6.289749469186063,3.2997135608109667
2023-09-14,1000,912,0.912,912,-0.03212902322847302,0.021971497061762307,-4.674623261579606e-17,1.0000000000000002,-6.033684236820854,3.2111809714826345
2023-09-15,1000,913,0.913,913,-0.07160320334285013,-0.04553144543768416,6.22600425638642e-17,1.0000000000000002,-6.464601136946028,3.433643001542307
2023-09-18,1000,912,0.912,912,-0.07946256302317975,-0.06507913939176974,-3.895519384649672e-18,1.0000000000000002,-6.63549636317619,3.413027787515321
2023-09-19,1000,912,0.912,912,-0.2144634860195444,0.009609061997431511,1.5582077538598687e-17,0.9999999999999994,-6.546930018049497,2.540357825026249
2023-09-20,1000,912,0.912,912,-0.170263538365712,0.041968461198068005,-3.895519384649672e-18,0.9999999999999991,-7.125969444186311,2.2790233356237093
2023-09-21,1000,912,0.912,912,-0.12405902072262472,0.03732450671950573,5.4537271385095406e-17,0.9999999999999989,-7.1302549470490435,3.8218396895797637
2023-09-22,1000,911,0.911,911,-0.165721871715872,0.04321273846712059,-7.799590952361144e-18,1.000000000000001,-6.33563106597708,2.3296262111748303
2023-09-25,1000,910,0.91,910,-0.10734323139374984,0.04986362613686156,3.904080965714836e-18,0.9999999999999986,-6.92721824929878,1.9565089324678617
2023-09-26,1000,910,0.91,910,-0.03834139595504436,0.0917852747877408,4.29448906228632e-17,1.000000000000001,-6.498714033306226,1.9071278555826776
2023-09-27,1000,908,0.908,908,-0.09012349125198002,0.09311362357124081,-3.9126802629961466e-17,0.9999999999999996,-5.768181381607323,1.9028374651310023
2023-09-28,1000,908,0.908,908,-0.06445311022201769,0.05558364776556526,3.9126802629961466e-17,0.9999999999999997,-5.938357222968798,1.9329200709900511
2023-10-09,1000,908,0.908,908,0.026344931008341205,0.07242142920365542,-2.347608157797688e-17,1.0000000000000002,-6.603469358007266,2.3601652221760183
2023-10-10,1000,907,0.907,907,0.01253617329343606,0.09106547947949757,7.833988266373761e-17,1.0,-6.11979566015416,2.140119734579089
2023-10-11,1000,907,0.907,907,-0.048881453454737746,0.13316411774383705,3.9169941331868806e-17,1.0,-6.468018507920214,2.3106313658897863
2023-10-12,1000,907,0.907,907,-0.07221747017803867,0.06955784716309472,2.3501964799121286e-17,0.9999999999999993,-6.49861193404861,1.9932971224325016
2023-10-13,1000,908,0.908,908,0.06615853938631981,0.07948547610969253,-1.5650721051984587e-17,1.0000000000000002,-6.521957086432656,2.3063927100052597
2023-10-16,1000,907,0.907,907,0.08025453799913884,0.10786128875096024,5.483791786461633e-17,0.9999999999999999,-6.9031068327633305,1.9150698730972562
2023-10-17,1000,909,0.909,909,-0.008094319541178717,0.1223554839332777,-1.563350353707591e-17,1.0,-6.229484574357854,1.9536718435725837
2023-10-18,1000,910,0.91,909,0.033552025474564186,0.12542574659013195,-3.123264772571869e-17,1.0000000000000002,-6.4754899394525545,1.8108890259402015
2023-10-19,1000,908,0.908,907,-0.07696198861633938,0.06463098571108385,-2.347608157797688e-17,1.0,-5.9845163478719385,1.7815823509021629
2023-10-20,1000,908,0.908,907,-0.045592797780769544,0.10237603676785294,7.825360525992294e-18,0.9999999999999999,-5.606956157503769,1.4980865188356416
2023-10-23,1000,904,0.904,904,-0.002074975984516072,0.13847311930648357,-1.5719972030090712e-17,1.0000000000000002,-5.5310146708692365,1.5465291232744338
2023-10-24,1000,906,0.906,906,0.011226729923504507,0.12632801762750687,-7.842635052539737e-18,0.9999999999999999,-5.732439219762701,1.7289071022132885
2023-10-25,1000,910,0.91,910,0.029821901677133677,0.1299322930876117,6.246529545143738e-17,0.9999999999999996,-5.728703361152565,1.6535161167664787
2023-10-26,1000,909,0.909,909,0.022473705148538876,0.12331205524835229,9.380102122245547e-17,0.9999999999999997,-5.991809678247051,2.007634196416529
2023-10-27,1000,913,0.913,913,0.05824873297930531,0.14305576853504176,1.3230259044821142e-16,1.0000000000000007,-5.756952696108195,1.7336166340754084
2023-10-30,1000,912,0.912,912,0.02391556795216115,0.15353855473595604,1.1686558153949016e-17,0.9999999999999991,-5.613178795540373,1.622971898582714
2023-10-31,1000,913,0.913,913,-0.00263447524607274,0.2165640259613837,-2.3347515961449075e-17,0.9999999999999998,-5.2899666189598555,1.617979365427066
2023-11-01,1000,913,0.913,912,0.0184850843886407,0.21850850830060034,-3.11300212819321e-17,0.9999999999999999,-5.414844575207999,1.618112065641548
2023-11-02,1000,914,0.914,913,0.007085866799391513,0.1847158725733601,-4.664394326652736e-17,0.9999999999999996,-6.794984888598149,1.5750363227778537
2023-11-03,1000,912,0.912,910,-0.031224853999737016,0.16687360571133125,-3.1164155077197375e-17,1.0000000000000002,-5.8483620153810705,1.8175253371523232
2023-11-06,1000,912,0.912,910,-0.02628472655064013,0.1376505052792184,-7.791038769299344e-18,0.9999999999999989,-5.865844676574937,1.9271633784898043
2023-11-07,1000,913,0.913,911,0.018542267453340845,0.15777916634223732,-2.3347515961449075e-17,0.9999999999999998,-5.643179356614103,1.8152958171212057
2023-11-08,1000,913,0.913,911,0.15389510808092463,0.21075155360741016,-7.782505320483025e-18,1.0000000000000004,-5.543439918872612,1.9622327577276837
2023-11-09,1000,912,0.912,911,0.08816652104874978,0.2225889987939621,4.285071323114639e-17,0.9999999999999999,-5.970971138558887,1.5207513520675338
2023-11-10,1000,911,0.911,910,0.05447411685211841,0.18432855009258964,-3.899795476180572e-18,0.9999999999999996,-5.543248051079977,1.4453486108634679
2023-11-13,1000,912,0.912,911,0.010177242284664694,0.1779236378539154,5.4537271385095406e-17,1.0000000000000004,-6.055082755840551,1.5023228068135774
2023-11-14,1000,913,0.913,913,0.07773553297834707,0.14139662956787807,-2.3347515961449075e-17,1.0000000000000007,-5.812357658343389,1.6580731769545471
2023-11-15,1000,915,0.915,914,0.07129582168516369,0.1601574140767936,3.106197751956722e-17,0.9999999999999996,-5.388604485861759,1.7301453734660932
2023-11-16,1000,914,0.914,914,0.05597410090959121,0.1840468518848318,-7.773990544421227e-18,1.0000000000000004,-5.2729991273122305,1.6566046449721976
2023-11-17,1000,914,0.914,913,0.010707643486977829,0.15324437563543006,7.385291017200165e-17,0.9999999999999998,-6.097677343605817,1.7617571888459935
2023-11-20,1000,912,0.912,911,0.07014346169264614,0.17032267356184955,8.180590707764311e-17,1.0000000000000007,-5.607085720019133,1.8098049920649881
2023-11-21,1000,914,0.914,913,0.09026662004858885,0.2034065982980591,-3.109596217768491e-17,1.0000000000000009,-5.419883820357377,1.95933723231458
2023-11-22,1000,914,0.914,914,0.11996255330454071,0.2011823493590748,6.219192435536982e-17,1.0000000000000013,-6.249241774726241,1.9630316323208281
2023-11-23,1000,914,0.914,914,0.05108271687402266,0.1603566755855209,-7.773990544421227e-17,1.0,-6.83502140677778,1.7786131177838491
2023-11-24,1000,914,0.914,914,0.0033758197724957683,0.0843874873178899,3.8869952722106136e-17,0.9999999999999999,-6.624718932861656,1.641559374534404
2023-11-27,1000,913,0.913,913,-0.00942718233431219,0.047286056976145324,-1.3619384310845293e-16,1.0,-6.401578887293732,1.5955990276173198
2023-11-28,1000,914,0.914,914,-0.053201078559460976,-0.019571210584314186,-1.5547981088842454e-17,0.9999999999999989,-6.614779633917993,1.4365239790148738
2023-11-29,1000,914,0.914,913,-0.0061137456114191795,0.003541623503301038,-4.664394326652736e-17,1.0000000000000004,-6.028676964253161,1.5787501882272514
2023-11-30,1000,912,0.912,912,0.04886209585073334,0.020263061179340052,-3.1164155077197375e-17,1.0000000000000002,-6.52193510847963,1.4727510917452378
2023-12-01,1000,913,0.913,912,-0.022608895328951224,0.0017430266328390166,3.8912526602415124e-17,0.9999999999999998,-6.095709127141076,1.9302301261270798
2023-12-04,1000,913,0.913,913,0.05211159842962822,0.067848981681094,4.669503192289815e-17,1.0000000000000002,-5.926104516338177,2.3720295651201213
2023-12-05,1000,913,0.913,912,0.08017826570660996,0.023299237836898978,4.669503192289815e-17,0.9999999999999998,-5.811631188434773,1.5929510611593498
2023-12-06,1000,912,0.912,912,0.01718568499001445,0.03273560697209135,6.232831015439475e-17,1.0000000000000013,-6.155825491248015,2.2597321966607447
2023-12-07,1000,912,0.912,912,0.08302374342236513,0.030080078981888178,-1.5582077538598687e-17,0.9999999999999999,-6.652711984174124,2.6329120377576456
2023-12-08,1000,909,0.909,909,0.09120193753597289,0.049057108595665866,3.51753829584208e-17,1.0000000000000002,-6.84786624491192,2.6133356167781736
2023-12-11,1000,909,0.909,909,0.10139044208403133,0.019007879461200014,5.862563826403467e-18,1.0000000000000004,-6.5930448238603665,2.6363872316708705
2023-12-12,1000,910,0.91,910,0.13524971788309123,0.01922793686698423,-2.5376526277146434e-17,0.9999999999999991,-6.837783775395125,2.5472309656105097
2023-12-13,1000,910,0.91,909,0.13053987567956551,0.03736289373780258,-5.758519424429384e-17,1.000000000000001,-6.834501136284021,2.0983040837557287
2023-12-14,1000,910,0.91,910,0.1443735513153627,0.03713895087991652,-7.222549786572447e-17,0.9999999999999996,-6.7572223919728245,2.3874842026973178
2023-12-15,1000,911,0.911,910,0.16304662525083488,0.03649093166215869,-3.1198363809444576e-17,1.0,-7.176147902206014,2.767458603610458
2023-12-18,1000,906,0.906,906,0.1552603390433547,0.03876481734192736,2.7449222683889082e-17,1.0000000000000002,-7.0998192646263165,2.3992247976966103
2023-12-19,1000,906,0.906,906,0.1314458848297878,0.04615511258549439,-7.205420954520883e-17,1.0000000000000009,-6.680690428335839,2.4768713651029723
2023-12-20,1000,903,0.903,903,0.10960061656634248,-0.0357165602239191,-4.6720348766064175e-17,1.0,-7.139211193181864,2.5734440906171545
2023-12-21,1000,904,0.904,904,0.17571767737388785,-0.04556930071086446,-7.466986714293089e-17,0.9999999999999999,-7.0319888774521795,2.2150456882545755
2023-12-22,1000,905,0.905,905,0.1337172833140486,-0.062799544225606,9.81412618453177e-18,1.0000000000000007,-7.04277155081437,2.38061065142241
2023-12-25,1000,904,0.904,904,0.17670550253752276,-0.04990860680791293,-4.322992308274946e-17,1.0000000000000007,-7.033450890028267,2.5921369953985285
2023-12-26,1000,900,0.9,900,0.19989559661721767,-0.007790289485091089,1.7763568394002505e-17,1.0000000000000004,-7.50047810975836,1.938790297967246
2023-12-27,1000,902,0.902,902,0.14240759842350256,-0.008878271892690403,-5.908060441464247e-17,0.9999999999999996,-7.1590456581050566,1.9595048210785009
2023-12-28,1000,907,0.907,907,0.1305411933388247,0.028743331308557097,1.1750982399560643e-17,0.9999999999999994,-6.104965246956428,1.8332425447659655
2023-12-29,1000,906,0.906,905,0.14956173136226886,-0.001090531259564131,9.411162063047685e-17,1.000000000000001,-5.653113511773477,1.9877708728796735
2024-01-02,1000,907,0.907,906,0.12371808212747129,-0.036065011945032484,2.1543467732527844e-17,1.0000000000000007,-5.7323231328053135,1.9305868297125708
2024-01-03,1000,907,0.907,906,0.1341729586567202,-0.038622990188459015,6.463040319758354e-17,1.0000000000000002,-5.8841951655150515,1.920752924987359
2024-01-04,1000,905,0.905,903,0.11421575674483442,-0.08714795250998886,-1.5702601895250834e-17,0.9999999999999987,-6.201757384007357,1.6647561939413342
2024-01-05,1000,904,0.904,902,0.08145227169631211,-0.10841228125039601,0.0,1.0,-6.027497326960952,1.6370044486029058
2024-01-08,1000,903,0.903,903,0.1309409679406743,-0.06115403427294326,-8.26212483441977e-17,1.0000000000000002,-6.706389344421642,1.7562564715855695
2024-01-09,1000,901,0.901,901,0.18275189546170725,-0.0729565500084097,3.154462755871699e-17,0.9999999999999999,-5.839716450296146,1.6955544538333864
2024-01-10,1000,901,0.901,901,0.20256016454503797,-0.055447376182361945,7.097541200711323e-17,1.0000000000000004,-6.311789588556789,1.657948217351904
2024-01-11,1000,905,0.905,904,0.2505434657565752,-0.020156723066333333,-1.5702601895250834e-17,1.0,-6.184733819781205,1.75084881344135
2024-01-12,1000,903,0.903,903,0.21205924083333705,-0.054396884561459954,3.1474761273980073e-17,1.0,-6.482163440365314,2.716626219595409
2024-01-15,1000,903,0.903,903,0.18430899563017364,-0.038649791385439614,-2.7540416114732565e-17,1.0000000000000018,-6.21409523524027,2.2162725722734606
2024-01-16,1000,901,0.901,901,0.20855128255309413,-0.015875569116974974,3.943078444839624e-18,1.0000000000000004,-6.640790752958044,1.9235083284405916
2024-01-17,1000,898,0.898,898,0.17410281057537078,-0.07757798078207466,2.7693759188868048e-17,0.9999999999999986,-6.609061019436561,1.9844822931492827
2024-01-18,1000,899,0.899,899,0.19982244989350703,0.005888106795896046,-4.7422207058516144e-17,0.9999999999999986,-6.088200346107606,2.2617915271271167
2024-01-19,1000,897,0.897,897,0.21281647460212516,0.006912508682586947,-5.544926588986289e-17,1.0,-6.113183121081371,2.0900855982546416
2024-01-22,1000,892,0.892,892,0.18120325079558042,0.07780409811131064,-3.982862868610427e-17,1.0000000000000007,-6.113705106934512,2.3638242165043706
2024-01-23,1000,893,0.893,893,0.2029430119413674,0.06338544850158974,-7.956805551624862e-18,1.0000000000000007,-5.983477892670391,2.0822497599677705
2024-01-24,1000,901,0.901,901,0.16995894642088735,0.014173092026620092,4.731694133807548e-17,1.0000000000000002,-6.236721221017731,1.9691754045537073
2024-01-25,1000,908,0.908,908,0.0601793026181093,-0.023358513267208635,7.042824473393064e-17,0.9999999999999998,-5.693938939787053,1.7045516077231153
2024-01-26,1000,908,0.908,908,0.03768111982885666,-0.08056860182804232,-1.0368602696939788e-16,1.0000000000000007,-6.10073048614594,1.7892533335722125
2024-01-29,1000,904,0.904,903,0.006089919040501932,-0.06962102736879534,4.322992308274946e-17,1.0000000000000013,-5.702121278710106,1.7484639729030753
2024-01-30,1000,899,0.899,899,-0.007649929766718533,-0.08705407300740882,-1.560980982342823e-16,0.9999999999999994,-5.676281785510364,1.683780323918895
2024-01-31,1000,887,0.887,887,0.016482407515360915,0.007246394318451033,4.0053141812857957e-17,1.0000000000000004,-5.485921403258117,2.2043416696563716
2024-02-01,1000,887,0.887,886,0.010100046781412181,0.00597307080936708,8.010628362571591e-18,1.0000000000000007,-5.260657352181406,2.1812019824338833
2024-02-02,1000,883,0.883,883,-0.04826358771867316,-0.01890748475457336,-2.816420809921122e-16,1.0,-5.329134532634483,2.4373306911744472
2024-02-05,1000,874,0.874,874,-0.15732018726708963,-0.12368240243676158,-6.50382366828467e-17,0.9999999999999997,-5.301053236615927,2.4272171401398657
2024-02-06,1000,880,0.88,880,-0.2295749274546257,-0.09214578966741299,0.0,0.9999999999999991,-4.929238060904109,2.4426378015696386
2024-02-07,1000,878,0.878,878,-0.28721740753189945,-0.08625808328402733,-1.618548373029841e-17,1.0,-5.593456948546522,2.3142728309707845
2024-02-08,1000,888,0.888,887,-0.31061601629007973,-0.12108894729250361,3.200642953874325e-17,1.0000000000000002,-5.865513343670943,2.3745234886810116
2024-02-19,1000,890,0.89,889,-0.2390568955070877,-0.13973813260155193,-7.983626244495507e-17,1.0,-5.448620130290146,2.5662220754930685
2024-02-20,1000,893,0.893,891,-0.20265768188421063,-0.038103914135825194,-1.7107131935993453e-16,1.0000000000000007,-5.424227942683437,2.314001438564517
2024-02-21,1000,893,0.893,891,-0.2125447963170275,-0.01962131692993348,7.360045135252997e-17,1.0000000000000007,-6.126418671356482,2.303958695692226
2024-02-22,1000,895,0.895,893,-0.19304617590742945,0.0036566740641888027,0.0,1.0,-5.997471554947497,2.012980276958782
2024-02-23,1000,895,0.895,893,-0.15289414843356053,-0.002136875936316674,1.1908537470839668e-17,1.0000000000000002,-6.288820848920264,2.3215336897556007
2024-02-26,1000,896,0.896,895,-0.09969017295759511,0.0029705405563137536,-3.568574007723718e-17,0.9999999999999997,-6.696401290095667,2.110480943389298
2024-02-27,1000,897,0.897,897,-0.04611291437863606,8.41059516350633e-05,-5.940992773913881e-17,0.9999999999999997,-6.884157570564914,2.57916974553272
2024-02-28,1000,895,0.895,895,-0.06295980915154602,0.0067735422982648326,-5.160366237363856e-17,0.9999999999999996,-5.400604613163539,2.267520354281683
2024-02-29,1000,896,0.896,896,-0.0240134390895913,0.08144786295182246,-1.0705722023171153e-16,0.9999999999999992,-5.969675034206646,2.029680788065175
2024-03-01,1000,896,0.896,896,-0.0059498893680492975,0.05457787582712719,5.551115123125783e-17,1.0000000000000002,-4.983136509636466,2.1444889458126335
2024-03-04,1000,895,0.895,895,0.01784328166150509,0.08299432475531375,1.5878049961119556e-17,1.0000000000000002,-5.72422650510688,1.9239062940827794
2024-03-05,1000,896,0.896,896,0.09202439086032213,0.1487465525254384,2.3790493384824782e-17,0.9999999999999999,-6.582866542446256,1.9413556120665296
2024-03-06,1000,895,0.895,895,0.11078233100755505,0.10453478298667952,2.7786587431959227e-17,0.9999999999999998,-6.422931313501973,2.17890209121513
2024-03-07,1000,894,0.894,894,0.10063135069471614,0.09873707288848241,2.5830692295529368e-17,0.9999999999999997,-5.4712781955159535,2.0372079851195846
2024-03-08,1000,893,0.893,893,0.13629658446751375,0.12123292565260062,5.370843747346782e-17,0.9999999999999997,-6.792696772837567,2.620161785450995
2024-03-11,1000,896,0.896,896,0.19495318335229556,0.12740622923657363,6.740639792367021e-17,0.9999999999999996,-5.922748205677698,2.236370040137827
2024-03-12,1000,899,0.899,899,0.1432761144614918,0.06882160721393828,-9.879626470524196e-17,0.9999999999999994,-5.715880243526284,2.0667324476600704
2024-03-13,1000,898,0.898,898,0.1738747167835388,0.11908077516681187,0.0,1.0,-5.484354375859999,2.368529183079646
2024-03-14,1000,897,0.897,896,0.2134697000202437,0.07598577118898281,-3.1685294794207366e-17,0.9999999999999998,-5.803943582329834,1.9283013071618287
2024-03-15,1000,901,0.901,901,0.238811024139379,0.06154534014405732,3.5487706003556616e-17,1.0,-5.478025408348262,1.8249888787530577
2024-03-18,1000,902,0.902,902,0.2346575408538706,0.08495315354088671,-9.059026010245179e-17,1.0,-5.735971014346835,1.9936591379472737
2024-03-19,1000,900,0.9,899,0.22212545770662848,0.0958123568446699,-6.315935428978668e-17,0.9999999999999991,-5.498265025227807,2.269998782117874
2024-03-20,1000,900,0.9,900,0.23654067419104888,0.0943073850828711,-4.342205607422835e-17,0.9999999999999993,-5.317275692295372,2.386584563062928
2024-03-21,1000,902,0.902,902,0.2772205965950465,0.12360574144334259,7.87741392195233e-18,0.9999999999999992,-5.673059569968495,2.41863723941648
2024-03-22,1000,899,0.899,899,0.27818911911183214,0.10843169134350096,5.137405764672582e-17,1.0000000000000004,-6.2891551068525935,2.576092829201686
2024-03-25,1000,898,0.898,897,0.2556155380799863,0.09146838572034593,-5.5387518377736097e-17,1.0000000000000002,-5.8469617463739505,2.165671309961791
2024-03-26,1000,899,0.899,898,0.2706576749009862,0.1227623404739946,-1.5807402352838714e-17,1.0000000000000002,-5.533558654963925,1.953505400743576
2024-03-27,1000,891,0.891,891,0.23445154356235676,0.0901356322421051,-1.0367065729384177e-16,0.9999999999999996,-6.165646877150698,1.7980324357477167
2024-03-28,1000,896,0.896,889,0.27114603736707726,0.13923228209164645,-2.7755575615628914e-17,0.9999999999999999,-5.827230358464021,1.8775249519108845
2024-03-29,1000,896,0.896,895,0.24822802776489183,0.10150508830405253,-7.533656238527848e-17,1.0000000000000004,-5.98022631242244,1.8429613704991594
2024-04-01,1000,900,0.9,899,0.21719627400088823,0.06227275825321194,-5.131697536045168e-17,1.0,-5.28653791101722,1.8256423143974676
2024-04-02,1000,902,0.902,901,0.1804093626171827,0.050838191124640185,2.7570948726833157e-17,1.0000000000000002,-5.948308709039539,1.7825712090318955
2024-04-03,1000,904,0.904,903,0.16093461907533338,0.009566352325319584,-2.7509951052658746e-17,1.0000000000000002,-6.16008676276455,2.097525994647116
2024-04-08,1000,897,0.897,896,0.18691908537816107,0.06441731046476569,1.148591936290017e-16,1.0000000000000002,-5.5022328796240325,2.3049218742847426
2024-04-09,1000,901,0.901,899,0.20377521078494165,0.06199903993792265,6.506079433985379e-17,1.0000000000000002,-5.738510289897372,2.266269555343183
2024-04-10,1000,900,0.9,899,0.19764138711761872,0.056552208003103385,6.710681393289835e-17,0.9999999999999994,-5.834624868385847,1.9553395092470807
2024-04-11,1000,902,0.902,901,0.1656435224963955,0.037803805149742714,2.7570948726833157e-17,0.999999999999999,-5.9736238458487225,1.9957099588878748
2024-04-12,1000,898,0.898,897,0.08280305049844286,-0.01296665005097374,1.0681878544277675e-16,0.9999999999999993,-5.524629469411451,1.870665089995621
2024-04-15,1000,896,0.896,896,-0.004467512110992215,-0.0014481633311299996,-2.3790493384824782e-17,0.9999999999999994,-5.2480806827498725,1.9762854154878127
2024-04-16,1000,886,0.886,884,-0.059338577071636256,0.004610109080460588,1.2831471526141763e-16,1.0000000000000004,-4.9648252436809885,2.0213064820618043
2024-04-17,1000,896,0.896,895,0.017852112619030962,0.035576688840588976,1.9825411154020653e-17,0.9999999999999996,-4.796692618322647,1.9270062395543286
2024-04-18,1000,896,0.896,896,0.002678635516121843,0.01657625523201412,4.7580986769649563e-17,1.0,-5.022632323028235,1.9833997645571033
2024-04-19,1000,892,0.892,892,0.030073953151596784,0.022246757326035694,5.576008016054598e-17,0.9999999999999999,-5.317163859304125,2.0593316956268497
2024-04-22,1000,889,0.889,889,-0.012001008918015716,-0.03072673419711264,-6.593900528707341e-17,1.0000000000000007,-5.23133449526006,1.7751545927126426
2024-04-23,1000,890,0.89,890,0.034192985185136915,0.0032765994310406227,4.790175746697305e-17,0.9999999999999996,-5.852160627624498,1.812194422864267
2024-04-24,1000,891,0.891,890,0.07283344233426765,0.012911674013290117,7.974665945680137e-18,0.9999999999999991,-5.323967395970191,1.9183974782852737
2024-04-25,1000,891,0.891,890,0.01784078123165446,-0.02102012009200458,-2.392399783704041e-17,1.000000000000001,-5.604331514558733,1.749592759388891
2024-04-26,1000,901,0.901,901,0.0004669619812702364,-0.005722023688101004,9.463388267615096e-17,1.0000000000000002,-5.678288942340805,2.196644389963783
2024-04-29,1000,904,0.904,899,-0.0015612770742359633,-0.0528063527817833,0.0,1.0,-4.9620964363919144,2.0498519794924257
2024-04-30,1000,897,0.897,897,0.04313605211105877,-0.06915024293120409,-4.3567280342035126e-17,1.0000000000000002,-5.269873811785757,1.9788871863554611
2024-05-06,1000,904,0.904,904,0.05736477759348453,-0.08160408011751061,-2.3579958045136068e-17,0.9999999999999999,-6.281447989390988,1.7336487678611223
2024-05-07,1000,903,0.903,903,0.06508449962886445,-0.13275827550072594,-4.7212141910970113e-17,0.9999999999999994,-6.696862340693451,1.6308418323820335
2024-05-08,1000,902,0.902,902,0.10446270339461258,-0.11495024390562959,0.0,0.9999999999999991,-6.232108540646687,1.7280781815424036
2024-05-09,1000,902,0.902,902,0.10473276259421672,-0.10141207690644638,-4.726448353171398e-17,1.0000000000000004,-5.558071401978406,1.486713176963795
2024-05-10,1000,903,0.903,902,0.07849097355839255,-0.11535180009426738,-1.5737380636990037e-17,0.9999999999999997,-5.588887550477897,1.8491775287874685
2024-05-13,1000,900,0.9,900,0.14445118872753107,-0.031918344194814596,3.157967714489334e-17,0.9999999999999982,-5.985181947558151,1.6522306506861868
2024-05-14,1000,901,0.901,901,0.07280009662477398,-0.11323860917295933,0.0,0.9999999999999997,-5.515038478715193,1.7098055293942838
2024-05-15,1000,901,0.901,901,0.04889008569590842,-0.04262837646364996,-7.097541200711323e-17,1.0000000000000002,-6.313670849756936,1.465431497932769
2024-05-16,1000,901,0.901,901,0.06131796506882482,-0.0942696178684176,-7.886156889679247e-17,0.9999999999999991,-6.629551762521681,1.7890143127988427
2024-05-17,1000,906,0.906,904,0.08074777747441524,-0.051254630993603806,-3.9213175262698686e-18,0.999999999999999,-5.358063334282885,2.4808264049493243
2024-05-20,1000,901,0.901,901,0.08283703967591123,-0.03104121011179342,3.9430784448396236e-17,0.9999999999999999,-5.587944599508477,2.3392347170922028
2024-05-21,1000,901,0.901,901,0.09905858711428946,-0.008735559523398734,3.35161667811368e-17,0.9999999999999992,-5.9269348211301915,1.7415216815058852
2024-05-22,1000,902,0.902,902,0.08413596039443637,-0.042147824839252834,-4.0371746350005693e-17,0.9999999999999992,-6.372900784250796,1.977541168762395
2024-05-23,1000,896,0.896,896,0.10334037514754582,-0.016927059075472456,8.723180907769087e-17,1.0000000000000004,-5.964696173256034,2.0415377863834943
2024-05-24,1000,896,0.896,896,0.08083022580141869,-0.06029791118745501,-3.568574007723718e-17,0.9999999999999992,-6.273421184959148,1.8072325633840365
2024-05-27,1000,897,0.897,897,0.0822318836178817,-0.03931432739489377,-5.148860404058697e-17,1.0,-6.141411578174582,1.7241356195396467
2024-05-28,1000,895,0.895,895,0.08561494693032218,0.020067392034567505,7.939024980559778e-18,1.0000000000000002,-5.925816588601396,1.9464079641607899
2024-05-29,1000,894,0.894,894,0.07959246502945468,0.01258304774564039,-9.140091119956546e-17,0.9999999999999999,-6.480099903008475,1.6543792033008684
2024-05-30,1000,892,0.892,892,0.043630018781994906,-0.009635191661868618,3.982862868610427e-18,0.9999999999999993,-5.473295272368993,1.6050838776706875
2024-05-31,1000,889,0.889,889,-0.003071499011219778,-0.04784836949913158,-2.3977820104390332e-17,0.9999999999999999,-6.471856670101676,1.4651488137465611
2024-06-03,1000,887,0.887,887,-0.05956510346605044,-0.02482233434476793,6.809034108185853e-17,1.0000000000000009,-5.73509162724387,1.7188820535049354
2024-06-04,1000,883,0.883,883,-0.02532322472305233,-0.0033739953283691325,-1.609383319954927e-17,0.9999999999999992,-5.602966898082701,1.8033087083424146
2024-06-05,1000,881,0.881,881,0.01753302383454459,0.010443538724317546,8.065184287855848e-17,1.0000000000000007,-5.663900483349204,1.6516230802739118
2024-06-06,1000,880,0.88,879,-0.007250179087432538,0.012008966129769216,-7.266914343001025e-17,0.9999999999999992,-5.838862441737834,1.9774824757893084
2024-06-07,1000,882,0.882,881,0.020398319240022885,0.0100289507430493,1.3292466145171942e-16,0.9999999999999999,-6.023826605244464,1.9081351424145176
2024-06-11,1000,878,0.878,878,0.04118830073191176,0.01804619637878529,-2.832459652802222e-17,0.9999999999999998,-6.741415776971088,2.1545484400921717
2024-06-12,1000,879,0.879,879,0.027607566727497104,-0.0054909385872741025,1.111486076985367e-16,1.0000000000000002,-6.542349214748593,2.1132585314792776
2024-06-13,1000,875,0.875,875,0.0459607485339662,0.03817683894533669,-2.842170943040401e-17,0.9999999999999999,-6.480468238045502,2.08121590153996
2024-06-14,1000,877,0.877,877,0.0910547126157688,0.10593660658127597,0.0,0.9999999999999993,-5.516327793072971,1.993483526898064
2024-06-17,1000,875,0.875,875,0.004850991040495479,0.02780845266401082,-8.12048840868686e-18,0.9999999999999998,-6.5379336002643935,2.5468313919731718
2024-06-18,1000,876,0.876,876,-0.03004430562138799,-0.03979474609802027,-8.111218444750002e-18,1.0,-6.513023856940205,2.1971538691940666
2024-06-19,1000,874,0.874,874,0.03470375285122867,-0.029779199364521565,3.658400813410127e-17,1.0000000000000004,-6.445039417361313,1.752798544314487
2024-06-20,1000,874,0.874,874,-0.003738791809037818,-0.026644370495338406,1.6259559170711675e-17,1.0000000000000004,-5.908592012729162,1.8861916010266866
2024-06-21,1000,875,0.875,875,0.008033454570374349,-0.040422066052824314,-1.624097681737372e-17,1.0,-6.435325538909524,1.8808594771893434
2024-06-24,1000,869,0.869,869,-0.04157830137484049,-0.03312231440894758,2.4529668668357888e-17,1.0000000000000007,-6.137516079380616,2.0968642519844023
2024-06-25,1000,869,0.869,869,-0.0008685663300884336,0.018633635750339505,1.4308973389875436e-17,0.9999999999999993,-6.3217583048237,2.160937144670324
2024-06-26,1000,872,0.872,872,0.0066559588743484565,-0.02616177081331705,-2.4445277606425466e-17,0.9999999999999991,-6.457946959596658,2.1768344359794236
2024-06-27,1000,871,0.871,871,0.026038091582981992,-0.0035005417589419638,8.15778112238921e-18,0.9999999999999997,-6.394595606894663,1.8818521048349628
2024-06-28,1000,869,0.869,869,0.03838816253787866,0.023342620191371437,5.723589355950175e-17,1.0000000000000002,-5.653061456117388,2.142609388072563
2024-07-01,1000,870,0.87,870,0.04506713649063181,0.06479070673430357,-2.6543263117475007e-17,0.9999999999999998,-5.875190843319611,1.9904010693136047
2024-07-02,1000,870,0.87,869,0.028021810388592663,0.05525296482870316,1.2250736823450003e-17,0.9999999999999994,-5.946065208449884,1.5930785595939547
2024-07-03,1000,869,0.869,867,-0.03070461528380628,0.0263902209297426,7.972142317216314e-17,1.0000000000000004,-5.695617267736792,1.8717029955253277
2024-07-04,1000,864,0.864,862,0.001426338693847773,0.049983658860041885,2.878355989768924e-17,0.9999999999999997,-5.584503600610784,1.950117986000734
2024-07-05,1000,862,0.862,860,-0.0014043870873439621,0.04281116672080899,-7.212585774827003e-17,1.0,-5.655883696750762,1.7183616368772663
2024-07-08,1000,854,0.854,853,0.03265113843026119,0.07301514549850811,2.496051764965223e-17,0.9999999999999999,-6.087942182347182,1.7930700249198144
2024-07-09,1000,852,0.852,851,0.10647131204096602,0.08845800523979386,4.586836909249473e-17,0.9999999999999992,-5.713824865047405,2.268409359303725
2024-07-10,1000,848,0.848,847,0.11949878491647498,0.06467419152033672,0.0,1.0,-5.887844013003305,1.9690763735806884
2024-07-11,1000,856,0.856,855,0.12465975663840341,0.05082397193796086,-8.300732894393693e-18,1.0000000000000002,-5.489961455007658,2.3309124301760753
2024-07-12,1000,858,0.858,857,0.1400257351082463,0.04585914819771285,-6.625107093334267e-17,0.9999999999999991,-5.84291808875444,1.9181139830004856
2024-07-15,1000,855,0.855,854,0.14048686819255055,0.07612585627894479,-2.4931324061757902e-17,0.9999999999999991,-5.436162649983018,1.893621843479027
2024-07-16,1000,853,0.853,852,0.18474807661362685,0.08855351206579666,4.1649632811260266e-18,0.9999999999999989,-5.600431068942689,2.126756900874215
2024-07-17,1000,854,0.854,854,0.12737424526582986,0.12372279717220303,-4.1600862749420386e-18,0.9999999999999996,-5.124350625884445,2.1077683272613945
2024-07-18,1000,853,0.853,853,0.10226981136634145,0.15578971644513284,-1.3536130663659586e-16,1.0000000000000004,-5.4086232084423385,2.4208199522680878
2024-07-19,1000,851,0.851,851,0.12074976583635451,0.16621919593905526,-6.157758726475604e-17,1.0000000000000007,-5.929198480538007,2.1004346134626464
2024-07-22,1000,847,0.847,847,0.1227123495296626,0.15189167025359185,-4.1944671532473444e-18,1.000000000000001,-5.818852081856609,1.7504469943488283
2024-07-23,1000,844,0.844,844,0.12377764929912563,0.152144372532039,-8.418752793366115e-17,0.9999999999999988,-5.445040265535651,1.9166369188357835
2024-07-24,1000,838,0.838,837,0.11001831059186598,0.14953858604260525,-5.511369668783593e-17,0.9999999999999999,-6.174387684348704,1.7371110383655606
2024-07-25,1000,841,0.841,840,0.18526727773429227,0.15805512881703906,8.026344815363795e-17,1.0,-5.906660907983654,1.622938104406282
2024-07-26,1000,845,0.845,844,0.17439662860869984,0.15793027960915906,8.408789772308878e-18,0.9999999999999996,-5.809156975762279,1.5985146765427052
2024-07-29,1000,843,0.843,842,0.2126410017443099,0.1415205494915807,-2.7393403217322962e-17,1.0000000000000002,-6.136052391958186,1.5609603227681805
2024-07-30,1000,841,0.841,839,0.1814311242997071,0.08356565959936053,-3.062684205862501e-17,0.9999999999999997,-6.503892993529042,1.5036621892777073
2024-07-31,1000,847,0.847,844,0.24085571839571407,0.18106206481781786,6.291700729871017e-18,0.9999999999999996,-4.9142809368052385,1.5774581880818461
2024-08-01,1000,844,0.844,843,0.2562200929502421,0.158984548636467,6.314064595024587e-18,0.9999999999999999,-5.594893789397234,1.5272834039134562
2024-08-02,1000,847,0.847,846,0.21729900782062295,0.1473214506681922,4.404190510909712e-17,0.9999999999999996,-5.2673439146250125,1.3570298644339995
2024-08-05,1000,849,0.849,846,0.22321528885072203,0.14461424253578628,-2.4061370616140025e-17,0.999999999999999,-5.544414833769318,1.6735383587316548
2024-08-06,1000,846,0.846,843,0.18494644033595173,0.11897275629154,7.66395090284978e-17,1.0,-5.386770093738422,1.8231857059125718
2024-08-07,1000,848,0.848,846,0.12273361323456321,0.11765601969974694,3.77056876287789e-17,0.9999999999999997,-5.899742570613377,1.7224096849614052
2024-08-08,1000,846,0.846,842,0.07234312432624808,0.1265396654358218,6.08916647075736e-17,1.0000000000000004,-5.78363685002051,1.7031290535357633
2024-08-09,1000,845,0.845,841,0.09470224759216932,0.11633563568267521,4.624834374769883e-17,0.9999999999999997,-6.158660230180825,1.5492304975093085
2024-08-12,1000,847,0.847,843,0.03951074666047836,0.09990879858721692,0.0,1.0000000000000004,-6.260189749731071,1.4290598002930557
2024-08-13,1000,847,0.847,843,0.08453360133324897,0.07888447817606552,1.0276444525455995e-16,0.9999999999999996,-6.0621642448214805,1.149260828113748
2024-08-14,1000,850,0.85,846,0.11286027001451067,0.10656552809822814,-4.179663151530001e-17,0.9999999999999988,-6.7909240853585855,1.3746391902627415
2024-08-15,1000,850,0.85,846,0.1284648619134727,0.1618139650540796,5.851528412142002e-17,0.9999999999999997,-5.612029648572455,1.556806444055607
2024-08-16,1000,852,0.852,848,0.13609514088416882,0.14763335473824452,-8.339703471362678e-18,1.0000000000000002,-5.434535464388152,1.5179498079365197
2024-08-19,1000,853,0.853,851,0.11005624038487419,0.12947686988154858,-1.6659853124504106e-17,1.0,-6.191800629555573,1.492572843650535
2024-08-20,1000,849,0.849,847,0.12531197249190837,0.17813138090697153,-1.004300686586714e-16,0.9999999999999993,-5.572359283756489,1.337212332610293
2024-08-21,1000,848,0.848,845,0.1523090384982333,0.20009455802392928,-1.67580833905684e-17,1.0000000000000009,-5.652420767713209,1.4674212295954563
2024-08-22,1000,845,0.845,843,0.07455414308139488,0.18747661618613093,-5.465713352000771e-17,1.0000000000000009,-5.96432595663828,1.7542063625014284
2024-08-23,1000,844,0.844,842,0.09257549608086114,0.1708638176223531,-6.735002234692893e-17,0.9999999999999997,-5.870208510464304,2.2942270191331957
2024-08-26,1000,849,0.849,847,0.04835294199484894,0.16849345199667226,2.929210335877916e-17,0.9999999999999993,-5.768518459215064,1.3134421203608748
2024-08-27,1000,849,0.849,847,0.06477573098392525,0.12775316270289472,2.0922930970556543e-17,1.0000000000000004,-6.543049313728436,1.2660946777775322
2024-08-28,1000,847,0.847,845,0.0559212525491149,0.10952455786901658,2.5166802919484068e-17,0.9999999999999987,-6.403689864378152,1.2007630541986658
2024-08-29,1000,845,0.845,843,0.07061249562619024,0.07671361559759751,-2.5226369316926633e-17,0.9999999999999998,-6.145957896500485,1.4923159104043051
2024-08-30,1000,850,0.85,848,0.008506022998299098,0.10407596787556353,1.6718652606120003e-17,1.0000000000000004,-5.906243042135306,1.6073926149598867
2024-09-02,1000,847,0.847,845,0.017447177758282067,0.12262644965667158,-1.0905614598443096e-16,1.0000000000000002,-5.806031881989565,1.630479439316379
2024-09-03,1000,843,0.843,843,0.06666952063201831,0.10694707250441561,2.5286218354451963e-17,0.9999999999999999,-5.827357962285071,1.4107585626821824
2024-09-04,1000,840,0.84,840,0.04349964486364334,0.07658582118873375,7.612957883143931e-17,1.0000000000000002,-5.9097069132658735,1.4047389354450002
2024-09-05,1000,842,0.842,840,-0.08452906818976567,0.025550611332411037,-6.3290623731600376e-18,1.0000000000000002,-5.828912222110642,1.3733459762961657
2024-09-06,1000,840,0.84,840,-0.08716816954097166,0.03843034701433184,-1.2688263138573217e-17,1.000000000000001,-5.830926165811813,1.3851912720130548
2024-09-09,1000,838,0.838,838,-0.0868553871168143,-0.023617133487497038,-2.3317333214084434e-17,0.9999999999999999,-5.544281460216661,1.531985454081762
2024-09-10,1000,833,0.833,832,-0.15266119836088807,-0.04325712557229006,-1.0662405998801023e-16,1.0000000000000007,-5.667344619616133,1.9818205022662698
2024-09-11,1000,831,0.831,829,-0.12954042368824317,-0.027348930137863724,0.0,0.9999999999999999,-5.681421334469507,1.7046457605753935
2024-09-12,1000,832,0.832,830,-0.1742121646883556,-0.036116854852139155,-8.540177112501205e-17,1.0000000000000007,-6.454181646553788,1.525188519480065
2024-09-13,1000,833,0.833,831,-0.164671217376908,-0.03801737447229232,-5.970947359328573e-17,0.9999999999999999,-7.125063439534107,1.6043156782546408
2024-09-18,1000,834,0.834,832,-0.12791915071137394,-0.04120976029197655,-3.407878828585612e-17,0.9999999999999993,-5.857429761179126,1.7259608685160146
2024-09-19,1000,835,0.835,833,-0.2866472621905195,-0.08025561193065846,1.701898768287665e-17,1.0000000000000009,-6.601787366935108,1.851744320275268
2024-09-20,1000,835,0.835,833,-0.13360766228813165,0.008888700148937898,4.680221612791079e-17,0.9999999999999999,-6.117338072540558,1.7587449834306532
2024-09-23,1000,835,0.835,833,-0.07241265808556759,0.0607654661971886,-2.5528481524314976e-17,1.0,-6.38544996550505,2.069550468611731
2024-09-24,1000,846,0.846,843,-0.14259246261444405,-0.04315227573338948,6.719080243594328e-17,1.0,-5.841739881090667,2.2975511043192283
2024-09-25,1000,856,0.856,854,-0.25920486413949645,-0.026451075830424543,-1.245109934159054e-17,0.9999999999999999,-5.730711914328899,2.3581108754808273
2024-09-26,1000,865,0.865,864,-0.2577694180182843,0.013108520107353182,-7.803648543030002e-17,0.9999999999999992,-5.848517059905991,1.718133305846056
2024-09-27,1000,880,0.88,879,-0.21375876361397744,-0.008243957162693582,-6.45947941600091e-17,1.0000000000000002,-4.778833497149985,2.470735864907118
2024-09-30,1000,900,0.9,899,-0.204622412068341,-0.023080524658688754,7.894919286223335e-18,1.0000000000000002,-4.258050288234711,2.1319398592773484
2024-10-08,1000,913,0.913,912,-0.13635843983795923,-0.06362535379022108,-1.556501064096605e-17,1.0,-4.057206082814374,3.110725041588733
2024-10-09,1000,902,0.902,900,-0.10655313047756097,-0.05506806043465972,1.4967086451709428e-16,0.9999999999999996,-4.840086921532497,2.3697992109703403
2024-10-10,1000,901,0.901,900,-0.26359407309287336,-0.10865731154671102,1.0646311801066984e-16,0.9999999999999996,-4.9796395588441555,2.314809779401198
2024-10-11,1000,898,0.898,897,-0.20826572398285298,-0.08337111217385813,-2.7693759188868048e-17,1.0000000000000004,-5.997605827288266,1.9614893968810991
2024-10-14,1000,901,0.901,900,-0.19141647886934118,-0.07103000567914283,-2.365847066903774e-17,1.0000000000000002,-5.199159788365847,2.0580327298715484
2024-10-15,1000,902,0.902,901,-0.12825092306982583,-0.01013639279890371,0.0,1.0,-5.990516967607826,1.97854757378776
2024-10-16,1000,902,0.902,901,-0.036610449578887275,0.06688638121455835,-3.150965568780932e-17,1.0000000000000007,-5.851359463216028,1.7799555695022937
2024-10-17,1000,899,0.899,897,-0.024430518927380882,0.06743248382391206,0.0,1.0000000000000009,-5.89229429062976,1.8142218183151968
2024-10-18,1000,902,0.902,900,-0.023013617730054975,0.049548564248197924,2.363224176585699e-17,0.9999999999999994,-5.643525050205145,2.096259588254466
2024-10-21,1000,902,0.902,901,0.08362542431898705,0.11812431165571738,0.0,0.9999999999999994,-5.7390393636328305,2.2876259917417934
2024-10-22,1000,904,0.904,904,0.02326134106124136,0.11592738133762477,3.1439944060181424e-17,0.9999999999999997,-6.542289892584488,1.8223803646997707
2024-10-23,1000,904,0.904,904,-0.007139287427566263,0.07845399050488965,5.501990210531749e-17,0.9999999999999997,-6.120449349356081,1.9161834020531094
2024-10-24,1000,906,0.906,906,0.03381853578802796,0.09218773232758852,3.9213175262698686e-18,0.9999999999999992,-6.316902231167294,1.8969023677414636
2024-10-25,1000,909,0.909,908,0.05888478021856555,0.0832219342052904,-1.563350353707591e-17,1.0000000000000002,-5.85618639724946,1.9047340096306467
2024-10-28,1000,914,0.914,913,0.07804939940702996,0.12362118626635712,6.219192435536982e-17,1.0,-5.526335943884513,1.7544424411420194
2024-10-29,1000,911,0.911,909,0.09581710552313684,0.13525584591381068,7.799590952361144e-17,1.0000000000000002,-5.038136212987024,1.89282419274272
2024-10-30,1000,911,0.911,909,0.14437312600959704,0.18033495018307533,3.899795476180572e-18,0.9999999999999999,-6.175676499772634,1.6455657553919065
2024-10-31,1000,914,0.914,913,0.17433310717172668,0.20207708987504833,-4.664394326652736e-17,1.0,-5.326738052782137,1.8613600547047207
2024-11-01,1000,911,0.911,909,0.11153590741638847,0.2072656510699761,7.799590952361144e-18,0.9999999999999993,-5.45925517318763,1.6542865998868452
2024-11-04,1000,913,0.913,911,0.07551235471712367,0.13438882290159035,-3.11300212819321e-17,0.9999999999999998,-5.33834893652398,1.3432119684043538
2024-11-05,1000,921,0.921,918,0.0861782041573897,0.09582282262824288,0.0,0.9999999999999994,-5.693303431011449,1.702403450565616
2024-11-06,1000,918,0.918,915,0.03605928207907526,0.10166300479191685,-6.192093557822224e-17,1.0000000000000004,-4.8690658941063685,1.5519636542398356
2024-11-07,1000,926,0.926,924,0.018585242682841438,0.10059970673787018,3.836623843197085e-17,0.9999999999999996,-4.996920806071154,1.7721000482409792
2024-11-08,1000,923,0.923,922,0.05878588547893145,0.13730488432724908,7.698187819719395e-18,0.9999999999999999,-4.75742175694391,1.8455883858268172
2024-11-11,1000,924,0.924,923,-0.006443347791385314,0.12488358884639521,0.0,1.0,-5.231021147804695,1.9982099889872884
2024-11-12,1000,921,0.921,920,0.0750410966049232,0.14076297955176326,0.0,1.0,-5.767429042792623,1.7911003553356046
2024-11-13,1000,920,0.92,919,0.020148138517612418,0.10483828531258256,1.544658121217609e-17,0.9999999999999999,-5.37007749711342,1.6331333877274745
2024-11-14,1000,917,0.917,916,-0.04830091239988923,0.07910196057498875,-4.6491345851260644e-17,0.999999999999999,-5.744870039142609,1.734104341014183
2024-11-15,1000,916,0.916,916,-0.06892781089871272,0.0731547132941194,-1.5514033531879916e-17,0.9999999999999998,-5.620356628895031,1.9744625764492119
2024-11-18,1000,916,0.916,915,-0.11275491335595897,0.08970771551662178,-1.5514033531879916e-17,1.0,-6.533581574962885,1.672027965107071
2024-11-19,1000,917,0.917,916,7.918877428548421e-05,0.14290696385774762,-9.298269170252129e-17,0.9999999999999996,-6.094390912888758,1.4851356404962184
2024-11-20,1000,917,0.917,916,0.04379108143282399,0.1543505146418842,7.748557641876774e-18,1.0000000000000004,-5.569894931712723,1.5077292629168673
2024-11-21,1000,917,0.917,916,0.05288653101657281,0.21237372879429595,-4.6491345851260644e-17,1.0000000000000004,-5.979360236668851,1.8481280708993366
2024-11-22,1000,915,0.915,912,0.0750779515343711,0.15678317465865535,2.3296483139675416e-17,0.9999999999999994,-5.912437851710882,1.817142363690306
2024-11-25,1000,914,0.914,912,0.18545293977727365,0.1573833772070934,3.109596217768491e-17,0.9999999999999989,-5.498479806816352,1.7060044311953941
2024-11-26,1000,914,0.914,912,0.04396728927711793,0.12057056624154089,3.109596217768491e-17,1.0,-6.040679457898097,1.6354195476702045
2024-11-27,1000,917,0.917,914,0.17093171463896606,0.14693266190285745,7.748557641876774e-17,0.9999999999999994,-6.124647904822103,1.8870881120393959
2024-11-28,1000,917,0.917,915,0.1391396050181889,0.16015685154093706,-4.6491345851260644e-17,0.9999999999999988,-5.842287526057818,1.9016376368474566
2024-11-29,1000,917,0.917,912,0.17322838043427452,0.15367238928882118,-3.874278820938387e-17,1.0000000000000009,-5.5587469198165165,1.6632552117081323
2024-12-02,1000,920,0.92,917,0.16243292413689253,0.1376505248360278,-6.950961545479241e-17,1.0000000000000007,-5.998685730052803,1.6583153895667706
2024-12-03,1000,920,0.92,915,0.24742117452085477,0.1459168559276435,-7.723290606088046e-18,1.0,-5.529072918746188,1.6456689739831583
2024-12-04,1000,922,0.922,918,0.19661146925225836,0.15158859680963555,-2.3119611792627988e-17,1.0000000000000004,-5.861923144594158,1.4867618465003796
2024-12-05,1000,924,0.924,920,0.2723123756624296,0.11461979530891529,9.227827737144159e-17,0.999999999999999,-5.290455451090171,1.6377200974857424
2024-12-06,1000,925,0.925,922,0.27135212258601565,0.12908206431310112,9.217851707158056e-17,0.9999999999999994,-5.4513931905799105,2.033150969005888
2024-12-09,1000,925,0.925,922,0.26497604533137836,0.14750761295767978,3.072617235719352e-17,1.0,-5.254981113374628,2.399287277331139
2024-12-10,1000,924,0.924,921,0.17675524134398016,0.14178530041174547,1.5379712895240264e-17,1.0000000000000004,-5.143378249470556,2.075280466419394
2024-12-11,1000,926,0.926,923,0.20842472395451356,0.1510518603293832,-3.836623843197085e-17,0.9999999999999988,-6.079678511755698,1.8047426648006064
2024-12-12,1000,928,0.928,925,0.2060907234932962,0.12471280561749457,-7.656710514656252e-18,1.0000000000000007,-5.73912980579783,2.0488213349866227
2024-12-13,1000,923,0.923,922,0.2492127002193035,0.12505049781282043,-1.539637563943879e-17,1.0000000000000007,-6.16645613668883,2.0609129025589614
2024-12-16,1000,924,0.924,922,0.2037600821997779,0.06827400192924392,2.3069569342860397e-17,1.0000000000000007,-5.88765972891093,2.5019055259157015
2024-12-17,1000,919,0.919,918,0.13674900951245833,0.06494326512836227,7.731694621981504e-17,1.0000000000000002,-5.943968830796097,2.1456706638572642
2024-12-18,1000,921,0.921,920,0.1282455975089525,0.08332549481876145,-3.857452419978828e-17,1.0000000000000002,-6.522264538105374,1.923028002884649
2024-12-19,1000,921,0.921,920,0.11186963918793064,0.026114665303120194,5.4004333879703597e-17,1.0,-5.321472881870544,1.987573048062339
2024-12-20,1000,920,0.92,918,0.13379960807550548,0.05765392397040411,-1.0040277787914459e-16,0.9999999999999994,-5.929739758107757,2.1255420653524015
2024-12-23,1000,914,0.914,913,0.10508997085114292,0.09988364866585626,5.441793381094859e-17,1.0,-5.93199766861351,2.086715622147511
2024-12-24,1000,916,0.916,916,0.05474388337375146,0.07599188691126287,-2.3271050297819874e-17,0.9999999999999991,-4.932159485239994,1.7478712020145455
2024-12-25,1000,914,0.914,914,0.10315689921365302,0.12242427573748954,-1.5547981088842454e-17,1.0000000000000004,-5.626107334511448,1.8046333098349563
2024-12-26,1000,913,0.913,913,0.04361626214516647,0.09183706360410175,3.8912526602415124e-18,1.0000000000000002,-5.414161703964365,2.216737005983179
2024-12-27,1000,915,0.915,913,0.07951739765770847,0.09204861458480727,6.212395503913444e-17,1.0,-5.737597614999269,2.098495824174401
2024-12-30,1000,912,0.912,910,0.016897907156777588,0.059843553742334264,0.0,0.9999999999999991,-6.32334964823513,1.8071830180736614
2024-12-31,1000,911,0.911,907,-0.07762161702332934,0.04841738906059644,1.5599181904722288e-17,1.0,-5.488822686459206,2.2628924386232656
2025-01-02,1000,905,0.905,904,-0.04498610037653412,0.049420143629835725,0.0,0.9999999999999996,-5.925402442402052,2.7776520546473344
2025-01-03,1000,899,0.899,898,-0.05429522523827366,0.048920924300739826,6.322960941135485e-17,0.9999999999999986,-6.042737906699411,2.0616825184843113
2025-01-06,1000,901,0.901,900,-0.0348986018908484,0.04344888867116582,-6.308925511743398e-17,1.0000000000000009,-6.320881637385512,1.991977584768248
2025-01-07,1000,902,0.902,901,-0.03465160366858207,0.05944690285404976,7.87741392195233e-18,1.0000000000000002,-5.873701328706771,1.5545473233939895
2025-01-08,1000,901,0.901,900,-0.005080608423216502,0.08887534831371745,3.154462755871699e-17,0.9999999999999999,-5.977167402910784,1.665611603092977
2025-01-09,1000,902,0.902,900,0.04769401866895761,0.14067402559929226,-7.87741392195233e-18,0.9999999999999999,-6.106491453990827,1.5307304493827252
2025-01-10,1000,897,0.897,895,-0.04364764659875083,0.08053700851976694,-7.921323698551841e-18,1.0000000000000013,-6.263774078298546,1.5861102781852021
2025-01-13,1000,896,0.896,894,-0.03965941285603912,0.11411698906637623,3.172065784643304e-17,1.0000000000000002,-6.159897320825187,1.825211533132391
2025-01-14,1000,901,0.901,899,-0.04410317842770165,0.0749779205903796,1.0252003956583022e-16,1.0000000000000007,-5.807856921535247,1.7028428908112052
2025-01-15,1000,901,0.901,898,-0.023707660861733197,0.12100443919289808,3.9430784448396236e-17,1.0000000000000002,-6.464214581362154,1.8057152455219947
2025-01-16,1000,901,0.901,899,-0.0011920061368773107,0.1193880411265692,-7.886156889679247e-17,0.9999999999999991,-5.946268861660865,1.8721553317277109
2025-01-17,1000,901,0.901,898,0.03113014871238151,0.14599540874545122,6.308925511743398e-17,0.9999999999999999,-5.332867281579399,1.8071811192533915
2025-01-20,1000,902,0.902,899,0.006770541390122972,0.11330689167559915,-2.363224176585699e-17,1.0000000000000002,-5.69929627606226,1.9273746135179506
2025-01-21,1000,901,0.901,898,-0.02300574018305659,0.1203251988195853,3.154462755871699e-17,1.0000000000000009,-6.505705868534753,1.7956440243932663
2025-01-22,1000,895,0.895,893,0.024719073489005008,0.17096902328260416,1.5878049961119556e-17,1.0000000000000007,-6.015639512508725,1.665616312560252
2025-01-23,1000,895,0.895,893,-0.003844345556376868,0.12817630109892372,-3.9695124902798894e-17,0.9999999999999996,-5.420457789696258,2.0802628404379413
2025-01-24,1000,895,0.895,893,0.07341441275824316,0.16224566307938496,7.939024980559778e-18,0.9999999999999994,-6.154037300477104,1.931202594650289
2025-01-27,1000,899,0.899,897,0.01901366187287474,0.15073161641800256,1.5807402352838714e-17,0.9999999999999991,-5.747818463833536,2.0166759197070956
2025-02-05,1000,900,0.9,897,-0.06910118593169683,0.0853129776482968,5.5264435003563346e-17,0.9999999999999988,-6.252790131318696,2.325049332749367
2025-02-06,1000,900,0.9,899,-0.09809569585027678,0.09901310140104666,-3.157967714489334e-17,0.9999999999999994,-5.728975502861659,2.042936771216737
2025-02-07,1000,904,0.904,903,-0.07807993774484129,0.05028351544847024,2.3579958045136068e-17,1.0000000000000002,-5.784012879078389,1.8498766991486675
2025-02-10,1000,905,0.905,905,0.029050228519149356,0.09026605841910168,-3.925650473812708e-17,1.0000000000000002,-5.964313290170371,1.7861232019248439
2025-02-11,1000,904,0.904,904,-0.06487272391887539,0.037784426889885106,0.0,1.0000000000000004,-5.165310640217939,1.974845301006426
2025-02-12,1000,905,0.905,905,0.010764901922428856,0.08386983872639127,0.0,0.9999999999999992,-5.975791146591774,1.8542251823909537
2025-02-13,1000,905,0.905,905,0.06432653234068283,0.13644649380835525,0.0,0.9999999999999999,-5.668185064524594,2.1187480149203535
2025-02-14,1000,905,0.905,902,0.049300363641019654,0.10796766686295978,1.5702601895250834e-17,1.0,-7.115066755840815,2.3308514930417212
2025-02-17,1000,906,0.906,904,0.021775152524043582,0.10059452629883367,-3.137054021015895e-17,0.9999999999999997,-6.105481884507669,2.57482826504285
2025-02-18,1000,904,0.904,901,0.08382972717797821,0.12692767488122583,-7.859986015045356e-18,1.0000000000000002,-6.551831345142621,2.1087374370224037
2025-02-19,1000,904,0.904,901,0.14081192966576786,0.12840218970868347,3.1439944060181424e-17,1.0000000000000002,-6.593707391726477,1.662916847144027
2025-02-20,1000,905,0.905,902,0.11467287342901489,0.14359888006869773,3.533085426431437e-17,1.0000000000000002,-6.108608680380344,1.6134151908591643
2025-02-21,1000,907,0.907,904,0.1827005841088075,0.15303788933638737,-6.26719061309901e-17,1.0000000000000002,-6.161289509935055,1.8392755639740708
2025-02-24,1000,906,0.906,902,0.20005425647319788,0.18028844570760572,3.137054021015895e-17,0.9999999999999999,-5.807057584512716,1.8509825416809063
2025-02-25,1000,904,0.904,901,0.2969369138412969,0.18628242542338633,3.1439944060181424e-17,1.0000000000000009,-6.489575328835464,1.8787892616250845
2025-02-26,1000,907,0.907,905,0.26966040730197804,0.15565055674468384,0.0,0.9999999999999998,-5.5924306469427485,1.8811172359234025
2025-02-27,1000,908,0.908,905,0.2765876057749758,0.1922235541898965,0.0,1.0000000000000004,-5.748805501428698,1.7551757725314663
2025-02-28,1000,905,0.905,904,0.25879271216736854,0.21230414842399484,-1.5702601895250834e-17,1.0000000000000004,-5.5082711939211375,1.6845478238943659
2025-03-03,1000,906,0.906,904,0.21949505779084147,0.2232100104047412,3.137054021015895e-17,1.0,-5.755113053914787,1.6704545890412736
2025-03-04,1000,906,0.906,904,0.27826037331045883,0.2298472509955155,-3.921317526269869e-17,0.9999999999999998,-6.205252254067623,1.5283320154083513
2025-03-05,1000,906,0.906,903,0.335290168985078,0.20552104879742505,6.27410804203179e-17,1.0000000000000007,-5.396483758474765,2.0066864672194185
2025-03-06,1000,907,0.907,904,0.34506786426374014,0.1899492052352197,0.0,1.0000000000000002,-6.152354199958054,2.4026365079610175
2025-03-07,1000,905,0.905,902,0.28509074495778586,0.09472633228314718,-7.851300947625417e-18,1.0000000000000007,-6.308960283391572,1.8453470291020442
2025-03-10,1000,906,0.906,904,0.25838217669006036,0.08382786110403238,2.352790515761921e-17,0.9999999999999993,-6.420164297862487,1.766130371328022
2025-03-11,1000,906,0.906,904,0.25592468361896387,0.10864398240940581,-1.2156084331436593e-16,1.000000000000001,-6.429068328328759,1.5965909177251107
2025-03-12,1000,906,0.906,904,0.24099617589582684,0.08377787175206601,3.921317526269869e-17,0.9999999999999999,-6.558258336146219,1.7361756071781727
2025-03-13,1000,905,0.905,903,0.23761476903005332,0.10109075984517348,-7.851300947625416e-17,1.0000000000000004,-6.1500014303942905,1.915510784766743
2025-03-14,1000,906,0.906,902,0.2137717447589421,0.09288219849506486,1.5685270105079474e-17,0.9999999999999997,-5.280973079554537,1.7971208457367451
2025-03-17,1000,906,0.906,905,0.21570816861888006,0.10419930708686095,-1.1763952578809606e-17,1.0,-5.695747170798897,1.7159034940748732
2025-03-18,1000,906,0.906,904,0.2254852992670765,0.07060872871099029,6.27410804203179e-17,1.0,-5.952331571249364,1.7125867445221188
2025-03-19,1000,905,0.905,904,0.22309890476535252,0.05179581991073213,-3.925650473812708e-17,1.0,-5.708197333251828,1.8821371634892463
2025-03-20,1000,905,0.905,903,0.24065081777626257,0.04012478012454202,3.533085426431437e-17,1.0000000000000007,-5.957365057432693,1.9165815298526667
2025-03-21,1000,904,0.904,901,0.1958131636312411,0.0654543488488784,-3.1439944060181424e-17,0.9999999999999999,-5.570530810997175,1.719589827568761
2025-03-24,1000,903,0.903,900,0.17188311673871412,0.04985695269758147,7.868690318495018e-18,1.0,-5.794985251559788,1.6655235510399864
2025-03-25,1000,904,0.904,901,0.12005004502298877,0.0029757119137791216,1.3361976225577106e-16,0.9999999999999987,-5.804261654999256,1.5101127342956286
2025-03-26,1000,904,0.904,902,0.12991719431852364,0.006674091826392219,-3.1439944060181424e-17,0.9999999999999996,-6.660152413923878,1.7546557327063703
2025-03-27,1000,904,0.904,903,0.07632009995693763,-0.023391421965890422,7.07398741354082e-17,0.9999999999999994,-6.2030904549430055,1.5014276788718979
2025-03-28,1000,903,0.903,902,0.011243392366400042,-0.04186956351059665,5.704800480908888e-17,0.9999999999999991,-5.821827044224775,1.5372507257863575
2025-03-31,1000,900,0.9,897,0.03590472492233418,-0.042370513010925176,2.1711028037114173e-17,1.0,-6.493650786805955,1.4813473154483323
2025-04-01,1000,900,0.9,898,-0.013561782704617033,-0.05946407336230357,1.1842378929335004e-17,1.0,-6.152475061748984,1.5717838691733093
2025-04-02,1000,901,0.901,899,-0.1300179901612836,-0.051612608283470536,2.365847066903774e-17,0.9999999999999999,-6.4263644247213945,1.392003295338035
2025-04-03,1000,901,0.901,899,-0.14634217310262618,-0.05901962076198974,-3.943078444839624e-18,1.0000000000000002,-6.52100150528155,1.3723873210160797
2025-04-07,1000,894,0.894,892,0.049807077858701365,0.08169788854907487,3.775255027808139e-17,0.999999999999999,-6.156147096897096,3.434463684818163
2025-04-08,1000,892,0.892,890,-0.08977360793682762,-0.0392643805090604,3.982862868610427e-17,0.9999999999999991,-6.184991076205458,2.9960329445345124
2025-04-09,1000,894,0.894,891,-0.09029160001389376,-0.001327800891821677,-3.973952660850672e-18,0.9999999999999998,-5.675026400917101,3.672885663493739
2025-04-10,1000,897,0.897,894,0.004870587940175456,0.03275504835855637,8.317389883479433e-17,0.9999999999999994,-5.79312210327345,2.821653798849112
2025-04-11,1000,897,0.897,894,0.006697302497800122,0.02170087153309354,3.1685294794207366e-17,0.9999999999999998,-5.244462107047311,2.4586774239739464
2025-04-14,1000,900,0.9,897,0.05245329611832589,0.036403862252110945,-5.5264435003563346e-17,0.9999999999999988,-5.833063104318012,1.935121249531746
2025-04-15,1000,900,0.9,897,0.017863717360530655,0.015464405611963713,1.1842378929335004e-17,1.0000000000000013,-5.7836681649983905,2.356523334081033
2025-04-16,1000,899,0.899,896,0.020567183709693616,0.06755276224439295,5.137405764672582e-17,0.9999999999999996,-5.779689694416951,2.3118778088891228
2025-04-17,1000,902,0.902,899,0.005673814173215555,0.10750200963622875,3.9387069609761654e-17,1.0000000000000009,-6.001430894617089,2.1436954895269222
2025-04-18,1000,903,0.903,899,-0.03330744476098703,0.05489166235969832,2.3606070955485057e-17,0.9999999999999986,-5.941563935251663,2.189093460275228
2025-04-21,1000,901,0.901,897,-0.012854815024102118,0.04960480742005061,9.463388267615096e-17,1.0000000000000007,-6.262336995327861,1.7415876117107336
2025-04-22,1000,900,0.9,897,-0.018655206064825836,0.016715416872630885,-7.105427357601002e-17,1.0,-5.380834416056168,1.6029649107292576
2025-04-23,1000,899,0.899,896,-0.0677098833948515,-0.029552439796194416,-7.903701176419357e-17,1.0000000000000002,-5.759109766315845,1.805633175069992
2025-04-24,1000,900,0.9,897,-0.06377063219162972,0.03952800756808874,7.894919286223335e-18,0.9999999999999997,-5.925327134963262,1.526224061772939
2025-04-25,1000,901,0.901,898,-0.02989884392373329,0.05730600418977629,2.365847066903774e-17,1.0,-6.01220324784436,1.9238660307994515
2025-04-28,1000,899,0.899,897,-0.03986680695913125,0.09106125302909086,0.0,1.0000000000000002,-5.731095655442854,1.6019852852010932
2025-04-29,1000,902,0.902,898,-0.05554252495325984,0.04096311192521616,7.87741392195233e-18,0.9999999999999999,-6.764438317800219,1.6099277551900029
2025-04-30,1000,899,0.899,897,-0.02416421017150572,0.06842900896228932,-7.903701176419357e-18,0.9999999999999997,-5.673647556110823,1.73695464469185
2025-05-06,1000,898,0.898,896,0.07017666809007998,0.04833707597204054,-9.495003150469045e-17,1.0000000000000004,-5.66712004284538,1.595596167883038
2025-05-07,1000,901,0.901,898,-0.04550051913438227,0.05392725694083622,5.5203098227754734e-17,1.0000000000000009,-6.005292068985,1.4392265955182058
2025-05-08,1000,903,0.903,900,-0.045692567530869664,0.028314596300905256,0.0,0.9999999999999996,-5.754381575900077,1.7311279362785095
2025-05-09,1000,901,0.901,900,-0.032530695659101216,0.03365532225591916,0.0,0.999999999999999,-5.9700548656255,1.7608300261769274
2025-05-12,1000,901,0.901,900,-0.01844783805776556,-0.023901613426254933,3.154462755871699e-17,1.0000000000000004,-6.2786543021144805,1.8259260140504048
2025-05-13,1000,900,0.9,900,-0.0007756748105238524,0.050421199712392915,4.7369515717340015e-17,1.0000000000000007,-5.752530085030016,1.5943047801585275
2025-05-14,1000,901,0.901,901,0.021515039109374263,0.09962073707370653,0.0,0.9999999999999992,-6.12485514803598,1.4258919075346674
2025-05-15,1000,900,0.9,900,-0.013708297140032698,0.08442024320534211,-1.0263395072090336e-16,1.0000000000000004,-5.619357006535593,1.5406056392324858
2025-05-16,1000,900,0.9,899,0.009811051574513886,0.06587706440709541,-7.105427357601002e-17,1.0,-6.430208351962718,1.6316877961861778
2025-05-19,1000,901,0.901,901,0.05125455163856863,0.06922990819032529,3.154462755871699e-17,1.0000000000000013,-6.497460474204264,1.523890622787296
2025-05-20,1000,900,0.9,900,0.022809674866070995,0.049717653288899315,-4.7369515717340015e-17,0.9999999999999999,-5.7379745531384465,1.6059190699269845
2025-05-21,1000,900,0.9,900,0.07095391974689277,0.09361665248180662,-7.894919286223336e-17,1.0,-5.241239417802973,1.5795289212261832
2025-05-22,1000,900,0.9,900,0.08323352245579864,0.10732587840167507,6.315935428978668e-17,0.9999999999999994,-6.179917121506808,1.6852818025163392
2025-05-23,1000,900,0.9,899,0.006940975197812397,0.05832926067990201,0.0,1.0,-5.868113504007734,1.7594879857705596
2025-05-26,1000,899,0.899,899,-0.00029449151478862825,0.06312528779247045,-3.161480470567743e-17,0.9999999999999999,-6.361271382195136,1.4825853985701227
2025-05-27,1000,899,0.899,899,0.09458947720607894,0.08510244463249414,7.903701176419357e-18,0.9999999999999999,-6.791979463670383,1.5135877154736885
2025-05-28,1000,899,0.899,899,0.024777498821343443,0.05743519478945911,-7.903701176419357e-18,1.0000000000000002,-5.901611728506199,1.424411396858125
2025-05-29,1000,901,0.901,901,-0.07763824897317362,0.040470260297021,-3.154462755871699e-17,1.0,-5.987464004659149,1.4753463736672865
2025-05-30,1000,900,0.9,900,-0.09929701187020461,0.023660737224455313,5.5264435003563346e-17,1.0,-6.599826348086443,1.3671232556229906
2025-06-03,1000,901,0.901,901,-0.06215655922849354,0.012798615042982605,1.5772313779358495e-17,1.0000000000000002,-6.130952580672299,1.4679409875152287
2025-06-04,1000,902,0.902,901,-0.08331874586082287,0.05629294329887511,2.363224176585699e-17,1.0000000000000013,-5.937899313941859,1.6888056372624323
2025-06-05,1000,900,0.9,899,-0.06790824503414214,0.06220962467907983,1.578983857244667e-17,1.0000000000000007,-5.302291567609635,1.768407474100871
2025-06-06,1000,900,0.9,899,-0.0674394582446358,0.04430225174035376,-3.157967714489334e-17,1.0,-6.194092212891556,1.8343477667968777
2025-06-09,1000,903,0.903,903,-0.014059644211976455,0.05540434385467624,5.508083222946513e-17,0.9999999999999987,-5.925189917353757,1.5440812305957723
2025-06-10,1000,901,0.901,901,0.002094790305983631,0.04221594305706568,-7.097541200711323e-17,1.0000000000000007,-6.085465544072098,1.5380983847114187
2025-06-11,1000,902,0.902,902,-0.026355151093246845,0.0699784704861236,3.9387069609761654e-17,1.0000000000000007,-6.3308553370100284,1.7044228853051713
2025-06-12,1000,902,0.902,902,-0.0024509820743123857,0.07237265624329324,1.2603862275123728e-16,0.9999999999999991,-6.055249358125471,2.037853006893154
2025-06-13,1000,898,0.898,898,-0.006358376960214961,0.09168796726543765,-3.165001050156348e-17,1.000000000000001,-5.792189578362191,1.981947435009561
2025-06-16,1000,900,0.9,900,0.04747671700374292,0.09485478132986637,-1.578983857244667e-17,0.9999999999999992,-6.3012159311879765,1.8728357472193191
2025-06-17,1000,901,0.901,901,0.023116157329428868,0.0954421759795692,-3.9430784448396236e-17,1.0000000000000007,-6.5387058214719165,1.565133026247301
2025-06-18,1000,901,0.901,901,-0.015611537322126513,0.09354713029084791,0.0,1.0,-6.834623846615101,1.6695613374823675
2025-06-19,1000,901,0.901,900,-0.03941499884036071,0.08589318458373893,7.886156889679247e-17,0.9999999999999996,-6.0097355466021485,1.7119478145016667
2025-06-20,1000,901,0.901,901,-0.033965813932501976,0.04675485903309494,4.731694133807548e-17,0.999999999999998,-6.5964849159591195,1.502845227767452
2025-06-23,1000,901,0.901,900,0.07841340642092266,0.12451463365005458,-7.097541200711323e-17,1.0000000000000002,-6.361929148596052,1.5925554391752637
2025-06-24,1000,902,0.902,901,0.1250977434241674,0.12760874481275108,0.0,1.0000000000000004,-6.316883574776217,1.5912694266356477
2025-06-25,1000,902,0.902,901,0.11053129295614036,0.12298420268014768,8.271284618049947e-17,1.0000000000000009,-6.23718400990313,1.6196723737329475
2025-06-26,1000,903,0.903,902,0.09851036561797631,0.0912943203231486,2.3606070955485057e-17,1.0000000000000004,-6.8397908070640785,1.5398506386879178
2025-06-27,1000,904,0.904,903,0.13594514492483356,0.11281913059140071,2.3579958045136068e-17,0.9999999999999992,-6.5239595879413566,1.7143533415942978
2025-06-30,1000,906,0.906,906,0.09395920640404465,0.0973241651263968,-8.62689855779371e-17,1.000000000000001,-5.822008569049848,1.663449574276702
2025-07-01,1000,906,0.906,906,0.0572387508545517,0.0889732010028283,3.137054021015895e-17,1.0000000000000007,-6.132408344582081,1.480118845917328
2025-07-02,1000,908,0.908,908,0.08694414612158087,0.07087574548474518,6.651556447093449e-17,1.0000000000000004,-6.406112157468724,1.5530994792058845
2025-07-03,1000,907,0.907,907,0.08452076007248967,0.06378715999195296,-6.26719061309901e-17,0.9999999999999988,-6.245001737150377,1.5745114079771767
2025-07-04,1000,907,0.907,904,0.05807812150674949,0.13430478027069195,-9.400785919648514e-17,0.9999999999999996,-5.563359619339018,1.3958700983092198
2025-07-07,1000,905,0.905,903,0.05275215879275843,0.12906711033426257,5.888475710719062e-17,1.0000000000000004,-5.879501454446513,1.354930884082073
2025-07-08,1000,910,0.91,907,0.09137614937855251,0.11439757386113941,4.6848971588578034e-17,1.0000000000000002,-5.824544261486339,1.7484087313269752
2025-07-09,1000,911,0.911,908,0.10152321390059886,0.16984305365599145,-1.5599181904722288e-17,0.9999999999999982,-5.684502683200663,1.6243227342990922
2025-07-10,1000,914,0.914,911,0.05982244897601418,0.1696823314549832,1.5547981088842454e-17,1.0,-5.627784866891713,1.3750865936187928
2025-07-11,1000,917,0.917,915,0.05961309597409397,0.1223794247212167,7.748557641876774e-18,0.9999999999999989,-5.551334428641189,1.5363854621749717
2025-07-14,1000,915,0.915,913,-0.01861104882892854,0.09511794393498682,-4.659296627935083e-17,0.9999999999999989,-5.17234867587184,1.681339715312434
2025-07-15,1000,916,0.916,913,-0.0077936885181740245,0.058215874808214524,-3.102806706375983e-17,0.9999999999999994,-5.618375212406782,1.9043991755396705
2025-07-16,1000,915,0.915,912,-0.09685838240627709,0.013997429090933938,3.106197751956722e-17,1.0000000000000007,-5.580338849186424,1.4248958834067926
2025-07-17,1000,916,0.916,912,-0.0918131224747064,-0.0037246452638803533,1.5514033531879916e-17,0.9999999999999998,-5.367948660671608,1.61161762428538
2025-07-18,1000,916,0.916,914,-0.17305641046194087,-0.01255494363866628,-1.5514033531879916e-17,0.9999999999999993,-5.415996243928943,1.6548221162472192
2025-07-21,1000,916,0.916,914,-0.14365508906573948,-0.031055836463529572,-1.473833185528592e-16,0.9999999999999999,-5.3246460879505815,1.624179410328255
2025-07-22,1000,916,0.916,915,-0.1745205607822038,-0.017740706768781606,2.3271050297819874e-17,1.0000000000000004,-5.196342445139986,1.9707926759594379
2025-07-23,1000,915,0.915,914,-0.15277379525963516,-0.006969554397800947,-1.553098875978361e-17,1.0000000000000004,-5.4709782784422565,1.9447594795437182
2025-07-24,1000,917,0.917,916,-0.08699046678301106,0.0208144828454525,-2.3245672925630322e-17,1.0000000000000007,-5.609004308997396,1.8072744910244005
2025-07-25,1000,917,0.917,915,-0.09920332884670524,-0.02925730925786749,3.09942305675071e-17,0.9999999999999998,-5.28986870545644,1.5588838414263955
2025-07-28,1000,916,0.916,915,-0.14638697009352258,-0.012055299297488803,-1.5514033531879916e-17,0.9999999999999991,-4.720191955299086,1.5498982066021567
2025-07-29,1000,917,0.917,915,-0.06402336892046873,0.04947887929930874,2.3245672925630322e-17,1.0000000000000007,-5.341428109081816,1.6356755516731025
2025-07-30,1000,916,0.916,915,-0.08632572560948305,0.05956007990874374,-2.3271050297819874e-17,0.9999999999999992,-5.572432569750372,1.7874664256368615
2025-07-31,1000,913,0.913,912,-0.12436405969627572,0.011488976515157245,5.4477537243381174e-17,0.999999999999999,-5.358535418034222,1.861011840140607
2025-08-01,1000,914,0.914,911,-0.11061000580845727,-0.0378020296132111,1.5547981088842454e-17,0.9999999999999996,-6.201223759997995,1.6197332851982285
2025-08-04,1000,910,0.91,909,-0.124803975518857,-0.07691165688178102,0.0,0.9999999999999998,-6.39763116256744,1.4155353159232684
2025-08-05,1000,913,0.913,912,-0.0891576890844853,-0.04320752524688549,-3.11300212819321e-17,1.0000000000000009,-5.920945639995426,1.6450693414272586
2025-08-06,1000,912,0.912,911,-0.0759096911597263,0.006182121091153958,-9.349246523159212e-17,0.9999999999999994,-5.706084242299599,1.5324774421618623
2025-08-07,1000,911,0.911,910,-0.0041467528565473175,0.04185871632442412,3.1198363809444576e-17,0.9999999999999998,-5.599690793793895,1.716947724172965
2025-08-08,1000,911,0.911,910,0.03199158639741275,0.05579384659494647,0.0,1.0000000000000004,-5.650607742133985,1.9786192936816986
2025-08-11,1000,911,0.911,910,0.017867999193369212,0.05745122480918091,-6.239672761888915e-17,0.9999999999999983,-5.818049825586279,1.8550277015540657
2025-08-12,1000,911,0.911,909,0.08441570403816309,0.08750003030601519,-1.5599181904722288e-17,1.0000000000000004,-5.168189701118822,1.513615951783486
2025-08-13,1000,910,0.91,910,0.08225752634828028,0.06415051324752351,0.0,1.0000000000000002,-5.2959329950469485,1.7747773087745173
2025-08-14,1000,907,0.907,907,0.08636524614396097,0.07820105720588579,7.833988266373762e-18,1.0000000000000002,-5.839526212525819,1.353165649092403
2025-08-15,1000,908,0.908,907,0.09126556660243655,0.051941320800614386,-7.042824473393064e-17,1.000000000000002,-5.481657548891465,1.3872802262887596
2025-08-18,1000,913,0.913,912,0.07901005364197777,0.0888518626137642,3.8912526602415124e-17,0.9999999999999993,-5.340867017669829,1.7617824178285597
2025-08-19,1000,913,0.913,912,0.0694970971358211,0.10866765454932986,-4.669503192289815e-17,1.0000000000000004,-4.907470827761423,1.8090783671468305
2025-08-20,1000,913,0.913,912,0.048420346120065724,0.08681020394153989,-2.3347515961449075e-17,1.0000000000000004,-5.302644797852353,1.898700761019636
2025-08-21,1000,913,0.913,912,0.01009259383647102,0.07947429958297862,-7.782505320483025e-17,1.0000000000000004,-5.175017854805617,2.203386092002938
2025-08-22,1000,913,0.913,909,0.056023003325602165,0.08532450288348375,1.556501064096605e-17,1.0000000000000004,-5.645280754160152,2.2251475593249093
2025-08-25,1000,914,0.914,913,0.06551544929890672,0.059167766772039755,-3.8869952722106136e-17,0.9999999999999996,-5.659660339167338,2.271072773613017
2025-08-26,1000,913,0.913,912,0.0481718240813344,0.05182008195053292,-2.3347515961449075e-17,0.9999999999999996,-5.646303785658413,2.2283605483084616
2025-08-27,1000,913,0.913,911,0.06499099644825436,0.07730291974511676,1.556501064096605e-17,1.0000000000000007,-5.466169976101511,2.1197667255655217
2025-08-28,1000,912,0.912,910,0.07030686867273388,0.06086619084495892,1.1686558153949016e-16,1.000000000000001,-6.033708272143408,2.0653412212111406
2025-08-29,1000,912,0.912,909,0.0561155735624599,0.1003988934954438,-1.947759692324836e-17,1.0000000000000013,-4.86438609737477,2.0042454457562218
2025-09-01,1000,912,0.912,909,0.043427897089879534,0.08231661971899593,-1.5582077538598687e-17,0.9999999999999994,-5.540804596809542,1.996665585926372
2025-09-02,1000,909,0.909,905,-0.013158810399102702,0.07136594052421816,-2.3450255305613868e-17,1.0000000000000004,-4.9556917607049815,1.7184270657994578
2025-09-03,1000,908,0.908,904,-0.04711118141388953,0.03388779010724467,-1.9563401314980733e-17,1.0,-5.780523285913918,1.9197784581338555
2025-09-04,1000,908,0.908,905,-0.012431847914419538,0.05091417838697036,3.521412236696532e-17,1.0,-6.125690924367049,2.0363418688092088
2025-09-05,1000,909,0.909,907,-0.01164610952044241,0.0363337230595728,0.0,0.9999999999999996,-5.730166012171525,2.0601370238402446
2025-09-08,1000,911,0.911,909,0.01813591261277492,0.06363783985750121,-3.5098159285625145e-17,1.0000000000000007,-5.419261783446254,1.8162296888041651
2025-09-09,1000,911,0.911,909,-0.011970213337033134,0.04241904112295211,1.5599181904722288e-17,0.9999999999999999,-5.4592465863888435,1.962654670648784
2025-09-10,1000,912,0.912,912,0.030834955970579263,0.05204768347320091,-4.674623261579606e-17,1.0000000000000007,-5.5760642697266505,1.8895019016564485
2025-09-11,1000,913,0.913,913,0.07642117216922853,0.09106284608489602,-1.556501064096605e-17,1.0000000000000002,-5.600189742984698,2.0409446455173597
2025-09-12,1000,913,0.913,912,0.0757112312305691,0.09865098327301078,0.0,0.9999999999999999,-5.046139311692782,1.965438747359584
2025-09-15,1000,914,0.914,914,0.11975827699273038,0.15703686282179852,-5.441793381094859e-17,0.9999999999999998,-5.095159145993039,1.8091345826720442
2025-09-16,1000,918,0.918,918,0.1948219047832797,0.19517632998883086,-7.74011694727778e-18,0.9999999999999993,-4.770901976147705,1.72582364900378
2025-09-17,1000,918,0.918,918,0.21804748111183503,0.21545577509680766,-7.74011694727778e-18,0.9999999999999991,-5.066286513713116,1.8568493536829018
2025-09-18,1000,918,0.918,917,0.19113552028736364,0.17333827228833454,-7.74011694727778e-17,0.9999999999999993,-5.269608777821942,2.231406901159098
2025-09-19,1000,915,0.915,912,0.146037278717094,0.14920305611716364,1.553098875978361e-17,0.9999999999999994,-5.041900389389414,2.055482571892865
2025-09-22,1000,912,0.912,911,0.16299446933363482,0.15508451100775061,1.1686558153949016e-17,0.9999999999999986,-5.035267042347828,1.9961686090017008
2025-09-23,1000,911,0.911,910,0.12739875699603675,0.09997396194375156,-7.799590952361144e-18,0.9999999999999994,-5.5894899333248205,2.057473441865579
2025-09-24,1000,912,0.912,910,0.08484699982285282,0.1059558262145759,3.5059674461847047e-17,0.9999999999999998,-5.51528647438898,1.9879869559859347
2025-09-25,1000,909,0.909,908,0.05851516922586316,0.07978474349844807,7.816751768537955e-18,0.9999999999999999,-5.405639480237411,2.04080781065306
2025-09-26,1000,909,0.909,906,0.023896775995448212,0.07838864270542588,-7.816751768537955e-18,0.9999999999999997,-5.593754782700039,1.8233299575836093
2025-09-29,1000,907,0.907,906,0.12484122513188255,0.12025032175281393,1.5667976532747524e-17,0.9999999999999997,-5.957450493802508,1.9692237912967552
2025-09-30,1000,906,0.906,904,0.11334469835929459,0.13569678651219264,-2.7449222683889082e-17,1.0,-5.6335277231775205,1.8778173666481115
2025-10-09,1000,907,0.907,906,0.08025556353540271,0.12962747979954228,-1.5667976532747524e-17,0.9999999999999999,-4.899533457037806,2.0172442896034246
2025-10-10,1000,909,0.909,909,-0.0020217048783782153,0.06335585685728533,-1.563350353707591e-17,1.0000000000000002,-4.749457501854877,1.9503589215684234
2025-10-13,1000,909,0.909,909,0.14792838296752978,0.15255887496617512,-4.2992134726958756e-17,1.0000000000000016,-5.2073136611703275,2.121678268913978
2025-10-14,1000,909,0.909,909,0.10805162900589511,0.15633555133558244,3.908375884268978e-18,0.9999999999999982,-5.4175107957211335,2.0431984386533233
2025-10-15,1000,909,0.909,909,0.06956008506144487,0.1537140280402097,-1.563350353707591e-17,0.9999999999999999,-5.37059586084752,1.7208731571101632
2025-10-16,1000,908,0.908,908,-0.022249723243763342,0.13477688527134454,3.1301442103969174e-17,0.9999999999999999,-5.115227435371337,1.5286022626413636
2025-10-17,1000,908,0.908,908,-0.01894870040117636,0.14934315340258855,-3.521412236696532e-17,1.0,-5.619219604043781,1.703314573964933
2025-10-20,1000,908,0.908,908,-0.06941360412306088,0.13114954245724936,5.477752368194605e-17,1.0000000000000016,-5.578002222498054,1.6862371532684821
2025-10-21,1000,908,0.908,908,-0.04085486183258443,0.09749662513593459,-1.9563401314980733e-17,1.0,-5.3951547300857365,1.8841655511560451
2025-10-22,1000,909,0.909,908,-0.01147477661878721,0.0777573832384213,0.0,1.0000000000000002,-4.904856628093875,1.547681001338529
2025-10-23,1000,909,0.909,908,-0.0736386786285979,0.05086289690423957,-5.471726237976569e-17,1.0000000000000007,-5.485893758331427,1.5772281514163087
2025-10-24,1000,909,0.909,906,-0.006039321666722975,0.08704432675929882,0.0,1.0,-5.018269706681715,1.8464979795764096
2025-10-27,1000,908,0.908,906,0.07498035048138244,0.1565700648447324,0.0,1.0000000000000007,-5.095174970087249,1.9003581272694547
2025-10-28,1000,908,0.908,906,0.03544643397114295,0.16104916717672987,-2.347608157797688e-17,0.9999999999999999,-5.295031749266634,1.754322010436636
2025-10-29,1000,909,0.909,907,0.018839576095373574,0.10565998457561147,-1.563350353707591e-17,0.9999999999999996,-5.142920681997172,1.9121460769919312
2025-10-30,1000,909,0.909,907,0.030638544191205767,0.10866961946781842,-2.3450255305613868e-17,0.9999999999999993,-5.361485171889052,1.6859893789283158
2025-10-31,1000,907,0.907,903,-0.11244314406878686,0.06609930284253517,-7.833988266373762e-18,0.9999999999999999,-5.76795405368302,1.640928853733488
2025-11-03,1000,907,0.907,903,-0.037426073774599826,0.10385918285679496,1.5667976532747524e-17,0.9999999999999999,-5.667597676836573,1.6857870542886435
2025-11-04,1000,907,0.907,903,-0.026821582573095547,0.06852744288911233,-1.5667976532747524e-17,1.0000000000000007,-5.980291342037724,1.639797923869993
2025-11-05,1000,909,0.909,905,0.07055903652747762,0.1400828350632983,-6.253401414830364e-17,1.0000000000000009,-6.413619100202128,1.5698450163906568
2025-11-06,1000,909,0.909,905,0.09355577475114032,0.1514957468105583,8.598426945391751e-17,1.0000000000000007,-5.045284815161416,1.513283980510116
2025-11-07,1000,908,0.908,905,0.06423819463661243,0.14992434296686824,3.521412236696532e-17,0.9999999999999994,-5.186043916085364,1.6805963981960539
2025-11-10,1000,910,0.91,908,0.006027008621862877,0.11396031312063823,3.123264772571869e-17,0.9999999999999994,-5.495454761248836,1.4254247191991969
2025-11-11,1000,912,0.912,908,0.039667771910829396,0.06196294337650328,2.7268635692547703e-17,0.9999999999999989,-5.286780752163923,1.312572080039287
2025-11-12,1000,912,0.912,908,0.008918872370949463,0.04137704883660999,1.5582077538598687e-17,1.0000000000000007,-5.690441732922382,1.6336220281660525
2025-11-13,1000,914,0.914,910,0.03587177951519756,0.12032910096517928,7.773990544421227e-18,0.999999999999999,-5.68499054715708,1.634044403447789
2025-11-14,1000,916,0.916,912,0.01541658501027769,0.11616486981911336,1.1635525148909937e-17,1.0000000000000004,-5.352818101933399,1.4160428338595916
2025-11-17,1000,916,0.916,913,0.15593288466342875,0.15223897108428194,-1.5514033531879916e-17,0.9999999999999999,-5.658426196542891,1.3860091656015707
2025-11-18,1000,914,0.914,912,0.13927290953225446,0.19574606688929114,7.773990544421227e-18,0.9999999999999996,-5.896401191686315,1.3825265863278928
2025-11-19,1000,912,0.912,908,0.17584827581686133,0.18604161624504503,4.285071323114639e-17,0.9999999999999999,-5.8900436331083865,1.3635776671944215
2025-11-20,1000,911,0.911,907,0.13666870649662166,0.1732405844061181,-1.5599181904722288e-17,0.9999999999999998,-5.3858629518428005,1.3661615624149195
2025-11-21,1000,911,0.911,905,0.08742530366396872,0.13099564457648877,-3.1198363809444576e-17,0.9999999999999996,-5.9330076342412434,1.4960418409593734
2025-11-24,1000,911,0.911,907,0.027100379471651077,0.09547298446562533,3.1198363809444576e-17,1.0,-6.01774388990347,1.8676751779300789
2025-11-25,1000,910,0.91,907,0.049346203928536995,0.0775323961397382,-2.3424485794289017e-17,0.9999999999999997,-6.06339583456135,1.9525743925381234
2025-11-26,1000,911,0.911,910,-0.045210145591017846,0.04277938441899038,5.4597136666528006e-17,1.0000000000000002,-6.084599260105164,1.6042115871973812
2025-11-27,1000,912,0.912,911,-0.047793990882647894,0.016939452641676928,1.5582077538598687e-17,1.000000000000001,-6.127628935706875,1.4164606713401318
2025-11-28,1000,914,0.914,911,0.012967321932535256,0.03257787153441071,-5.441793381094859e-17,1.0,-6.132621843312872,1.5325979894154558
2025-12-01,1000,912,0.912,909,0.06352276759557883,0.07698905594223628,1.0128350400089147e-16,0.9999999999999998,-6.127212573619398,1.6305155524969053
2025-12-02,1000,911,0.911,909,-0.021804496810262166,0.07193003677271015,-3.1198363809444576e-17,0.9999999999999997,-6.0000295797046395,1.7015033693717911
2025-12-03,1000,912,0.912,910,-0.0796981587865855,0.0468899499663918,1.5582077538598687e-17,1.0,-6.205632033347266,1.4810537609292649
2025-12-04,1000,910,0.91,908,-0.048332289887259995,0.031632398516795064,-4.6848971588578034e-17,1.0000000000000007,-6.328657661806933,1.3367763983424605
2025-12-05,1000,911,0.911,909,-0.04663529759299053,0.01884527715643326,-3.1198363809444576e-17,1.0,-5.994606924440226,1.662803401531414
2025-12-08,1000,911,0.911,909,-0.07964760171013342,0.011878251042295786,-4.679754571416686e-17,0.9999999999999997,-5.924736591876412,1.7397296478793498
2025-12-09,1000,909,0.909,906,-0.09534764018412342,0.04991493881855728,5.0808886495496716e-17,0.9999999999999996,-5.5672993075332835,1.541429623705188
2025-12-10,1000,911,0.911,909,-0.06332156990465797,0.0902610740129465,-1.5599181904722288e-17,0.9999999999999997,-6.130992756387935,1.5383114689396653
2025-12-11,1000,909,0.909,905,-0.12334361449393486,0.07279597285625831,2.3450255305613868e-17,1.0000000000000002,-6.260158960608894,1.7012916989765239
2025-12-12,1000,909,0.909,903,-0.08216338030222672,0.0747019386463146,-5.471726237976569e-17,0.9999999999999999,-5.794674979707688,1.8137995974478112
2025-12-15,1000,908,0.908,904,-0.05798931175238691,0.061741681550483526,1.5650721051984587e-17,1.0000000000000009,-5.736294750130059,1.802578280345324
2025-12-16,1000,908,0.908,904,-0.03162810568702142,0.024016412315571677,-3.1301442103969174e-17,1.0,-5.572933461140583,2.1413628226267902
2025-12-17,1000,908,0.908,903,-0.06320816747978107,0.06353878273787483,0.0,1.0000000000000004,-5.854493292946741,2.3282233119768625
2025-12-18,1000,906,0.906,903,-0.11351370054605471,0.020492118790533725,-2.352790515761921e-17,1.0000000000000002,-5.364287063796865,2.132704752647052
2025-12-19,1000,905,0.905,902,0.013088343252852179,0.10615094107135878,-3.925650473812708e-17,1.0000000000000016,-6.2893714513063115,1.8468476633061195
2025-12-22,1000,904,0.904,902,-0.025926192512660977,0.10062117878783194,3.929993007522678e-17,0.9999999999999999,-5.867575354870915,2.2500378713294897
2025-12-23,1000,904,0.904,903,-0.04947432540640962,0.11558535478602937,7.859986015045356e-18,1.0,-5.984557083999017,1.9377039207088491
2025-12-24,1000,904,0.904,903,-0.021549762234218638,0.12864435004424232,-7.859986015045356e-18,1.0000000000000013,-5.721209316195265,2.0484782330639204
2025-12-25,1000,903,0.903,903,0.035001099253280786,0.13603779708118996,-1.5737380636990037e-17,1.0000000000000007,-6.127680907465085,2.155868202269148
2025-12-26,1000,903,0.903,902,0.06572292615599158,0.21868772899547712,-7.868690318495018e-18,0.999999999999999,-6.3481057969161805,1.663374914864216
2025-12-29,1000,903,0.903,902,0.03316108307613553,0.22603052754148498,1.5737380636990037e-17,0.9999999999999999,-5.603324395720986,1.8960622082535403
2025-12-30,1000,902,0.902,902,0.08607271866574738,0.20713791228024206,9.452896706342796e-17,0.9999999999999996,-5.616521281238404,1.8871288668715744
2025-12-31,1000,902,0.902,901,0.08245261862389028,0.20510550886094908,5.5141897453666315e-17,1.0,-5.558526129385007,1.8583865365596801
2026-01-05,1000,902,0.902,901,0.0002418449730992859,0.1476884197771255,-3.150965568780932e-17,0.9999999999999997,-5.585203648553536,1.8890697787588373
2026-01-06,1000,903,0.903,902,0.0221293644942911,0.156288927711757,1.1803035477742528e-17,0.999999999999999,-5.693277163703809,2.0363397430420433
2026-01-07,1000,904,0.904,903,0.06399915186240833,0.13941701593236377,-3.929993007522678e-18,1.0000000000000002,-5.435495850939112,1.9459073093843184
2026-01-08,1000,906,0.906,904,0.11947409830539646,0.1611214123492194,5.4898445367778163e-17,1.0,-5.878832857202566,1.961531720449036
2026-01-09,1000,906,0.906,903,0.12130188803319558,0.15783345258418302,1.5685270105079474e-17,0.9999999999999998,-6.025323655428176,2.2471743920511904
2026-01-12,1000,906,0.906,902,0.1382409839598237,0.19562725661873598,3.137054021015895e-17,1.0000000000000007,-5.416426669930736,2.3790595779437016
2026-01-13,1000,905,0.905,903,0.1774543518465736,0.2073730257759195,5.495910663337792e-17,1.0000000000000002,-5.707129082663143,2.217276002420466
2026-01-14,1000,904,0.904,903,0.15075046162021943,0.18227056822917143,8.645984616549892e-17,0.9999999999999994,-5.6599528947380895,2.2746131701210404
2026-01-15,1000,903,0.903,902,0.04919688673984785,0.12957092462630646,-5.508083222946513e-17,1.0000000000000007,-6.386384180314073,2.0291881656299786
2026-01-16,1000,901,0.901,900,0.022142085185704,0.09694001033186958,7.886156889679247e-17,1.0000000000000013,-5.110407650183833,2.2452829358298065
2026-01-19,1000,902,0.902,900,-0.0003374342684186883,0.05587296246645282,1.1816120882928495e-17,0.9999999999999996,-5.643913726130696,1.9647421713904354
2026-01-20,1000,904,0.904,902,-0.028252659535703915,0.03663400280926666,-1.5719972030090712e-17,1.0,-5.344752991358614,1.8478775082836525
2026-01-21,1000,903,0.903,901,-0.02651785942534647,0.062413726821067626,7.868690318495018e-18,0.9999999999999994,-5.338325092979981,1.7713109740040602
2026-01-22,1000,904,0.904,900,-0.026736867741689326,0.04119415853096377,7.859986015045356e-18,1.0000000000000002,-5.5307614982536535,1.58860772425813
2026-01-23,1000,908,0.908,904,0.03472110393596208,0.09212370575616646,1.5650721051984587e-17,1.0000000000000009,-5.225524498286739,1.9242705628572387
2026-01-26,1000,905,0.905,902,0.057742507807347083,0.09726042529276997,-1.5702601895250834e-17,0.9999999999999991,-5.187526283883496,1.8733058365338364
2026-01-27,1000,905,0.905,902,0.04518357310224034,0.050691493640317394,-1.5702601895250834e-17,1.0000000000000009,-6.0988116968079105,1.6291193591098303
2026-01-28,1000,906,0.906,903,-0.004622645979348072,0.017383548411512656,-3.529185773642882e-17,1.0000000000000002,-6.0903737853739495,1.6477007454783907
2026-01-29,1000,906,0.906,904,-0.010017235425841861,0.09194697672038792,-3.9213175262698686e-18,1.0000000000000002,-5.494157888599994,2.0592600636522325
2026-01-30,1000,906,0.906,903,-0.06574897154270787,0.02969917533948623,1.1763952578809606e-17,0.9999999999999991,-5.858834116439224,2.0513447566668637
2026-02-02,1000,905,0.905,904,-0.06070268683388817,0.03364006590332791,3.140520379050167e-17,1.0,-6.098395669493001,2.210241153014353
2026-02-03,1000,905,0.905,904,-0.003090243880452029,0.04858750809362096,1.5702601895250834e-17,1.0,-6.248903458513333,2.1935849623707804
2026-02-04,1000,907,0.907,906,-0.02439951730242499,0.06493471455227627,-8.22568767969245e-17,0.9999999999999989,-5.830398373759322,1.7705307424100813
2026-02-05,1000,907,0.907,906,0.015248167833070708,0.07860386865820504,0.0,1.0000000000000007,-5.740643726988957,1.721715197363181
2026-02-06,1000,905,0.905,904,0.06848929955097247,0.07882457997653669,-5.495910663337792e-17,1.0000000000000009,-6.221663194506603,1.9009776564123506
2026-02-09,1000,905,0.905,905,0.12645119708277158,0.08017490594450506,7.851300947625417e-18,0.9999999999999996,-5.980263496299057,2.0930907593528545
2026-02-10,1000,907,0.907,906,0.10020336422000731,0.05461757448242322,-2.3501964799121286e-17,0.9999999999999999,-5.947545122400188,2.7744527184234578
2026-02-11,1000,907,0.907,906,0.03588215671724566,0.04127787663797036,-1.5667976532747524e-17,1.0000000000000002,-6.1611765890423476,2.806856184425102
2026-02-12,1000,907,0.907,907,0.08480554710772412,0.05046858818255411,7.833988266373762e-18,1.0000000000000002,-5.46183868467863,2.1975435901986113
2026-02-13,1000,906,0.906,905,0.054195644330017355,0.015498171708808729,0.0,1.0000000000000004,-6.002472592536635,2.0187154388659736
2026-02-24,1000,906,0.906,905,0.02743761503608219,0.010745100342900119,1.9606587631349344e-17,1.0,-5.508487926717426,1.9125548555470628
2026-02-25,1000,907,0.907,907,0.013282990707111635,0.022947087897519786,3.133595306549505e-17,0.9999999999999993,-5.102641872762101,1.7596710032049818
2026-02-26,1000,906,0.906,906,0.02024939238039878,0.016764861983195607,4.705581031523842e-17,0.9999999999999997,-5.518967993554998,2.3462016579043636
2026-02-27,1000,906,0.906,904,0.00905478563565478,0.005704944167857756,-5.4898445367778163e-17,0.9999999999999996,-5.156497238286107,2.3890266557368856
2026-03-02,1000,906,0.906,906,0.042783368214845074,0.014122156476834895,3.137054021015895e-17,0.9999999999999989,-5.6821730736638,2.09261027684888
2026-03-03,1000,906,0.906,906,-0.025657710034007155,-0.005788009019244881,-3.529185773642882e-17,0.9999999999999999,-5.493214976159108,1.981931981607815
2026-03-04,1000,905,0.905,905,0.1042074093667078,0.028764858989517784,-3.140520379050167e-17,1.0000000000000009,-5.915024574243044,1.8227721548452354
2026-03-05,1000,906,0.906,906,0.030459896320890505,-0.03347892083396268,-5.097712784150829e-17,0.9999999999999998,-5.555700812837838,1.8953357253203003
2026-03-06,1000,907,0.907,907,0.04983459802378981,-0.02384130406022483,7.246439146395729e-17,1.0000000000000002,-5.652854925585324,1.9545995327510532
2026-03-09,1000,907,0.907,907,0.052942213534986876,-0.00829259616635512,-1.5667976532747524e-17,0.9999999999999999,-5.982846407706425,1.9478566415765217
2026-03-10,1000,909,0.909,909,0.03098455498782944,-0.02873731638324035,2.3450255305613868e-17,0.9999999999999994,-5.604990166682128,2.5174775516780183
2026-03-11,1000,910,0.91,910,-0.01355259602282554,-0.051601148547182195,-7.808161931429672e-18,1.0000000000000002,-5.700399797043012,2.632131302288419
2026-03-12,1000,910,0.91,910,0.07435194569773412,-0.02703717192532352,3.123264772571869e-17,1.0000000000000007,-5.96174038807724,2.3350535756196376
2026-03-13,1000,910,0.91,910,-0.0336509554015542,-0.056267508511308455,-2.3424485794289017e-17,0.9999999999999996,-5.676130213165401,1.9833160503905674
2026-03-16,1000,911,0.911,911,-0.04264898900632666,-0.05732757357272518,-1.949897738090286e-17,0.9999999999999994,-5.555519594450799,1.7408267066316245
2026-03-17,1000,912,0.912,912,-0.05642252049642892,-0.06904326243456932,-2.337311630789803e-17,0.9999999999999996,-5.694007996885839,1.807308767600424
2026-03-18,1000,912,0.912,911,-0.05491631360814638,-0.06168313804251778,-4.674623261579606e-17,0.9999999999999994,-5.4638644070603215,1.9676473286837244
2026-03-19,1000,910,0.91,909,-0.03213691088961644,-0.06513616823142034,0.0,0.9999999999999994,-5.596093477421197,1.9709225074039824
2026-03-20,1000,909,0.909,907,-0.15577964850051917,-0.05345473482729403,1.563350353707591e-17,1.0000000000000004,-5.70868386682055,2.072658903815479
2026-03-23,1000,904,0.904,902,-0.11540722524724331,-0.053453334012582024,2.3579958045136068e-17,1.0000000000000004,-4.963623891185236,2.10395266185067
2026-03-24,1000,908,0.908,905,-0.10948380494588264,-0.017895521675536288,7.825360525992294e-18,0.9999999999999997,-5.376711921540048,1.9339414505473118
2026-03-25,1000,910,0.91,907,-0.12846267090292493,-0.01642679347067314,-2.3424485794289017e-17,1.0000000000000007,-5.228905283401833,2.1379988670615204
2026-03-26,1000,909,0.909,905,-0.15338988526630307,-0.038861436542772645,-7.816751768537955e-18,1.0000000000000002,-5.915473825613334,2.158067358573552
2026-03-27,1000,910,0.91,908,-0.13717623520757172,-0.017191767221957078,-3.123264772571869e-17,0.9999999999999998,-5.010302069518605,1.9011219829933426
2026-03-30,1000,910,0.91,906,-0.1200523617680788,-0.03519871253680593,5.465713352000771e-17,0.9999999999999996,-5.92995480479584,1.8486608014339825
2026-03-31,1000,911,0.911,905,-0.11855118746691809,-0.06418408069792403,-3.1198363809444576e-17,0.9999999999999999,-6.412011521340569,1.952373652144456
2026-04-01,1000,909,0.909,907,-0.09535254590017024,-0.05891111221081309,6.253401414830364e-17,0.9999999999999994,-6.039503633967661,1.9033189222915614
2026-04-02,1000,910,0.91,909,-0.09878381364137755,-0.06522989316065401,0.0,1.000000000000001,-5.7263816375558285,1.7124216787542181
2026-04-03,1000,909,0.909,909,-0.13295347840928814,-0.07308992138114301,7.816751768537955e-18,1.0000000000000007,-5.341439296711927,2.2836617055655375
2026-04-07,1000,910,0.91,910,-0.08616270861772589,-0.07234500797444109,7.808161931429672e-18,1.0,-6.1146704939643906,1.767468343882888
2026-04-08,1000,911,0.911,911,-0.1477162444895251,-0.08711235884769965,5.4597136666528006e-17,0.9999999999999991,-5.645607634310913,2.1369645270423265
2026-04-09,1000,910,0.91,910,-0.16796667183119016,-0.08511579892369057,-5.465713352000771e-17,0.9999999999999991,-5.397244126842442,2.141234359166909
2026-04-10,1000,910,0.91,910,-0.2052745929862014,-0.08768924033568531,2.3424485794289017e-17,1.0,-5.127032597764089,2.1719292608323344
2026-04-13,1000,910,0.91,910,-0.21797752595247022,-0.08956528963870845,-5.075305255429287e-17,0.9999999999999993,-5.081832418679255,2.31549964334181
2026-04-14,1000,913,0.913,913,-0.22344496223809432,-0.0987334491847011,-1.1673757980724537e-17,0.9999999999999997,-4.7523018864772055,2.036344056169065
2026-04-15,1000,913,0.913,913,-0.10833485975612323,-0.08675179580171156,3.8912526602415124e-18,0.9999999999999989,-5.67489832450035,1.8642228044852691
2026-04-16,1000,912,0.912,912,-0.0412274091644731,-0.029646473531244836,1.1686558153949016e-17,1.0,-5.370455359212314,1.7574153572811892
2026-04-17,1000,913,0.913,912,-0.08546496417444237,-0.05066861577597459,-3.8912526602415124e-18,1.0000000000000002,-5.305492560659839,2.097115357439363
2026-04-20,1000,912,0.912,911,-0.058895051398568786,-0.05184200574059828,2.337311630789803e-17,0.9999999999999991,-5.614859524595403,2.2984110789250356
2026-04-21,1000,911,0.911,911,-0.08720523055097,-0.023728056514015983,1.1699386428541715e-17,1.0000000000000002,-5.376159392107752,1.9819775924558356
2026-04-22,1000,913,0.913,912,-0.010384545460653608,0.005141011125926183,5.836878990362269e-18,1.0,-5.747920601252644,2.154084438820703
2026-04-23,1000,909,0.909,909,-0.030759512576204757,0.014954751331925904,-1.563350353707591e-17,1.0000000000000007,-5.756235743468328,2.2737055408065543
2026-04-24,1000,910,0.91,908,-0.010693926624761914,0.021766887615317504,-1.1712242897144509e-17,1.0,-5.418513485066612,2.076177566915565
2026-04-27,1000,909,0.909,909,-0.042121682558985046,-0.001084250366724752,0.0,0.9999999999999997,-5.392770761014657,1.9124676003425631
2026-04-28,1000,909,0.909,906,-0.06811197000179761,0.010365095436455299,5.0808886495496716e-17,1.0,-5.197224658416925,1.8334301990037971
2026-04-29,1000,908,0.908,903,-0.0028693389831934823,0.032685534873606495,-3.9126802629961466e-17,0.9999999999999999,-5.579291902541151,1.7966307080147195
2026-04-30,1000,905,0.905,904,0.02134468605266769,0.05800776856037983,1.5702601895250834e-17,0.9999999999999994,-5.1579566222275695,1.6908766629090706
2026-05-06,1000,906,0.906,905,0.01577492252793577,0.04643197490107336,3.9213175262698686e-18,0.9999999999999991,-4.980289748836605,1.8798279729679817
2026-05-07,1000,909,0.909,909,0.017583322670473012,0.023100952202012092,-5.0808886495496716e-17,0.9999999999999993,-4.998943674818645,1.975837055781912
2026-05-08,1000,909,0.909,909,0.1092094420176289,0.057650887807471754,0.0,0.9999999999999994,-5.415047894105475,2.0199469128841474
2026-05-11,1000,910,0.91,910,0.0331038694928495,0.0375968186316949,5.075305255429287e-17,0.9999999999999989,-5.664381357852066,2.069340736609568
2026-05-12,1000,908,0.908,908,-0.013503775583813596,0.03495759616731223,-3.912680262996147e-18,1.0000000000000002,-4.997510627496879,2.164744545348795
2026-05-13,1000,909,0.909,909,0.00895532123855649,0.027397660131990836,-3.126700707415182e-17,1.0000000000000009,-4.664589328867134,2.316630788290446
2026-05-14,1000,906,0.906,906,-0.012178027005863394,0.020581166399890733,-7.842635052539737e-18,1.0,-4.471957374626987,2.0611078869442303
2026-05-15,1000,904,0.904,904,0.016454059535283595,-0.0011693449027370588,0.0,1.0000000000000004,-4.946790283856196,1.9617475278172498
2026-05-18,1000,904,0.904,904,-0.07775793905236648,-0.026614653296418565,1.3754975526329373e-17,0.9999999999999997,-4.904353662776181,1.9494165809817128
2026-05-19,1000,904,0.904,904,-0.1218317490406278,-0.059086816736657305,0.0,1.0000000000000009,-5.285539602458836,2.12667798350267
2026-05-20,1000,902,0.902,902,-0.13783440012194165,-0.018449027394781874,4.332577657073782e-17,1.0000000000000004,-4.8062522031840516,2.0911674721642854
2026-05-21,1000,900,0.9,900,-0.168746124123748,-0.07315743218266291,-4.342205607422835e-17,0.9999999999999991,-4.648005648661148,2.4237771076451406
2026-05-22,1000,900,0.9,900,-0.15962761979885345,-0.08267305815888758,-2.3684757858670008e-17,0.9999999999999993,-5.034442736349029,2.5831554614616437
2026-05-25,1000,900,0.9,900,-0.1506906721908213,-0.09008247705995022,-1.578983857244667e-17,0.9999999999999997,-4.478971545754966,2.578005023002222
2026-05-26,1000,900,0.9,900,-0.2149626179070497,-0.12320105112895666,3.947459643111668e-17,1.0,-5.193814577057747,2.506799105287215
2026-05-27,1000,897,0.897,897,-0.224939739442486,-0.11995175348520946,0.0,0.9999999999999988,-5.982910777087334,2.49819945288131
2026-05-28,1000,896,0.896,895,-0.24691210786131815,-0.1477843444190319,-4.7580986769649563e-17,1.0,-5.389680967155438,2.7971694516964556
2026-05-29,1000,895,0.895,893,-0.2693949240068796,-0.17228751222118396,-2.3817074941679335e-17,1.0,-4.895145698851309,2.4016274094445693
2026-06-01,1000,898,0.898,897,-0.24981340387597908,-0.1601843116092777,-3.165001050156348e-17,0.9999999999999996,-5.533879322933462,2.1088832132260547
2026-06-02,1000,896,0.896,895,-0.19616385809347098,-0.17532807168835063,3.9650822308041306e-17,1.0000000000000007,-5.553690905710461,2.1518820439329183
2026-06-03,1000,895,0.895,894,-0.20700482232161385,-0.17189040207617998,1.5878049961119556e-17,1.0,-5.165350455087456,2.1184838505899046
2026-06-04,1000,895,0.895,895,-0.1436659282877373,-0.11290218121182893,-1.5878049961119556e-17,0.9999999999999997,-5.454251068628295,2.3965101684418975
2026-06-05,1000,895,0.895,895,-0.1347928977088481,-0.12890746771506773,3.175609992223911e-17,0.9999999999999998,-5.50413635825122,2.333078267103195
2026-06-08,1000,892,0.892,892,-0.08324332821180842,-0.09335171234304612,-7.965725737220854e-18,0.9999999999999999,-5.07345872524168,2.5168259980149865
2026-06-09,1000,894,0.894,894,-0.030700261821590854,-0.028409457288657406,-1.5895810643402688e-17,0.9999999999999997,-4.600040099262833,2.157362525349552
2026-06-10,1000,891,0.891,891,-0.060018961801318854,-0.04169146513628697,-1.1961998918520205e-17,0.9999999999999991,-5.173963963207565,1.8910561572179274
2026-06-11,1000,891,0.891,891,0.00726411552641871,0.0035092532538779113,-2.791133080988048e-17,0.9999999999999997,-5.142698509797426,1.9008599718880794
2026-06-12,1000,892,0.892,892,-0.03226919339254809,-0.029537140679924804,-2.788004008027299e-17,1.0,-5.551249108857405,1.946155761399514
2026-06-15,1000,892,0.892,892,0.014568172684014688,-0.01599623760759868,2.3897177211662563e-17,0.9999999999999998,-4.994768455865185,2.0044810680016627
2026-06-16,1000,892,0.892,892,0.16155147482935145,0.03329749625372702,-7.169153163498768e-17,0.9999999999999999,-5.301957070201745,2.0957333228697177
2026-06-17,1000,892,0.892,892,0.224586550682012,0.1001091982174,0.0,1.0000000000000004,-5.376011272654167,2.156450536372227
2026-06-18,1000,890,0.89,890,0.3425041635727771,0.17373712691769846,2.3950878733486524e-17,0.9999999999999999,-5.065211434645405,2.3414314636402005
2026-06-22,1000,892,0.892,892,0.4178177131062393,0.24913867942713358,-7.965725737220854e-18,0.9999999999999998,-5.403669955421257,2.2238941248962982
2026-06-23,1000,892,0.892,892,0.40189954863387195,0.26938648680881727,2.788004008027299e-17,0.9999999999999991,-5.495498516414119,2.123829372893602
2026-06-24,1000,890,0.89,889,0.4155701887120866,0.296005574766496,-1.5967252488991017e-17,1.0000000000000013,-4.863326299383602,2.423133577803917
2026-06-25,1000,889,0.889,888,0.4208373479526638,0.2975298520007781,-7.992606701463445e-18,1.0000000000000004,-4.661901139396771,2.306462120954938
2026-06-26,1000,886,0.886,884,0.4633241935062297,0.32714029070036205,-5.613768792687022e-17,1.0000000000000009,-5.446392257891803,2.3474764481806094
2026-06-29,1000,884,0.884,883,0.4552305156082224,0.3471433191585865,-4.018906876471155e-17,0.9999999999999992,-5.962598510777451,2.5654374922062915
2026-06-30,1000,881,0.881,880,0.4702112259001162,0.3585943778558548,1.6130368575711695e-17,0.9999999999999994,-5.272807150845897,2.4805892608871964
2026-07-01,1000,889,0.889,889,0.47052307277072936,0.3948187910392582,-3.197042680585378e-17,0.9999999999999993,-5.4869072968632855,2.422906322333628
2026-07-02,1000,886,0.886,886,0.5080100945551094,0.39204626321164926,8.019669703838602e-18,0.9999999999999999,-5.561835596505728,2.4918586598115025
2026-07-03,1000,886,0.886,886,0.4600071516702751,0.35489435154161625,-8.019669703838602e-18,0.9999999999999996,-6.06410510948942,2.1704103223061733
2026-07-06,1000,898,0.898,898,0.48078901930556683,0.40488716671502545,3.165001050156348e-17,0.9999999999999994,-5.343855871490989,2.1460595377423592
2026-07-07,1000,895,0.895,895,0.4704303839008887,0.40308126268767036,1.5878049961119556e-17,0.9999999999999996,-5.482089806711453,2.0702234829020476
2026-07-08,1000,894,0.894,894,0.4053367878089247,0.35870521650696036,-3.1791621286805377e-17,0.9999999999999998,-5.520246394376468,2.098692641378575
2026-07-09,1000,894,0.894,894,0.4073277118863105,0.33577975690839834,2.3843715965104033e-17,0.9999999999999999,-5.205926710830914,2.603503770583989
2026-07-10,1000,896,0.896,896,0.34943227121761417,0.27707274089615963,3.172065784643304e-17,1.0000000000000007,-5.515625095634032,2.3772762370891516
2026-07-13,1000,895,0.895,894,0.3292668334799863,0.28540031333239135,0.0,0.999999999999999,-4.867744700674095,2.223870336425463
2026-07-14,1000,895,0.895,894,0.25057086810175344,0.22188022758961337,0.0,0.9999999999999994,-5.233296637511846,2.166225162059105
2026-07-15,1000,899,0.899,898,0.14351794064796716,0.12100771874974738,3.161480470567743e-17,1.0000000000000002,-5.44163929472951,2.042782364347914
2026-07-16,1000,901,0.901,900,0.05229247601691757,0.04535198021775098,-1.5772313779358495e-17,1.0000000000000004,-4.932896070075931,2.1216291980895017
2026-07-17,1000,897,0.897,896,-0.08162943352067252,-0.06891682657761955,3.1685294794207366e-17,0.9999999999999994,-5.035890962532246,2.2848132517352764
2026-07-20,1000,898,0.898,897,-0.23843971258835805,-0.20426571692171494,-2.3737507876172613e-17,1.0,-4.805105547614394,2.3246932178845916
2026-07-21,1000,895,0.895,894,-0.1711778102729735,-0.14739466745450225,-1.5878049961119556e-17,1.0,-5.169353489688409,2.4233081832768186
2026-07-22,1000,895,0.895,892,-0.04045907678792637,-0.06807805992579732,7.939024980559778e-18,0.9999999999999994,-5.369599612544541,2.468171766473621
2026-07-23,1000,896,0.896,894,-0.0766863761799602,-0.05464198541670734,7.93016446160826e-18,0.9999999999999992,-4.788097082170828,2.0684628046191658
2026-07-24,1000,892,0.892,890,-0.09936837358677791,-0.07870443155383723,0.0,0.9999999999999999,-5.935098359558353,1.8416748413643411
2026-07-27,1000,897,0.897,896,0.006575190882514236,0.004593324231987413,2.3763971095655524e-17,0.9999999999999999,-5.933501137942514,2.075189261487175
2026-07-28,1000,898,0.898,896,-0.024961890664166604,-0.004733273378826498,7.91250262539087e-18,1.0000000000000004,-6.361017878865272,1.7251835648597165
2026-07-29,1000,903,0.903,902,-0.11126072591975415,-0.05054572851328207,-1.1803035477742528e-17,0.9999999999999997,-5.531638363276326,2.0039204240881228
2026-07-30,1000,904,0.904,903,-0.20736539688311217,-0.1901488779714726,-3.929993007522678e-18,1.0000000000000013,-4.864518353572858,2.158950469959521
2026-07-31,1000,907,0.907,906,-0.1738852908196892,-0.12020725869338411,3.916994133186881e-18,0.9999999999999993,-5.179052516490955,2.09386282573825
2026-08-03,1000,908,0.908,907,-0.2476583147969123,-0.14984657794046644,1.173804078898844e-17,1.0000000000000007,-5.4943327316800685,1.932388283097016
2026-08-04,1000,904,0.904,904,-0.1604604167432797,-0.12129321704694501,2.3579958045136068e-17,0.9999999999999994,-5.248739115269596,1.9851850671357028
2026-08-05,1000,904,0.904,904,-0.10972717762725423,-0.08908527049558693,-5.894989511284017e-18,1.0000000000000007,-5.602222886647401,2.297367988785772
2026-08-06,1000,905,0.905,905,-0.031395618131864665,-0.00326571699460396,-7.851300947625417e-18,1.0,-5.944015694281173,2.001453189773425
2026-08-07,1000,905,0.905,905,0.13044835067470403,0.1455829562050509,4.318215521193979e-17,1.0000000000000009,-5.613350809317793,2.1215414343829675
2026-08-10,1000,907,0.907,906,0.026916065839180613,0.06250417369005051,3.916994133186881e-18,0.9999999999999996,-5.586597238664701,1.8676296021386967
2026-08-11,1000,905,0.905,905,0.1230634106034072,0.10558237160040213,-1.373977665834448e-17,1.0000000000000002,-5.639306381374408,1.7286381767811112
2026-08-12,1000,905,0.905,905,0.20484104672029269,0.1686146112009433,-1.9628252369063543e-18,0.999999999999999,-5.569174011485172,1.7794835431574705
2026-08-13,1000,907,0.907,907,0.21207155909516484,0.1407320879610952,-5.875491199780321e-18,0.9999999999999998,-5.801792259007801,1.9365193560076432
2026-08-14,1000,899,0.899,898,0.23907347923511002,0.1948604494939187,2.7662954117467748e-17,0.9999999999999997,-5.4654576604371465,2.41339208196391
2026-08-17,1000,902,0.902,900,0.21465289706170101,0.20152720203693136,-5.1203190492690145e-17,1.0000000000000007,-5.054218501959218,2.2902790311189993
2026-08-18,1000,901,0.901,899,0.13046646633122053,0.1748504869705966,-1.971539222419812e-18,0.9999999999999997,-5.026217725346521,1.881708036920067
