date,group,formed_count,valid_count,mean_forward_return
2023-01-03,1,181,181,0.052887336669992756
2023-01-03,2,181,181,0.06791408724177368
2023-01-03,3,181,181,0.07590421610225574
2023-01-03,4,181,181,0.06803286050459458
2023-01-03,5,180,180,0.08799714388081825
2023-01-04,1,181,181,0.030863597817806083
2023-01-04,2,181,181,0.05682145010211389
2023-01-04,3,181,181,0.06043035742862451
2023-01-04,4,181,181,0.05695512715093519
2023-01-04,5,181,181,0.07063995254629346
2023-01-05,1,182,182,0.046317843372572394
2023-01-05,2,181,181,0.05575015380374973
2023-01-05,3,181,181,0.06890157274207828
2023-01-05,4,181,181,0.06688790521783987
2023-01-05,5,181,181,0.08305852771470551
2023-01-06,1,182,182,0.038309981956357625
2023-01-06,2,181,181,0.0490577325309323
2023-01-06,3,181,181,0.05958166247433885
2023-01-06,4,181,181,0.060882526426521505
2023-01-06,5,181,180,0.09069760017097081
2023-01-09,1,181,181,0.0483613051703257
2023-01-09,2,181,181,0.05097075441888722
2023-01-09,3,181,181,0.06864361878734064
2023-01-09,4,181,181,0.0780976857877452
2023-01-09,5,181,181,0.09252136490889186
2023-01-10,1,181,181,0.04508180157354537
2023-01-10,2,181,181,0.0510853225107616
2023-01-10,3,181,181,0.07132255149551996
2023-01-10,4,181,181,0.07888498771326254
2023-01-10,5,181,181,0.09338003917816266
2023-01-11,1,181,180,0.05379268107310668
2023-01-11,2,181,181,0.053198566044981445
2023-01-11,3,180,180,0.06747545404846568
2023-01-11,4,181,181,0.08143006291087751
2023-01-11,5,180,180,0.11301409954162749
2023-01-12,1,181,181,0.029320642001693254
2023-01-12,2,180,180,0.036244538651835426
2023-01-12,3,181,181,0.046637724277679905
2023-01-12,4,180,180,0.07637842775075254
2023-01-12,5,180,180,0.09252218079479597
2023-01-13,1,181,181,0.008183357171657198
2023-01-13,2,180,180,0.032752675131447966
2023-01-13,3,181,181,0.031114671894735914
2023-01-13,4,180,180,0.06381522684212151
2023-01-13,5,180,180,0.08336464845834501
2023-01-16,1,181,181,0.021712408986289355
2023-01-16,2,181,181,0.045870586167406364
2023-01-16,3,181,181,0.04720747462921587
2023-01-16,4,181,181,0.05806735910174258
2023-01-16,5,181,181,0.08571483364802544
2023-01-17,1,182,182,0.0231333762490929
2023-01-17,2,181,181,0.040093583767198855
2023-01-17,3,181,181,0.04692792456354773
2023-01-17,4,181,181,0.06608435105473244
2023-01-17,5,181,181,0.07847107833606093
2023-01-18,1,182,182,0.02812180528118517
2023-01-18,2,182,182,0.05035481426027167
2023-01-18,3,182,182,0.05172152174629618
2023-01-18,4,182,182,0.05931961832025596
2023-01-18,5,181,181,0.08753580048945878
2023-01-19,1,182,182,0.021120359219472615
2023-01-19,2,181,181,0.028987541709849816
2023-01-19,3,182,182,0.04550527623701038
2023-01-19,4,181,181,0.04274087415563299
2023-01-19,5,181,181,0.06850192643604251
2023-01-20,1,183,183,-0.006793913156407704
2023-01-20,2,182,182,0.002487885260527034
2023-01-20,3,183,183,0.019719523134795677
2023-01-20,4,182,182,0.02052199206826219
2023-01-20,5,182,182,0.04623696443199462
2023-01-30,1,183,183,0.006618020164807823
2023-01-30,2,183,183,0.009405299517022812
2023-01-30,3,182,182,0.01706977234145427
2023-01-30,4,183,183,0.03203025640445082
2023-01-30,5,182,182,0.04469179778137729
2023-01-31,1,183,183,-0.0016507041386136954
2023-01-31,2,183,183,0.015825380910491068
2023-01-31,3,183,183,0.022174070310316128
2023-01-31,4,183,183,0.033683932082250255
2023-01-31,5,182,182,0.04824631822667163
2023-02-01,1,184,184,-0.009298795580376802
2023-02-01,2,183,183,0.010242384711596731
2023-02-01,3,183,183,0.02154450514010486
2023-02-01,4,183,183,0.02381332923514605
2023-02-01,5,183,183,0.03890710405167743
2023-02-02,1,184,184,-0.0053660631291786495
2023-02-02,2,183,183,0.020921976199222148
2023-02-02,3,184,184,0.019303341935497712
2023-02-02,4,183,183,0.023062891770941958
2023-02-02,5,183,183,0.04129332454368166
2023-02-03,1,184,183,0.004790954382913658
2023-02-03,2,184,184,0.02717646146918447
2023-02-03,3,184,184,0.03132106738480266
2023-02-03,4,184,184,0.03139103664929694
2023-02-03,5,183,183,0.03944311488504645
2023-02-06,1,184,184,0.002458137991927018
2023-02-06,2,184,183,0.030005540781250995
2023-02-06,3,183,183,0.026593088523982122
2023-02-06,4,184,184,0.02551138217463763
2023-02-06,5,183,183,0.03593272052303519
2023-02-07,1,184,184,-0.025075267649504022
2023-02-07,2,184,183,0.0030763149385407756
2023-02-07,3,184,184,0.010343032704740254
2023-02-07,4,184,184,0.0011435240620850209
2023-02-07,5,183,183,0.0029244651985724057
2023-02-08,1,184,183,-0.0013886990208454356
2023-02-08,2,184,184,0.010869428557775833
2023-02-08,3,184,184,0.018573149365979834
2023-02-08,4,184,184,0.022801900855136115
2023-02-08,5,183,183,0.0301059872454584
2023-02-09,1,185,185,-0.023539869989781432
2023-02-09,2,184,183,-0.008977511587144053
2023-02-09,3,184,184,-0.007134915368859959
2023-02-09,4,184,184,-0.006060270063386639
2023-02-09,5,184,184,0.009132427670266889
2023-02-10,1,185,185,-0.028235130790754327
2023-02-10,2,184,184,-0.020100368683948506
2023-02-10,3,184,184,-0.019564276160092094
2023-02-10,4,184,184,-0.011779725203818328
2023-02-10,5,184,184,-0.006319621959807059
2023-02-13,1,184,184,-0.037370520824168495
2023-02-13,2,184,184,-0.031239736023016263
2023-02-13,3,184,184,-0.016123821329173563
2023-02-13,4,184,184,-0.01244953427760354
2023-02-13,5,184,184,-0.0029102292531049652
2023-02-14,1,185,185,-0.039657919940761295
2023-02-14,2,184,184,-0.030443700443634696
2023-02-14,3,184,184,-0.02760850953908568
2023-02-14,4,184,184,-0.022870703740436538
2023-02-14,5,184,184,-0.006654153564606064
2023-02-15,1,185,185,-0.05076365447397813
2023-02-15,2,184,184,-0.019626654159888818
2023-02-15,3,185,185,-0.02756557762589471
2023-02-15,4,184,184,-0.020249268800543202
2023-02-15,5,184,184,-0.019927153887171624
2023-02-16,1,185,185,-0.030745571961417653
2023-02-16,2,184,184,-0.022837369361807507
2023-02-16,3,185,185,-0.008890731548151717
2023-02-16,4,184,184,-0.001585704544541258
2023-02-16,5,184,184,-0.008872900668232202
2023-02-17,1,185,185,-0.02475264009033623
2023-02-17,2,184,184,-0.008114620378971902
2023-02-17,3,185,185,-0.0061102732917908695
2023-02-17,4,184,184,0.003371244492685029
2023-02-17,5,184,184,0.009056992055198585
2023-02-20,1,186,186,-0.0490870982234805
2023-02-20,2,185,185,-0.03395672453951993
2023-02-20,3,185,185,-0.021638718627734137
2023-02-20,4,185,185,-0.020033239017633684
2023-02-20,5,185,185,-0.00941087374671628
2023-02-21,1,187,187,-0.02150067731346829
2023-02-21,2,186,186,-0.029129158648692616
2023-02-21,3,186,186,-0.014849267771698248
2023-02-21,4,186,186,-0.012935860596434362
2023-02-21,5,186,186,0.008783431229951505
2023-02-22,1,186,186,-0.030450459273801956
2023-02-22,2,186,186,-0.01736138899920171
2023-02-22,3,186,186,-0.025993471061006038
2023-02-22,4,186,186,-0.017075715632435935
2023-02-22,5,186,186,0.01492938887164052
2023-02-23,1,186,186,-0.009639443112175704
2023-02-23,2,186,186,-0.02088922634847997
2023-02-23,3,186,186,-0.003786330895503122
2023-02-23,4,186,186,-0.01408279223144812
2023-02-23,5,185,185,0.033275712705205886
2023-02-24,1,186,186,-0.0031301236015184994
2023-02-24,2,186,186,-0.017636029257081996
2023-02-24,3,186,186,-0.010958699418476926
2023-02-24,4,186,186,-0.005308603038832526
2023-02-24,5,185,185,0.05113862928891604
2023-02-27,1,185,185,0.002148009625312367
2023-02-27,2,185,185,-0.015502706560624432
2023-02-27,3,185,185,-0.005583758067994752
2023-02-27,4,185,185,-0.006458916903817883
2023-02-27,5,184,184,0.04235925906849103
2023-02-28,1,186,186,-0.01068903337710001
2023-02-28,2,185,185,-0.032256403918535084
2023-02-28,3,186,186,-0.011993672689231164
2023-02-28,4,185,185,-0.007050177872311657
2023-02-28,5,185,185,0.020286313548370065
2023-03-01,1,186,186,-0.020088043313232277
2023-03-01,2,186,186,-0.028238224961162562
2023-03-01,3,186,186,-0.035617952754019536
2023-03-01,4,186,186,-0.03622775535978031
2023-03-01,5,186,186,0.009314522545850239
2023-03-02,1,186,186,-0.020244163377935453
2023-03-02,2,186,186,-0.036394263488893255
2023-03-02,3,186,186,-0.020401843773396718
2023-03-02,4,186,186,-0.03490233988121367
2023-03-02,5,186,186,0.008262748092354194
2023-03-03,1,187,187,-0.011895510583412556
2023-03-03,2,186,186,-0.024200937247525832
2023-03-03,3,186,185,-0.026769395208894427
2023-03-03,4,186,186,-0.022648061913879376
2023-03-03,5,186,186,0.0216485166096308
2023-03-06,1,186,186,0.01076393089880504
2023-03-06,2,186,186,-0.02207497485701174
2023-03-06,3,186,186,-0.009678390248901332
2023-03-06,4,186,186,-0.004264459571287635
2023-03-06,5,185,185,0.033415018782951625
2023-03-07,1,186,186,0.03726889946683711
2023-03-07,2,185,185,-0.0015806298443324191
2023-03-07,3,186,186,0.009921805267821035
2023-03-07,4,185,185,0.007456557377597682
2023-03-07,5,185,185,0.04729747995482065
2023-03-08,1,186,186,0.017026558270468426
2023-03-08,2,186,186,0.004777173343735702
2023-03-08,3,185,185,-0.006423923300450086
2023-03-08,4,186,186,0.014969824018304205
2023-03-08,5,185,185,0.04976858908038795
2023-03-09,1,186,186,0.03744386568024254
2023-03-09,2,186,186,0.01955395346383733
2023-03-09,3,185,185,0.020103091251962028
2023-03-09,4,186,186,0.012650835319962613
2023-03-09,5,185,185,0.07521604584187111
2023-03-10,1,185,185,0.027425635238667083
2023-03-10,2,185,185,0.024059024202837478
2023-03-10,3,184,184,0.01990849570671986
2023-03-10,4,185,185,0.022674958117596084
2023-03-10,5,184,184,0.06147815794558211
2023-03-13,1,185,185,0.038457471949358425
2023-03-13,2,184,184,0.008259334785031852
2023-03-13,3,185,185,0.021027038714026627
2023-03-13,4,184,184,0.022791169820828266
2023-03-13,5,184,184,0.04677304591102471
2023-03-14,1,185,185,0.05454760156910492
2023-03-14,2,184,184,0.012179767396331266
2023-03-14,3,185,185,0.011604822531507032
2023-03-14,4,184,184,0.04452370150187206
2023-03-14,5,184,184,0.06055265030631216
2023-03-15,1,185,185,0.0493376190732804
2023-03-15,2,185,185,0.0253189904630976
2023-03-15,3,185,185,0.01803589497704246
2023-03-15,4,185,185,0.027844713635825028
2023-03-15,5,185,185,0.05212732572204357
2023-03-16,1,185,185,0.04814174128338155
2023-03-16,2,184,184,0.02938245425448622
2023-03-16,3,184,183,0.018774355595080273
2023-03-16,4,184,184,0.03129113134681723
2023-03-16,5,184,184,0.0570289083862394
2023-03-17,1,185,185,0.04227757006002754
2023-03-17,2,184,184,0.04395534041466593
2023-03-17,3,185,185,0.03224596961738873
2023-03-17,4,184,184,0.023867534158991392
2023-03-17,5,184,184,0.04246179106955248
2023-03-20,1,185,185,0.05011087619492692
2023-03-20,2,184,184,0.04468728836900062
2023-03-20,3,184,184,0.03505837331130089
2023-03-20,4,184,184,0.027421947000266702
2023-03-20,5,184,184,0.03810074276110444
2023-03-21,1,185,185,0.026690844741618553
2023-03-21,2,184,184,0.025717435178796776
2023-03-21,3,185,185,0.015092060209855353
2023-03-21,4,184,184,0.015399914533477999
2023-03-21,5,184,184,0.02170538091799153
2023-03-22,1,185,185,0.02254312230036601
2023-03-22,2,185,185,0.03545403911561651
2023-03-22,3,184,184,0.0026511759460625885
2023-03-22,4,185,185,0.006001873252675699
2023-03-22,5,184,184,0.024794447296242618
2023-03-23,1,185,185,-0.011026928575177333
2023-03-23,2,184,184,-0.005078737206030125
2023-03-23,3,184,184,-0.01113225717880942
2023-03-23,4,184,184,-0.02658895823592431
2023-03-23,5,184,184,-0.020031241662930466
2023-03-24,1,185,185,-0.013201657261077533
2023-03-24,2,185,185,-0.00033295076521019164
2023-03-24,3,185,185,-0.025716340904230937
2023-03-24,4,185,185,-0.02767690069283445
2023-03-24,5,184,184,-0.02935655294568243
2023-03-27,1,184,184,-0.03297584090927564
2023-03-27,2,184,184,-0.024382110282338904
2023-03-27,3,183,183,-0.029482779318969737
2023-03-27,4,184,184,-0.03649085397430884
2023-03-27,5,183,183,-0.05427667903132399
2023-03-28,1,184,184,-0.03029095431151959
2023-03-28,2,183,183,-0.022262555648239684
2023-03-28,3,184,182,-0.023196252607313023
2023-03-28,4,183,182,-0.018764029209422876
2023-03-28,5,183,183,-0.04888116836250822
2023-03-29,1,183,183,-0.03701941063136087
2023-03-29,2,182,181,-0.009407930956674514
2023-03-29,3,183,183,-0.003517490724184761
2023-03-29,4,182,181,-0.0058589618181418505
2023-03-29,5,182,182,-0.04598447494654364
2023-03-30,1,182,182,-0.01925456071741361
2023-03-30,2,182,182,-0.001022784086240214
2023-03-30,3,182,180,0.001010864336798216
2023-03-30,4,182,182,-0.009512707259971654
2023-03-30,5,182,182,-0.011220148962084788
2023-03-31,1,182,182,-0.003083323115125855
2023-03-31,2,182,182,0.010548642073801804
2023-03-31,3,181,180,-0.00940904617928335
2023-03-31,4,182,182,-0.015338077820848483
2023-03-31,5,181,181,-0.028199433602851896
2023-04-03,1,182,182,-0.0456738108677216
2023-04-03,2,182,182,0.007263443514759563
2023-04-03,3,182,181,-0.024268562408607933
2023-04-03,4,182,182,-0.022190963212166036
2023-04-03,5,182,182,-0.04834102056973771
2023-04-04,1,183,183,-0.04100541289870521
2023-04-04,2,182,182,0.02308662758941744
2023-04-04,3,182,182,-0.011697822604076943
2023-04-04,4,182,181,-0.025968253170337633
2023-04-04,5,182,182,-0.030921516806599696
2023-04-06,1,183,182,-0.061519924281218066
2023-04-06,2,182,182,-0.0037504257315490903
2023-04-06,3,182,182,-0.016361563044792266
2023-04-06,4,182,181,-0.03590285396541941
2023-04-06,5,182,182,-0.04441551797324622
2023-04-07,1,183,182,-0.06889058643236003
2023-04-07,2,182,182,-0.02336319527300992
2023-04-07,3,182,182,-0.0153398738231576
2023-04-07,4,182,181,-0.030735608559982513
2023-04-07,5,182,182,-0.05395532396039687
2023-04-10,1,182,182,-0.04671636071970733
2023-04-10,2,182,181,-0.010596014802860503
2023-04-10,3,182,181,-0.01835818953507085
2023-04-10,4,182,182,-0.02407981749843544
2023-04-10,5,181,181,-0.048621479902296615
2023-04-11,1,183,182,-0.06735731925309311
2023-04-11,2,182,182,-0.04152155734084817
2023-04-11,3,182,182,-0.01925284386620318
2023-04-11,4,182,182,-0.03563795006941507
2023-04-11,5,182,181,-0.06545895473988124
2023-04-12,1,184,183,-0.06423278239928239
2023-04-12,2,183,183,-0.025828766242093733
2023-04-12,3,183,183,-0.015884761536254923
2023-04-12,4,183,183,-0.029091963609588045
2023-04-12,5,183,183,-0.06730771678307503
2023-04-13,1,184,183,-0.08063138233746477
2023-04-13,2,183,183,-0.03552756284898738
2023-04-13,3,184,184,-0.02520377399861826
2023-04-13,4,183,183,-0.03542854194845986
2023-04-13,5,183,183,-0.07196337608003864
2023-04-14,1,184,183,-0.06841871180663234
2023-04-14,2,183,182,-0.01958889755978626
2023-04-14,3,184,184,-0.026359327683783646
2023-04-14,4,183,183,-0.03671541312652526
2023-04-14,5,183,183,-0.0652953863059686
2023-04-17,1,184,183,-0.05267784370008254
2023-04-17,2,183,183,-0.04767527347763627
2023-04-17,3,184,184,-0.039896163345571826
2023-04-17,4,183,183,-0.03979435243778179
2023-04-17,5,183,183,-0.06399261769094985
2023-04-18,1,184,183,-0.059065225212769114
2023-04-18,2,183,183,-0.04393393756239865
2023-04-18,3,184,184,-0.03553529297912861
2023-04-18,4,183,183,-0.040304839199786724
2023-04-18,5,183,183,-0.05530566204736307
2023-04-19,1,183,182,-0.06087651998145928
2023-04-19,2,183,183,-0.03163514092151107
2023-04-19,3,183,183,-0.024643778077802256
2023-04-19,4,183,183,-0.02826020574732713
2023-04-19,5,183,183,-0.053299042043970915
2023-04-20,1,183,183,-0.07576449354297846
2023-04-20,2,183,183,-0.03877959705409202
2023-04-20,3,183,183,-0.027224196727082907
2023-04-20,4,183,183,-0.030955354843019627
2023-04-20,5,183,183,-0.07209409695938897
2023-04-21,1,183,183,-0.05109961147330035
2023-04-21,2,182,182,-0.027435313616402772
2023-04-21,3,182,182,-0.030801799407263734
2023-04-21,4,182,182,-0.01375337614047437
2023-04-21,5,182,182,-0.034024711628339706
2023-04-24,1,183,183,-0.04225337771175647
2023-04-24,2,182,182,-0.03201270849355079
2023-04-24,3,182,182,-0.01770205037636098
2023-04-24,4,182,182,-0.009814450744270719
2023-04-24,5,182,182,-0.036704054060712435
2023-04-25,1,183,183,-0.010558181238020197
2023-04-25,2,182,182,-0.004794613011267452
2023-04-25,3,182,182,-0.00014941980292687625
2023-04-25,4,182,182,0.013948269429247356
2023-04-25,5,182,182,0.004808179134845605
2023-04-26,1,183,181,-0.023194398428538106
2023-04-26,2,182,182,-0.016996171510529193
2023-04-26,3,183,183,-0.011608020969247934
2023-04-26,4,182,182,0.000750143613664026
2023-04-26,5,182,182,0.0052824985083661175
2023-04-27,1,182,181,0.0036499401290130675
2023-04-27,2,182,182,-0.03293780994320587
2023-04-27,3,182,182,-0.015842819074267357
2023-04-27,4,182,182,-0.0112711571298018
2023-04-27,5,182,182,0.010490958139942266
2023-04-28,1,183,183,-0.02686269221192561
2023-04-28,2,183,183,-0.03781476983313775
2023-04-28,3,182,182,-0.030439665571472957
2023-04-28,4,183,183,-0.019579775858817892
2023-04-28,5,182,181,-0.011505250195733202
2023-05-04,1,183,183,-0.03206705479411488
2023-05-04,2,183,183,-0.03590699065071648
2023-05-04,3,182,182,-0.035428056568015724
2023-05-04,4,183,183,-0.025748030136825088
2023-05-04,5,182,182,-0.0031959192493285714
2023-05-05,1,183,183,-0.017811960807299614
2023-05-05,2,183,183,-0.028672851343502805
2023-05-05,3,182,182,-0.00996938971339453
2023-05-05,4,183,183,-0.011083429608881925
2023-05-05,5,182,182,0.008228183672207815
2023-05-08,1,184,184,-0.02354523066263881
2023-05-08,2,183,183,-0.03171785760173538
2023-05-08,3,184,184,-0.023631352089220202
2023-05-08,4,183,183,-0.01688018147815275
2023-05-08,5,183,183,0.0004695847556874526
2023-05-09,1,184,183,-0.027200303622068402
2023-05-09,2,183,183,-0.03460987781183406
2023-05-09,3,183,183,-0.02008823318595459
2023-05-09,4,183,183,-0.02366566607430962
2023-05-09,5,183,183,-0.013103028915848313
2023-05-10,1,183,183,-0.020564258325114965
2023-05-10,2,183,183,-0.024740862562175853
2023-05-10,3,183,183,-0.04001285805898059
2023-05-10,4,183,182,-0.025611068063714916
2023-05-10,5,183,183,-0.010704351613173365
2023-05-11,1,184,184,-0.022503949403708576
2023-05-11,2,183,183,-0.025353610288296063
2023-05-11,3,183,183,-0.02395325031755353
2023-05-11,4,183,182,-0.020634769425611918
2023-05-11,5,183,183,-0.015137967956600286
2023-05-12,1,183,183,-0.0025861350974064425
2023-05-12,2,183,183,-0.019365433219970998
2023-05-12,3,183,183,-0.014081988083892001
2023-05-12,4,183,182,-0.010335320413122837
2023-05-12,5,182,182,0.009230732663856087
2023-05-15,1,183,183,-0.002260516326210023
2023-05-15,2,183,183,-0.016763704965375
2023-05-15,3,183,183,-0.018417072811613106
2023-05-15,4,183,182,-0.01147561172389661
2023-05-15,5,183,183,0.00557947914542646
2023-05-16,1,183,183,0.028808401925296625
2023-05-16,2,183,183,-0.01690775730195986
2023-05-16,3,182,182,0.0007514193782573782
2023-05-16,4,183,183,0.0009026792232689455
2023-05-16,5,182,181,0.032605913578702746
2023-05-17,1,183,183,0.01420514173280006
2023-05-17,2,182,182,-0.017173552997621407
2023-05-17,3,183,181,-0.005288376391468773
2023-05-17,4,182,182,-0.013836236739936208
2023-05-17,5,182,182,0.04011055905397565
2023-05-18,1,183,182,0.02768711235061483
2023-05-18,2,182,182,-0.009571291937465939
2023-05-18,3,182,181,0.009090449918467542
2023-05-18,4,182,182,-0.0028148225807904537
2023-05-18,5,182,182,0.02718566163245315
2023-05-19,1,182,181,0.03748346794559225
2023-05-19,2,182,182,0.00452342580977861
2023-05-19,3,181,181,0.0023132483509153254
2023-05-19,4,182,182,0.0028092138407973125
2023-05-19,5,181,181,0.04054716707243946
2023-05-22,1,182,181,0.04902937941013709
2023-05-22,2,181,181,0.002596164512727463
2023-05-22,3,182,182,-0.01435826112030951
2023-05-22,4,181,181,-0.003306055462801421
2023-05-22,5,181,181,0.032745930442397965
2023-05-23,1,181,181,0.06057502173667187
2023-05-23,2,181,181,0.005961837364765551
2023-05-23,3,181,181,0.0007470602097514656
2023-05-23,4,181,181,0.01204858291304461
2023-05-23,5,180,180,0.04374415136517332
2023-05-24,1,181,181,0.026939828190245277
2023-05-24,2,181,181,-0.00728151381332293
2023-05-24,3,181,181,-0.015547076597180673
2023-05-24,4,181,181,0.0024904380365593165
2023-05-24,5,180,180,0.027525160964358007
2023-05-25,1,181,181,0.022172283208340096
2023-05-25,2,181,181,-0.01891458171555694
2023-05-25,3,181,181,-0.015299614189594917
2023-05-25,4,181,181,-0.02526232213850159
2023-05-25,5,180,180,0.02313563476046992
2023-05-26,1,181,181,0.016091147261944605
2023-05-26,2,181,181,-0.0015062914188524895
2023-05-26,3,181,181,-0.009863763527720783
2023-05-26,4,181,181,-0.007760964100118688
2023-05-26,5,181,181,0.010662870683581599
2023-05-29,1,181,181,0.014564769175157347
2023-05-29,2,181,181,-0.0028513981591540816
2023-05-29,3,180,180,-0.00042834366321423925
2023-05-29,4,181,181,-0.001888307053060002
2023-05-29,5,180,180,0.010100130224208127
2023-05-30,1,181,181,0.009329819772813166
2023-05-30,2,180,180,-0.00442607937439949
2023-05-30,3,181,181,-0.007659736590865395
2023-05-30,4,180,180,0.0068362299480713715
2023-05-30,5,180,180,0.018191113100914726
2023-05-31,1,180,180,0.02741586879856236
2023-05-31,2,180,180,0.003400976748547671
2023-05-31,3,180,180,0.019807149997554507
2023-05-31,4,180,180,0.028109034523631282
2023-05-31,5,180,180,0.030035796286706246
2023-06-01,1,181,180,0.014409827501263031
2023-06-01,2,180,180,0.029086177611083508
2023-06-01,3,180,180,0.01311422027034009
2023-06-01,4,180,180,0.026519899754254152
2023-06-01,5,180,180,0.02034255832523093
2023-06-02,1,181,180,0.018302959726421483
2023-06-02,2,180,180,0.00046899088577936714
2023-06-02,3,180,180,0.004034900596492006
2023-06-02,4,180,180,0.018727636494110682
2023-06-02,5,180,180,0.024708542803086733
2023-06-05,1,180,179,0.002120099113593937
2023-06-05,2,180,180,-0.00030729299618305556
2023-06-05,3,180,180,0.007926493158830924
2023-06-05,4,180,180,0.020571345501217746
2023-06-05,5,179,179,0.0026311440633202945
2023-06-06,1,180,180,0.02771626093276239
2023-06-06,2,179,179,0.004927038281176945
2023-06-06,3,180,180,0.013941729713380707
2023-06-06,4,179,179,0.03187991048065285
2023-06-06,5,179,179,0.020802557458602152
2023-06-07,1,180,180,0.008441734950713927
2023-06-07,2,179,178,0.025462016855923496
2023-06-07,3,179,179,0.02058131064869433
2023-06-07,4,179,179,0.03707030090109441
2023-06-07,5,179,179,0.011570056180428152
2023-06-08,1,180,180,0.002050201439381295
2023-06-08,2,179,179,0.018135890108842374
2023-06-08,3,180,180,0.01871144897759567
2023-06-08,4,179,179,0.037974052290445134
2023-06-08,5,179,179,0.016804728051865135
2023-06-09,1,179,179,0.005544420062207903
2023-06-09,2,179,179,0.006901925747061087
2023-06-09,3,179,179,0.020135762543197315
2023-06-09,4,179,179,0.05233388316626607
2023-06-09,5,179,179,0.02689866294215546
2023-06-12,1,180,180,-0.004758661258253748
2023-06-12,2,179,179,-0.005474439598725423
2023-06-12,3,179,179,0.016567870028476355
2023-06-12,4,179,179,0.023996176025091742
2023-06-12,5,179,179,0.004298237757404928
2023-06-13,1,180,180,-0.004768815514557245
2023-06-13,2,180,180,0.017066714030159368
2023-06-13,3,179,179,0.015952489458429885
2023-06-13,4,180,180,0.03369652652000332
2023-06-13,5,179,179,0.001553102993718197
2023-06-14,1,179,179,-0.008220031139047406
2023-06-14,2,179,179,0.00474777893600609
2023-06-14,3,179,179,0.010272852616195028
2023-06-14,4,179,179,0.021883718428808218
2023-06-14,5,179,179,0.006005011672704105
2023-06-15,1,180,180,-0.016442683836169057
2023-06-15,2,179,179,-0.0037539902360164087
2023-06-15,3,179,179,-0.0025428084105106486
2023-06-15,4,179,179,0.015899139126881956
2023-06-15,5,179,179,0.005141927305131062
2023-06-16,1,180,180,-0.033855255284682396
2023-06-16,2,180,180,-0.015618013085418431
2023-06-16,3,179,179,-0.004822510699057079
2023-06-16,4,180,180,0.00960525239718547
2023-06-16,5,179,179,-0.0012224882230302304
2023-06-19,1,180,180,-0.0331480110928096
2023-06-19,2,180,180,-0.0054634391590129595
2023-06-19,3,179,179,0.0042945894350673005
2023-06-19,4,180,180,0.02126572446072325
2023-06-19,5,179,179,-0.006141923922861094
2023-06-20,1,180,180,-0.052819278416663125
2023-06-20,2,180,180,-0.0034750580527148226
2023-06-20,3,179,179,0.004959027762260956
2023-06-20,4,180,180,0.007639268286746835
2023-06-20,5,179,179,-0.018252763898786765
2023-06-21,1,180,180,-0.03094510704138054
2023-06-21,2,180,180,0.015351780193507095
2023-06-21,3,180,180,0.0242771439720364
2023-06-21,4,180,180,0.03229635140515252
2023-06-21,5,180,180,0.0035903457108265604
2023-06-26,1,181,181,0.000580368598509271
2023-06-26,2,180,180,0.04062487390870416
2023-06-26,3,180,180,0.03286662229694098
2023-06-26,4,180,180,0.05111526869391405
2023-06-26,5,180,180,0.03210794257062875
2023-06-27,1,181,181,0.002378933283635898
2023-06-27,2,181,181,0.02598890941501478
2023-06-27,3,181,181,0.030728085654532035
2023-06-27,4,181,181,0.03530645334735347
2023-06-27,5,180,180,0.030836172766617025
2023-06-28,1,181,181,-0.0071878390114433685
2023-06-28,2,180,180,0.030930362895720227
2023-06-28,3,181,181,0.034481417857460395
2023-06-28,4,180,180,0.04200103542855781
2023-06-28,5,180,180,0.02272947547341809
2023-06-29,1,181,181,-0.025153865646533862
2023-06-29,2,180,180,0.016130716653912844
2023-06-29,3,181,181,0.028055337021538673
2023-06-29,4,180,180,0.02667083583159516
2023-06-29,5,180,180,0.015864811389473713
2023-06-30,1,182,182,-0.0242484170698561
2023-06-30,2,181,181,0.020836112605713622
2023-06-30,3,181,181,0.048186855471364705
2023-06-30,4,181,181,0.03623397703897626
2023-06-30,5,181,181,0.01529348226446223
2023-07-03,1,182,182,-0.02453340152060166
2023-07-03,2,181,180,0.015669829682047644
2023-07-03,3,182,182,0.03995663833020551
2023-07-03,4,181,181,0.04027029380861116
2023-07-03,5,181,181,0.017413558035037004
2023-07-04,1,182,182,-0.025127274940485837
2023-07-04,2,181,181,0.013132199757476547
2023-07-04,3,181,181,0.037897080242813345
2023-07-04,4,181,181,0.03500643034962533
2023-07-04,5,181,181,0.006503607969409903
2023-07-05,1,180,180,-0.02279128172844603
2023-07-05,2,180,180,0.019685385948684096
2023-07-05,3,180,180,0.04027728356708029
2023-07-05,4,180,180,0.03197162840092162
2023-07-05,5,180,180,0.016250876762651634
2023-07-06,1,180,180,-0.02232795604587595
2023-07-06,2,180,180,0.053004944117600775
2023-07-06,3,180,180,0.05124535037668572
2023-07-06,4,180,180,0.04720398438542913
2023-07-06,5,179,179,0.02840383434758285
2023-07-07,1,181,181,-0.012097203789979147
2023-07-07,2,180,180,0.03749835703428817
2023-07-07,3,180,180,0.0472268727051318
2023-07-07,4,180,180,0.03478991320747878
2023-07-07,5,180,180,0.026851788500278424
2023-07-10,1,180,180,-0.009617560697484307
2023-07-10,2,180,180,0.017303923577740996
2023-07-10,3,180,180,0.04497088198955385
2023-07-10,4,180,180,0.02385362572274608
2023-07-10,5,180,180,0.03176594674188834
2023-07-11,1,180,180,-0.02251049969153942
2023-07-11,2,180,180,0.021105489088012203
2023-07-11,3,180,180,0.029329583459444378
2023-07-11,4,180,180,0.02156945129894946
2023-07-11,5,180,180,0.010428550888545761
2023-07-12,1,180,180,-0.017888579247664155
2023-07-12,2,179,179,0.020516205805846392
2023-07-12,3,180,180,0.03263142427817609
2023-07-12,4,179,179,0.022584457706393328
2023-07-12,5,179,179,0.009185445046459406
2023-07-13,1,180,180,-0.025112520710616124
2023-07-13,2,180,180,0.017589868952470677
2023-07-13,3,180,180,0.027643589000601255
2023-07-13,4,180,180,0.01602625959500448
2023-07-13,5,179,179,-0.002991899946733043
2023-07-14,1,180,180,-0.057614542491053355
2023-07-14,2,179,179,-0.002638233732546974
2023-07-14,3,180,180,0.004245256559087876
2023-07-14,4,179,179,-0.005470770121063978
2023-07-14,5,179,179,-0.028221974102324757
2023-07-17,1,180,180,-0.03745153003519147
2023-07-17,2,179,179,0.006150023429634143
2023-07-17,3,180,180,0.011084537345647088
2023-07-17,4,179,179,-0.0019051941387739763
2023-07-17,5,179,179,-0.020922332654291633
2023-07-18,1,180,180,-0.0440055762925698
2023-07-18,2,179,179,0.0034828978360333146
2023-07-18,3,180,180,0.014270052667484582
2023-07-18,4,179,179,-0.014134360975305451
2023-07-18,5,179,179,-0.034700531911164866
2023-07-19,1,180,180,-0.05679044142541047
2023-07-19,2,179,179,-0.009238929878880461
2023-07-19,3,179,179,0.002176698276227147
2023-07-19,4,179,179,-0.016088356746755385
2023-07-19,5,179,179,-0.046683574337296856
2023-07-20,1,179,179,-0.013136519763507623
2023-07-20,2,179,179,-0.0036800845391514537
2023-07-20,3,179,179,0.012220658906021396
2023-07-20,4,179,179,0.0162505344114762
2023-07-20,5,179,179,-0.02315916015523644
2023-07-21,1,180,180,-0.039684201269147006
2023-07-21,2,179,179,-0.008852516686177897
2023-07-21,3,180,180,-0.0022281790984215546
2023-07-21,4,179,179,-0.014969761828525396
2023-07-21,5,179,179,-0.0417338543914512
2023-07-24,1,180,180,-0.06382220132957236
2023-07-24,2,179,179,-0.02573740706238083
2023-07-24,3,179,179,-0.017251585343962362
2023-07-24,4,179,179,-0.029689932083435042
2023-07-24,5,179,179,-0.05279542249697051
2023-07-25,1,180,180,-0.051705264517821675
2023-07-25,2,180,180,-0.044091468730612864
2023-07-25,3,180,180,-0.037248296585905984
2023-07-25,4,180,180,-0.0391071755968689
2023-07-25,5,180,180,-0.04961544135412378
2023-07-26,1,182,182,-0.05722745054942848
2023-07-26,2,182,182,-0.05508642960776658
2023-07-26,3,181,181,-0.05318481379935667
2023-07-26,4,182,182,-0.046212931300367834
2023-07-26,5,181,181,-0.050140783904368956
2023-07-27,1,182,182,-0.05386009770930133
2023-07-27,2,182,182,-0.04849595386161809
2023-07-27,3,182,182,-0.04828938183550458
2023-07-27,4,182,182,-0.04342304799187485
2023-07-27,5,181,181,-0.05226437737262686
2023-07-28,1,183,183,-0.02750861227045033
2023-07-28,2,182,182,-0.028530688392476432
2023-07-28,3,182,182,-0.03266474956027534
2023-07-28,4,182,182,-0.033723922126084147
2023-07-28,5,182,182,-0.024820763081211908
2023-07-31,1,183,183,-0.08052972076941786
2023-07-31,2,183,183,-0.06466335980379885
2023-07-31,3,182,182,-0.07416456754742878
2023-07-31,4,183,183,-0.07789924176826762
2023-07-31,5,182,181,-0.06514752464468973
2023-08-01,1,183,183,-0.04874570556264377
2023-08-01,2,183,183,-0.048770474466984494
2023-08-01,3,182,182,-0.04775998537388499
2023-08-01,4,183,183,-0.05144566785531911
2023-08-01,5,182,181,-0.03991196769982547
2023-08-02,1,184,184,-0.048580904398159694
2023-08-02,2,183,183,-0.04730469893895858
2023-08-02,3,183,183,-0.05059657539657202
2023-08-02,4,183,182,-0.04409464200044892
2023-08-02,5,183,183,-0.03837787491555487
2023-08-03,1,183,183,-0.05759489889233777
2023-08-03,2,183,183,-0.06069766592581873
2023-08-03,3,183,183,-0.0565282320318855
2023-08-03,4,183,183,-0.05770578610227154
2023-08-03,5,183,182,-0.056535930631030136
2023-08-04,1,184,184,-0.05494508485562705
2023-08-04,2,184,184,-0.049833916933578616
2023-08-04,3,183,183,-0.0398748747021443
2023-08-04,4,184,184,-0.053642136232818306
2023-08-04,5,183,182,-0.04927274255186294
2023-08-07,1,184,184,-0.0375008184933747
2023-08-07,2,184,184,-0.02984731893992915
2023-08-07,3,184,184,-0.024476153821490994
2023-08-07,4,184,184,-0.03699961728432972
2023-08-07,5,183,182,-0.040855900298067384
2023-08-08,1,184,184,-0.042708339701452075
2023-08-08,2,184,184,-0.0328774771972799
2023-08-08,3,184,184,-0.037403219624250215
2023-08-08,4,184,184,-0.03598343020325122
2023-08-08,5,183,182,-0.04096547835363856
2023-08-09,1,185,185,-0.0341018697180319
2023-08-09,2,184,184,-0.031117998293958286
2023-08-09,3,184,184,-0.021070818267889167
2023-08-09,4,184,183,-0.031872274910677914
2023-08-09,5,184,184,-0.027853475079816503
2023-08-10,1,184,184,-0.05629628179136291
2023-08-10,2,184,184,-0.04217070508195686
2023-08-10,3,184,184,-0.04614835643134925
2023-08-10,4,184,184,-0.045555112186716505
2023-08-10,5,184,183,-0.04860488582871348
2023-08-11,1,183,183,-0.01977348207445606
2023-08-11,2,183,183,-0.004205912737280481
2023-08-11,3,183,183,-0.019146301066272874
2023-08-11,4,183,182,-0.01745969664620448
2023-08-11,5,183,183,-0.015529654095242403
2023-08-14,1,184,184,-0.02235940918529052
2023-08-14,2,183,183,-0.007045938375124109
2023-08-14,3,183,183,-0.018444449288432873
2023-08-14,4,183,183,-0.015499797968417042
2023-08-14,5,183,183,-0.014813294301020628
2023-08-15,1,183,183,-0.011411041917730253
2023-08-15,2,182,182,-0.006177109648853777
2023-08-15,3,183,183,-0.009614948391546143
2023-08-15,4,182,182,-0.010660257598783425
2023-08-15,5,182,182,-0.004995296820294231
2023-08-16,1,183,183,-0.010338851670077004
2023-08-16,2,183,183,-0.007017815090349109
2023-08-16,3,182,182,-0.005736674861583985
2023-08-16,4,183,183,-0.00859768501060491
2023-08-16,5,182,182,-0.013993398740549367
2023-08-17,1,183,183,-0.023126634027711715
2023-08-17,2,183,183,-0.015500156410148359
2023-08-17,3,183,183,-0.02218741399807405
2023-08-17,4,183,183,-0.01745241716048148
2023-08-17,5,183,183,-0.022383565031938484
2023-08-18,1,183,183,-0.009702023488533914
2023-08-18,2,183,183,-0.009437547905475996
2023-08-18,3,182,182,-0.007049721555761272
2023-08-18,4,183,183,0.004266027716334473
2023-08-18,5,182,182,-0.0061258746265254686
2023-08-21,1,183,183,0.005516440686218104
2023-08-21,2,183,183,0.009408992591143469
2023-08-21,3,182,182,0.0014271431349620373
2023-08-21,4,183,183,0.006297885418778375
2023-08-21,5,182,182,0.0033955452325815953
2023-08-22,1,183,183,-0.01331714301451051
2023-08-22,2,182,182,0.010395687272945459
2023-08-22,3,183,183,-0.00025155920565031145
2023-08-22,4,182,182,-0.0031369948822035833
2023-08-22,5,182,182,-0.00682585317072796
2023-08-23,1,183,183,-0.003876980946564458
2023-08-23,2,182,182,0.011420289768578642
2023-08-23,3,183,183,0.015011696418616553
2023-08-23,4,182,182,0.0021182363964597464
2023-08-23,5,182,182,-0.0013841564291316851
2023-08-24,1,183,183,-0.0006457020346915068
2023-08-24,2,183,183,0.004262598546823039
2023-08-24,3,182,182,0.0024613098451848666
2023-08-24,4,183,183,0.012061062546927792
2023-08-24,5,182,182,-0.0030781929555251
2023-08-25,1,182,182,-0.019830164589922844
2023-08-25,2,182,182,-0.01746529353979991
2023-08-25,3,182,182,-0.024486988834859853
2023-08-25,4,182,182,-0.020175619194166865
2023-08-25,5,182,182,-0.021834996069304537
2023-08-28,1,183,183,0.018940056054721897
2023-08-28,2,183,183,0.00993831970533185
2023-08-28,3,182,182,0.0016948074665776515
2023-08-28,4,183,183,0.028992460447035493
2023-08-28,5,182,181,0.012681935081898226
2023-08-29,1,183,183,-0.017920310315792245
2023-08-29,2,183,183,-0.010343937768108054
2023-08-29,3,183,183,-0.015529155012886754
2023-08-29,4,183,183,-0.014984361459570298
2023-08-29,5,183,183,-0.019401962963543348
2023-08-30,1,183,183,-0.00622170579807389
2023-08-30,2,183,183,-0.001143839129582444
2023-08-30,3,183,183,-0.003587124055459399
2023-08-30,4,183,183,-0.005514393015409736
2023-08-30,5,182,182,-0.024514436011607167
2023-08-31,1,183,183,-0.0038728587010009555
2023-08-31,2,182,182,-0.00665628629766104
2023-08-31,3,182,182,-0.001573934344878069
2023-08-31,4,182,182,0.0024008549407434658
2023-08-31,5,182,182,-0.007340708746799944
2023-09-01,1,182,182,-0.010969967792247794
2023-09-01,2,182,182,-0.017016003640613845
2023-09-01,3,182,182,-0.006743015352494167
2023-09-01,4,182,182,-0.008202287275076159
2023-09-01,5,181,181,-0.005282505137329146
2023-09-04,1,183,183,-0.02512139826299593
2023-09-04,2,182,182,-0.024887478264818012
2023-09-04,3,183,183,-0.02732183511398436
2023-09-04,4,182,182,-0.017450371139394422
2023-09-04,5,182,182,-0.021988302964619896
2023-09-05,1,183,183,0.002052907856917891
2023-09-05,2,183,183,-0.01763576765891702
2023-09-05,3,182,182,-0.013498936799585819
2023-09-05,4,183,183,-0.018581496520370208
2023-09-05,5,182,182,-0.006722748329629545
2023-09-06,1,183,183,-0.004467513736823593
2023-09-06,2,183,183,-0.02121735637765276
2023-09-06,3,183,183,-0.01266239844517498
2023-09-06,4,183,183,-0.01337799232014283
2023-09-06,5,183,183,-0.016068511591413436
2023-09-07,1,183,183,0.014806357275710119
2023-09-07,2,183,183,-0.0037939331394628924
2023-09-07,3,182,182,0.010557344075869706
2023-09-07,4,183,183,-0.001683839704442945
2023-09-07,5,182,182,-0.0023901149495294386
2023-09-08,1,183,183,-0.006125237820216323
2023-09-08,2,182,182,-0.008288284607860122
2023-09-08,3,182,182,-0.0017671390065902887
2023-09-08,4,182,182,-0.007056077114395951
2023-09-08,5,182,182,-0.01645844202070337
2023-09-11,1,183,183,-0.0014461973456385544
2023-09-11,2,182,182,-0.032887880684936054
2023-09-11,3,183,183,-0.018366685396154218
2023-09-11,4,182,182,-0.029746222392389908
2023-09-11,5,182,182,-0.023150735374696554
2023-09-12,1,183,183,-0.01705582437669773
2023-09-12,2,182,182,-0.04914316187314747
2023-09-12,3,183,183,-0.030641391935861243
2023-09-12,4,182,182,-0.03829186708155877
2023-09-12,5,182,182,-0.037620960293653694
2023-09-13,1,183,183,-0.03274292891150327
2023-09-13,2,182,182,-0.040151394020368054
2023-09-13,3,182,182,-0.04492451928075494
2023-09-13,4,182,182,-0.03927842596081493
2023-09-13,5,182,182,-0.040376013032767846
2023-09-14,1,183,183,-0.04615724304073468
2023-09-14,2,182,182,-0.057524964552850305
2023-09-14,3,183,183,-0.03897747537456371
2023-09-14,4,182,182,-0.04376437994562887
2023-09-14,5,182,182,-0.04798509393543348
2023-09-15,1,183,183,-0.0360548406258127
2023-09-15,2,183,183,-0.06064800663768802
2023-09-15,3,182,182,-0.06331960327822578
2023-09-15,4,183,183,-0.05364876991373549
2023-09-15,5,182,182,-0.05719516963003555
2023-09-18,1,183,183,-0.03141173681448172
2023-09-18,2,182,182,-0.029568956737072324
2023-09-18,3,183,183,-0.04808204971948322
2023-09-18,4,182,182,-0.056693932621114836
2023-09-18,5,182,182,-0.04721252118841885
2023-09-19,1,183,183,-0.006278898291650263
2023-09-19,2,182,182,-0.050204536524549676
2023-09-19,3,183,183,-0.052757115030192335
2023-09-19,4,182,182,-0.04480777975973124
2023-09-19,5,182,182,-0.031543000823982856
2023-09-20,1,183,183,-0.0015120154088673155
2023-09-20,2,182,182,-0.04013849721754613
2023-09-20,3,183,183,-0.0397729898696157
2023-09-20,4,182,182,-0.030741923706731056
2023-09-20,5,182,182,-0.015106993872616048
2023-09-21,1,183,183,0.015051960085207344
2023-09-21,2,182,182,-0.01983866569867968
2023-09-21,3,183,183,-0.012694446285255056
2023-09-21,4,182,182,-0.008745928603086343
2023-09-21,5,182,182,0.0024165302034024954
2023-09-22,1,183,183,0.004220882269834724
2023-09-22,2,182,182,-0.016955634965684526
2023-09-22,3,182,182,-0.020662170134743977
2023-09-22,4,182,182,-0.010522583332087
2023-09-22,5,182,182,-0.001456254933468194
2023-09-25,1,182,182,0.010453606931020798
2023-09-25,2,182,182,-0.020888435024712725
2023-09-25,3,182,182,-0.012941356976540199
2023-09-25,4,182,182,-0.003506111398255679
2023-09-25,5,182,182,0.003681618254789852
2023-09-26,1,182,182,0.0045109538055230535
2023-09-26,2,182,182,-0.014502547884706729
2023-09-26,3,182,182,-0.0105444155378523
2023-09-26,4,182,182,-0.0009347066255446223
2023-09-26,5,182,182,0.01196431626987242
2023-09-27,1,182,182,-0.00024254068104355233
2023-09-27,2,182,182,-0.03874550089370088
2023-09-27,3,181,181,-0.024191316809036106
2023-09-27,4,182,182,-0.01581997530314432
2023-09-27,5,181,181,0.006190567811799629
2023-09-28,1,182,182,0.011621406403919964
2023-09-28,2,182,182,-0.013807136638868064
2023-09-28,3,181,181,-0.01376686349729247
2023-09-28,4,182,182,-0.014978382394838995
2023-09-28,5,181,181,0.015505915816342204
2023-10-09,1,182,182,0.008647158643339732
2023-10-09,2,182,182,-0.006696501212667973
2023-10-09,3,181,181,-0.00047857414513594856
2023-10-09,4,182,182,-0.0036908680309838348
2023-10-09,5,181,181,0.039616430914904445
2023-10-10,1,182,182,0.016995618640552563
2023-10-10,2,181,181,-0.0009024474427186535
2023-10-10,3,182,182,0.0032189274987386484
2023-10-10,4,181,181,0.01017375992657646
2023-10-10,5,181,181,0.034522636432209645
2023-10-11,1,182,182,0.01642890610149599
2023-10-11,2,181,181,-0.014817181749615545
2023-10-11,3,182,182,-0.00012133574486117415
2023-10-11,4,181,181,0.01024374301956167
2023-10-11,5,181,181,0.03272723600700537
2023-10-12,1,182,182,0.0021068856136663905
2023-10-12,2,181,181,-0.006376860819447463
2023-10-12,3,182,182,-0.0017127207852131415
2023-10-12,4,181,181,-0.0012047196323262002
2023-10-12,5,181,181,0.008612806362611268
2023-10-13,1,182,182,0.0023943332661358263
2023-10-13,2,182,182,-0.003353142781337607
2023-10-13,3,181,181,-0.004518238086853674
2023-10-13,4,182,182,3.140377189488689e-05
2023-10-13,5,181,181,0.01608011681868887
2023-10-16,1,182,182,0.010219265853617694
2023-10-16,2,181,181,0.0031726049898475853
2023-10-16,3,182,182,0.003411667519079792
2023-10-16,4,181,181,0.016898009636020974
2023-10-16,5,181,181,0.026689058236842873
2023-10-17,1,182,182,0.026829961454931328
2023-10-17,2,182,182,0.014063053187277451
2023-10-17,3,182,182,0.01802545122705721
2023-10-17,4,182,182,0.0348543299217346
2023-10-17,5,181,181,0.04469765117351372
2023-10-18,1,182,182,0.04393364218093283
2023-10-18,2,182,182,0.018175082858512284
2023-10-18,3,182,182,0.03675427486767659
2023-10-18,4,182,182,0.046669207707259665
2023-10-18,5,182,181,0.05412923874769196
2023-10-19,1,182,182,0.06333419286583458
2023-10-19,2,182,182,0.024859874567679015
2023-10-19,3,181,181,0.0420847885199591
2023-10-19,4,182,182,0.05185051379522692
2023-10-19,5,181,180,0.057186645531368874
2023-10-20,1,182,182,0.07583255814789479
2023-10-20,2,182,182,0.0428112943228568
2023-10-20,3,181,181,0.05952003100667638
2023-10-20,4,182,182,0.0671005660472377
2023-10-20,5,181,180,0.08538739753211375
2023-10-23,1,181,181,0.09536276442340934
2023-10-23,2,181,181,0.06752515167478876
2023-10-23,3,181,181,0.07599732908156323
2023-10-23,4,181,181,0.09274236375889136
2023-10-23,5,180,180,0.117023699888412
2023-10-24,1,182,182,0.05802180619798634
2023-10-24,2,181,181,0.05734248039491866
2023-10-24,3,181,181,0.05009184416129583
2023-10-24,4,181,181,0.06683181204794039
2023-10-24,5,181,181,0.08201203837653902
2023-10-25,1,182,182,0.057307044709617255
2023-10-25,2,182,182,0.034758769020974106
2023-10-25,3,182,182,0.058884237635791314
2023-10-25,4,182,182,0.06372108692753864
2023-10-25,5,182,182,0.07215673589578017
2023-10-26,1,182,182,0.057635720351950616
2023-10-26,2,182,182,0.042615271551326585
2023-10-26,3,182,182,0.06263495386143832
2023-10-26,4,182,182,0.06012206907373239
2023-10-26,5,181,181,0.0783991935622118
2023-10-27,1,183,183,0.03177299506565757
2023-10-27,2,183,183,0.0180179057480758
2023-10-27,3,182,182,0.022695406128838077
2023-10-27,4,183,183,0.04244026828212007
2023-10-27,5,182,182,0.05170935788120955
2023-10-30,1,183,183,0.01867115967841094
2023-10-30,2,182,182,0.004526493579388287
2023-10-30,3,183,183,0.00448724220940712
2023-10-30,4,182,182,0.01908282789964509
2023-10-30,5,182,182,0.0345708233817206
2023-10-31,1,183,183,0.030288193379112954
2023-10-31,2,183,183,-0.0007900627284185352
2023-10-31,3,182,182,0.007790724199699246
2023-10-31,4,183,183,0.029080932475379642
2023-10-31,5,182,182,0.05267487850879484
2023-11-01,1,183,183,0.0172293458734511
2023-11-01,2,183,183,-0.003532092181763742
2023-11-01,3,182,182,0.009007726879204467
2023-11-01,4,183,182,0.02411934780369363
2023-11-01,5,182,182,0.04422374541244642
2023-11-02,1,183,183,0.026194161225534515
2023-11-02,2,183,183,0.0040705770698444945
2023-11-02,3,183,183,0.01929374704812812
2023-11-02,4,183,182,0.027836626241991756
2023-11-02,5,182,182,0.04273460989271282
2023-11-03,1,183,182,0.011372820720844216
2023-11-03,2,182,182,0.0017019596960264783
2023-11-03,3,183,183,0.006974100484602979
2023-11-03,4,182,181,0.022473219965139058
2023-11-03,5,182,182,0.029665756584586672
2023-11-06,1,183,182,0.002531917379012813
2023-11-06,2,182,181,-0.018612637916199725
2023-11-06,3,183,183,-0.0026894482955088857
2023-11-06,4,182,182,0.007582453087814378
2023-11-06,5,182,182,0.0141203888578557
2023-11-07,1,183,183,-0.026826784685721274
2023-11-07,2,183,183,-0.03240383717883504
2023-11-07,3,182,181,-0.018133346068160264
2023-11-07,4,183,183,-0.010337472634963374
2023-11-07,5,182,181,-0.00508581510910586
2023-11-08,1,183,183,-0.029879919209087016
2023-11-08,2,183,183,-0.030769897026414174
2023-11-08,3,182,181,-0.012072973898527389
2023-11-08,4,183,183,-0.006448568782682469
2023-11-08,5,182,181,0.00653775260971994
2023-11-09,1,183,183,-0.014968977628085946
2023-11-09,2,182,182,-0.025329826823163735
2023-11-09,3,183,183,-0.012196945204594717
2023-11-09,4,182,182,0.0027374214065003584
2023-11-09,5,182,181,0.017160630238526486
2023-11-10,1,183,183,-0.019897848814574615
2023-11-10,2,182,182,-0.03306799886557051
2023-11-10,3,182,182,-0.027779670822997465
2023-11-10,4,182,182,-0.012800265418586934
2023-11-10,5,182,181,0.005997687020982284
2023-11-13,1,183,183,-0.01148874280122679
2023-11-13,2,182,182,-0.01921241687391886
2023-11-13,3,183,183,-0.014941487652588513
2023-11-13,4,182,182,0.00361681365142961
2023-11-13,5,182,181,0.010763743400798303
2023-11-14,1,183,183,-0.021972363906739706
2023-11-14,2,183,183,-0.021771964006996318
2023-11-14,3,182,182,-0.02115431965826987
2023-11-14,4,183,183,-0.014228113930907628
2023-11-14,5,182,182,0.005310438650425573
2023-11-15,1,183,183,-0.024901176317631255
2023-11-15,2,183,183,-0.027931423314766276
2023-11-15,3,183,183,-0.01459426255987571
2023-11-15,4,183,183,-0.021374260148518592
2023-11-15,5,183,182,0.010234146714306456
2023-11-16,1,183,183,-0.022743411469947475
2023-11-16,2,183,183,-0.03228699012166614
2023-11-16,3,183,183,-0.022159461459509894
2023-11-16,4,183,183,-0.011205037016579697
2023-11-16,5,182,182,0.00652048867058831
2023-11-17,1,183,183,-0.03574984855199176
2023-11-17,2,183,183,-0.04396976078063187
2023-11-17,3,183,183,-0.03953615792786249
2023-11-17,4,183,183,-0.02147513173661624
2023-11-17,5,182,181,-0.022105758824610165
2023-11-20,1,183,183,-0.05863029079741834
2023-11-20,2,182,182,-0.0631157206064951
2023-11-20,3,183,183,-0.05386788827302544
2023-11-20,4,182,182,-0.03330112882344984
2023-11-20,5,182,181,-0.04048293595790092
2023-11-21,1,183,183,-0.054781485913828476
2023-11-21,2,183,183,-0.05874364337800729
2023-11-21,3,183,183,-0.0478161131109869
2023-11-21,4,183,183,-0.034067748885568266
2023-11-21,5,182,181,-0.02258368946843074
2023-11-22,1,183,183,-0.06604373481977299
2023-11-22,2,183,183,-0.06824949460860755
2023-11-22,3,183,183,-0.053511203187655405
2023-11-22,4,183,183,-0.050528994376325166
2023-11-22,5,182,182,-0.03977311062082439
2023-11-23,1,183,183,-0.05497942266920718
2023-11-23,2,183,183,-0.0650608437463683
2023-11-23,3,183,183,-0.057180128870542676
2023-11-23,4,183,183,-0.04948570660370429
2023-11-23,5,182,182,-0.03934528798950604
2023-11-24,1,183,183,-0.05439444133319103
2023-11-24,2,183,183,-0.06120326035983559
2023-11-24,3,183,183,-0.0561856815355831
2023-11-24,4,183,183,-0.048758868625547576
2023-11-24,5,182,182,-0.05625775977295685
2023-11-27,1,183,183,-0.043604540615795565
2023-11-27,2,183,183,-0.055246800260237525
2023-11-27,3,182,182,-0.051655653426420305
2023-11-27,4,183,183,-0.04688607884611779
2023-11-27,5,182,182,-0.04995634870513025
2023-11-28,1,183,183,-0.05551245107086296
2023-11-28,2,183,183,-0.06362658863207726
2023-11-28,3,183,183,-0.06673648058141625
2023-11-28,4,183,183,-0.06075740038194157
2023-11-28,5,182,182,-0.07933641806139871
2023-11-29,1,183,182,-0.05375675094937453
2023-11-29,2,183,183,-0.05020476186722833
2023-11-29,3,183,183,-0.04975653231328617
2023-11-29,4,183,183,-0.05008468161940522
2023-11-29,5,182,182,-0.06435177506110007
2023-11-30,1,183,183,-0.04081828194686474
2023-11-30,2,182,182,-0.03386659292504243
2023-11-30,3,183,183,-0.03176717549635954
2023-11-30,4,182,182,-0.032399967382223165
2023-11-30,5,182,182,-0.04537021797753705
2023-12-01,1,183,182,-0.030672353141940036
2023-12-01,2,183,183,-0.022653853132895033
2023-12-01,3,182,182,-0.025948229253258126
2023-12-01,4,183,183,-0.033809033240248844
2023-12-01,5,182,182,-0.03511041209090938
2023-12-04,1,183,183,-0.04299835170427291
2023-12-04,2,183,183,-0.02820499435555179
2023-12-04,3,182,182,-0.024889829774852566
2023-12-04,4,183,183,-0.027163731189625243
2023-12-04,5,182,182,-0.03638701738603622
2023-12-05,1,183,183,-0.02144516487802797
2023-12-05,2,183,183,-0.010056433915920695
2023-12-05,3,182,182,-0.011207531353780109
2023-12-05,4,183,183,-0.013795741015333958
2023-12-05,5,182,181,-0.024704728221317016
2023-12-06,1,183,183,-0.03470214360981542
2023-12-06,2,182,182,-0.02244632623630499
2023-12-06,3,183,183,-0.02029764531649369
2023-12-06,4,182,182,-0.02719765885920503
2023-12-06,5,182,182,-0.032240250782222486
2023-12-07,1,183,183,-0.056297453090676124
2023-12-07,2,182,182,-0.032979073072267155
2023-12-07,3,183,183,-0.030319981490961958
2023-12-07,4,182,182,-0.043165981378550655
2023-12-07,5,182,182,-0.04975743642317788
2023-12-08,1,182,182,-0.07420991780772032
2023-12-08,2,182,182,-0.03506402191307186
2023-12-08,3,182,182,-0.03563920070480163
2023-12-08,4,182,182,-0.04844142180110454
2023-12-08,5,181,181,-0.05773661823254034
2023-12-11,1,182,182,-0.08347881438798656
2023-12-11,2,182,182,-0.043533133830666086
2023-12-11,3,182,182,-0.05373714456949904
2023-12-11,4,182,182,-0.061890940156161506
2023-12-11,5,181,181,-0.07389644132297143
2023-12-12,1,182,182,-0.09025145706006307
2023-12-12,2,182,182,-0.04972682643550973
2023-12-12,3,182,182,-0.06675096030070411
2023-12-12,4,182,182,-0.0666537078811773
2023-12-12,5,182,182,-0.07921562931713329
2023-12-13,1,182,182,-0.06427653854823118
2023-12-13,2,182,181,-0.04749594144477029
2023-12-13,3,182,182,-0.05238391719527343
2023-12-13,4,182,182,-0.052929207385708166
2023-12-13,5,182,182,-0.06081489960768378
2023-12-14,1,182,182,-0.0714184118023754
2023-12-14,2,182,182,-0.04243321671578798
2023-12-14,3,182,182,-0.047212015278009396
2023-12-14,4,182,182,-0.05420314679057288
2023-12-14,5,182,182,-0.06216475342313216
2023-12-15,1,183,183,-0.06367183291391273
2023-12-15,2,182,182,-0.03675360772461378
2023-12-15,3,182,182,-0.03415575733330524
2023-12-15,4,182,182,-0.04552717810593317
2023-12-15,5,182,181,-0.05004931340440997
2023-12-18,1,182,182,-0.06221441176748835
2023-12-18,2,181,181,-0.019043759789766503
2023-12-18,3,181,181,-0.02436506268559005
2023-12-18,4,181,181,-0.03962730517230085
2023-12-18,5,181,181,-0.04562568876784039
2023-12-19,1,182,182,-0.07701987184333925
2023-12-19,2,181,181,-0.05583015527216493
2023-12-19,3,181,181,-0.06032926271227166
2023-12-19,4,181,181,-0.058822438042015195
2023-12-19,5,181,181,-0.0681683881678637
2023-12-20,1,181,181,-0.053844972997914915
2023-12-20,2,181,181,-0.029461454722860644
2023-12-20,3,180,180,-0.04157325247354891
2023-12-20,4,181,181,-0.0436525350579921
2023-12-20,5,180,180,-0.057087332695826366
2023-12-21,1,181,181,-0.07485021185517035
2023-12-21,2,181,181,-0.05021641292200971
2023-12-21,3,181,181,-0.055117871303103194
2023-12-21,4,181,181,-0.062812603523869
2023-12-21,5,180,180,-0.07486841864459695
2023-12-22,1,181,181,-0.10640590997526972
2023-12-22,2,181,181,-0.077769047415405
2023-12-22,3,181,181,-0.0984986424274219
2023-12-22,4,181,181,-0.09864814890668384
2023-12-22,5,181,181,-0.1134896395766821
2023-12-25,1,181,181,-0.09246200309445712
2023-12-25,2,181,181,-0.07077919683818436
2023-12-25,3,181,181,-0.07790893508812137
2023-12-25,4,181,181,-0.08661322145638287
2023-12-25,5,180,180,-0.09416383063052838
2023-12-26,1,180,180,-0.07764583470002163
2023-12-26,2,180,180,-0.046799005724384876
2023-12-26,3,180,180,-0.05503272648142544
2023-12-26,4,180,180,-0.06774361856340996
2023-12-26,5,180,180,-0.0644365058106499
2023-12-27,1,181,181,-0.04049309874705368
2023-12-27,2,180,180,-0.034865678494538
2023-12-27,3,181,181,-0.035953422642041155
2023-12-27,4,180,180,-0.042529816891464095
2023-12-27,5,180,180,-0.04749964137627421
2023-12-28,1,182,182,-0.07150345281476828
2023-12-28,2,181,181,-0.04083631122386844
2023-12-28,3,182,182,-0.047566539422618605
2023-12-28,4,181,181,-0.046057647399981104
2023-12-28,5,181,181,-0.06589225565331713
2023-12-29,1,182,181,-0.11195388125625044
2023-12-29,2,181,181,-0.06488136980402055
2023-12-29,3,181,181,-0.08463887206939424
2023-12-29,4,181,181,-0.08700684988985385
2023-12-29,5,181,181,-0.10840863891014607
2024-01-02,1,182,181,-0.1282739707779229
2024-01-02,2,181,181,-0.08253780440293274
2024-01-02,3,182,182,-0.09226994500777466
2024-01-02,4,181,181,-0.11940766330897623
2024-01-02,5,181,181,-0.12881443709023546
2024-01-03,1,182,181,-0.15144166907272996
2024-01-03,2,181,181,-0.10540427636815144
2024-01-03,3,182,182,-0.134405954158092
2024-01-03,4,181,181,-0.1348464923501196
2024-01-03,5,181,181,-0.1628782550222614
2024-01-04,1,181,180,-0.1431220081223974
2024-01-04,2,181,181,-0.1045067117147575
2024-01-04,3,181,181,-0.11830929170474296
2024-01-04,4,181,181,-0.13644258125006262
2024-01-04,5,181,180,-0.169473678825262
2024-01-05,1,181,180,-0.16238926086152994
2024-01-05,2,181,181,-0.11941576931833386
2024-01-05,3,181,181,-0.13693547019579505
2024-01-05,4,181,181,-0.15686699811304256
2024-01-05,5,180,179,-0.20013676123833646
2024-01-08,1,181,181,-0.20254001241295946
2024-01-08,2,181,181,-0.15054167013040917
2024-01-08,3,180,180,-0.15146895159305307
2024-01-08,4,181,181,-0.1902997116856292
2024-01-08,5,180,180,-0.22855810031448182
2024-01-09,1,181,181,-0.17137019079663504
2024-01-09,2,180,180,-0.0778970289335923
2024-01-09,3,180,180,-0.08995059840188924
2024-01-09,4,180,180,-0.12900599222594403
2024-01-09,5,180,180,-0.1835158341658576
2024-01-10,1,181,181,-0.1495892038003585
2024-01-10,2,180,180,-0.046734783171060425
2024-01-10,3,180,180,-0.056828323093360195
2024-01-10,4,180,180,-0.11410086592116152
2024-01-10,5,180,180,-0.14024483762647036
2024-01-11,1,181,180,-0.13336843162963613
2024-01-11,2,181,181,-0.03221457365707013
2024-01-11,3,181,181,-0.038653970257034806
2024-01-11,4,181,181,-0.06622748223140577
2024-01-11,5,181,181,-0.11667459597438003
2024-01-12,1,181,181,-0.11304497860200205
2024-01-12,2,181,181,-0.02527719717356619
2024-01-12,3,180,180,-0.04282923032020745
2024-01-12,4,181,181,-0.08202341833581887
2024-01-12,5,180,180,-0.10849551253587154
2024-01-15,1,181,181,-0.11020945372692632
2024-01-15,2,181,181,-0.02616351455158368
2024-01-15,3,180,180,-0.05143890208789481
2024-01-15,4,181,181,-0.06970482862395803
2024-01-15,5,180,180,-0.10448383405139591
2024-01-16,1,181,181,-0.08872651097922504
2024-01-16,2,180,180,-0.0231520962769896
2024-01-16,3,180,180,-0.035456086040145225
2024-01-16,4,180,180,-0.061651717201170075
2024-01-16,5,180,180,-0.07583216489918873
2024-01-17,1,180,180,-0.03661658117500873
2024-01-17,2,180,180,0.0197426953294023
2024-01-17,3,179,179,0.010874410670704297
2024-01-17,4,180,180,-0.016202512505490086
2024-01-17,5,179,179,-0.04811323428791481
2024-01-18,1,180,180,-0.04240555259659675
2024-01-18,2,180,180,0.021260207784237005
2024-01-18,3,180,180,0.015331482211854142
2024-01-18,4,180,180,-0.006145120807307003
2024-01-18,5,179,179,-0.020649844887893766
2024-01-19,1,180,180,-0.03119813711311771
2024-01-19,2,179,179,0.023237287104023292
2024-01-19,3,180,180,0.016917037429566753
2024-01-19,4,179,179,0.0034759531160793956
2024-01-19,5,179,179,-0.014477563965803405
2024-01-22,1,179,179,0.05572764244404284
2024-01-22,2,178,178,0.08842520733577497
2024-01-22,3,179,179,0.095276258169918
2024-01-22,4,178,178,0.08434745396920103
2024-01-22,5,178,178,0.07741246727964742
2024-01-23,1,179,179,-0.02066447942289005
2024-01-23,2,179,179,0.03466718908861791
2024-01-23,3,178,178,0.030785875520475323
2024-01-23,4,179,179,0.02138063371187149
2024-01-23,5,178,178,0.011417736756413768
2024-01-24,1,181,181,0.016518071879934
2024-01-24,2,180,180,0.06459131964316864
2024-01-24,3,180,180,0.05952384383191926
2024-01-24,4,180,180,0.04118979053867545
2024-01-24,5,180,180,0.030732615434853294
2024-01-25,1,182,182,0.012655650679257103
2024-01-25,2,182,182,0.039610785854129145
2024-01-25,3,181,181,0.025431997669435658
2024-01-25,4,182,182,0.029236810494839546
2024-01-25,5,181,181,0.005781786898336577
2024-01-26,1,182,182,0.01440014722763028
2024-01-26,2,182,182,0.033113521917647694
2024-01-26,3,181,181,0.027654106011949415
2024-01-26,4,182,182,0.014132666969987627
2024-01-26,5,181,181,-0.004960932459320207
2024-01-29,1,181,181,0.04733504159614282
2024-01-29,2,181,180,0.055036730364750534
2024-01-29,3,181,181,0.0449603461779359
2024-01-29,4,181,181,0.03602484177882811
2024-01-29,5,180,180,0.025359452825121705
2024-01-30,1,180,180,0.08387719219051508
2024-01-30,2,180,180,0.09994564122051205
2024-01-30,3,180,180,0.07789037952581689
2024-01-30,4,180,180,0.06465765062059455
2024-01-30,5,179,179,0.05637080048413523
2024-01-31,1,178,178,0.10838811482630986
2024-01-31,2,177,177,0.09957018509041983
2024-01-31,3,178,178,0.11655129624962042
2024-01-31,4,177,177,0.08811831192333607
2024-01-31,5,177,177,0.10279028925581775
2024-02-01,1,178,178,0.12675228194192803
2024-02-01,2,177,177,0.10594884630841996
2024-02-01,3,178,178,0.11922716421587251
2024-02-01,4,177,177,0.0986539693975073
2024-02-01,5,177,176,0.11711776627701993
2024-02-02,1,177,177,0.21435699490440785
2024-02-02,2,177,177,0.16477582452365266
2024-02-02,3,176,176,0.17495646434668116
2024-02-02,4,177,177,0.16408038051095067
2024-02-02,5,176,176,0.1933765244837476
2024-02-05,1,175,175,0.35039787489769425
2024-02-05,2,175,175,0.23125681289940328
2024-02-05,3,175,175,0.22462491198417237
2024-02-05,4,175,175,0.21254396381012444
2024-02-05,5,174,174,0.2854558829353775
2024-02-06,1,176,176,0.2588654555184837
2024-02-06,2,176,176,0.14962757954074205
2024-02-06,3,176,176,0.14719200752839037
2024-02-06,4,176,176,0.14774181160817193
2024-02-06,5,176,176,0.1887175346400678
2024-02-07,1,176,176,0.25944531820046957
2024-02-07,2,176,176,0.09451631297347377
2024-02-07,3,175,175,0.0884146630763324
2024-02-07,4,176,176,0.10337160057677415
2024-02-07,5,175,175,0.16043929470499724
2024-02-08,1,178,178,0.18706795925901365
2024-02-08,2,178,178,0.09324711708119537
2024-02-08,3,177,177,0.07330727235508067
2024-02-08,4,178,178,0.0792295256059016
2024-02-08,5,177,176,0.11428635632602456
2024-02-19,1,178,178,0.18470768711271543
2024-02-19,2,178,178,0.11597905962831172
2024-02-19,3,178,178,0.0889927198555839
2024-02-19,4,178,178,0.0776999625021582
2024-02-19,5,178,177,0.13833550746290935
2024-02-20,1,179,179,0.16849904775819594
2024-02-20,2,179,179,0.08344604318066552
2024-02-20,3,178,177,0.08218516314531436
2024-02-20,4,179,179,0.08969490161394288
2024-02-20,5,178,177,0.13795196632875387
2024-02-21,1,179,179,0.15444599185953656
2024-02-21,2,179,179,0.07640325461177819
2024-02-21,3,178,177,0.08454963809951846
2024-02-21,4,179,179,0.0943037830051918
2024-02-21,5,178,177,0.12359818709240568
2024-02-22,1,179,179,0.12205618913568618
2024-02-22,2,179,178,0.05285709531182378
2024-02-22,3,179,179,0.057942798566796606
2024-02-22,4,179,179,0.07450694893610635
2024-02-22,5,179,178,0.09633247554541934
2024-02-23,1,179,179,0.08226775943802611
2024-02-23,2,179,179,0.040530885301440965
2024-02-23,3,179,179,0.03333985049794319
2024-02-23,4,179,178,0.03806566183574261
2024-02-23,5,179,178,0.07003325219031663
2024-02-26,1,180,180,0.05850705899847277
2024-02-26,2,179,179,0.023641253507417682
2024-02-26,3,179,179,0.023541580563846885
2024-02-26,4,179,178,0.027312965472981728
2024-02-26,5,179,179,0.04865731212359536
2024-02-27,1,180,180,0.012090283578729795
2024-02-27,2,179,179,0.01266984768693606
2024-02-27,3,180,180,0.0028939777180377307
2024-02-27,4,179,179,0.002524732133474461
2024-02-27,5,179,179,0.010792509293395534
2024-02-28,1,179,179,0.03944099583372103
2024-02-28,2,179,179,0.01908803234776049
2024-02-28,3,179,179,0.025434893525880308
2024-02-28,4,179,179,0.02047892020828067
2024-02-28,5,179,179,0.03408140310886626
2024-02-29,1,180,180,0.009608685579289556
2024-02-29,2,179,179,-0.0032112549989772843
2024-02-29,3,179,179,-0.0067548511171457585
2024-02-29,4,179,179,0.004685809721747563
2024-02-29,5,179,179,0.020987691086506208
2024-03-01,1,180,180,0.008397528985465015
2024-03-01,2,179,179,0.006034530295654358
2024-03-01,3,179,179,0.0070930492745379
2024-03-01,4,179,179,0.014166290480902078
2024-03-01,5,179,179,0.012811002249793924
2024-03-04,1,179,179,0.03502422103104607
2024-03-04,2,179,179,0.0207885795580614
2024-03-04,3,179,179,0.027118455797904895
2024-03-04,4,179,179,0.03803309755720719
2024-03-04,5,179,179,0.04005936252259038
2024-03-05,1,180,180,0.0212215029282509
2024-03-05,2,179,179,0.014671619662524886
2024-03-05,3,179,179,0.03366137161731545
2024-03-05,4,179,179,0.05138232317196986
2024-03-05,5,179,179,0.038406808599860974
2024-03-06,1,179,179,0.009039421319643918
2024-03-06,2,179,179,0.01199146287678324
2024-03-06,3,179,179,0.023375756866951165
2024-03-06,4,179,179,0.04244511902235048
2024-03-06,5,179,179,0.014551184186847798
2024-03-07,1,179,179,0.006889580919278613
2024-03-07,2,179,179,0.012138832012705417
2024-03-07,3,179,179,0.013113214406854425
2024-03-07,4,179,179,0.025207904825921792
2024-03-07,5,178,178,0.018763492770444132
2024-03-08,1,179,179,-0.0009655663082752997
2024-03-08,2,179,179,0.010239864194829477
2024-03-08,3,178,178,0.018721472810520265
2024-03-08,4,179,179,0.03385635944188178
2024-03-08,5,178,178,0.015168569961850837
2024-03-11,1,180,180,-0.05071389654277662
2024-03-11,2,179,179,-0.023180274364698307
2024-03-11,3,179,179,-0.019959600606288163
2024-03-11,4,179,179,0.0018690117391365235
2024-03-11,5,179,179,-0.030562934335829493
2024-03-12,1,180,180,-0.04167323414933998
2024-03-12,2,180,180,-0.006897883946241559
2024-03-12,3,180,180,-0.014546825746458695
2024-03-12,4,180,180,-0.007679393853957831
2024-03-12,5,179,179,-0.028430596937364747
2024-03-13,1,180,180,-0.06800503031000146
2024-03-13,2,180,180,-0.01861312487889601
2024-03-13,3,179,179,-0.01692317105767938
2024-03-13,4,180,180,-0.01105035872463767
2024-03-13,5,179,179,-0.03582144578778136
2024-03-14,1,180,180,-0.07102215319793846
2024-03-14,2,179,179,-0.019762764420803974
2024-03-14,3,180,179,0.00088611804517492
2024-03-14,4,179,179,-0.01821973744733404
2024-03-14,5,179,179,-0.05121695227646676
2024-03-15,1,181,181,-0.11148448979432231
2024-03-15,2,180,180,-0.0525764127530734
2024-03-15,3,180,180,-0.04973374363479652
2024-03-15,4,180,180,-0.061547685556962654
2024-03-15,5,180,180,-0.08764780040440516
2024-03-18,1,181,181,-0.09829051766725908
2024-03-18,2,180,180,-0.03761611181558629
2024-03-18,3,181,181,-0.02857937940531405
2024-03-18,4,180,180,-0.037533906209314176
2024-03-18,5,180,180,-0.06571540347632338
2024-03-19,1,180,180,-0.09512811316185599
2024-03-19,2,180,180,-0.02927019151638266
2024-03-19,3,180,180,-0.031006006636467305
2024-03-19,4,180,179,-0.03237713310907075
2024-03-19,5,180,180,-0.06296395350996206
2024-03-20,1,180,180,-0.11912726714875832
2024-03-20,2,180,180,-0.03146748818268716
2024-03-20,3,180,180,-0.04374322433418009
2024-03-20,4,180,180,-0.037852676538602616
2024-03-20,5,180,180,-0.08128472270115668
2024-03-21,1,181,181,-0.12334331635425656
2024-03-21,2,180,180,-0.04108401011064286
2024-03-21,3,181,181,-0.03215831293004518
2024-03-21,4,180,180,-0.04515787087306252
2024-03-21,5,180,180,-0.07643487560539994
2024-03-22,1,180,180,-0.11570346455073185
2024-03-22,2,180,180,-0.03175375563528283
2024-03-22,3,180,180,-0.014587120182485033
2024-03-22,4,180,180,-0.026029943514219302
2024-03-22,5,179,179,-0.07688966899800082
2024-03-25,1,180,180,-0.07921080433368359
2024-03-25,2,180,180,-0.014631237871337086
2024-03-25,3,179,178,-0.004609931294731881
2024-03-25,4,180,180,-0.009998432427967439
2024-03-25,5,179,179,-0.05024105501852566
2024-03-26,1,180,179,-0.08572925925948205
2024-03-26,2,180,180,-0.003929753589114028
2024-03-26,3,180,180,1.7823101337046924e-05
2024-03-26,4,180,180,-0.004259619082503839
2024-03-26,5,179,179,-0.04209307258133557
2024-03-27,1,179,179,-0.016969010965741868
2024-03-27,2,178,178,0.01938698762046028
2024-03-27,3,178,178,0.045242717729701114
2024-03-27,4,178,178,0.028096898512049658
2024-03-27,5,178,178,0.010925270433356829
2024-03-28,1,180,175,-0.020134225714246282
2024-03-28,2,179,179,0.0319483821598315
2024-03-28,3,179,179,0.04429764454448642
2024-03-28,4,179,179,0.03254924708082243
2024-03-28,5,179,177,0.02384847653399948
2024-03-29,1,180,180,-0.029449470694135116
2024-03-29,2,179,179,0.028083428702747812
2024-03-29,3,179,178,0.03425364022759439
2024-03-29,4,179,179,0.026081235105205866
2024-03-29,5,179,179,0.007902849397930827
2024-04-01,1,180,180,-0.03918091497071019
2024-04-01,2,180,180,0.02745682495755487
2024-04-01,3,180,179,0.028859225555547697
2024-04-01,4,180,180,0.00936584838713422
2024-04-01,5,180,180,-0.0086329685047449
2024-04-02,1,181,181,-0.02851020901536426
2024-04-02,2,180,180,0.02919383150390185
2024-04-02,3,181,180,0.030052641942081428
2024-04-02,4,180,180,0.01849570544393347
2024-04-02,5,180,180,0.0024705590385459813
2024-04-03,1,181,181,-0.030130958654217558
2024-04-03,2,181,181,0.023974453516477572
2024-04-03,3,181,181,0.028443690398447154
2024-04-03,4,181,180,0.0036189284717869923
2024-04-03,5,180,180,-0.0009421953138081196
2024-04-08,1,180,180,-0.001504814103408118
2024-04-08,2,179,179,0.052457941924430665
2024-04-08,3,180,180,0.05420703389993506
2024-04-08,4,179,178,0.052892226913933214
2024-04-08,5,179,179,0.019358983427739604
2024-04-09,1,181,181,-0.027500012741088976
2024-04-09,2,180,179,0.039185360360020995
2024-04-09,3,180,180,0.0389269697072611
2024-04-09,4,180,179,0.014523257073813267
2024-04-09,5,180,180,0.008257560676550417
2024-04-10,1,180,180,-0.0009354595088446284
2024-04-10,2,180,180,0.05536392982390311
2024-04-10,3,180,180,0.05804784027375476
2024-04-10,4,180,179,0.05240233582622652
2024-04-10,5,180,180,0.0168115660631404
2024-04-11,1,181,181,0.0006990981994444903
2024-04-11,2,180,180,0.0387049695359404
2024-04-11,3,181,180,0.05255583144297419
2024-04-11,4,180,180,0.049303559501895994
2024-04-11,5,180,180,0.008583906533114595
2024-04-12,1,180,180,0.01505471307163995
2024-04-12,2,180,179,0.04980227943563042
2024-04-12,3,179,179,0.05477911694301668
2024-04-12,4,180,180,0.04648528227472728
2024-04-12,5,179,179,0.012014316012461078
2024-04-15,1,180,180,0.043524311306420156
2024-04-15,2,179,179,0.04640858479382468
2024-04-15,3,179,179,0.05910066876480407
2024-04-15,4,179,179,0.039335888347628155
2024-04-15,5,179,179,0.041667864700897665
2024-04-16,1,178,177,0.10574587191276763
2024-04-16,2,177,177,0.09074162976393983
2024-04-16,3,177,176,0.08698167769115427
2024-04-16,4,177,177,0.0854852094943412
2024-04-16,5,177,177,0.09064200049848152
2024-04-17,1,180,180,0.05107735862138046
2024-04-17,2,179,178,0.06102711712225071
2024-04-17,3,179,179,0.07085318129627317
2024-04-17,4,179,179,0.0671829069542528
2024-04-17,5,179,179,0.055620755965815984
2024-04-18,1,180,180,0.05609676361244028
2024-04-18,2,179,179,0.054538675653819986
2024-04-18,3,179,179,0.06318335229921575
2024-04-18,4,179,179,0.05427698256342158
2024-04-18,5,179,179,0.054298075683923
2024-04-19,1,179,179,0.050972606685630965
2024-04-19,2,178,178,0.05941687456475785
2024-04-19,3,179,179,0.06584081137423764
2024-04-19,4,178,178,0.06635443156024085
2024-04-19,5,178,178,0.05380247869384168
2024-04-22,1,178,178,0.04665450095010614
2024-04-22,2,178,178,0.045310733951932684
2024-04-22,3,178,178,0.05253465628719804
2024-04-22,4,178,178,0.0336550641430879
2024-04-22,5,177,177,0.0375916637323644
2024-04-23,1,178,178,0.030017513401532515
2024-04-23,2,178,178,0.04010446851089987
2024-04-23,3,178,178,0.04688194271956076
2024-04-23,4,178,178,0.04893734105608873
2024-04-23,5,178,178,0.023498482558529692
2024-04-24,1,179,178,0.01730868362313923
2024-04-24,2,178,178,0.052073988945481965
2024-04-24,3,178,178,0.04666696730115251
2024-04-24,4,178,178,0.043985923083848216
2024-04-24,5,178,178,0.0248670894689395
2024-04-25,1,179,178,0.0057266276195743464
2024-04-25,2,178,178,0.03248987243116326
2024-04-25,3,178,178,0.03340170167060029
2024-04-25,4,178,178,0.029708004774895092
2024-04-25,5,178,178,0.0033077751094282297
2024-04-26,1,181,181,-0.011791068085040095
2024-04-26,2,180,180,0.011025465412716411
2024-04-26,3,180,180,0.023543645241300846
2024-04-26,4,180,180,-0.007900774061563485
2024-04-26,5,180,180,-0.011463055236518537
2024-04-29,1,181,179,-0.03190843072687585
2024-04-29,2,181,180,0.0026757262893545375
2024-04-29,3,181,180,-0.012118691432687938
2024-04-29,4,181,181,-0.014351814678903091
2024-04-29,5,180,179,-0.04113791920775434
2024-04-30,1,180,180,-0.029048499497896816
2024-04-30,2,179,179,-0.015522545489329409
2024-04-30,3,180,180,-0.017554053117595503
2024-04-30,4,179,179,-0.02874097687759953
2024-04-30,5,179,179,-0.037287973266593506
2024-05-06,1,181,181,-0.05999885540365834
2024-05-06,2,181,181,-0.023416420886655874
2024-05-06,3,181,181,-0.027968278937521747
2024-05-06,4,181,181,-0.05464367314939206
2024-05-06,5,180,180,-0.06621734211454657
2024-05-07,1,181,181,-0.04373737845428198
2024-05-07,2,181,181,-0.024321575952385478
2024-05-07,3,180,180,-0.03415723632638059
2024-05-07,4,181,181,-0.043406757321752844
2024-05-07,5,180,180,-0.06983652192619166
2024-05-08,1,181,181,-0.042000384625455384
2024-05-08,2,180,180,-0.026575852332784113
2024-05-08,3,181,181,-0.02858708917445738
2024-05-08,4,180,180,-0.043706199562162436
2024-05-08,5,180,180,-0.06413022160466685
2024-05-09,1,181,181,-0.07997862574279074
2024-05-09,2,180,180,-0.04711370455357841
2024-05-09,3,181,181,-0.05190583246916958
2024-05-09,4,180,180,-0.06515611570808671
2024-05-09,5,180,180,-0.10069521310277768
2024-05-10,1,181,181,-0.05945836066931236
2024-05-10,2,181,181,-0.046505734836420634
2024-05-10,3,180,180,-0.046284026260599416
2024-05-10,4,181,180,-0.06942346492361591
2024-05-10,5,180,180,-0.0804942245020459
2024-05-13,1,180,180,-0.06461472895399896
2024-05-13,2,180,180,-0.046137575678233636
2024-05-13,3,180,180,-0.040997726792455155
2024-05-13,4,180,180,-0.06111687215738447
2024-05-13,5,180,180,-0.06204295074170795
2024-05-14,1,181,181,-0.049558299658737114
2024-05-14,2,180,180,-0.03199875712193313
2024-05-14,3,180,180,-0.04628715728896287
2024-05-14,4,180,180,-0.059786606495090704
2024-05-14,5,180,180,-0.06752014801726156
2024-05-15,1,181,181,-0.06163391085185957
2024-05-15,2,180,180,-0.050447953213729156
2024-05-15,3,180,180,-0.042200236731132205
2024-05-15,4,180,180,-0.059940626807746394
2024-05-15,5,180,180,-0.07322099461216153
2024-05-16,1,181,181,-0.05669658991834571
2024-05-16,2,180,180,-0.038419700191543296
2024-05-16,3,180,180,-0.05064597695606874
2024-05-16,4,180,180,-0.06250902947874089
2024-05-16,5,180,180,-0.06808645007222888
2024-05-17,1,182,181,-0.07716725778440613
2024-05-17,2,181,180,-0.04789165710461221
2024-05-17,3,181,181,-0.049033042940899815
2024-05-17,4,181,181,-0.0665182360241218
2024-05-17,5,181,181,-0.08814271162613121
2024-05-20,1,181,181,-0.06852594149993008
2024-05-20,2,180,180,-0.04950317977354702
2024-05-20,3,180,180,-0.04786954131669246
2024-05-20,4,180,180,-0.06643936919472393
2024-05-20,5,180,180,-0.06436148812255284
2024-05-21,1,181,181,-0.07669139489596154
2024-05-21,2,180,180,-0.04662893203738402
2024-05-21,3,180,180,-0.05998705016873678
2024-05-21,4,180,180,-0.06647984060147559
2024-05-21,5,180,180,-0.06990348524040449
2024-05-22,1,181,181,-0.09354905171967758
2024-05-22,2,180,180,-0.06073823128119445
2024-05-22,3,181,181,-0.06992044689925703
2024-05-22,4,180,180,-0.08394453318905033
2024-05-22,5,180,180,-0.0957685966967851
2024-05-23,1,180,180,-0.08413716796331754
2024-05-23,2,179,179,-0.045486953375969266
2024-05-23,3,179,179,-0.05373572985846285
2024-05-23,4,179,179,-0.06603496192236885
2024-05-23,5,179,179,-0.07649557090354966
2024-05-24,1,180,180,-0.07620995184933202
2024-05-24,2,179,179,-0.06535594437674065
2024-05-24,3,179,179,-0.07697324779673298
2024-05-24,4,179,179,-0.0773929491472927
2024-05-24,5,179,179,-0.08952833847292764
2024-05-27,1,180,180,-0.09422506085575791
2024-05-27,2,179,179,-0.08046740441935253
2024-05-27,3,180,180,-0.0788434756282728
2024-05-27,4,179,179,-0.09710070648646706
2024-05-27,5,179,179,-0.09141177922326564
2024-05-28,1,179,179,-0.06508093677825251
2024-05-28,2,179,179,-0.05583449781165987
2024-05-28,3,179,179,-0.06349861298021897
2024-05-28,4,179,179,-0.06590628440475774
2024-05-28,5,179,179,-0.04767421223764139
2024-05-29,1,179,179,-0.08255410314397851
2024-05-29,2,179,179,-0.07203951409264527
2024-05-29,3,179,179,-0.07066559719035087
2024-05-29,4,179,179,-0.07767923471979271
2024-05-29,5,178,178,-0.070445977145325
2024-05-30,1,179,179,-0.06429926431162518
2024-05-30,2,178,178,-0.07010206150039877
2024-05-30,3,179,179,-0.069034496832751
2024-05-30,4,178,178,-0.07777987844298337
2024-05-30,5,178,178,-0.06283731449958024
2024-05-31,1,178,178,-0.05786843108855943
2024-05-31,2,178,178,-0.049432977787234704
2024-05-31,3,178,178,-0.058792341473504206
2024-05-31,4,178,178,-0.07214080713366927
2024-05-31,5,177,177,-0.055873887333741865
2024-06-03,1,178,178,-0.04718707529141983
2024-06-03,2,177,177,-0.045996235240628194
2024-06-03,3,178,178,-0.055597307366831515
2024-06-03,4,177,177,-0.058976447233113356
2024-06-03,5,177,177,-0.048304784122189845
2024-06-04,1,177,177,-0.05478417855828059
2024-06-04,2,177,177,-0.06316885683059668
2024-06-04,3,176,176,-0.06273323354647417
2024-06-04,4,177,177,-0.0642786413373751
2024-06-04,5,176,176,-0.054895000101772666
2024-06-05,1,177,177,-0.0712216691975458
2024-06-05,2,176,176,-0.07266742019387758
2024-06-05,3,176,176,-0.07215879657885964
2024-06-05,4,176,176,-0.0815462958073882
2024-06-05,5,176,176,-0.06406638566540918
2024-06-06,1,176,176,-0.04489718884793419
2024-06-06,2,176,176,-0.05587642830635343
2024-06-06,3,176,175,-0.06296530525550653
2024-06-06,4,176,176,-0.0666351599786735
2024-06-06,5,176,176,-0.033261833304671314
2024-06-07,1,177,177,-0.06688583371363684
2024-06-07,2,176,175,-0.07230908977706915
2024-06-07,3,177,177,-0.0719958167432742
2024-06-07,4,176,176,-0.07294250707378802
2024-06-07,5,176,176,-0.0612526472679695
2024-06-11,1,176,176,-0.058434848308875346
2024-06-11,2,176,176,-0.060000527481674455
2024-06-11,3,175,175,-0.06237462001761479
2024-06-11,4,176,176,-0.07593889393955555
2024-06-11,5,175,175,-0.043197709505955105
2024-06-12,1,176,176,-0.0418406049969035
2024-06-12,2,176,176,-0.06703704267289257
2024-06-12,3,176,176,-0.05323686314431799
2024-06-12,4,176,176,-0.0650184125183981
2024-06-12,5,175,175,-0.048619453791476475
2024-06-13,1,175,175,-0.032678494045529846
2024-06-13,2,175,175,-0.03924198694192651
2024-06-13,3,175,175,-0.02568498023838832
2024-06-13,4,175,175,-0.046188381724526356
2024-06-13,5,175,175,-0.02942751743932767
2024-06-14,1,176,176,-0.050453960024907256
2024-06-14,2,175,175,-0.038780737816219976
2024-06-14,3,176,176,-0.038928961530167464
2024-06-14,4,175,175,-0.042857571837293565
2024-06-14,5,175,175,-0.029262393157168064
2024-06-17,1,175,175,-0.06137475394629953
2024-06-17,2,175,175,-0.035302418984456393
2024-06-17,3,175,175,-0.04742414305134205
2024-06-17,4,175,175,-0.04573619696703354
2024-06-17,5,175,175,-0.05841462849604665
2024-06-18,1,176,176,-0.042896646177078196
2024-06-18,2,175,175,-0.046728128055316204
2024-06-18,3,175,175,-0.05213093451560459
2024-06-18,4,175,175,-0.06269075315383121
2024-06-18,5,175,175,-0.059141070901734635
2024-06-19,1,175,175,-0.046453519090799415
2024-06-19,2,175,175,-0.05216568202365378
2024-06-19,3,175,175,-0.04503921741254805
2024-06-19,4,175,175,-0.05432382274316217
2024-06-19,5,174,174,-0.06454488926923746
2024-06-20,1,175,175,-0.026672470794244698
2024-06-20,2,175,175,-0.037958620211293106
2024-06-20,3,175,175,-0.014299809913451027
2024-06-20,4,175,175,-0.03569480454856509
2024-06-20,5,174,174,-0.0379104381790107
2024-06-21,1,175,175,-0.018957591961191927
2024-06-21,2,175,175,-0.017311450755625315
2024-06-21,3,175,175,-0.014265858492942648
2024-06-21,4,175,175,-0.028880292488039815
2024-06-21,5,175,175,-0.029856767442821258
2024-06-24,1,174,174,0.0038349586828626313
2024-06-24,2,174,174,0.0029719974603483607
2024-06-24,3,174,174,-0.00906681240626264
2024-06-24,4,174,174,-0.008436494813483245
2024-06-24,5,173,173,-0.006094613641172902
2024-06-25,1,174,174,-0.02335437052582936
2024-06-25,2,174,174,-0.01931141113875047
2024-06-25,3,174,174,-0.029976147788098116
2024-06-25,4,174,174,-0.03334143606708599
2024-06-25,5,173,173,-0.015901491966156405
2024-06-26,1,175,175,-0.05527238906229272
2024-06-26,2,174,174,-0.05311874214539783
2024-06-26,3,175,175,-0.055897674518207804
2024-06-26,4,174,174,-0.06146941221611714
2024-06-26,5,174,174,-0.06495334400122701
2024-06-27,1,175,175,-0.03327774149179907
2024-06-27,2,174,174,-0.0423754759386124
2024-06-27,3,174,174,-0.02776808547969742
2024-06-27,4,174,174,-0.031878563002958604
2024-06-27,5,174,174,-0.04085350031498161
2024-06-28,1,174,174,-0.03571413878580356
2024-06-28,2,174,174,-0.02601812891112976
2024-06-28,3,174,174,-0.025158981645649742
2024-06-28,4,174,174,-0.02433963197050245
2024-06-28,5,173,173,-0.02986585728184153
2024-07-01,1,174,174,-0.05506343994572837
2024-07-01,2,174,174,-0.04096213997562164
2024-07-01,3,174,174,-0.04641899542713311
2024-07-01,4,174,174,-0.04427508661819942
2024-07-01,5,174,174,-0.03602144870558487
2024-07-02,1,174,173,-0.0350256260756837
2024-07-02,2,174,174,-0.04772174207704267
2024-07-02,3,174,174,-0.03760383299738072
2024-07-02,4,174,174,-0.03209713910104725
2024-07-02,5,174,174,-0.027645032937297878
2024-07-03,1,174,174,0.010559153557107966
2024-07-03,2,174,174,-0.0009934612257685917
2024-07-03,3,174,173,0.0014121732139476652
2024-07-03,4,174,173,0.007345607668659353
2024-07-03,5,173,173,0.009823939247584372
2024-07-04,1,173,173,0.02747317429458531
2024-07-04,2,173,173,0.004101107988905088
2024-07-04,3,173,172,0.003457561520830611
2024-07-04,4,173,172,0.021265415671888027
2024-07-04,5,172,172,0.023473415431809114
2024-07-05,1,173,172,0.004197511310995295
2024-07-05,2,172,172,-0.016242708723646682
2024-07-05,3,173,172,-0.003167052709636571
2024-07-05,4,172,172,0.009064246117810372
2024-07-05,5,172,172,0.002419038794193114
2024-07-08,1,171,171,0.022661189088094485
2024-07-08,2,171,171,0.0037654021949586097
2024-07-08,3,171,171,0.01116617248073372
2024-07-08,4,171,170,0.019941170511223755
2024-07-08,5,170,170,0.024857861123142484
2024-07-09,1,171,171,-0.010304838208185358
2024-07-09,2,170,170,-0.004437177388930758
2024-07-09,3,171,171,0.006957791729895056
2024-07-09,4,170,169,0.030140720451342407
2024-07-09,5,170,170,-0.0016052632818199875
2024-07-10,1,170,170,-0.03358465769366427
2024-07-10,2,170,170,-0.0004538798651845849
2024-07-10,3,169,169,-0.01626770119594516
2024-07-10,4,170,169,0.010203777353149635
2024-07-10,5,169,169,-0.0177414198143344
2024-07-11,1,172,172,-0.03111335271832988
2024-07-11,2,171,171,-0.007532093157942861
2024-07-11,3,171,170,-0.010278680245134281
2024-07-11,4,171,171,-0.002316500965606648
2024-07-11,5,171,171,-0.01968155409968856
2024-07-12,1,172,172,-0.04865392268858876
2024-07-12,2,172,172,-0.013844790209512908
2024-07-12,3,171,171,-0.009684575924576652
2024-07-12,4,172,171,-0.008895614142850353
2024-07-12,5,171,171,-0.03155472348893189
2024-07-15,1,171,171,-0.044316226946091476
2024-07-15,2,171,171,-0.00975646530773926
2024-07-15,3,171,171,-0.01150656312729316
2024-07-15,4,171,170,-0.0022218369264853225
2024-07-15,5,171,171,-0.024234639189471645
2024-07-16,1,171,171,-0.04975626883066997
2024-07-16,2,171,171,-0.010439224795937958
2024-07-16,3,170,169,-0.007892630288680258
2024-07-16,4,171,171,0.0024239892273822438
2024-07-16,5,170,170,-0.0325187308203391
2024-07-17,1,171,171,-0.03906829160370829
2024-07-17,2,171,171,-0.020466427846355783
2024-07-17,3,171,171,-0.017772918611910788
2024-07-17,4,171,171,0.0068474856090411694
2024-07-17,5,170,170,-0.02607956337202333
2024-07-18,1,171,171,-0.024274626353767044
2024-07-18,2,171,171,-0.012193233886494594
2024-07-18,3,170,170,-0.020548916392173926
2024-07-18,4,171,171,0.0008428816539746103
2024-07-18,5,170,170,0.0019930566408638086
2024-07-19,1,171,171,-0.03927848414101576
2024-07-19,2,170,170,-0.03391066386370143
2024-07-19,3,170,170,-0.027980012348409702
2024-07-19,4,170,170,-0.009357182964869074
2024-07-19,5,170,170,-0.016324832150329715
2024-07-22,1,170,170,-0.039215463467783714
2024-07-22,2,169,169,-0.028395753901909862
2024-07-22,3,170,170,-0.01838041724238642
2024-07-22,4,169,169,-0.012078170460837808
2024-07-22,5,169,169,-0.01922169432313021
2024-07-23,1,169,169,-0.032166292585349573
2024-07-23,2,169,169,-0.0205472876346064
2024-07-23,3,169,169,-0.012195985503229551
2024-07-23,4,169,169,-0.007507294936511852
2024-07-23,5,168,168,-0.008732398840191329
2024-07-24,1,168,168,-0.009545717787438608
2024-07-24,2,168,168,-0.009735311538878175
2024-07-24,3,167,166,-0.005386630882035969
2024-07-24,4,168,168,0.0031466281337802693
2024-07-24,5,167,167,0.009990267083510028
2024-07-25,1,169,169,-0.04292544197856409
2024-07-25,2,168,168,-0.028466396784742144
2024-07-25,3,168,167,-0.024254631310372147
2024-07-25,4,168,168,-0.01838479697793676
2024-07-25,5,168,168,-0.017537322335314465
2024-07-26,1,169,169,-0.05031853625387516
2024-07-26,2,169,169,-0.03967614409547907
2024-07-26,3,169,169,-0.03272765011584298
2024-07-26,4,169,168,-0.018861497823918487
2024-07-26,5,169,169,-0.025144837416646915
2024-07-29,1,169,169,-0.04502422969914769
2024-07-29,2,169,169,-0.026476222294243915
2024-07-29,3,168,167,-0.02586497604119845
2024-07-29,4,169,169,-0.02001090760483388
2024-07-29,5,168,168,-0.010550512478480526
2024-07-30,1,169,168,-0.06151062230564426
2024-07-30,2,168,168,-0.03620527825442237
2024-07-30,3,168,167,-0.034719649719277275
2024-07-30,4,168,168,-0.02973093604447477
2024-07-30,5,168,168,-0.04146313184350224
2024-07-31,1,170,169,-0.10173260736754934
2024-07-31,2,169,169,-0.0755939259613605
2024-07-31,3,170,170,-0.069732254682592
2024-07-31,4,169,168,-0.06293589608801091
2024-07-31,5,169,168,-0.06681578953838423
2024-08-01,1,169,169,-0.07642463961934039
2024-08-01,2,169,169,-0.050649944405937855
2024-08-01,3,169,169,-0.04472055465494165
2024-08-01,4,169,168,-0.04338851344094591
2024-08-01,5,168,168,-0.03942418104174058
2024-08-02,1,170,170,-0.04286590435638024
2024-08-02,2,169,169,-0.025276299257112347
2024-08-02,3,170,170,-0.027729981491244154
2024-08-02,4,169,168,-0.019306619516501037
2024-08-02,5,169,169,-0.0070194008080029
2024-08-05,1,170,170,-0.06095813878457746
2024-08-05,2,170,170,-0.033566279346226656
2024-08-05,3,170,169,-0.04033382363414738
2024-08-05,4,170,168,-0.03217828253357916
2024-08-05,5,169,169,-0.020090828216871685
2024-08-06,1,170,170,-0.05529189913831192
2024-08-06,2,169,169,-0.03463568968372757
2024-08-06,3,169,169,-0.03199509321280869
2024-08-06,4,169,167,-0.030653589800831455
2024-08-06,5,169,168,-0.02302600067659119
2024-08-07,1,170,170,-0.03958107797709925
2024-08-07,2,170,170,-0.036903496632912466
2024-08-07,3,169,169,-0.030119035022906096
2024-08-07,4,170,170,-0.03296579079579709
2024-08-07,5,169,167,-0.013809988354094752
2024-08-08,1,170,170,-0.03792507348502774
2024-08-08,2,169,169,-0.04316960073874887
2024-08-08,3,169,167,-0.03017256900661888
2024-08-08,4,169,168,-0.03457420468287579
2024-08-08,5,169,168,-0.010644001573057121
2024-08-09,1,169,169,-0.042688460570064174
2024-08-09,2,169,169,-0.049577598088383655
2024-08-09,3,169,166,-0.04713278830686275
2024-08-09,4,169,168,-0.027277307193792875
2024-08-09,5,169,169,-0.029406182934315198
2024-08-12,1,170,170,-0.034734199052508546
2024-08-12,2,169,167,-0.05235369744050355
2024-08-12,3,170,168,-0.036595607928422424
2024-08-12,4,169,169,-0.038239812892496845
2024-08-12,5,169,169,-0.022146038410266217
2024-08-13,1,170,169,-0.048013997163499945
2024-08-13,2,169,168,-0.05744832524943601
2024-08-13,3,170,168,-0.03734290094094871
2024-08-13,4,169,169,-0.03820743665336506
2024-08-13,5,169,169,-0.03958102147965596
2024-08-14,1,170,169,-0.03865648161012247
2024-08-14,2,170,168,-0.03641414855680771
2024-08-14,3,170,169,-0.0397936173529102
2024-08-14,4,170,170,-0.027226196307212097
2024-08-14,5,170,170,-0.020604653915918557
2024-08-15,1,170,169,-0.06255253718258943
2024-08-15,2,170,169,-0.05681125064862612
2024-08-15,3,170,168,-0.03932998267444007
2024-08-15,4,170,170,-0.051131798794155046
2024-08-15,5,170,170,-0.03080510333872381
2024-08-16,1,171,171,-0.06395709302876297
2024-08-16,2,170,167,-0.05652928423394677
2024-08-16,3,171,170,-0.05026726835005236
2024-08-16,4,170,170,-0.05063961443635011
2024-08-16,5,170,170,-0.03551953758082833
2024-08-19,1,171,171,-0.059770650762174804
2024-08-19,2,171,171,-0.054524929593207774
2024-08-19,3,170,168,-0.04280883150175275
2024-08-19,4,171,171,-0.052721194665996556
2024-08-19,5,170,170,-0.033300581846823
2024-08-20,1,170,170,-0.022808760269470152
2024-08-20,2,170,170,-0.02573977971716162
2024-08-20,3,170,168,-0.0243088086108705
2024-08-20,4,170,170,-0.00989254932368306
2024-08-20,5,169,169,0.008118549528143745
2024-08-21,1,170,170,-0.03669656657982954
2024-08-21,2,170,170,-0.018448447459067974
2024-08-21,3,169,166,-0.018681880557840317
2024-08-21,4,170,170,-0.007092765356433165
2024-08-21,5,169,169,0.00798477888405672
2024-08-22,1,169,169,-0.002519228052483017
2024-08-22,2,169,169,0.0010980879382011457
2024-08-22,3,169,167,0.0005563830225507077
2024-08-22,4,169,169,0.018294882427161874
2024-08-22,5,169,169,0.03625339238043528
2024-08-23,1,169,169,0.03836505881679633
2024-08-23,2,169,169,0.03417202041789266
2024-08-23,3,169,167,0.03688838375459228
2024-08-23,4,169,169,0.05914236688278324
2024-08-23,5,168,168,0.06938354489422358
2024-08-26,1,170,170,0.03293496009755924
2024-08-26,2,170,168,0.029052380683759937
2024-08-26,3,170,170,0.04059256366790165
2024-08-26,4,170,170,0.05647953631380249
2024-08-26,5,169,169,0.05742913332662909
2024-08-27,1,170,170,0.1140202166681013
2024-08-27,2,170,168,0.10177670960851862
2024-08-27,3,170,170,0.13025235168170857
2024-08-27,4,170,170,0.13191595667035913
2024-08-27,5,169,169,0.13454381530806644
2024-08-28,1,170,170,0.19461471270487615
2024-08-28,2,169,167,0.18995051154874598
2024-08-28,3,170,170,0.21449832006326142
2024-08-28,4,169,169,0.2304844961941965
2024-08-28,5,169,169,0.21589841654955588
2024-08-29,1,169,169,0.3592223271678704
2024-08-29,2,169,167,0.3370104233019188
2024-08-29,3,169,169,0.36161375437637894
2024-08-29,4,169,169,0.3777321243902002
2024-08-29,5,169,169,0.3665485108577362
2024-08-30,1,170,170,0.26065205952834497
2024-08-30,2,170,169,0.23348547860972546
2024-08-30,3,170,169,0.2525322036777342
2024-08-30,4,170,170,0.28007934504712406
2024-08-30,5,170,170,0.2743345699761471
2024-09-02,1,170,168,0.2184020803579788
2024-09-02,2,169,169,0.18956056826373388
2024-09-02,3,170,170,0.21237584041801713
2024-09-02,4,169,169,0.23472201971257983
2024-09-02,5,169,169,0.23959473374489443
2024-09-03,1,169,169,0.19244493525371847
2024-09-03,2,169,169,0.19099924029680795
2024-09-03,3,168,168,0.20162818236820462
2024-09-03,4,169,169,0.20918323658160753
2024-09-03,5,168,168,0.20833753109183512
2024-09-04,1,168,168,0.16115283311100073
2024-09-04,2,168,168,0.167992758204958
2024-09-04,3,168,168,0.18305161591046581
2024-09-04,4,168,168,0.16742879117553555
2024-09-04,5,168,168,0.1721357773525453
2024-09-05,1,169,169,0.1884718402073541
2024-09-05,2,168,166,0.17108522909893017
2024-09-05,3,169,169,0.17378169692313877
2024-09-05,4,168,168,0.1769081316379243
2024-09-05,5,168,168,0.18534960945377663
2024-09-06,1,168,168,0.1784130001453782
2024-09-06,2,168,168,0.16289010616849092
2024-09-06,3,168,168,0.16488112570387997
2024-09-06,4,168,168,0.16783061533149055
2024-09-06,5,168,168,0.18156321704515502
2024-09-09,1,168,168,0.2232225775748135
2024-09-09,2,168,168,0.1962369951693479
2024-09-09,3,167,167,0.1941433195918664
2024-09-09,4,168,168,0.19310584591223046
2024-09-09,5,167,167,0.19562567828052874
2024-09-10,1,167,167,0.2062726061968802
2024-09-10,2,167,166,0.17746300311202384
2024-09-10,3,166,166,0.17747819166260445
2024-09-10,4,167,167,0.17802909612102777
2024-09-10,5,166,166,0.18036430850917654
2024-09-11,1,167,166,0.25484101350784527
2024-09-11,2,166,166,0.20424734932136393
2024-09-11,3,166,166,0.21846767471527548
2024-09-11,4,166,166,0.21378213393910614
2024-09-11,5,166,165,0.23675409020013954
2024-09-12,1,167,166,0.2754706180684805
2024-09-12,2,166,166,0.21885008662024216
2024-09-12,3,167,167,0.22359131498296927
2024-09-12,4,166,165,0.22768241280943566
2024-09-12,5,166,166,0.2543875483260553
2024-09-13,1,167,166,0.3041134533427976
2024-09-13,2,167,166,0.24619629659456452
2024-09-13,3,166,166,0.2438603139350587
2024-09-13,4,167,167,0.2567394101090809
2024-09-13,5,166,166,0.28783594231265874
2024-09-18,1,167,166,0.29197757914861744
2024-09-18,2,167,167,0.24041420541360536
2024-09-18,3,167,166,0.2397159897358787
2024-09-18,4,167,167,0.24632686445928353
2024-09-18,5,166,166,0.28715209317319257
2024-09-19,1,167,165,0.30346323607355935
2024-09-19,2,167,167,0.22311596977683082
2024-09-19,3,167,167,0.22001661867206582
2024-09-19,4,167,167,0.23242514446355642
2024-09-19,5,167,167,0.23120417875874108
2024-09-20,1,167,166,0.29411651865760435
2024-09-20,2,167,166,0.25121851956865315
2024-09-20,3,167,167,0.23890734337212594
2024-09-20,4,167,167,0.2503973730913602
2024-09-20,5,167,167,0.28957201376006014
2024-09-23,1,167,167,0.2926333176782189
2024-09-23,2,167,165,0.2507024675425822
2024-09-23,3,167,167,0.2637637952790951
2024-09-23,4,167,167,0.2814142332941163
2024-09-23,5,167,167,0.31129167318542245
2024-09-24,1,170,170,0.26647709119034946
2024-09-24,2,169,169,0.16030082350919408
2024-09-24,3,169,169,0.1790522072545505
2024-09-24,4,169,166,0.17576737570850215
2024-09-24,5,169,169,0.22764265247804785
2024-09-25,1,172,171,0.30182542387120365
2024-09-25,2,171,171,0.16909383395411148
2024-09-25,3,171,171,0.18097322401764823
2024-09-25,4,171,170,0.18949703072535953
2024-09-25,5,171,171,0.23555200496705433
2024-09-26,1,173,173,0.24046404384029132
2024-09-26,2,173,173,0.10447167054104191
2024-09-26,3,173,173,0.13310035605441234
2024-09-26,4,173,172,0.1312668281232951
2024-09-26,5,173,173,0.1831328077493808
2024-09-27,1,176,176,0.11765973527194831
2024-09-27,2,176,176,0.039735675468796666
2024-09-27,3,176,176,0.030053455850996672
2024-09-27,4,176,175,0.03274656801743763
2024-09-27,5,176,176,0.07212581044983929
2024-09-30,1,180,180,-0.0030547793704093734
2024-09-30,2,180,180,-0.07628325696262647
2024-09-30,3,180,180,-0.0857806082817229
2024-09-30,4,180,179,-0.07322282958063338
2024-09-30,5,180,180,-0.05062241816696681
2024-10-08,1,183,182,0.07645929922049553
2024-10-08,2,183,183,0.018622388706467836
2024-10-08,3,182,182,0.004671883870256666
2024-10-08,4,183,183,0.01000411353436615
2024-10-08,5,182,182,0.043977353297785314
2024-10-09,1,181,180,0.12286790057220896
2024-10-09,2,180,180,0.07298567308541751
2024-10-09,3,181,180,0.05836126764854309
2024-10-09,4,180,180,0.07257258070746128
2024-10-09,5,180,180,0.08815235379408717
2024-10-10,1,181,180,0.2253535076201214
2024-10-10,2,180,180,0.11075191494272076
2024-10-10,3,180,180,0.09910617479197614
2024-10-10,4,180,180,0.11472367052708915
2024-10-10,5,180,180,0.14403013556667063
2024-10-11,1,180,180,0.2155963463675828
2024-10-11,2,180,179,0.12492975725812637
2024-10-11,3,179,179,0.12784336085094666
2024-10-11,4,180,180,0.1180778501383011
2024-10-11,5,179,179,0.14932450810640654
2024-10-14,1,181,180,0.2349504032073084
2024-10-14,2,180,180,0.11853669048877752
2024-10-14,3,180,180,0.1214690118774193
2024-10-14,4,180,180,0.1253346983685818
2024-10-14,5,180,180,0.16090363569102842
2024-10-15,1,181,180,0.24149914645054898
2024-10-15,2,180,180,0.12253600408301304
2024-10-15,3,181,181,0.1219308365878064
2024-10-15,4,180,180,0.16256836798202537
2024-10-15,5,180,180,0.187714156434727
2024-10-16,1,181,180,0.16754744009026737
2024-10-16,2,180,180,0.11560932930806642
2024-10-16,3,181,181,0.1062067879214004
2024-10-16,4,180,180,0.14008620263771487
2024-10-16,5,180,180,0.18020723872931543
2024-10-17,1,180,178,0.14896124736847863
2024-10-17,2,180,180,0.10817190775173534
2024-10-17,3,180,180,0.10299091162971542
2024-10-17,4,180,180,0.11074854244043433
2024-10-17,5,179,179,0.16658407395381733
2024-10-18,1,181,181,0.10269292794565164
2024-10-18,2,180,179,0.060416336992203105
2024-10-18,3,181,180,0.04608231230060981
2024-10-18,4,180,180,0.0762632311660203
2024-10-18,5,180,180,0.1095504781720119
2024-10-21,1,181,181,0.04793769830051213
2024-10-21,2,180,180,0.03755897498436718
2024-10-21,3,181,180,0.027817249867639098
2024-10-21,4,180,180,0.061071402379231365
2024-10-21,5,180,180,0.07772489352393783
2024-10-22,1,181,181,0.054296461998752835
2024-10-22,2,181,181,0.04798750411758641
2024-10-22,3,181,181,0.035988654471268644
2024-10-22,4,181,181,0.05406485159431303
2024-10-22,5,180,180,0.07337544266335817
2024-10-23,1,181,181,0.09749119511169722
2024-10-23,2,181,181,0.04233849850906675
2024-10-23,3,181,181,0.05294156897302976
2024-10-23,4,181,181,0.06118913626055934
2024-10-23,5,180,180,0.10328256729593716
2024-10-24,1,182,182,0.08263017475580399
2024-10-24,2,181,181,0.04899458509099612
2024-10-24,3,181,181,0.06043284385993436
2024-10-24,4,181,181,0.05374342042538942
2024-10-24,5,181,181,0.11441383032256687
2024-10-25,1,182,182,0.03504120870130489
2024-10-25,2,182,181,0.008921040462912332
2024-10-25,3,182,182,0.00898550928989269
2024-10-25,4,182,182,0.007585345649246289
2024-10-25,5,181,181,0.05781149499766331
2024-10-28,1,183,183,0.008003873829924993
2024-10-28,2,183,183,-0.0019969411027945835
2024-10-28,3,183,183,-0.00977189717430318
2024-10-28,4,183,182,-0.007604810966041526
2024-10-28,5,182,182,0.028150649446020543
2024-10-29,1,183,182,0.012952700351413746
2024-10-29,2,182,182,0.0018425894753364303
2024-10-29,3,182,181,0.010148785710427455
2024-10-29,4,182,182,0.01494605643315746
2024-10-29,5,182,182,0.03782796568569478
2024-10-30,1,183,183,0.005027739345681729
2024-10-30,2,182,182,0.029697218901023354
2024-10-30,3,182,181,0.027746706141301314
2024-10-30,4,182,181,0.026902965114145066
2024-10-30,5,182,182,0.07617050756218442
2024-10-31,1,183,183,-0.01026064816488178
2024-10-31,2,183,183,0.009465499913807128
2024-10-31,3,183,183,0.00790873599927204
2024-10-31,4,183,183,0.02061686108506879
2024-10-31,5,182,181,0.06327095677178916
2024-11-01,1,183,182,0.03193692943738467
2024-11-01,2,182,182,0.040691607201792886
2024-11-01,3,182,182,0.020392316824658197
2024-11-01,4,182,182,0.07604512192119085
2024-11-01,5,182,181,0.07810204637114859
2024-11-04,1,183,182,0.02970342891894986
2024-11-04,2,183,183,0.05849785068017192
2024-11-04,3,182,182,0.04192883910958365
2024-11-04,4,183,183,0.050604777436326624
2024-11-04,5,182,181,0.06726527473064263
2024-11-05,1,185,183,0.019622760547364584
2024-11-05,2,184,184,0.009002291466927449
2024-11-05,3,184,184,0.001477324766285577
2024-11-05,4,184,184,0.007269068954166153
2024-11-05,5,184,183,0.04082846725009894
2024-11-06,1,184,183,0.006893505878326793
2024-11-06,2,184,183,0.0020593392478991173
2024-11-06,3,183,182,-0.005736316793260596
2024-11-06,4,184,184,0.0014494247294133135
2024-11-06,5,183,183,0.01399470246204529
2024-11-07,1,186,185,-0.020656413508240615
2024-11-07,2,185,185,-0.02544496907532767
2024-11-07,3,185,185,-0.029153049524472736
2024-11-07,4,185,184,-0.03558603949369554
2024-11-07,5,185,185,-0.011931525762616154
2024-11-08,1,185,184,-0.0030983807477055177
2024-11-08,2,185,185,-0.0032686839277710927
2024-11-08,3,184,184,-0.005234213834481907
2024-11-08,4,185,185,-0.007072660291459037
2024-11-08,5,184,184,0.025004119488071467
2024-11-11,1,185,184,0.010508408644090307
2024-11-11,2,185,185,-0.00014936494933246147
2024-11-11,3,185,185,0.012089242952559295
2024-11-11,4,185,185,0.0016158542478844845
2024-11-11,5,184,184,0.013603245783934372
2024-11-12,1,185,184,-0.009593417639499146
2024-11-12,2,184,184,0.003897718589539799
2024-11-12,3,184,184,-0.006694845784579582
2024-11-12,4,184,184,-0.008004115078041805
2024-11-12,5,184,184,0.01557832379054252
2024-11-13,1,184,183,0.024731074003871787
2024-11-13,2,184,184,-0.004040744869341673
2024-11-13,3,184,184,0.006747737635676096
2024-11-13,4,184,184,0.0037904140959912043
2024-11-13,5,184,184,0.026050881760652105
2024-11-14,1,184,183,0.06487398940530555
2024-11-14,2,183,183,0.029335127513567132
2024-11-14,3,184,184,0.03079693589476825
2024-11-14,4,183,183,0.04908859639152214
2024-11-14,5,183,183,0.056105135981322954
2024-11-15,1,184,184,0.07521850487843086
2024-11-15,2,183,183,0.013673799965458897
2024-11-15,3,183,183,0.025062783408216466
2024-11-15,4,183,183,0.03716433670032807
2024-11-15,5,183,183,0.05349721450448617
2024-11-18,1,184,184,0.07962749223870755
2024-11-18,2,183,183,0.030375510171279926
2024-11-18,3,183,183,0.02317558159532246
2024-11-18,4,183,183,0.04538106525626695
2024-11-18,5,183,182,0.06745004802545235
2024-11-19,1,184,184,0.018917359222250088
2024-11-19,2,183,183,0.006611496135311815
2024-11-19,3,184,184,0.002056744544781946
2024-11-19,4,183,183,0.028628316861418177
2024-11-19,5,183,182,0.033513757315931994
2024-11-20,1,184,184,-0.0026342241890713746
2024-11-20,2,183,183,-0.01269187476052885
2024-11-20,3,184,184,-0.017388365413583694
2024-11-20,4,183,183,0.0031998442088379676
2024-11-20,5,183,182,0.017715029003624583
2024-11-21,1,184,184,0.0003856987271454708
2024-11-21,2,183,183,-0.01791565830668615
2024-11-21,3,184,184,-0.0008426515378987609
2024-11-21,4,183,183,-0.0029149792426741384
2024-11-21,5,183,182,0.032993677731722286
2024-11-22,1,183,183,0.040454101036282435
2024-11-22,2,183,182,0.02514396376444876
2024-11-22,3,183,183,0.02372622343078401
2024-11-22,4,183,183,0.03643030233475216
2024-11-22,5,183,181,0.06731466640715317
2024-11-25,1,183,183,-0.005369211086757432
2024-11-25,2,183,182,0.006852976206695714
2024-11-25,3,183,183,0.01794409426227157
2024-11-25,4,183,183,0.008256266191494631
2024-11-25,5,182,181,0.04096267196716164
2024-11-26,1,183,183,0.031123861113677414
2024-11-26,2,183,182,0.022106373401588143
2024-11-26,3,183,183,0.03201951254734326
2024-11-26,4,183,183,0.02734558424947808
2024-11-26,5,182,181,0.05124553214416541
2024-11-27,1,184,183,-0.0188617805512687
2024-11-27,2,183,182,-0.011454612302820683
2024-11-27,3,184,184,0.004664145482477635
2024-11-27,4,183,183,-0.005745242374030527
2024-11-27,5,183,182,0.012302958006401852
2024-11-28,1,184,184,0.0020954281906489756
2024-11-28,2,183,182,-0.007823201319181102
2024-11-28,3,184,184,0.006121443141880023
2024-11-28,4,183,183,0.010792573775906245
2024-11-28,5,183,182,0.03664936104580411
2024-11-29,1,184,182,-0.021391390577272015
2024-11-29,2,183,182,-0.0036715161914533333
2024-11-29,3,184,183,-0.010310207778211322
2024-11-29,4,183,183,0.0002085059628777411
2024-11-29,5,183,182,0.02209404132154437
2024-12-02,1,184,183,-0.03671170495090458
2024-12-02,2,184,183,-0.022637857981044555
2024-12-02,3,184,184,-0.021794990549341406
2024-12-02,4,184,183,-0.019844468690291397
2024-12-02,5,184,184,-0.008588026857122044
2024-12-03,1,184,183,-0.07943183573556027
2024-12-03,2,184,182,-0.04284825781190347
2024-12-03,3,184,184,-0.036612443301871654
2024-12-03,4,184,183,-0.04463559386361394
2024-12-03,5,184,183,-0.030810068774029902
2024-12-04,1,185,184,-0.07624406420459175
2024-12-04,2,184,183,-0.050474291593680845
2024-12-04,3,185,185,-0.05375631387576944
2024-12-04,4,184,182,-0.05307469359740486
2024-12-04,5,184,184,-0.032970061573739454
2024-12-05,1,185,185,-0.12916346414253183
2024-12-05,2,185,183,-0.07825195579617261
2024-12-05,3,185,184,-0.07551383860422235
2024-12-05,4,185,184,-0.09123966238197737
2024-12-05,5,184,184,-0.07538256880076481
2024-12-06,1,185,185,-0.13678664929564294
2024-12-06,2,185,185,-0.08984022871814
2024-12-06,3,185,183,-0.07773747375689338
2024-12-06,4,185,185,-0.09340345103348124
2024-12-06,5,185,184,-0.09263604233767624
2024-12-09,1,185,185,-0.14749133724330962
2024-12-09,2,185,185,-0.10829370354832352
2024-12-09,3,185,183,-0.09608878138354257
2024-12-09,4,185,184,-0.10857101585855998
2024-12-09,5,185,185,-0.10229836863915043
2024-12-10,1,185,184,-0.13070533867127523
2024-12-10,2,185,185,-0.09395286804565281
2024-12-10,3,185,185,-0.07823201957781101
2024-12-10,4,185,183,-0.0863607201033706
2024-12-10,5,184,184,-0.09393366751479905
2024-12-11,1,186,185,-0.13809164761311907
2024-12-11,2,185,184,-0.10045944750172309
2024-12-11,3,185,185,-0.09343364912933948
2024-12-11,4,185,185,-0.11028857774846533
2024-12-11,5,185,184,-0.08391155907242584
2024-12-12,1,186,184,-0.1737689372390118
2024-12-12,2,186,185,-0.1318793340513777
2024-12-12,3,185,185,-0.1152593473159349
2024-12-12,4,186,186,-0.14039053207310606
2024-12-12,5,185,185,-0.12823362071312766
2024-12-13,1,185,184,-0.15732835734718006
2024-12-13,2,185,185,-0.09196601092869357
2024-12-13,3,184,184,-0.10425388762517132
2024-12-13,4,185,185,-0.10097143547176457
2024-12-13,5,184,184,-0.11527084334037252
2024-12-16,1,185,184,-0.10822026394240251
2024-12-16,2,185,185,-0.06360263866601595
2024-12-16,3,185,185,-0.06029259918377486
2024-12-16,4,185,185,-0.06879528675526879
2024-12-16,5,184,183,-0.07169329990384005
2024-12-17,1,184,184,-0.07658915646084331
2024-12-17,2,184,184,-0.04764709269438344
2024-12-17,3,184,184,-0.06233289852827113
2024-12-17,4,184,183,-0.05306270619558272
2024-12-17,5,183,183,-0.05381464119359107
2024-12-18,1,185,185,-0.07452235598912943
2024-12-18,2,184,184,-0.05009115993072177
2024-12-18,3,184,184,-0.052774517733061056
2024-12-18,4,184,183,-0.05317423070288545
2024-12-18,5,184,184,-0.046649411143019494
2024-12-19,1,185,185,-0.06419349265207064
2024-12-19,2,184,184,-0.04247692938329754
2024-12-19,3,184,184,-0.04786550485990111
2024-12-19,4,184,184,-0.049527502545667075
2024-12-19,5,184,183,-0.04984635834597829
2024-12-20,1,184,184,-0.0722995849980879
2024-12-20,2,184,184,-0.04268101907330573
2024-12-20,3,184,183,-0.045422382095351814
2024-12-20,4,184,184,-0.05281380422227295
2024-12-20,5,184,183,-0.04562080848247592
2024-12-23,1,183,183,-0.06060443384354043
2024-12-23,2,183,182,-0.03306157958184217
2024-12-23,3,183,183,-0.04272552376107349
2024-12-23,4,183,183,-0.035036848312622874
2024-12-23,5,182,182,-0.02802437359422565
2024-12-24,1,184,184,-0.05240292926107307
2024-12-24,2,183,183,-0.04311003946721505
2024-12-24,3,183,183,-0.05279464068061343
2024-12-24,4,183,183,-0.043920591062065445
2024-12-24,5,183,183,-0.030629032171335422
2024-12-25,1,183,183,-0.05146586499101626
2024-12-25,2,183,183,-0.051997628525633686
2024-12-25,3,183,183,-0.04929053233196065
2024-12-25,4,183,183,-0.04336620925684126
2024-12-25,5,182,182,-0.029211700036921175
2024-12-26,1,183,183,-0.04294975223074691
2024-12-26,2,183,183,-0.03163072086459463
2024-12-26,3,182,182,-0.043379858710046806
2024-12-26,4,183,183,-0.036048776586781996
2024-12-26,5,182,182,-0.03213352710199483
2024-12-27,1,183,181,-0.0554082832380737
2024-12-27,2,183,183,-0.0354521482197502
2024-12-27,3,183,183,-0.04509410899791752
2024-12-27,4,183,183,-0.03989765378509493
2024-12-27,5,183,183,-0.03524280071896717
2024-12-30,1,183,183,-0.04688750734988274
2024-12-30,2,182,180,-0.04031969581543042
2024-12-30,3,183,183,-0.05301552356299597
2024-12-30,4,182,182,-0.042741722063149516
2024-12-30,5,182,182,-0.043885392709705665
2024-12-31,1,183,182,0.01616470595643368
2024-12-31,2,182,182,-0.006711502367929326
2024-12-31,3,182,179,-0.00563599547893915
2024-12-31,4,182,182,-0.006663948768378958
2024-12-31,5,182,182,0.014149059648405725
2025-01-02,1,181,181,0.05523880142236471
2025-01-02,2,181,181,0.03133211345710207
2025-01-02,3,181,180,0.028526574921064387
2025-01-02,4,181,181,0.03795387487749913
2025-01-02,5,181,181,0.05248868865716141
2025-01-03,1,180,180,0.11176270015180359
2025-01-03,2,180,179,0.06994774312837886
2025-01-03,3,180,180,0.05211422584974619
2025-01-03,4,180,180,0.07868849317404339
2025-01-03,5,179,179,0.10421490198282597
2025-01-06,1,181,181,0.1023029502198295
2025-01-06,2,180,179,0.057563279913078774
2025-01-06,3,180,180,0.06084017509572467
2025-01-06,4,180,180,0.06376858090639899
2025-01-06,5,180,180,0.0984938122712178
2025-01-07,1,181,181,0.11504472972220464
2025-01-07,2,180,179,0.05043535478984228
2025-01-07,3,181,181,0.06814873926843434
2025-01-07,4,180,180,0.07110017374212736
2025-01-07,5,180,180,0.10873083708163027
2025-01-08,1,181,181,0.09085199698099573
2025-01-08,2,180,179,0.06405991275516372
2025-01-08,3,180,180,0.062066665507385745
2025-01-08,4,180,180,0.07780151724701878
2025-01-08,5,180,180,0.11052110131174715
2025-01-09,1,181,181,0.09165943045768443
2025-01-09,2,180,179,0.06653805711299815
2025-01-09,3,181,181,0.048584127787652635
2025-01-09,4,180,180,0.08920540066072138
2025-01-09,5,180,179,0.1328760578163363
2025-01-10,1,180,180,0.14881502000111796
2025-01-10,2,179,178,0.0920048407768446
2025-01-10,3,180,180,0.0836184219904238
2025-01-10,4,179,179,0.11054741002148019
2025-01-10,5,179,178,0.16313625974752785
2025-01-13,1,180,180,0.09752788678206199
2025-01-13,2,179,178,0.06332808898617566
2025-01-13,3,179,179,0.05982541034976709
2025-01-13,4,179,179,0.07537265205892378
2025-01-13,5,179,178,0.11665108363534399
2025-01-14,1,181,181,0.0850928320381509
2025-01-14,2,180,180,0.05332208238222018
2025-01-14,3,180,179,0.025628440637558276
2025-01-14,4,180,180,0.05084373824912489
2025-01-14,5,180,179,0.10375739945906261
2025-01-15,1,181,181,0.0820990604694228
2025-01-15,2,180,178,0.04919194507242021
2025-01-15,3,180,180,0.0521561084556286
2025-01-15,4,180,180,0.05287731421736031
2025-01-15,5,180,179,0.1115330614909803
2025-01-16,1,181,181,0.08818887873297866
2025-01-16,2,180,179,0.06563344285350459
2025-01-16,3,180,180,0.056377991550048676
2025-01-16,4,180,180,0.0650642232126787
2025-01-16,5,180,179,0.12800630721113737
2025-01-17,1,181,181,0.06968450743595794
2025-01-17,2,180,179,0.02182624687847169
2025-01-17,3,180,180,0.036799367984791616
2025-01-17,4,180,180,0.05083859359022697
2025-01-17,5,180,178,0.09709765631116578
2025-01-20,1,181,181,0.07917900487974128
2025-01-20,2,180,179,0.017672244461625953
2025-01-20,3,181,181,0.031209779236482077
2025-01-20,4,180,180,0.05507957209056769
2025-01-20,5,180,178,0.08655419030775131
2025-01-21,1,181,180,0.10590929096750067
2025-01-21,2,180,179,0.04237939394266753
2025-01-21,3,180,180,0.04254923359985839
2025-01-21,4,180,180,0.07715684933498737
2025-01-21,5,180,179,0.11306467910532401
2025-01-22,1,179,179,0.07576735453397056
2025-01-22,2,179,177,0.03961805999275463
2025-01-22,3,179,179,0.04090636710229116
2025-01-22,4,179,179,0.0668962715360579
2025-01-22,5,179,179,0.09741704702615717
2025-01-23,1,179,179,0.07939321440458103
2025-01-23,2,179,178,0.03711484503234512
2025-01-23,3,179,178,0.02774847167956638
2025-01-23,4,179,179,0.05219718038114655
2025-01-23,5,179,179,0.09188576507537743
2025-01-24,1,179,179,0.03328125223128838
2025-01-24,2,179,178,0.028847091681444614
2025-01-24,3,179,179,0.01347598393268221
2025-01-24,4,179,178,0.0354008867033708
2025-01-24,5,179,179,0.05974906292214397
2025-01-27,1,180,179,0.06985526640072999
2025-01-27,2,180,179,0.02188423167440656
2025-01-27,3,180,180,0.03348665638502462
2025-01-27,4,180,180,0.04785122150490875
2025-01-27,5,179,179,0.07752644220632238
2025-02-05,1,180,179,0.09349861519311992
2025-02-05,2,180,178,0.044819880946457995
2025-02-05,3,180,180,0.0409545178057571
2025-02-05,4,180,180,0.049418264302815894
2025-02-05,5,180,180,0.0851220437956514
2025-02-06,1,180,179,0.08651228570935139
2025-02-06,2,180,180,0.02111393953890741
2025-02-06,3,180,180,0.033445054319790724
2025-02-06,4,180,180,0.0386768916873053
2025-02-06,5,180,180,0.07380376531559613
2025-02-07,1,181,180,0.05658767705145306
2025-02-07,2,181,181,0.03231974406313851
2025-02-07,3,181,181,0.008180531927675769
2025-02-07,4,181,181,0.015174111709577361
2025-02-07,5,180,180,0.05368209745584375
2025-02-10,1,181,181,0.012898950229215948
2025-02-10,2,181,181,0.0070966103308271735
2025-02-10,3,181,181,0.004624899051226891
2025-02-10,4,181,181,0.0073120479708038855
2025-02-10,5,181,181,0.028810519510528005
2025-02-11,1,181,181,0.048676908149753194
2025-02-11,2,181,181,0.03593652712854404
2025-02-11,3,181,181,0.03039660251286075
2025-02-11,4,181,181,0.026406843364793185
2025-02-11,5,180,180,0.050423689132993485
2025-02-12,1,181,181,0.016077664516967804
2025-02-12,2,181,181,0.03276749077822176
2025-02-12,3,181,181,0.013491075266380938
2025-02-12,4,181,181,0.01980544699683103
2025-02-12,5,181,181,0.03302502253341457
2025-02-13,1,181,181,0.01056229536308265
2025-02-13,2,181,181,0.022736742971807843
2025-02-13,3,181,181,0.02146203952076791
2025-02-13,4,181,181,0.025766928396955713
2025-02-13,5,181,181,0.03655837722507109
2025-02-14,1,181,181,0.023531311354178068
2025-02-14,2,181,180,0.034615842624954395
2025-02-14,3,181,181,0.03788998099452416
2025-02-14,4,181,181,0.03402014721284656
2025-02-14,5,181,179,0.048500430372551015
2025-02-17,1,182,182,0.0290536209553008
2025-02-17,2,181,181,0.04226901354336997
2025-02-17,3,181,181,0.03149241617091065
2025-02-17,4,181,181,0.03747725407636348
2025-02-17,5,181,179,0.049192423069276625
2025-02-18,1,181,181,0.05014074444437187
2025-02-18,2,181,180,0.05067944164491579
2025-02-18,3,181,181,0.061432293181049195
2025-02-18,4,181,181,0.05027290957480114
2025-02-18,5,180,178,0.07297637048643443
2025-02-19,1,181,181,0.012921267717583477
2025-02-19,2,181,181,0.04253740564114788
2025-02-19,3,181,180,0.04507421751229651
2025-02-19,4,181,181,0.04745486624720087
2025-02-19,5,180,178,0.04511045444507245
2025-02-20,1,181,181,0.007329845594785475
2025-02-20,2,181,181,0.02268384916669171
2025-02-20,3,181,180,0.026681772048297022
2025-02-20,4,181,180,0.03918709995700626
2025-02-20,5,181,180,0.03268302618591185
2025-02-21,1,182,182,-0.039827954272819675
2025-02-21,2,181,181,0.017737869243617664
2025-02-21,3,182,181,0.025164345926625382
2025-02-21,4,181,180,0.020458738927559703
2025-02-21,5,181,180,0.006509039088612492
2025-02-24,1,182,181,-0.0341778621196732
2025-02-24,2,181,180,0.015250914828347097
2025-02-24,3,181,181,0.01649650916150648
2025-02-24,4,181,180,0.025425946829216103
2025-02-24,5,181,180,0.012730350927811331
2025-02-25,1,181,181,-0.0565587729457898
2025-02-25,2,181,181,0.016495494869789656
2025-02-25,3,181,180,0.023392939387794087
2025-02-25,4,181,180,0.03254304433184981
2025-02-25,5,180,179,-0.005930482283568674
2025-02-26,1,182,182,-0.0538362684836681
2025-02-26,2,181,181,0.005229991810729149
2025-02-26,3,182,182,0.010770447398000324
2025-02-26,4,181,180,0.013383050104063769
2025-02-26,5,181,180,-0.012200659592338146
2025-02-27,1,182,182,-0.04842565156494315
2025-02-27,2,182,182,0.009405821238991766
2025-02-27,3,181,181,0.01795053184863009
2025-02-27,4,182,180,0.020717850800343208
2025-02-27,5,181,180,-0.006304438085644584
2025-02-28,1,181,181,-0.038184905046978586
2025-02-28,2,181,181,0.01461014253141548
2025-02-28,3,181,181,0.013824910324013463
2025-02-28,4,181,180,0.02249646626500638
2025-02-28,5,181,181,0.010166591089520706
2025-03-03,1,182,181,-0.026502177242065283
2025-03-03,2,181,181,0.007114399498456695
2025-03-03,3,181,181,0.004118719357181075
2025-03-03,4,181,180,0.013436323061929446
2025-03-03,5,181,181,0.022926637866486018
2025-03-04,1,182,182,-0.03922883555300314
2025-03-04,2,181,181,-0.008702706776166351
2025-03-04,3,181,180,0.003979028310568713
2025-03-04,4,181,180,0.012078134888165075
2025-03-04,5,181,181,0.00817738152994199
2025-03-05,1,182,181,-0.0642635365100087
2025-03-05,2,181,181,-0.005200251095397269
2025-03-05,3,181,180,-0.008571859520348547
2025-03-05,4,181,181,0.004605179616946896
2025-03-05,5,181,180,-0.013901779555387872
2025-03-06,1,182,180,-0.1397585232716612
2025-03-06,2,181,181,-0.05402242432214062
2025-03-06,3,182,182,-0.04090389130995737
2025-03-06,4,181,181,-0.0414068670537769
2025-03-06,5,181,180,-0.08002851506143115
2025-03-07,1,181,179,-0.1697507009367769
2025-03-07,2,181,181,-0.08985066515008018
2025-03-07,3,181,181,-0.07915261826861293
2025-03-07,4,181,180,-0.08938037492056673
2025-03-07,5,181,181,-0.13335101310077882
2025-03-10,1,182,180,-0.164080199792176
2025-03-10,2,181,181,-0.08276150292747039
2025-03-10,3,181,181,-0.08118618564000422
2025-03-10,4,181,181,-0.07765228332710339
2025-03-10,5,181,181,-0.13302565809493191
2025-03-11,1,182,181,-0.1352004574534045
2025-03-11,2,181,180,-0.07381604550744306
2025-03-11,3,181,181,-0.05599189214996337
2025-03-11,4,181,181,-0.06954653265759654
2025-03-11,5,181,181,-0.09037107513872732
2025-03-12,1,182,181,-0.1404052657271126
2025-03-12,2,181,180,-0.05052734569674089
2025-03-12,3,181,181,-0.06754407979274774
2025-03-12,4,181,181,-0.06868520579754915
2025-03-12,5,181,181,-0.08786471416408219
2025-03-13,1,181,180,-0.10357467025138926
2025-03-13,2,181,181,-0.041089206320162434
2025-03-13,3,181,180,-0.04987421152362041
2025-03-13,4,181,181,-0.04426650120352127
2025-03-13,5,181,181,-0.07436328302923925
2025-03-14,1,182,181,-0.11512710600772541
2025-03-14,2,181,180,-0.06761039034917399
2025-03-14,3,181,180,-0.0671240947617117
2025-03-14,4,181,181,-0.057356678375068
2025-03-14,5,181,180,-0.0865380347554509
2025-03-17,1,182,182,-0.1306447739937773
2025-03-17,2,181,181,-0.06813505295285921
2025-03-17,3,181,180,-0.056875746606958086
2025-03-17,4,181,181,-0.07444392880716061
2025-03-17,5,181,181,-0.08885733590595563
2025-03-18,1,182,182,-0.13750760178458346
2025-03-18,2,181,181,-0.07443323200465021
2025-03-18,3,181,179,-0.06510513223656159
2025-03-18,4,181,181,-0.07780148031324612
2025-03-18,5,181,181,-0.10837755482055678
2025-03-19,1,181,181,-0.12274959553767546
2025-03-19,2,181,181,-0.06408499967073547
2025-03-19,3,181,180,-0.059137155471876646
2025-03-19,4,181,181,-0.07586767677289016
2025-03-19,5,181,181,-0.09859709072096345
2025-03-20,1,181,181,-0.11454416249619181
2025-03-20,2,181,181,-0.06310598634629566
2025-03-20,3,181,180,-0.049449215887633735
2025-03-20,4,181,180,-0.06369773415414456
2025-03-20,5,181,181,-0.10154821218527647
2025-03-21,1,181,181,-0.08741572487839595
2025-03-21,2,181,180,-0.04146486146688477
2025-03-21,3,181,181,-0.03592845799884038
2025-03-21,4,181,180,-0.040672770486845186
2025-03-21,5,180,179,-0.06623058111836023
2025-03-24,1,181,181,-0.06097698131631235
2025-03-24,2,181,180,-0.04318512579647375
2025-03-24,3,180,179,-0.03420365404567921
2025-03-24,4,181,181,-0.021414804536038425
2025-03-24,5,180,179,-0.049093447425212905
2025-03-25,1,181,181,-0.0552266828256315
2025-03-25,2,181,180,-0.030279543447384732
2025-03-25,3,181,179,-0.04190666236579388
2025-03-25,4,181,181,-0.03768702337375941
2025-03-25,5,180,180,-0.04439993255119493
2025-03-26,1,181,181,-0.06185406952470586
2025-03-26,2,181,180,-0.03289998250000036
2025-03-26,3,181,180,-0.04507392367041114
2025-03-26,4,181,181,-0.044992350898479076
2025-03-26,5,180,180,-0.0487654262809025
2025-03-27,1,181,181,-0.05927101452716867
2025-03-27,2,181,181,-0.03926217372213399
2025-03-27,3,181,180,-0.0513280619970815
2025-03-27,4,181,181,-0.03976317973137623
2025-03-27,5,180,180,-0.05798612299354984
2025-03-28,1,181,181,-0.051220362509068265
2025-03-28,2,181,181,-0.03674773662297006
2025-03-28,3,180,180,-0.049579372196384926
2025-03-28,4,181,180,-0.04708310093455063
2025-03-28,5,180,180,-0.056527755519216794
2025-03-31,1,180,179,-0.03852497315603191
2025-03-31,2,180,178,-0.026908407089817076
2025-03-31,3,180,180,-0.036820332713484
2025-03-31,4,180,180,-0.028363458534999875
2025-03-31,5,180,180,-0.04825974499427424
2025-04-01,1,180,180,-0.02392509405871728
2025-04-01,2,180,180,-0.025192737629579062
2025-04-01,3,180,178,-0.037766939038811446
2025-04-01,4,180,180,-0.034371867777884466
2025-04-01,5,180,180,-0.03415360073598666
2025-04-02,1,181,181,0.008736696259590051
2025-04-02,2,180,178,0.0069176718685317
2025-04-02,3,180,180,-0.009042733467485112
2025-04-02,4,180,180,-0.009127429712314342
2025-04-02,5,180,180,-0.0001857233552397845
2025-04-03,1,181,181,0.056928714261933966
2025-04-03,2,180,179,0.04227081419708094
2025-04-03,3,180,179,0.03438113862054173
2025-04-03,4,180,180,0.030403469460117263
2025-04-03,5,180,180,0.03790433849611436
2025-04-07,1,179,179,0.099343306429261
2025-04-07,2,179,179,0.0929275783708344
2025-04-07,3,179,178,0.09304420768491684
2025-04-07,4,179,178,0.09648234704004702
2025-04-07,5,178,178,0.1105432234387828
2025-04-08,1,179,179,0.1396473459196098
2025-04-08,2,178,177,0.10102959109457954
2025-04-08,3,179,178,0.08606025165049913
2025-04-08,4,178,178,0.1002547670048635
2025-04-08,5,178,178,0.10869536755349449
2025-04-09,1,179,179,0.08626222342500209
2025-04-09,2,179,177,0.05944381898225093
2025-04-09,3,179,178,0.056086255381580685
2025-04-09,4,179,179,0.060356387664034054
2025-04-09,5,178,178,0.07939304306192146
2025-04-10,1,180,180,0.065016223199337
2025-04-10,2,179,177,0.052860982277411796
2025-04-10,3,180,179,0.04885312471104762
2025-04-10,4,179,179,0.061245120828884066
2025-04-10,5,179,179,0.07146617588589317
2025-04-11,1,180,180,0.044655416681669446
2025-04-11,2,179,178,0.039713766871049556
2025-04-11,3,180,179,0.03992869003435654
2025-04-11,4,179,178,0.04148490472102186
2025-04-11,5,179,179,0.04861252861430063
2025-04-14,1,180,180,0.02360908490786184
2025-04-14,2,180,178,0.035670099677066865
2025-04-14,3,180,179,0.020285907428192727
2025-04-14,4,180,180,0.022849177900967542
2025-04-14,5,180,180,0.0367319578471119
2025-04-15,1,180,179,0.03947774790208839
2025-04-15,2,180,179,0.0322272493210491
2025-04-15,3,180,180,0.03948571591791465
2025-04-15,4,180,179,0.03944590216081693
2025-04-15,5,180,180,0.038276034298434486
2025-04-16,1,180,179,0.05680022770546805
2025-04-16,2,180,180,0.04124517889756408
2025-04-16,3,180,178,0.04974833586102071
2025-04-16,4,180,180,0.05944408208956776
2025-04-16,5,179,179,0.06589326813905312
2025-04-17,1,181,180,0.04512641855632316
2025-04-17,2,180,180,0.045639946568374216
2025-04-17,3,181,180,0.04603373893848202
2025-04-17,4,180,179,0.06537870791443146
2025-04-17,5,180,180,0.06153335637741666
2025-04-18,1,181,180,0.05301773452311702
2025-04-18,2,181,181,0.043508962502544345
2025-04-18,3,180,179,0.04624063616079132
2025-04-18,4,181,179,0.04684639537421062
2025-04-18,5,180,180,0.05697188099452336
2025-04-21,1,181,179,0.030913316721802926
2025-04-21,2,180,180,0.025543208629334284
2025-04-21,3,180,178,0.019346899660114592
2025-04-21,4,180,180,0.02667632664385348
2025-04-21,5,180,180,0.039892363397525485
2025-04-22,1,180,179,0.017790714670623587
2025-04-22,2,180,180,0.015528268945090525
2025-04-22,3,180,178,0.0085806443548776
2025-04-22,4,180,180,0.002037881055608411
2025-04-22,5,180,180,0.018977100936451618
2025-04-23,1,180,179,0.02216837854569923
2025-04-23,2,180,179,0.024061085723280147
2025-04-23,3,180,179,0.013298514563264181
2025-04-23,4,180,180,0.01464213435455753
2025-04-23,5,179,179,0.016288105955068747
2025-04-24,1,180,179,0.0296011651171319
2025-04-24,2,180,178,0.0198934247518649
2025-04-24,3,180,180,0.010534934795860094
2025-04-24,4,180,180,0.026070507048677402
2025-04-24,5,180,180,0.028680748883754343
2025-04-25,1,181,180,0.028147908161181918
2025-04-25,2,180,180,0.01349751929900611
2025-04-25,3,180,178,0.015669210190258506
2025-04-25,4,180,180,0.022579187309599194
2025-04-25,5,180,180,0.028424216758853513
2025-04-28,1,180,180,0.05452105840268961
2025-04-28,2,180,180,0.03263628096416868
2025-04-28,3,180,179,0.0387972446855533
2025-04-28,4,180,179,0.03714970007719958
2025-04-28,5,179,179,0.06600832831758814
2025-04-29,1,181,180,0.03218987375441258
2025-04-29,2,180,180,0.031964923085508995
2025-04-29,3,181,181,0.01879410825145936
2025-04-29,4,180,178,0.025642793341923497
2025-04-29,5,180,179,0.040913298499594394
2025-04-30,1,180,180,0.02761761611007483
2025-04-30,2,180,179,0.029640543344487052
2025-04-30,3,180,179,0.028574718323274274
2025-04-30,4,180,180,0.029926469372210926
2025-04-30,5,179,179,0.032633217635891554
2025-05-06,1,180,180,0.005911349082758121
2025-05-06,2,180,180,0.018020568925643063
2025-05-06,3,179,179,0.018862552360551677
2025-05-06,4,180,178,0.01374255562907767
2025-05-06,5,179,179,0.012728078811871138
2025-05-07,1,181,181,0.024321914694698063
2025-05-07,2,180,179,0.027191358071326627
2025-05-07,3,180,179,0.027166738240388816
2025-05-07,4,180,179,0.02159351482029997
2025-05-07,5,180,180,0.02589355695058759
2025-05-08,1,181,181,0.018146695768908993
2025-05-08,2,181,180,0.01508853003394773
2025-05-08,3,180,179,0.01939980647103749
2025-05-08,4,181,181,0.01826438996896365
2025-05-08,5,180,179,0.017489634500686885
2025-05-09,1,181,181,0.03830499352468131
2025-05-09,2,180,179,0.023187631188536728
2025-05-09,3,180,180,0.01907898823827653
2025-05-09,4,180,180,0.04452829788109317
2025-05-09,5,180,180,0.024722199463148846
2025-05-12,1,181,181,0.00907779693342205
2025-05-12,2,180,180,0.015041740645719013
2025-05-12,3,180,180,0.021619031562429922
2025-05-12,4,180,180,0.00996667631803657
2025-05-12,5,180,179,-0.0037671476841913674
2025-05-13,1,180,180,0.017945764240945437
2025-05-13,2,180,180,0.017716333853070816
2025-05-13,3,180,180,0.028515927091202774
2025-05-13,4,180,180,0.028500981925952882
2025-05-13,5,180,180,0.020744028907696027
2025-05-14,1,181,181,0.008563521777801604
2025-05-14,2,180,180,0.02406707108931738
2025-05-14,3,180,180,0.03283062208811141
2025-05-14,4,180,180,0.018211042834464692
2025-05-14,5,180,180,0.022945266396800532
2025-05-15,1,180,180,0.012897232005292837
2025-05-15,2,180,180,0.018242775611593674
2025-05-15,3,180,180,0.021308301381847382
2025-05-15,4,180,180,0.02205885600998535
2025-05-15,5,180,180,0.016018927579106217
2025-05-16,1,180,179,0.02083228059175223
2025-05-16,2,180,180,0.012826335202117324
2025-05-16,3,180,180,0.03424116257924722
2025-05-16,4,180,180,0.032429736091485147
2025-05-16,5,180,180,0.016665768193425173
2025-05-19,1,181,181,0.012622150825988788
2025-05-19,2,180,180,0.0067893689037360665
2025-05-19,3,180,180,0.02290880507713121
2025-05-19,4,180,180,0.01806349467138128
2025-05-19,5,180,180,0.015582474236967079
2025-05-20,1,180,180,0.0013440484891537824
2025-05-20,2,180,180,0.009719706741527464
2025-05-20,3,180,180,-0.0011801392280636677
2025-05-20,4,180,180,0.009935283317926183
2025-05-20,5,180,180,0.01219637921101246
2025-05-21,1,180,180,-0.014233545359805273
2025-05-21,2,180,180,-0.010761783454966952
2025-05-21,3,180,180,-0.0015493907529664287
2025-05-21,4,180,180,0.0007734217016898075
2025-05-21,5,180,180,0.004464679474728212
2025-05-22,1,180,180,-0.020537356733608007
2025-05-22,2,180,180,-0.010607639203232076
2025-05-22,3,180,180,0.0041247816215012525
2025-05-22,4,180,180,-0.003135427751578741
2025-05-22,5,180,180,-0.006756062350416525
2025-05-23,1,180,180,0.024088316336540835
2025-05-23,2,180,180,0.013102040700377628
2025-05-23,3,180,179,0.021665981724912856
2025-05-23,4,180,180,0.013421522340276217
2025-05-23,5,180,180,0.02748323142008725
2025-05-26,1,180,180,0.04553819635508339
2025-05-26,2,180,180,0.021160326325249244
2025-05-26,3,180,180,0.023483091999721258
2025-05-26,4,180,180,0.05065013423990571
2025-05-26,5,179,179,0.028275580465223597
2025-05-27,1,180,180,0.04528844880761924
2025-05-27,2,180,180,0.03365158287272701
2025-05-27,3,180,180,0.039442778286029434
2025-05-27,4,180,180,0.046388424455067905
2025-05-27,5,179,179,0.055698755298911926
2025-05-28,1,180,180,0.04641624101306189
2025-05-28,2,180,180,0.04230238178720576
2025-05-28,3,180,180,0.04355662207366976
2025-05-28,4,180,180,0.040668644827525025
2025-05-28,5,179,179,0.05888196993947434
2025-05-29,1,181,181,0.04327150077954365
2025-05-29,2,180,180,0.03587015625972881
2025-05-29,3,180,180,0.025551864542613847
2025-05-29,4,180,180,0.04224939337912467
2025-05-29,5,180,180,0.03714109327916165
2025-05-30,1,180,180,0.06413601592614207
2025-05-30,2,180,180,0.051527777433139556
2025-05-30,3,180,180,0.05030734617019597
2025-05-30,4,180,180,0.0476779890748032
2025-05-30,5,180,180,0.054026369866157865
2025-06-03,1,181,181,0.05242921709634802
2025-06-03,2,180,180,0.045286912328916566
2025-06-03,3,180,180,0.04302140231648832
2025-06-03,4,180,180,0.03826260124290892
2025-06-03,5,180,180,0.040292300721622896
2025-06-04,1,181,180,0.04304954510629394
2025-06-04,2,180,180,0.028469817554056264
2025-06-04,3,181,181,0.025907451951377815
2025-06-04,4,180,180,0.027913738854286226
2025-06-04,5,180,180,0.036319118729829576
2025-06-05,1,180,180,0.048442226410398054
2025-06-05,2,180,180,0.027715558935805868
2025-06-05,3,180,180,0.041732892301973454
2025-06-05,4,180,179,0.02969915343791483
2025-06-05,5,180,180,0.03620329244940195
2025-06-06,1,180,180,0.03063174268429116
2025-06-06,2,180,180,0.03279147197299419
2025-06-06,3,180,180,0.033579850712553136
2025-06-06,4,180,179,0.03074605414552638
2025-06-06,5,180,180,0.023038337639985702
2025-06-09,1,181,181,0.02365891607992964
2025-06-09,2,181,181,0.02948496418777603
2025-06-09,3,180,180,0.023774516425082028
2025-06-09,4,181,181,0.01947442052920419
2025-06-09,5,180,180,0.02429956552622722
2025-06-10,1,181,181,0.04211446865413429
2025-06-10,2,180,180,0.053479536331239724
2025-06-10,3,180,180,0.04055626092275046
2025-06-10,4,180,180,0.04640248738363814
2025-06-10,5,180,180,0.04122079792716696
2025-06-11,1,181,181,0.03804668525701577
2025-06-11,2,180,180,0.0409194441548437
2025-06-11,3,181,181,0.030063531521927863
2025-06-11,4,180,180,0.040315956550949716
2025-06-11,5,180,180,0.040830950490458824
2025-06-12,1,181,181,0.04088024781112437
2025-06-12,2,180,180,0.046525690889034146
2025-06-12,3,181,181,0.04965298266865944
2025-06-12,4,180,180,0.035084636156100316
2025-06-12,5,180,180,0.04778813162253283
2025-06-13,1,180,180,0.06910002139728444
2025-06-13,2,180,180,0.057735735264559405
2025-06-13,3,179,179,0.05880881593937434
2025-06-13,4,180,180,0.06875088857376535
2025-06-13,5,179,179,0.0640108093376388
2025-06-16,1,180,180,0.04371430818000866
2025-06-16,2,180,180,0.057129644988639504
2025-06-16,3,180,180,0.04572351566116138
2025-06-16,4,180,180,0.06257513757914705
2025-06-16,5,180,180,0.052369676887442276
2025-06-17,1,181,181,0.053200931517785
2025-06-17,2,180,180,0.045821743231952324
2025-06-17,3,180,180,0.050490544259862505
2025-06-17,4,180,180,0.05152060734681065
2025-06-17,5,180,180,0.053816328968418585
2025-06-18,1,181,181,0.05952943166844922
2025-06-18,2,180,180,0.05482477239380336
2025-06-18,3,180,180,0.05505206931415171
2025-06-18,4,180,180,0.0516900797825182
2025-06-18,5,180,180,0.06649516434977401
2025-06-19,1,181,181,0.09004346276327894
2025-06-19,2,180,180,0.06267147489244596
2025-06-19,3,180,180,0.09254575476327745
2025-06-19,4,180,179,0.08346449129580749
2025-06-19,5,180,180,0.0890537954515412
2025-06-20,1,181,181,0.10063066544386545
2025-06-20,2,180,180,0.09330061596488916
2025-06-20,3,180,180,0.09063603216267134
2025-06-20,4,180,180,0.11408652236919063
2025-06-20,5,180,180,0.09596113774842646
2025-06-23,1,181,181,0.08235813590077966
2025-06-23,2,180,180,0.08540087944654025
2025-06-23,3,180,180,0.09060431663989699
2025-06-23,4,180,179,0.11154111822979597
2025-06-23,5,180,180,0.09351599882813769
2025-06-24,1,181,181,0.06817124631944439
2025-06-24,2,180,179,0.07288042207200345
2025-06-24,3,181,181,0.0988624268839555
2025-06-24,4,180,180,0.0905841773908554
2025-06-24,5,180,180,0.08422669333384378
2025-06-25,1,181,181,0.045005999444178074
2025-06-25,2,180,180,0.06552543408421535
2025-06-25,3,181,180,0.06206624556336996
2025-06-25,4,180,180,0.07932528857047748
2025-06-25,5,180,180,0.06278731018633238
2025-06-26,1,181,181,0.06644404077496989
2025-06-26,2,181,181,0.08016270711738437
2025-06-26,3,180,179,0.08874353962978646
2025-06-26,4,181,181,0.10460617844283816
2025-06-26,5,180,180,0.06884905022005729
2025-06-27,1,181,181,0.0596868413156983
2025-06-27,2,181,181,0.07950844031277927
2025-06-27,3,181,181,0.08064001037769376
2025-06-27,4,181,180,0.08132536249276036
2025-06-27,5,180,180,0.07176008754288926
2025-06-30,1,182,182,0.06022495662593333
2025-06-30,2,181,181,0.057697948465550555
2025-06-30,3,181,181,0.085735077032117
2025-06-30,4,181,181,0.0757436130175988
2025-06-30,5,181,181,0.0632296515109899
2025-07-01,1,182,182,0.07034794801952717
2025-07-01,2,181,181,0.06831140385981248
2025-07-01,3,181,181,0.07788733008799785
2025-07-01,4,181,181,0.06860771046419308
2025-07-01,5,181,181,0.06715534320147189
2025-07-02,1,182,182,0.05978991424027971
2025-07-02,2,182,182,0.07111334379450357
2025-07-02,3,181,181,0.0685576709215037
2025-07-02,4,182,182,0.0652564125513645
2025-07-02,5,181,181,0.059911052488652194
2025-07-03,1,182,182,0.032252856595772185
2025-07-03,2,181,181,0.05486307236350185
2025-07-03,3,182,182,0.053877994371429615
2025-07-03,4,181,181,0.043950292987906835
2025-07-03,5,181,181,0.042607678785849194
2025-07-04,1,182,180,0.03764495755764263
2025-07-04,2,181,181,0.06393728550397526
2025-07-04,3,182,181,0.03808475907565607
2025-07-04,4,181,181,0.045460080912865526
2025-07-04,5,181,181,0.053150573113560945
2025-07-07,1,181,180,0.05064404163588512
2025-07-07,2,181,181,0.06339888192026027
2025-07-07,3,181,181,0.048887626836479445
2025-07-07,4,181,180,0.06541226706898712
2025-07-07,5,181,181,0.05429909572607959
2025-07-08,1,182,181,0.039887640250535844
2025-07-08,2,182,181,0.06003435592306999
2025-07-08,3,182,182,0.04680243095972457
2025-07-08,4,182,181,0.04775572571823206
2025-07-08,5,182,182,0.04630292714996431
2025-07-09,1,183,182,0.04550563351422089
2025-07-09,2,182,181,0.051706688925504445
2025-07-09,3,182,182,0.06590671282683426
2025-07-09,4,182,181,0.0611713739076211
2025-07-09,5,182,182,0.06450626729764561
2025-07-10,1,183,181,0.04729090232379033
2025-07-10,2,183,183,0.04143220791833257
2025-07-10,3,183,182,0.05085610807961666
2025-07-10,4,183,183,0.05052936673093636
2025-07-10,5,182,182,0.0521282156108244
2025-07-11,1,184,182,0.03662730265484371
2025-07-11,2,183,183,0.055596063843773906
2025-07-11,3,184,184,0.05255286569617145
2025-07-11,4,183,183,0.043390349381322815
2025-07-11,5,183,183,0.050024950041168435
2025-07-14,1,183,181,0.0742411995208731
2025-07-14,2,183,183,0.05184013226536911
2025-07-14,3,183,183,0.04889234194753537
2025-07-14,4,183,183,0.05164745920554193
2025-07-14,5,183,183,0.06326795862125795
2025-07-15,1,184,183,0.07787372884537891
2025-07-15,2,183,181,0.06551053323070496
2025-07-15,3,183,183,0.05435689900228127
2025-07-15,4,183,183,0.06383231611459281
2025-07-15,5,183,183,0.06408797120277492
2025-07-16,1,183,182,0.08862178357739058
2025-07-16,2,183,181,0.07196511245093103
2025-07-16,3,183,183,0.05869955832905646
2025-07-16,4,183,183,0.06724322549947079
2025-07-16,5,183,183,0.06303427611101955
2025-07-17,1,184,183,0.05767154569099053
2025-07-17,2,183,182,0.04486791712058135
2025-07-17,3,183,182,0.04482599514063428
2025-07-17,4,183,182,0.03484367556012346
2025-07-17,5,183,183,0.032054892511490844
2025-07-18,1,184,184,0.09846222624547865
2025-07-18,2,183,183,0.043731970215213724
2025-07-18,3,183,181,0.06100356443498894
2025-07-18,4,183,183,0.04923614524225531
2025-07-18,5,183,183,0.05314915133000471
2025-07-21,1,184,183,0.08969437176619219
2025-07-21,2,183,182,0.04763737057256476
2025-07-21,3,183,183,0.04635046102735963
2025-07-21,4,183,183,0.04669619382227435
2025-07-21,5,183,183,0.046917752571971595
2025-07-22,1,184,184,0.07708832982835818
2025-07-22,2,183,183,0.04956858873341705
2025-07-22,3,183,182,0.04138136046117769
2025-07-22,4,183,183,0.04245988437436692
2025-07-22,5,183,183,0.03402809701173107
2025-07-23,1,183,183,0.09583271114987542
2025-07-23,2,183,183,0.06693308180116024
2025-07-23,3,183,182,0.07314129687011732
2025-07-23,4,183,183,0.06987449995082069
2025-07-23,5,183,183,0.05580608308651645
2025-07-24,1,184,184,0.05813165039724226
2025-07-24,2,183,183,0.057742984251036016
2025-07-24,3,184,183,0.04401543177255161
2025-07-24,4,183,183,0.050908778498665645
2025-07-24,5,183,183,0.042061582862831376
2025-07-25,1,184,184,0.08511032532498947
2025-07-25,2,183,182,0.07204950274745459
2025-07-25,3,184,184,0.06750770930152543
2025-07-25,4,183,183,0.06049294228072241
2025-07-25,5,183,182,0.059690674354686925
2025-07-28,1,184,184,0.09220929349918565
2025-07-28,2,183,183,0.07145207429337214
2025-07-28,3,183,183,0.06495327377598849
2025-07-28,4,183,182,0.0691942623579271
2025-07-28,5,183,183,0.07352297081365299
2025-07-29,1,184,184,0.08411242070205537
2025-07-29,2,183,182,0.07175873146693217
2025-07-29,3,184,184,0.07430852393505803
2025-07-29,4,183,182,0.0808853906081145
2025-07-29,5,183,183,0.07329852106063059
2025-07-30,1,184,184,0.07035197930428073
2025-07-30,2,183,183,0.05150178247797855
2025-07-30,3,183,183,0.0498478562172686
2025-07-30,4,183,182,0.07331522179772382
2025-07-30,5,183,183,0.052362791950339334
2025-07-31,1,183,183,0.10833371700246215
2025-07-31,2,183,183,0.0734839652973789
2025-07-31,3,182,182,0.075665559855582
2025-07-31,4,183,182,0.07931361818688379
2025-07-31,5,182,182,0.08252135643980651
2025-08-01,1,183,181,0.11279712837781793
2025-08-01,2,183,183,0.09553011641531528
2025-08-01,3,183,183,0.0953592957025771
2025-08-01,4,183,182,0.09105104607209416
2025-08-01,5,182,182,0.05618384028468473
2025-08-04,1,182,182,0.09528022976958442
2025-08-04,2,182,182,0.09880115066696446
2025-08-04,3,182,182,0.08334049472268922
2025-08-04,4,182,182,0.07495230654620169
2025-08-04,5,182,181,0.05369039535968551
2025-08-05,1,183,183,0.07530027870160749
2025-08-05,2,183,183,0.06775541603137883
2025-08-05,3,182,181,0.0712566904958592
2025-08-05,4,183,183,0.05664153291546692
2025-08-05,5,182,182,0.03395329742403834
2025-08-06,1,183,182,0.03947219512993581
2025-08-06,2,182,182,0.04225546799413248
2025-08-06,3,183,183,0.036865294802275926
2025-08-06,4,182,182,0.03599578237164951
2025-08-06,5,182,182,0.019197247361663262
2025-08-07,1,183,182,0.024630063992966137
2025-08-07,2,182,182,0.029425295317656894
2025-08-07,3,182,182,0.027141840173084464
2025-08-07,4,182,182,0.026154663786667014
2025-08-07,5,182,182,0.01988856767858556
2025-08-08,1,183,183,0.031596846580971526
2025-08-08,2,182,181,0.05707736493443967
2025-08-08,3,182,182,0.04781093689963872
2025-08-08,4,182,182,0.05664837303134542
2025-08-08,5,182,182,0.032614339766442596
2025-08-11,1,183,183,0.04583120883193816
2025-08-11,2,182,181,0.04231615561732867
2025-08-11,3,182,182,0.04476149734219929
2025-08-11,4,182,182,0.043245841384596945
2025-08-11,5,182,182,0.04507469903528544
2025-08-12,1,183,182,0.02725955670678913
2025-08-12,2,182,181,0.04251578999833823
2025-08-12,3,182,182,0.03899025800628681
2025-08-12,4,182,182,0.03510089722119734
2025-08-12,5,182,182,0.039281315587440385
2025-08-13,1,182,182,0.02351601393724233
2025-08-13,2,182,182,0.03683505930918043
2025-08-13,3,182,182,0.031006046354404654
2025-08-13,4,182,182,0.02289401474405225
2025-08-13,5,182,182,0.032817684828639254
2025-08-14,1,182,182,0.05390001843758402
2025-08-14,2,181,181,0.06616070855245107
2025-08-14,3,182,182,0.07536629695581007
2025-08-14,4,181,181,0.058969468033258275
2025-08-14,5,181,181,0.06357531342692746
2025-08-15,1,182,182,0.04326717520346667
2025-08-15,2,182,182,0.04527714841340947
2025-08-15,3,181,181,0.037230173220723785
2025-08-15,4,182,182,0.030442754677755184
2025-08-15,5,181,180,0.04492678596710199
2025-08-18,1,183,183,0.02350925639152663
2025-08-18,2,183,183,0.04230327712295262
2025-08-18,3,182,182,0.021511531227060482
2025-08-18,4,183,183,0.02940838457325501
2025-08-18,5,182,181,0.052834263572448636
2025-08-19,1,183,183,0.037259734772437166
2025-08-19,2,183,183,0.03021968660314641
2025-08-19,3,182,182,0.02597561289178804
2025-08-19,4,183,182,0.03830615273715003
2025-08-19,5,182,182,0.05346417048839622
2025-08-20,1,183,183,0.022800879837623442
2025-08-20,2,183,183,0.0352556196646409
2025-08-20,3,182,182,-0.003275072090330652
2025-08-20,4,183,183,0.02704717214924419
2025-08-20,5,182,181,0.045301734448041156
2025-08-21,1,183,183,0.03032208627611873
2025-08-21,2,183,183,-0.0015479227784080927
2025-08-21,3,182,182,0.013095424325458807
2025-08-21,4,183,182,0.009749843014113642
2025-08-21,5,182,182,0.02935568011888233
2025-08-22,1,183,182,8.29135421669128e-05
2025-08-22,2,183,182,0.001983024438055631
2025-08-22,3,182,182,-0.00754992267729771
2025-08-22,4,183,182,-8.836811134867188e-05
2025-08-22,5,182,181,0.01431584041207821
2025-08-25,1,183,183,0.003811697900680909
2025-08-25,2,183,183,-0.009095273012154107
2025-08-25,3,183,183,-0.016395050689415568
2025-08-25,4,183,183,-0.01709382689146207
2025-08-25,5,182,181,0.011789343336670588
2025-08-26,1,183,183,-0.025914394464416655
2025-08-26,2,183,183,-0.023966522276817864
2025-08-26,3,182,182,-0.040890800170191
2025-08-26,4,183,183,-0.02342329129468884
2025-08-26,5,182,181,-0.016459740939239513
2025-08-27,1,183,183,0.01569712961462589
2025-08-27,2,183,183,0.010231547275852827
2025-08-27,3,182,180,0.003801204619851506
2025-08-27,4,183,183,0.007070285019497693
2025-08-27,5,182,182,0.03370134629970195
2025-08-28,1,183,183,-0.00810340465763828
2025-08-28,2,182,182,0.002655443683120667
2025-08-28,3,183,182,-0.008156695353000122
2025-08-28,4,182,181,0.0023034573744489034
2025-08-28,5,182,182,0.000251232399085369
2025-08-29,1,183,182,-0.01487147943017953
2025-08-29,2,182,181,-0.01149395025771865
2025-08-29,3,183,183,-0.0027139040218685955
2025-08-29,4,182,182,-0.007935369901431944
2025-08-29,5,182,181,-0.005438023088269318
2025-09-01,1,183,182,-0.005302604943409249
2025-09-01,2,182,181,0.004920613141229423
2025-09-01,3,183,183,-0.0008937089000768634
2025-09-01,4,182,182,0.0002728216981285757
2025-09-01,5,182,181,0.003012801418480163
2025-09-02,1,182,181,0.03611588273607232
2025-09-02,2,182,182,0.019348094105850453
2025-09-02,3,182,182,0.00739615803925464
2025-09-02,4,182,181,0.007276738406153277
2025-09-02,5,181,179,0.040943984459865544
2025-09-03,1,182,181,0.05893744791045207
2025-09-03,2,182,182,0.04745988569643308
2025-09-03,3,181,181,0.03583852686314522
2025-09-03,4,182,181,0.024202264494961816
2025-09-03,5,181,179,0.06026320872888038
2025-09-04,1,182,180,0.030674993144091573
2025-09-04,2,182,182,0.02422942269969726
2025-09-04,3,181,181,0.01654918732948543
2025-09-04,4,182,181,0.013209179488151595
2025-09-04,5,181,181,0.029598968640635326
2025-09-05,1,182,181,0.04458081180416744
2025-09-05,2,182,182,0.0340042328198829
2025-09-05,3,182,182,0.020191449788333374
2025-09-05,4,182,182,0.03772106953028948
2025-09-05,5,181,180,0.03677210323728598
2025-09-08,1,183,183,0.008433338674592297
2025-09-08,2,182,181,0.013088675227306988
2025-09-08,3,182,182,0.005997638192383354
2025-09-08,4,182,182,0.022106101981134947
2025-09-08,5,182,181,0.0077790256066524776
2025-09-09,1,183,182,0.03415098257732191
2025-09-09,2,182,182,0.028960548202668163
2025-09-09,3,182,182,0.013758871186580177
2025-09-09,4,182,181,0.023923472307205276
2025-09-09,5,182,182,0.029681284552658945
2025-09-10,1,183,183,0.014375548074088453
2025-09-10,2,182,182,0.02722278480004239
2025-09-10,3,183,183,0.02072008471867929
2025-09-10,4,182,182,0.012076784317842428
2025-09-10,5,182,182,0.028668444076033923
2025-09-11,1,183,183,-0.025156138636118416
2025-09-11,2,183,183,-0.006092871702837574
2025-09-11,3,182,182,-0.008362074878032639
2025-09-11,4,183,183,-0.011894944260704492
2025-09-11,5,182,182,-0.00425826887448976
2025-09-12,1,183,182,-0.022787054789196563
2025-09-12,2,183,183,-0.003665414783456258
2025-09-12,3,182,182,-0.00663442827188025
2025-09-12,4,183,183,-0.011043666579493532
2025-09-12,5,182,182,-0.004868863551190696
2025-09-15,1,183,183,-0.026951762249859776
2025-09-15,2,183,183,0.003781512495120171
2025-09-15,3,183,183,-0.003107059045847652
2025-09-15,4,183,183,-0.0028274318479035747
2025-09-15,5,182,182,0.01026235787273767
2025-09-16,1,184,184,-0.03807746632214336
2025-09-16,2,184,184,-0.007561227299720897
2025-09-16,3,183,183,-0.0001760479543286805
2025-09-16,4,184,184,0.0023513254256029557
2025-09-16,5,183,183,0.005867636532241305
2025-09-17,1,184,184,-0.03707854486943625
2025-09-17,2,184,184,-0.011769795740742101
2025-09-17,3,183,183,0.0066778801104623664
2025-09-17,4,184,184,0.014006956050880426
2025-09-17,5,183,183,0.0035019406923393567
2025-09-18,1,184,183,-0.006614388113475119
2025-09-18,2,184,184,0.015040844077078015
2025-09-18,3,183,183,0.022366544883062695
2025-09-18,4,184,184,0.02352609850385632
2025-09-18,5,183,183,0.026446320351904022
2025-09-19,1,183,182,-0.006342588062405588
2025-09-19,2,183,182,0.012745968241040961
2025-09-19,3,183,182,0.02417090262756525
2025-09-19,4,183,183,0.02305758296297707
2025-09-19,5,183,183,0.02666094668677184
2025-09-22,1,183,183,-0.00919499093531608
2025-09-22,2,182,182,0.01903625130980153
2025-09-22,3,183,183,0.024731708894255515
2025-09-22,4,182,181,0.02861289875068947
2025-09-22,5,182,182,0.027336774687973398
2025-09-23,1,183,183,0.02629521262131561
2025-09-23,2,182,182,0.043273841888344905
2025-09-23,3,182,182,0.03207363046210048
2025-09-23,4,182,182,0.04336128208596036
2025-09-23,5,182,181,0.05885382569482251
2025-09-24,1,183,182,-0.013517585910224205
2025-09-24,2,182,182,0.017135051115968768
2025-09-24,3,183,183,0.032003368384246486
2025-09-24,4,182,181,0.018470028309772738
2025-09-24,5,182,182,0.021623324048076736
2025-09-25,1,182,182,0.015553390546772152
2025-09-25,2,182,182,0.021971830569424897
2025-09-25,3,182,182,0.03560656217273603
2025-09-25,4,182,182,0.024640497511848203
2025-09-25,5,181,180,0.031706292482979216
2025-09-26,1,182,180,0.029217502378005068
2025-09-26,2,182,182,0.020753683604123416
2025-09-26,3,182,182,0.03817281849479983
2025-09-26,4,182,182,0.029841558559922123
2025-09-26,5,181,180,0.04132011314226065
2025-09-29,1,182,182,-0.01337558630069334
2025-09-29,2,181,181,-0.0019946579619603603
2025-09-29,3,182,182,0.004025327361470382
2025-09-29,4,181,181,0.006437060923992867
2025-09-29,5,181,180,0.017064354955167577
2025-09-30,1,182,181,-0.009164527725313579
2025-09-30,2,181,181,0.006423054556346465
2025-09-30,3,181,181,0.014506461117956705
2025-09-30,4,181,181,0.015339611072018134
2025-09-30,5,181,180,0.018759610373576797
2025-10-09,1,182,182,-0.006106726338906921
2025-10-09,2,181,181,0.005303560157150327
2025-10-09,3,182,182,0.00977539741038406
2025-10-09,4,181,181,0.020111152707555032
2025-10-09,5,181,180,0.014327550316235164
2025-10-10,1,182,182,0.05561446728157755
2025-10-10,2,182,182,0.0397153268992702
2025-10-10,3,182,182,0.03281986169800379
2025-10-10,4,182,182,0.04956056482516522
2025-10-10,5,181,181,0.05774808186817003
2025-10-13,1,182,182,-0.007989060515576981
2025-10-13,2,182,182,0.021008059907503304
2025-10-13,3,182,182,0.034707486164697245
2025-10-13,4,182,182,0.02333313949703311
2025-10-13,5,181,181,0.0347978959438894
2025-10-14,1,182,182,0.01470168735602181
2025-10-14,2,182,182,0.019083334205788425
2025-10-14,3,182,182,0.030294898320462636
2025-10-14,4,182,182,0.04033938881336956
2025-10-14,5,181,181,0.047663631387569114
2025-10-15,1,182,182,-0.002899247401041505
2025-10-15,2,182,182,0.018035748325588807
2025-10-15,3,182,182,0.014807873052834918
2025-10-15,4,182,182,0.029988300534166654
2025-10-15,5,181,181,0.023299353646773276
2025-10-16,1,182,182,0.027629367231918618
2025-10-16,2,182,182,0.020430892413383233
2025-10-16,3,181,181,0.017105517666983254
2025-10-16,4,182,182,0.045170164777781116
2025-10-16,5,181,181,0.034437638892141555
2025-10-17,1,182,182,0.050664539462325436
2025-10-17,2,182,182,0.01705981326593316
2025-10-17,3,181,181,0.03465225582355178
2025-10-17,4,182,182,0.03850618977758919
2025-10-17,5,181,181,0.06444072068546121
2025-10-20,1,182,182,0.049577014851097036
2025-10-20,2,182,182,0.022872284331203092
2025-10-20,3,181,181,0.03273049065089412
2025-10-20,4,182,182,0.028117163689050765
2025-10-20,5,181,181,0.05737383623616367
2025-10-21,1,182,182,0.02944168225641415
2025-10-21,2,182,182,0.016864141762771047
2025-10-21,3,181,181,0.012655982953233487
2025-10-21,4,182,182,0.027486478692700853
2025-10-21,5,181,181,0.02727529475379612
2025-10-22,1,182,182,0.025379649290178996
2025-10-22,2,182,181,0.01918972115485354
2025-10-22,3,182,182,0.01988510224220947
2025-10-22,4,182,182,0.017485466076860294
2025-10-22,5,181,181,0.02165176730456782
2025-10-23,1,182,182,-0.005014052833123079
2025-10-23,2,182,182,-0.00027615262260544056
2025-10-23,3,182,181,-0.011516857361207637
2025-10-23,4,182,182,-0.006979140006437081
2025-10-23,5,181,181,-0.00910424822649012
2025-10-24,1,182,182,-0.04221207553793219
2025-10-24,2,182,182,-0.01852499675420067
2025-10-24,3,182,180,-0.030749006850806854
2025-10-24,4,182,181,-0.02991214680158444
2025-10-24,5,181,181,-0.030146109069794428
2025-10-27,1,182,181,-0.03937766396627163
2025-10-27,2,182,182,-0.02884575196636282
2025-10-27,3,181,180,-0.014429489859789962
2025-10-27,4,182,182,-0.022569305525047795
2025-10-27,5,181,181,-0.01535711906958359
2025-10-28,1,182,181,-0.026864402147281724
2025-10-28,2,182,181,-0.014487293448625024
2025-10-28,3,181,181,-0.01720238858140085
2025-10-28,4,182,182,-0.01727973069205703
2025-10-28,5,181,181,-0.003192298757112435
2025-10-29,1,182,181,-0.02993923596120785
2025-10-29,2,182,182,-0.02718458219331124
2025-10-29,3,182,181,-0.021064652131861043
2025-10-29,4,182,182,-0.026883867420873418
2025-10-29,5,181,181,-0.01789057935436977
2025-10-30,1,182,182,-0.025070132453434348
2025-10-30,2,182,181,-0.013131675923877704
2025-10-30,3,182,181,-0.017101682806648068
2025-10-30,4,182,182,-0.020941681515569726
2025-10-30,5,181,181,-0.013226349683592821
2025-10-31,1,182,180,-0.0010489964263599297
2025-10-31,2,181,180,-0.017903653500687983
2025-10-31,3,182,182,-0.020236540151810173
2025-10-31,4,181,181,-0.012079136699882068
2025-10-31,5,181,180,-0.006215115378611203
2025-11-03,1,182,180,-0.004531803615100004
2025-11-03,2,181,179,-0.02126776553790048
2025-11-03,3,182,182,-0.020095616058713173
2025-11-03,4,181,181,-0.0036358252919150894
2025-11-03,5,181,181,-0.00471463239153999
2025-11-04,1,182,180,0.00617027663228212
2025-11-04,2,181,179,0.004557295346454733
2025-11-04,3,182,182,-0.006824735082085997
2025-11-04,4,181,181,0.007223666044352402
2025-11-04,5,181,181,0.009059209333908982
2025-11-05,1,182,179,-0.026879658141720057
2025-11-05,2,182,181,-0.02747782437691252
2025-11-05,3,182,182,-0.018793858466727934
2025-11-05,4,182,182,-0.006980671746930907
2025-11-05,5,181,181,-0.003987216044336999
2025-11-06,1,182,180,-0.033943364092288035
2025-11-06,2,182,181,-0.030882270595948596
2025-11-06,3,182,181,-0.02140185135646089
2025-11-06,4,182,182,-0.024396899979285225
2025-11-06,5,181,181,-0.011101873463393705
2025-11-07,1,182,180,-0.02850213299069863
2025-11-07,2,182,181,-0.015069509212269867
2025-11-07,3,181,181,-0.02475081448785289
2025-11-07,4,182,182,-0.014767834549836408
2025-11-07,5,181,181,0.0006858075601938943
2025-11-10,1,182,180,-0.024611960725503472
2025-11-10,2,182,182,-0.02084225431996138
2025-11-10,3,182,182,-0.03435106046489392
2025-11-10,4,182,182,-0.022495414088322188
2025-11-10,5,182,182,-0.007081250257086662
2025-11-11,1,183,182,-0.022999908989534565
2025-11-11,2,182,181,-0.02180037140682945
2025-11-11,3,183,182,-0.042856531743552716
2025-11-11,4,182,181,-0.02173259449163576
2025-11-11,5,182,182,-0.01388720246749683
2025-11-12,1,183,182,-0.011155253808803197
2025-11-12,2,182,180,-0.006047421873215158
2025-11-12,3,183,183,-0.025902905089882827
2025-11-12,4,182,182,-0.02440231706626616
2025-11-12,5,182,181,-0.001214069289870201
2025-11-13,1,183,181,-0.034011530958920864
2025-11-13,2,183,183,-0.03898716910958325
2025-11-13,3,183,183,-0.04072994455938615
2025-11-13,4,183,182,-0.033419406603118484
2025-11-13,5,182,181,-0.019714612252034615
2025-11-14,1,184,183,-0.040273395341957674
2025-11-14,2,183,183,-0.03383263382466302
2025-11-14,3,183,183,-0.03474681829605386
2025-11-14,4,183,182,-0.03544802256361338
2025-11-14,5,183,181,-0.027414492256053923
2025-11-17,1,184,184,-0.058821825729005524
2025-11-17,2,183,182,-0.018795272533821437
2025-11-17,3,183,183,-0.028619258876448846
2025-11-17,4,183,183,-0.02735694564735801
2025-11-17,5,183,181,-0.02171379326277722
2025-11-18,1,183,183,-0.05637424599879152
2025-11-18,2,183,182,-0.04254614511118845
2025-11-18,3,183,183,-0.024928263626131104
2025-11-18,4,183,183,-0.028171841517321848
2025-11-18,5,182,181,-0.018366876235066505
2025-11-19,1,183,181,-0.05112138075750819
2025-11-19,2,182,182,-0.03133032792053437
2025-11-19,3,183,183,-0.027073905216883843
2025-11-19,4,182,181,-0.012719201370474753
2025-11-19,5,182,181,-0.01645899919870538
2025-11-20,1,183,182,-0.021356189801440544
2025-11-20,2,182,181,-0.010484980704839443
2025-11-20,3,182,182,0.0029598213660238007
2025-11-20,4,182,182,0.0004451324698722645
2025-11-20,5,182,180,0.01656135990640507
2025-11-21,1,183,182,0.011019952990921143
2025-11-21,2,182,180,0.026294603059420666
2025-11-21,3,182,182,0.03321378125393943
2025-11-21,4,182,181,0.03283413384994112
2025-11-21,5,182,180,0.03869073409516705
2025-11-24,1,183,182,0.025332099345547816
2025-11-24,2,182,182,0.014209241385785085
2025-11-24,3,182,182,0.03106466366705709
2025-11-24,4,182,181,0.023860454261825113
2025-11-24,5,182,180,0.03483543799116963
2025-11-25,1,182,181,0.009851298057632065
2025-11-25,2,182,182,0.005700272374490451
2025-11-25,3,182,181,0.014729489617796798
2025-11-25,4,182,181,0.010148699277267489
2025-11-25,5,182,182,0.022439170727255767
2025-11-26,1,183,183,0.033615861486396094
2025-11-26,2,182,182,0.021105138283464792
2025-11-26,3,182,182,0.02368466013049079
2025-11-26,4,182,182,0.02195714432494737
2025-11-26,5,182,181,0.027446873016953317
2025-11-27,1,183,182,0.04105636550855898
2025-11-27,2,182,182,0.04128415438117377
2025-11-27,3,183,183,0.022892363924254512
2025-11-27,4,182,182,0.02542780062675393
2025-11-27,5,182,182,0.03350516411313041
2025-11-28,1,183,180,0.02534037104735176
2025-11-28,2,183,183,0.03400464819741524
2025-11-28,3,183,183,0.008780114599769262
2025-11-28,4,183,183,0.0274021749780329
2025-11-28,5,182,182,0.030177789649414245
2025-12-01,1,183,181,0.0023276911942260135
2025-12-01,2,182,182,0.01889450442825429
2025-12-01,3,183,183,0.0037113917392472247
2025-12-01,4,182,181,0.005408916692419619
2025-12-01,5,182,182,0.03508984055658823
2025-12-02,1,183,182,0.03529477864323405
2025-12-02,2,182,182,0.023702212551814924
2025-12-02,3,182,181,0.004331555260717651
2025-12-02,4,182,182,0.02159302837353435
2025-12-02,5,182,182,0.022460342479658505
2025-12-03,1,183,183,0.05741372085019424
2025-12-03,2,182,181,0.029149254121606242
2025-12-03,3,183,183,0.02040808953587876
2025-12-03,4,182,181,0.015417492088626295
2025-12-03,5,182,182,0.038006759006712694
2025-12-04,1,182,182,0.05981186117581291
2025-12-04,2,182,181,0.058632977896361634
2025-12-04,3,182,182,0.03662720168567223
2025-12-04,4,182,181,0.03192662011836219
2025-12-04,5,182,182,0.04925822967188663
2025-12-05,1,183,183,0.06710458232066094
2025-12-05,2,182,181,0.04231147622962802
2025-12-05,3,182,182,0.03813642837459142
2025-12-05,4,182,181,0.03828294807249484
2025-12-05,5,182,182,0.04614336415485751
2025-12-08,1,183,182,0.06893476032862847
2025-12-08,2,182,182,0.04629222433578962
2025-12-08,3,182,182,0.03355764782142375
2025-12-08,4,182,181,0.03287263772549115
2025-12-08,5,182,182,0.0351225374192044
2025-12-09,1,182,181,0.07703152414731838
2025-12-09,2,182,181,0.07307440342020653
2025-12-09,3,182,182,0.04208398646030392
2025-12-09,4,182,182,0.045182550468885634
2025-12-09,5,181,180,0.06625704080937848
2025-12-10,1,183,183,0.08251024996928322
2025-12-10,2,182,182,0.08366418874963753
2025-12-10,3,182,182,0.06812067179361611
2025-12-10,4,182,180,0.048477763166891896
2025-12-10,5,182,182,0.09000422041245666
2025-12-11,1,182,182,0.14324617406514165
2025-12-11,2,182,181,0.11410826076205141
2025-12-11,3,182,181,0.07972397397524142
2025-12-11,4,182,181,0.08803099407342364
2025-12-11,5,181,180,0.10907530082372688
2025-12-12,1,182,181,0.11938260402485287
2025-12-12,2,182,181,0.07987851591602163
2025-12-12,3,182,181,0.07353644576335776
2025-12-12,4,182,180,0.08644917433764038
2025-12-12,5,181,180,0.10115995939052258
2025-12-15,1,182,181,0.11908528422495128
2025-12-15,2,182,181,0.0633084872336731
2025-12-15,3,181,180,0.07673542324616477
2025-12-15,4,182,181,0.08109723275719019
2025-12-15,5,181,181,0.09975382225133188
2025-12-16,1,182,181,0.14278932798476973
2025-12-16,2,182,180,0.09584995305032934
2025-12-16,3,181,180,0.08733704294562004
2025-12-16,4,182,182,0.0780896408220809
2025-12-16,5,181,181,0.11700636002064443
2025-12-17,1,182,179,0.11671520725566982
2025-12-17,2,182,182,0.07362133300903889
2025-12-17,3,181,180,0.06315927679612356
2025-12-17,4,182,181,0.0732347096270846
2025-12-17,5,181,181,0.1018680034429859
2025-12-18,1,182,181,0.12215160647548785
2025-12-18,2,181,181,0.08978754025141786
2025-12-18,3,181,180,0.07746780672349157
2025-12-18,4,181,180,0.07434286302138572
2025-12-18,5,181,181,0.09763792894578084
2025-12-19,1,181,180,0.07519052553645289
2025-12-19,2,181,181,0.06749830794498184
2025-12-19,3,181,180,0.06263478512982891
2025-12-19,4,181,181,0.0611104898815935
2025-12-19,5,181,180,0.08854979263614922
2025-12-22,1,181,181,0.09521171145293879
2025-12-22,2,181,181,0.0641389086467473
2025-12-22,3,181,181,0.05696324579684292
2025-12-22,4,181,179,0.0745688122905972
2025-12-22,5,180,180,0.09704713404567467
2025-12-23,1,181,181,0.11788203664150472
2025-12-23,2,181,181,0.07091694013317047
2025-12-23,3,181,180,0.07958450316848871
2025-12-23,4,181,181,0.07990256407823704
2025-12-23,5,180,180,0.11677710918030312
2025-12-24,1,181,181,0.12273067652794101
2025-12-24,2,181,181,0.055671238448992265
2025-12-24,3,181,181,0.07394140591823369
2025-12-24,4,181,180,0.10784708758210967
2025-12-24,5,180,180,0.11158516911562337
2025-12-25,1,181,181,0.07545142837392362
2025-12-25,2,181,181,0.060331370332496005
2025-12-25,3,180,180,0.06887369954877148
2025-12-25,4,181,181,0.08030646170303889
2025-12-25,5,180,180,0.08880253495848399
2025-12-26,1,181,181,0.06631657383082054
2025-12-26,2,181,181,0.043681963844853566
2025-12-26,3,180,180,0.05949516771311039
2025-12-26,4,181,181,0.08702192780856571
2025-12-26,5,180,179,0.09375286096662437
2025-12-29,1,181,181,0.0894147075185949
2025-12-29,2,181,180,0.03609763225975562
2025-12-29,3,180,180,0.056053561573141585
2025-12-29,4,181,181,0.09638721624561826
2025-12-29,5,180,180,0.12326363800878101
2025-12-30,1,181,181,0.058337677284028375
2025-12-30,2,180,180,0.03686489549084551
2025-12-30,3,181,181,0.06030138391123997
2025-12-30,4,180,180,0.09500672528400725
2025-12-30,5,180,180,0.09299886640123003
2025-12-31,1,181,181,0.03543856405049011
2025-12-31,2,180,180,0.026863803444684232
2025-12-31,3,181,181,0.04309115554937378
2025-12-31,4,180,180,0.06340731302514205
2025-12-31,5,180,179,0.0740735424636948
2026-01-05,1,181,181,0.029110341224853013
2026-01-05,2,180,180,0.013745139527961678
2026-01-05,3,181,181,0.014330549965676469
2026-01-05,4,180,180,0.031212621907614292
2026-01-05,5,180,179,0.038298480955179647
2026-01-06,1,181,181,0.0229920888444707
2026-01-06,2,181,181,-0.004641129188190849
2026-01-06,3,180,180,0.022912549909108727
2026-01-06,4,181,181,0.014795473805057142
2026-01-06,5,180,179,0.04675922113782162
2026-01-07,1,181,181,0.028774978022397563
2026-01-07,2,181,181,0.0056674159934112225
2026-01-07,3,181,181,0.017644509592302914
2026-01-07,4,181,181,0.03442558604264387
2026-01-07,5,180,179,0.043074876943887404
2026-01-08,1,182,181,-0.011156202081858003
2026-01-08,2,181,181,0.005580688844225791
2026-01-08,3,181,181,0.00019447049256318544
2026-01-08,4,181,181,0.01927497098807338
2026-01-08,5,181,180,0.02587146962784536
2026-01-09,1,182,180,-0.013925100271947008
2026-01-09,2,181,181,0.003009033031378093
2026-01-09,3,181,180,-0.0012970693697248125
2026-01-09,4,181,181,0.023539797855662004
2026-01-09,5,181,181,0.025611283199255225
2026-01-12,1,182,179,-0.026425048715297023
2026-01-12,2,181,180,-0.0032874023850168977
2026-01-12,3,181,181,-0.0020571782470629784
2026-01-12,4,181,181,0.01580502815379537
2026-01-12,5,181,181,0.024390986198143665
2026-01-13,1,181,179,-0.02295720994746856
2026-01-13,2,181,181,0.016414361500005237
2026-01-13,3,181,181,0.009227196683297436
2026-01-13,4,181,181,0.031119199779677975
2026-01-13,5,181,181,0.032695067537016315
2026-01-14,1,181,180,-0.022815204121672854
2026-01-14,2,181,181,0.02592720813220499
2026-01-14,3,181,181,0.021704256145587082
2026-01-14,4,181,181,0.02967119486011062
2026-01-14,5,180,180,0.0315543931070468
2026-01-15,1,181,180,-0.0019467109295049233
2026-01-15,2,181,181,0.003277494931936307
2026-01-15,3,180,180,0.010519894655762639
2026-01-15,4,181,181,0.009180531206714306
2026-01-15,5,180,180,0.02184050823008147
2026-01-16,1,181,180,0.01655523333163023
2026-01-16,2,180,180,0.01071193648617353
2026-01-16,3,180,180,0.023633038501303362
2026-01-16,4,180,180,0.02483867011846882
2026-01-16,5,180,180,0.03548974010518456
2026-01-19,1,181,180,0.01186921919883904
2026-01-19,2,180,180,0.00929904863875287
2026-01-19,3,181,181,0.009143598015232759
2026-01-19,4,180,180,0.026545259377675434
2026-01-19,5,180,179,0.00595201912851583
2026-01-20,1,181,181,0.04101055691656494
2026-01-20,2,181,181,0.02043834401343474
2026-01-20,3,181,181,0.020239881139906386
2026-01-20,4,181,180,0.023007244946976504
2026-01-20,5,180,179,0.03797225720858388
2026-01-21,1,181,181,0.01361590922455504
2026-01-21,2,181,181,0.009788602711175138
2026-01-21,3,180,180,0.005661115217836503
2026-01-21,4,181,181,0.010839877313808716
2026-01-21,5,180,178,0.02555474590036298
2026-01-22,1,181,180,0.008991660123562291
2026-01-22,2,181,180,0.012044850390673068
2026-01-22,3,181,181,0.0024429401194511332
2026-01-22,4,181,179,0.0041375800713406045
2026-01-22,5,180,180,0.013103124762216627
2026-01-23,1,182,182,-0.02013508884998218
2026-01-23,2,182,180,0.009214801872348327
2026-01-23,3,181,179,0.010475209976864826
2026-01-23,4,182,182,0.00962783671512719
2026-01-23,5,181,181,-0.0033095660192464893
2026-01-26,1,181,181,-0.046773144757182
2026-01-26,2,181,179,-0.0166437252589796
2026-01-26,3,181,181,-0.019546212017346024
2026-01-26,4,181,180,-0.01822386002385287
2026-01-26,5,181,181,-0.039795027598827366
2026-01-27,1,181,181,-0.025708748971351683
2026-01-27,2,181,181,0.0018707541730907191
2026-01-27,3,181,180,-0.009976277718135048
2026-01-27,4,181,180,-0.009801409609881746
2026-01-27,5,181,180,-0.024146797123290407
2026-01-28,1,182,182,-0.021968417249418972
2026-01-28,2,181,179,-0.01740502179016351
2026-01-28,3,181,181,-0.01624553419412376
2026-01-28,4,181,180,-0.023002276417382252
2026-01-28,5,181,181,-0.031530069342161335
2026-01-29,1,182,182,-0.020867774914999967
2026-01-29,2,181,180,-0.01600742905124156
2026-01-29,3,181,181,-0.005829292018475872
2026-01-29,4,181,180,-0.007914553426238908
2026-01-29,5,181,181,-0.01235882964863708
2026-01-30,1,182,181,0.018167188883166322
2026-01-30,2,181,180,-0.0007124413592132673
2026-01-30,3,181,181,0.0032765425200605765
2026-01-30,4,181,180,0.00870834984351549
2026-01-30,5,181,181,0.0015182722327186106
2026-02-02,1,181,181,0.04269908800125745
2026-02-02,2,181,180,0.017387591412910287
2026-02-02,3,181,181,0.022798814044676853
2026-02-02,4,181,181,0.027607887157296535
2026-02-02,5,181,181,0.02114798159210129
2026-02-03,1,181,181,0.021984839921056945
2026-02-03,2,181,180,0.012785204487516305
2026-02-03,3,181,181,0.018642971817797387
2026-02-03,4,181,181,0.018456832210342573
2026-02-03,5,181,181,0.013961733919043227
2026-02-04,1,182,182,0.009947858626518797
2026-02-04,2,181,180,-0.005497559759015915
2026-02-04,3,182,182,0.014325365515183286
2026-02-04,4,181,181,0.011351300159614488
2026-02-04,5,181,181,0.009484772312402119
2026-02-05,1,182,181,0.006641426125058357
2026-02-05,2,181,181,0.0005173121004793513
2026-02-05,3,182,182,0.018294704229045437
2026-02-05,4,181,181,0.010523886263647106
2026-02-05,5,181,181,0.01963570693609055
2026-02-06,1,181,180,-0.024558869827023422
2026-02-06,2,181,181,-0.002533640389232886
2026-02-06,3,181,181,0.0035065841365273086
2026-02-06,4,181,181,-0.015445302928474213
2026-02-06,5,181,181,0.0005981211319816419
2026-02-09,1,181,181,-0.044327552225955504
2026-02-09,2,181,181,-0.03750088851472543
2026-02-09,3,181,181,-0.008646570176068015
2026-02-09,4,181,181,-0.014960990501965733
2026-02-09,5,181,181,-0.03713756175046855
2026-02-10,1,182,182,-0.05184092102259426
2026-02-10,2,181,180,-0.03313633475570061
2026-02-10,3,182,182,-0.026155583961940974
2026-02-10,4,181,181,-0.023954644794521505
2026-02-10,5,181,181,-0.041634881124509755
2026-02-11,1,182,181,-0.058056570731232326
2026-02-11,2,181,181,-0.038121391210112404
2026-02-11,3,182,182,-0.0414900149984038
2026-02-11,4,181,181,-0.04082921331492303
2026-02-11,5,181,181,-0.055262194254425544
2026-02-12,1,182,182,-0.09878567231060373
2026-02-12,2,181,181,-0.07026008822540976
2026-02-12,3,182,182,-0.05783773354233821
2026-02-12,4,181,181,-0.062298170793803016
2026-02-12,5,181,181,-0.0943702789895516
2026-02-13,1,182,181,-0.11130009895841997
2026-02-13,2,181,181,-0.08433385777335764
2026-02-13,3,181,181,-0.07088885745497965
2026-02-13,4,181,181,-0.09457842211504869
2026-02-13,5,181,181,-0.10850412774850417
2026-02-24,1,182,182,-0.08703209270410744
2026-02-24,2,181,181,-0.08221964858386648
2026-02-24,3,181,181,-0.08189003184229239
2026-02-24,4,181,181,-0.06839253923607028
2026-02-24,5,181,180,-0.10078359810410752
2026-02-25,1,182,182,-0.1050940873827873
2026-02-25,2,181,181,-0.0711649941347903
2026-02-25,3,182,182,-0.05936231411686901
2026-02-25,4,181,181,-0.08050075619293796
2026-02-25,5,181,181,-0.09875990167706558
2026-02-26,1,182,182,-0.11925985478760381
2026-02-26,2,181,181,-0.0861976943863228
2026-02-26,3,181,181,-0.08336379677975742
2026-02-26,4,181,181,-0.08833838849350598
2026-02-26,5,181,181,-0.1167012079499309
2026-02-27,1,182,182,-0.09869337322474551
2026-02-27,2,181,181,-0.09067327833428446
2026-02-27,3,181,180,-0.06497527018299235
2026-02-27,4,181,180,-0.07647434403763405
2026-02-27,5,181,181,-0.10786945939368595
2026-03-02,1,182,182,-0.09695873220121723
2026-03-02,2,181,181,-0.06643205004357638
2026-03-02,3,181,181,-0.05655337836660903
2026-03-02,4,181,181,-0.07153569042304382
2026-03-02,5,181,181,-0.0888741165324999
2026-03-03,1,182,182,-0.03864527693623087
2026-03-03,2,181,181,-0.03667494020838155
2026-03-03,3,181,181,-0.02527170774876422
2026-03-03,4,181,181,-0.03121550055194115
2026-03-03,5,181,181,-0.049978108091866105
2026-03-04,1,181,181,-0.065274357499355
2026-03-04,2,181,181,-0.05178796404899496
2026-03-04,3,181,181,-0.024068636654047848
2026-03-04,4,181,181,-0.04739329352640674
2026-03-04,5,181,181,-0.06755765151578802
2026-03-05,1,182,182,-0.06663310205680474
2026-03-05,2,181,181,-0.029406161441734763
2026-03-05,3,181,181,-0.028540993915056077
2026-03-05,4,181,181,-0.05352378873443522
2026-03-05,5,181,181,-0.07186226759313324
2026-03-06,1,182,182,-0.07409126695970825
2026-03-06,2,181,181,-0.051679370112936364
2026-03-06,3,182,182,-0.07117912867792257
2026-03-06,4,181,181,-0.07075619241202465
2026-03-06,5,181,181,-0.08843915955187986
2026-03-09,1,182,182,-0.06369647301586263
2026-03-09,2,181,181,-0.047880758147122386
2026-03-09,3,182,182,-0.041883564845847834
2026-03-09,4,181,181,-0.052764589276722736
2026-03-09,5,181,181,-0.07709208868242552
2026-03-10,1,182,182,-0.06394501152865188
2026-03-10,2,182,182,-0.04879604876214123
2026-03-10,3,182,182,-0.040040355675257544
2026-03-10,4,182,182,-0.05201012284309365
2026-03-10,5,181,181,-0.0780750804922043
2026-03-11,1,182,182,-0.051418275843247804
2026-03-11,2,182,182,-0.05065499969566186
2026-03-11,3,182,182,-0.046070602427265364
2026-03-11,4,182,182,-0.04401495267526486
2026-03-11,5,182,182,-0.07917467969611709
2026-03-12,1,182,182,-0.05429968545715538
2026-03-12,2,182,182,-0.04411481252951774
2026-03-12,3,182,182,-0.039037067809704964
2026-03-12,4,182,182,-0.052578119676619135
2026-03-12,5,182,182,-0.06768597653501406
2026-03-13,1,182,182,-0.024086426138790133
2026-03-13,2,182,182,-0.03213650177393289
2026-03-13,3,182,182,-0.03443482647763977
2026-03-13,4,182,182,-0.03396562284245258
2026-03-13,5,182,182,-0.051225041981549056
2026-03-16,1,183,183,-0.010649112642066506
2026-03-16,2,182,182,-0.032014179004985176
2026-03-16,3,182,182,-0.022307959428769987
2026-03-16,4,182,182,-0.036092912266842435
2026-03-16,5,182,182,-0.03805445348178663
2026-03-17,1,183,183,0.0032364262214009463
2026-03-17,2,182,182,-0.014099561195699111
2026-03-17,3,183,183,-0.031065739712621176
2026-03-17,4,182,182,-0.021679063323867348
2026-03-17,5,182,182,-0.032872626881774655
2026-03-18,1,183,182,0.01852114509919472
2026-03-18,2,182,182,-0.015666561766725196
2026-03-18,3,183,183,-0.004328141469964157
2026-03-18,4,182,182,-0.007380306618430048
2026-03-18,5,182,182,-0.018301547732004084
2026-03-19,1,182,182,0.02674315549672295
2026-03-19,2,182,182,0.014075583411996252
2026-03-19,3,182,181,0.004289530969318434
2026-03-19,4,182,182,0.005103955808940944
2026-03-19,5,182,182,-0.0057411584594688
2026-03-20,1,182,181,0.09468326297469397
2026-03-20,2,182,182,0.04487628401295269
2026-03-20,3,182,181,0.02923462660489443
2026-03-20,4,182,182,0.04302569631977814
2026-03-20,5,181,181,0.04899373387784309
2026-03-23,1,181,180,0.09564376875482375
2026-03-23,2,181,181,0.061707388810698406
2026-03-23,3,181,180,0.047871872748735556
2026-03-23,4,181,181,0.055008478603654466
2026-03-23,5,180,180,0.06497062368256644
2026-03-24,1,182,181,0.0950515706666128
2026-03-24,2,182,182,0.04969295773533858
2026-03-24,3,181,180,0.03628961089512839
2026-03-24,4,182,181,0.0571164752123228
2026-03-24,5,181,181,0.06201582795282607
2026-03-25,1,182,181,0.07210358174058693
2026-03-25,2,182,182,0.023323164372299955
2026-03-25,3,182,181,0.01877051154897068
2026-03-25,4,182,181,0.028773693319961602
2026-03-25,5,182,182,0.03317082222804804
2026-03-26,1,182,180,0.1093495108348493
2026-03-26,2,182,182,0.04458541163672834
2026-03-26,3,182,181,0.03705336298410992
2026-03-26,4,182,181,0.048500868861801605
2026-03-26,5,181,181,0.049631588335376856
2026-03-27,1,182,182,0.07828104704838339
2026-03-27,2,182,182,0.035152052930096093
2026-03-27,3,182,180,0.026080181625102502
2026-03-27,4,182,182,0.030273875476208155
2026-03-27,5,182,182,0.03807634702946404
2026-03-30,1,182,181,0.051799830731955564
2026-03-30,2,182,182,0.007086508449660811
2026-03-30,3,182,180,0.014667539490723117
2026-03-30,4,182,182,0.014843255021572669
2026-03-30,5,182,181,0.003915926540343992
2026-03-31,1,183,181,0.07318964340854113
2026-03-31,2,182,181,0.03066904140360956
2026-03-31,3,182,180,0.033174886937848966
2026-03-31,4,182,182,0.013400524154118399
2026-03-31,5,182,181,0.018898721569490524
2026-04-01,1,182,182,0.0815608690870963
2026-04-01,2,182,181,0.03819497280309031
2026-04-01,3,182,181,0.04153154885942868
2026-04-01,4,182,182,0.013906196761685615
2026-04-01,5,181,181,0.02645226854214434
2026-04-02,1,182,182,0.11253411397988876
2026-04-02,2,182,182,0.05756765421094587
2026-04-02,3,182,181,0.04863678194722605
2026-04-02,4,182,182,0.04790066254916895
2026-04-02,5,182,182,0.04003400937026028
2026-04-03,1,182,182,0.14164682119776062
2026-04-03,2,182,182,0.06240728339493384
2026-04-03,3,182,182,0.077822468691578
2026-04-03,4,182,182,0.061113337585646306
2026-04-03,5,181,181,0.0600879058167115
2026-04-07,1,182,182,0.13105939420376678
2026-04-07,2,182,182,0.057345678731772626
2026-04-07,3,182,182,0.061593333960609085
2026-04-07,4,182,182,0.0532551425127837
2026-04-07,5,182,182,0.050538961895827864
2026-04-08,1,183,183,0.14468866435652283
2026-04-08,2,182,182,0.04137632642773222
2026-04-08,3,182,182,0.049450879293774876
2026-04-08,4,182,182,0.032230862040475
2026-04-08,5,182,182,0.05884332485053163
2026-04-09,1,182,182,0.11274425613822381
2026-04-09,2,182,182,0.028042864692850385
2026-04-09,3,182,182,0.027992621297305748
2026-04-09,4,182,182,0.021070584323012467
2026-04-09,5,182,182,0.04508343406658622
2026-04-10,1,182,182,0.14514016767670074
2026-04-10,2,182,182,0.043840180549512664
2026-04-10,3,182,182,0.033477689032777584
2026-04-10,4,182,182,0.03038207160369307
2026-04-10,5,182,182,0.057485736131812154
2026-04-13,1,182,182,0.10458999206589009
2026-04-13,2,182,182,0.008283676709693672
2026-04-13,3,182,182,-0.005281367120943172
2026-04-13,4,182,182,0.003443155821092905
2026-04-13,5,182,182,0.022306804159213208
2026-04-14,1,183,183,0.06987301096650662
2026-04-14,2,183,183,-0.015116206604890528
2026-04-14,3,182,182,-0.01755556508866472
2026-04-14,4,183,183,-0.029096728849074778
2026-04-14,5,182,182,0.007493318782339639
2026-04-15,1,183,183,0.07757265370614722
2026-04-15,2,183,183,-0.005853054819683674
2026-04-15,3,182,182,-0.021008790211519864
2026-04-15,4,183,183,-0.010628353516011692
2026-04-15,5,182,182,-0.0021117466855874577
2026-04-16,1,183,183,0.04649890474929535
2026-04-16,2,182,182,-0.0031781138068893277
2026-04-16,3,183,183,-0.017266299847880064
2026-04-16,4,182,182,-0.0004277905830702306
2026-04-16,5,182,182,0.002007775987391583
2026-04-17,1,183,183,0.05160274608695775
2026-04-17,2,183,182,0.0027935375278106203
2026-04-17,3,182,182,-0.0273110890116644
2026-04-17,4,183,183,-0.014610385699716413
2026-04-17,5,182,182,0.004283882179385548
2026-04-20,1,183,182,0.014440918559162443
2026-04-20,2,182,182,-0.020934002198346947
2026-04-20,3,183,183,-0.031216254982046426
2026-04-20,4,182,182,-0.03336022343341822
2026-04-20,5,182,182,-0.027856812437292336
2026-04-21,1,183,183,0.03299475747886691
2026-04-21,2,182,182,-0.01424068558730653
2026-04-21,3,182,182,-0.02986063272955326
2026-04-21,4,182,182,-0.018158284223215426
2026-04-21,5,182,182,-0.00346658822496616
2026-04-22,1,183,183,0.017965129286154822
2026-04-22,2,183,183,-0.03814759832562135
2026-04-22,3,182,182,-0.03123525463614509
2026-04-22,4,183,182,-0.03163341998431071
2026-04-22,5,182,182,-0.014507000419412401
2026-04-23,1,182,182,0.021543675082630595
2026-04-23,2,182,182,-0.023912087953144343
2026-04-23,3,182,182,-0.030762770067650894
2026-04-23,4,182,182,-0.005525946715918028
2026-04-23,5,181,181,-0.007002152314410116
2026-04-24,1,182,180,-0.014724830681034771
2026-04-24,2,182,182,-0.025478177482749956
2026-04-24,3,182,182,-0.027045979145059736
2026-04-24,4,182,182,-0.02499519276513693
2026-04-24,5,182,182,-0.01885099581149081
2026-04-27,1,182,182,0.02000110113901785
2026-04-27,2,182,182,-0.013982258028266007
2026-04-27,3,182,182,-0.03613703348004737
2026-04-27,4,182,182,-0.037097713727201005
2026-04-27,5,181,181,-0.004371204344175987
2026-04-28,1,182,180,0.0088220679337531
2026-04-28,2,182,181,-0.024861271487941525
2026-04-28,3,182,182,-0.04272104125374061
2026-04-28,4,182,182,-0.03272020384326923
2026-04-28,5,181,181,-0.022314204593881462
2026-04-29,1,182,179,-0.01779660277654468
2026-04-29,2,182,182,-0.018154763024876272
2026-04-29,3,181,181,-0.035001936644133175
2026-04-29,4,182,182,-0.04764646119989438
2026-04-29,5,181,179,-0.02608258059727582
2026-04-30,1,181,180,-0.026957101085143934
2026-04-30,2,181,181,-0.04564138561748962
2026-04-30,3,181,181,-0.03987302921043255
2026-04-30,4,181,181,-0.04812562965960168
2026-04-30,5,181,181,-0.0400619213790666
2026-05-06,1,182,181,-0.04810825396519162
2026-05-06,2,181,181,-0.04873894869372819
2026-05-06,3,181,181,-0.07218728623001962
2026-05-06,4,181,181,-0.07132672754475344
2026-05-06,5,181,181,-0.05670618511856851
2026-05-07,1,182,182,-0.05362559083379078
2026-05-07,2,182,182,-0.052281574689401325
2026-05-07,3,182,182,-0.07820927911156206
2026-05-07,4,182,182,-0.07127853197524665
2026-05-07,5,181,181,-0.06631471990889297
2026-05-08,1,182,182,-0.10696995716873885
2026-05-08,2,182,182,-0.0793776979137837
2026-05-08,3,182,182,-0.0925909068417441
2026-05-08,4,182,182,-0.10347972192642597
2026-05-08,5,181,181,-0.0874126896518075
2026-05-11,1,182,182,-0.08695164124723616
2026-05-11,2,182,182,-0.09474109479432372
2026-05-11,3,182,182,-0.09990818501804358
2026-05-11,4,182,182,-0.10560334202835825
2026-05-11,5,182,182,-0.09825881086868707
2026-05-12,1,182,182,-0.08043431928786098
2026-05-12,2,182,182,-0.07425363474856538
2026-05-12,3,181,181,-0.10377525595422198
2026-05-12,4,182,182,-0.1079149404648411
2026-05-12,5,181,181,-0.07643213504355008
2026-05-13,1,182,182,-0.1033945207485963
2026-05-13,2,182,182,-0.0826695404474712
2026-05-13,3,182,182,-0.1015829849097689
2026-05-13,4,182,182,-0.1089732974939229
2026-05-13,5,181,181,-0.11472035665422414
2026-05-14,1,182,182,-0.08084692252341645
2026-05-14,2,181,181,-0.05317082345362471
2026-05-14,3,181,181,-0.08241648007977473
2026-05-14,4,181,181,-0.09765167127582945
2026-05-14,5,181,181,-0.07987714371398834
2026-05-15,1,181,181,-0.062082408259869035
2026-05-15,2,181,181,-0.02817114990691155
2026-05-15,3,181,181,-0.04935779452441487
2026-05-15,4,181,181,-0.08013805285112072
2026-05-15,5,180,180,-0.048467766104686436
2026-05-18,1,181,181,-0.019578724699395606
2026-05-18,2,181,181,-0.0345140077220421
2026-05-18,3,181,181,-0.04102183802014619
2026-05-18,4,181,181,-0.06434670990882815
2026-05-18,5,180,180,-0.04206418046159836
2026-05-19,1,181,181,-0.011492665446334113
2026-05-19,2,181,181,-0.0320943329494246
2026-05-19,3,181,181,-0.05346159234326528
2026-05-19,4,181,181,-0.07199670787106945
2026-05-19,5,180,180,-0.05873234631580311
2026-05-20,1,181,181,-0.014994025058045798
2026-05-20,2,180,180,-0.04899237958688934
2026-05-20,3,181,181,-0.06003906915755622
2026-05-20,4,180,180,-0.08043470531362848
2026-05-20,5,180,180,-0.04638527348050603
2026-05-21,1,180,180,0.03455990849624922
2026-05-21,2,180,180,-0.02851960773884516
2026-05-21,3,180,180,-0.06379291107781027
2026-05-21,4,180,180,-0.06232857378859157
2026-05-21,5,180,180,-0.04812577490153343
2026-05-22,1,180,180,0.017622250421476186
2026-05-22,2,180,180,-0.018260617809757712
2026-05-22,3,180,180,-0.039006010867575984
2026-05-22,4,180,180,-0.06562110528535287
2026-05-22,5,180,180,-0.0439212685216176
2026-05-25,1,180,180,0.010641939532459595
2026-05-25,2,180,180,-0.045208400162475335
2026-05-25,3,180,180,-0.0362736418869881
2026-05-25,4,180,180,-0.06282933695904883
2026-05-25,5,180,180,-0.05604121545694158
2026-05-26,1,180,180,0.05115467460233331
2026-05-26,2,180,180,-0.05816767737555225
2026-05-26,3,180,180,-0.06435887824288866
2026-05-26,4,180,180,-0.07352909549846806
2026-05-26,5,180,180,-0.05572932338065307
2026-05-27,1,180,180,0.04955703855161958
2026-05-27,2,179,179,-0.019851504903932893
2026-05-27,3,180,180,-0.05128961137811861
2026-05-27,4,179,179,-0.06428146489882092
2026-05-27,5,179,179,-0.04829177212749232
2026-05-28,1,180,180,0.030952996528409788
2026-05-28,2,179,179,-0.06396955959352257
2026-05-28,3,179,179,-0.07539837764457305
2026-05-28,4,179,179,-0.08320255488472272
2026-05-28,5,179,178,-0.09360565212285224
2026-05-29,1,179,178,0.0711664782199045
2026-05-29,2,179,179,-0.05642096416675322
2026-05-29,3,179,179,-0.0612245151146302
2026-05-29,4,179,178,-0.07953579601293133
2026-05-29,5,179,179,-0.07217970240017249
2026-06-01,1,180,180,0.08920779291347489
2026-06-01,2,180,180,-0.05533388377178456
2026-06-01,3,179,179,-0.087053061264085
2026-06-01,4,180,179,-0.08493668795735222
2026-06-01,5,179,179,-0.05399897508869775
2026-06-02,1,180,180,0.05791514694066215
2026-06-02,2,179,179,-0.021057762419637794
2026-06-02,3,179,179,-0.06071602681703162
2026-06-02,4,179,179,-0.04768249065363143
2026-06-02,5,179,178,-0.05095389729862003
2026-06-03,1,179,179,0.06016736682212972
2026-06-03,2,179,179,-0.010244333597568097
2026-06-03,3,179,179,-0.03026086077932445
2026-06-03,4,179,179,-0.056657050725250305
2026-06-03,5,179,178,-0.036834395371840634
2026-06-04,1,179,179,0.041265135501289206
2026-06-04,2,179,179,0.0006900085927194572
2026-06-04,3,179,179,-0.006901186338690319
2026-06-04,4,179,179,-0.034078179889037094
2026-06-04,5,179,179,-0.023105290112981375
2026-06-05,1,179,179,0.05480046925499748
2026-06-05,2,179,179,0.011017580591403368
2026-06-05,3,179,179,-0.00409641791987593
2026-06-05,4,179,179,-0.02689352955659901
2026-06-05,5,179,179,-0.015445864554507952
2026-06-08,1,179,179,0.012232039486168848
2026-06-08,2,178,178,0.000399772763782257
2026-06-08,3,179,179,-0.010119076780532504
2026-06-08,4,178,178,-0.04783505596980276
2026-06-08,5,178,178,-0.03427999965869914
2026-06-09,1,179,179,-0.03166802516063918
2026-06-09,2,179,179,2.1851947240494092e-05
2026-06-09,3,179,179,-0.020199223992789887
2026-06-09,4,179,179,-0.04687227481028541
2026-06-09,5,178,178,-0.040311826792535234
2026-06-10,1,179,179,0.008412220424134167
2026-06-10,2,178,178,-0.014124640527976741
2026-06-10,3,178,178,-0.01994866836468002
2026-06-10,4,178,178,-0.044064178757865086
2026-06-10,5,178,178,-0.021423907249410904
2026-06-11,1,179,179,-0.030567103601733734
2026-06-11,2,178,178,-0.005604710457901011
2026-06-11,3,178,178,-0.012063460028871039
2026-06-11,4,178,178,-0.028389163567523305
2026-06-11,5,178,178,-0.03906585847958131
2026-06-12,1,179,179,-0.06143575479480639
2026-06-12,2,178,178,-0.042668542193544275
2026-06-12,3,179,179,-0.029098301987622612
2026-06-12,4,178,178,-0.06915772032145169
2026-06-12,5,178,178,-0.07803462578584179
2026-06-15,1,179,179,-0.06790915513564381
2026-06-15,2,178,178,-0.038915119502196005
2026-06-15,3,179,179,-0.025183955438525522
2026-06-15,4,178,178,-0.05808244741456228
2026-06-15,5,178,178,-0.08298192395294263
2026-06-16,1,179,179,-0.11437740415942672
2026-06-16,2,178,178,-0.009637491359302695
2026-06-16,3,179,179,-0.0015578331325908506
2026-06-16,4,178,178,-0.04865291884685461
2026-06-16,5,178,178,-0.08342907393965517
2026-06-17,1,179,179,-0.1313811490155432
2026-06-17,2,178,178,-0.009279669036923099
2026-06-17,3,179,179,0.012915169952647285
2026-06-17,4,178,178,-0.02972571246174145
2026-06-17,5,178,178,-0.07064480343763928
2026-06-18,1,178,178,-0.19427223116508877
2026-06-18,2,178,178,-0.031211300164356335
2026-06-18,3,178,178,0.010979195509428361
2026-06-18,4,178,178,-0.03728374314627141
2026-06-18,5,178,178,-0.07656304302873554
2026-06-22,1,179,179,-0.24299728688760386
2026-06-22,2,178,178,-0.06259288462993086
2026-06-22,3,179,179,0.002966758855973798
2026-06-22,4,178,178,-0.030250327897723032
2026-06-22,5,178,178,-0.08317087760193824
2026-06-23,1,179,179,-0.20359017965836737
2026-06-23,2,178,178,-0.04777175180795375
2026-06-23,3,179,179,-0.014410251171704882
2026-06-23,4,178,178,-0.03151048446045153
2026-06-23,5,178,178,-0.054377481515666834
2026-06-24,1,178,178,-0.23222183684342687
2026-06-24,2,178,178,-0.029540165236192774
2026-06-24,3,178,178,0.008121653250809768
2026-06-24,4,178,178,-0.005197903686339353
2026-06-24,5,178,177,-0.041000681944127815
2026-06-25,1,178,178,-0.22379171476308857
2026-06-25,2,178,178,-0.024666516368685464
2026-06-25,3,178,178,0.01898682988181288
2026-06-25,4,178,178,0.006116944692583127
2026-06-25,5,177,176,-0.026122235780024053
2026-06-26,1,178,178,-0.23046981902660268
2026-06-26,2,177,176,-0.008352360391501012
2026-06-26,3,177,177,0.01901410588287885
2026-06-26,4,177,177,0.012105167476983359
2026-06-26,5,177,176,-0.014124336111654416
2026-06-29,1,177,177,-0.19610642573363207
2026-06-29,2,177,177,-0.01560459087555846
2026-06-29,3,177,177,0.014307973757405293
2026-06-29,4,177,177,0.03477549034766807
2026-06-29,5,176,175,-0.004531232040401132
2026-06-30,1,177,177,-0.22506871083216962
2026-06-30,2,176,176,-0.021966504498212514
2026-06-30,3,176,176,0.027094724882114455
2026-06-30,4,176,176,0.04839989769303221
2026-06-30,5,176,175,-0.0042214549325119855
2026-07-01,1,178,178,-0.2118734274237418
2026-07-01,2,178,178,-0.03867290970892205
2026-07-01,3,178,178,0.03075763347305193
2026-07-01,4,178,178,0.03142835123227381
2026-07-01,5,177,177,0.0020310689530192673
2026-07-02,1,178,178,-0.2175666992551945
2026-07-02,2,177,177,-0.025672672436003376
2026-07-02,3,177,177,0.017324706907923378
2026-07-02,4,177,177,0.02697314607276362
2026-07-02,5,177,177,-0.0029563655883989076
2026-07-03,1,178,178,-0.21134369420553245
2026-07-03,2,177,177,-0.03521715801354457
2026-07-03,3,177,177,0.04300238442022342
2026-07-03,4,177,177,0.031166103956304446
2026-07-03,5,177,177,-0.015501869434799333
2026-07-06,1,180,180,-0.17443922192701256
2026-07-06,2,180,180,-0.023505428020282177
2026-07-06,3,179,179,0.032886787679293344
2026-07-06,4,180,180,0.04918600895427658
2026-07-06,5,179,179,0.01843291562734097
2026-07-07,1,179,179,-0.14556412439421243
2026-07-07,2,179,179,-0.005179127009910948
2026-07-07,3,179,179,0.05461418306553599
2026-07-07,4,179,179,0.062286985788037715
2026-07-07,5,179,179,0.03644458917448373
2026-07-08,1,179,179,-0.08874210039829848
2026-07-08,2,179,179,0.0222331833745823
2026-07-08,3,179,179,0.05846451307853537
2026-07-08,4,179,179,0.06879838666814034
2026-07-08,5,178,178,0.0575970038515603
2026-07-09,1,179,179,-0.10405678391438225
2026-07-09,2,179,179,0.03526622821064611
2026-07-09,3,179,179,0.06989382848876106
2026-07-09,4,179,179,0.053897033268713486
2026-07-09,5,178,178,0.056767581631946104
2026-07-10,1,180,180,-0.05824762396086323
2026-07-10,2,179,179,0.044713718990880745
2026-07-10,3,179,179,0.047703037284612844
2026-07-10,4,179,179,0.048884561923778706
2026-07-10,5,179,179,0.051355573377220264
2026-07-13,1,179,179,-0.019179574983643092
2026-07-13,2,179,178,0.05704397117768297
2026-07-13,3,179,179,0.08051164772927065
2026-07-13,4,179,179,0.08007224887538526
2026-07-13,5,179,179,0.09186955527827277
2026-07-14,1,179,179,-0.02911860912739443
2026-07-14,2,179,178,0.04805357730164902
2026-07-14,3,179,179,0.05907787111833234
2026-07-14,4,179,179,0.06482291243424369
2026-07-14,5,179,179,0.05471633923173287
2026-07-15,1,180,180,0.026236229168910944
2026-07-15,2,180,180,0.05629487939486024
2026-07-15,3,180,179,0.04656872221928807
2026-07-15,4,180,180,0.06355069025767429
2026-07-15,5,179,179,0.057835313103793584
2026-07-16,1,181,181,0.028133949051553853
2026-07-16,2,180,180,0.04783866529652049
2026-07-16,3,180,180,0.035637385592261484
2026-07-16,4,180,179,0.0425300280236637
2026-07-16,5,180,180,0.033812409388928995
2026-07-17,1,180,180,0.07732546811618582
2026-07-17,2,179,179,0.08111373616494616
2026-07-17,3,180,180,0.053131687461030246
2026-07-17,4,179,178,0.06235923595438985
2026-07-17,5,179,179,0.058774594067350125
2026-07-20,1,180,180,0.16168911211363032
2026-07-20,2,180,179,0.09764926707905096
2026-07-20,3,179,179,0.055699847796734835
2026-07-20,4,180,180,0.052661776591803725
2026-07-20,5,179,179,0.08282510343324208
2026-07-21,1,179,179,0.10501170244501978
2026-07-21,2,179,179,0.07136570374220864
2026-07-21,3,179,178,0.06546139812257205
2026-07-21,4,179,179,0.04468712807958666
2026-07-21,5,179,179,0.05483677766461871
2026-07-22,1,179,178,0.07032564625829633
2026-07-22,2,179,177,0.05228685710934741
2026-07-22,3,179,179,0.0499965052353521
2026-07-22,4,179,179,0.04891629450448886
2026-07-22,5,179,179,0.0422496717441545
2026-07-23,1,180,179,0.06618288913463263
2026-07-23,2,179,179,0.0429841590406591
2026-07-23,3,179,178,0.03705598035943787
2026-07-23,4,179,179,0.03478257632487012
2026-07-23,5,179,179,0.03953020706055687
2026-07-24,1,179,178,0.09559925209222397
2026-07-24,2,178,178,0.06214260575738188
2026-07-24,3,179,179,0.05772845703422981
2026-07-24,4,178,177,0.056263071568717106
2026-07-24,5,178,178,0.06328852332786084
2026-07-27,1,180,180,0.03257405137130844
2026-07-27,2,179,179,0.042427881683873105
2026-07-27,3,180,180,0.033592998043542086
2026-07-27,4,179,178,0.029273850786127393
2026-07-27,5,179,179,0.03506015717946786
2026-07-28,1,180,180,0.0626758937616705
2026-07-28,2,180,180,0.03799804227336735
2026-07-28,3,179,179,0.045648654999527076
2026-07-28,4,180,179,0.03299194703477033
2026-07-28,5,179,178,0.05204124064190738
2026-07-29,1,181,181,0.07566091223658855
2026-07-29,2,181,181,0.03041031563692959
2026-07-29,3,180,180,0.01758002084071321
2026-07-29,4,181,180,0.04628060156909047
2026-07-29,5,180,180,0.04457167162927305
2026-07-30,1,181,181,0.1215712185635249
2026-07-30,2,181,181,0.0406139978194394
2026-07-30,3,181,181,0.034322608925907556
2026-07-30,4,181,181,0.03584923030889989
2026-07-30,5,180,179,0.0426496580400111
2026-07-31,1,182,182,0.09723997251438046
2026-07-31,2,181,181,0.03205983669328162
2026-07-31,3,182,182,0.03576314485318141
2026-07-31,4,181,181,0.011424044334011094
2026-07-31,5,181,180,0.04363039940726875
2026-08-03,1,182,182,0.10843445065294857
2026-08-03,2,182,182,0.03045882986588397
2026-08-03,3,181,181,0.004987448790344619
2026-08-03,4,182,182,0.01799420824001268
2026-08-03,5,181,180,0.03052812608346754
2026-08-04,1,181,181,0.06815834621894547
2026-08-04,2,181,181,0.0325899271730242
2026-08-04,3,181,181,0.02170190900287288
2026-08-04,4,181,181,0.019551786248896787
2026-08-04,5,180,180,0.02577926422645003
2026-08-05,1,181,181,0.0408517477838538
2026-08-05,2,181,181,0.011766152595901882
2026-08-05,3,181,181,0.013319489814432454
2026-08-05,4,181,181,0.005124938702759014
2026-08-05,5,180,180,0.01531762649769297
2026-08-06,1,181,181,0.015501808806931916
2026-08-06,2,181,181,0.018334914377331726
2026-08-06,3,181,181,0.008668932988015514
2026-08-06,4,181,181,0.009892258439367476
2026-08-06,5,181,181,0.009995689674172708
2026-08-07,1,181,181,-0.03151887177812085
2026-08-07,2,181,181,0.010758801125461527
2026-08-07,3,181,181,0.015473137310549698
2026-08-07,4,181,181,0.011477256541250284
2026-08-07,5,181,181,0.0024951559083016685
2026-08-10,1,182,181,-0.003381476849053208
2026-08-10,2,181,181,-0.0007370603004020245
2026-08-10,3,182,182,-0.006366354508492934
2026-08-10,4,181,181,0.010810969099683891
2026-08-10,5,181,181,-0.0010710435203684441
2026-08-11,1,181,181,-0.008685908422447113
2026-08-11,2,181,181,0.013672514931248278
2026-08-11,3,181,181,0.008886393893767549
2026-08-11,4,181,181,0.015832358333020036
2026-08-11,5,181,181,0.01844828231265945
2026-08-12,1,181,181,-0.035597741840818285
2026-08-12,2,181,181,0.0019345184668900042
2026-08-12,3,181,181,-0.00738649460458919
2026-08-12,4,181,181,0.009440055658544335
2026-08-12,5,181,181,-0.0016979066024635605
2026-08-13,1,182,182,-0.047125021373944594
2026-08-13,2,181,181,0.010327533605520668
2026-08-13,3,182,182,0.0031067625177864967
2026-08-13,4,181,181,0.006165884335685027
2026-08-13,5,181,181,-0.01622374903871728
2026-08-14,1,180,180,-0.062347353804436303
2026-08-14,2,180,180,-0.01615076967216548
2026-08-14,3,180,180,-0.010240419682479018
2026-08-14,4,180,179,-0.010829795902692299
2026-08-14,5,179,179,-0.013271961950578491
2026-08-17,1,181,181,-0.06878250450273724
2026-08-17,2,180,180,-0.014104332907510049
2026-08-17,3,181,180,-0.016793788933843257
2026-08-17,4,180,179,-0.021166315739348993
2026-08-17,5,180,180,-0.011532421662087521
2026-08-18,1,181,181,-0.048271949589976236
2026-08-18,2,180,180,-0.029275255241643268
2026-08-18,3,180,179,-0.02370340481326565
2026-08-18,4,180,179,-0.0216933938246405
2026-08-18,5,180,180,-0.015964706851762763
