date,assets_total,factor_count,factor_coverage,valid_pairs,ic,rank_ic,factor_mean,factor_std,factor_min,factor_max
2023-01-03,1000,904,0.904,904,0.04352734807823554,0.049999384781841856,0.0,0.9999999999999996,-3.3597738830924073,5.591671925908805
2023-01-04,1000,905,0.905,905,0.017289602260575885,0.014485537285999332,-2.355390284287625e-17,1.0,-3.3750796548206288,5.544686746871501
2023-01-05,1000,906,0.906,906,0.03146140357027388,0.03905499733636201,7.842635052539737e-18,0.9999999999999993,-3.362721307859284,5.55274140453752
2023-01-06,1000,906,0.906,905,0.0577937185685183,0.07862446540430713,0.0,0.999999999999999,-3.330234225903755,5.518670669382472
2023-01-09,1000,905,0.905,905,0.0679680512839067,0.0835272179313718,-7.851300947625417e-18,0.9999999999999988,-3.3486639434028977,4.185248241007511
2023-01-10,1000,905,0.905,905,0.10040271471139746,0.12923494530014557,-1.1776951421438125e-17,0.9999999999999999,-3.3688774217818276,4.240427995570014
2023-01-11,1000,903,0.903,902,0.10057813432357592,0.12359914101723637,-3.1474761273980073e-17,1.0000000000000002,-3.4065715518193507,4.250030197176928
2023-01-12,1000,902,0.902,902,0.13170652128194932,0.15850326539416618,7.87741392195233e-18,1.0000000000000004,-3.346316653554709,4.222170694508232
2023-01-13,1000,902,0.902,902,0.1428040941969115,0.18533182395407002,0.0,1.0000000000000002,-3.389210371494575,4.208536936584813
2023-01-16,1000,905,0.905,905,0.15414772887153808,0.20394942806805946,1.5702601895250834e-17,1.0000000000000004,-3.485680607246774,4.29954695953043
2023-01-17,1000,906,0.906,906,0.17968264124280972,0.23541303605567865,7.842635052539737e-18,1.0000000000000002,-3.4714130925217734,4.339147813798331
2023-01-18,1000,909,0.909,909,0.1683397759561834,0.22529941191260047,6.253401414830364e-17,0.9999999999999994,-3.46154668877616,4.312035546135622
2023-01-19,1000,907,0.907,907,0.17124763112183758,0.21735789421212187,0.0,1.0,-3.4384627858526655,4.2909563700900675
2023-01-20,1000,912,0.912,912,0.17482965917630613,0.22950575530575595,-3.895519384649672e-18,1.000000000000001,-3.493333285254943,4.2752782349383
2023-01-30,1000,913,0.913,913,0.18167945640422203,0.23877126339601554,-7.782505320483025e-18,1.0,-3.491038332533445,4.261400561036397
2023-01-31,1000,914,0.914,914,0.18133557404051712,0.23128910528235985,-1.5547981088842454e-17,1.0000000000000002,-3.469185538110037,4.217375542321412
2023-02-01,1000,916,0.916,916,0.1837890922030234,0.2414559680276733,1.5514033531879916e-17,1.0000000000000004,-3.5023704308801777,4.250584978554055
2023-02-02,1000,917,0.917,917,0.221067828176105,0.2805273001135669,1.549711528375355e-17,0.9999999999999994,-3.4992620957518237,4.258745761424301
2023-02-03,1000,919,0.919,918,0.2737637494489632,0.32462504888739646,7.731694621981504e-18,1.0,-3.494564715340572,4.285008920329498
2023-02-06,1000,918,0.918,917,0.26559219671410267,0.3225315847466373,-4.644070168366668e-17,1.0000000000000007,-3.4710625439260054,4.348787424561534
2023-02-07,1000,919,0.919,918,0.2539579098384981,0.29946522483989174,0.0,0.9999999999999993,-3.507770183892711,4.3231834458550065
2023-02-08,1000,919,0.919,918,0.2599256359586871,0.3121601222785152,-7.731694621981504e-18,0.9999999999999989,-3.513578596586537,4.34931059733932
2023-02-09,1000,921,0.921,920,0.26547305860116255,0.3109078080494674,0.0,0.9999999999999996,-3.5049844617740438,4.3514888698460386
2023-02-10,1000,921,0.921,921,0.23953450958817366,0.27600243691402887,-1.5429809679915314e-17,1.0000000000000004,-3.4924521845369236,4.33500986019726
2023-02-13,1000,920,0.92,920,0.22169020231549288,0.2681134532801081,-7.723290606088046e-18,0.9999999999999988,-3.2967591192008587,4.332503691540694
2023-02-14,1000,921,0.921,921,0.20993533744522308,0.24932437980864142,0.0,1.0000000000000002,-3.295194840913926,4.328143844429369
2023-02-15,1000,922,0.922,922,0.23893031868443193,0.2657678352681375,0.0,0.9999999999999996,-3.2869494755320163,4.360340220430757
2023-02-16,1000,922,0.922,922,0.23694708435742998,0.26941407436533676,1.541307452841866e-17,1.0000000000000004,-3.2848827321112672,4.278124966735066
2023-02-17,1000,922,0.922,922,0.21932534142621746,0.25760017345559033,0.0,0.9999999999999997,-3.2779577858006994,4.370818332330519
2023-02-20,1000,926,0.926,926,0.20609323430892673,0.2653025062168094,2.301974305918251e-17,1.0000000000000002,-3.4390549626577176,5.733367876492121
2023-02-21,1000,931,0.931,931,0.14739525594373803,0.19481695370152832,-1.144805696713373e-17,0.9999999999999999,-3.374880707278563,5.655228967728381
2023-02-22,1000,930,0.93,930,0.15328988476330288,0.20191052776630572,7.640244470538712e-18,1.0000000000000002,-3.237021038057708,5.680119424907548
2023-02-23,1000,929,0.929,929,0.14475798556273925,0.19867036955120468,0.0,0.9999999999999988,-3.2008333300768985,5.661012452957614
2023-02-24,1000,929,0.929,929,0.12973532645510003,0.1929841724214295,-7.648468630356298e-18,0.9999999999999996,-3.1923876017671233,5.67789484087452
2023-02-27,1000,924,0.924,924,0.12516801393323493,0.18408842294497926,3.844928223810066e-18,1.0000000000000007,-3.173386928964329,5.5864972285284775
2023-02-28,1000,927,0.927,927,0.12486829064392017,0.18642487957813716,-4.2157335994396454e-17,1.0000000000000002,-3.1690119232860963,5.675078874220458
2023-03-01,1000,930,0.93,930,0.10820600277875041,0.1624580577526341,2.2920733411616135e-17,0.9999999999999992,-3.3581171535122434,5.614929272562078
2023-03-02,1000,930,0.93,930,0.0761152466019508,0.11393323776023577,3.820122235269356e-18,1.0000000000000009,-3.3530188042526,5.6906324530512205
2023-03-03,1000,931,0.931,930,0.04394347816144802,0.09149556798860767,0.0,0.9999999999999999,-3.3423403461692693,5.675845594132033
2023-03-06,1000,929,0.929,929,0.040678704631788555,0.09123827228339591,-1.5296937260712597e-17,1.0000000000000004,-3.269528666905977,5.6853311149526515
2023-03-07,1000,927,0.927,927,0.057759791137537375,0.12263587486415178,2.2994910542398065e-17,0.9999999999999997,-3.2020174002185398,5.666968639389576
2023-03-08,1000,928,0.928,928,0.04318369631190147,0.10681598352482789,2.2970131543968756e-17,0.9999999999999998,-3.1855194561051956,5.692949152253452
2023-03-09,1000,928,0.928,928,0.02805224497027076,0.07686905024290508,1.914177628664063e-17,0.9999999999999993,-3.176508252827186,5.7192681915361945
2023-03-10,1000,923,0.923,923,0.0518553304735472,0.10421367169492524,3.8490939098596974e-18,0.9999999999999998,-3.128898154382412,5.711769636510191
2023-03-13,1000,922,0.922,922,0.05773592382861453,0.12461676033329064,0.0,1.0,-3.189833702641021,5.719058840002424
2023-03-14,1000,922,0.922,922,0.07738246013760344,0.15281495068518727,-1.541307452841866e-17,1.0,-3.174344281545357,5.661836602198636
2023-03-15,1000,925,0.925,925,0.05412448987124699,0.1109846806331352,-1.9203857723245952e-17,0.9999999999999996,-3.205872776513608,5.805649037884059
2023-03-16,1000,921,0.921,920,0.03359503127617212,0.08556425128338714,3.8574524199788285e-18,0.9999999999999999,-3.1434270131040183,5.742843140961202
2023-03-17,1000,922,0.922,922,0.024421644179729692,0.05541722737203593,-1.541307452841866e-17,1.0000000000000002,-3.1012661418091954,5.760941916182175
2023-03-20,1000,921,0.921,921,0.024963961873220804,0.05880587577669693,-7.714904839957657e-18,0.9999999999999997,-3.1157448681616735,5.677697404254243
2023-03-21,1000,922,0.922,922,0.05487671584790766,0.1119714222417453,1.1559805896313994e-17,0.9999999999999999,-3.1514195621919625,5.802696768696568
2023-03-22,1000,923,0.923,923,0.05917300571448511,0.11746418081168329,7.698187819719395e-18,0.9999999999999992,-3.1822842265066478,5.791074596493535
2023-03-23,1000,921,0.921,921,0.06919440284720584,0.11442253057610093,-3.8574524199788285e-18,0.9999999999999992,-3.158874252708807,5.78143326263414
2023-03-24,1000,924,0.924,924,0.07339760175639536,0.11566532879626393,0.0,0.9999999999999994,-3.203304725453794,5.927955140710009
2023-03-27,1000,918,0.918,918,0.09969040348108214,0.14224893925982254,1.935029236819445e-17,1.0000000000000004,-3.1780215218829473,5.838619287447918
2023-03-28,1000,917,0.917,914,0.09421831585577584,0.1354926311405526,1.549711528375355e-17,1.0,-3.170410189276387,5.782930889503309
2023-03-29,1000,912,0.912,910,0.10715730559593883,0.12539425443405985,0.0,0.9999999999999998,-3.150813906371594,5.763080951258441
2023-03-30,1000,910,0.91,908,0.11369774728227514,0.16008153518880375,0.0,0.9999999999999997,-3.146307464624543,5.744297212128269
2023-03-31,1000,908,0.908,907,0.14240268768438827,0.1820414613558087,2.347608157797688e-17,1.0000000000000007,-3.1847767984175004,5.855231822962954
2023-04-03,1000,910,0.91,909,0.157129253740647,0.18262302115957116,2.3424485794289017e-17,1.0,-3.1973106158739606,5.906285757129964
2023-04-04,1000,911,0.911,910,0.17283837918183126,0.21091247636490537,2.339877285708343e-17,0.9999999999999999,-3.1844728601349965,5.946709657332764
2023-04-06,1000,911,0.911,909,0.19333946224548193,0.23904851150853104,1.5599181904722288e-17,1.0,-3.1501210105123754,5.869648209806653
2023-04-07,1000,911,0.911,909,0.19540564902310115,0.23919433091588194,-7.799590952361144e-18,0.999999999999999,-3.219579374827,5.918395292404571
2023-04-10,1000,909,0.909,907,0.17010011487337534,0.21948946707894654,7.816751768537955e-18,1.0,-3.2551122617356416,5.893730531174678
2023-04-11,1000,911,0.911,909,0.1826371115642806,0.21454142658777042,-7.799590952361144e-18,1.0,-3.2533983929339896,5.882217888248231
2023-04-12,1000,916,0.916,915,0.14139443360323906,0.16914426127914473,-7.757016765939958e-18,1.0,-3.2308624471326586,6.013330414002328
2023-04-13,1000,917,0.917,916,0.12764812023455002,0.15418370129057793,1.1622836462815161e-17,1.0000000000000002,-3.2647485441989974,5.960855350622447
2023-04-14,1000,917,0.917,915,0.1328941022976403,0.16592602033106923,7.748557641876774e-18,0.9999999999999996,-3.2917515605143377,6.017628684406316
2023-04-17,1000,917,0.917,916,0.12609852639935773,0.15859954458113265,3.09942305675071e-17,1.0000000000000007,-3.1976324897551742,5.9632099355471855
2023-04-18,1000,917,0.917,916,0.10059712338067844,0.13690074890870713,0.0,0.9999999999999989,-3.1344686768781034,5.875306091683087
2023-04-19,1000,915,0.915,914,0.10161445112078638,0.12646498806631803,1.1648241569837708e-17,1.0,-3.0772694671434886,5.773788049660724
2023-04-20,1000,915,0.915,915,0.05317115802311385,0.08393202672532553,2.717923032962132e-17,1.0000000000000002,-3.080213869807172,5.78485571066162
2023-04-21,1000,911,0.911,911,0.03482359514432863,0.07448573726810483,-7.799590952361144e-18,1.0000000000000009,-2.8791317312139015,5.449890494275715
2023-04-24,1000,911,0.911,911,0.025171577350177797,0.0640486261711519,-7.799590952361144e-18,1.0000000000000007,-2.8707197608941186,5.426798214017365
2023-04-25,1000,911,0.911,911,0.007422963723923225,0.05050086691862646,-1.949897738090286e-17,0.9999999999999999,-2.8206141279040895,5.489574892897056
2023-04-26,1000,912,0.912,910,0.0520337616405606,0.08905620888346664,-7.791038769299344e-18,1.0,-2.9059038665175176,5.634336080115517
2023-04-27,1000,910,0.91,909,0.05367083444083754,0.08890355880249719,2.3424485794289017e-17,0.9999999999999997,-2.8967179348927923,5.671826856378479
2023-04-28,1000,913,0.913,912,0.055583812787278496,0.08980082452962083,3.8912526602415124e-18,1.0,-2.9304984989087886,5.716558262387811
2023-05-04,1000,913,0.913,913,0.03019923133155205,0.05592084064884187,3.8912526602415124e-18,0.9999999999999989,-2.901288419947954,5.533915406517584
2023-05-05,1000,913,0.913,913,-8.753635172700558e-05,0.02594300171681521,1.1673757980724537e-17,0.9999999999999993,-2.874288315768694,5.516577074760875
2023-05-08,1000,917,0.917,917,-0.04491597120778229,-0.04216426016199078,-7.748557641876774e-18,1.0000000000000002,-2.7763854677349227,5.29221727266438
2023-05-09,1000,916,0.916,915,-0.061843246687387624,-0.06449808572095492,-1.1635525148909937e-17,1.0,-2.731525650220423,5.2461402068483745
2023-05-10,1000,915,0.915,914,-0.01800350503165713,-0.0013582510707565324,3.882747189945903e-18,1.0000000000000002,-2.806278582260859,5.458315518027161
2023-05-11,1000,916,0.916,915,0.004515810635793318,0.023580457439604973,-2.3271050297819874e-17,0.9999999999999998,-2.849005107180366,5.4107680166465775
2023-05-12,1000,914,0.914,913,-0.009932575612079195,0.0052658417715642555,1.9434976361053068e-17,1.0000000000000004,-2.8328695158051684,5.350557450623344
2023-05-15,1000,915,0.915,914,-0.0038911483622272275,0.006384446083540453,1.9413735949729513e-17,0.9999999999999999,-2.7850637169652717,5.275599813626279
2023-05-16,1000,913,0.913,912,-0.0011158158917679156,0.008212161595289088,0.0,1.0,-2.778123696573217,5.317982802475053
2023-05-17,1000,912,0.912,910,-0.005792140322204222,0.009788915587135367,5.0641752000445734e-17,1.0,-2.7491893060709276,5.342405396038272
2023-05-18,1000,911,0.911,909,-0.0270471279393225,-0.009395404036723726,0.0,1.0000000000000002,-2.704895627135047,5.366073826912455
2023-05-19,1000,908,0.908,907,0.009583631756385975,0.03509831866740641,-1.173804078898844e-17,1.0000000000000004,-2.7160335637855955,5.469949725885646
2023-05-22,1000,907,0.907,906,-0.0027385532176074125,0.01976318170920849,0.0,1.0000000000000002,-2.7310636171675715,5.3040606524075296
2023-05-23,1000,904,0.904,904,-0.010041466087141073,0.010955154825247814,-2.3579958045136068e-17,0.9999999999999996,-2.745036579278751,5.404405362125266
2023-05-24,1000,904,0.904,904,0.020631140511802062,0.049373949535299166,-1.1789979022568034e-17,1.0000000000000004,-2.7465489884294416,5.44147066223344
2023-05-25,1000,904,0.904,904,0.012294357626522577,0.0391741019398985,-1.5719972030090712e-17,0.9999999999999997,-2.7583485407315558,5.421458730318647
2023-05-26,1000,905,0.905,905,0.014481759481339982,0.030839517287698407,0.0,1.0,-2.7317875851440894,5.304392236976635
2023-05-29,1000,903,0.903,903,-0.019271946606805774,-0.021835837303728185,3.934345159247509e-18,1.0000000000000009,-2.7778174455965443,5.304672494617308
2023-05-30,1000,902,0.902,902,-0.025514089240459305,-0.01443557514296942,-7.87741392195233e-18,1.0000000000000004,-2.7830745918797315,5.341517924446357
2023-05-31,1000,900,0.9,900,-0.04029916865327185,-0.03214705203339757,3.947459643111668e-18,0.9999999999999996,-2.78768149176014,5.396584199125357
2023-06-01,1000,901,0.901,900,-0.04042615176699709,-0.037711480208061206,-3.943078444839624e-18,0.9999999999999996,-2.7709744129285006,5.3489742148161845
2023-06-02,1000,901,0.901,900,-0.04089057400975403,-0.014293589721689327,1.5772313779358495e-17,0.9999999999999993,-2.77746553071943,5.332247597024553
2023-06-05,1000,899,0.899,898,-0.03691163917009554,-0.019102292578858822,-2.3711103529258072e-17,1.0,-2.787916717747223,5.341182076998534
2023-06-06,1000,897,0.897,897,-0.01947734607004567,0.012790924009388575,1.1881985547827762e-17,0.999999999999999,-2.8192204439301114,5.299596971929604
2023-06-07,1000,896,0.896,895,-0.01955106205935986,0.00484145169651068,-3.172065784643304e-17,0.9999999999999999,-2.875462638309337,5.3660981499452856
2023-06-08,1000,897,0.897,897,-0.03311798530798857,-0.022720642097065508,7.921323698551841e-18,0.9999999999999999,-2.8328937588505063,5.287263885284009
2023-06-09,1000,895,0.895,895,-0.028664907874057607,-0.017749516742830415,1.9847562451399447e-17,1.0000000000000002,-2.8406227180178556,5.274623059719131
2023-06-12,1000,896,0.896,896,-0.011106678312677948,-0.012534792913052917,2.3790493384824782e-17,1.0000000000000002,-2.8398264364168386,5.231826242634721
2023-06-13,1000,898,0.898,898,0.007929527880802282,0.015131017318638544,-3.956251312695435e-18,0.9999999999999988,-2.829358485588908,5.2354788266667756
2023-06-14,1000,895,0.895,895,0.04126258543102718,0.05672793335067665,2.3817074941679335e-17,0.9999999999999998,-2.8257261246058865,5.272249361598881
2023-06-15,1000,896,0.896,896,0.07111596318066639,0.0987915457750896,7.93016446160826e-18,1.0000000000000002,-2.837556164039765,5.284051780929379
2023-06-16,1000,898,0.898,898,0.08769903637105363,0.11503363608916531,1.9781256563477177e-17,0.9999999999999996,-2.8523631885061436,5.290965723123951
2023-06-19,1000,898,0.898,898,0.1291459123075121,0.1477980576402276,1.9781256563477177e-17,0.9999999999999999,-2.844116875345158,5.2762047537652945
2023-06-20,1000,898,0.898,898,0.1469275368898486,0.1611019775047067,0.0,1.0000000000000009,-2.814047322359326,5.242255004049099
2023-06-21,1000,900,0.9,900,0.1225731688477507,0.14036135847081294,1.973729821555834e-17,1.0000000000000004,-2.7301490145806357,5.1938073959042725
2023-06-26,1000,901,0.901,901,0.12780692929516138,0.1553876196397454,-1.182923533451887e-17,0.9999999999999997,-2.7418991228073226,5.159662090827896
2023-06-27,1000,904,0.904,904,0.13824585344996895,0.15604627574187407,-3.929993007522678e-18,0.9999999999999997,-2.779825816187517,5.20188553982015
2023-06-28,1000,902,0.902,902,0.14646861645151965,0.1599632018696764,-3.938706960976165e-18,1.0000000000000007,-2.7633567795275624,5.258250336474399
2023-06-29,1000,902,0.902,902,0.1567487305764148,0.15605891690804335,-3.938706960976165e-18,0.9999999999999998,-2.769990731068293,5.313322381588224
2023-06-30,1000,906,0.906,906,0.16123958579286682,0.16022899053337988,7.842635052539737e-18,1.0000000000000002,-2.757753540884724,5.292016417195919
2023-07-03,1000,907,0.907,906,0.166582526031301,0.15995246384346007,-7.833988266373762e-18,0.9999999999999999,-2.742090141781031,5.277235565043694
2023-07-04,1000,906,0.906,906,0.19994431363458137,0.18493868238989067,1.5685270105079474e-17,1.0000000000000004,-2.721725346856378,5.265600072656762
2023-07-05,1000,900,0.9,900,0.17100466694760408,0.1671712262973309,-7.894919286223335e-18,1.0000000000000007,-2.737082498528527,5.22701230920927
2023-07-06,1000,899,0.899,899,0.15905627306367104,0.15831059635106068,3.161480470567743e-17,1.000000000000001,-2.7330021274871323,5.294615127648095
2023-07-07,1000,901,0.901,901,0.16081366537202788,0.15501967008447684,7.886156889679247e-18,0.9999999999999996,-2.7137150566446313,5.285943082127699
2023-07-10,1000,900,0.9,900,0.13398129764460337,0.13280813425322396,-3.947459643111668e-18,1.0000000000000002,-2.7631049019145553,5.300522217334066
2023-07-11,1000,900,0.9,900,0.1341990926400495,0.1234530356097772,0.0,1.0000000000000009,-2.7696467589510845,5.305772858759672
2023-07-12,1000,897,0.897,897,0.15325394700145206,0.13662077962220467,0.0,1.0000000000000002,-2.7756583041771377,5.277821286363173
2023-07-13,1000,899,0.899,899,0.14025392068656342,0.12390472043289445,3.9518505882096784e-18,1.0000000000000002,-2.782782662247342,5.214049264946871
2023-07-14,1000,897,0.897,897,0.12916676081994544,0.10509942573410756,1.1881985547827762e-17,0.9999999999999989,-2.7769586183793247,5.258164938086585
2023-07-17,1000,897,0.897,897,0.11320159519037602,0.09150071181774395,-3.960661849275921e-18,1.0000000000000004,-2.760455950817568,5.260273885502105
2023-07-18,1000,897,0.897,897,0.10479177780377671,0.09862319377029774,2.3763971095655524e-17,1.0,-2.75546133024058,5.249931647783926
2023-07-19,1000,896,0.896,896,0.10387732621679152,0.10249077391896473,1.586032892321652e-17,0.9999999999999992,-2.7646107471736805,5.17637289805608
2023-07-20,1000,895,0.895,895,0.08249887593327614,0.08198340897924526,3.969512490279889e-18,0.9999999999999994,-2.762021547452514,5.210503095323939
2023-07-21,1000,897,0.897,897,0.0960685627505963,0.0797695920290031,1.1881985547827762e-17,1.0,-2.764878976589127,5.1659540702449185
2023-07-24,1000,896,0.896,896,0.10399259439994613,0.09565095377880113,-1.1895246692412391e-17,0.9999999999999991,-2.7566120235546316,5.249123280319579
2023-07-25,1000,900,0.9,900,0.08703382221686998,0.10141020564781543,1.1842378929335004e-17,1.000000000000001,-2.800881754954118,5.120314561002256
2023-07-26,1000,908,0.908,908,0.09509550796176902,0.13056815231678215,-5.0864843418949904e-17,1.0000000000000007,-2.908491792131337,5.273974463220075
2023-07-27,1000,909,0.909,909,0.04932415901710998,0.07996035705602461,1.1725127652806934e-17,1.0000000000000002,-2.9052645800034282,5.2545467884595105
2023-07-28,1000,911,0.911,911,0.04038727586152222,0.0852521263147276,7.799590952361144e-18,0.9999999999999996,-2.9360141094888257,5.211219771421442
2023-07-31,1000,913,0.913,912,0.07103217168077194,0.12338210119215881,1.1673757980724537e-17,1.0000000000000002,-3.0130381225532004,5.2923600908562465
2023-08-01,1000,913,0.913,912,-0.02298807558846243,0.024693380207419603,-3.8912526602415124e-18,1.0000000000000004,-2.9494074789927733,5.28993000998039
2023-08-02,1000,916,0.916,915,-0.01837291409475657,0.009577271359969337,2.3271050297819874e-17,0.9999999999999998,-2.950915389618586,5.22694796864835
2023-08-03,1000,915,0.915,914,-0.04575001062407778,-0.014264453511605428,-1.553098875978361e-17,0.9999999999999998,-2.943563641147001,5.174118635048105
2023-08-04,1000,918,0.918,917,-0.02149197181394357,0.003908402643556356,7.74011694727778e-18,1.0000000000000009,-2.9293501882907607,5.217345529336507
2023-08-07,1000,919,0.919,918,0.01895711582087057,0.04367054341910983,-7.731694621981504e-18,1.0,-2.9554529956163025,5.283807255233826
2023-08-08,1000,919,0.919,918,0.011193669844329821,0.03721116164921023,0.0,0.9999999999999999,-2.9637737491638854,5.320145871219011
2023-08-09,1000,921,0.921,920,-0.00596010303564877,0.0344508857362103,-3.8574524199788285e-18,1.0000000000000007,-3.006622168898654,5.3179319947342085
2023-08-10,1000,920,0.92,919,0.008350821845026661,0.05029353516838701,1.1584935909132068e-17,0.9999999999999994,-2.9892292436936696,5.312190425255606
2023-08-11,1000,915,0.915,914,0.0034773636493166823,0.05906490564735991,7.765494379891805e-18,0.9999999999999996,-2.9906691756768584,5.3370813996654975
2023-08-14,1000,916,0.916,916,0.01593563414382435,0.06947477615754674,3.878508382969979e-18,1.0000000000000002,-3.0320501234943453,5.415151576600295
2023-08-15,1000,912,0.912,912,0.007218955376592831,0.05262741171287167,3.895519384649672e-18,0.9999999999999996,-2.993787400536036,5.424362442134616
2023-08-16,1000,913,0.913,913,-0.003334910445378934,0.03201560583979098,1.556501064096605e-17,1.0,-2.940523201623173,5.344796515762072
2023-08-17,1000,915,0.915,915,0.03868725983840904,0.08294303913775312,2.3296483139675416e-17,1.0,-2.953857269739079,5.385014263361446
2023-08-18,1000,913,0.913,913,0.025385125168376828,0.08123097890774324,3.8912526602415124e-18,1.0000000000000007,-2.964374369913003,5.383393072615407
2023-08-21,1000,913,0.913,913,-0.008749216332698284,0.030575955549021906,0.0,0.9999999999999999,-2.8705976241472984,5.081342119335185
2023-08-22,1000,912,0.912,912,0.018696633888569705,0.05411808565445163,-3.1164155077197375e-17,0.9999999999999998,-2.8470059962152234,4.9934647524504525
2023-08-23,1000,912,0.912,912,-0.002778675070016975,0.033111849000246975,1.947759692324836e-17,1.0000000000000002,-2.780586676449883,4.895740589366447
2023-08-24,1000,913,0.913,913,0.02690350135053347,0.0660476890490645,2.3347515961449075e-17,1.0,-2.8084249454337447,4.869632272444939
2023-08-25,1000,910,0.91,910,0.007930479524352307,0.04825702921629125,-1.5616323862859345e-17,1.0,-2.6807813568565257,4.897562144430002
2023-08-28,1000,913,0.913,912,-0.04714874996804152,0.00017149312449293245,-1.556501064096605e-17,1.0000000000000007,-2.8047537127225715,5.144192375115345
2023-08-29,1000,915,0.915,915,0.023876414978493982,0.07980145155750899,1.553098875978361e-17,1.0000000000000007,-2.812258676310858,5.253593239755932
2023-08-30,1000,914,0.914,914,0.02939114012114543,0.09717951441459022,-2.7208966905474295e-17,1.0,-2.781072240158194,5.209278319992357
2023-08-31,1000,911,0.911,911,0.03994371516806604,0.11992306689789153,0.0,1.0,-2.7932652832137466,4.983643401281889
2023-09-01,1000,909,0.909,909,-0.01822282347710231,0.05648408977019849,-7.816751768537955e-18,0.9999999999999993,-2.9669341290465456,5.040635459017355
2023-09-04,1000,912,0.912,912,-0.05416534083647327,0.015571280003308851,-7.791038769299344e-18,1.0000000000000004,-3.0418153944076822,5.139688134222615
2023-09-05,1000,913,0.913,913,-0.05416041421552778,0.021419009307492406,0.0,0.9999999999999993,-3.0102542922162723,5.142242591130201
2023-09-06,1000,915,0.915,915,-0.013655565381827058,0.06898254301001809,3.106197751956722e-17,0.9999999999999999,-2.9764631084098703,5.121768802946007
2023-09-07,1000,913,0.913,913,-0.018008284916765798,0.07062496820828823,-1.1673757980724537e-17,1.0,-2.930087341426699,4.916412701676277
2023-09-08,1000,911,0.911,911,0.010852264979486154,0.0956504927078822,-7.799590952361144e-18,0.9999999999999999,-2.9290078385937415,4.956777377745668
2023-09-11,1000,912,0.912,912,0.003023408814657489,0.08798913264781867,0.0,1.000000000000001,-2.965907971616485,5.142487613697309
2023-09-12,1000,912,0.912,912,-0.004959913738905998,0.0646317758805395,3.895519384649672e-18,0.9999999999999999,-2.9545874229555014,5.153153188373796
2023-09-13,1000,911,0.911,911,-0.011078442357076165,0.0380832114146301,-7.799590952361144e-18,0.9999999999999998,-2.934778600189657,4.9666170699566905
2023-09-14,1000,912,0.912,912,-0.02068622241359557,0.044738122103463944,3.895519384649672e-18,0.9999999999999993,-2.860615709134382,4.845659137470896
2023-09-15,1000,913,0.913,913,-0.03912923617063545,0.01029327507006356,1.556501064096605e-17,1.0,-2.8926011991752416,4.866036455746432
2023-09-18,1000,912,0.912,912,-0.018981516286147596,0.047911291993500756,2.337311630789803e-17,1.0,-2.888369410249172,4.863559502645766
2023-09-19,1000,912,0.912,912,-0.023949447736757966,0.03225754578422513,-3.895519384649672e-18,1.0,-2.863078280951706,4.786810057896955
2023-09-20,1000,912,0.912,912,-0.026919287174502846,0.017189243493820096,-3.895519384649672e-18,1.0,-2.8622882639125153,4.727554130027772
2023-09-21,1000,912,0.912,912,-0.05271090494456978,-0.022537596739427866,0.0,0.9999999999999999,-2.832841659951264,4.743605191347696
2023-09-22,1000,911,0.911,911,-0.06306976807446218,-0.04872835391551018,3.899795476180572e-18,0.9999999999999996,-2.813415955399407,4.719407535105959
2023-09-25,1000,910,0.91,910,-0.0647135124731791,-0.05383128416400555,-1.5616323862859345e-17,1.0,-2.7924707682627896,4.8660442297624185
2023-09-26,1000,910,0.91,910,-0.058092292997397474,-0.03903777080560571,1.5616323862859345e-17,1.0000000000000002,-2.7759346147681394,4.894952130529607
2023-09-27,1000,908,0.908,908,-0.03122843561122005,-0.008181232982714509,-1.173804078898844e-17,1.0,-2.785711436857302,4.916591076491733
2023-09-28,1000,908,0.908,908,-0.055830877152440825,-0.031576427716052166,-7.825360525992294e-18,1.0000000000000002,-2.771607514186901,4.928084407822043
2023-10-09,1000,908,0.908,908,-0.05327880680117941,-0.029605365834702493,1.173804078898844e-17,0.9999999999999997,-2.839444214726678,5.055746141038406
2023-10-10,1000,907,0.907,907,-0.04724364901881172,-0.00023603030226370585,0.0,0.9999999999999997,-2.816613852810846,5.092813469285857
2023-10-11,1000,907,0.907,907,-0.06153484091620215,-0.02292921479305896,-2.3501964799121286e-17,1.0,-2.8138096210336125,5.166632859439714
2023-10-12,1000,907,0.907,907,-0.0726643665267006,-0.045680147488977585,-1.5667976532747524e-17,1.0000000000000007,-2.6047252764457456,5.2127937370111495
2023-10-13,1000,908,0.908,908,-0.08495530517883028,-0.0745089878546968,2.347608157797688e-17,0.9999999999999993,-2.596140869809948,5.292991926950266
2023-10-16,1000,907,0.907,907,-0.09943532226724464,-0.08801429201975217,7.833988266373762e-18,1.0000000000000002,-2.596181962845887,5.305305506991659
2023-10-17,1000,909,0.909,909,-0.09873216136184297,-0.0838708878578699,3.126700707415182e-17,0.9999999999999998,-2.612018741678347,5.278186222326855
2023-10-18,1000,910,0.91,909,-0.09632405335558068,-0.08686027881318283,0.0,1.0,-2.58922359777579,5.283923491492756
2023-10-19,1000,908,0.908,907,-0.10297019874413413,-0.07740444188778994,-1.173804078898844e-17,1.0000000000000004,-2.6196350983176475,5.2969039915237435
2023-10-20,1000,908,0.908,907,-0.11045615683670498,-0.08347580095145005,-1.173804078898844e-17,0.9999999999999999,-2.5748484551410398,5.224630476777803
2023-10-23,1000,904,0.904,904,-0.09162721896426133,-0.05312696515748432,-1.964996503761339e-17,1.0000000000000002,-2.554368222916572,4.981031798376758
2023-10-24,1000,906,0.906,906,-0.08545598937344427,-0.04573857093126457,-7.842635052539737e-18,0.9999999999999998,-2.610233288395445,5.037962003115568
2023-10-25,1000,910,0.91,910,-0.08934500015517247,-0.041666856098298,1.5616323862859345e-17,1.0000000000000009,-2.6598739216329976,5.079508922356175
2023-10-26,1000,909,0.909,909,-0.09568312752394495,-0.056257536963687974,0.0,0.9999999999999991,-2.681269974579466,5.103873553311382
2023-10-27,1000,913,0.913,913,-0.042316070228132566,0.013517219731832394,7.782505320483025e-18,0.9999999999999994,-2.698422699149246,5.301530946603266
2023-10-30,1000,912,0.912,912,-0.029977569092054616,0.024989402197415668,0.0,0.9999999999999996,-2.6710605179955746,5.08813079246534
2023-10-31,1000,913,0.913,913,-0.02022984685655617,0.04072072880488485,1.556501064096605e-17,1.0000000000000002,-2.668884059524618,5.066370679623068
2023-11-01,1000,913,0.913,912,-0.05055022812435712,0.011392226281005063,7.782505320483025e-18,0.9999999999999991,-2.6629456860116414,5.109390608415975
2023-11-02,1000,914,0.914,913,-0.06310965305896903,-0.010491825756772297,-7.773990544421227e-18,1.0000000000000009,-2.722004299356236,5.142514711128781
2023-11-03,1000,912,0.912,910,-0.018512007810783316,0.0475570455835641,0.0,1.0,-2.6838582939596396,5.122270075585511
2023-11-06,1000,912,0.912,910,-0.0036211181109155888,0.07733151793216504,-2.337311630789803e-17,1.0000000000000007,-2.685536016011892,5.029097983387041
2023-11-07,1000,913,0.913,911,0.012145243909867024,0.09473307108447775,-1.556501064096605e-17,1.0,-2.6880452418097347,5.083459906752975
2023-11-08,1000,913,0.913,911,0.03592378848557847,0.1081317458389777,-1.1673757980724537e-17,1.0000000000000004,-2.6956518247763803,5.0695178593328984
2023-11-09,1000,912,0.912,911,0.015133054141198277,0.09745821351846158,7.791038769299344e-18,1.0000000000000007,-2.6740049751303596,5.037710108613491
2023-11-10,1000,911,0.911,910,0.016324974566116257,0.10749881745898521,-3.899795476180572e-18,1.0000000000000002,-2.6733710875931456,5.098800508851796
2023-11-13,1000,912,0.912,911,-0.031320378641552286,0.052799073834924506,-1.1686558153949016e-17,1.0000000000000004,-2.6529966937013367,5.073698040990066
2023-11-14,1000,913,0.913,913,-0.024184817651863328,0.07404417373452549,-7.782505320483025e-18,0.999999999999999,-2.6798086555400267,5.2183018255222215
2023-11-15,1000,915,0.915,914,-0.024638296081110806,0.06809096204646976,-3.882747189945903e-18,0.9999999999999998,-2.676690755850993,5.214098672710496
2023-11-16,1000,914,0.914,914,-0.002136769902838719,0.08476508885114717,-7.773990544421227e-18,0.9999999999999996,-2.6734397698018313,5.215901255974125
2023-11-17,1000,914,0.914,913,-0.0070165165423446,0.09075125726831701,-3.109596217768491e-17,0.9999999999999991,-2.7160194813873075,5.253960960588315
2023-11-20,1000,912,0.912,911,0.0071778491614372915,0.08011375775598159,-1.1686558153949016e-17,0.9999999999999996,-2.6919820975528825,5.139153001420265
2023-11-21,1000,914,0.914,913,-0.0057859758142120715,0.06384340854908314,-1.166098581663184e-17,0.9999999999999999,-2.717665336902273,5.172892810890198
2023-11-22,1000,914,0.914,914,0.0066454484376107705,0.07857502165179645,0.0,1.0,-2.708068545563834,5.202290873880932
2023-11-23,1000,914,0.914,914,-0.01984058333802842,0.05711101419551546,-3.8869952722106136e-18,1.0000000000000007,-2.7073059418429506,5.256422398622859
2023-11-24,1000,914,0.914,914,-0.02984282973115063,0.047376580677968974,-1.5547981088842454e-17,1.0000000000000004,-2.695580394886113,5.272613250435832
2023-11-27,1000,913,0.913,913,-0.025178846267698455,0.05539899284664153,0.0,0.9999999999999999,-2.6849202141577617,5.296064604133621
2023-11-28,1000,914,0.914,914,-0.02224020846271348,0.05646350316625202,7.773990544421227e-18,1.0000000000000004,-2.6764027614304666,5.310080330219473
2023-11-29,1000,914,0.914,913,0.007537064245559273,0.08139143142483755,-1.166098581663184e-17,0.9999999999999994,-2.7198176655294977,5.364357476016936
2023-11-30,1000,912,0.912,912,0.004786722650146178,0.0754465067887268,-7.791038769299344e-18,1.0000000000000002,-2.758111497102691,5.298433122588935
2023-12-01,1000,913,0.913,912,-0.020650913257213726,0.03597775702738573,7.782505320483025e-18,1.0000000000000007,-2.7159782412836133,5.2345015276177795
2023-12-04,1000,913,0.913,913,0.013054866740961029,0.0643194261005975,3.11300212819321e-17,0.9999999999999999,-2.7132879552158684,5.348708159952964
2023-12-05,1000,913,0.913,912,0.05364022156368166,0.1055114867079858,-1.1673757980724537e-17,0.9999999999999996,-2.793260654306977,5.378122908291201
2023-12-06,1000,912,0.912,912,0.07005370752349484,0.11781027960263424,7.791038769299344e-18,1.0,-2.7353987607524646,5.405960544693517
2023-12-07,1000,912,0.912,912,0.09625089027377191,0.12930680272295017,-1.5582077538598687e-17,0.9999999999999997,-2.7424597341302994,5.393174820580958
2023-12-08,1000,909,0.909,909,0.09000766279697447,0.1278343011467693,0.0,1.0,-2.768824496758844,5.1636528619952475
2023-12-11,1000,909,0.909,909,0.12236125754267403,0.1501893787704996,-1.1725127652806934e-17,0.9999999999999999,-2.8512319445646197,5.191904966361599
2023-12-12,1000,910,0.91,910,0.11552843778037127,0.14089134939703898,-1.5616323862859345e-17,0.9999999999999989,-2.836736911413671,5.180772867364721
2023-12-13,1000,910,0.91,909,0.10902767291178697,0.13790589965159966,1.5616323862859345e-17,0.9999999999999992,-2.8267604199480036,5.21216729082734
2023-12-14,1000,910,0.91,910,0.0986626294093913,0.12251469778706381,-1.5616323862859345e-17,1.0000000000000004,-2.7990856504510444,5.214650394966207
2023-12-15,1000,911,0.911,910,0.10682479077476707,0.12928747520641984,1.1699386428541715e-17,1.0000000000000002,-2.7711824888852568,5.347470169492792
2023-12-18,1000,906,0.906,906,0.09027242396737122,0.12123771666433507,-3.9213175262698686e-18,1.0000000000000004,-2.8326282892313723,5.209005077135445
2023-12-19,1000,906,0.906,906,0.11310531130304745,0.14576672271200827,-1.5685270105079474e-17,1.0,-2.8444591727984028,5.1991292102149815
2023-12-20,1000,903,0.903,903,0.057723039814667455,0.07934799015515288,-3.1474761273980073e-17,1.0,-2.874541781238454,5.1500731547449865
2023-12-21,1000,904,0.904,904,0.0879645761827882,0.09296317191754262,-1.5719972030090712e-17,0.9999999999999998,-2.872370115307691,5.176383252469362
2023-12-22,1000,905,0.905,905,0.07106334506910078,0.08921236999030069,3.140520379050167e-17,1.0000000000000009,-2.8488930655273923,5.139192438731826
2023-12-25,1000,904,0.904,904,0.0674272007686654,0.08685804764142849,3.53699370677041e-17,1.0000000000000004,-2.8077309510510173,5.181948236087034
2023-12-26,1000,900,0.9,900,0.1052737970457882,0.13359640416673932,3.552713678800501e-17,1.000000000000001,-2.7370939601753905,5.155455904007183
2023-12-27,1000,902,0.902,902,0.15023537806265522,0.1771704468308563,0.0,0.999999999999999,-2.7532090132291422,5.136710018581773
2023-12-28,1000,907,0.907,907,0.17497625569774816,0.19628644075094512,-3.916994133186881e-18,1.0000000000000009,-2.8020768369669034,5.110072937476081
2023-12-29,1000,906,0.906,905,0.19885861893124318,0.19096800268200104,2.352790515761921e-17,0.9999999999999994,-2.789878998430347,5.159797715663337
2024-01-02,1000,907,0.907,906,0.19314818798074213,0.16994230330019944,1.1750982399560643e-17,1.0,-2.7328127677667355,5.19215382834593
2024-01-03,1000,907,0.907,906,0.16561451791656298,0.1429546126648599,1.5667976532747524e-17,1.0,-2.8197900092139196,5.188986591866299
2024-01-04,1000,905,0.905,903,0.14506272609950865,0.12487291535933442,7.851300947625417e-18,1.0000000000000007,-2.59273428910641,5.158447440057642
2024-01-05,1000,904,0.904,902,0.13013494352663313,0.10229610997807648,3.929993007522678e-18,0.9999999999999999,-2.5881788721049057,5.101756642011216
2024-01-08,1000,903,0.903,903,0.10341400393634113,0.07869151177141796,3.934345159247509e-18,1.0000000000000007,-2.591671101792289,5.0843233771903
2024-01-09,1000,901,0.901,901,0.10861164574747321,0.07441327126864138,3.943078444839624e-18,0.9999999999999997,-2.564105442249289,5.096294512512979
2024-01-10,1000,901,0.901,901,0.11547578090765227,0.07795138553430976,-7.886156889679247e-18,0.9999999999999991,-2.5497874096127915,5.124423814738711
2024-01-11,1000,905,0.905,904,0.13984751997668377,0.09664681542478998,1.5702601895250834e-17,0.9999999999999999,-2.559964422818132,5.155228697022971
2024-01-12,1000,903,0.903,903,0.12027785287229094,0.08082519283928086,-2.7540416114732565e-17,1.0000000000000002,-2.5634127477813933,5.0922711227376105
2024-01-15,1000,903,0.903,903,0.10909254709771629,0.07528243631708476,1.1803035477742528e-17,1.0000000000000002,-2.707514872944883,5.115221680293655
2024-01-16,1000,901,0.901,901,0.11320051307040704,0.0757902410788558,-1.5772313779358495e-17,0.9999999999999994,-2.5596237886484063,5.0657893592262715
2024-01-17,1000,898,0.898,898,0.07856681734925475,0.04335736798546457,1.582500525078174e-17,1.0,-2.5607003710853076,4.933568347575771
2024-01-18,1000,899,0.899,899,0.11614675277167767,0.09036988969595793,-1.5807402352838714e-17,0.9999999999999991,-2.5781343975894644,4.854974400524686
2024-01-19,1000,897,0.897,897,0.10060287759978843,0.08191849603933296,7.921323698551841e-18,1.0000000000000007,-2.5502786017634085,4.903004062630867
2024-01-22,1000,892,0.892,892,0.07987315786814053,0.08760156259738498,-1.1948588605831282e-17,0.9999999999999999,-2.579333673310181,4.565647928434737
2024-01-23,1000,893,0.893,893,0.11579537104960264,0.10585443715883984,-1.5913611103249724e-17,0.9999999999999996,-2.556858751933437,4.747033182770001
2024-01-24,1000,901,0.901,901,0.03798768898275548,0.030595397218074142,7.886156889679247e-18,1.0000000000000002,-2.5802232479625316,4.7339042550504615
2024-01-25,1000,908,0.908,908,-0.012912123871161347,-0.025167420055899684,-1.5650721051984587e-17,1.0000000000000002,-2.799696331784796,4.961385342764401
2024-01-26,1000,908,0.908,908,-0.05714438677448486,-0.06961010963677852,1.173804078898844e-17,0.9999999999999999,-2.7350342773160077,4.857889479653482
2024-01-29,1000,904,0.904,903,-0.09962067298325025,-0.11740535340434088,-1.5719972030090712e-17,0.9999999999999996,-2.770173348206069,4.693576388290824
2024-01-30,1000,899,0.899,899,-0.10933879364664445,-0.10867188163926991,1.9759252941048393e-17,1.0000000000000004,-2.722596862261136,4.631841691603254
2024-01-31,1000,887,0.887,887,-0.10763500311367467,-0.10834353053229442,2.4031885087714774e-17,1.0,-2.583421793079306,4.703254538205012
2024-02-01,1000,887,0.887,886,-0.09958315246890602,-0.09531888621101432,1.6021256725143183e-17,1.0,-2.7102528022265995,4.672312373646557
2024-02-02,1000,883,0.883,883,-0.12651837686689713,-0.11283474198839517,5.230495789853512e-17,0.9999999999999997,-2.7043264923275183,4.0324718399229
2024-02-05,1000,874,0.874,874,-0.11473438161012618,-0.07703581714050171,-4.064889792677919e-18,1.0,-2.789158832067061,4.0737205270008285
2024-02-06,1000,880,0.88,880,-0.12804789295744393,-0.09170612905219742,-1.6148698540002276e-17,0.9999999999999999,-2.6923581088317654,4.158908284342561
2024-02-07,1000,878,0.878,878,-0.10997739516901707,-0.07829571384400122,-4.046370932574602e-18,0.9999999999999993,-2.66099438853186,4.411445108552451
2024-02-08,1000,888,0.888,887,-0.1475292594021246,-0.11882576447311097,-8.001607384685813e-18,1.0000000000000002,-2.706537547946839,4.413617989502203
2024-02-19,1000,890,0.89,889,-0.15907983556926544,-0.14343226939850845,1.995906561123877e-17,0.9999999999999999,-2.71625759460612,4.3643293844148054
2024-02-20,1000,893,0.893,891,-0.13702705313451327,-0.12893875821632297,1.1935208327437292e-17,0.9999999999999996,-2.813641318564466,4.307389736252844
2024-02-21,1000,893,0.893,891,-0.12635584593965304,-0.11497293696793841,-1.9892013879062155e-17,0.9999999999999996,-2.829319063810201,4.293057610313858
2024-02-22,1000,895,0.895,893,-0.12405877362555642,-0.09776237529938876,-1.1908537470839668e-17,0.9999999999999997,-2.8160075741976143,4.591030014063021
2024-02-23,1000,895,0.895,893,-0.13118389419937349,-0.11260159726840391,-1.5878049961119556e-17,1.0000000000000009,-2.817407133683655,4.693217296775126
2024-02-26,1000,896,0.896,895,-0.12265356655403811,-0.10237831467400216,-1.586032892321652e-17,0.9999999999999983,-2.8356897640844583,4.763286381078072
2024-02-27,1000,897,0.897,897,-0.10919372570205081,-0.08202719535234122,1.9803309246379605e-17,1.0000000000000004,-2.8615890977898357,4.8229071323515535
2024-02-28,1000,895,0.895,895,-0.09458759145319547,-0.06334622542111652,7.939024980559778e-18,1.000000000000001,-2.8493579236187827,4.740418684791115
2024-02-29,1000,896,0.896,896,-0.0718783452428949,-0.0428620233442669,2.7755575615628914e-17,1.0000000000000007,-2.8536055327017658,4.847525199730907
2024-03-01,1000,896,0.896,896,-0.06911447851851918,-0.0492151852766854,-1.1895246692412391e-17,0.9999999999999989,-2.868762499804056,4.891917556241362
2024-03-04,1000,895,0.895,895,-0.047564789643829895,-0.017303670313781425,-1.5878049961119556e-17,1.000000000000001,-2.737642604505888,4.804666994698107
2024-03-05,1000,896,0.896,896,-0.018576211474286015,0.02374497812665882,1.1895246692412391e-17,0.9999999999999999,-2.738015808382526,4.7986907190721855
2024-03-06,1000,895,0.895,895,0.003872710991124524,0.04197529774138088,-1.5878049961119556e-17,0.9999999999999993,-2.749927313276033,4.742941934384956
2024-03-07,1000,894,0.894,894,0.006223642339974632,0.03576775322209452,-1.1921857982552016e-17,1.0000000000000004,-2.729747365924678,4.638424312482424
2024-03-08,1000,893,0.893,893,0.004523132566368323,0.03366698365366436,-7.956805551624862e-18,0.9999999999999994,-2.73186132379479,4.692158771877951
2024-03-11,1000,896,0.896,896,0.04427673415423357,0.07395225878241242,-7.93016446160826e-18,1.0,-2.7088697888901603,4.712203079355937
2024-03-12,1000,899,0.899,899,0.05580814821131752,0.09246176549506395,2.3711103529258072e-17,0.9999999999999991,-2.8727541931849374,4.787436842390355
2024-03-13,1000,898,0.898,898,0.06116565626261656,0.10934955499157654,-7.91250262539087e-18,1.0000000000000007,-2.655721173768827,4.779694993643867
2024-03-14,1000,897,0.897,896,0.06605373124001257,0.1012788475985154,7.921323698551841e-18,1.0000000000000002,-2.6772767790545786,4.780272733804059
2024-03-15,1000,901,0.901,901,0.10151538414345242,0.11676627096537788,-1.5772313779358495e-17,0.9999999999999992,-2.773165337975957,4.712603305796933
2024-03-18,1000,902,0.902,902,0.09808955004224629,0.11977190675600884,3.150965568780932e-17,1.0000000000000002,-2.745199835419496,4.835960854080245
2024-03-19,1000,900,0.9,899,0.09094260632527217,0.12092162223407203,-7.894919286223335e-18,0.9999999999999997,-2.74175418298924,4.847996960032317
2024-03-20,1000,900,0.9,900,0.10046497014024762,0.12629825624844299,3.947459643111668e-18,1.0000000000000002,-2.753329834384821,4.843186122208408
2024-03-21,1000,902,0.902,902,0.10117070783674728,0.12254525373353956,7.87741392195233e-18,0.9999999999999997,-2.7612040105714035,4.818070949084934
2024-03-22,1000,899,0.899,899,0.09077153358038882,0.11091838593324672,-2.3711103529258072e-17,1.0000000000000002,-2.7724634435933075,4.839753682253883
2024-03-25,1000,898,0.898,897,0.07515753001883037,0.10872384399542386,0.0,0.999999999999999,-2.720557365535688,4.768954394236873
2024-03-26,1000,899,0.899,898,0.08612738082748556,0.11522345914801983,-7.903701176419357e-18,0.9999999999999994,-2.7810121882347416,4.761949362037892
2024-03-27,1000,891,0.891,891,0.04219982847263219,0.057878257126098225,2.392399783704041e-17,0.9999999999999996,-2.7227982893508913,4.719551830965447
2024-03-28,1000,896,0.896,889,0.07066335764171168,0.08602462193575405,1.586032892321652e-17,0.9999999999999999,-2.7963251912120333,4.863289879899952
2024-03-29,1000,896,0.896,895,0.0889500115264168,0.08935411630672054,1.586032892321652e-17,0.9999999999999999,-2.7858648377791786,4.857470669691324
2024-04-01,1000,900,0.9,899,0.07899283145343414,0.08089538111656358,-7.894919286223335e-18,0.9999999999999992,-2.8091708455283855,4.857992890307943
2024-04-02,1000,902,0.902,901,0.06295730735593341,0.06046429579837421,-3.150965568780932e-17,0.9999999999999992,-2.8685222972936537,4.903813146772307
2024-04-03,1000,904,0.904,903,0.04747131403692305,0.027833289590402786,3.1439944060181424e-17,1.0000000000000002,-2.853733217899903,4.979436799323828
2024-04-08,1000,897,0.897,896,0.05589480220917679,0.04406555089431102,-1.5842647397103683e-17,1.0000000000000002,-2.8210769609325825,4.966642762291222
2024-04-09,1000,901,0.901,899,0.0830010874255503,0.0714932321338052,7.886156889679247e-18,0.9999999999999999,-2.8072966301932047,4.979556891073065
2024-04-10,1000,900,0.9,899,0.08449539794993592,0.06815913347314823,-7.894919286223335e-18,0.9999999999999997,-2.8407455401892037,4.936833237428853
2024-04-11,1000,902,0.902,901,0.07314722438192507,0.05425652779994723,-7.87741392195233e-18,1.0000000000000002,-2.8568209634625283,4.9738229803748
2024-04-12,1000,898,0.898,897,0.08720723511954229,0.06493402431261017,-3.9562513126954353e-17,1.0000000000000004,-2.866982850975049,5.120440488458338
2024-04-15,1000,896,0.896,896,0.0718270824785447,0.06384807457423927,1.586032892321652e-17,1.0,-2.8430072928562486,4.388312013233309
2024-04-16,1000,886,0.886,884,0.047754882171278115,0.03892537075527812,-6.014752277878952e-17,1.0000000000000013,-2.8263287647156425,4.18050589166132
2024-04-17,1000,896,0.896,895,0.05483177862132898,0.03812558831383513,1.1895246692412391e-17,0.9999999999999998,-2.7569636004783162,4.400099945990294
2024-04-18,1000,896,0.896,896,0.06934656450322728,0.03381878771130961,3.96508223080413e-18,1.0000000000000002,-2.8742446972123976,4.456872319911861
2024-04-19,1000,892,0.892,892,0.07534454494212638,0.03524239219572914,-3.1862902948883416e-17,0.9999999999999997,-2.9577937637271616,4.471179314192584
2024-04-22,1000,889,0.889,889,0.06995304379472242,0.03540231489947353,1.598521340292689e-17,0.9999999999999996,-2.9043478540150254,4.4927487839502405
2024-04-23,1000,890,0.89,890,0.09972266434676566,0.0812453043884426,-2.794269185573428e-17,1.0000000000000007,-2.8529723673685785,4.146200288170923
2024-04-24,1000,891,0.891,890,0.08889965135110596,0.07751174809579363,-7.974665945680137e-18,1.0000000000000007,-2.751381738927683,4.214902589676506
2024-04-25,1000,891,0.891,890,0.07216272171531075,0.05954428578253871,2.791133080988048e-17,0.9999999999999996,-2.7645417100359087,4.246687333099259
2024-04-26,1000,901,0.901,901,0.08530090380777965,0.08594854542724037,-3.9430784448396236e-17,1.0,-2.6141241811651525,4.477292666230128
2024-04-29,1000,904,0.904,899,0.04862391148371385,0.07319282567516712,-3.929993007522678e-18,1.0000000000000013,-2.5560827958229364,4.5221666775778395
2024-04-30,1000,897,0.897,897,0.0634700766722948,0.08447121723181916,1.5842647397103683e-17,1.0000000000000002,-2.5713543602297166,4.628041947971139
2024-05-06,1000,904,0.904,904,0.04115587390355154,0.04382095039690835,7.859986015045356e-18,1.0,-2.565398941027122,4.640592345864506
2024-05-07,1000,903,0.903,903,0.051636823277921004,0.05266357354635262,2.7540416114732565e-17,0.9999999999999996,-2.5516248250675924,4.696340098957594
2024-05-08,1000,902,0.902,902,0.036950771077926166,0.037223028223394905,-1.1816120882928495e-17,1.0000000000000002,-2.5565322476676573,4.733452939395857
2024-05-09,1000,902,0.902,902,0.013650923864108393,0.007480563246939561,3.938706960976165e-18,0.9999999999999999,-2.574302371110127,4.7532786981534745
2024-05-10,1000,903,0.903,902,-0.0068755922868189,0.010088033314896822,-1.1803035477742528e-17,0.9999999999999997,-2.5496983357241514,4.690135020353097
2024-05-13,1000,900,0.9,900,-0.05264048303400682,-0.024390655827070205,-3.947459643111668e-18,0.999999999999999,-2.5600742114884643,4.718620547715759
2024-05-14,1000,901,0.901,901,-0.05286485029406973,-0.014496244869823937,-1.182923533451887e-17,0.9999999999999988,-2.532409684206331,4.711832633373636
2024-05-15,1000,901,0.901,901,-0.05681581426247735,-0.009556508246796932,5.5203098227754734e-17,1.0,-2.5640363512468527,4.691735155812727
2024-05-16,1000,901,0.901,901,-0.06633856489662496,-0.020847658062642303,2.7601549113877367e-17,0.9999999999999994,-2.579431100767176,4.60826616931836
2024-05-17,1000,906,0.906,904,-0.08253232316525404,-0.029197269995715282,-3.921317526269869e-17,0.9999999999999997,-2.5734989015420404,4.511890916350793
2024-05-20,1000,901,0.901,901,-0.05456209164778942,-0.011568406062479695,-7.886156889679247e-18,0.9999999999999996,-2.6333449416655146,4.50651919788169
2024-05-21,1000,901,0.901,901,-0.04986775149207573,0.003367064448252309,-7.886156889679247e-18,0.9999999999999998,-2.6419539418665305,4.467010133660103
2024-05-22,1000,902,0.902,902,-0.06331555788801387,-0.0044946331768069515,2.363224176585699e-17,0.9999999999999999,-2.620560400052654,4.442158526813888
2024-05-23,1000,896,0.896,896,-0.027484566370277266,0.021451501436066406,-1.1895246692412391e-17,0.9999999999999996,-2.6295079173617473,4.188806496391083
2024-05-24,1000,896,0.896,896,-0.0569382042870749,-0.015955461273655536,-3.96508223080413e-18,0.9999999999999997,-2.6186521341995723,4.382449720135537
2024-05-27,1000,897,0.897,897,-0.03336286306192711,0.002218741804885646,3.1685294794207366e-17,1.0000000000000009,-2.617886027066038,4.476492982521044
2024-05-28,1000,895,0.895,895,-0.024427560196968522,0.011083600746980737,1.5878049961119556e-17,1.0000000000000009,-2.60989341646743,4.387886242353464
2024-05-29,1000,894,0.894,894,-0.012544198650244292,0.018966341421084092,3.576557394765605e-17,1.0000000000000002,-2.60661332299012,4.380517676388305
2024-05-30,1000,892,0.892,892,0.002795910725845109,0.025405338100917288,0.0,0.9999999999999999,-2.6027196343710672,4.413553570608443
2024-05-31,1000,889,0.889,889,-0.0021345246744639695,0.01607250045066537,-3.9963033507317225e-18,0.9999999999999996,-2.5933700231101042,4.441681213923121
2024-06-03,1000,887,0.887,887,0.047983809689742474,0.07506264984911878,-2.0026570906428978e-17,0.9999999999999989,-2.5858218989743182,4.5578319744454525
2024-06-04,1000,883,0.883,883,0.06468241757914558,0.0928858614870799,-2.0117291499436584e-17,1.0000000000000004,-2.604983659143355,4.555018950157625
2024-06-05,1000,881,0.881,881,0.08272832221431081,0.11118921665514227,-1.2097776431783771e-17,1.0,-2.674123133468426,4.2908015639502555
2024-06-06,1000,880,0.88,879,0.07849447631067144,0.1049918572252243,8.074349270001138e-18,0.9999999999999997,-2.7198643683038974,4.306440725608179
2024-06-07,1000,882,0.882,881,0.02611737234863655,0.04462088590429337,-1.611208017596599e-17,1.0,-2.7168737562760437,4.367526045268198
2024-06-11,1000,878,0.878,878,0.05525810137642204,0.08617454428449035,8.092741865149204e-18,1.0,-2.7045148734083524,4.3653020408090155
2024-06-12,1000,879,0.879,879,0.07081536935232437,0.09994776165662482,-4.0417675526740624e-17,1.0000000000000004,-2.7142390348892573,4.405806542107443
2024-06-13,1000,875,0.875,875,0.10487795805874287,0.13025429874188937,-1.624097681737372e-17,1.0,-2.679920968074316,4.3786351159166585
2024-06-14,1000,877,0.877,877,0.12066996071622553,0.1423660717146859,1.6203939241963517e-17,1.0000000000000004,-2.6642767277176262,4.376585651788818
2024-06-17,1000,875,0.875,875,0.1322965665220185,0.15061035593623032,2.4361465226060577e-17,1.0000000000000004,-2.648807192014044,4.3439569276498995
2024-06-18,1000,876,0.876,876,0.11790701229079063,0.14040401984350678,2.0278046111875004e-17,0.9999999999999999,-2.6418708910232374,4.372638985638773
2024-06-19,1000,874,0.874,874,0.12809666887812377,0.1397709879349696,4.064889792677919e-18,1.0,-2.653930331338466,4.37353940219204
2024-06-20,1000,874,0.874,874,0.11252286157202952,0.11691699307211087,4.064889792677919e-18,1.0,-2.6234516641958403,4.430874655723447
2024-06-21,1000,875,0.875,875,0.08651931525664025,0.09216213219129789,-1.2180732613030288e-17,0.9999999999999992,-2.6454225600162404,4.4666463566158185
2024-06-24,1000,869,0.869,869,0.07580452033650345,0.08233970382584577,-1.6353112445571926e-17,1.0000000000000007,-2.677671012756661,4.528311719468097
2024-06-25,1000,869,0.869,869,0.10439508412937014,0.11911078434958672,0.0,1.0000000000000004,-2.698409601592288,4.606656455852741
2024-06-26,1000,872,0.872,872,0.10827094298742576,0.1173118351135127,8.148425868808489e-18,0.9999999999999997,-2.6546940223845166,4.531634705077682
2024-06-27,1000,871,0.871,871,0.10051434246158344,0.1366971218242959,-1.631556224477842e-17,1.0000000000000004,-2.689198874237347,4.597578220242279
2024-06-28,1000,869,0.869,869,0.12084972824844267,0.15072573564618758,-5.314761544810876e-17,1.000000000000001,-2.708567041907668,4.684685940282888
2024-07-01,1000,870,0.87,870,0.11820702384247664,0.15858883698908163,8.167157882300002e-18,1.0000000000000007,-2.7196298218800923,4.635595236447076
2024-07-02,1000,870,0.87,869,0.08949504109912904,0.14185198142283487,-1.2250736823450003e-17,0.9999999999999993,-2.724115199494894,4.625409306122849
2024-07-03,1000,869,0.869,867,0.03581857887319695,0.07761957818127545,-4.9059337336715775e-17,1.0,-2.7341046367498314,4.567718534870872
2024-07-04,1000,864,0.864,862,0.06092144260699473,0.10234730638308859,-3.700743415417188e-17,1.0000000000000009,-2.77931920922671,4.667588173173116
2024-07-05,1000,862,0.862,860,0.08326354961761191,0.12424525940263434,3.297182068492344e-17,1.0000000000000004,-2.754706597376542,4.6120376322540375
2024-07-08,1000,854,0.854,853,0.09929041992426796,0.1500675161196165,-2.496051764965223e-17,1.0000000000000004,-2.813328241722402,4.694717795525228
2024-07-09,1000,852,0.852,851,0.13273859742753583,0.16159232421839578,-5.003822082817607e-17,0.9999999999999999,-2.7667408993502156,4.627447396187667
2024-07-10,1000,848,0.848,847,0.12397399383033808,0.13836719762679225,1.25685625429263e-17,0.9999999999999997,-2.7703944480206775,4.69920914899174
2024-07-11,1000,856,0.856,855,0.11561340188016812,0.12871894879051904,4.1503664471968466e-18,0.9999999999999991,-2.780083755957828,4.6381323022684
2024-07-12,1000,858,0.858,857,0.1253692852543606,0.13416068953383412,2.898484353333742e-17,1.0000000000000004,-2.7923050510292757,4.63649357466115
2024-07-15,1000,855,0.855,854,0.12471281870856916,0.141627521628505,2.077610338479825e-17,1.0,-2.7846893663304018,4.714189895173249
2024-07-16,1000,853,0.853,852,0.11325602258301927,0.15041589461742344,-4.1649632811260266e-18,0.9999999999999998,-2.801903980992899,4.78555232844601
2024-07-17,1000,854,0.854,854,0.09427968821044666,0.1422985982511317,-1.2480258824826116e-17,0.9999999999999993,-2.7880487052743335,4.726971892448599
2024-07-18,1000,853,0.853,853,0.10084041331014022,0.16386165245331705,6.24744492168904e-17,0.9999999999999991,-2.776657356498349,4.723118343651322
2024-07-19,1000,851,0.851,851,0.1229014598643117,0.18316979570521208,1.6699006715866044e-17,0.9999999999999999,-2.7794034849901927,4.76496019327759
2024-07-22,1000,847,0.847,847,0.17050787569410358,0.22388165628017545,0.0,1.0,-2.729963356691519,4.794830713774903
2024-07-23,1000,844,0.844,844,0.12210545545167127,0.18391138338182755,-1.2628129190049173e-17,0.9999999999999997,-2.71077920784626,4.8311736450669045
2024-07-24,1000,838,0.838,837,0.06865922792954574,0.14641078037896116,1.6958060519334134e-17,1.0,-2.7403643004530016,4.87653567048228
2024-07-25,1000,841,0.841,840,0.08691617921364493,0.11633627137360847,-3.379513606468966e-17,1.0000000000000004,-2.692391381925811,4.898828358693319
2024-07-26,1000,845,0.845,844,0.08006534459649652,0.11716157944252426,8.408789772308878e-18,0.9999999999999992,-2.6722721126857203,4.895665681913633
2024-07-29,1000,843,0.843,842,0.09722786852991522,0.13830804100376082,-2.5286218354451963e-17,0.9999999999999997,-2.6598024207650393,4.903269902058046
2024-07-30,1000,841,0.841,839,0.09174195938251116,0.12379773484463318,2.534635204851725e-17,0.9999999999999992,-2.6312020513787027,4.845633826401612
2024-07-31,1000,847,0.847,844,0.1145807885874442,0.15115003266234261,-3.7750204379226104e-17,1.0000000000000004,-2.61945230904372,4.720165723700926
2024-08-01,1000,844,0.844,843,0.07437283191035673,0.0956357984844517,1.6837505586732233e-17,0.9999999999999996,-2.654785255043889,4.804292716152621
2024-08-02,1000,847,0.847,846,0.048061866585204185,0.07369101792289831,-2.5166802919484068e-17,1.0000000000000002,-2.699149574740761,4.80347828184171
2024-08-05,1000,849,0.849,846,0.06492468727115214,0.10137707661110025,1.6738344776445233e-17,1.0000000000000004,-2.697919098944006,4.807145837724532
2024-08-06,1000,846,0.846,843,0.025800245515092874,0.05266970843967393,-4.199425152246455e-17,0.999999999999999,-2.6588925593097947,4.811573527937654
2024-08-07,1000,848,0.848,846,0.02414575717712019,0.03434047512117377,-2.51371250858526e-17,1.0000000000000007,-2.657779084190961,4.834583685529373
2024-08-08,1000,846,0.846,842,-0.002687343917941901,0.016712956301518957,-2.0997125761232274e-17,1.0000000000000007,-2.6379117363624003,4.895500147606493
2024-08-09,1000,845,0.845,841,-0.0026036097002204795,0.007726232012536981,-1.2613184658463316e-17,0.9999999999999997,-2.624121945394569,4.920371405109234
2024-08-12,1000,847,0.847,843,-0.024874196285826027,-0.024584830559280766,2.0972335766236723e-17,0.9999999999999997,-2.678824309516886,4.939873991109758
2024-08-13,1000,847,0.847,843,-0.025151827014808528,-0.030757923977017296,-4.1944671532473446e-17,1.0000000000000004,-2.632942215523587,4.972972257237217
2024-08-14,1000,850,0.85,846,-0.04660269687077098,-0.05098368908112924,2.0898315757650005e-17,0.9999999999999991,-2.6316406425421,5.040673711352203
2024-08-15,1000,850,0.85,846,-0.020327278465445388,-0.014391015069253664,-1.2538989454590004e-17,1.0,-2.6535890794919754,5.061827037483582
2024-08-16,1000,852,0.852,848,-0.014717764250422727,-0.011583732340425697,-4.169851735681339e-18,1.0,-2.744952232835365,5.146481181044111
2024-08-19,1000,853,0.853,851,-0.03860952945471444,-0.03020041800329497,1.6659853124504106e-17,0.9999999999999993,-2.760442966997671,5.180092591296137
2024-08-20,1000,849,0.849,847,-0.011843388905353289,0.0031477065347248765,1.6738344776445233e-17,1.0000000000000009,-2.77444212109817,5.2240828128059995
2024-08-21,1000,848,0.848,845,-0.005055507951663434,0.022495772156670892,4.1895208476421e-18,0.9999999999999994,-2.7787258832847943,5.239995044943115
2024-08-22,1000,845,0.845,843,-0.0060533652681274645,0.020937254683251517,-4.204394886154439e-18,1.0000000000000002,-2.8359367923789076,5.147656957501747
2024-08-23,1000,844,0.844,842,0.027638398721746508,0.03959696310646355,1.6837505586732233e-17,1.0000000000000009,-2.7424395401344426,5.309798314696392
2024-08-26,1000,849,0.849,847,0.061779336217813355,0.04130709538525801,-8.369172388222616e-18,0.9999999999999997,-2.715267656939552,5.309946014669142
2024-08-27,1000,849,0.849,847,0.09311552886626114,0.03363019914603928,8.369172388222616e-18,0.9999999999999987,-2.730503463306766,5.329603007826392
2024-08-28,1000,847,0.847,845,0.05229669889199382,-0.008043238246710402,1.2583401459742034e-17,1.0000000000000013,-2.7501176029048824,5.299838118282842
2024-08-29,1000,845,0.845,843,0.06826391690820481,0.002908507836867868,-8.408789772308878e-18,1.0,-2.72493005842844,5.255344132669705
2024-08-30,1000,850,0.85,848,0.06317202632915564,0.0487123784744698,8.359326303060001e-18,1.0,-2.7229554152600652,5.234609359315089
2024-09-02,1000,847,0.847,845,0.040917922884981375,0.03758223867152831,3.7750204379226104e-17,1.0,-2.7721520018749124,5.0101809360446214
2024-09-03,1000,843,0.843,843,0.10343733893494449,0.07434343692518691,1.2643109177225981e-17,1.0000000000000007,-2.7877002413541883,4.958523862035105
2024-09-04,1000,840,0.84,840,0.10197071755152469,0.06647554603796381,-1.6917684184764292e-17,1.0000000000000002,-2.757780759997535,4.980658709933314
2024-09-05,1000,842,0.842,840,0.06885149074536531,0.029520531134947202,2.1096874577200124e-17,1.0,-2.7419262931799504,4.87384357966807
2024-09-06,1000,840,0.84,840,0.04602180441357602,0.02874682174166317,-8.458842092382146e-18,1.0,-2.7621305535943397,4.838497907609235
2024-09-09,1000,838,0.838,838,0.04053238338393471,0.03627919281372714,2.1197575649167666e-17,1.0,-2.774441841142114,4.802829859676532
2024-09-10,1000,833,0.833,832,0.021973305604563023,0.010310782293104503,2.9854736796642864e-17,1.0000000000000004,-2.7851153138430007,4.792408702933154
2024-09-11,1000,831,0.831,829,0.018456884091584743,0.016843847919310578,2.9926589352110114e-17,1.0000000000000013,-2.691203703354269,4.835958361597731
2024-09-12,1000,832,0.832,830,-0.004356779692744983,-0.021776801746237417,2.1350442781253012e-17,1.0000000000000007,-2.6906375722089955,4.812791466453839
2024-09-13,1000,833,0.833,831,-0.007262791631901645,-0.021956449210249338,2.9854736796642864e-17,0.9999999999999999,-2.7192089630713676,4.775697147193627
2024-09-18,1000,834,0.834,832,0.016811153607648892,0.00680755157593212,1.2779545607196047e-17,1.0,-2.688787180398035,4.638632430322683
2024-09-19,1000,835,0.835,833,-0.009784460892676337,-0.014447522996716965,-1.701898768287665e-17,1.0000000000000002,-2.688375580064001,4.64502248549325
2024-09-20,1000,835,0.835,833,-0.004697619123143742,-0.00031613711114084303,0.0,1.0000000000000002,-2.6837761956269675,4.654288395489839
2024-09-23,1000,835,0.835,833,-0.01040909128961944,-0.009386962547058416,4.254746920719163e-18,0.9999999999999997,-2.6874635225088492,4.696188866943567
2024-09-24,1000,846,0.846,843,-0.03989602807851816,-0.03612710001874036,-3.7794826370218094e-17,1.0000000000000004,-2.7738049824463276,4.614008007297202
2024-09-25,1000,856,0.856,854,-0.05760627030875015,-0.0549272208779363,8.300732894393693e-18,0.9999999999999999,-2.7337161728508694,4.371588825854204
2024-09-26,1000,865,0.865,864,-0.07654448142734192,-0.05394334673885255,3.901824271515001e-17,0.9999999999999999,-2.817995377361715,4.153122462740095
2024-09-27,1000,880,0.88,879,-0.059063956283138375,-0.010311775572527885,4.037174635000569e-18,0.9999999999999997,-2.8185761064170425,4.47121572769795
2024-09-30,1000,900,0.9,899,-0.07228158486852583,-0.03695992406311237,7.894919286223335e-18,0.9999999999999997,-2.8710033477702845,4.603267653772782
2024-10-08,1000,913,0.913,912,-0.08946798548454193,-0.06263032791504741,3.8912526602415124e-18,1.0000000000000007,-2.867915356923804,4.580439201786705
2024-10-09,1000,902,0.902,900,-0.08891325218423457,-0.039738082471765385,-4.332577657073782e-17,0.9999999999999998,-2.8087513884863116,4.5082089158491785
2024-10-10,1000,901,0.901,900,-0.1006320227436505,-0.06672509499692837,-4.731694133807548e-17,1.0000000000000004,-2.8628650782487273,4.126491854438235
2024-10-11,1000,898,0.898,897,-0.1058457843909922,-0.06687324683266377,2.3737507876172613e-17,0.9999999999999994,-2.8554394873418736,4.056232098496427
2024-10-14,1000,901,0.901,900,-0.09667274034948872,-0.06614155517945723,0.0,0.9999999999999997,-2.8213197085855923,4.16944204588932
2024-10-15,1000,902,0.902,901,-0.08293910417602227,-0.0542962449306808,-1.9693534804880827e-17,1.0000000000000002,-2.7905340300609938,4.206967701931926
2024-10-16,1000,902,0.902,901,-0.06410089564238493,-0.040960657373252995,7.87741392195233e-18,0.9999999999999997,-2.794772052941663,4.280243550566648
2024-10-17,1000,899,0.899,897,-0.04938618520534159,-0.04279556295368927,0.0,1.0000000000000016,-2.765302952495044,4.271591717983798
2024-10-18,1000,902,0.902,900,0.020534889168618082,0.012594279182119961,-3.938706960976165e-18,0.9999999999999991,-2.7860972076056205,4.26837980529984
2024-10-21,1000,902,0.902,901,0.1150410072199617,0.133198185251913,0.0,1.0000000000000002,-2.817759652715554,4.3601067806831155
2024-10-22,1000,904,0.904,904,0.06636027706615737,0.10082686579658258,-2.7509951052658746e-17,0.9999999999999996,-2.833124111547036,4.343772325229921
2024-10-23,1000,904,0.904,904,0.04278290383004746,0.06117775534431172,-3.929993007522678e-18,1.0,-2.843745649322678,4.24695521480739
2024-10-24,1000,906,0.906,906,0.04365021374035979,0.06550130534786301,-1.1763952578809606e-17,1.0,-2.840134650004866,4.319493647506926
2024-10-25,1000,909,0.909,908,0.04158401799924841,0.07554675639397597,-7.816751768537955e-18,1.0000000000000002,-2.825234351797465,4.417068801455791
2024-10-28,1000,914,0.914,913,0.04298746084696397,0.07595511003990676,-7.773990544421227e-18,1.0,-2.833099989482251,4.646376871690296
2024-10-29,1000,911,0.911,909,0.06905667092150095,0.09212945200405669,-1.5599181904722288e-17,0.9999999999999993,-2.8627924021086057,4.602032908881272
2024-10-30,1000,911,0.911,909,0.06103308719644961,0.07063637729254842,0.0,0.9999999999999997,-3.2107306098379467,4.647950001989776
2024-10-31,1000,914,0.914,913,0.06948705382669894,0.0713945201498962,3.8869952722106136e-18,0.9999999999999998,-3.19137584788075,4.641801870824418
2024-11-01,1000,911,0.911,909,0.0411379647884134,0.05080988957486442,1.5599181904722288e-17,1.0000000000000004,-3.1553272910359644,4.52518061112218
2024-11-04,1000,913,0.913,911,0.038772104253999774,0.04178420028020184,0.0,0.9999999999999999,-3.1743670201185084,4.618304264359263
2024-11-05,1000,921,0.921,918,0.06769614597544989,0.07934838486764736,-1.1572357259936486e-17,0.9999999999999997,-3.13661158909188,4.807631806355536
2024-11-06,1000,918,0.918,915,0.06542035316853036,0.10709670077723124,0.0,0.9999999999999999,-3.1478984796890597,4.798174700017391
2024-11-07,1000,926,0.926,924,0.015678117845020205,0.062438430667893785,-1.5346495372788342e-17,0.9999999999999998,-3.18043106712948,4.769941482745041
2024-11-08,1000,923,0.923,922,0.040130593154224105,0.11251924695896953,-3.8490939098596974e-18,1.0000000000000002,-3.181642143567488,4.848169740435258
2024-11-11,1000,924,0.924,923,0.04391883688129957,0.11933921698545197,-3.844928223810066e-18,1.0000000000000004,-3.215523395345869,4.979217350349255
2024-11-12,1000,921,0.921,920,0.025630965177284935,0.1262252639384451,1.5429809679915314e-17,0.9999999999999996,-3.2000425571448052,4.911651993105094
2024-11-13,1000,920,0.92,919,0.013188885813497284,0.10934184248753899,-1.9308226515220113e-17,0.9999999999999994,-3.2068975472369194,4.989263201691803
2024-11-14,1000,917,0.917,916,0.010055249410944931,0.10532528947836661,2.3245672925630322e-17,0.9999999999999998,-3.244172448275987,4.931514049981212
2024-11-15,1000,916,0.916,916,-0.043844920915649836,0.021212355139925077,3.878508382969979e-18,0.9999999999999996,-3.2492407040337,4.866856213299596
2024-11-18,1000,916,0.916,915,-0.09552243503962524,-0.04725643089277535,7.757016765939958e-18,1.0000000000000002,-3.214522395739414,4.8525531791617444
2024-11-19,1000,917,0.917,916,-0.041768754089734406,0.015200624495474973,2.3245672925630322e-17,0.9999999999999989,-3.26071349266521,4.673035671581451
2024-11-20,1000,917,0.917,916,-0.044612013943479155,0.018353883466266683,-1.9371394104691935e-17,0.9999999999999999,-3.2495260597169526,4.871182006783227
2024-11-21,1000,917,0.917,916,-0.034882003663508424,0.019060989332726624,-3.874278820938387e-18,1.0000000000000007,-3.2173852948769945,4.87638544670235
2024-11-22,1000,915,0.915,912,-0.051581316588696115,-0.008269738407107447,-3.494472470951313e-17,0.999999999999999,-3.2229976004923637,4.973746244326848
2024-11-25,1000,914,0.914,912,-0.012372614535583235,0.047185590143466224,-1.166098581663184e-17,0.9999999999999992,-3.2067651780750897,4.881080297944376
2024-11-26,1000,914,0.914,912,-0.031686245156031904,0.045798797523605606,1.9434976361053068e-17,1.0000000000000002,-3.1948295784739384,4.888811751130329
2024-11-27,1000,917,0.917,914,0.034570982397497445,0.09278471103739833,0.0,0.9999999999999998,-3.1767969080057075,4.966117360478509
2024-11-28,1000,917,0.917,915,0.00810614454510814,0.06550703441246579,-1.1622836462815161e-17,1.0000000000000002,-3.1544887127047527,4.984505991503176
2024-11-29,1000,917,0.917,912,0.028344480762844335,0.08075699499386557,-3.874278820938387e-18,1.0000000000000004,-3.204490440586608,5.0540839305988925
2024-12-02,1000,920,0.92,917,0.04813767797780361,0.10341681144111954,-1.9308226515220113e-17,0.9999999999999996,-3.1627909059480683,5.1991150361892595
2024-12-03,1000,920,0.92,915,0.02439944732495311,0.06158294193086024,-3.861645303044023e-18,1.0,-3.1994736073724814,5.10050594285355
2024-12-04,1000,922,0.922,918,0.01931155681250364,0.05904139660309687,-7.70653726420933e-18,0.9999999999999998,-3.175158455296902,5.01317256064302
2024-12-05,1000,924,0.924,920,0.061412917291469256,0.0850666653875906,-1.922464111905033e-17,1.0000000000000002,-3.1625510266116823,5.022237703061797
2024-12-06,1000,925,0.925,922,0.032094166184932015,0.06413842376554713,0.0,1.000000000000001,-3.133240721265256,5.016821290886926
2024-12-09,1000,925,0.925,922,0.031063661829914935,0.0736456149248553,1.152231463394757e-17,0.9999999999999992,-3.096040304865897,4.985392984560734
2024-12-10,1000,924,0.924,921,0.0143681757264065,0.06742686499647144,1.922464111905033e-17,0.9999999999999994,-3.135117959120889,4.952183608310207
2024-12-11,1000,926,0.926,923,0.004814778538896992,0.05473071753767419,-7.673247686394171e-18,1.0000000000000004,-3.097871711402271,5.08273468507349
2024-12-12,1000,928,0.928,925,0.00867214369182606,0.06477252851696867,-7.656710514656252e-18,1.0,-3.1340807590363546,5.131879354289491
2024-12-13,1000,923,0.923,922,0.003524345907303796,0.05192155029089159,0.0,0.9999999999999994,-3.146318007756614,5.111399218024433
2024-12-16,1000,924,0.924,922,-0.028786745800590683,0.006718394882818741,-7.689856447620132e-18,1.0000000000000004,-3.1926925499485503,5.133122059486416
2024-12-17,1000,919,0.919,918,-0.05539557833206718,-0.006642573769685141,-3.865847310990752e-18,1.0,-3.1878881686195055,5.081869832245109
2024-12-18,1000,921,0.921,920,-0.023178303281790876,0.02919884851254569,0.0,1.0000000000000002,-3.1510992223609056,5.061342932706597
2024-12-19,1000,921,0.921,920,-0.040184446302615306,0.012013452459288455,1.5429809679915314e-17,1.0000000000000013,-3.1820137624100195,5.041538475130713
2024-12-20,1000,920,0.92,918,-0.006915654652077621,0.035445151681250266,1.1584935909132068e-17,1.0000000000000009,-3.2164405773675693,5.08777035231267
2024-12-23,1000,914,0.914,913,-0.05657605814964519,-0.03067534928293031,-2.7208966905474295e-17,0.9999999999999996,-3.2259605707770826,4.94579983266641
2024-12-24,1000,916,0.916,916,-0.06871044186814633,-0.03982868218547213,1.5514033531879916e-17,0.9999999999999998,-3.2164952742374773,4.923251981850041
2024-12-25,1000,914,0.914,914,-0.07819424899697487,-0.0441320138903882,-2.332197163326368e-17,1.0,-3.1975143529621253,4.769779509926895
2024-12-26,1000,913,0.913,913,-0.06870857756016538,-0.038241239030881134,-1.556501064096605e-17,1.0000000000000004,-3.1959172029362652,4.789296952039072
2024-12-27,1000,915,0.915,913,-0.05320081165693128,-0.01798616980516603,-1.553098875978361e-17,1.0000000000000002,-3.216458244945779,4.852373996696327
2024-12-30,1000,912,0.912,910,-0.09110108636778885,-0.07019859852796945,-2.337311630789803e-17,0.9999999999999997,-3.221925811743349,4.782237255888643
2024-12-31,1000,911,0.911,907,-0.11675786744294606,-0.08106217397807193,-3.899795476180572e-18,1.0,-3.2135537637747245,4.745559054008908
2025-01-02,1000,905,0.905,904,-0.08753331416413497,-0.0651756806597154,0.0,1.0,-2.709535077112047,4.825117937957123
2025-01-03,1000,899,0.899,898,-0.08571182676313462,-0.08803158405778175,-7.903701176419357e-18,0.9999999999999999,-2.72005369920807,4.758584305676406
2025-01-06,1000,901,0.901,900,-0.06584803986032228,-0.07106023378738721,1.9715392224198118e-17,1.0000000000000004,-2.708722824775593,4.712342739589369
2025-01-07,1000,902,0.902,901,-0.06017463394454816,-0.07407515627453987,7.87741392195233e-18,0.9999999999999994,-2.7123087624686035,4.713333044478648
2025-01-08,1000,901,0.901,900,-0.02745384504818226,-0.035072481100994354,1.182923533451887e-17,1.0,-2.703127754846109,4.71538503670983
2025-01-09,1000,902,0.902,900,-0.00789285961645029,-0.0002936218305473059,3.938706960976165e-18,1.0000000000000004,-2.6897991654433695,4.7305102193295605
2025-01-10,1000,897,0.897,895,-0.027921806430352046,-0.02096450159972409,3.1685294794207366e-17,1.0000000000000004,-2.8300033662811743,4.514071445827865
2025-01-13,1000,896,0.896,894,-0.01837633630002536,-0.0026957004459609566,-3.9650822308041306e-17,0.9999999999999997,-2.801574380285812,4.448716964107466
2025-01-14,1000,901,0.901,899,-0.02399682954882231,-0.0037056685016637362,-1.5772313779358495e-17,1.0,-2.715699836101999,4.71901994032188
2025-01-15,1000,901,0.901,898,-0.03786718455712188,-0.014917411869097336,-1.5772313779358495e-17,0.9999999999999996,-2.7096997341636024,4.750005422408695
2025-01-16,1000,901,0.901,899,-0.04859904614988264,-0.03780973504300783,5.5203098227754734e-17,0.9999999999999994,-3.1074588199662196,4.756694389891381
2025-01-17,1000,901,0.901,898,-0.01940434176077237,0.004673961196199309,-3.9430784448396236e-17,0.9999999999999993,-2.735587219000076,4.767572393743122
2025-01-20,1000,902,0.902,899,-0.03091986413478558,-0.0027322947230925417,3.938706960976165e-18,0.9999999999999994,-3.1277043872912564,4.761585344608721
2025-01-21,1000,901,0.901,898,-0.008309285358576,0.027686763582766213,1.9715392224198118e-17,0.9999999999999992,-3.1613499301662453,4.771396957549601
2025-01-22,1000,895,0.895,893,0.005899854094650732,0.04818711420083524,-1.9847562451399447e-17,0.9999999999999994,-2.7847777643075067,4.386268519616539
2025-01-23,1000,895,0.895,893,-0.00022432923691664909,0.03873939140274703,-2.7786587431959227e-17,0.9999999999999996,-2.76798068059304,4.360235688845612
2025-01-24,1000,895,0.895,893,0.025501189782721673,0.061913236568064835,-2.3817074941679335e-17,0.999999999999999,-2.7736337781825307,4.342067921624571
2025-01-27,1000,899,0.899,897,-0.014469359044724605,0.024767653942146355,-4.7422207058516144e-17,0.9999999999999998,-3.1096102716787337,4.428047171596678
2025-02-05,1000,900,0.9,897,-0.02454939621002027,0.02518580987268362,-3.552713678800501e-17,1.0000000000000007,-3.154414850664417,4.407491956604527
2025-02-06,1000,900,0.9,899,0.0014418834864784774,0.04535289779447903,3.947459643111668e-18,0.9999999999999996,-3.1789371392015537,4.386179644557255
2025-02-07,1000,904,0.904,903,-0.010030752484951961,0.0164763311166304,-1.964996503761339e-17,1.0000000000000007,-3.1287273253931502,4.642954154259069
2025-02-10,1000,905,0.905,905,-0.0057558883238218814,0.015357915372787282,1.5702601895250834e-17,1.0000000000000002,-3.142534033402149,4.6378305390153205
2025-02-11,1000,904,0.904,904,-0.02021700344316661,-0.002968551601652739,3.929993007522678e-18,0.9999999999999998,-3.1688485760170546,4.612925263373986
2025-02-12,1000,905,0.905,905,0.004922067313094342,0.027354017193085684,-3.9256504738127085e-18,1.0000000000000009,-3.193188197102012,4.814132798219617
2025-02-13,1000,905,0.905,905,0.00938271487219433,0.0521450208046257,7.851300947625417e-18,1.0000000000000002,-3.168155785597676,4.649454473354711
2025-02-14,1000,905,0.905,902,-0.0020269818370589688,0.029194154535218998,-2.747955331668896e-17,1.0000000000000002,-3.206462987660202,4.664068466545119
2025-02-17,1000,906,0.906,904,0.006000675651407922,0.032616115305483036,-2.352790515761921e-17,1.0000000000000009,-3.1964943637570973,4.654932696221353
2025-02-18,1000,904,0.904,901,0.010158360281923311,0.042640088392560796,3.929993007522678e-18,0.9999999999999997,-3.1610234219312128,4.645262985617966
2025-02-19,1000,904,0.904,901,0.03524451450089707,0.060310819654356786,3.929993007522678e-18,0.9999999999999996,-3.191774592074151,4.642997926569918
2025-02-20,1000,905,0.905,902,0.05511941052542929,0.07174918315296708,-7.851300947625417e-18,1.0,-3.16816520849693,4.662891529638451
2025-02-21,1000,907,0.907,904,0.09931845961275923,0.11184444166547229,5.875491199780322e-17,0.9999999999999991,-3.1884958166869617,4.684044794470354
2025-02-24,1000,906,0.906,902,0.0708400507207078,0.0923440501253648,-1.1763952578809606e-17,1.000000000000001,-3.193940329366738,4.607536929268096
2025-02-25,1000,904,0.904,901,0.11312612209867447,0.13394518865401692,3.929993007522678e-18,0.9999999999999997,-3.1933725669743542,4.601702294245982
2025-02-26,1000,907,0.907,905,0.09573775495714627,0.11078557922428431,-2.3501964799121286e-17,0.9999999999999998,-3.083241133566104,4.687404783324389
2025-02-27,1000,908,0.908,905,0.0724787630092227,0.09839968700003111,-1.173804078898844e-17,0.9999999999999999,-3.06077709199261,4.695720815997653
2025-02-28,1000,905,0.905,904,0.04221423210642415,0.07776494017230784,-3.9256504738127085e-18,1.0000000000000004,-3.0463366262307696,4.6358994138146095
2025-03-03,1000,906,0.906,904,-0.003616224507222135,0.039910921442164626,-1.9606587631349344e-17,1.0,-3.020458364324985,4.6502722927283955
2025-03-04,1000,906,0.906,904,0.03909691301164085,0.06667046518196376,7.842635052539737e-18,0.9999999999999994,-2.9893816606951895,4.622755157134339
2025-03-05,1000,906,0.906,903,0.07603313758887577,0.09619975698033752,-7.842635052539737e-18,1.0000000000000002,-2.969338866512986,4.572965309526824
2025-03-06,1000,907,0.907,904,0.11351309323102912,0.10942052956856543,1.1750982399560643e-17,1.0000000000000002,-3.031361636181911,4.6526327247822055
2025-03-07,1000,905,0.905,902,0.07566830508776348,0.084462150580096,3.9256504738127085e-18,1.0,-2.966504244602872,4.647816891544612
2025-03-10,1000,906,0.906,904,0.09452602438228473,0.10565808284269991,-3.9213175262698686e-18,1.000000000000001,-2.9629172175915857,4.676246789618672
2025-03-11,1000,906,0.906,904,0.08072446792753303,0.07854154744445517,4.313449278896855e-17,0.9999999999999998,-2.9462147789138835,4.680803169444258
2025-03-12,1000,906,0.906,904,0.05907312707741176,0.05596775418810355,-2.7449222683889082e-17,1.0000000000000007,-2.9788701530859947,4.68801365357286
2025-03-13,1000,905,0.905,903,0.008565864777149781,-0.00048151506636489894,2.355390284287625e-17,0.9999999999999992,-2.9341033711808615,4.6718206397276765
2025-03-14,1000,906,0.906,902,0.005518790213716484,0.0053690469985113965,-3.9213175262698686e-18,0.9999999999999997,-2.9918284882311337,4.704128768538043
2025-03-17,1000,906,0.906,905,0.01128486940860851,0.029745494918777555,1.1763952578809606e-17,0.9999999999999994,-3.007533256606926,4.639033687146465
2025-03-18,1000,906,0.906,904,0.026452024652674162,0.034924013351005326,0.0,1.0000000000000007,-3.0219137808830596,4.6348077243143075
2025-03-19,1000,905,0.905,904,0.029135530850879585,0.03345954184831321,-2.747955331668896e-17,0.9999999999999997,-2.9882337639887693,4.55305761329365
2025-03-20,1000,905,0.905,903,0.033596442128297835,0.037926895418874465,0.0,0.9999999999999991,-2.993390761576325,4.5535932591540655
2025-03-21,1000,904,0.904,901,-0.030999474039605356,-0.028684347721897027,7.859986015045356e-18,1.0,-2.9503002760807835,4.538551685877946
2025-03-24,1000,903,0.903,900,-0.009305206155905126,-0.02279127196743039,1.1803035477742528e-17,1.0000000000000007,-2.9379938347919823,4.530023195368075
2025-03-25,1000,904,0.904,901,-0.05341258169023568,-0.07829448276080517,-3.929993007522678e-17,1.0000000000000002,-2.9515646119682524,4.4897116442209475
2025-03-26,1000,904,0.904,902,-0.03927466394946798,-0.05887313775107662,7.859986015045356e-18,0.9999999999999987,-2.9759665030365747,4.580780678006946
2025-03-27,1000,904,0.904,903,-0.020924460654179338,-0.046182732500675026,-2.3579958045136068e-17,0.9999999999999997,-2.984327368149371,4.550121819157912
2025-03-28,1000,903,0.903,902,-0.025283185363181263,-0.04400159280015556,3.934345159247509e-18,1.0000000000000004,-3.028566182017843,4.5004901737624445
2025-03-31,1000,900,0.9,897,-0.0008138797000476424,-0.01613781615185819,-1.578983857244667e-17,1.0000000000000004,-3.0720145307742777,4.105597120532934
2025-04-01,1000,900,0.9,898,-0.05186193678538929,-0.0674780755924997,3.947459643111668e-18,0.9999999999999999,-3.010882964370473,4.6702853306650205
2025-04-02,1000,901,0.901,899,-0.09361698608977889,-0.11817883642043588,-7.886156889679247e-18,1.0000000000000004,-3.021006709238619,4.579812879831267
2025-04-03,1000,901,0.901,899,-0.14270152375105155,-0.1648569985657988,3.5487706003556616e-17,0.999999999999999,-2.9912146960322765,4.48481891085971
2025-04-07,1000,894,0.894,892,-0.09551368502744632,-0.09933687165788171,-1.9869763304253362e-17,0.9999999999999996,-3.0567354938061486,4.208280141511058
2025-04-08,1000,892,0.892,890,-0.10222486204597678,-0.10740490987913587,0.0,1.0000000000000013,-3.1005621042304776,4.321688499001271
2025-04-09,1000,894,0.894,891,-0.0660129734061361,-0.06415111523683735,1.5895810643402688e-17,1.0000000000000007,-3.1480342721790144,4.270598071512448
2025-04-10,1000,897,0.897,894,-0.04189957300041669,-0.0393056583191664,-1.1881985547827762e-17,1.0,-3.1579883942968268,4.182437842189003
2025-04-11,1000,897,0.897,894,0.002854785806453651,0.019076363871276553,1.1881985547827762e-17,1.0,-3.1110954894966913,4.579884476618334
2025-04-14,1000,900,0.9,897,0.034399557124774535,0.04073556754641143,2.7632217501781673e-17,1.0000000000000004,-3.0637416555914,4.587212863706272
2025-04-15,1000,900,0.9,897,0.0014569479054686739,0.013673217568793153,1.1842378929335004e-17,1.0000000000000002,-3.716925264537362,4.499034656126246
2025-04-16,1000,899,0.899,896,0.0035482161009749635,0.018284797022183347,3.9518505882096784e-18,1.0000000000000004,-3.707224849600345,4.292696740652147
2025-04-17,1000,902,0.902,899,-0.015055042012217256,0.002516348714742428,0.0,1.0000000000000007,-3.1065982979537416,4.465143975635504
2025-04-18,1000,903,0.903,899,-0.023362484803966303,-0.020083820058015525,-3.934345159247509e-18,0.9999999999999996,-3.0949441676733906,4.460045758820284
2025-04-21,1000,901,0.901,897,0.0066253972306042595,0.014377446368476042,0.0,1.0000000000000009,-3.093781533054334,4.530205463598239
2025-04-22,1000,900,0.9,897,-0.008653252406455583,0.01444026085417437,-1.973729821555834e-17,1.0000000000000009,-3.1274255797021167,4.516326621742564
2025-04-23,1000,899,0.899,896,-0.026969901842913355,-0.0038308400053510758,1.9759252941048393e-17,0.9999999999999996,-3.1032415391715453,4.472041673679089
2025-04-24,1000,900,0.9,897,-0.02896135686727429,0.008532678828702482,1.578983857244667e-17,0.9999999999999994,-3.0769170504621117,4.433540591505474
2025-04-25,1000,901,0.901,898,-0.03964141716602759,0.012620624907955,2.365847066903774e-17,1.0,-3.056710816807275,4.404378097739325
2025-04-28,1000,899,0.899,897,-0.0519937860447983,0.005071450190517554,3.9518505882096784e-18,1.0000000000000004,-2.7976132555170126,4.338639526102449
2025-04-29,1000,902,0.902,898,-0.043420656623754515,0.015675937381482454,5.1203190492690145e-17,0.9999999999999994,-2.8030624366898347,4.342176190371591
2025-04-30,1000,899,0.899,897,-0.0068132331274120125,0.06317014262327751,1.1855551764629036e-17,0.9999999999999992,-2.8130365916137223,4.190623449356415
2025-05-06,1000,898,0.898,896,0.025569957176844064,0.09043771556157157,2.3737507876172613e-17,0.9999999999999994,-2.8241520833499596,4.12416716964502
2025-05-07,1000,901,0.901,898,-0.002934716058028032,0.06946462161088339,-1.9715392224198118e-17,1.0000000000000009,-2.781465676662309,4.094115368847611
2025-05-08,1000,903,0.903,900,0.0003463326821950715,0.057567408080053194,7.868690318495018e-18,0.9999999999999999,-2.743490682596888,4.513647256704597
2025-05-09,1000,901,0.901,900,-0.012852774957065823,0.036835483031779366,-3.943078444839624e-18,0.9999999999999988,-2.7877360816014702,4.166021359101573
2025-05-12,1000,901,0.901,900,0.0038137107335480622,0.043002930470102806,1.9715392224198118e-17,0.9999999999999996,-2.7766148304424294,4.1219378535377045
2025-05-13,1000,900,0.9,900,-0.006020052183129722,0.04294955786612192,-3.947459643111668e-18,1.000000000000001,-2.7543475401345474,4.150287380518665
2025-05-14,1000,901,0.901,901,-0.018423022569868462,0.037569983181573216,-3.943078444839624e-18,0.9999999999999996,-2.7635347759493745,3.9761149727007274
2025-05-15,1000,900,0.9,900,-0.028504743625090784,0.030260319808899917,-3.157967714489334e-17,1.0000000000000002,-2.758457371933421,4.012320906106868
2025-05-16,1000,900,0.9,899,-0.024146923243972555,0.04215194314998609,7.894919286223335e-18,0.9999999999999997,-2.770951769402313,3.894510964041193
2025-05-19,1000,901,0.901,901,0.0017894817119632252,0.06589771479932398,7.886156889679247e-18,0.9999999999999994,-3.022691521034417,3.906022725421088
2025-05-20,1000,900,0.9,900,-0.011663439022604442,0.04486281488076211,3.947459643111668e-18,1.0000000000000004,-2.7619156312011746,3.9634131837069027
2025-05-21,1000,900,0.9,900,0.00047077510678979146,0.061128825696674216,0.0,1.0,-2.746304113893627,3.927671953202729
2025-05-22,1000,900,0.9,900,0.022132122254459215,0.09486528580969882,-3.947459643111668e-18,0.9999999999999997,-2.7433132622345138,3.9638016436482224
2025-05-23,1000,900,0.9,899,-0.0032200499462687947,0.05043783926715669,0.0,1.0,-2.7607930041091557,3.9940354345632736
2025-05-26,1000,899,0.899,899,0.007830007773619137,0.07117471732870358,-1.1855551764629036e-17,0.9999999999999999,-2.745134342609473,3.9321958154029515
2025-05-27,1000,899,0.899,899,0.0006748019548142979,0.05937591242766962,1.1855551764629036e-17,1.0000000000000007,-2.749640617850169,3.9808875078888577
2025-05-28,1000,899,0.899,899,0.004855736195993708,0.04651311914073295,-7.903701176419357e-18,1.0,-2.7441710560549866,4.005851004893788
2025-05-29,1000,901,0.901,901,0.0024549266860949964,0.06866628750074513,-1.182923533451887e-17,1.0000000000000007,-2.7442315577186354,4.003987420487924
2025-05-30,1000,900,0.9,900,-0.03190152580177114,-0.0007010708301374102,-3.947459643111668e-18,0.9999999999999989,-2.744185846316927,4.024289049946031
2025-06-03,1000,901,0.901,901,-0.01786803621291424,0.005866037021630876,-1.5772313779358495e-17,1.0,-2.743596803380469,4.089854290693095
2025-06-04,1000,902,0.902,901,0.025864669109219012,0.07733806646097559,-7.87741392195233e-18,1.0000000000000007,-2.7690692518753153,4.116343252115306
2025-06-05,1000,900,0.9,899,0.03926607192210092,0.11155038435583378,-2.3684757858670008e-17,0.9999999999999999,-2.7644617057551577,4.11200847509624
2025-06-06,1000,900,0.9,899,0.05033609642557367,0.1348102148927936,-3.947459643111668e-18,1.0000000000000007,-2.746449863203559,4.108053630718811
2025-06-09,1000,903,0.903,903,0.07290367791883985,0.16138245382924396,7.868690318495018e-18,1.0000000000000004,-2.7523912246252937,4.129846436242439
2025-06-10,1000,901,0.901,901,0.06074694277564251,0.14332523758007007,2.7601549113877367e-17,0.9999999999999997,-2.7681881991428,4.133945756337882
2025-06-11,1000,902,0.902,902,0.05776805729996937,0.1475764288095162,-1.575482784390466e-17,1.000000000000001,-2.766197974440114,4.129731997952988
2025-06-12,1000,902,0.902,902,0.09558840284706092,0.1693092113465888,7.87741392195233e-18,1.0000000000000007,-2.7690474785703634,4.1448903782062825
2025-06-13,1000,898,0.898,898,0.08049233916347442,0.15188564201984928,-1.1868753938086306e-17,0.9999999999999999,-2.769523941097176,4.111213041532134
2025-06-16,1000,900,0.9,900,0.11724212410887491,0.20017198955309268,-3.947459643111668e-18,0.9999999999999999,-2.7514340972367877,4.177351405129223
2025-06-17,1000,901,0.901,901,0.0570452312719302,0.1329518333735435,0.0,1.0000000000000002,-2.756901632263876,4.188701112163243
2025-06-18,1000,901,0.901,901,0.05942512836456704,0.13031280320285077,-1.9715392224198118e-17,0.9999999999999997,-2.7681564296061074,4.177603360022882
2025-06-19,1000,901,0.901,900,0.021718649467884616,0.08332694272185086,0.0,0.999999999999999,-2.7755496489878873,4.204328900040996
2025-06-20,1000,901,0.901,901,0.04119174677013407,0.08981528468850997,3.943078444839624e-18,0.9999999999999992,-2.7843828704647806,4.177461857531745
2025-06-23,1000,901,0.901,900,0.08168137709008973,0.15545860664557623,-7.886156889679247e-18,0.9999999999999997,-2.7830655685528414,4.159359489730652
2025-06-24,1000,902,0.902,901,0.12589951797137608,0.1975666726050195,-3.150965568780932e-17,1.0,-2.762117984683731,4.183825156904614
2025-06-25,1000,902,0.902,901,0.1301178155549136,0.19961043695073502,-1.575482784390466e-17,0.9999999999999998,-2.7681404052987912,4.229823982466685
2025-06-26,1000,903,0.903,902,0.11279456143367152,0.17423920708191246,-1.5737380636990037e-17,1.0,-2.7891683150086717,4.268837950684416
2025-06-27,1000,904,0.904,903,0.10168615491018106,0.17145871907175247,0.0,1.0,-2.7863846852384655,4.230029331984953
2025-06-30,1000,906,0.906,906,0.10541567155144525,0.19556357499237625,2.7449222683889082e-17,1.0000000000000002,-2.787955603780942,4.1837396417164285
2025-07-01,1000,906,0.906,906,0.08140960849809897,0.15123077576773156,0.0,1.0000000000000009,-2.792211583120887,4.192384802738116
2025-07-02,1000,908,0.908,908,0.03084447054375676,0.10962239189516179,-1.9563401314980733e-17,0.9999999999999998,-2.766031475945525,4.7058537597795675
2025-07-03,1000,907,0.907,907,0.0188306931285806,0.09090304562288358,1.9584970665934403e-17,1.0000000000000002,-2.806491427702693,3.996030475378522
2025-07-04,1000,907,0.907,904,0.008835824347967283,0.08329403348148808,3.133595306549505e-17,0.9999999999999996,-2.8134460843337874,4.047037281584613
2025-07-07,1000,905,0.905,903,-0.013238650456702548,0.05169938715593864,-1.5702601895250834e-17,0.9999999999999998,-2.7875751664279487,4.140281101930337
2025-07-08,1000,910,0.91,907,-0.010256711050537593,0.051360544113751495,-7.808161931429672e-18,1.0000000000000007,-2.781209488513164,4.688606365174404
2025-07-09,1000,911,0.911,908,-0.019353486582024685,0.04063063929639398,7.799590952361144e-18,1.0,-2.7709853421022927,4.6961160548889
2025-07-10,1000,914,0.914,911,-0.04833025872146763,0.0009644272737639643,-1.5547981088842454e-17,1.0,-2.7697665384572296,4.645832578788761
2025-07-11,1000,917,0.917,915,-0.005679917594703814,0.04831934868575545,7.748557641876774e-18,1.0000000000000002,-2.7606160557192454,4.664386558476357
2025-07-14,1000,915,0.915,913,-0.040738598912190456,0.006006578545420728,-1.553098875978361e-17,0.9999999999999997,-2.7653115210340675,4.6635096659401984
2025-07-15,1000,916,0.916,913,-0.016161298785979893,0.0249971891047457,7.757016765939958e-18,1.0,-2.780408396701812,4.281705990888669
2025-07-16,1000,915,0.915,912,-0.019848358625793105,0.03628652182648424,7.765494379891805e-18,0.9999999999999988,-2.7962845404668824,4.279939355542712
2025-07-17,1000,916,0.916,912,-0.018767075220887944,0.04210887986641539,-3.102806706375983e-17,0.9999999999999998,-2.7830753857608173,4.601218308507876
2025-07-18,1000,916,0.916,914,-0.05679068120758735,-0.015306650319674743,1.5514033531879916e-17,1.000000000000001,-2.795209958819204,4.5291203331631396
2025-07-21,1000,916,0.916,914,-0.09207740973970528,-0.08578868379775201,7.757016765939958e-18,1.0000000000000007,-2.7410197542154466,4.550908862631472
2025-07-22,1000,916,0.916,915,-0.11132916231952288,-0.1209811822325432,-3.878508382969979e-18,0.9999999999999999,-2.7072096382352853,4.37320448456195
2025-07-23,1000,915,0.915,914,-0.11787963421311631,-0.11725272296066683,3.8827471899459027e-17,1.0000000000000002,-2.730583964806423,4.506115560210749
2025-07-24,1000,917,0.917,916,-0.11060035829251043,-0.12002375223926415,-1.549711528375355e-17,1.0,-2.767993962900422,4.544725211993115
2025-07-25,1000,917,0.917,915,-0.10357043212324527,-0.09942499897514624,0.0,0.9999999999999998,-2.792611984633181,4.56701514510225
2025-07-28,1000,916,0.916,915,-0.09836066597645486,-0.10194187376388646,0.0,1.0000000000000007,-2.7806743276663224,4.5618942689369915
2025-07-29,1000,917,0.917,915,-0.08509663226159435,-0.09149153879410334,1.549711528375355e-17,1.0000000000000007,-2.7702384301833827,4.578152654429095
2025-07-30,1000,916,0.916,915,-0.08343248470869173,-0.08357981407437153,-1.5514033531879916e-17,0.9999999999999996,-2.7905143304262703,4.5456211661029995
2025-07-31,1000,913,0.913,912,-0.08009729423160579,-0.0661232503554058,-1.1673757980724537e-17,0.9999999999999997,-2.793127201215954,4.236551135343179
2025-08-01,1000,914,0.914,911,-0.10144000429879878,-0.09169695985764743,1.166098581663184e-17,0.9999999999999996,-2.8019134815460416,4.228958294420819
2025-08-04,1000,910,0.91,909,-0.10608092256113105,-0.09767648854934459,-7.808161931429672e-18,1.0000000000000002,-2.7979367471723546,4.2298469180162135
2025-08-05,1000,913,0.913,912,-0.10538339260105027,-0.0884854658211725,0.0,0.9999999999999999,-2.8417228625956445,4.265089887227574
2025-08-06,1000,912,0.912,911,-0.08491739206475324,-0.05936981641273423,1.1686558153949016e-17,0.9999999999999989,-2.855674114206132,4.26698894599523
2025-08-07,1000,911,0.911,910,-0.06327081266383647,-0.026658224187047243,-2.339877285708343e-17,0.9999999999999996,-2.849164819727521,4.29868962377735
2025-08-08,1000,911,0.911,910,-0.08857100995241013,-0.0651685180339363,-1.1699386428541715e-17,0.9999999999999991,-2.82704164994515,4.411279463945892
2025-08-11,1000,911,0.911,910,-0.0777664097325674,-0.05941913797545047,-2.7298568333264003e-17,1.0000000000000002,-2.850757931417312,4.408584825899905
2025-08-12,1000,911,0.911,909,-0.06643493532730517,-0.04963492205806151,-1.949897738090286e-17,0.9999999999999991,-2.823851660634975,4.364334203378259
2025-08-13,1000,910,0.91,910,-0.06434060458333872,-0.04796552238668074,3.904080965714836e-18,1.0,-2.784741763944724,4.188856532511641
2025-08-14,1000,907,0.907,907,-0.07663598146013899,-0.05539203054034367,-1.1750982399560643e-17,1.0000000000000016,-2.747414036237257,4.222006235720577
2025-08-15,1000,908,0.908,907,-0.0639503185503308,-0.04794910309211492,1.5650721051984587e-17,1.0000000000000007,-2.7765478689643137,4.189959766392746
2025-08-18,1000,913,0.913,912,-0.050454923619311004,-0.022119014646442118,7.782505320483025e-18,1.0000000000000002,-2.7943592373996387,4.093756964843493
2025-08-19,1000,913,0.913,912,-0.06504792302333472,-0.03901867189829291,3.8912526602415124e-18,1.0000000000000002,-2.8039169088938616,4.101061629662723
2025-08-20,1000,913,0.913,912,-0.06877661960171101,-0.03829186997259218,1.9456263301207562e-17,0.9999999999999996,-2.82748688659837,4.0436235075034475
2025-08-21,1000,913,0.913,912,-0.081368851785361,-0.02675860623157301,3.8912526602415124e-18,1.0000000000000007,-2.815289005118071,4.081142717319272
2025-08-22,1000,913,0.913,909,-0.06479144738172463,-0.02093044316415083,0.0,0.9999999999999998,-2.8259892042517603,4.0805424385351925
2025-08-25,1000,914,0.914,913,-0.08524152240360763,-0.022888695952192888,1.5547981088842454e-17,0.9999999999999994,-2.8048145416845585,4.878758119687325
2025-08-26,1000,913,0.913,912,-0.08068680860680212,-0.024432618708563204,1.1673757980724537e-17,0.9999999999999996,-2.8778999407607295,4.952721915294622
2025-08-27,1000,913,0.913,911,-0.0893439975292317,-0.04011004423439974,-1.1673757980724537e-17,0.9999999999999991,-2.8934203161105962,4.972984737600735
2025-08-28,1000,912,0.912,910,-0.08561407184816042,-0.0422722359297508,-1.947759692324836e-17,0.9999999999999996,-2.9444379731838763,4.248599338662887
2025-08-29,1000,912,0.912,909,-0.055221907658883525,0.0060833553723486575,0.0,0.9999999999999998,-2.9550743591848683,4.273128553474648
2025-09-01,1000,912,0.912,909,-0.04953509204136248,0.021659137732145003,0.0,1.0000000000000004,-2.95623284168995,4.281619201228963
2025-09-02,1000,909,0.909,905,-0.05308027312823355,0.003281793357682463,7.816751768537955e-18,0.9999999999999999,-2.925057666435918,4.241945310438804
2025-09-03,1000,908,0.908,904,-0.05464069864306675,-0.019571096376184947,1.5650721051984587e-17,1.0000000000000002,-2.937182239997751,4.237906344978528
2025-09-04,1000,908,0.908,905,-0.03763539819499892,0.009543581339154743,-3.912680262996147e-18,1.0000000000000007,-2.940281181836103,4.175247552278628
2025-09-05,1000,909,0.909,907,-0.06393671499876617,-0.014522348712627859,7.816751768537955e-18,1.0000000000000002,-2.946198245979918,4.222490411871426
2025-09-08,1000,911,0.911,909,-0.031122502199185904,0.0421138944204718,1.1699386428541715e-17,1.0,-2.947387241632644,4.192303725295048
2025-09-09,1000,911,0.911,909,-0.05486949475562842,0.012710444890256042,0.0,0.9999999999999994,-2.937508493031643,4.164457034967933
2025-09-10,1000,912,0.912,912,-0.04294434143438408,0.010280661801408084,-1.1686558153949016e-17,1.0,-2.8958779699095847,5.003500033758971
2025-09-11,1000,913,0.913,913,-0.017267720403160745,0.05511861111028006,-1.1673757980724537e-17,0.9999999999999999,-2.902529548877267,5.007317963205313
2025-09-12,1000,913,0.913,912,-0.019585886926950912,0.05431920594998771,1.1673757980724537e-17,0.9999999999999996,-2.899167392130355,5.107055631859244
2025-09-15,1000,914,0.914,914,-0.012808008887993768,0.0802618434080662,3.8869952722106136e-18,1.000000000000001,-2.899421456142105,5.154439585800016
2025-09-16,1000,918,0.918,918,0.00999125616628935,0.10414453361827539,7.74011694727778e-18,0.9999999999999994,-2.900551280093798,5.208256215965986
2025-09-17,1000,918,0.918,918,0.028099945415619033,0.117527346101734,1.161017542091667e-17,1.0000000000000007,-2.89403010371584,5.194487415504479
2025-09-18,1000,918,0.918,917,0.001984639410658621,0.08661724365771142,1.548023389455556e-17,0.9999999999999989,-2.906518307464621,5.185224306792373
2025-09-19,1000,915,0.915,912,-0.0048946424309737205,0.07358697341739893,1.1648241569837708e-17,1.0000000000000007,-2.929181882894485,4.4100581790337365
2025-09-22,1000,912,0.912,911,-0.0034999569880740894,0.08282478570544698,3.1164155077197375e-17,0.9999999999999998,-2.9434685213913867,4.444142183397659
2025-09-23,1000,911,0.911,910,-0.016669610816073308,0.04563838074382135,3.899795476180572e-18,1.0000000000000016,-2.9158008080595916,4.429407340352624
2025-09-24,1000,912,0.912,910,0.010893089840621541,0.07848912977708726,1.5582077538598687e-17,1.000000000000001,-2.9268903240848445,4.4142961445275315
2025-09-25,1000,909,0.909,908,-0.0034563502366289677,0.06148644049057537,2.3450255305613868e-17,0.999999999999999,-2.926809962964077,4.423092029687394
2025-09-26,1000,909,0.909,906,-0.023441790770915256,0.03705235746991365,-1.954187942134489e-17,0.9999999999999999,-2.9331302472301295,4.447963220974285
2025-09-29,1000,907,0.907,906,0.021769439528252464,0.08129252655670927,1.1750982399560643e-17,1.0,-2.9362593175679996,4.440985392623271
2025-09-30,1000,906,0.906,904,-0.0033342413197316695,0.07650811559126092,1.9606587631349344e-17,1.0000000000000004,-2.9394395374671958,4.488622635590171
2025-10-09,1000,907,0.907,906,-0.02179420539629811,0.06531154920079635,2.3501964799121286e-17,0.9999999999999993,-2.8824566105666825,4.525861620229311
2025-10-10,1000,909,0.909,909,-0.05243962084092664,0.02243432008415179,4.2992134726958756e-17,0.9999999999999991,-2.883495655091306,4.484563475639749
2025-10-13,1000,909,0.909,909,0.008479376205400034,0.08389310395166973,3.908375884268978e-18,0.9999999999999999,-2.8620339118154807,4.455202326707815
2025-10-14,1000,909,0.909,909,-0.014752420743605535,0.04534367872394608,0.0,1.0000000000000002,-2.855776190314054,4.430009133213818
2025-10-15,1000,909,0.909,909,0.01551633202531826,0.07460370787377275,2.3450255305613868e-17,0.9999999999999994,-2.8445146179698146,4.443746933220601
2025-10-16,1000,908,0.908,908,0.00527220658299573,0.07956700751383843,-3.912680262996147e-18,0.9999999999999993,-2.8435360397925575,4.422210012559551
2025-10-17,1000,908,0.908,908,0.004523808272217942,0.07998189866616275,7.825360525992294e-18,0.9999999999999996,-2.838325437445604,4.428807136225779
2025-10-20,1000,908,0.908,908,-0.002674097653272881,0.05757926985603909,-1.173804078898844e-17,0.9999999999999993,-2.84297308093714,4.4293868288783615
2025-10-21,1000,908,0.908,908,-0.014036612266133112,0.024888071112754564,1.5650721051984587e-17,1.0000000000000004,-2.814139916302241,4.376840208284992
2025-10-22,1000,909,0.909,908,-0.0030892958214437456,0.029999232499770153,7.816751768537955e-18,1.0000000000000002,-2.801249299256093,4.35352696119291
2025-10-23,1000,909,0.909,908,-0.003129550797438236,0.04982205917958823,-1.563350353707591e-17,1.0000000000000002,-2.8074793118692263,4.328235018349131
2025-10-24,1000,909,0.909,906,0.003162840735252434,0.03853398575957279,1.1725127652806934e-17,1.000000000000001,-2.8142765097175486,4.350597843550783
2025-10-27,1000,908,0.908,906,-0.009606310448697664,0.015985847070994433,-7.825360525992294e-18,0.9999999999999996,-2.845172165551297,4.236979213857436
2025-10-28,1000,908,0.908,906,0.008751076074242874,0.05671603408912703,-1.5650721051984587e-17,1.0000000000000007,-2.8545108732652564,4.150632108883254
2025-10-29,1000,909,0.909,907,-0.005367496389955037,0.045328272772004304,-1.954187942134489e-17,0.9999999999999997,-2.857783048759652,4.289909132513242
2025-10-30,1000,909,0.909,907,-0.03624107755058141,0.017837636508056472,-7.816751768537955e-18,0.9999999999999993,-2.8723170655938914,4.309887591466804
2025-10-31,1000,907,0.907,903,-0.03042301312748624,0.033506915935298774,-3.916994133186881e-18,1.0000000000000007,-2.8769161678254087,4.316156429156329
2025-11-03,1000,907,0.907,903,-0.031982849199484804,0.028665031925177952,3.916994133186881e-18,0.9999999999999994,-2.8798037878371736,4.290796812574064
2025-11-04,1000,907,0.907,903,-0.05053192660840726,0.009190874878647488,-3.916994133186881e-18,1.0,-2.8639883064713847,4.284550819444255
2025-11-05,1000,909,0.909,905,-0.00918764605325813,0.027062908870389764,3.908375884268978e-18,1.0000000000000004,-2.847099129111664,4.305322248635455
2025-11-06,1000,909,0.909,905,-0.013924080651018517,0.04459022367669572,-2.3450255305613868e-17,1.0000000000000004,-2.8534719603402934,4.310775316178308
2025-11-07,1000,908,0.908,905,-0.027854782155171186,0.03244024150753858,1.9563401314980733e-17,0.9999999999999993,-2.8514128034789934,4.290792965934647
2025-11-10,1000,910,0.91,908,-0.059603581716512796,-0.014088058684165574,-1.5616323862859345e-17,1.0000000000000007,-2.8659783894146713,4.301285991860407
2025-11-11,1000,912,0.912,908,-0.07937351230624452,-0.05094760358793094,-1.1686558153949016e-17,1.0000000000000007,-2.86521971616365,4.23478042898955
2025-11-12,1000,912,0.912,908,-0.10627665662881845,-0.07130167722948924,-7.791038769299344e-18,0.9999999999999999,-2.87861349744341,4.253548800581699
2025-11-13,1000,914,0.914,910,-0.08448000020320688,-0.04589483978953847,-2.332197163326368e-17,1.0,-2.8964424028322524,4.265658216393478
2025-11-14,1000,916,0.916,912,-0.08580101392054829,-0.053268827492526115,0.0,1.0,-2.896968402537465,4.237078712372858
2025-11-17,1000,916,0.916,913,-0.04720546771066003,-0.008866799755858638,-7.757016765939958e-18,0.9999999999999999,-2.900233685260054,4.239575742847816
2025-11-18,1000,914,0.914,912,-0.024169114410916192,0.01749534670499446,3.8869952722106136e-18,1.0000000000000002,-2.891076758165655,4.253793105775771
2025-11-19,1000,912,0.912,908,-0.031186412076847633,0.005903578612233845,-3.5059674461847047e-17,0.9999999999999996,-2.9088380671109055,4.276559987881917
2025-11-20,1000,911,0.911,907,-0.047847402761182975,-0.01572356078927836,-1.1699386428541715e-17,0.9999999999999998,-2.903187411798075,4.26719886037737
2025-11-21,1000,911,0.911,905,-0.044714456403468085,0.0021830867047340865,3.899795476180572e-18,0.9999999999999996,-2.892047418725019,4.2955217442284335
2025-11-24,1000,911,0.911,907,-0.0723754659371122,-0.01670258800927487,-1.1699386428541715e-17,1.0000000000000002,-2.870157743827989,4.268086812680809
2025-11-25,1000,910,0.91,907,-0.06815909111974046,-0.011753054791165464,1.5616323862859345e-17,1.0000000000000013,-2.8919077382418226,4.323732561083688
2025-11-26,1000,911,0.911,910,-0.06295538117085787,-0.008822365188806702,7.799590952361144e-18,0.9999999999999993,-2.894678447691327,4.314525456511445
2025-11-27,1000,912,0.912,911,-0.060865921646956894,-0.02115892807369845,0.0,0.999999999999999,-2.896253095623729,4.4033338939850495
2025-11-28,1000,914,0.914,911,-0.045756443332434296,0.006849707950499096,2.332197163326368e-17,1.0000000000000002,-2.8826644185630994,4.412181498989919
2025-12-01,1000,912,0.912,909,-0.030303298372726356,0.022611609579945614,1.1686558153949016e-17,0.9999999999999996,-2.887216173260224,4.470308830092084
2025-12-02,1000,911,0.911,909,-0.05355168673141978,-0.019077352199349588,2.339877285708343e-17,0.9999999999999991,-2.889109856486916,4.4362268950144355
2025-12-03,1000,912,0.912,910,-0.0594095933319653,-0.03373260010972124,1.1686558153949016e-17,0.9999999999999994,-3.0185124213789507,4.96463055897621
2025-12-04,1000,910,0.91,908,-0.062080853467802156,-0.07083451458556254,-7.808161931429672e-18,1.0000000000000002,-2.907750743003081,4.473793977515629
2025-12-05,1000,911,0.911,909,-0.06856073458558566,-0.05154134896506759,3.899795476180572e-18,0.9999999999999999,-2.915212676646218,4.524605454059455
2025-12-08,1000,911,0.911,909,-0.0542135788526256,-0.026955827428409525,0.0,1.0000000000000007,-2.932773021655264,4.5377950078428855
2025-12-09,1000,909,0.909,906,-0.03747242915735719,-0.005828163343286055,-1.1725127652806934e-17,1.0000000000000004,-2.9522705461682737,4.536541314232366
2025-12-10,1000,911,0.911,909,-0.039524298055656965,-0.012697625269450522,0.0,1.0000000000000009,-2.888723628080861,5.215788350334343
2025-12-11,1000,909,0.909,905,-0.04800952099345101,-0.020427746734938523,-7.816751768537955e-18,1.0000000000000002,-2.9509631394211895,4.462269303804023
2025-12-12,1000,909,0.909,903,-0.01958665018259158,0.010153423510665577,2.3450255305613868e-17,0.9999999999999994,-2.9577571719448983,4.493496826429194
2025-12-15,1000,908,0.908,904,-0.046869280540853056,-0.015580802759868763,-1.173804078898844e-17,1.0000000000000002,-2.9580216540090363,4.4183150986851825
2025-12-16,1000,908,0.908,904,-0.05376538386041637,-0.03065360536129155,2.7388761840973025e-17,1.0,-2.9748786123963047,4.372217795828011
2025-12-17,1000,908,0.908,903,-0.08127551540236104,-0.05206486734771077,7.825360525992294e-18,1.0,-2.9691797068846095,4.471417385400524
2025-12-18,1000,906,0.906,903,-0.09550967360222512,-0.06475004969997084,1.1763952578809606e-17,0.9999999999999994,-2.9622326908947736,4.453621533035573
2025-12-19,1000,905,0.905,902,-0.047835457769215314,-0.013907998375314128,1.5702601895250834e-17,1.0000000000000007,-2.96258313774661,4.459201440332492
2025-12-22,1000,904,0.904,902,-0.0362015098892793,-0.002821342131230907,1.1789979022568034e-17,0.9999999999999997,-2.9638814370031357,4.449989726716481
2025-12-23,1000,904,0.904,903,-0.025368386928273305,0.004107916430332186,-7.859986015045356e-18,1.0000000000000004,-2.9644017865190717,4.455667477519086
2025-12-24,1000,904,0.904,903,-0.007589209657989564,0.021311566688680957,-3.929993007522678e-18,1.000000000000001,-2.963889891370858,4.479886614105185
2025-12-25,1000,903,0.903,903,0.027407515196499567,0.07604943049763824,1.1803035477742528e-17,0.9999999999999993,-2.968921130320038,4.538449252589619
2025-12-26,1000,903,0.903,902,0.019751572012733587,0.06351412618198807,1.9671725796237548e-17,1.0000000000000002,-2.9768360277683774,4.571437441646153
2025-12-29,1000,903,0.903,902,0.026149159763645565,0.08572188270110098,-1.1803035477742528e-17,1.0,-2.977110570967838,4.555813643681879
2025-12-30,1000,902,0.902,902,0.07396779395416259,0.13031749241605342,-1.575482784390466e-17,1.0000000000000016,-2.9953120894639205,4.60760630348837
2025-12-31,1000,902,0.902,901,0.05802302546611668,0.10268566499569144,-3.5448362648785484e-17,1.0,-3.010014267448265,4.580091796811999
2026-01-05,1000,902,0.902,901,0.04947966936040527,0.10620398938503403,1.9693534804880827e-17,0.9999999999999998,-3.004782981484057,4.610581443460463
2026-01-06,1000,903,0.903,902,0.03076221280557922,0.07898693473555256,-7.868690318495018e-18,1.0,-3.017811629108386,4.638127195432466
2026-01-07,1000,904,0.904,903,0.07425171819606456,0.10500448284679005,-7.859986015045356e-18,1.0000000000000002,-3.0151396737749936,4.663437162343952
2026-01-08,1000,906,0.906,904,0.07841071283621207,0.1077834112088526,-1.9606587631349344e-17,1.0000000000000002,-2.9878438622190115,4.6009425886118755
2026-01-09,1000,906,0.906,903,0.09635658648713954,0.12293956150292154,7.842635052539737e-18,1.0000000000000002,-3.0066352134121326,4.62890625022068
2026-01-12,1000,906,0.906,902,0.07928736464068818,0.1040030703222684,-1.1763952578809606e-17,1.0,-3.0202931834240525,4.585459175798448
2026-01-13,1000,905,0.905,903,0.05866868883731893,0.08144537280681356,-2.355390284287625e-17,1.0000000000000007,-3.0082330410944653,4.471892284534062
2026-01-14,1000,904,0.904,903,0.07412024427876676,0.10073918360188719,-1.964996503761339e-17,0.9999999999999999,-3.0309489275193853,4.4953344906782595
2026-01-15,1000,903,0.903,902,0.06551598222150802,0.10370344498390395,1.5737380636990037e-17,1.0000000000000002,-3.0292021623022114,4.33658612033106
2026-01-16,1000,901,0.901,900,0.06321760098663015,0.09814172402656128,-3.5487706003556616e-17,0.9999999999999998,-2.968882619008302,4.451407596889711
2026-01-19,1000,902,0.902,900,0.08843312332604696,0.13085299536196962,1.575482784390466e-17,0.9999999999999993,-2.9692161128642676,4.443312298959612
2026-01-20,1000,904,0.904,902,0.054037356076774214,0.0853143078997692,1.5719972030090712e-17,0.9999999999999996,-2.927383177401396,4.384995928103059
2026-01-21,1000,903,0.903,901,0.07040513864166555,0.1171353833661814,-2.3606070955485057e-17,0.9999999999999999,-2.9343162707436727,4.409128506982605
2026-01-22,1000,904,0.904,900,0.07329318927387234,0.14028763229399266,7.859986015045356e-18,1.0000000000000007,-2.933599366154561,4.507630862727772
2026-01-23,1000,908,0.908,904,0.06687452854452522,0.12498044753517401,1.5650721051984587e-17,1.0000000000000002,-2.952430663030705,4.506242196815255
2026-01-26,1000,905,0.905,902,0.0779473040069608,0.1241031179295114,7.851300947625417e-18,1.0,-2.9584776486033317,4.4476156945186345
2026-01-27,1000,905,0.905,902,0.05573788934526232,0.09959487463522033,3.9256504738127085e-18,1.0000000000000002,-2.9726191326465554,4.444443712481766
2026-01-28,1000,906,0.906,903,0.040538097983262765,0.06445297158314327,-1.1763952578809606e-17,1.0000000000000002,-2.9885765046854456,4.424192137718318
2026-01-29,1000,906,0.906,904,0.01673584869036555,0.0699268763443941,-3.9213175262698686e-18,0.9999999999999997,-3.010488561383579,4.242373531524351
2026-01-30,1000,906,0.906,903,0.0195493535410367,0.10299523475047172,3.137054021015895e-17,1.0000000000000002,-2.9875447487302935,4.40246332711626
2026-02-02,1000,905,0.905,904,0.018197129774275678,0.09344957903553441,-7.851300947625417e-18,1.0000000000000004,-2.989865736140317,4.595651126639738
2026-02-03,1000,905,0.905,904,0.06967693294515565,0.1354954635296882,-1.5702601895250834e-17,1.0000000000000007,-2.978005747337911,4.728262582264555
2026-02-04,1000,907,0.907,906,0.07261016640357472,0.14415471405609304,3.9169941331868806e-17,1.0000000000000007,-2.992581443498086,4.653225508057182
2026-02-05,1000,907,0.907,906,0.09662451025090558,0.1580191950410698,3.916994133186881e-18,0.9999999999999999,-3.000176220580664,4.659331521708599
2026-02-06,1000,905,0.905,904,0.08505639450573065,0.14377516557084782,3.9256504738127085e-18,1.0,-3.001194717249068,4.632115159970589
2026-02-09,1000,905,0.905,905,0.12534974067659033,0.17994720733881028,-7.851300947625417e-18,0.9999999999999998,-2.990459629226712,4.577239797853633
2026-02-10,1000,907,0.907,906,0.11297444666714006,0.1561023195760112,2.3501964799121286e-17,0.9999999999999996,-3.0044032027377674,4.550559927111121
2026-02-11,1000,907,0.907,906,0.0969806388392017,0.1607194112149414,3.916994133186881e-18,0.9999999999999992,-3.0112332103535433,4.458696660528533
2026-02-12,1000,907,0.907,907,0.12331865711743265,0.1874772167951747,-3.916994133186881e-18,1.0000000000000002,-3.013629516897303,4.429465416630851
2026-02-13,1000,906,0.906,905,0.1097928025422932,0.16551413465146878,0.0,0.9999999999999994,-2.997236913659398,4.459222525320066
2026-02-24,1000,906,0.906,905,0.08842436515954946,0.14591654710345664,-1.5685270105079474e-17,0.9999999999999998,-2.9520004477758746,4.416649020333958
2026-02-25,1000,907,0.907,907,0.08397009611076421,0.12691650316689965,-3.916994133186881e-18,0.9999999999999997,-2.959854839060661,4.429084270811182
2026-02-26,1000,906,0.906,906,0.11037800852195706,0.13990866327044,-1.5685270105079474e-17,0.9999999999999999,-2.948699695553061,4.48411073554784
2026-02-27,1000,906,0.906,904,0.06713144555830966,0.08889353034537464,3.137054021015895e-17,0.9999999999999993,-2.926142507532772,4.508854704418681
2026-03-02,1000,906,0.906,906,0.056959236215067696,0.07438932046296308,-2.352790515761921e-17,0.9999999999999993,-2.941716971261346,4.510082190166645
2026-03-03,1000,906,0.906,906,0.00752817234860852,0.012944831048502385,3.9213175262698686e-18,0.9999999999999997,-2.9669911216185567,4.5224723515601415
2026-03-04,1000,905,0.905,905,0.055277813231812495,0.07981059466273094,7.851300947625417e-18,0.9999999999999997,-2.937061594447272,4.550628295205484
2026-03-05,1000,906,0.906,906,0.04739674079975348,0.07933888671590106,2.7449222683889082e-17,1.0,-2.923579440447884,4.553627373448762
2026-03-06,1000,907,0.907,907,0.03197372544886965,0.05390062780243673,-3.133595306549505e-17,1.0000000000000002,-2.9176773292352567,4.519126797854515
2026-03-09,1000,907,0.907,907,0.022301711256216928,0.04727007063875174,1.5667976532747524e-17,1.0000000000000004,-2.9298500123041564,4.49463676612092
2026-03-10,1000,909,0.909,909,0.029416089711808903,0.05160472000566698,-3.908375884268978e-17,1.0000000000000004,-2.915952069814976,4.561902417715912
2026-03-11,1000,910,0.91,910,-0.029138111777402616,-0.011602650039902662,3.904080965714836e-18,0.999999999999999,-2.9091124093823604,4.565269280863759
2026-03-12,1000,910,0.91,910,-0.0657819876796965,-0.051657671491411,-7.808161931429672e-18,1.0000000000000007,-2.9152409068383784,4.546942330236516
2026-03-13,1000,910,0.91,910,-0.11289318215011056,-0.09382480369220703,-7.808161931429672e-18,1.0000000000000002,-2.8800013359865644,4.5277182557476126
2026-03-16,1000,911,0.911,911,-0.08811807626679943,-0.0701376454340023,-2.7298568333264003e-17,0.9999999999999996,-2.8963987614360156,4.588714377629393
2026-03-17,1000,912,0.912,912,-0.08395429429535299,-0.06788073069651675,7.791038769299344e-18,0.9999999999999998,-2.925962905802745,4.5776493441899895
2026-03-18,1000,912,0.912,911,-0.08301928434493178,-0.07349546871502023,-3.895519384649672e-18,0.9999999999999999,-2.7860311258227903,4.669547530622171
2026-03-19,1000,910,0.91,909,-0.09786419581314205,-0.0972112878141632,3.904080965714836e-18,0.9999999999999996,-2.939999782443357,4.68040984637032
2026-03-20,1000,909,0.909,907,-0.12916407995664034,-0.15073754540497994,7.816751768537955e-18,1.0000000000000002,-2.9648701152095875,4.7325509716224365
2026-03-23,1000,904,0.904,902,-0.10086641095335945,-0.09240519469442847,7.859986015045356e-18,1.0000000000000004,-2.989005613022877,4.708752456295537
2026-03-24,1000,908,0.908,905,-0.09451368059655078,-0.08807429390934614,1.9563401314980733e-17,0.9999999999999997,-2.9538163392865084,4.7024266845214155
2026-03-25,1000,910,0.91,907,-0.07359209732070367,-0.04567992233068044,3.123264772571869e-17,1.0000000000000002,-2.918306942769487,4.658820552164641
2026-03-26,1000,909,0.909,905,-0.10707672116904259,-0.07581029841870213,-3.126700707415182e-17,0.9999999999999997,-2.939545094141784,4.697572855236468
2026-03-27,1000,910,0.91,908,-0.08130806672239423,-0.058903070493486615,0.0,0.9999999999999994,-2.941030227808168,4.630776853855145
2026-03-30,1000,910,0.91,906,-0.057596782515195864,-0.028407887971113207,-2.7328566760003855e-17,1.0,-2.92581519740193,4.611348784408183
2026-03-31,1000,911,0.911,905,-0.0755155660124339,-0.052025078107280506,0.0,0.9999999999999997,-2.951817769109195,4.147481551040476
2026-04-01,1000,909,0.909,907,-0.08659427283435991,-0.08868075611956597,-1.954187942134489e-17,0.999999999999999,-2.9706312149109957,4.198657778921416
2026-04-02,1000,910,0.91,909,-0.09480849601176276,-0.0938652312671669,-7.808161931429672e-18,0.9999999999999997,-2.9746390840077597,4.168126165806677
2026-04-03,1000,909,0.909,909,-0.11010404362575847,-0.1147502419248838,-2.7358631189882845e-17,0.9999999999999999,-2.983924200609505,4.13836949003642
2026-04-07,1000,910,0.91,910,-0.1099722513710579,-0.11839105709693414,3.904080965714836e-18,0.9999999999999999,-2.9595912396677853,4.2256139552118235
2026-04-08,1000,911,0.911,911,-0.09435087687330822,-0.10411379094207697,-1.5599181904722288e-17,0.9999999999999996,-2.9598766576693762,4.218705023327236
2026-04-09,1000,910,0.91,910,-0.08345176660397764,-0.0900886077767044,1.1712242897144509e-17,0.9999999999999996,-2.9697202848067317,4.23444512282996
2026-04-10,1000,910,0.91,910,-0.10527327745145958,-0.10557393504885931,-2.7328566760003855e-17,0.9999999999999994,-2.984402995068111,4.232276341381971
2026-04-13,1000,910,0.91,910,-0.08880131663689887,-0.10458789344369264,2.3424485794289017e-17,0.9999999999999996,-2.9966063047574045,4.3234715655998475
2026-04-14,1000,913,0.913,913,-0.09036725555995416,-0.09864750711753824,2.7238768621690587e-17,0.9999999999999991,-2.9774122674905827,4.30695132423019
2026-04-15,1000,913,0.913,913,-0.10438947658935796,-0.10338427025546958,0.0,0.9999999999999997,-2.971536538746509,4.337583538734959
2026-04-16,1000,912,0.912,912,-0.0856344582286609,-0.07413555105436029,-3.895519384649672e-18,0.9999999999999999,-2.950204331514849,4.344378917487941
2026-04-17,1000,913,0.913,912,-0.09989115593140344,-0.0782385271081751,7.782505320483025e-18,0.9999999999999996,-2.908463079402213,4.344254485353424
2026-04-20,1000,912,0.912,911,-0.0894901959136925,-0.06984732065669808,1.947759692324836e-17,0.9999999999999998,-2.881732500137008,4.310734454635734
2026-04-21,1000,911,0.911,911,-0.1007935102928023,-0.07383736591424743,-2.339877285708343e-17,1.0,-2.859506846913696,4.360699965586815
2026-04-22,1000,913,0.913,912,-0.08808145106758336,-0.07257818217356338,3.11300212819321e-17,0.9999999999999998,-2.8583715472107394,4.385255051807005
2026-04-23,1000,909,0.909,909,-0.09566971940063075,-0.07645211276742232,3.908375884268978e-18,0.9999999999999997,-2.8551548605614867,4.447699137406493
2026-04-24,1000,910,0.91,908,-0.08632257116693232,-0.0638723322458026,1.1712242897144509e-17,1.0,-2.8796085111526573,4.427847947302563
2026-04-27,1000,909,0.909,909,-0.09342288312471965,-0.059589538365955354,1.563350353707591e-17,0.9999999999999997,-2.980157140715894,4.374159387546433
2026-04-28,1000,909,0.909,906,-0.07959037289385315,-0.030723172902153394,-1.563350353707591e-17,1.0000000000000004,-2.9535681635130397,4.4342314064347965
2026-04-29,1000,908,0.908,903,-0.041225061707976775,0.005390000897457498,-7.825360525992294e-18,0.9999999999999994,-2.97669005811292,4.510399765039069
2026-04-30,1000,905,0.905,904,-0.0048581263400740305,0.07851997765560227,-3.140520379050167e-17,1.0000000000000002,-2.9833261512836247,4.608647241899136
2026-05-06,1000,906,0.906,905,0.005341560722413511,0.08804581238283107,0.0,0.9999999999999994,-2.9733510705263666,4.703361859456869
2026-05-07,1000,909,0.909,909,0.004415142978643689,0.07633243016415696,0.0,0.9999999999999993,-2.9292982055235326,4.668182029235096
2026-05-08,1000,909,0.909,909,0.05054576046403537,0.11216886659378048,-7.816751768537955e-18,0.9999999999999993,-2.944659209842633,4.69006868948315
2026-05-11,1000,910,0.91,910,0.010890968153510906,0.0727948079786447,-4.29448906228632e-17,0.9999999999999993,-2.91817011712061,4.485866114926486
2026-05-12,1000,908,0.908,908,-0.004934248097752168,0.0539731775028397,0.0,1.0,-2.8868755223120806,4.49182484997257
2026-05-13,1000,909,0.909,909,0.018141932599082308,0.08753032199187388,-3.908375884268978e-18,1.0000000000000002,-2.870607927488817,4.5219612865780965
2026-05-14,1000,906,0.906,906,-0.004961326998263799,0.06509673137316117,3.137054021015895e-17,0.9999999999999996,-2.885580174891695,4.5851361256122045
2026-05-15,1000,904,0.904,904,0.00232359026134665,0.08472948188643503,-7.859986015045356e-18,1.0,-2.8823588957662416,4.486882087506426
2026-05-18,1000,904,0.904,904,-0.004144284901854242,0.08881385655116697,-7.859986015045356e-18,0.9999999999999998,-2.8861368487700387,4.5172308846433085
2026-05-19,1000,904,0.904,904,-0.024081878534996333,0.0568669716342897,7.859986015045356e-18,1.0,-2.891913496864726,4.45874013428591
2026-05-20,1000,902,0.902,902,-0.008220336264954687,0.0767768640454375,-3.150965568780932e-17,0.9999999999999992,-2.8879343954926417,4.47090435390711
2026-05-21,1000,900,0.9,900,-0.04947865936404051,0.04435216193415943,-7.894919286223335e-18,0.9999999999999998,-2.9168059779667463,4.515007170541072
2026-05-22,1000,900,0.9,900,-0.0362294068981086,0.06762237266337981,-4.342205607422835e-17,0.9999999999999997,-2.9090320089549544,4.515803127575475
2026-05-25,1000,900,0.9,900,-0.02683655609722075,0.06592992772953749,3.947459643111668e-18,1.0,-2.9091952797515215,4.508714441228749
2026-05-26,1000,900,0.9,900,-0.061698093260320525,0.03551611261381096,-2.3684757858670008e-17,1.0,-2.927937280739564,4.515304937115857
2026-05-27,1000,897,0.897,897,-0.07028657956151602,0.030044601955611924,7.921323698551841e-18,0.9999999999999991,-2.9300826024006663,4.421187125863082
2026-05-28,1000,896,0.896,895,-0.05980494684255233,0.045033530265617544,1.586032892321652e-17,1.0000000000000002,-2.9186242849651833,4.525954699378122
2026-05-29,1000,895,0.895,893,-0.0727811459417472,0.007663233541129602,3.969512490279889e-18,1.000000000000001,-2.9129583933271883,4.450023205538997
2026-06-01,1000,898,0.898,897,-0.1033883294886677,-0.0359133065781899,1.582500525078174e-17,1.0000000000000004,-2.909079094833627,4.408906233899747
2026-06-02,1000,896,0.896,895,-0.111662263691882,-0.056836829863361485,-1.586032892321652e-17,1.0,-2.910746403034462,4.39559411503708
2026-06-03,1000,895,0.895,894,-0.10866450740345401,-0.04249436846131764,-2.3817074941679335e-17,1.0000000000000002,-2.9070085929910974,4.3970356530640835
2026-06-04,1000,895,0.895,895,-0.10430524917301318,-0.025099250159931807,3.969512490279889e-18,0.9999999999999992,-2.905131510339293,4.452683497379047
2026-06-05,1000,895,0.895,895,-0.09467984984564595,-0.0043192646373535724,-1.5878049961119556e-17,1.0000000000000004,-2.9077782146698223,4.506423797318734
2026-06-08,1000,892,0.892,892,-0.06584771205188306,0.023541937663559772,7.965725737220854e-18,0.9999999999999999,-2.92413906885113,4.587233177747637
2026-06-09,1000,894,0.894,894,-0.020597514519042577,0.062100668363126756,2.3843715965104033e-17,1.0,-2.9217056093494294,4.674405462352744
2026-06-10,1000,891,0.891,891,-0.03803292639750339,0.05420721912448081,1.1961998918520205e-17,1.0000000000000002,-2.9082954664712832,4.7716441693170335
2026-06-11,1000,891,0.891,891,0.013855883688691527,0.09411552406406526,2.392399783704041e-17,0.9999999999999996,-2.9145866847732504,4.8304552067795266
2026-06-12,1000,892,0.892,892,0.04162452105820626,0.11699848536923885,1.9914314343052134e-17,0.9999999999999992,-2.922882034160368,4.80550774215073
2026-06-15,1000,892,0.892,892,0.05276369498775579,0.12108708005255167,0.0,0.9999999999999996,-2.9140094195024346,4.930064551848914
2026-06-16,1000,892,0.892,892,0.12558870103748776,0.17890237546083654,5.1777217291935553e-17,0.9999999999999997,-2.9210972173436778,4.95321372113616
2026-06-17,1000,892,0.892,892,0.14598694901194684,0.19494332169616993,-2.788004008027299e-17,0.9999999999999999,-2.9035704670857103,4.990041660482744
2026-06-18,1000,890,0.89,890,0.2153791532695677,0.23729001018216275,-3.991813122247754e-18,0.9999999999999997,-2.892744949748111,4.925718825359542
2026-06-22,1000,892,0.892,892,0.23721758460415276,0.2467212521906862,1.5931451474441708e-17,0.9999999999999991,-2.912505279463564,4.947554972221194
2026-06-23,1000,892,0.892,892,0.2316791020541041,0.2693148230276175,-3.982862868610427e-18,0.9999999999999994,-2.925330517952134,5.009250327934655
2026-06-24,1000,890,0.89,889,0.25205867364693246,0.2814476630152717,1.995906561123877e-17,1.0,-2.939858638519844,5.1090159131520485
2026-06-25,1000,889,0.889,888,0.26426432392912985,0.2878729465843837,2.7974123455122054e-17,0.9999999999999997,-2.952877998035677,5.074525478743069
2026-06-26,1000,886,0.886,884,0.2687542039209459,0.29377162473478924,6.014752277878952e-17,0.9999999999999992,-2.9300558913885966,5.051672299323848
2026-06-29,1000,884,0.884,883,0.2541683503429366,0.28596681414079184,4.42079756411827e-17,0.9999999999999997,-3.0126883901028823,5.057757648262884
2026-06-30,1000,881,0.881,880,0.27856019948057875,0.28802182469047544,-4.435851358320716e-17,1.0000000000000002,-3.01664778959915,5.1076146060180525
2026-07-01,1000,889,0.889,889,0.2869869767987378,0.3132127866128956,3.9963033507317225e-18,1.0000000000000002,-2.9391210272866553,5.099544384872666
2026-07-02,1000,886,0.886,886,0.3058439400199297,0.3324901854843604,2.4059009111515807e-17,1.0,-3.0003942745574634,5.054393471043053
2026-07-03,1000,886,0.886,886,0.2737292915470573,0.28161962438264226,-2.4059009111515807e-17,1.0000000000000007,-2.939917604182606,5.039345990036455
2026-07-06,1000,898,0.898,898,0.26467393569678904,0.2783722638236928,-3.165001050156348e-17,0.9999999999999999,-2.8146513199941006,4.954559112735226
2026-07-07,1000,895,0.895,895,0.23885952177462894,0.2578286274016186,-3.969512490279889e-18,0.9999999999999999,-2.863063885005825,4.946764726905978
2026-07-08,1000,894,0.894,894,0.1736743102863944,0.18941141784832677,1.5895810643402688e-17,0.9999999999999993,-2.8377488926465624,4.921746670499952
2026-07-09,1000,894,0.894,894,0.1703917265677344,0.17570183272864506,-1.5895810643402688e-17,1.0,-2.8542257225924628,5.036818743421047
2026-07-10,1000,896,0.896,896,0.13463256098357507,0.1535731429830238,-4.9563527885051634e-17,0.9999999999999979,-2.850120990553932,4.912624918758394
2026-07-13,1000,895,0.895,894,0.09876060459601593,0.10050908798072694,-2.7786587431959227e-17,1.0000000000000002,-2.867738129927734,4.930092689416792
2026-07-14,1000,895,0.895,894,0.08796320423861298,0.07233977084689489,1.5878049961119556e-17,1.0000000000000004,-2.8524357820784876,4.955047343441766
2026-07-15,1000,899,0.899,898,-0.010650679847521547,-0.009521521796645959,-1.9759252941048393e-17,1.0000000000000002,-2.861852170679434,4.869364605275984
2026-07-16,1000,901,0.901,900,-0.047854306184855165,-0.057173683757959684,7.886156889679247e-18,1.0000000000000002,-2.895662020300466,4.772044347139135
2026-07-17,1000,897,0.897,896,-0.13132161154794286,-0.1296200710944266,-5.148860404058697e-17,1.0,-3.0715165524586907,4.809395612896644
2026-07-20,1000,898,0.898,897,-0.216580612796016,-0.21102521269345162,1.1868753938086306e-17,0.9999999999999998,-3.0868606006128134,4.761757832450211
2026-07-21,1000,895,0.895,894,-0.17797610748889667,-0.1700692896324794,1.5878049961119556e-17,1.0000000000000002,-3.103805389370125,4.822491993334143
2026-07-22,1000,895,0.895,892,-0.15326381268517833,-0.13767748491135812,1.5878049961119556e-17,0.9999999999999996,-3.1074834766047106,4.784164894054522
2026-07-23,1000,896,0.896,894,-0.13046408603519047,-0.1137439167583645,-9.912705577010326e-18,0.9999999999999996,-3.076462955953792,4.785013422345089
2026-07-24,1000,892,0.892,890,-0.13588323035037214,-0.12452815735997591,1.9914314343052134e-17,1.0000000000000009,-3.09454163620966,4.778536466830741
2026-07-27,1000,897,0.897,896,-0.0728796515890556,-0.03897285636319471,-1.9803309246379605e-17,1.000000000000001,-3.0679103760356643,4.7599181407039275
2026-07-28,1000,898,0.898,896,-0.11299744437318665,-0.09971245300413831,-3.956251312695435e-18,1.0000000000000002,-3.0508955800175084,4.682483803814474
2026-07-29,1000,903,0.903,902,-0.11941214210449123,-0.10957422278391347,1.9671725796237548e-17,1.0000000000000002,-2.9993299834945724,4.779921607141233
2026-07-30,1000,904,0.904,903,-0.15139908967112703,-0.16883268195034476,3.929993007522678e-18,0.9999999999999993,-3.0492007624172883,4.785067187656918
2026-07-31,1000,907,0.907,906,-0.1265581346012513,-0.12611980610034407,1.5667976532747524e-17,1.0000000000000002,-2.866639457252511,4.79305221664265
2026-08-03,1000,908,0.908,907,-0.15127991036908417,-0.15850754916367607,0.0,0.9999999999999998,-2.826862621965155,4.77323979345645
2026-08-04,1000,904,0.904,904,-0.09016379757770229,-0.08012561009136523,-3.1439944060181424e-17,1.0,-2.821064224795544,4.80840906903045
2026-08-05,1000,904,0.904,904,-0.06235381119531225,-0.04680470916810286,-1.1789979022568034e-17,1.0000000000000009,-2.8177074988035518,4.824132813030843
2026-08-06,1000,905,0.905,905,-0.02556271780525203,0.009492041833466067,7.851300947625417e-18,1.0000000000000004,-2.800979011321938,4.774903029221696
2026-08-07,1000,905,0.905,905,0.032431495881609276,0.0751403501660585,-2.355390284287625e-17,0.9999999999999999,-2.823426938814773,4.822867941970779
2026-08-10,1000,907,0.907,906,-0.010407406968602042,0.03617536900623933,-1.1750982399560643e-17,0.9999999999999994,-2.8168840399938158,4.858182114025916
2026-08-11,1000,905,0.905,905,0.0373796696106436,0.09055969584279065,7.851300947625417e-18,1.0000000000000004,-2.800910218427496,4.914543295864744
2026-08-12,1000,905,0.905,905,0.06091301959046171,0.12320741995164743,2.355390284287625e-17,1.000000000000001,-2.7927134733762333,4.913029025808982
2026-08-13,1000,907,0.907,907,0.07594254083538413,0.15202839217143752,1.5667976532747524e-17,0.9999999999999999,-2.7781688459148244,4.954398628118102
2026-08-14,1000,899,0.899,898,0.1045920100073091,0.17446866495579444,-3.9518505882096784e-18,0.9999999999999997,-2.7962096790468616,4.962840692883925
2026-08-17,1000,902,0.902,900,0.1349730209227836,0.19227735257020975,1.575482784390466e-17,1.0000000000000002,-2.774476046968539,5.028363755947568
2026-08-18,1000,901,0.901,899,0.10499969150800789,0.15916254519508638,1.182923533451887e-17,1.0,-2.8015989943887765,5.0412000795362095
