date,group,formed_count,valid_count,mean_forward_return
2023-01-03,1,181,181,0.049917886542642315
2023-01-03,2,181,181,0.07383024729437124
2023-01-03,3,181,181,0.08716771575513002
2023-01-03,4,181,181,0.07113122503114647
2023-01-03,5,180,180,0.07059241103111905
2023-01-04,1,181,181,0.034686290084001294
2023-01-04,2,181,181,0.06443615718707062
2023-01-04,3,181,181,0.07348508412235982
2023-01-04,4,181,181,0.054589674235013756
2023-01-04,5,181,181,0.04851327941732762
2023-01-05,1,182,182,0.04353217557361192
2023-01-05,2,181,181,0.06963488306575859
2023-01-05,3,181,181,0.07903961994647338
2023-01-05,4,181,181,0.06911041018209067
2023-01-05,5,181,181,0.05961430451283974
2023-01-06,1,182,182,0.034930528049271166
2023-01-06,2,181,181,0.0618826691511344
2023-01-06,3,181,181,0.0788541672226085
2023-01-06,4,181,181,0.06563709094488941
2023-01-06,5,181,180,0.05705786431303617
2023-01-09,1,181,181,0.043056632204964085
2023-01-09,2,181,181,0.068263041357941
2023-01-09,3,181,181,0.08337986844237504
2023-01-09,4,181,181,0.07671750141387805
2023-01-09,5,181,181,0.06717768565403248
2023-01-10,1,181,181,0.03964116584185051
2023-01-10,2,181,181,0.06388221067337843
2023-01-10,3,181,181,0.0823751655020176
2023-01-10,4,181,181,0.0800004090873284
2023-01-10,5,181,181,0.0738557513666772
2023-01-11,1,181,181,0.041993998194270535
2023-01-11,2,181,180,0.07127356948004634
2023-01-11,3,180,180,0.09243499228239137
2023-01-11,4,181,181,0.08432094137791363
2023-01-11,5,180,180,0.07893354944767957
2023-01-12,1,181,181,0.02384901996896216
2023-01-12,2,180,180,0.050735293394118246
2023-01-12,3,181,181,0.0718108167377303
2023-01-12,4,180,180,0.06879894885795108
2023-01-12,5,180,180,0.06579998190451022
2023-01-13,1,181,181,0.011528195533756887
2023-01-13,2,180,180,0.0365804119064531
2023-01-13,3,181,181,0.05677109056227691
2023-01-13,4,180,180,0.05929277481594191
2023-01-13,5,180,180,0.05489698858526969
2023-01-16,1,181,181,0.02189094495378081
2023-01-16,2,181,181,0.03926650289898208
2023-01-16,3,181,181,0.061691782282942254
2023-01-16,4,181,181,0.06856098420155718
2023-01-16,5,181,181,0.06716244819541729
2023-01-17,1,182,182,0.018543639343748395
2023-01-17,2,181,181,0.03767626078935201
2023-01-17,3,181,181,0.05751866179153573
2023-01-17,4,181,181,0.06951422856108294
2023-01-17,5,181,181,0.07148288114737425
2023-01-18,1,182,182,0.02316715817779179
2023-01-18,2,182,182,0.0429125076462166
2023-01-18,3,182,182,0.06064027098133363
2023-01-18,4,182,182,0.07608602548288805
2023-01-18,5,181,181,0.0741741823248166
2023-01-19,1,182,182,0.01318655240681285
2023-01-19,2,181,181,0.026269716262341807
2023-01-19,3,182,182,0.04750592646412426
2023-01-19,4,181,181,0.060282483827114396
2023-01-19,5,181,181,0.05964407866825338
2023-01-20,1,183,183,-0.012387869131899877
2023-01-20,2,182,182,-0.003094650252468367
2023-01-20,3,183,183,0.024628811210746487
2023-01-20,4,182,182,0.03715360415515387
2023-01-20,5,182,182,0.03587631766917562
2023-01-30,1,183,183,-0.004823612678726473
2023-01-30,2,183,183,0.002849154464980836
2023-01-30,3,182,182,0.025237962894806804
2023-01-30,4,183,183,0.044405705888495996
2023-01-30,5,182,182,0.042176827553904915
2023-01-31,1,183,183,-0.003053731057599081
2023-01-31,2,183,183,0.006573860062864119
2023-01-31,3,183,183,0.024217975057382143
2023-01-31,4,183,183,0.04822753248938188
2023-01-31,5,182,182,0.04228076217212159
2023-02-01,1,184,184,-0.011366178813650804
2023-02-01,2,183,183,0.0025185638836921764
2023-02-01,3,183,183,0.015138692523075509
2023-02-01,4,183,183,0.04088817341590799
2023-02-01,5,183,183,0.03804057372526151
2023-02-02,1,184,184,-0.01028702165657536
2023-02-02,2,183,183,0.0019248095962360278
2023-02-02,3,184,184,0.013822752316334553
2023-02-02,4,183,183,0.0469163539315602
2023-02-02,5,183,183,0.04689541619351958
2023-02-03,1,184,184,-0.004806794273880027
2023-02-03,2,184,184,0.006519237382870699
2023-02-03,3,184,183,0.019472645602478193
2023-02-03,4,184,184,0.049446875549995835
2023-02-03,5,183,183,0.06370230573843687
2023-02-06,1,184,184,-0.00928281349595876
2023-02-06,2,184,184,0.0055311867025593965
2023-02-06,3,183,182,0.024261805249689933
2023-02-06,4,184,184,0.04341052748204278
2023-02-06,5,183,183,0.05664886583096743
2023-02-07,1,184,184,-0.03084497633083014
2023-02-07,2,184,184,-0.016697067428372417
2023-02-07,3,184,183,-0.004425647409361654
2023-02-07,4,184,184,0.015387183441377997
2023-02-07,5,183,183,0.02909403135011871
2023-02-08,1,184,184,-0.01619534876471816
2023-02-08,2,184,184,0.00017317777948402764
2023-02-08,3,184,183,0.014761289814834218
2023-02-08,4,184,184,0.037466922789972774
2023-02-08,5,183,183,0.04492402990291632
2023-02-09,1,185,185,-0.03582506435672176
2023-02-09,2,184,184,-0.021374196223301827
2023-02-09,3,184,183,-0.009488133822255834
2023-02-09,4,184,184,0.004720402295521881
2023-02-09,5,184,184,0.025450845007699233
2023-02-10,1,185,185,-0.044754666995429404
2023-02-10,2,184,184,-0.029113515578018185
2023-02-10,3,184,184,-0.013914509330655278
2023-02-10,4,184,184,-0.008371744914419475
2023-02-10,5,184,184,0.01024509410817092
2023-02-13,1,184,184,-0.05127136375515699
2023-02-13,2,184,184,-0.026828916283755368
2023-02-13,3,184,184,-0.016251742008438447
2023-02-13,4,184,184,-0.012236954055772919
2023-02-13,5,184,184,0.0064951343960569065
2023-02-14,1,185,185,-0.0579137760054572
2023-02-14,2,184,184,-0.025176037683817352
2023-02-14,3,184,184,-0.024320044904714157
2023-02-14,4,184,184,-0.018627011185421503
2023-02-14,5,184,184,-0.0010989008400668022
2023-02-15,1,185,185,-0.05538679092670002
2023-02-15,2,184,184,-0.0357053703640133
2023-02-15,3,185,185,-0.03290712931787295
2023-02-15,4,184,184,-0.019698455979136956
2023-02-15,5,184,184,0.0056195935540766405
2023-02-16,1,185,185,-0.04357205372248269
2023-02-16,2,184,184,-0.021411344676135684
2023-02-16,3,185,185,-0.019116711710241867
2023-02-16,4,184,184,-0.005240019408318255
2023-02-16,5,184,184,0.016533136552175736
2023-02-17,1,185,185,-0.03825374192973615
2023-02-17,2,184,184,-0.010932423576222188
2023-02-17,3,185,185,-0.006599407101360385
2023-02-17,4,184,184,0.00048310726346447683
2023-02-17,5,184,184,0.028829202020035437
2023-02-20,1,186,186,-0.06121078735911399
2023-02-20,2,185,185,-0.029309119021768373
2023-02-20,3,185,185,-0.024629222382204854
2023-02-20,4,185,185,-0.020858385040969603
2023-02-20,5,185,185,0.0019463931037594932
2023-02-21,1,187,187,-0.041909672989546565
2023-02-21,2,186,186,-0.010767498446548437
2023-02-21,3,186,186,-0.009479200907991914
2023-02-21,4,186,186,-0.012119574854338629
2023-02-21,5,186,186,0.004754139881288264
2023-02-22,1,186,186,-0.040206402048909747
2023-02-22,2,186,186,-0.021713243746428794
2023-02-22,3,186,186,-0.009287500002011746
2023-02-22,4,186,186,-0.011276287238430452
2023-02-22,5,186,186,0.00653178694097562
2023-02-23,1,186,186,-0.03665109561117515
2023-02-23,2,186,186,-0.0033192009193940978
2023-02-23,3,186,186,0.004699193680678568
2023-02-23,4,186,186,0.0033705485114411274
2023-02-23,5,185,185,0.01668930019524227
2023-02-24,1,186,186,-0.02802084330696454
2023-02-24,2,186,186,0.003837613298292173
2023-02-24,3,186,186,0.004791113860976982
2023-02-24,4,186,186,0.010117878835539907
2023-02-24,5,185,185,0.023229361458114252
2023-02-27,1,185,185,-0.026930154126323068
2023-02-27,2,185,185,0.003108459162681514
2023-02-27,3,185,185,0.008763254575656229
2023-02-27,4,185,185,0.011285041775576066
2023-02-27,5,184,184,0.020617764179782564
2023-02-28,1,186,186,-0.03709840104596828
2023-02-28,2,185,185,-0.008930273162211082
2023-02-28,3,186,186,-0.0035360956949871867
2023-02-28,4,185,185,-0.004520090198196172
2023-02-28,5,185,185,0.012478922498904192
2023-03-01,1,186,186,-0.04817264869620866
2023-03-01,2,186,186,-0.017113526675279822
2023-03-01,3,186,186,-0.019883724007311195
2023-03-01,4,186,186,-0.01668510208055859
2023-03-01,5,186,186,-0.009002452382986187
2023-03-02,1,186,186,-0.041743496063037816
2023-03-02,2,186,186,-0.007499755258997862
2023-03-02,3,186,186,-0.023143192727073623
2023-03-02,4,186,186,-0.02056190109908865
2023-03-02,5,186,186,-0.010731517280886947
2023-03-03,1,187,187,-0.034696645754054796
2023-03-03,2,186,186,0.004184631101920291
2023-03-03,3,186,185,-0.014669123709893728
2023-03-03,4,186,186,-0.008716812204516134
2023-03-03,5,186,186,-0.009779795806194853
2023-03-06,1,186,186,-0.020400599391397774
2023-03-06,2,186,186,0.01445925949146063
2023-03-06,3,186,186,0.0009501452660384614
2023-03-06,4,186,186,0.007873424100126038
2023-03-06,5,185,185,0.005126808385654976
2023-03-07,1,186,186,-0.007806843658500182
2023-03-07,2,185,185,0.03630816262000496
2023-03-07,3,186,186,0.0174200810600483
2023-03-07,4,185,185,0.026079221744921586
2023-03-07,5,185,185,0.028566611901313228
2023-03-08,1,186,186,-0.012049687767330687
2023-03-08,2,186,186,0.03796182844844781
2023-03-08,3,185,185,0.014349879315733487
2023-03-08,4,186,186,0.02191806834077242
2023-03-08,5,185,185,0.017878367380826505
2023-03-09,1,186,186,0.008847086910836395
2023-03-09,2,186,186,0.057040573369410555
2023-03-09,3,185,185,0.027872090849599348
2023-03-09,4,186,186,0.04162377054776494
2023-03-09,5,185,185,0.029379606224242915
2023-03-10,1,185,185,0.010899694401268955
2023-03-10,2,185,185,0.042169540688660946
2023-03-10,3,184,184,0.025697539882076632
2023-03-10,4,185,185,0.04048600847570445
2023-03-10,5,184,184,0.036188076752786555
2023-03-13,1,185,185,0.009191489359124443
2023-03-13,2,184,184,0.037880356116975655
2023-03-13,3,185,185,0.0197292533400045
2023-03-13,4,184,184,0.036534942503075964
2023-03-13,5,184,184,0.034138127295677674
2023-03-14,1,185,185,0.013751050906972023
2023-03-14,2,184,184,0.042372734560236575
2023-03-14,3,185,185,0.030712659742182118
2023-03-14,4,184,184,0.04975519576852891
2023-03-14,5,184,184,0.04693477576987877
2023-03-15,1,185,185,0.014675942157374663
2023-03-15,2,185,185,0.04400738490812436
2023-03-15,3,185,185,0.02930549380409202
2023-03-15,4,185,185,0.04686021235437306
2023-03-15,5,185,185,0.03781551064732495
2023-03-16,1,185,185,0.021917603973322344
2023-03-16,2,184,184,0.04162043808965303
2023-03-16,3,184,184,0.037509639994976626
2023-03-16,4,184,183,0.04493772941864333
2023-03-16,5,184,184,0.03891789412383119
2023-03-17,1,185,185,0.023030735500294375
2023-03-17,2,184,184,0.049666318850058684
2023-03-17,3,185,185,0.030093956433270574
2023-03-17,4,184,184,0.045256737215233434
2023-03-17,5,184,184,0.03687675540733342
2023-03-20,1,185,185,0.023694878364251996
2023-03-20,2,184,184,0.0547714655714596
2023-03-20,3,184,184,0.03245186037554998
2023-03-20,4,184,184,0.041226813922429856
2023-03-20,5,184,184,0.04337777460850964
2023-03-21,1,185,185,0.0018448791432479
2023-03-21,2,184,184,0.03356821911473988
2023-03-21,3,185,185,0.015650782366357956
2023-03-21,4,184,184,0.021954107505791447
2023-03-21,5,184,184,0.03171964333987405
2023-03-22,1,185,185,-0.0051504106055561966
2023-03-22,2,185,185,0.03556994035029698
2023-03-22,3,184,184,0.011531952329035226
2023-03-22,4,185,185,0.018542410267091986
2023-03-22,5,184,184,0.031032488910621655
2023-03-23,1,185,185,-0.03295517861804978
2023-03-23,2,184,184,-0.002635520621710885
2023-03-23,3,184,184,-0.02673802279610192
2023-03-23,4,184,184,-0.013923638765241997
2023-03-23,5,184,184,0.002513413214205062
2023-03-24,1,185,185,-0.03795111462677481
2023-03-24,2,185,185,-0.008756189427899961
2023-03-24,3,185,185,-0.033541728187527084
2023-03-24,4,185,185,-0.016504162904042035
2023-03-24,5,184,184,0.0006308868463544837
2023-03-27,1,184,184,-0.05532309785395515
2023-03-27,2,184,184,-0.032801056657844614
2023-03-27,3,183,183,-0.043215070850873526
2023-03-27,4,184,184,-0.03872817022447271
2023-03-27,5,183,183,-0.007360520827593805
2023-03-28,1,184,183,-0.041322259300212986
2023-03-28,2,183,181,-0.0327009033817872
2023-03-28,3,184,184,-0.0332575041700038
2023-03-28,4,183,183,-0.032609731778678465
2023-03-28,5,183,183,-0.0036164466180933696
2023-03-29,1,183,183,-0.03682139198908226
2023-03-29,2,182,181,-0.019103008807999738
2023-03-29,3,183,182,-0.035366848855148264
2023-03-29,4,182,182,-0.017545284078123294
2023-03-29,5,182,182,0.007006772206197116
2023-03-30,1,182,181,-0.030913715379111213
2023-03-30,2,182,181,-0.010420912285267002
2023-03-30,3,182,182,-0.01601840699568819
2023-03-30,4,182,182,-0.004556814419562693
2023-03-30,5,182,182,0.0216722906525963
2023-03-31,1,182,182,-0.03154761225829893
2023-03-31,2,182,181,-0.020692224978293348
2023-03-31,3,181,181,-0.019824484717597887
2023-03-31,4,182,182,-0.005711867821585653
2023-03-31,5,181,181,0.03250929238780503
2023-04-03,1,182,182,-0.0462570463410653
2023-04-03,2,182,181,-0.03868258207066615
2023-04-03,3,182,182,-0.04339678331742064
2023-04-03,4,182,182,-0.02380043171180261
2023-04-03,5,182,182,0.01884673198724991
2023-04-04,1,183,183,-0.034435608735923884
2023-04-04,2,182,181,-0.04637301767793166
2023-04-04,3,182,182,-0.022075758584187297
2023-04-04,4,182,182,-0.017082066687139793
2023-04-04,5,182,182,0.03331186187910928
2023-04-06,1,183,183,-0.048975169331410696
2023-04-06,2,182,181,-0.06702085838575383
2023-04-06,3,182,181,-0.043273091035024476
2023-04-06,4,182,182,-0.02303058081248898
2023-04-06,5,182,182,0.020209766622716948
2023-04-07,1,183,183,-0.0557046121635366
2023-04-07,2,182,181,-0.0736964874273979
2023-04-07,3,182,181,-0.051500716560176685
2023-04-07,4,182,182,-0.02278462048252223
2023-04-07,5,182,182,0.011188898127231674
2023-04-10,1,182,182,-0.04682061173011729
2023-04-10,2,182,181,-0.05821530662137003
2023-04-10,3,182,181,-0.02557834422894639
2023-04-10,4,182,182,-0.03149704829123324
2023-04-10,5,181,181,0.01378100356138021
2023-04-11,1,183,183,-0.06412160462050333
2023-04-11,2,182,181,-0.07620924216229666
2023-04-11,3,182,181,-0.044549780287942244
2023-04-11,4,182,182,-0.03990593431518799
2023-04-11,5,182,182,-0.004393593900487778
2023-04-12,1,184,184,-0.04944325841352014
2023-04-12,2,183,183,-0.0707423864534577
2023-04-12,3,183,182,-0.039066388598340995
2023-04-12,4,183,183,-0.03598393622867571
2023-04-12,5,183,183,-0.007053316669659248
2023-04-13,1,184,184,-0.06111480319239544
2023-04-13,2,183,183,-0.07756705849803891
2023-04-13,3,184,183,-0.04080962013826514
2023-04-13,4,183,183,-0.045216789712009785
2023-04-13,5,183,183,-0.023850130540653183
2023-04-14,1,184,184,-0.056465523673086444
2023-04-14,2,183,183,-0.06847175309027899
2023-04-14,3,184,182,-0.039641184403862634
2023-04-14,4,183,183,-0.03283389278298134
2023-04-14,5,183,183,-0.018910443138250507
2023-04-17,1,184,184,-0.062786481888822
2023-04-17,2,183,183,-0.07338646929138462
2023-04-17,3,184,183,-0.040343911300660014
2023-04-17,4,183,183,-0.040352648789048005
2023-04-17,5,183,183,-0.027041655674221076
2023-04-18,1,184,184,-0.06443539067928246
2023-04-18,2,183,183,-0.05945483153373241
2023-04-18,3,184,183,-0.03729302254164564
2023-04-18,4,183,183,-0.038974710801162285
2023-04-18,5,183,183,-0.033829077414475
2023-04-19,1,183,183,-0.053276579204314126
2023-04-19,2,183,183,-0.05669620401501283
2023-04-19,3,183,182,-0.03192948540950559
2023-04-19,4,183,183,-0.02812901280392338
2023-04-19,5,183,183,-0.028525224822528096
2023-04-20,1,183,183,-0.056937250741149074
2023-04-20,2,183,183,-0.05934741049957534
2023-04-20,3,183,183,-0.048217845482480974
2023-04-20,4,183,183,-0.03316885934769836
2023-04-20,5,183,183,-0.04714637305565823
2023-04-21,1,183,183,-0.04518558263537284
2023-04-21,2,182,182,-0.030356017941006837
2023-04-21,3,182,182,-0.028771679551342803
2023-04-21,4,182,182,-0.019251366860730958
2023-04-21,5,182,182,-0.03358265994127216
2023-04-24,1,183,183,-0.0427279974312077
2023-04-24,2,182,182,-0.023591215434391473
2023-04-24,3,182,182,-0.023313536741399816
2023-04-24,4,182,182,-0.018869297835665697
2023-04-24,5,182,182,-0.029981986143330374
2023-04-25,1,183,183,-0.012396604115016504
2023-04-25,2,182,182,0.0028146799885391547
2023-04-25,3,182,182,0.01097277569374565
2023-04-25,4,182,182,0.009269311669483637
2023-04-25,5,182,182,-0.007395827500274626
2023-04-26,1,183,181,-0.03389996553039601
2023-04-26,2,182,182,-0.00578048598282679
2023-04-26,3,183,183,0.0044101194580012945
2023-04-26,4,182,182,-9.87609220169377e-05
2023-04-26,5,182,182,-0.010543689366898885
2023-04-27,1,182,182,-0.03425910288253149
2023-04-27,2,182,182,-0.005073907332383674
2023-04-27,3,182,181,0.006122735607741734
2023-04-27,4,182,182,-0.0017006174164326193
2023-04-27,5,182,182,-0.010986409066368986
2023-04-28,1,183,182,-0.04340729012341352
2023-04-28,2,183,183,-0.02494191213078315
2023-04-28,3,182,182,-0.012140641365065605
2023-04-28,4,183,183,-0.02068871772577238
2023-04-28,5,182,182,-0.025172610775786784
2023-05-04,1,183,183,-0.04230473604444959
2023-05-04,2,183,183,-0.021906930474413045
2023-05-04,3,182,182,-0.014010965555092493
2023-05-04,4,183,183,-0.022509562098089683
2023-05-04,5,182,182,-0.031652323419069706
2023-05-05,1,183,183,-0.024339389681647332
2023-05-05,2,183,183,-0.010579421916418062
2023-05-05,3,182,182,0.0031676816758472765
2023-05-05,4,183,183,-0.005451234796256463
2023-05-05,5,182,182,-0.022201578661327045
2023-05-08,1,184,184,-0.02789852889881951
2023-05-08,2,183,183,-0.008719868331489146
2023-05-08,3,184,184,-0.008405441761375474
2023-05-08,4,183,183,-0.014818785808319909
2023-05-08,5,183,183,-0.03552182545688442
2023-05-09,1,184,184,-0.02870417797773163
2023-05-09,2,183,182,-0.017088871930864478
2023-05-09,3,183,183,-0.010725343246472981
2023-05-09,4,183,183,-0.020262773986236684
2023-05-09,5,183,183,-0.04182247085096676
2023-05-10,1,183,183,-0.03638555613972241
2023-05-10,2,183,183,-0.017760966317357404
2023-05-10,3,183,182,-0.010632073157331681
2023-05-10,4,183,183,-0.01971008711644003
2023-05-10,5,183,183,-0.03706286346112575
2023-05-11,1,184,184,-0.035143264954290335
2023-05-11,2,183,182,-0.014694704107075178
2023-05-11,3,183,183,-0.014199252296903867
2023-05-11,4,183,183,-0.014256975898298014
2023-05-11,5,183,183,-0.029187823463787014
2023-05-12,1,183,183,-0.021450727644006844
2023-05-12,2,183,182,0.0009051412867271488
2023-05-12,3,183,183,0.002833622104419448
2023-05-12,4,183,183,-0.003761190710516836
2023-05-12,5,182,182,-0.015740018089088578
2023-05-15,1,183,183,-0.02270669950978177
2023-05-15,2,183,182,-0.00037759497523079177
2023-05-15,3,183,183,4.5053247615441325e-06
2023-05-15,4,183,183,-0.005887107569884684
2023-05-15,5,183,183,-0.014309885051266645
2023-05-16,1,183,183,-0.0067663871402280865
2023-05-16,2,183,182,0.02609744741599569
2023-05-16,3,182,182,0.011331319028261542
2023-05-16,4,183,183,0.010831748031227464
2023-05-16,5,182,182,0.004535386882468041
2023-05-17,1,183,183,-0.01051565974128008
2023-05-17,2,182,181,0.021057835733376242
2023-05-17,3,183,183,0.007528055729743994
2023-05-17,4,182,182,0.0017514203476806248
2023-05-17,5,182,181,-0.0015735381827249977
2023-05-18,1,183,183,0.0004180802948707199
2023-05-18,2,182,181,0.0258559644221353
2023-05-18,3,182,182,0.015804482522966838
2023-05-18,4,182,182,0.013023324334916845
2023-05-18,5,182,181,-0.0034538985893056737
2023-05-19,1,182,182,0.007297610377585577
2023-05-19,2,182,181,0.02739408636382233
2023-05-19,3,181,181,0.017213683886560263
2023-05-19,4,182,182,0.021390031282340825
2023-05-19,5,181,181,0.014263127672698222
2023-05-22,1,182,182,-0.0005779835386409686
2023-05-22,2,181,180,0.03070450775135124
2023-05-22,3,182,182,0.01328399976211049
2023-05-22,4,181,181,0.015491927297916062
2023-05-22,5,181,181,0.007824818279622338
2023-05-23,1,181,181,0.011196858016798667
2023-05-23,2,181,181,0.04223730118472166
2023-05-23,3,181,181,0.027972712323644858
2023-05-23,4,181,181,0.02604651413290134
2023-05-23,5,180,180,0.015467040801152314
2023-05-24,1,181,181,-0.00293905694291494
2023-05-24,2,181,181,0.014906936040042519
2023-05-24,3,181,181,0.006990537180872965
2023-05-24,4,181,181,0.00839206930759832
2023-05-24,5,180,180,0.0066610800296751345
2023-05-25,1,181,181,-0.010492489302422078
2023-05-25,2,181,181,0.0028865162128216015
2023-05-25,3,181,181,-0.0012722433215661823
2023-05-25,4,181,181,-0.0019624908854455926
2023-05-25,5,180,180,-0.0034749123756684114
2023-05-26,1,181,181,-0.002614104432954636
2023-05-26,2,181,181,0.009668881895951175
2023-05-26,3,181,181,-0.004998147009032018
2023-05-26,4,181,181,0.004254319749729681
2023-05-26,5,181,181,0.001312048695140037
2023-05-29,1,181,181,0.0027125477066633537
2023-05-29,2,181,181,0.019116014454209792
2023-05-29,3,180,180,-0.005383558833328457
2023-05-29,4,181,181,0.003743758883170321
2023-05-29,5,180,180,-0.0007793964483395304
2023-05-30,1,181,181,0.0015111915168476676
2023-05-30,2,180,180,0.01980846662538674
2023-05-30,3,181,181,-0.001956489825094834
2023-05-30,4,180,180,0.005451771290973709
2023-05-30,5,180,180,-0.002531840632188929
2023-05-31,1,180,180,0.019402777126482577
2023-05-31,2,180,180,0.03480053456484121
2023-05-31,3,180,180,0.018829671069809095
2023-05-31,4,180,180,0.02387656845676234
2023-05-31,5,180,180,0.011859275137106846
2023-06-01,1,181,181,0.025389344746936306
2023-06-01,2,180,179,0.023221506294599528
2023-06-01,3,180,180,0.016650306738407117
2023-06-01,4,180,180,0.0238129642802224
2023-06-01,5,180,180,0.014386517855048932
2023-06-02,1,181,181,0.01645237908960964
2023-06-02,2,180,179,0.018171211059833728
2023-06-02,3,180,180,0.008609480394113547
2023-06-02,4,180,180,0.020246076023165704
2023-06-02,5,180,180,0.002773433005668899
2023-06-05,1,180,180,0.013963964719665095
2023-06-05,2,180,179,0.009257826504544807
2023-06-05,3,180,180,-0.0014599001547360053
2023-06-05,4,180,180,0.012573348793875536
2023-06-05,5,179,179,-0.0013760592219826573
2023-06-06,1,180,180,0.02098270814367312
2023-06-06,2,179,179,0.021277005903372538
2023-06-06,3,180,180,0.015254143592386112
2023-06-06,4,179,179,0.03005988551265267
2023-06-06,5,179,179,0.011724039406725712
2023-06-07,1,180,180,0.025915034520364817
2023-06-07,2,179,178,0.019430726175175612
2023-06-07,3,179,179,0.011027485403646497
2023-06-07,4,179,179,0.03050199060574771
2023-06-07,5,179,179,0.016118872271861585
2023-06-08,1,180,180,0.023663702897044024
2023-06-08,2,179,179,0.02045180933979997
2023-06-08,3,180,180,0.01126272925372331
2023-06-08,4,179,179,0.0264128831548085
2023-06-08,5,179,179,0.011806063363905807
2023-06-09,1,179,179,0.02905536418430105
2023-06-09,2,179,179,0.02292375767849055
2023-06-09,3,179,179,0.019387021969620142
2023-06-09,4,179,179,0.02423304624303553
2023-06-09,5,179,179,0.01621546438544055
2023-06-12,1,180,180,0.011908188129426464
2023-06-12,2,179,179,0.005445878545063092
2023-06-12,3,179,179,0.0018624664664253143
2023-06-12,4,179,179,0.006016548892201186
2023-06-12,5,179,179,0.009302990030443827
2023-06-13,1,180,180,0.013733782328817239
2023-06-13,2,180,180,0.01245971313574857
2023-06-13,3,179,179,0.011325614145719946
2023-06-13,4,180,180,0.00856653631477889
2023-06-13,5,179,179,0.017477133536187538
2023-06-14,1,179,179,0.004755386758162138
2023-06-14,2,179,179,0.006754675985751778
2023-06-14,3,179,179,0.0013118661117093586
2023-06-14,4,179,179,0.003141219863720703
2023-06-14,5,179,179,0.01872618179532206
2023-06-15,1,180,180,-0.008606487609752687
2023-06-15,2,179,179,-0.0013519200103097543
2023-06-15,3,179,179,-0.0038348998213970876
2023-06-15,4,179,179,-0.0011625844626662514
2023-06-15,5,179,179,0.013213698220892868
2023-06-16,1,180,180,-0.01449039870985327
2023-06-16,2,180,180,-0.01697005789038355
2023-06-16,3,179,179,-0.013111553880029674
2023-06-16,4,180,180,-0.010605823275023494
2023-06-16,5,179,179,0.009277099664211034
2023-06-19,1,180,180,-0.006862073107269979
2023-06-19,2,180,180,-0.017817837875713474
2023-06-19,3,179,179,-0.014218473620646127
2023-06-19,4,180,180,-0.0019482419515645746
2023-06-19,5,179,179,0.021705423411180657
2023-06-20,1,180,180,-0.0065502509518499
2023-06-20,2,180,180,-0.03881945950289486
2023-06-20,3,179,179,-0.027464574769839656
2023-06-20,4,180,180,-0.008738626826074363
2023-06-20,5,179,179,0.019654572921994524
2023-06-21,1,180,180,0.011911809202199435
2023-06-21,2,180,180,-0.007474946361078314
2023-06-21,3,180,180,-0.006023393943438513
2023-06-21,4,180,180,0.008607588776201134
2023-06-21,5,180,180,0.037549456566258285
2023-06-26,1,181,181,0.02962508202698912
2023-06-26,2,180,180,0.018351209741564997
2023-06-26,3,180,180,0.018774592654640335
2023-06-26,4,180,180,0.031655898982588235
2023-06-26,5,180,180,0.05872693314386742
2023-06-27,1,181,181,0.02319597865540414
2023-06-27,2,181,181,0.007803694849258028
2023-06-27,3,181,181,0.013486171500757359
2023-06-27,4,181,181,0.03053299020559513
2023-06-27,5,180,180,0.05032740562552477
2023-06-28,1,181,181,0.018990602506781633
2023-06-28,2,180,180,0.00648556301600277
2023-06-28,3,181,181,0.015306610783490732
2023-06-28,4,180,180,0.030131701343624185
2023-06-28,5,180,180,0.052001065913567956
2023-06-29,1,181,181,0.009239983633315041
2023-06-29,2,180,180,-0.007460241231727121
2023-06-29,3,181,181,-0.0022441152314806104
2023-06-29,4,180,180,0.016949566577633076
2023-06-29,5,180,180,0.0450598948520971
2023-06-30,1,182,182,0.022029760272812306
2023-06-30,2,181,181,-0.01013957290797949
2023-06-30,3,181,181,0.0024028935618776353
2023-06-30,4,181,181,0.024069261580132395
2023-06-30,5,181,181,0.05768398726601307
2023-07-03,1,182,182,0.0187975139037541
2023-07-03,2,181,181,-0.007182344214948764
2023-07-03,3,182,181,0.0030606866985713513
2023-07-03,4,181,181,0.02169903302827283
2023-07-03,5,181,181,0.05229681286011314
2023-07-04,1,182,182,0.013626466272398108
2023-07-04,2,181,181,-0.01589390822063434
2023-07-04,3,181,181,-0.004723427844553375
2023-07-04,4,181,181,0.01994344086990523
2023-07-04,5,181,181,0.054245363234249146
2023-07-05,1,180,180,0.01692409720629208
2023-07-05,2,180,180,-0.00733065714467628
2023-07-05,3,180,180,-0.0003720254478794242
2023-07-05,4,180,180,0.023808408241572074
2023-07-05,5,180,180,0.05236407009558316
2023-07-06,1,180,180,0.03279631745217028
2023-07-06,2,180,180,0.00459286419077659
2023-07-06,3,180,180,0.017584562347457425
2023-07-06,4,180,180,0.03636144401801905
2023-07-06,5,179,179,0.0664060928312417
2023-07-07,1,181,181,0.025430698445342435
2023-07-07,2,180,180,0.004040712594285318
2023-07-07,3,180,180,0.014395460101902267
2023-07-07,4,180,180,0.03403182472315647
2023-07-07,5,180,180,0.05616254344675978
2023-07-10,1,180,180,0.020949942656234545
2023-07-10,2,180,180,0.00177436935481147
2023-07-10,3,180,180,0.011407428801681994
2023-07-10,4,180,180,0.027614800445248007
2023-07-10,5,180,180,0.04653027607646895
2023-07-11,1,180,180,0.013792595994389447
2023-07-11,2,180,180,-0.008076478220100882
2023-07-11,3,180,180,-0.0008189277701592711
2023-07-11,4,180,180,0.01907972368735274
2023-07-11,5,180,180,0.03594566135193035
2023-07-12,1,180,180,0.010181811966003712
2023-07-12,2,179,179,-0.003365358480246032
2023-07-12,3,180,180,0.0022872623233325647
2023-07-12,4,179,179,0.017490944995492835
2023-07-12,5,179,179,0.04044699541446696
2023-07-13,1,180,180,0.008860241462027003
2023-07-13,2,180,180,-0.01075130065904153
2023-07-13,3,180,180,-0.008523179129969636
2023-07-13,4,180,180,0.00826596900182288
2023-07-13,5,179,179,0.035517507367635016
2023-07-14,1,180,180,-0.015624489378369862
2023-07-14,2,179,179,-0.03288703787984885
2023-07-14,3,180,180,-0.03193644042042368
2023-07-14,4,179,179,-0.014378773557466144
2023-07-14,5,179,179,0.00509402843126224
2023-07-17,1,180,180,-0.0009010891224909267
2023-07-17,2,179,179,-0.024095893290078316
2023-07-17,3,180,180,-0.023065469320172744
2023-07-17,4,179,179,-0.006694029051120682
2023-07-17,5,179,179,0.011698574483697535
2023-07-18,1,180,180,-0.006852091513058744
2023-07-18,2,179,179,-0.03006746278344693
2023-07-18,3,180,180,-0.0327863666428707
2023-07-18,4,179,179,-0.012727005787441495
2023-07-18,5,179,179,0.0074007317078925465
2023-07-19,1,180,180,-0.019087088113938132
2023-07-19,2,179,179,-0.0418668872078729
2023-07-19,3,179,179,-0.04333480156486098
2023-07-19,4,179,179,-0.018769732015332784
2023-07-19,5,179,179,-0.003776728468834537
2023-07-20,1,179,179,0.0011150819287545548
2023-07-20,2,179,179,-0.010960966104539054
2023-07-20,3,179,179,-0.013065760499703401
2023-07-20,4,179,179,-0.0019445378709387273
2023-07-20,5,179,179,0.013351611406028707
2023-07-21,1,180,180,-0.015451991938319308
2023-07-21,2,179,179,-0.03463644934140354
2023-07-21,3,180,180,-0.03441236998759686
2023-07-21,4,179,179,-0.021334667354165258
2023-07-21,5,179,179,-0.0015886101742584975
2023-07-24,1,180,180,-0.032881000864101576
2023-07-24,2,179,179,-0.05190351163321954
2023-07-24,3,179,179,-0.047450237974930615
2023-07-24,4,179,179,-0.03693603121967953
2023-07-24,5,179,179,-0.020298622492912036
2023-07-25,1,180,180,-0.038637688573661795
2023-07-25,2,180,180,-0.05545414602110134
2023-07-25,3,180,180,-0.05645986502570739
2023-07-25,4,180,180,-0.044827638416975735
2023-07-25,5,180,180,-0.026388308747886953
2023-07-26,1,182,182,-0.05220945848175466
2023-07-26,2,182,182,-0.05885130895451726
2023-07-26,3,181,181,-0.06548397473356654
2023-07-26,4,182,182,-0.04883890521097511
2023-07-26,5,181,181,-0.036461176912023635
2023-07-27,1,182,182,-0.04741102983175667
2023-07-27,2,182,182,-0.05756136294565512
2023-07-27,3,182,182,-0.054097304990114024
2023-07-27,4,182,182,-0.048364614984303146
2023-07-27,5,181,181,-0.03882470164697782
2023-07-28,1,183,183,-0.02637802082596098
2023-07-28,2,182,182,-0.03791486639726083
2023-07-28,3,182,182,-0.032307074791365124
2023-07-28,4,182,182,-0.029880423937490883
2023-07-28,5,182,182,-0.020774561519324143
2023-07-31,1,183,182,-0.07172401563583228
2023-07-31,2,183,183,-0.08388658383383592
2023-07-31,3,182,182,-0.07642583889591616
2023-07-31,4,183,183,-0.07301709550899217
2023-07-31,5,182,182,-0.05735660108954258
2023-08-01,1,183,182,-0.04354996904585084
2023-08-01,2,183,183,-0.05011238693698854
2023-08-01,3,182,182,-0.04771767560963639
2023-08-01,4,183,183,-0.05043287383921932
2023-08-01,5,182,182,-0.0448676242050337
2023-08-02,1,184,183,-0.05020586026373661
2023-08-02,2,183,183,-0.039222531468719096
2023-08-02,3,183,183,-0.04664346331673351
2023-08-02,4,183,183,-0.04576699341211616
2023-08-02,5,183,183,-0.0471403622834582
2023-08-03,1,183,182,-0.05786969209809183
2023-08-03,2,183,183,-0.053840937618736144
2023-08-03,3,183,183,-0.05656734833316712
2023-08-03,4,183,183,-0.057759206285546164
2023-08-03,5,183,183,-0.06303261756183008
2023-08-04,1,184,183,-0.047591338805916185
2023-08-04,2,184,184,-0.04391008729064365
2023-08-04,3,183,183,-0.05597294326366737
2023-08-04,4,184,184,-0.05305458614463567
2023-08-04,5,183,183,-0.047106377487205975
2023-08-07,1,184,183,-0.03684198613749
2023-08-07,2,184,184,-0.030173474457128344
2023-08-07,3,184,184,-0.04242685874132496
2023-08-07,4,184,184,-0.034175116144320096
2023-08-07,5,183,183,-0.025959600454733396
2023-08-08,1,184,183,-0.04074397345114008
2023-08-08,2,184,184,-0.036292446722251646
2023-08-08,3,184,184,-0.04185428952770162
2023-08-08,4,184,184,-0.04087344085017184
2023-08-08,5,183,183,-0.030113613169439946
2023-08-09,1,185,184,-0.0314853454391426
2023-08-09,2,184,184,-0.029507896956809065
2023-08-09,3,184,184,-0.030697032218309415
2023-08-09,4,184,184,-0.029160302192399533
2023-08-09,5,184,184,-0.025177976826796594
2023-08-10,1,184,183,-0.05072809198997276
2023-08-10,2,184,184,-0.048695304667745264
2023-08-10,3,184,184,-0.0535719825054595
2023-08-10,4,184,184,-0.04340659937758276
2023-08-10,5,184,184,-0.042384901943258606
2023-08-11,1,183,182,-0.020734460614045897
2023-08-11,2,183,183,-0.020427323872470697
2023-08-11,3,183,183,-0.012850506115209707
2023-08-11,4,183,183,-0.010965454001231707
2023-08-11,5,183,183,-0.011155196901568458
2023-08-14,1,184,184,-0.02063914848638173
2023-08-14,2,183,183,-0.02012821950627147
2023-08-14,3,183,183,-0.014939719016466785
2023-08-14,4,183,183,-0.012452431513763797
2023-08-14,5,183,183,-0.010012770927089423
2023-08-15,1,183,183,-0.014938483703037374
2023-08-15,2,182,182,-0.011628330965850949
2023-08-15,3,183,183,-0.0050668369870908335
2023-08-15,4,182,182,-0.0065122441407630335
2023-08-15,5,182,182,-0.004718366655296121
2023-08-16,1,183,183,-0.016252003314022753
2023-08-16,2,183,183,-0.008025191480000596
2023-08-16,3,182,182,-0.006559027600540768
2023-08-16,4,183,183,-0.00885678473560205
2023-08-16,5,182,182,-0.005951969738830111
2023-08-17,1,183,183,-0.02770086497039603
2023-08-17,2,183,183,-0.023027344858818126
2023-08-17,3,183,183,-0.022542488513161887
2023-08-17,4,183,183,-0.015950053756131427
2023-08-17,5,183,183,-0.01142943452984662
2023-08-18,1,183,183,-0.014042175217779724
2023-08-18,2,183,183,-0.0061098705258511255
2023-08-18,3,182,182,-0.005319130639093442
2023-08-18,4,183,183,-0.0015459088739857324
2023-08-18,5,182,182,-0.000994557839845889
2023-08-21,1,183,183,-0.0014802811567256836
2023-08-21,2,183,183,0.010878886487930665
2023-08-21,3,182,182,0.0034564431326347123
2023-08-21,4,183,183,0.0068328335791170295
2023-08-21,5,182,182,0.006385552931637943
2023-08-22,1,183,183,-0.009878637048084922
2023-08-22,2,182,182,-0.000727121126461845
2023-08-22,3,183,183,-0.007374950454862672
2023-08-22,4,182,182,0.0021618518016715245
2023-08-22,5,182,182,0.002703240450023901
2023-08-23,1,183,183,0.000334392733435671
2023-08-23,2,182,182,0.008009596660448271
2023-08-23,3,183,183,-0.0021898146214193114
2023-08-23,4,182,182,0.009284070841269153
2023-08-23,5,182,182,0.007922213975324112
2023-08-24,1,183,183,-0.0014886164641410593
2023-08-24,2,183,183,0.0029231084991460507
2023-08-24,3,182,182,-0.004062878633226469
2023-08-24,4,183,183,0.006216349444294286
2023-08-24,5,182,182,0.011517218144293313
2023-08-25,1,182,182,-0.03230591655213481
2023-08-25,2,182,182,-0.012105758175145531
2023-08-25,3,182,182,-0.020974333502066903
2023-08-25,4,182,182,-0.023237277600389464
2023-08-25,5,182,182,-0.0151697763983173
2023-08-28,1,183,182,0.0035098808440779915
2023-08-28,2,183,183,0.030477639798245172
2023-08-28,3,182,182,0.01623922921710669
2023-08-28,4,183,183,0.013164857347736097
2023-08-28,5,182,182,0.008864468273559665
2023-08-29,1,183,183,-0.02636381632301257
2023-08-29,2,183,183,-0.01167188394469614
2023-08-29,3,183,183,-0.016371966188019713
2023-08-29,4,183,183,-0.009685123609619631
2023-08-29,5,183,183,-0.014086937454552645
2023-08-30,1,183,183,-0.015856482723723503
2023-08-30,2,183,183,-0.007638405361155884
2023-08-30,3,183,183,-0.012140913409057683
2023-08-30,4,183,183,-0.0008351109536212128
2023-08-30,5,182,182,-0.00440067429637088
2023-08-31,1,183,183,-0.012477149854587616
2023-08-31,2,182,182,-0.004623791119721391
2023-08-31,3,182,182,-0.0039644418457503924
2023-08-31,4,182,182,0.004883332641462886
2023-08-31,5,182,182,-0.0008136066459803226
2023-09-01,1,182,182,-0.017416426478875462
2023-09-01,2,182,182,-0.0027168375501021398
2023-09-01,3,182,182,-0.009246153179182646
2023-09-01,4,182,182,-0.0034843182140262803
2023-09-01,5,181,181,-0.015405665536006882
2023-09-04,1,183,183,-0.02686098263374248
2023-09-04,2,182,182,-0.013253888177754884
2023-09-04,3,183,183,-0.023563435322922544
2023-09-04,4,182,182,-0.018618534630519833
2023-09-04,5,182,182,-0.03448363737329219
2023-09-05,1,183,183,-0.015677247167433184
2023-09-05,2,183,183,0.0011884329405343944
2023-09-05,3,182,182,-0.010736324507779359
2023-09-05,4,183,183,-0.004968124813676583
2023-09-05,5,182,182,-0.02427358788829477
2023-09-06,1,183,183,-0.02157399848398458
2023-09-06,2,183,183,-0.007501099504592742
2023-09-06,3,183,183,-0.009293600782688304
2023-09-06,4,183,183,-0.0087380773287995
2023-09-06,5,183,183,-0.020686996371142474
2023-09-07,1,183,183,-0.012791250586665373
2023-09-07,2,183,183,0.01963154754578861
2023-09-07,3,182,182,0.008879683748648908
2023-09-07,4,183,183,0.011053653722886598
2023-09-07,5,182,182,-0.009324883324438408
2023-09-08,1,183,183,-0.020972190535844135
2023-09-08,2,182,182,0.0019084818673249942
2023-09-08,3,182,182,-0.00440510180977668
2023-09-08,4,182,182,-0.0028311863632865825
2023-09-08,5,182,182,-0.013313607064910964
2023-09-11,1,183,183,-0.029497632320956934
2023-09-11,2,182,182,-0.016786629452365323
2023-09-11,3,183,183,-0.01620769763526161
2023-09-11,4,182,182,-0.018706682743490386
2023-09-11,5,182,182,-0.02425681284825519
2023-09-12,1,183,183,-0.04292866144231234
2023-09-12,2,182,182,-0.028089030938627597
2023-09-12,3,183,183,-0.030137953081646532
2023-09-12,4,182,182,-0.03212544546176228
2023-09-12,5,182,182,-0.039332722338705314
2023-09-13,1,183,183,-0.04796485846891575
2023-09-13,2,182,182,-0.03517573076721096
2023-09-13,3,182,182,-0.031249050905610663
2023-09-13,4,182,182,-0.036909026573587744
2023-09-13,5,182,182,-0.046090977515293736
2023-09-14,1,183,183,-0.05248462986841545
2023-09-14,2,182,182,-0.04346506585652347
2023-09-14,3,183,183,-0.036407972972741634
2023-09-14,4,182,182,-0.048672501868062615
2023-09-14,5,182,182,-0.0533583385668423
2023-09-15,1,183,183,-0.06072775494342949
2023-09-15,2,183,183,-0.044658070511117906
2023-09-15,3,182,182,-0.042221898878941795
2023-09-15,4,183,183,-0.05725075919540246
2023-09-15,5,182,182,-0.06594040673532724
2023-09-18,1,183,183,-0.050722763148621224
2023-09-18,2,182,182,-0.027403074728160413
2023-09-18,3,183,183,-0.04352839376988839
2023-09-18,4,182,182,-0.0450387169477029
2023-09-18,5,182,182,-0.04619516403353567
2023-09-19,1,183,183,-0.04661415125797214
2023-09-19,2,182,182,-0.015360753022869504
2023-09-19,3,183,183,-0.03836758710832175
2023-09-19,4,182,182,-0.041631370475381554
2023-09-19,5,182,182,-0.04347490963674576
2023-09-20,1,183,183,-0.038059289885561134
2023-09-20,2,182,182,-0.004519739411394365
2023-09-20,3,183,183,-0.021415902107404364
2023-09-20,4,182,182,-0.028548918734358983
2023-09-20,5,182,182,-0.034628623855808595
2023-09-21,1,183,183,-0.014364146372629682
2023-09-21,2,182,182,0.0180723587687494
2023-09-21,3,183,183,-0.0010115866990668316
2023-09-21,4,182,182,-0.003940068482005887
2023-09-21,5,182,182,-0.02246967209108654
2023-09-22,1,183,183,-0.018774231265878304
2023-09-22,2,182,182,0.014932789670842637
2023-09-22,3,182,182,-0.00383317681042929
2023-09-22,4,182,182,-0.008417707035128882
2023-09-22,5,182,182,-0.029157088877886376
2023-09-25,1,182,182,-0.013936390309042188
2023-09-25,2,182,182,0.018416256605796478
2023-09-25,3,182,182,-0.0006717670773193964
2023-09-25,4,182,182,-0.003510845181982588
2023-09-25,5,182,182,-0.023497932251150256
2023-09-26,1,182,182,-0.014145130920547824
2023-09-26,2,182,182,0.021107827590475227
2023-09-26,3,182,182,0.00407207560224443
2023-09-26,4,182,182,-0.0005517477550545121
2023-09-26,5,182,182,-0.019989424489825502
2023-09-27,1,182,182,-0.025137783422272846
2023-09-27,2,182,182,-0.008876761435205218
2023-09-27,3,181,181,7.524298530728442e-05
2023-09-27,4,182,182,-0.01288333552086253
2023-09-27,5,181,181,-0.02602983089369162
2023-09-28,1,182,182,-0.012084204399763262
2023-09-28,2,182,182,0.01453220798644054
2023-09-28,3,181,181,0.0014599764785655158
2023-09-28,4,182,182,-0.0010717619599212031
2023-09-28,5,181,181,-0.018363711312503944
2023-10-09,1,182,182,0.001851045737878819
2023-10-09,2,182,182,0.0238805804610384
2023-10-09,3,181,181,0.00909267308122028
2023-10-09,4,182,182,0.008331025278516882
2023-10-09,5,181,181,-0.00595548425703082
2023-10-10,1,182,182,0.00867035601763015
2023-10-10,2,181,181,0.027488794971538583
2023-10-10,3,182,182,0.014906006268445782
2023-10-10,4,181,181,0.01399036618558311
2023-10-10,5,181,181,-0.001065601957710697
2023-10-11,1,182,182,0.004640490229527575
2023-10-11,2,181,181,0.027539282999196932
2023-10-11,3,182,182,0.010343643522733556
2023-10-11,4,181,181,0.007302535077956729
2023-10-11,5,181,181,-0.005357272391384445
2023-10-12,1,182,182,0.005507879554841155
2023-10-12,2,181,181,0.008055858116925248
2023-10-12,3,182,182,0.0015029953499957152
2023-10-12,4,181,181,-0.002066432950391935
2023-10-12,5,181,181,-0.011611465741341118
2023-10-13,1,182,182,0.007909091994859422
2023-10-13,2,182,182,0.010162115376820883
2023-10-13,3,181,181,0.0016189209053280764
2023-10-13,4,182,182,-0.0005306175790423562
2023-10-13,5,181,181,-0.00862707083394571
2023-10-16,1,182,182,0.016217677731627904
2023-10-16,2,181,181,0.01952755278247161
2023-10-16,3,182,182,0.020125708262732144
2023-10-16,4,181,181,0.006414296284587374
2023-10-16,5,181,181,-0.002020111989665709
2023-10-17,1,182,182,0.032455529477739865
2023-10-17,2,182,182,0.03218434510588329
2023-10-17,3,182,182,0.03900491033686601
2023-10-17,4,182,182,0.024159438164500554
2023-10-17,5,181,181,0.010478204944198707
2023-10-18,1,182,182,0.04391261886489215
2023-10-18,2,182,181,0.040470339371626404
2023-10-18,3,182,182,0.05495111472823676
2023-10-18,4,182,182,0.03695259415217954
2023-10-18,5,182,182,0.02329973034746778
2023-10-19,1,182,182,0.054150758055463294
2023-10-19,2,182,181,0.05064801732050573
2023-10-19,3,181,181,0.059020486107484164
2023-10-19,4,182,182,0.04429842611435657
2023-10-19,5,181,181,0.0311121881879358
2023-10-20,1,182,182,0.06986258456228907
2023-10-20,2,182,181,0.07158053674733178
2023-10-20,3,181,181,0.07947913402425673
2023-10-20,4,182,182,0.06749526043128704
2023-10-20,5,181,181,0.0420299068495833
2023-10-23,1,181,181,0.09148862916461585
2023-10-23,2,181,181,0.09337337282757963
2023-10-23,3,181,181,0.10486085879376673
2023-10-23,4,181,181,0.09290760048714111
2023-10-23,5,180,180,0.06573749837432555
2023-10-24,1,182,182,0.06459560502857924
2023-10-24,2,181,181,0.06940284654633208
2023-10-24,3,181,181,0.07499754282049079
2023-10-24,4,181,181,0.06395454024608956
2023-10-24,5,181,181,0.041313127206632785
2023-10-25,1,182,182,0.05810334820507022
2023-10-25,2,182,182,0.06641229035746268
2023-10-25,3,182,182,0.06972440925752707
2023-10-25,4,182,182,0.06015032086985825
2023-10-25,5,182,182,0.03243750549978327
2023-10-26,1,182,182,0.06269759582937828
2023-10-26,2,182,182,0.067561908409843
2023-10-26,3,182,182,0.07469579932517323
2023-10-26,4,182,182,0.061230379124333316
2023-10-26,5,181,181,0.034982975060825386
2023-10-27,1,183,183,0.03333091176940239
2023-10-27,2,183,183,0.033708585317810416
2023-10-27,3,182,182,0.04310080486413614
2023-10-27,4,183,183,0.0356358727215185
2023-10-27,5,182,182,0.020802372714831003
2023-10-30,1,183,183,0.01708286429676172
2023-10-30,2,182,182,0.013071206429205945
2023-10-30,3,183,183,0.024849219325224086
2023-10-30,4,182,182,0.015463364668598314
2023-10-30,5,182,182,0.010768739931341486
2023-10-31,1,183,183,0.018912237258840562
2023-10-31,2,183,183,0.024379990740902142
2023-10-31,3,182,182,0.036894306426905055
2023-10-31,4,183,183,0.023589847185872034
2023-10-31,5,182,182,0.01522266327666627
2023-11-01,1,183,183,0.018153944709430124
2023-11-01,2,183,183,0.01828096076114505
2023-11-01,3,182,181,0.030726514007795167
2023-11-01,4,183,183,0.015879904336077343
2023-11-01,5,182,182,0.007963392598368958
2023-11-02,1,183,183,0.023984205974251705
2023-11-02,2,183,183,0.026182258795973468
2023-11-02,3,183,182,0.037876699560113365
2023-11-02,4,183,183,0.020674648574097405
2023-11-02,5,182,182,0.011294971057287762
2023-11-03,1,183,183,0.014807070839925862
2023-11-03,2,182,182,0.009412894734962384
2023-11-03,3,183,181,0.027413277082072012
2023-11-03,4,182,182,0.01261094340565104
2023-11-03,5,182,182,0.007927776260904641
2023-11-06,1,183,183,0.002783356365446125
2023-11-06,2,182,182,-0.012248689658209515
2023-11-06,3,183,181,0.013908382730808407
2023-11-06,4,182,182,-0.0007753717371251555
2023-11-06,5,182,182,-0.0005863880165936434
2023-11-07,1,183,183,-0.017153493131558693
2023-11-07,2,183,182,-0.03264529413159555
2023-11-07,3,182,181,-0.0067088205073543095
2023-11-07,4,183,183,-0.02002768597330407
2023-11-07,5,182,182,-0.016339195860032234
2023-11-08,1,183,183,-0.017018616786213903
2023-11-08,2,183,182,-0.03113548727512158
2023-11-08,3,182,181,-0.0023220246118770328
2023-11-08,4,183,183,-0.013715779730073947
2023-11-08,5,182,182,-0.00862384511153412
2023-11-09,1,183,183,-0.007175289665968385
2023-11-09,2,182,181,-0.020205636811613144
2023-11-09,3,183,183,0.0021216455617563725
2023-11-09,4,182,182,-0.0035831177297250185
2023-11-09,5,182,182,-0.004082104561853137
2023-11-10,1,183,183,-0.02003226866775902
2023-11-10,2,182,181,-0.026325556514927004
2023-11-10,3,182,182,-0.0125313218936404
2023-11-10,4,182,182,-0.014187844754384329
2023-11-10,5,182,182,-0.014647966738622883
2023-11-13,1,183,183,-0.0017227399083309277
2023-11-13,2,182,181,-0.015174899277920187
2023-11-13,3,183,183,-0.0003479216792461241
2023-11-13,4,182,182,-0.004378627343590944
2023-11-13,5,182,182,-0.009914265866115622
2023-11-14,1,183,183,-0.008977629420607548
2023-11-14,2,183,183,-0.023747985209794917
2023-11-14,3,182,182,-0.011528783116380524
2023-11-14,4,183,183,-0.014400954860998436
2023-11-14,5,182,182,-0.015220562949944125
2023-11-15,1,183,183,-0.009516455549088873
2023-11-15,2,183,183,-0.023400048300524504
2023-11-15,3,183,182,-0.013161216153639306
2023-11-15,4,183,183,-0.016224170174737273
2023-11-15,5,183,183,-0.016392928961435026
2023-11-16,1,183,183,-0.011434048642810602
2023-11-16,2,183,183,-0.025444479868839055
2023-11-16,3,183,183,-0.016955545640418918
2023-11-16,4,183,183,-0.015031027162360287
2023-11-16,5,182,182,-0.013116616669242478
2023-11-17,1,183,183,-0.02393051030135206
2023-11-17,2,183,183,-0.04457230842248255
2023-11-17,3,183,183,-0.031463947131297645
2023-11-17,4,183,183,-0.0357817887335702
2023-11-17,5,182,181,-0.027143156762384657
2023-11-20,1,183,183,-0.042128681009482215
2023-11-20,2,182,182,-0.06168838056360453
2023-11-20,3,183,183,-0.05150436273901164
2023-11-20,4,182,182,-0.05250387764316015
2023-11-20,5,182,181,-0.041682910358650356
2023-11-21,1,183,183,-0.04086472924170935
2023-11-21,2,183,183,-0.05264149547861132
2023-11-21,3,183,183,-0.04069560741509462
2023-11-21,4,183,183,-0.043014320268976385
2023-11-21,5,182,181,-0.0409775541964521
2023-11-22,1,183,183,-0.0511358857736518
2023-11-22,2,183,183,-0.06714807779438928
2023-11-22,3,183,183,-0.05543996099936375
2023-11-22,4,183,183,-0.055374872921580304
2023-11-22,5,182,182,-0.049058479846746425
2023-11-23,1,183,183,-0.048936515337043275
2023-11-23,2,183,183,-0.05948342793844506
2023-11-23,3,183,183,-0.053881586465938186
2023-11-23,4,183,183,-0.05194421644079008
2023-11-23,5,182,182,-0.05187410719001086
2023-11-24,1,183,183,-0.04942077769537533
2023-11-24,2,183,183,-0.06328801690749213
2023-11-24,3,183,183,-0.05374890685266019
2023-11-24,4,183,183,-0.054327267162388754
2023-11-24,5,182,182,-0.05601370940060567
2023-11-27,1,183,183,-0.04472067464473602
2023-11-27,2,183,183,-0.05664234107975047
2023-11-27,3,182,182,-0.04519641573810819
2023-11-27,4,183,183,-0.04797285170347633
2023-11-27,5,182,182,-0.052797366996939155
2023-11-28,1,183,183,-0.05614105386757495
2023-11-28,2,183,183,-0.07343833039994838
2023-11-28,3,183,183,-0.06220042707596645
2023-11-28,4,183,183,-0.07006173413590529
2023-11-28,5,182,182,-0.06404422937570226
2023-11-29,1,183,183,-0.0497462185865205
2023-11-29,2,183,183,-0.0595198033294772
2023-11-29,3,183,182,-0.05769419088921373
2023-11-29,4,183,183,-0.05131033837154514
2023-11-29,5,182,182,-0.049826091378211264
2023-11-30,1,183,183,-0.034856119554869607
2023-11-30,2,182,182,-0.04423361635536149
2023-11-30,3,183,183,-0.034535352106907675
2023-11-30,4,182,182,-0.0361923461172253
2023-11-30,5,182,182,-0.034422350966088394
2023-12-01,1,183,183,-0.028106768525053023
2023-12-01,2,183,183,-0.034604606253638655
2023-12-01,3,182,181,-0.03108309400842929
2023-12-01,4,183,183,-0.023856095846686298
2023-12-01,5,182,182,-0.030548692652675995
2023-12-04,1,183,183,-0.03714549576829126
2023-12-04,2,183,183,-0.03437156014682657
2023-12-04,3,182,182,-0.027365557591020037
2023-12-04,4,183,183,-0.03134869813977899
2023-12-04,5,182,182,-0.029387894759996355
2023-12-05,1,183,183,-0.02237575492631158
2023-12-05,2,183,182,-0.02420390311104692
2023-12-05,3,182,182,-0.00894823527947054
2023-12-05,4,183,183,-0.017036233353864234
2023-12-05,5,182,182,-0.008542069545047958
2023-12-06,1,183,183,-0.0323982404580299
2023-12-06,2,182,182,-0.0382155212163048
2023-12-06,3,183,183,-0.0212016897310206
2023-12-06,4,182,182,-0.028091867039402984
2023-12-06,5,182,182,-0.01698439789080673
2023-12-07,1,183,183,-0.04432476154567625
2023-12-07,2,182,182,-0.057628812224246775
2023-12-07,3,183,183,-0.04005175138749988
2023-12-07,4,182,182,-0.04489288856178228
2023-12-07,5,182,182,-0.025634024492738817
2023-12-08,1,182,182,-0.04945395627438182
2023-12-08,2,182,182,-0.06519770277298247
2023-12-08,3,182,182,-0.05346529841758146
2023-12-08,4,182,182,-0.05028195033797581
2023-12-08,5,181,181,-0.03255390610617224
2023-12-11,1,182,182,-0.06438355380691038
2023-12-11,2,182,182,-0.08199518181883643
2023-12-11,3,182,182,-0.06776329646564047
2023-12-11,4,182,182,-0.06293875983886824
2023-12-11,5,181,181,-0.03926540190064267
2023-12-12,1,182,182,-0.07028960233001497
2023-12-12,2,182,182,-0.08675680127497797
2023-12-12,3,182,182,-0.07602440453903672
2023-12-12,4,182,182,-0.07260474474200772
2023-12-12,5,182,182,-0.04692302810855015
2023-12-13,1,182,182,-0.05853027759208381
2023-12-13,2,182,182,-0.06945534480606506
2023-12-13,3,182,182,-0.060007540335359835
2023-12-13,4,182,181,-0.05357122620762912
2023-12-13,5,182,182,-0.036369495926039205
2023-12-14,1,182,182,-0.060877103583983426
2023-12-14,2,182,182,-0.06481347338029889
2023-12-14,3,182,182,-0.05866949339616255
2023-12-14,4,182,182,-0.055970630780378734
2023-12-14,5,182,182,-0.03710084286905421
2023-12-15,1,183,183,-0.05427139350298819
2023-12-15,2,182,182,-0.05527189987641642
2023-12-15,3,182,182,-0.04741619729869131
2023-12-15,4,182,182,-0.04724531128622436
2023-12-15,5,182,181,-0.025871694222409158
2023-12-18,1,182,182,-0.04304978355244854
2023-12-18,2,181,181,-0.04851294154864245
2023-12-18,3,181,181,-0.040928209574447615
2023-12-18,4,181,181,-0.04129120787485894
2023-12-18,5,181,181,-0.017199967556428577
2023-12-19,1,182,182,-0.06855716978070497
2023-12-19,2,181,181,-0.07655335412311841
2023-12-19,3,181,181,-0.07094729101877956
2023-12-19,4,181,181,-0.06616372007823514
2023-12-19,5,181,181,-0.037995336296831224
2023-12-20,1,181,181,-0.043516242919388506
2023-12-20,2,181,181,-0.053979389663731184
2023-12-20,3,180,180,-0.049823726959388775
2023-12-20,4,181,181,-0.04705594896964972
2023-12-20,5,180,180,-0.031146502665018092
2023-12-21,1,181,181,-0.06343307738160818
2023-12-21,2,181,181,-0.07540739522307996
2023-12-21,3,181,181,-0.06962869992514442
2023-12-21,4,181,181,-0.06672225543755188
2023-12-21,5,180,180,-0.04249523290156903
2023-12-22,1,181,181,-0.09653722788722027
2023-12-22,2,181,181,-0.10694644276710014
2023-12-22,3,181,181,-0.10702126075625847
2023-12-22,4,181,181,-0.10406074760401546
2023-12-22,5,181,181,-0.08024570928686822
2023-12-25,1,181,181,-0.0846875854046975
2023-12-25,2,181,181,-0.09072894631859309
2023-12-25,3,181,181,-0.09252222303068028
2023-12-25,4,181,181,-0.09005652289513758
2023-12-25,5,180,180,-0.06376395434094369
2023-12-26,1,180,180,-0.06372023489596089
2023-12-26,2,180,180,-0.07441349207427386
2023-12-26,3,180,180,-0.06974864256145348
2023-12-26,4,180,180,-0.06952735810632917
2023-12-26,5,180,180,-0.03424796364187443
2023-12-27,1,181,181,-0.04135089034341524
2023-12-27,2,180,180,-0.05903930484752971
2023-12-27,3,181,181,-0.05023263585248358
2023-12-27,4,180,180,-0.046867887033326436
2023-12-27,5,180,180,-0.003766845603467257
2023-12-28,1,182,182,-0.05645267267324721
2023-12-28,2,181,181,-0.08153487524424376
2023-12-28,3,182,182,-0.06231821660223879
2023-12-28,4,181,181,-0.05927591407629013
2023-12-28,5,181,181,-0.012276180421085612
2023-12-29,1,182,181,-0.09490107356054829
2023-12-29,2,181,181,-0.11612961406075674
2023-12-29,3,181,181,-0.10590318594931158
2023-12-29,4,181,181,-0.09892451901116577
2023-12-29,5,181,181,-0.04103121934788282
2024-01-02,1,182,181,-0.10706945226386964
2024-01-02,2,181,181,-0.13524447582398047
2024-01-02,3,182,182,-0.13006246319576942
2024-01-02,4,181,181,-0.11658425507182665
2024-01-02,5,181,181,-0.06213437578936819
2024-01-03,1,182,181,-0.1297104726374538
2024-01-03,2,181,181,-0.1618487142268412
2024-01-03,3,182,182,-0.15867302527430077
2024-01-03,4,181,181,-0.146925647117635
2024-01-03,5,181,181,-0.09168471549901194
2024-01-04,1,181,180,-0.12668624537739773
2024-01-04,2,181,180,-0.1532657615827265
2024-01-04,3,181,181,-0.15876501600674894
2024-01-04,4,181,181,-0.1362764449488873
2024-01-04,5,181,181,-0.09668045187832629
2024-01-05,1,181,180,-0.14873751663838408
2024-01-05,2,181,180,-0.1706388092455257
2024-01-05,3,181,181,-0.17623251176077812
2024-01-05,4,181,181,-0.1592288243844582
2024-01-05,5,180,180,-0.12022670958813397
2024-01-08,1,181,181,-0.17768773853490213
2024-01-08,2,181,181,-0.1969998632977467
2024-01-08,3,180,180,-0.2075949172437523
2024-01-08,4,181,181,-0.190122202564062
2024-01-08,5,180,180,-0.1508846777729157
2024-01-09,1,181,181,-0.13277553864461045
2024-01-09,2,180,180,-0.13828786187397515
2024-01-09,3,180,180,-0.15033759530787003
2024-01-09,4,180,180,-0.12770481863038705
2024-01-09,5,180,180,-0.10284824480125343
2024-01-10,1,181,181,-0.11129891558469833
2024-01-10,2,180,180,-0.11240740893939817
2024-01-10,3,180,180,-0.11499893641239878
2024-01-10,4,180,180,-0.09583247837252479
2024-01-10,5,180,180,-0.07317299812681129
2024-01-11,1,181,181,-0.08708178209773489
2024-01-11,2,181,181,-0.08737131306273285
2024-01-11,3,181,181,-0.09543530430367908
2024-01-11,4,181,180,-0.07485433578694095
2024-01-11,5,181,181,-0.042073036200965634
2024-01-12,1,181,181,-0.08383671303501362
2024-01-12,2,181,181,-0.07775048596230379
2024-01-12,3,180,180,-0.0871575344686712
2024-01-12,4,181,181,-0.07941385412926705
2024-01-12,5,180,180,-0.04339699682212604
2024-01-15,1,181,181,-0.08326664418563894
2024-01-15,2,181,181,-0.07487350655351246
2024-01-15,3,180,180,-0.0815388063634649
2024-01-15,4,181,181,-0.07491852981577891
2024-01-15,5,180,180,-0.04725315232529434
2024-01-16,1,181,181,-0.0699801812859452
2024-01-16,2,180,180,-0.0581986137076662
2024-01-16,3,180,180,-0.06488394798388097
2024-01-16,4,180,180,-0.05903213570163975
2024-01-16,5,180,180,-0.03282784299366031
2024-01-17,1,180,180,-0.024190380310451086
2024-01-17,2,180,180,-0.012126292324285994
2024-01-17,3,179,179,-0.01864170122125169
2024-01-17,4,180,180,-0.015704702876165065
2024-01-17,5,179,179,0.00045369262507475975
2024-01-18,1,180,180,-0.015175794795161669
2024-01-18,2,180,180,-0.012620992873447978
2024-01-18,3,180,180,-0.012516613845231284
2024-01-18,4,180,180,-0.0058657143991319854
2024-01-18,5,179,179,0.013761461541876378
2024-01-19,1,180,180,-0.009131963800461884
2024-01-19,2,179,179,-0.006649688258130502
2024-01-19,3,180,180,-0.001742687139037684
2024-01-19,4,179,179,0.0033359820718938285
2024-01-19,5,179,179,0.012123903256573674
2024-01-22,1,179,179,0.0641904914880135
2024-01-22,2,178,178,0.07849388485688115
2024-01-22,3,179,179,0.08506947898734542
2024-01-22,4,178,178,0.08879939636899319
2024-01-22,5,178,178,0.0846455748576802
2024-01-23,1,179,179,0.0027520565235115107
2024-01-23,2,179,179,0.005777132798701783
2024-01-23,3,178,178,0.015410613253080971
2024-01-23,4,179,179,0.02455584573004099
2024-01-23,5,178,178,0.029104219193677595
2024-01-24,1,181,181,0.03008558285867275
2024-01-24,2,180,180,0.04221819702428309
2024-01-24,3,180,180,0.046591944774955645
2024-01-24,4,180,180,0.05313997673854438
2024-01-24,5,180,180,0.04044456487110181
2024-01-25,1,182,182,0.012436547915685513
2024-01-25,2,182,182,0.029784550917503233
2024-01-25,3,181,181,0.027771755244606833
2024-01-25,4,182,182,0.03161602491465929
2024-01-25,5,181,181,0.011150506875810434
2024-01-26,1,182,182,0.006541270651393593
2024-01-26,2,182,182,0.03187309512438919
2024-01-26,3,181,181,0.029386170120482436
2024-01-26,4,182,182,0.022139825608380792
2024-01-26,5,181,181,-0.005594817887960578
2024-01-29,1,181,180,0.041327367136599756
2024-01-29,2,181,181,0.055198539949504424
2024-01-29,3,181,181,0.05381289729966725
2024-01-29,4,181,181,0.044493102790527664
2024-01-29,5,180,180,0.013744592730442252
2024-01-30,1,180,180,0.07503676952945805
2024-01-30,2,180,180,0.09148707708930963
2024-01-30,3,180,180,0.08818276571488619
2024-01-30,4,180,180,0.08164756453559037
2024-01-30,5,179,179,0.046331714472263565
2024-01-31,1,178,178,0.10340426354244604
2024-01-31,2,177,177,0.11352648102359893
2024-01-31,3,178,178,0.11876581538816638
2024-01-31,4,177,177,0.10521837535845903
2024-01-31,5,177,177,0.07451890797715735
2024-02-01,1,178,177,0.11023586391665662
2024-02-01,2,177,177,0.12716156738713
2024-02-01,3,178,178,0.12975210576920768
2024-02-01,4,177,177,0.1117048462407
2024-02-01,5,177,177,0.08884061417231659
2024-02-02,1,177,177,0.1851712149945493
2024-02-02,2,177,177,0.19931962796174355
2024-02-02,3,176,176,0.20252244139738762
2024-02-02,4,177,177,0.17916842720187628
2024-02-02,5,176,176,0.14524830636036515
2024-02-05,1,175,175,0.26738993942190475
2024-02-05,2,175,175,0.27513265201800635
2024-02-05,3,175,175,0.28663059096477783
2024-02-05,4,175,175,0.2524956795368665
2024-02-05,5,174,174,0.22226951965216937
2024-02-06,1,176,176,0.18405867758801928
2024-02-06,2,176,176,0.1983189974700629
2024-02-06,3,176,176,0.1920955372925105
2024-02-06,4,176,176,0.1754063366242587
2024-02-06,5,176,176,0.1422648398610047
2024-02-07,1,176,176,0.15234630880095595
2024-02-07,2,176,176,0.15317781406858108
2024-02-07,3,175,175,0.1441417099825735
2024-02-07,4,176,176,0.15370588639184177
2024-02-07,5,175,175,0.10280463155946251
2024-02-08,1,178,177,0.12468472075237559
2024-02-08,2,178,178,0.11713988637793668
2024-02-08,3,177,177,0.12328876917526141
2024-02-08,4,178,178,0.10971068697190772
2024-02-08,5,177,177,0.07241816549815383
2024-02-19,1,178,177,0.1290679315057106
2024-02-19,2,178,178,0.13175740078684675
2024-02-19,3,178,178,0.14118819293203277
2024-02-19,4,178,178,0.12126093264840276
2024-02-19,5,178,178,0.08238841365521823
2024-02-20,1,179,178,0.11498883917332359
2024-02-20,2,179,179,0.12579987316822475
2024-02-20,3,178,178,0.13478939180673524
2024-02-20,4,179,178,0.10825367875062325
2024-02-20,5,178,178,0.07792119862184499
2024-02-21,1,179,178,0.10788775320258136
2024-02-21,2,179,179,0.12458969179300834
2024-02-21,3,178,178,0.12274272985216779
2024-02-21,4,179,178,0.10340830048987047
2024-02-21,5,178,178,0.07462976985041832
2024-02-22,1,179,178,0.08330446718073108
2024-02-22,2,179,179,0.09369186258766014
2024-02-22,3,179,179,0.09355114011694779
2024-02-22,4,179,178,0.07518042294537763
2024-02-22,5,179,179,0.05801954382304227
2024-02-23,1,179,178,0.05701930997013695
2024-02-23,2,179,179,0.0674250705258245
2024-02-23,3,179,179,0.06243245373175483
2024-02-23,4,179,178,0.0469860299533018
2024-02-23,5,179,179,0.030351675953386507
2024-02-26,1,180,180,0.04263032990377166
2024-02-26,2,179,179,0.04629855038029459
2024-02-26,3,179,179,0.04600300091869447
2024-02-26,4,179,178,0.02765514003359301
2024-02-26,5,179,179,0.019163757830269693
2024-02-27,1,180,180,0.020532259350623742
2024-02-27,2,179,179,0.015386411849954465
2024-02-27,3,180,180,0.008035732614968096
2024-02-27,4,179,179,0.002052888010812322
2024-02-27,5,179,179,-0.005111828179298029
2024-02-28,1,179,179,0.03191900750115509
2024-02-28,2,179,179,0.035478106277041864
2024-02-28,3,179,179,0.034093343339454844
2024-02-28,4,179,179,0.022113555104800238
2024-02-28,5,179,179,0.014920232802056718
2024-02-29,1,180,180,0.00907348650315138
2024-02-29,2,179,179,0.010403333456350958
2024-02-29,3,179,179,0.009173351666000003
2024-02-29,4,179,179,0.0015251629614779021
2024-02-29,5,179,179,-0.0048562643765871156
2024-03-01,1,180,180,0.02069321176744583
2024-03-01,2,179,179,0.011731334719423175
2024-03-01,3,179,179,0.012657637820027276
2024-03-01,4,179,179,0.004651701863173583
2024-03-01,5,179,179,-0.001300175848979053
2024-03-04,1,179,179,0.03916191135642277
2024-03-04,2,179,179,0.033003341685655836
2024-03-04,3,179,179,0.034073592667175294
2024-03-04,4,179,179,0.030312437617692433
2024-03-04,5,179,179,0.024472433139863605
2024-03-05,1,180,180,0.03631509889987124
2024-03-05,2,179,179,0.029406926624234397
2024-03-05,3,179,179,0.031352320431531175
2024-03-05,4,179,179,0.03153839290975421
2024-03-05,5,179,179,0.03064656534932647
2024-03-06,1,179,179,0.01793104333192739
2024-03-06,2,179,179,0.020884653714723027
2024-03-06,3,179,179,0.01841874004362671
2024-03-06,4,179,179,0.026628939305181502
2024-03-06,5,179,179,0.017539567877117964
2024-03-07,1,179,179,0.013098458101232764
2024-03-07,2,179,179,0.014279052704722206
2024-03-07,3,179,179,0.016931426250218096
2024-03-07,4,179,179,0.021359589912207325
2024-03-07,5,178,178,0.010397762040960951
2024-03-08,1,179,179,0.01348625492260177
2024-03-08,2,179,179,0.01480557972618892
2024-03-08,3,178,178,0.01466110369202425
2024-03-08,4,179,179,0.021161610126975098
2024-03-08,5,178,178,0.012870630355223026
2024-03-11,1,180,180,-0.025886570378784304
2024-03-11,2,179,179,-0.032547973491591456
2024-03-11,3,179,179,-0.030694871570221726
2024-03-11,4,179,179,-0.013816858559105543
2024-03-11,5,179,179,-0.01974012025692059
2024-03-12,1,180,180,-0.024065048204553553
2024-03-12,2,180,180,-0.03061335011619463
2024-03-12,3,180,180,-0.02524310023035566
2024-03-12,4,180,180,-0.005933013328002609
2024-03-12,5,179,179,-0.013289304462730613
2024-03-13,1,180,180,-0.03987753565518644
2024-03-13,2,180,180,-0.03329641855790219
2024-03-13,3,179,179,-0.03808672771477535
2024-03-13,4,180,180,-0.017637088073011443
2024-03-13,5,179,179,-0.02155367065548043
2024-03-14,1,180,179,-0.04416660667462079
2024-03-14,2,179,179,-0.031761223144564636
2024-03-14,3,180,180,-0.04281624820218739
2024-03-14,4,179,179,-0.01780391579164965
2024-03-14,5,179,179,-0.022945070372590276
2024-03-15,1,181,181,-0.0876408740337819
2024-03-15,2,180,180,-0.06732844244281598
2024-03-15,3,180,180,-0.08798300185170926
2024-03-15,4,180,180,-0.06341969101406168
2024-03-15,5,180,180,-0.05675058733319418
2024-03-18,1,181,181,-0.06553639093818835
2024-03-18,2,180,180,-0.05382663266011541
2024-03-18,3,181,181,-0.06893254083185194
2024-03-18,4,180,180,-0.04208738887217118
2024-03-18,5,180,180,-0.03731014841203973
2024-03-19,1,180,180,-0.061980926201401054
2024-03-19,2,180,180,-0.052485469181351656
2024-03-19,3,180,180,-0.06501267304102512
2024-03-19,4,180,179,-0.03729106767127985
2024-03-19,5,180,180,-0.03400256147513781
2024-03-20,1,180,180,-0.07740580077764361
2024-03-20,2,180,180,-0.060592312033210326
2024-03-20,3,180,180,-0.08722285736627225
2024-03-20,4,180,180,-0.04894603552930121
2024-03-20,5,180,180,-0.0393083731989575
2024-03-21,1,181,181,-0.0800626432218068
2024-03-21,2,180,180,-0.05548986033991214
2024-03-21,3,181,181,-0.086968277375057
2024-03-21,4,180,180,-0.05104234873678557
2024-03-21,5,180,180,-0.044551204581442426
2024-03-22,1,180,180,-0.06904453543065252
2024-03-22,2,180,180,-0.045380989932596115
2024-03-22,3,180,180,-0.07527653190601075
2024-03-22,4,180,180,-0.036538380955831395
2024-03-22,5,179,179,-0.03851029591628621
2024-03-25,1,180,180,-0.04792786076282007
2024-03-25,2,180,180,-0.022801768154501235
2024-03-25,3,179,178,-0.049262036213002736
2024-03-25,4,180,180,-0.012739709302767856
2024-03-25,5,179,179,-0.026323344844612826
2024-03-26,1,180,179,-0.046250654938641445
2024-03-26,2,180,180,-0.022722447703092553
2024-03-26,3,180,180,-0.0395970388742963
2024-03-26,4,180,180,-0.0063886456579195965
2024-03-26,5,179,179,-0.020696901037902577
2024-03-27,1,179,179,0.0027339135475045687
2024-03-27,2,178,178,0.025147698412844498
2024-03-27,3,178,178,0.01017332310527827
2024-03-27,4,178,178,0.03574296323502967
2024-03-27,5,178,178,0.012774274442015943
2024-03-28,1,180,176,0.010509773600379512
2024-03-28,2,179,179,0.025957207719648625
2024-03-28,3,179,179,0.012959168972317548
2024-03-28,4,179,176,0.03927222044151029
2024-03-28,5,179,179,0.02482895237335408
2024-03-29,1,180,180,-0.002461987491008756
2024-03-29,2,179,179,0.017541976079743896
2024-03-29,3,179,179,0.004647077633486932
2024-03-29,4,179,179,0.028565054336307925
2024-03-29,5,179,178,0.018339890488398587
2024-04-01,1,180,180,-0.015021621562642102
2024-04-01,2,180,180,0.011026430187887957
2024-04-01,3,180,180,-0.005622220114310872
2024-04-01,4,180,180,0.022165091750302034
2024-04-01,5,180,179,0.005188832982583766
2024-04-02,1,181,181,-0.005391338798065712
2024-04-02,2,180,180,0.017544231769852172
2024-04-02,3,181,181,0.005386311479805924
2024-04-02,4,180,180,0.026803141670106362
2024-04-02,5,180,179,0.007242054305892994
2024-04-03,1,181,181,-0.008819346109622418
2024-04-03,2,181,181,0.015494335446049015
2024-04-03,3,181,181,-0.002684604127661703
2024-04-03,4,181,181,0.02182049441611953
2024-04-03,5,180,179,-0.0008713782764239554
2024-04-08,1,180,180,0.013261098684001762
2024-04-08,2,179,179,0.04672383776370955
2024-04-08,3,180,180,0.03487883741658144
2024-04-08,4,179,179,0.05200117113157272
2024-04-08,5,179,178,0.030446519672656974
2024-04-09,1,181,181,-0.006417750551534959
2024-04-09,2,180,179,0.0243799081190447
2024-04-09,3,180,180,0.007829546119223414
2024-04-09,4,180,180,0.029832691619848042
2024-04-09,5,180,179,0.01758638093347077
2024-04-10,1,180,180,0.01669704625678002
2024-04-10,2,180,180,0.043805207351830244
2024-04-10,3,180,180,0.030235891649447115
2024-04-10,4,180,180,0.050386576761959664
2024-04-10,5,180,179,0.04049936283040856
2024-04-11,1,181,181,0.009147522593267319
2024-04-11,2,180,180,0.04055105181270353
2024-04-11,3,181,181,0.025961549019315282
2024-04-11,4,180,180,0.04180907871861825
2024-04-11,5,180,179,0.03236681217369058
2024-04-12,1,180,180,0.019129187549567064
2024-04-12,2,180,180,0.04043006834091609
2024-04-12,3,179,179,0.030206044713048896
2024-04-12,4,180,180,0.04821168451014851
2024-04-12,5,179,178,0.04012460901463492
2024-04-15,1,180,180,0.03597893364522114
2024-04-15,2,179,179,0.04094386601844541
2024-04-15,3,179,179,0.05069672150153483
2024-04-15,4,179,179,0.052184724968005844
2024-04-15,5,179,179,0.050275224728195435
2024-04-16,1,178,177,0.08123639756764289
2024-04-16,2,177,177,0.0874497884971311
2024-04-16,3,177,177,0.09908366936469966
2024-04-16,4,177,177,0.09837663089559055
2024-04-16,5,177,176,0.09348665431598648
2024-04-17,1,180,179,0.047341296253438615
2024-04-17,2,179,179,0.06550708615885655
2024-04-17,3,179,179,0.06298827405920325
2024-04-17,4,179,179,0.06721270427027323
2024-04-17,5,179,179,0.06265637397517987
2024-04-18,1,180,180,0.040793239166779495
2024-04-18,2,179,179,0.061260924546195666
2024-04-18,3,179,179,0.058733293220270606
2024-04-18,4,179,179,0.06219739734050287
2024-04-18,5,179,179,0.05949449008904774
2024-04-19,1,179,179,0.043600375306444304
2024-04-19,2,178,178,0.06057506891163358
2024-04-19,3,179,179,0.06411091205566649
2024-04-19,4,178,178,0.06624569923110515
2024-04-19,5,178,178,0.06190628293957718
2024-04-22,1,178,178,0.02766881452263095
2024-04-22,2,178,178,0.05105197497113623
2024-04-22,3,178,178,0.0418314531892304
2024-04-22,4,178,178,0.04798119506189731
2024-04-22,5,177,177,0.047267540176220445
2024-04-23,1,178,178,0.01723197753565851
2024-04-23,2,178,178,0.04669707990552526
2024-04-23,3,178,178,0.032877228673572755
2024-04-23,4,178,178,0.04244516499492778
2024-04-23,5,178,178,0.050188297136927275
2024-04-24,1,179,179,0.021293238733071013
2024-04-24,2,178,178,0.03867027481423894
2024-04-24,3,178,177,0.03470664478353721
2024-04-24,4,178,178,0.04361688416984879
2024-04-24,5,178,178,0.04669096613563214
2024-04-25,1,179,178,0.0038838822216457213
2024-04-25,2,178,178,0.029848036686990428
2024-04-25,3,178,178,0.014148211159574873
2024-04-25,4,178,178,0.02795937004910298
2024-04-25,5,178,178,0.02879448148834721
2024-04-26,1,181,181,-0.017255982217918246
2024-04-26,2,180,180,0.011609855166465118
2024-04-26,3,180,180,-0.006332911186475025
2024-04-26,4,180,180,0.0038303521051928917
2024-04-26,5,180,180,0.01159326003770194
2024-04-29,1,181,179,-0.030008219113102436
2024-04-29,2,181,180,-0.015205149614241388
2024-04-29,3,181,181,-0.01802400944131031
2024-04-29,4,181,179,-0.017704410153965833
2024-04-29,5,180,180,-0.015738197459635783
2024-04-30,1,180,180,-0.03854791600911725
2024-04-30,2,179,179,-0.023363422781086073
2024-04-30,3,180,180,-0.02198693692433009
2024-04-30,4,179,179,-0.022576614126446078
2024-04-30,5,179,179,-0.021601324328046696
2024-05-06,1,181,181,-0.05528775732436403
2024-05-06,2,181,181,-0.04343800333662162
2024-05-06,3,181,181,-0.04385894594867429
2024-05-06,4,181,181,-0.04591434301692802
2024-05-06,5,180,180,-0.04362067741380131
2024-05-07,1,181,181,-0.05123800350759115
2024-05-07,2,181,181,-0.04258555575513729
2024-05-07,3,180,180,-0.041286580524342635
2024-05-07,4,181,181,-0.039483669451459855
2024-05-07,5,180,180,-0.0407443189814296
2024-05-08,1,181,181,-0.04866262351549489
2024-05-08,2,180,180,-0.03758615118780148
2024-05-08,3,181,181,-0.04259584894428841
2024-05-08,4,180,180,-0.03590095304933071
2024-05-08,5,180,180,-0.040139331721166946
2024-05-09,1,181,181,-0.07604907963335482
2024-05-09,2,180,180,-0.06478953526123113
2024-05-09,3,181,181,-0.06961312087642603
2024-05-09,4,180,180,-0.06317542912630733
2024-05-09,5,180,180,-0.07114578366631812
2024-05-10,1,181,181,-0.06476579414841838
2024-05-10,2,181,180,-0.05796128645300895
2024-05-10,3,180,180,-0.05796785880538767
2024-05-10,4,181,181,-0.056875331900776656
2024-05-10,5,180,180,-0.06450844527027226
2024-05-13,1,180,180,-0.060271116602458735
2024-05-13,2,180,180,-0.046842124897818846
2024-05-13,3,180,180,-0.050931632793817634
2024-05-13,4,180,180,-0.04774170718044462
2024-05-13,5,180,180,-0.06912327284924032
2024-05-14,1,181,181,-0.0553019240892561
2024-05-14,2,180,180,-0.04671472356589034
2024-05-14,3,180,180,-0.04495794327858396
2024-05-14,4,180,180,-0.04161306611147808
2024-05-14,5,180,180,-0.0665314025121629
2024-05-15,1,181,181,-0.06080543924656326
2024-05-15,2,180,180,-0.05436178521309609
2024-05-15,3,180,180,-0.05030169871217096
2024-05-15,4,180,180,-0.04936982595371124
2024-05-15,5,180,180,-0.07260957571111673
2024-05-16,1,181,181,-0.06123374508512278
2024-05-16,2,180,180,-0.049802141999548355
2024-05-16,3,180,180,-0.04794018582605698
2024-05-16,4,180,180,-0.04328038679591282
2024-05-16,5,180,180,-0.07407608049269339
2024-05-17,1,182,181,-0.07150209850864546
2024-05-17,2,181,181,-0.05830315370248359
2024-05-17,3,181,181,-0.057832474071046226
2024-05-17,4,181,181,-0.05322154219289272
2024-05-17,5,181,180,-0.08811587022677259
2024-05-20,1,181,181,-0.06682010176910805
2024-05-20,2,180,180,-0.0525666314479632
2024-05-20,3,180,180,-0.05362439428382082
2024-05-20,4,180,180,-0.047986530641905584
2024-05-20,5,180,180,-0.07571133865204213
2024-05-21,1,181,181,-0.07127418946243891
2024-05-21,2,180,180,-0.05837983726749566
2024-05-21,3,180,180,-0.058724476561671124
2024-05-21,4,180,180,-0.0520600506364837
2024-05-21,5,180,180,-0.07928224460161479
2024-05-22,1,181,181,-0.08731954352964613
2024-05-22,2,180,180,-0.07684648766449152
2024-05-22,3,181,181,-0.07357677542743174
2024-05-22,4,180,180,-0.06860631578947776
2024-05-22,5,180,180,-0.09758603281748318
2024-05-23,1,180,180,-0.07457387325489408
2024-05-23,2,179,179,-0.0624482778060595
2024-05-23,3,179,179,-0.06266084738038373
2024-05-23,4,179,179,-0.04794972160957865
2024-05-23,5,179,179,-0.0783110902001736
2024-05-24,1,180,180,-0.07946867510863195
2024-05-24,2,179,179,-0.07541833816450251
2024-05-24,3,179,179,-0.06945864295684481
2024-05-24,4,179,179,-0.06789946089967494
2024-05-24,5,179,179,-0.09319710935549859
2024-05-27,1,180,180,-0.09055533203569716
2024-05-27,2,179,179,-0.09064908284386755
2024-05-27,3,180,180,-0.08374652365186362
2024-05-27,4,179,179,-0.07684766085133553
2024-05-27,5,179,179,-0.10024293717893568
2024-05-28,1,179,179,-0.06328165226099265
2024-05-28,2,179,179,-0.06338040833686796
2024-05-28,3,179,179,-0.054999347939537625
2024-05-28,4,179,179,-0.04923829652488404
2024-05-28,5,179,179,-0.0670948391502482
2024-05-29,1,179,179,-0.07742542891819969
2024-05-29,2,179,179,-0.0797964652601635
2024-05-29,3,179,179,-0.07143724652793705
2024-05-29,4,179,179,-0.06591900858475702
2024-05-29,5,178,178,-0.07885324497775256
2024-05-30,1,179,179,-0.07257396371824844
2024-05-30,2,178,178,-0.07425106769109914
2024-05-30,3,179,179,-0.06866417264665854
2024-05-30,4,178,178,-0.05337447873994321
2024-05-30,5,178,178,-0.0751449261890267
2024-05-31,1,178,178,-0.06013905228256124
2024-05-31,2,178,178,-0.06165902044142597
2024-05-31,3,178,178,-0.06062668565584178
2024-05-31,4,178,178,-0.04789404135732926
2024-05-31,5,177,177,-0.0638343668747253
2024-06-03,1,178,178,-0.05667681774597672
2024-06-03,2,177,177,-0.05830967741864117
2024-06-03,3,178,178,-0.050972498463544215
2024-06-03,4,177,177,-0.04350928981272494
2024-06-03,5,177,177,-0.04656608031300601
2024-06-04,1,177,177,-0.06494898413428364
2024-06-04,2,177,177,-0.06929365311802083
2024-06-04,3,176,176,-0.06293989653067598
2024-06-04,4,177,177,-0.05083264409131044
2024-06-04,5,176,176,-0.051828575655791506
2024-06-05,1,177,177,-0.07775987529369753
2024-06-05,2,176,176,-0.08313368592739206
2024-06-05,3,176,176,-0.07361857776003466
2024-06-05,4,176,176,-0.06693036786411921
2024-06-05,5,176,176,-0.06018091169956336
2024-06-06,1,176,176,-0.05521862651048966
2024-06-06,2,176,176,-0.0658228376974159
2024-06-06,3,176,175,-0.053611812397274576
2024-06-06,4,176,176,-0.04716563494343253
2024-06-06,5,176,176,-0.04176385929874091
2024-06-07,1,177,177,-0.06730912422075061
2024-06-07,2,176,176,-0.07658314559448474
2024-06-07,3,177,176,-0.0695033607397714
2024-06-07,4,176,176,-0.06964103332081621
2024-06-07,5,176,176,-0.06234504567979594
2024-06-11,1,176,176,-0.06298577937314122
2024-06-11,2,176,176,-0.07322033681885788
2024-06-11,3,175,175,-0.05771390019936724
2024-06-11,4,176,176,-0.05724255494765203
2024-06-11,5,175,175,-0.048789317049459456
2024-06-12,1,176,176,-0.05926069096518252
2024-06-12,2,176,176,-0.06567404554381218
2024-06-12,3,176,176,-0.05748462892726575
2024-06-12,4,176,176,-0.048011834124739666
2024-06-12,5,175,175,-0.045302330270254286
2024-06-13,1,175,175,-0.040822766554791355
2024-06-13,2,175,175,-0.04825983582631589
2024-06-13,3,175,175,-0.039613058332946545
2024-06-13,4,175,175,-0.025785484134515285
2024-06-13,5,175,175,-0.018740215541129614
2024-06-14,1,176,176,-0.04551642471149227
2024-06-14,2,175,175,-0.056962007190758834
2024-06-14,3,176,176,-0.04376529612394172
2024-06-14,4,175,175,-0.03376339583018351
2024-06-14,5,175,175,-0.020277078799206514
2024-06-17,1,175,175,-0.05509921379281218
2024-06-17,2,175,175,-0.06743730125525714
2024-06-17,3,175,175,-0.05349434168025358
2024-06-17,4,175,175,-0.04674832021205138
2024-06-17,5,175,175,-0.025472964504803897
2024-06-18,1,176,176,-0.06168109363670733
2024-06-18,2,175,175,-0.06444735417278548
2024-06-18,3,175,175,-0.05754906718997066
2024-06-18,4,175,175,-0.046505700677667655
2024-06-18,5,175,175,-0.03329697742666439
2024-06-19,1,175,175,-0.05749911036882057
2024-06-19,2,175,175,-0.06434256721214822
2024-06-19,3,175,175,-0.06023306852250541
2024-06-19,4,175,175,-0.04964017369075011
2024-06-19,5,174,174,-0.030618344776647495
2024-06-20,1,175,175,-0.03390416352347384
2024-06-20,2,175,175,-0.041366374149381345
2024-06-20,3,175,175,-0.03629986181572611
2024-06-20,4,175,175,-0.02794066416043026
2024-06-20,5,174,174,-0.012882060697659625
2024-06-21,1,175,175,-0.026675052223881248
2024-06-21,2,175,175,-0.02819927513548806
2024-06-21,3,175,175,-0.020412897447538617
2024-06-21,4,175,175,-0.026050738680867828
2024-06-21,5,175,175,-0.0079339976528452
2024-06-24,1,174,174,-0.007270663399030137
2024-06-24,2,174,174,-0.009520994994168806
2024-06-24,3,174,174,-0.001848366409358643
2024-06-24,4,174,174,-0.006698412029930438
2024-06-24,5,173,173,0.00863210844862967
2024-06-25,1,174,174,-0.03227053509562163
2024-06-25,2,174,174,-0.03171888256277671
2024-06-25,3,174,174,-0.022186076639842595
2024-06-25,4,174,174,-0.027836536717471876
2024-06-25,5,173,173,-0.007826417999132675
2024-06-26,1,175,175,-0.06890925985728202
2024-06-26,2,174,174,-0.06331136722574705
2024-06-26,3,175,175,-0.05333193541447843
2024-06-26,4,174,174,-0.06340332239008954
2024-06-26,5,174,174,-0.04169204986201752
2024-06-27,1,175,175,-0.04413631273692319
2024-06-27,2,174,174,-0.04126110606846014
2024-06-27,3,174,174,-0.03259305384871143
2024-06-27,4,174,174,-0.0388733383792735
2024-06-27,5,174,174,-0.0192271496128123
2024-06-28,1,174,174,-0.03500470231145424
2024-06-28,2,174,174,-0.04009348398711482
2024-06-28,3,174,174,-0.025752917531170944
2024-06-28,4,174,174,-0.03145547193589201
2024-06-28,5,173,173,-0.00866833800586989
2024-07-01,1,174,174,-0.052825136721390886
2024-07-01,2,174,174,-0.05845196503187193
2024-07-01,3,174,174,-0.0429675081646093
2024-07-01,4,174,174,-0.0440611525820228
2024-07-01,5,174,174,-0.024435348172372508
2024-07-02,1,174,174,-0.04300510319564694
2024-07-02,2,174,174,-0.04296890873200341
2024-07-02,3,174,174,-0.03779623420559186
2024-07-02,4,174,174,-0.03641722004057364
2024-07-02,5,174,173,-0.019818509794630332
2024-07-03,1,174,174,0.005940803653797741
2024-07-03,2,174,174,-0.0037048686580222687
2024-07-03,3,174,174,0.0036254931246554297
2024-07-03,4,174,172,0.010023431214663588
2024-07-03,5,173,173,0.01234190396704652
2024-07-04,1,173,173,0.01416930063815148
2024-07-04,2,173,173,0.0016995201854530422
2024-07-04,3,173,173,0.01227427929587041
2024-07-04,4,173,171,0.025000206848031458
2024-07-04,5,172,172,0.026792666713837624
2024-07-05,1,173,173,-0.005777207216045509
2024-07-05,2,172,171,-0.01458267267882314
2024-07-05,3,173,173,-0.004975577083744521
2024-07-05,4,172,171,0.0069648078060981005
2024-07-05,5,172,172,0.01465991023796935
2024-07-08,1,171,171,0.00912272743568492
2024-07-08,2,171,171,0.0012101118988212176
2024-07-08,3,171,171,0.015367388490728268
2024-07-08,4,171,170,0.021823260935269064
2024-07-08,5,170,170,0.034938262731405774
2024-07-09,1,171,171,-0.007877436833566122
2024-07-09,2,170,170,-0.01526116173418434
2024-07-09,3,171,171,0.007599522145363306
2024-07-09,4,170,169,0.006946400175625167
2024-07-09,5,170,170,0.029189418654558617
2024-07-10,1,170,170,-0.021125756714152653
2024-07-10,2,170,170,-0.027630230932399254
2024-07-10,3,169,169,-0.0129539870720427
2024-07-10,4,170,169,-0.006402009751829296
2024-07-10,5,169,169,0.010355188757922662
2024-07-11,1,172,172,-0.020152407521473722
2024-07-11,2,171,171,-0.03051167286107563
2024-07-11,3,171,171,-0.017227667007065163
2024-07-11,4,171,170,-0.00785527615730057
2024-07-11,5,171,171,0.004774915219224417
2024-07-12,1,172,172,-0.02711887464224979
2024-07-12,2,172,172,-0.041028080372945565
2024-07-12,3,171,171,-0.023716606559782173
2024-07-12,4,172,171,-0.01639348477461721
2024-07-12,5,171,171,-0.004343549449210299
2024-07-15,1,171,171,-0.028402935438318535
2024-07-15,2,171,171,-0.03320918344537584
2024-07-15,3,171,171,-0.01900431972495072
2024-07-15,4,171,170,-0.0073771677449035915
2024-07-15,5,171,171,-0.004072273276973226
2024-07-16,1,171,171,-0.025484935048553745
2024-07-16,2,171,171,-0.03780001366203018
2024-07-16,3,170,170,-0.023359568704900795
2024-07-16,4,171,170,-0.006313814629897265
2024-07-16,5,170,170,-0.005145674200509893
2024-07-17,1,171,171,-0.02886882198972853
2024-07-17,2,171,171,-0.03189722225694065
2024-07-17,3,171,171,-0.019720147435716002
2024-07-17,4,171,171,-0.007563028596652504
2024-07-17,5,170,170,-0.00838703044105989
2024-07-18,1,171,171,-0.01864258571210668
2024-07-18,2,171,171,-0.024304036369937124
2024-07-18,3,170,170,-0.013119673421480097
2024-07-18,4,171,171,-0.0008318126378407341
2024-07-18,5,170,170,0.0027652313104357096
2024-07-19,1,171,171,-0.03251081990037987
2024-07-19,2,170,170,-0.04007957346481004
2024-07-19,3,170,170,-0.03237389265451799
2024-07-19,4,170,170,-0.011600122395700083
2024-07-19,5,170,170,-0.010326576842568493
2024-07-22,1,170,170,-0.032346326923446196
2024-07-22,2,169,169,-0.04337542652668737
2024-07-22,3,170,170,-0.030665981965694294
2024-07-22,4,169,169,-0.008804760781561317
2024-07-22,5,169,169,-0.0020669533277773563
2024-07-23,1,169,169,-0.020790316327967136
2024-07-23,2,169,169,-0.034145326653135466
2024-07-23,3,169,169,-0.02042629661147848
2024-07-23,4,169,169,-0.006338839069063405
2024-07-23,5,168,168,0.0006067805784340367
2024-07-24,1,168,168,-0.003391968642222482
2024-07-24,2,168,168,-0.01737766415392708
2024-07-24,3,167,167,-0.005869203449039865
2024-07-24,4,168,167,0.00625714423984925
2024-07-24,5,167,167,0.008910938166886399
2024-07-25,1,169,169,-0.030966383612065846
2024-07-25,2,168,168,-0.03459734626440157
2024-07-25,3,168,168,-0.032001614635384236
2024-07-25,4,168,167,-0.018854573380229923
2024-07-25,5,168,168,-0.01518771316411206
2024-07-26,1,169,169,-0.035666697835756836
2024-07-26,2,169,169,-0.04433402875575456
2024-07-26,3,169,169,-0.03991463378908531
2024-07-26,4,169,168,-0.0258355283308673
2024-07-26,5,169,169,-0.02101904344700245
2024-07-29,1,169,169,-0.03204584599039688
2024-07-29,2,169,169,-0.037235159994996506
2024-07-29,3,168,168,-0.031472687256344625
2024-07-29,4,169,168,-0.01581928155382824
2024-07-29,5,168,168,-0.011332238665026495
2024-07-30,1,169,169,-0.046070965397090824
2024-07-30,2,168,168,-0.05351166041035359
2024-07-30,3,168,168,-0.04538455969345095
2024-07-30,4,168,167,-0.03239689213370942
2024-07-30,5,168,167,-0.026133036446189525
2024-07-31,1,170,170,-0.08570808511650163
2024-07-31,2,169,169,-0.08463535718747903
2024-07-31,3,170,170,-0.08207392981366475
2024-07-31,4,169,166,-0.06579676810803868
2024-07-31,5,169,169,-0.05841638582907767
2024-08-01,1,169,169,-0.059131244379493124
2024-08-01,2,169,169,-0.05563709231464282
2024-08-01,3,169,169,-0.05474729696287041
2024-08-01,4,169,168,-0.042665127212412356
2024-08-01,5,168,168,-0.04244064077576873
2024-08-02,1,170,170,-0.029367397873068805
2024-08-02,2,169,169,-0.02783539380524618
2024-08-02,3,170,170,-0.025259227676109487
2024-08-02,4,169,168,-0.02197199502224035
2024-08-02,5,169,169,-0.01787445516976039
2024-08-05,1,170,170,-0.0445868837450258
2024-08-05,2,170,170,-0.04402562733496934
2024-08-05,3,170,169,-0.0367263562534894
2024-08-05,4,170,169,-0.0325042902080114
2024-08-05,5,169,168,-0.02930215818516317
2024-08-06,1,170,170,-0.0356778602927565
2024-08-06,2,169,169,-0.041179615909447326
2024-08-06,3,169,168,-0.035893831077412945
2024-08-06,4,169,168,-0.03314808566006475
2024-08-06,5,169,168,-0.029905413232573647
2024-08-07,1,170,170,-0.030660489560537615
2024-08-07,2,170,170,-0.03658647940108903
2024-08-07,3,169,168,-0.031980280483304716
2024-08-07,4,170,170,-0.029852801609520148
2024-08-07,5,169,168,-0.024543446277989916
2024-08-08,1,170,170,-0.02836118630709346
2024-08-08,2,169,169,-0.03757336953551863
2024-08-08,3,169,168,-0.03039822875356886
2024-08-08,4,169,169,-0.03240318900867844
2024-08-08,5,169,166,-0.02785578431102767
2024-08-09,1,169,169,-0.03434412016169456
2024-08-09,2,169,169,-0.04444387715702624
2024-08-09,3,169,168,-0.044910171210176174
2024-08-09,4,169,169,-0.03580012375897343
2024-08-09,5,169,166,-0.03649962693514127
2024-08-12,1,170,170,-0.027473969955116966
2024-08-12,2,169,169,-0.041689038305676426
2024-08-12,3,170,169,-0.04138784288109219
2024-08-12,4,169,169,-0.039399233626288596
2024-08-12,5,169,166,-0.03392839769792722
2024-08-13,1,170,170,-0.03650700570664432
2024-08-13,2,169,169,-0.04650020018933313
2024-08-13,3,170,169,-0.04589989102225842
2024-08-13,4,169,169,-0.05074004813762186
2024-08-13,5,169,166,-0.04089558087319323
2024-08-14,1,170,170,-0.02177715914780796
2024-08-14,2,170,170,-0.036202082755117354
2024-08-14,3,170,169,-0.03422348629864936
2024-08-14,4,170,170,-0.03736187867206609
2024-08-14,5,170,167,-0.033024721784479905
2024-08-15,1,170,170,-0.040566947118536104
2024-08-15,2,170,170,-0.0530034558179504
2024-08-15,3,170,169,-0.04996197735901878
2024-08-15,4,170,170,-0.05301493791780177
2024-08-15,5,170,167,-0.04398867351178198
2024-08-16,1,171,171,-0.042557474573560856
2024-08-16,2,170,170,-0.05547041213561803
2024-08-16,3,171,170,-0.05767769147396914
2024-08-16,4,170,170,-0.05480470393929645
2024-08-16,5,170,167,-0.04634873893429757
2024-08-19,1,171,171,-0.03460915185488508
2024-08-19,2,171,171,-0.052775106054017605
2024-08-19,3,170,170,-0.058460418970665125
2024-08-19,4,171,171,-0.05058233553873551
2024-08-19,5,170,168,-0.046918407323517854
2024-08-20,1,170,170,-0.0073341239963078475
2024-08-20,2,170,170,-0.02064279472266913
2024-08-20,3,170,170,-0.017585998522872598
2024-08-20,4,170,170,-0.01517888316919284
2024-08-20,5,169,167,-0.01389655143261236
2024-08-21,1,170,170,-0.00489419037478629
2024-08-21,2,170,170,-0.0228552985661726
2024-08-21,3,169,168,-0.019459690416725763
2024-08-21,4,170,170,-0.013007759350257038
2024-08-21,5,169,167,-0.012779801430452025
2024-08-22,1,169,169,0.02101834348975103
2024-08-22,2,169,169,-3.349028989260787e-05
2024-08-22,3,169,169,0.009228633156970562
2024-08-22,4,169,169,0.011291444822045523
2024-08-22,5,169,167,0.012317774603032693
2024-08-23,1,169,169,0.058207442234414715
2024-08-23,2,169,169,0.03723616719590528
2024-08-23,3,169,169,0.0417903726277845
2024-08-23,4,169,169,0.045173881564906274
2024-08-23,5,168,166,0.055684898016930495
2024-08-26,1,170,170,0.04874291769271845
2024-08-26,2,170,170,0.033592429507374066
2024-08-26,3,170,170,0.041341900538507524
2024-08-26,4,170,170,0.03717578704984882
2024-08-26,5,169,167,0.05594316039826618
2024-08-27,1,170,170,0.1286897486192453
2024-08-27,2,170,170,0.10871627880775166
2024-08-27,3,170,170,0.1171445827439109
2024-08-27,4,170,170,0.11815205671056754
2024-08-27,5,169,167,0.14029334062797771
2024-08-28,1,170,170,0.21717755797168542
2024-08-28,2,169,169,0.20112997400272023
2024-08-28,3,170,170,0.20107153368648842
2024-08-28,4,169,169,0.2083301174821896
2024-08-28,5,169,167,0.21801534257532224
2024-08-29,1,169,169,0.37311390683914597
2024-08-29,2,169,169,0.3393781116153127
2024-08-29,3,169,169,0.35435849041090495
2024-08-29,4,169,168,0.35887455313053035
2024-08-29,5,169,168,0.37676669586383504
2024-08-30,1,170,170,0.2598526921090546
2024-08-30,2,170,170,0.2527114373408514
2024-08-30,3,170,170,0.25410405673400926
2024-08-30,4,170,169,0.2576902696061703
2024-08-30,5,170,169,0.27701157849495295
2024-09-02,1,170,170,0.21561131459500374
2024-09-02,2,169,169,0.21782904632912894
2024-09-02,3,170,169,0.22036044196384802
2024-09-02,4,169,169,0.21293588860187773
2024-09-02,5,169,168,0.22795593789110974
2024-09-03,1,169,169,0.195352262856377
2024-09-03,2,169,169,0.19458357407499877
2024-09-03,3,168,168,0.193799974779403
2024-09-03,4,169,169,0.2017980608314602
2024-09-03,5,168,168,0.21706457158784712
2024-09-04,1,168,168,0.17012075740135277
2024-09-04,2,168,168,0.15946043913745528
2024-09-04,3,168,168,0.16141975191561683
2024-09-04,4,168,168,0.16854171589778272
2024-09-04,5,168,168,0.1922191114022978
2024-09-05,1,169,169,0.18106125020952415
2024-09-05,2,168,168,0.17424047849643592
2024-09-05,3,169,169,0.17409740581965355
2024-09-05,4,168,167,0.17380226424319548
2024-09-05,5,168,167,0.1925814666103925
2024-09-06,1,168,168,0.17380159014692212
2024-09-06,2,168,168,0.16714428555163416
2024-09-06,3,168,168,0.16880414209970662
2024-09-06,4,168,168,0.16306917420930417
2024-09-06,5,168,168,0.18275887238682756
2024-09-09,1,168,168,0.2024081614567622
2024-09-09,2,168,168,0.18764589702421752
2024-09-09,3,167,167,0.2023802720217529
2024-09-09,4,168,168,0.19790211602277388
2024-09-09,5,167,167,0.21214533074670958
2024-09-10,1,167,167,0.19034221174733776
2024-09-10,2,167,166,0.17718704655913992
2024-09-10,3,166,166,0.18187184318490934
2024-09-10,4,167,167,0.17905194034968425
2024-09-10,5,166,166,0.19124396828004445
2024-09-11,1,167,167,0.2286245432861232
2024-09-11,2,166,164,0.22206545216514853
2024-09-11,3,166,166,0.2278703032371755
2024-09-11,4,166,166,0.22096395765715512
2024-09-11,5,166,166,0.2284400069697186
2024-09-12,1,167,167,0.24403494343372828
2024-09-12,2,166,164,0.24429547320714448
2024-09-12,3,167,167,0.24769663552323265
2024-09-12,4,166,166,0.2281142374810358
2024-09-12,5,166,166,0.23579712652126372
2024-09-13,1,167,167,0.2721093510940993
2024-09-13,2,167,165,0.26551822291830135
2024-09-13,3,166,166,0.27658662113068433
2024-09-13,4,167,167,0.2601313194912979
2024-09-13,5,166,166,0.26433976287930766
2024-09-18,1,167,167,0.25855980807862494
2024-09-18,2,167,165,0.26860144573325145
2024-09-18,3,167,167,0.26052609148041656
2024-09-18,4,167,167,0.2487453876372876
2024-09-18,5,166,166,0.26907876543720083
2024-09-19,1,167,167,0.2460338152134565
2024-09-19,2,167,165,0.2521777702693514
2024-09-19,3,167,167,0.24023791639718367
2024-09-19,4,167,167,0.22528248997606204
2024-09-19,5,167,167,0.24587895869343995
2024-09-20,1,167,167,0.26094909318006076
2024-09-20,2,167,165,0.2761956864072571
2024-09-20,3,167,167,0.2610902211374179
2024-09-20,4,167,167,0.27281391289931145
2024-09-20,5,167,167,0.25320510832628507
2024-09-23,1,167,167,0.2802587890194816
2024-09-23,2,167,165,0.28396986241114486
2024-09-23,3,167,167,0.2811781692782989
2024-09-23,4,167,167,0.28741116611036427
2024-09-23,5,167,167,0.26738591207473894
2024-09-24,1,170,170,0.20696183492375225
2024-09-24,2,169,167,0.21457303391990087
2024-09-24,3,169,169,0.21021329228245605
2024-09-24,4,169,168,0.19547307353771132
2024-09-24,5,169,169,0.18294691707752528
2024-09-25,1,172,172,0.22216580241811787
2024-09-25,2,171,170,0.23915857160854426
2024-09-25,3,171,171,0.22084164983442867
2024-09-25,4,171,170,0.204072070331191
2024-09-25,5,171,171,0.1908880304120793
2024-09-26,1,173,173,0.16725447394088117
2024-09-26,2,173,173,0.17866720663227056
2024-09-26,3,173,173,0.17142700005659406
2024-09-26,4,173,172,0.1478917570865045
2024-09-26,5,173,173,0.12729136644744987
2024-09-27,1,176,176,0.06748815309142987
2024-09-27,2,176,176,0.06552080544789772
2024-09-27,3,176,176,0.05961416348113236
2024-09-27,4,176,175,0.059130405836449296
2024-09-27,5,176,176,0.04071762537153555
2024-09-30,1,180,180,-0.04770803089213443
2024-09-30,2,180,180,-0.04571205817959441
2024-09-30,3,180,180,-0.05749918477211996
2024-09-30,4,180,179,-0.06347852646628065
2024-09-30,5,180,180,-0.07451195703492755
2024-10-08,1,183,182,0.05151886944120835
2024-10-08,2,183,183,0.03787277241720471
2024-10-08,3,182,182,0.024558011115893556
2024-10-08,4,183,183,0.02688833313082311
2024-10-08,5,182,182,0.01269851074782862
2024-10-09,1,181,180,0.10773102471090955
2024-10-09,2,180,180,0.0853342036579301
2024-10-09,3,181,181,0.08971230920250213
2024-10-09,4,180,180,0.0629835331095403
2024-10-09,5,180,179,0.06906399225490482
2024-10-10,1,181,180,0.16518003187908198
2024-10-10,2,180,180,0.15107807043480412
2024-10-10,3,180,180,0.13900720602736136
2024-10-10,4,180,180,0.11328861827409588
2024-10-10,5,180,180,0.12541147683323473
2024-10-11,1,180,179,0.16101875696760026
2024-10-11,2,180,180,0.16914032636950252
2024-10-11,3,179,179,0.15769057065709946
2024-10-11,4,180,180,0.12608943881436502
2024-10-11,5,179,179,0.1220475032721371
2024-10-14,1,181,180,0.16201574893316487
2024-10-14,2,180,180,0.16846548157781288
2024-10-14,3,180,180,0.16939026873730548
2024-10-14,4,180,180,0.13513362544702004
2024-10-14,5,180,180,0.1261893149378121
2024-10-15,1,181,180,0.1741748415437763
2024-10-15,2,180,180,0.18508319511550117
2024-10-15,3,181,181,0.18300691281537218
2024-10-15,4,180,180,0.14786007303137028
2024-10-15,5,180,180,0.14578417749750325
2024-10-16,1,181,180,0.13757186359698123
2024-10-16,2,180,180,0.16565273677352485
2024-10-16,3,181,181,0.16012203009887524
2024-10-16,4,180,180,0.12016237901716946
2024-10-16,5,180,180,0.1258484600770055
2024-10-17,1,180,178,0.1218462453319382
2024-10-17,2,180,180,0.14868728785905871
2024-10-17,3,180,180,0.1412534945137426
2024-10-17,4,180,180,0.10865345149207221
2024-10-17,5,179,179,0.11643632755586353
2024-10-18,1,181,180,0.07348550321409736
2024-10-18,2,180,179,0.08020190036402994
2024-10-18,3,181,181,0.09196570755798351
2024-10-18,4,180,180,0.06361461630845774
2024-10-18,5,180,180,0.08590707459725869
2024-10-21,1,181,180,0.03734730543714215
2024-10-21,2,180,180,0.035752803048304534
2024-10-21,3,181,181,0.055845514149671746
2024-10-21,4,180,180,0.04410232491587346
2024-10-21,5,180,180,0.07901833919442261
2024-10-22,1,181,181,0.038463379779348765
2024-10-22,2,181,181,0.05090138103804563
2024-10-22,3,181,181,0.059807950021433416
2024-10-22,4,181,181,0.04925971715012815
2024-10-22,5,180,180,0.06724662599072849
2024-10-23,1,181,181,0.05792381466793261
2024-10-23,2,181,181,0.06826288507805404
2024-10-23,3,181,181,0.08160188533884483
2024-10-23,4,181,181,0.07012968636924785
2024-10-23,5,180,180,0.07919159540399022
2024-10-24,1,182,182,0.05879760279739613
2024-10-24,2,181,181,0.06805705566158829
2024-10-24,3,181,181,0.08105541287378012
2024-10-24,4,181,181,0.0743558615731211
2024-10-24,5,181,181,0.07808059321708362
2024-10-25,1,182,182,0.01790817304813615
2024-10-25,2,182,181,0.014154989973612947
2024-10-25,3,182,182,0.02943044799116171
2024-10-25,4,182,182,0.02355153160436126
2024-10-25,5,181,181,0.03319294770472417
2024-10-28,1,183,183,-0.008270568902055632
2024-10-28,2,183,182,-0.002353010314536899
2024-10-28,3,183,183,0.009911533485665014
2024-10-28,4,183,183,0.004195887737719836
2024-10-28,5,182,182,0.013244274791022163
2024-10-29,1,183,183,0.002731153178230611
2024-10-29,2,182,181,0.01038402651474346
2024-10-29,3,182,181,0.02007236078480515
2024-10-29,4,182,182,0.008021037160593006
2024-10-29,5,182,182,0.036606093910025166
2024-10-30,1,183,182,0.016568267302666834
2024-10-30,2,182,181,0.03027446905146472
2024-10-30,3,182,182,0.03858749157384449
2024-10-30,4,182,182,0.02846585020638668
2024-10-30,5,182,182,0.0515427541889935
2024-10-31,1,183,183,0.001961285741659242
2024-10-31,2,183,182,0.01291952478434261
2024-10-31,3,183,183,0.02255614430913264
2024-10-31,4,183,183,0.011189058859706433
2024-10-31,5,182,182,0.041983924894560445
2024-11-01,1,183,183,0.041043631972568544
2024-11-01,2,182,180,0.04513753310175033
2024-11-01,3,182,182,0.054194142865243426
2024-11-01,4,182,182,0.038281659471381145
2024-11-01,5,182,182,0.06835242460819761
2024-11-04,1,183,183,0.05154829294476899
2024-11-04,2,183,181,0.03970200896341971
2024-11-04,3,182,182,0.05096975713097343
2024-11-04,4,183,183,0.0377778351118333
2024-11-04,5,182,182,0.0679594922977159
2024-11-05,1,185,184,0.010451401947298218
2024-11-05,2,184,182,0.011279718816401545
2024-11-05,3,184,184,0.009611289016854437
2024-11-05,4,184,184,0.009839600719452337
2024-11-05,5,184,184,0.036811968842636926
2024-11-06,1,184,184,-0.0005986762332065491
2024-11-06,2,184,182,-0.003540046117536023
2024-11-06,3,183,183,-0.004045316818163783
2024-11-06,4,184,184,0.008415408589000991
2024-11-06,5,183,182,0.018507628132646167
2024-11-07,1,186,186,-0.022286204956066438
2024-11-07,2,185,183,-0.028811096621310886
2024-11-07,3,185,185,-0.027322329085821415
2024-11-07,4,185,185,-0.0262829464434809
2024-11-07,5,185,185,-0.018068068629526368
2024-11-08,1,185,185,0.005086940217524937
2024-11-08,2,185,184,-0.011335268440421615
2024-11-08,3,184,184,-0.006705156479834861
2024-11-08,4,185,185,0.0031117099027001536
2024-11-08,5,184,184,0.016071194647883914
2024-11-11,1,185,185,0.013331255264868835
2024-11-11,2,185,184,-0.00584155102658494
2024-11-11,3,185,185,-0.002803540306974383
2024-11-11,4,185,185,0.00784963853542209
2024-11-11,5,184,184,0.02510537974913154
2024-11-12,1,185,185,0.002018119616157553
2024-11-12,2,184,183,-0.011706915649960563
2024-11-12,3,184,184,-0.005883208749536153
2024-11-12,4,184,184,0.0025365538363664995
2024-11-12,5,184,184,0.008144522241966419
2024-11-13,1,184,184,0.023186617958829397
2024-11-13,2,184,183,-0.0017771526563798855
2024-11-13,3,184,184,0.002081686005394626
2024-11-13,4,184,184,0.015523655651101432
2024-11-13,5,184,184,0.018120489218663452
2024-11-14,1,184,184,0.05423633107485657
2024-11-14,2,183,182,0.036538141317493486
2024-11-14,3,184,184,0.036331765632371844
2024-11-14,4,183,183,0.05030384170813907
2024-11-14,5,183,183,0.05266274906294216
2024-11-15,1,184,184,0.05701355603041478
2024-11-15,2,183,183,0.04103380522681693
2024-11-15,3,183,183,0.02522256801039779
2024-11-15,4,183,183,0.04392202835637743
2024-11-15,5,183,183,0.03752416242771143
2024-11-18,1,184,184,0.06770033618289549
2024-11-18,2,183,183,0.06023465718065736
2024-11-18,3,183,183,0.039809809696283074
2024-11-18,4,183,183,0.04115997512197921
2024-11-18,5,183,182,0.03700372145211285
2024-11-19,1,184,184,0.03249996544173585
2024-11-19,2,183,183,0.01289573257450454
2024-11-19,3,184,184,0.014809654977820915
2024-11-19,4,183,183,0.010600176467269785
2024-11-19,5,183,182,0.018697270281274502
2024-11-20,1,184,184,0.014148562760417116
2024-11-20,2,183,183,-0.008164269661686683
2024-11-20,3,184,184,-0.008043846843728492
2024-11-20,4,183,183,-0.010085819308906783
2024-11-20,5,183,182,0.00010678985582201429
2024-11-21,1,184,184,0.012078906496653288
2024-11-21,2,183,183,-0.0023700556287168098
2024-11-21,3,184,184,-0.002499843041864324
2024-11-21,4,183,183,-0.001244629161743106
2024-11-21,5,183,182,0.005536829667224805
2024-11-22,1,183,183,0.044176616153376175
2024-11-22,2,183,182,0.042285655692851754
2024-11-22,3,183,183,0.03464679675200817
2024-11-22,4,183,182,0.0386235953696632
2024-11-22,5,183,182,0.03308644216755024
2024-11-25,1,183,183,0.011169676878323966
2024-11-25,2,183,183,0.014850867798565578
2024-11-25,3,183,183,0.01551185006434171
2024-11-25,4,183,182,0.011854546878405625
2024-11-25,5,182,181,0.015003479891283623
2024-11-26,1,183,183,0.03368100075682096
2024-11-26,2,183,183,0.029453077352641327
2024-11-26,3,183,183,0.039251974781635134
2024-11-26,4,183,182,0.03278752917917336
2024-11-26,5,182,181,0.028476809862562832
2024-11-27,1,184,183,-0.010816511622095489
2024-11-27,2,183,183,-0.008519737915808694
2024-11-27,3,184,184,5.353640875847892e-05
2024-11-27,4,183,182,-0.0027308155782517205
2024-11-27,5,183,182,0.002940702708596798
2024-11-28,1,184,184,0.0009173377152449357
2024-11-28,2,183,183,0.00794799120579066
2024-11-28,3,184,184,0.01654390247676614
2024-11-28,4,183,182,0.012203114753802688
2024-11-28,5,183,182,0.010137301787031575
2024-11-29,1,184,184,-0.012147117427431664
2024-11-29,2,183,181,-0.0016976547963741542
2024-11-29,3,184,184,0.0021202078253898526
2024-11-29,4,183,182,-0.003125585470835715
2024-11-29,5,183,181,0.0018350193205443747
2024-12-02,1,184,184,-0.03318504554374138
2024-12-02,2,184,183,-0.027020675678941317
2024-12-02,3,184,184,-0.016999071585722707
2024-12-02,4,184,183,-0.01972761053589533
2024-12-02,5,184,183,-0.012536442953676463
2024-12-03,1,184,183,-0.050975405619103846
2024-12-03,2,184,182,-0.05457887728587111
2024-12-03,3,184,184,-0.041740481282946953
2024-12-03,4,184,182,-0.04629295731043884
2024-12-03,5,184,184,-0.04081648375391585
2024-12-04,1,185,185,-0.05563751560383328
2024-12-04,2,184,182,-0.06131397361602236
2024-12-04,3,185,185,-0.045125146690386114
2024-12-04,4,184,183,-0.055438111814865854
2024-12-04,5,184,183,-0.04913276842587137
2024-12-05,1,185,185,-0.0992381092559792
2024-12-05,2,185,183,-0.10192840670061894
2024-12-05,3,185,185,-0.07999577449786305
2024-12-05,4,185,183,-0.08771802710973527
2024-12-05,5,184,184,-0.08100445508757508
2024-12-06,1,185,185,-0.10198692418752298
2024-12-06,2,185,183,-0.10893610172425958
2024-12-06,3,185,185,-0.08817860422845178
2024-12-06,4,185,184,-0.09755289512350243
2024-12-06,5,185,185,-0.09411317992523514
2024-12-09,1,185,185,-0.11766140213712527
2024-12-09,2,185,183,-0.12155690425898827
2024-12-09,3,185,185,-0.10299045057497579
2024-12-09,4,185,184,-0.11256524111715872
2024-12-09,5,185,185,-0.10826613004955421
2024-12-10,1,185,185,-0.09826449117654158
2024-12-10,2,185,183,-0.10682774207149089
2024-12-10,3,185,185,-0.08344157454637748
2024-12-10,4,185,184,-0.10239474669158966
2024-12-10,5,184,184,-0.09231554770880404
2024-12-11,1,186,186,-0.10875908546451
2024-12-11,2,185,183,-0.11155256564421392
2024-12-11,3,185,185,-0.0930670185137924
2024-12-11,4,185,184,-0.10762547012565656
2024-12-11,5,185,185,-0.10538398731352386
2024-12-12,1,186,186,-0.14178144825507868
2024-12-12,2,186,184,-0.1395970049838773
2024-12-12,3,185,185,-0.13168093608200795
2024-12-12,4,186,185,-0.14002547708282087
2024-12-12,5,185,185,-0.13625467337559968
2024-12-13,1,185,185,-0.11902758509402743
2024-12-13,2,185,184,-0.11375118582354679
2024-12-13,3,184,184,-0.1084621692032205
2024-12-13,4,185,185,-0.1135224635924127
2024-12-13,5,184,184,-0.11481184511798566
2024-12-16,1,185,185,-0.07500754639803794
2024-12-16,2,185,184,-0.07426474442239385
2024-12-16,3,185,185,-0.06706209419126169
2024-12-16,4,185,185,-0.0729821961438001
2024-12-16,5,184,183,-0.08322867065790657
2024-12-17,1,184,184,-0.05690660449621049
2024-12-17,2,184,183,-0.05478209933742993
2024-12-17,3,184,184,-0.05544730897712198
2024-12-17,4,184,184,-0.05541348996197513
2024-12-17,5,183,183,-0.07099973407178219
2024-12-18,1,185,185,-0.059094528908389024
2024-12-18,2,184,184,-0.05406450285592407
2024-12-18,3,184,183,-0.052535207217783084
2024-12-18,4,184,184,-0.04974127584141266
2024-12-18,5,184,184,-0.061856534607893345
2024-12-19,1,185,185,-0.048897121078566655
2024-12-19,2,184,184,-0.0494789765518382
2024-12-19,3,184,183,-0.05020789885268131
2024-12-19,4,184,184,-0.045064095907731555
2024-12-19,5,184,184,-0.06034679274435894
2024-12-20,1,184,184,-0.05142888346784084
2024-12-20,2,184,184,-0.054654667280165055
2024-12-20,3,184,183,-0.048528138554601405
2024-12-20,4,184,183,-0.0487329938473389
2024-12-20,5,184,184,-0.0555267088836357
2024-12-23,1,183,183,-0.033357439498985564
2024-12-23,2,183,182,-0.038961374673416406
2024-12-23,3,183,183,-0.03745452627219131
2024-12-23,4,183,183,-0.037594720951918625
2024-12-23,5,182,182,-0.05224931373632096
2024-12-24,1,184,184,-0.0376875077463684
2024-12-24,2,183,183,-0.044541709464513905
2024-12-24,3,183,183,-0.034599220323238526
2024-12-24,4,183,183,-0.049086206777893555
2024-12-24,5,183,183,-0.05702300046971265
2024-12-25,1,183,183,-0.03330841793965523
2024-12-25,2,183,183,-0.04892760690344921
2024-12-25,3,183,183,-0.04138912942227977
2024-12-25,4,183,183,-0.0434578804383884
2024-12-25,5,182,182,-0.058408445495752526
2024-12-26,1,183,183,-0.02728054315585251
2024-12-26,2,183,183,-0.03871155330236951
2024-12-26,3,182,182,-0.03345351503395197
2024-12-26,4,183,183,-0.03995022808198902
2024-12-26,5,182,182,-0.04677254825594676
2024-12-27,1,183,183,-0.036884988044237614
2024-12-27,2,183,182,-0.0421398020020661
2024-12-27,3,183,183,-0.03983814382376722
2024-12-27,4,183,183,-0.040036232231767166
2024-12-27,5,183,182,-0.052105274266668083
2024-12-30,1,183,183,-0.03662198472977636
2024-12-30,2,182,182,-0.04113065698585595
2024-12-30,3,183,183,-0.04109223105607944
2024-12-30,4,182,181,-0.047119036062036455
2024-12-30,5,182,181,-0.06115971383993335
2024-12-31,1,183,182,0.0045480668133861075
2024-12-31,2,182,181,0.019514342968222517
2024-12-31,3,182,182,0.009629182276817144
2024-12-31,4,182,181,-0.0002400746241634651
2024-12-31,5,182,181,-0.022071667746680238
2025-01-02,1,181,181,0.04197534003856174
2025-01-02,2,181,181,0.05850621580740146
2025-01-02,3,181,181,0.04204923355684218
2025-01-02,4,181,181,0.04298242768309827
2025-01-02,5,181,180,0.0199796154788893
2025-01-03,1,180,180,0.08445134494373198
2025-01-03,2,180,180,0.10747419929197403
2025-01-03,3,180,180,0.07789461861926458
2025-01-03,4,180,180,0.08787475213935458
2025-01-03,5,179,178,0.058718001278280335
2025-01-06,1,181,181,0.07357254961068814
2025-01-06,2,180,180,0.09335636900445318
2025-01-06,3,180,180,0.08116764361414437
2025-01-06,4,180,180,0.08005448985711316
2025-01-06,5,180,179,0.05496291317468839
2025-01-07,1,181,181,0.07897563636869159
2025-01-07,2,180,180,0.10687499718106482
2025-01-07,3,181,181,0.07819821505979416
2025-01-07,4,180,180,0.09027649760874977
2025-01-07,5,180,179,0.05932844788961591
2025-01-08,1,181,181,0.07998731140704944
2025-01-08,2,180,180,0.09041139821388802
2025-01-08,3,180,180,0.07716134594526314
2025-01-08,4,180,180,0.09217337004285935
2025-01-08,5,180,179,0.06563688853410049
2025-01-09,1,181,181,0.08069203446596346
2025-01-09,2,180,180,0.09754452966185925
2025-01-09,3,181,181,0.07603899838205755
2025-01-09,4,180,179,0.10120394111550243
2025-01-09,5,180,179,0.07315276530382864
2025-01-10,1,180,180,0.11542018874735523
2025-01-10,2,179,179,0.13732110781544726
2025-01-10,3,180,180,0.11281467509571151
2025-01-10,4,179,178,0.12793571171043738
2025-01-10,5,179,178,0.10452703017126884
2025-01-13,1,180,180,0.08285084272562505
2025-01-13,2,179,179,0.09186090209605244
2025-01-13,3,179,179,0.07412527479865708
2025-01-13,4,179,178,0.0908107444088463
2025-01-13,5,179,178,0.07304930145515261
2025-01-14,1,181,181,0.056046497940226536
2025-01-14,2,180,180,0.07977944966826984
2025-01-14,3,180,180,0.057146147948611475
2025-01-14,4,180,179,0.07781777258832755
2025-01-14,5,180,179,0.04799614915258264
2025-01-15,1,181,181,0.05439074677190391
2025-01-15,2,180,179,0.09764916915700501
2025-01-15,3,180,180,0.06070333265520753
2025-01-15,4,180,179,0.08759694206820225
2025-01-15,5,180,179,0.047799727949249915
2025-01-16,1,181,181,0.07340151276261332
2025-01-16,2,180,180,0.10774391897696911
2025-01-16,3,180,180,0.07228471336517622
2025-01-16,4,180,179,0.0982430329999039
2025-01-16,5,180,179,0.051435588999603425
2025-01-17,1,181,180,0.04679463128062773
2025-01-17,2,180,180,0.07387626892749256
2025-01-17,3,180,180,0.04435481603312123
2025-01-17,4,180,179,0.07222062504378493
2025-01-17,5,180,179,0.03880384993175806
2025-01-20,1,181,180,0.04886071546677614
2025-01-20,2,180,180,0.06836238702017619
2025-01-20,3,181,181,0.04914908799131022
2025-01-20,4,180,179,0.06788486594663638
2025-01-20,5,180,179,0.03529126344258605
2025-01-21,1,181,180,0.0623418371002319
2025-01-21,2,180,180,0.09431706765685087
2025-01-21,3,180,180,0.06910822621239922
2025-01-21,4,180,179,0.09082061594882213
2025-01-21,5,180,179,0.06447085222718954
2025-01-22,1,179,178,0.05914217104670293
2025-01-22,2,179,179,0.07061196521251954
2025-01-22,3,179,179,0.056470015805412554
2025-01-22,4,179,179,0.0797161792037633
2025-01-22,5,179,178,0.05485898701263103
2025-01-23,1,179,178,0.050644633960985876
2025-01-23,2,179,179,0.07003828460497301
2025-01-23,3,179,179,0.04806998804453809
2025-01-23,4,179,179,0.06943877069821343
2025-01-23,5,179,178,0.05034964823348242
2025-01-24,1,179,178,0.022593170970132036
2025-01-24,2,179,179,0.04288841042124223
2025-01-24,3,179,179,0.025186223838039964
2025-01-24,4,179,179,0.04774004494785389
2025-01-24,5,179,178,0.03229413302331904
2025-01-27,1,180,179,0.0461324758610673
2025-01-27,2,180,180,0.058470940588690214
2025-01-27,3,180,180,0.04189594871645045
2025-01-27,4,180,180,0.06350121645294328
2025-01-27,5,179,178,0.04036769165720787
2025-02-05,1,180,179,0.06412322026513048
2025-02-05,2,180,180,0.07138839929523685
2025-02-05,3,180,180,0.05270941655988764
2025-02-05,4,180,179,0.0730716365996652
2025-02-05,5,180,179,0.052557393061885754
2025-02-06,1,180,179,0.048527807215245786
2025-02-06,2,180,180,0.051845380466052304
2025-02-06,3,180,180,0.042801928516540085
2025-02-06,4,180,180,0.06188977900015958
2025-02-06,5,180,180,0.04827601649243037
2025-02-07,1,181,180,0.03518518630309634
2025-02-07,2,181,181,0.03204748628626879
2025-02-07,3,181,181,0.033136103699303206
2025-02-07,4,181,181,0.03663279344999988
2025-02-07,5,180,180,0.028686248048269233
2025-02-10,1,181,181,0.010232641008369634
2025-02-10,2,181,181,0.012750015844597597
2025-02-10,3,181,181,0.014197602660496798
2025-02-10,4,181,181,0.013167405831131955
2025-02-10,5,181,181,0.010395361748005911
2025-02-11,1,181,181,0.036714410049116394
2025-02-11,2,181,181,0.03811080826099429
2025-02-11,3,181,181,0.045738493660314336
2025-02-11,4,181,181,0.03906528815153159
2025-02-11,5,180,180,0.032110391728288015
2025-02-12,1,181,181,0.02082041272239614
2025-02-12,2,181,181,0.01444643090425022
2025-02-12,3,181,181,0.030238599853144837
2025-02-12,4,181,181,0.02802718579045057
2025-02-12,5,181,181,0.02163407082157432
2025-02-13,1,181,181,0.014691516826179776
2025-02-13,2,181,181,0.01641884518721353
2025-02-13,3,181,181,0.03467388485117131
2025-02-13,4,181,181,0.02963800523478079
2025-02-13,5,181,181,0.021664131378339797
2025-02-14,1,181,181,0.032907777462292453
2025-02-14,2,181,179,0.030679698206244634
2025-02-14,3,181,181,0.042756064258517065
2025-02-14,4,181,180,0.03910838396881077
2025-02-14,5,181,181,0.032933695166013834
2025-02-17,1,182,182,0.032239895711729145
2025-02-17,2,181,179,0.03627515110824827
2025-02-17,3,181,181,0.041808379172327007
2025-02-17,4,181,181,0.042512860239919834
2025-02-17,5,181,181,0.03648810556819901
2025-02-18,1,181,181,0.051961100223472056
2025-02-18,2,181,178,0.051220836129126264
2025-02-18,3,181,181,0.06340630657029947
2025-02-18,4,181,181,0.06280782944569686
2025-02-18,5,180,180,0.055773240531011854
2025-02-19,1,181,181,0.02996705994631372
2025-02-19,2,181,178,0.03500998141972562
2025-02-19,3,181,181,0.0451413325705588
2025-02-19,4,181,181,0.03983533426093243
2025-02-19,5,180,180,0.042965441514534124
2025-02-20,1,181,181,0.020079355435120783
2025-02-20,2,181,178,0.01602566771509802
2025-02-20,3,181,181,0.028859352794283463
2025-02-20,4,181,181,0.02599653054798792
2025-02-20,5,181,181,0.037325819636744015
2025-02-21,1,182,182,-0.0009159934119141233
2025-02-21,2,181,178,-0.015644351237186882
2025-02-21,3,182,182,0.010916707445673291
2025-02-21,4,181,181,0.00900061184386235
2025-02-21,5,181,181,0.02600147587518132
2025-02-24,1,182,181,0.003734210414303741
2025-02-24,2,181,178,-0.010261019484484707
2025-02-24,3,181,181,0.012873005300557823
2025-02-24,4,181,181,0.00857625010666319
2025-02-24,5,181,181,0.020338273671168722
2025-02-25,1,181,181,-0.007681331951352239
2025-02-25,2,181,178,-0.02108701256557365
2025-02-25,3,181,181,0.007272175415297936
2025-02-25,4,181,181,0.007638387175898236
2025-02-25,5,180,180,0.023335916110452454
2025-02-26,1,182,182,-0.014090641021775766
2025-02-26,2,181,179,-0.026925822593016756
2025-02-26,3,182,182,-0.005205769266739845
2025-02-26,4,181,181,-0.0018334806319755565
2025-02-26,5,181,181,0.010966896592864483
2025-02-27,1,182,182,-0.009855983178745708
2025-02-27,2,182,180,-0.009046427923185342
2025-02-27,3,181,181,-0.0004039562363599092
2025-02-27,4,182,182,0.0009820001669723303
2025-02-27,5,181,180,0.011435496927899481
2025-02-28,1,181,181,-0.0032527771563167097
2025-02-28,2,181,180,0.003152765244193458
2025-02-28,3,181,181,0.003471852292134255
2025-02-28,4,181,181,0.008831590952573373
2025-02-28,5,181,181,0.010602902554034989
2025-03-03,1,182,181,0.002991167127384572
2025-03-03,2,181,180,0.0025217355724943824
2025-03-03,3,181,181,0.008826591778351147
2025-03-03,4,181,181,0.0046669466936938705
2025-03-03,5,181,181,0.0020271597817245602
2025-03-04,1,182,181,-0.006904343471559939
2025-03-04,2,181,180,-0.008907520978341745
2025-03-04,3,181,181,-0.004102339378574262
2025-03-04,4,181,181,-0.0026386881749547023
2025-03-04,5,181,181,-0.0014987659270635017
2025-03-05,1,182,181,-0.023191523454334933
2025-03-05,2,181,180,-0.025132916464312486
2025-03-05,3,181,181,-0.016435895686354954
2025-03-05,4,181,181,-0.013591101869161964
2025-03-05,5,181,180,-0.009045476739912295
2025-03-06,1,182,181,-0.07939969233988672
2025-03-06,2,181,180,-0.08405868378252404
2025-03-06,3,182,182,-0.07831668140548033
2025-03-06,4,181,181,-0.06059182207865924
2025-03-06,5,181,180,-0.05309007583889647
2025-03-07,1,181,180,-0.11588204771181765
2025-03-07,2,181,180,-0.11885874568301655
2025-03-07,3,181,181,-0.11916790615534235
2025-03-07,4,181,181,-0.10784379230580891
2025-03-07,5,181,180,-0.09920839106039424
2025-03-10,1,182,181,-0.11370033026157554
2025-03-10,2,181,181,-0.116765661336212
2025-03-10,3,181,181,-0.1174957818809169
2025-03-10,4,181,181,-0.10622667466941749
2025-03-10,5,181,180,-0.08407536597712727
2025-03-11,1,182,181,-0.08450857082085032
2025-03-11,2,181,181,-0.0888375611404805
2025-03-11,3,181,181,-0.09785857543622564
2025-03-11,4,181,181,-0.08690714946426964
2025-03-11,5,181,180,-0.06677524660385245
2025-03-12,1,182,181,-0.07624372037684515
2025-03-12,2,181,181,-0.08555514081003608
2025-03-12,3,181,181,-0.1046821819156692
2025-03-12,4,181,181,-0.08345386426066038
2025-03-12,5,181,180,-0.06517261691567885
2025-03-13,1,181,180,-0.05108692929622042
2025-03-13,2,181,181,-0.06086533903634795
2025-03-13,3,181,181,-0.07661814591485247
2025-03-13,4,181,181,-0.06777234031333218
2025-03-13,5,181,180,-0.056572135352115145
2025-03-14,1,182,181,-0.06358440621597884
2025-03-14,2,181,179,-0.08174210723491848
2025-03-14,3,181,181,-0.09848991290741661
2025-03-14,4,181,181,-0.07817997285379717
2025-03-14,5,181,180,-0.07183752503502175
2025-03-17,1,182,182,-0.06996061193008754
2025-03-17,2,181,181,-0.08709037770064616
2025-03-17,3,181,181,-0.10403453254654277
2025-03-17,4,181,181,-0.08190171041427358
2025-03-17,5,181,180,-0.07641281690367129
2025-03-18,1,182,182,-0.07940797646967263
2025-03-18,2,181,180,-0.09798856202969145
2025-03-18,3,181,181,-0.1132052700503041
2025-03-18,4,181,181,-0.09124541892943588
2025-03-18,5,181,180,-0.08197363866133836
2025-03-19,1,181,181,-0.0736525978885041
2025-03-19,2,181,181,-0.08772429059504355
2025-03-19,3,181,181,-0.10242243999385568
2025-03-19,4,181,181,-0.08351518232785145
2025-03-19,5,181,180,-0.07319970099053644
2025-03-20,1,181,181,-0.07194547175174637
2025-03-20,2,181,181,-0.0806115122460784
2025-03-20,3,181,180,-0.09321651293281528
2025-03-20,4,181,181,-0.07744727283053454
2025-03-20,5,181,180,-0.06939784188725323
2025-03-21,1,181,181,-0.04178789424026978
2025-03-21,2,181,181,-0.04996743037220528
2025-03-21,3,181,180,-0.06744276072671071
2025-03-21,4,181,180,-0.05489149285616682
2025-03-21,5,180,179,-0.05775120375900398
2025-03-24,1,181,181,-0.032958188465049686
2025-03-24,2,181,181,-0.03849201364301209
2025-03-24,3,180,179,-0.05360393205462577
2025-03-24,4,181,180,-0.04251761937345016
2025-03-24,5,180,179,-0.04142824100207952
2025-03-25,1,181,181,-0.027754792090271475
2025-03-25,2,181,181,-0.038932672926654914
2025-03-25,3,181,179,-0.050269388329658334
2025-03-25,4,181,181,-0.0454995501253147
2025-03-25,5,180,179,-0.04724530063439506
2025-03-26,1,181,181,-0.033762284859247656
2025-03-26,2,181,181,-0.04725639036483346
2025-03-26,3,181,180,-0.05517287275701474
2025-03-26,4,181,181,-0.04670487069691296
2025-03-26,5,180,179,-0.05085588284843805
2025-03-27,1,181,181,-0.03705090308077914
2025-03-27,2,181,181,-0.05424847954951643
2025-03-27,3,181,181,-0.059201785937812466
2025-03-27,4,181,181,-0.05073606166686123
2025-03-27,5,180,179,-0.046280766649648496
2025-03-28,1,181,180,-0.03648391228440415
2025-03-28,2,181,181,-0.052486072007475994
2025-03-28,3,180,180,-0.057803967795608556
2025-03-28,4,181,181,-0.04853378934607241
2025-03-28,5,180,180,-0.04577807655851003
2025-03-31,1,180,178,-0.028377928375015578
2025-03-31,2,180,180,-0.04211839546184018
2025-03-31,3,180,179,-0.04218635358058763
2025-03-31,4,180,180,-0.03908799776926282
2025-03-31,5,180,180,-0.02714291031853952
2025-04-01,1,180,180,-0.01857579564677362
2025-04-01,2,180,179,-0.029149936046659945
2025-04-01,3,180,180,-0.040483399131636434
2025-04-01,4,180,180,-0.03815529111874246
2025-04-01,5,180,179,-0.02894895626513406
2025-04-02,1,181,181,0.01513889911453526
2025-04-02,2,180,179,0.00495572102574697
2025-04-02,3,180,180,-0.00742011900425786
2025-04-02,4,180,180,-0.012184553002302357
2025-04-02,5,180,179,-0.003294669289840068
2025-04-03,1,181,181,0.056271754582028086
2025-04-03,2,180,179,0.05392779133899765
2025-04-03,3,180,180,0.03528486295059689
2025-04-03,4,180,180,0.031156116387361217
2025-04-03,5,180,179,0.02526571931858144
2025-04-07,1,179,179,0.10916712754664658
2025-04-07,2,179,178,0.10597988278803833
2025-04-07,3,179,179,0.09948457603909067
2025-04-07,4,179,179,0.08949137293980906
2025-04-07,5,178,177,0.08811796077977604
2025-04-08,1,179,179,0.11748145957045229
2025-04-08,2,178,177,0.12301865519059532
2025-04-08,3,179,179,0.09909590114631393
2025-04-08,4,178,178,0.10968396888879475
2025-04-08,5,178,177,0.08658511462873061
2025-04-09,1,179,179,0.07419438833688421
2025-04-09,2,179,178,0.0747279892461921
2025-04-09,3,179,179,0.06455696546959419
2025-04-09,4,179,178,0.06927230856269093
2025-04-09,5,178,177,0.05883083122259013
2025-04-10,1,180,180,0.06145849772015925
2025-04-10,2,179,178,0.06731250362191381
2025-04-10,3,180,180,0.055411428111391915
2025-04-10,4,179,178,0.061304972094128364
2025-04-10,5,179,178,0.05409465251163192
2025-04-11,1,180,180,0.04827339729213779
2025-04-11,2,179,178,0.037592855461551195
2025-04-11,3,180,180,0.037645103495492764
2025-04-11,4,179,178,0.04555472617484534
2025-04-11,5,179,178,0.04536301691655485
2025-04-14,1,180,180,0.02815116748747491
2025-04-14,2,180,179,0.022355101160250572
2025-04-14,3,180,180,0.022757480293557307
2025-04-14,4,180,179,0.033878870397376436
2025-04-14,5,180,179,0.03198467810521116
2025-04-15,1,180,179,0.041066135134901684
2025-04-15,2,180,180,0.03570725096084261
2025-04-15,3,180,180,0.03043020480046195
2025-04-15,4,180,179,0.04184996889185111
2025-04-15,5,180,179,0.0399240300047325
2025-04-16,1,180,179,0.05760021684204109
2025-04-16,2,180,180,0.050991230374236036
2025-04-16,3,180,180,0.048193920341400055
2025-04-16,4,180,179,0.05917514441287991
2025-04-16,5,179,178,0.05722072878465929
2025-04-17,1,181,180,0.06195088308261383
2025-04-17,2,180,180,0.04301053317179822
2025-04-17,3,181,181,0.04933147644264471
2025-04-17,4,180,179,0.057992613288527756
2025-04-17,5,180,179,0.05139710422028596
2025-04-18,1,181,180,0.05605300752252579
2025-04-18,2,181,181,0.045230696585600604
2025-04-18,3,180,179,0.04172051599862226
2025-04-18,4,181,180,0.05706436435602741
2025-04-18,5,180,179,0.04648031434086297
2025-04-21,1,181,180,0.030602636573164418
2025-04-21,2,180,180,0.024312771303883155
2025-04-21,3,180,179,0.0168914111037862
2025-04-21,4,180,179,0.03966330789114527
2025-04-21,5,180,179,0.031001706566872685
2025-04-22,1,180,179,0.015707693910432752
2025-04-22,2,180,180,0.008566023983806221
2025-04-22,3,180,179,0.00033818075513570363
2025-04-22,4,180,180,0.02481476722932726
2025-04-22,5,180,179,0.013457674896067905
2025-04-23,1,180,179,0.022097908096250497
2025-04-23,2,180,180,0.016991500512134303
2025-04-23,3,180,179,0.007339540947279149
2025-04-23,4,180,180,0.02755451293819483
2025-04-23,5,179,178,0.01639931213987757
2025-04-24,1,180,179,0.029019849025747474
2025-04-24,2,180,180,0.019340278626323076
2025-04-24,3,180,179,0.017923544201843822
2025-04-24,4,180,180,0.0264725566789548
2025-04-24,5,180,179,0.022022205308392363
2025-04-25,1,181,180,0.025642977305268308
2025-04-25,2,180,180,0.022844641147601763
2025-04-25,3,180,179,0.019366067333496946
2025-04-25,4,180,180,0.021874997318416762
2025-04-25,5,180,179,0.018626325125663486
2025-04-28,1,180,180,0.046906238052957454
2025-04-28,2,180,180,0.05299491185875786
2025-04-28,3,180,179,0.04322805784587042
2025-04-28,4,180,180,0.04637016707961566
2025-04-28,5,179,178,0.03950368289081547
2025-04-29,1,181,180,0.029308403936228987
2025-04-29,2,180,179,0.0325852980746936
2025-04-29,3,181,181,0.03077669448725687
2025-04-29,4,180,179,0.03191504771657842
2025-04-29,5,180,179,0.024837085830376564
2025-04-30,1,180,180,0.027592104074608024
2025-04-30,2,180,178,0.027266081478885106
2025-04-30,3,180,180,0.028763417757280852
2025-04-30,4,180,180,0.03527678563807111
2025-04-30,5,179,179,0.029456063320284682
2025-05-06,1,180,180,0.005826936588442482
2025-05-06,2,180,180,0.011855779399524782
2025-05-06,3,179,178,0.013010418666543469
2025-05-06,4,180,179,0.02149813113403843
2025-05-06,5,179,179,0.01710466061385474
2025-05-07,1,181,181,0.020136447631132554
2025-05-07,2,180,179,0.0240365147292349
2025-05-07,3,180,179,0.026258086945712723
2025-05-07,4,180,179,0.03303194856575633
2025-05-07,5,180,180,0.02276830938419932
2025-05-08,1,181,181,0.013170338940710909
2025-05-08,2,181,181,0.018048499914232723
2025-05-08,3,180,178,0.015329898570846563
2025-05-08,4,181,180,0.023921048041633478
2025-05-08,5,180,180,0.017913507959748283
2025-05-09,1,181,181,0.028546828376063014
2025-05-09,2,180,180,0.03165359439938176
2025-05-09,3,180,180,0.024478180452503825
2025-05-09,4,180,179,0.03803364750831298
2025-05-09,5,180,180,0.027246549456521624
2025-05-12,1,181,181,0.010046103703992351
2025-05-12,2,180,180,0.00903197890192464
2025-05-12,3,180,180,0.0006021538078990591
2025-05-12,4,180,179,0.020084157617583986
2025-05-12,5,180,180,0.012300831513633967
2025-05-13,1,180,180,0.021454259829364226
2025-05-13,2,180,180,0.023207112927974144
2025-05-13,3,180,180,0.014211590126344617
2025-05-13,4,180,180,0.035599494843420475
2025-05-13,5,180,180,0.01895057829176447
2025-05-14,1,181,181,0.01906953680055559
2025-05-14,2,180,180,0.021659563699430607
2025-05-14,3,180,180,0.020624642330916418
2025-05-14,4,180,180,0.031242478452358825
2025-05-14,5,180,180,0.013962936153107772
2025-05-15,1,180,180,0.017229175454441747
2025-05-15,2,180,180,0.018467971317626446
2025-05-15,3,180,180,0.01963062096673359
2025-05-15,4,180,180,0.024097155080436798
2025-05-15,5,180,180,0.011101169768586876
2025-05-16,1,180,179,0.020717981156211245
2025-05-16,2,180,180,0.022357547008413546
2025-05-16,3,180,180,0.028905367604247563
2025-05-16,4,180,180,0.0284609535974254
2025-05-16,5,180,180,0.01655279829486522
2025-05-19,1,181,181,0.006395726484647616
2025-05-19,2,180,180,0.01643576944142378
2025-05-19,3,180,180,0.020436244729225703
2025-05-19,4,180,180,0.02086392034310333
2025-05-19,5,180,180,0.011869223963144777
2025-05-20,1,180,180,-0.0028302822119626913
2025-05-20,2,180,180,0.007454152564604696
2025-05-20,3,180,180,0.01358265325765889
2025-05-20,4,180,180,0.01233431074962885
2025-05-20,5,180,180,0.0014744441716264785
2025-05-21,1,180,180,-0.018218895660277803
2025-05-21,2,180,180,0.0031594936620292606
2025-05-21,3,180,180,-0.0011847497918923348
2025-05-21,4,180,180,0.0013800734268249663
2025-05-21,5,180,180,-0.006442540028004718
2025-05-22,1,180,180,-0.018726062467871493
2025-05-22,2,180,180,-0.005076077091520369
2025-05-22,3,180,180,-0.006841651901236169
2025-05-22,4,180,180,-0.003428130559467015
2025-05-22,5,180,180,-0.0028397823972390497
2025-05-23,1,180,180,0.011913241897084492
2025-05-23,2,180,179,0.020456885609684103
2025-05-23,3,180,180,0.02707494186898381
2025-05-23,4,180,180,0.02038986380993829
2025-05-23,5,180,180,0.01991944213586392
2025-05-26,1,180,180,0.02442536759625475
2025-05-26,2,180,180,0.033409637050769804
2025-05-26,3,180,180,0.04096508676784668
2025-05-26,4,180,180,0.032959824288170035
2025-05-26,5,179,179,0.03739809431463868
2025-05-27,1,180,180,0.035262537968720545
2025-05-27,2,180,180,0.04185952089635309
2025-05-27,3,180,180,0.05661675360584171
2025-05-27,4,180,180,0.04271932025137629
2025-05-27,5,179,179,0.04394656706342227
2025-05-28,1,180,180,0.0389003003689645
2025-05-28,2,180,180,0.04434311443999493
2025-05-28,3,180,180,0.056568381979981944
2025-05-28,4,180,180,0.04484757478981733
2025-05-28,5,179,179,0.04710103844275181
2025-05-29,1,181,181,0.030162634176565745
2025-05-29,2,180,180,0.03829920106578806
2025-05-29,3,180,180,0.041078504986547415
2025-05-29,4,180,180,0.03678426819337162
2025-05-29,5,180,180,0.03783222685458301
2025-05-30,1,180,180,0.051294495941546815
2025-05-30,2,180,180,0.054268393939639795
2025-05-30,3,180,180,0.06200063353525422
2025-05-30,4,180,180,0.052891325712787526
2025-05-30,5,180,180,0.04722064934121032
2025-06-03,1,181,181,0.038360953381668735
2025-06-03,2,180,180,0.045815072783273
2025-06-03,3,180,180,0.05183977861788596
2025-06-03,4,180,180,0.04378304359569354
2025-06-03,5,180,180,0.0395717423484006
2025-06-04,1,181,181,0.02355370445355086
2025-06-04,2,180,180,0.029710139844111087
2025-06-04,3,181,181,0.03727231993545045
2025-06-04,4,180,179,0.035516084447958646
2025-06-04,5,180,180,0.0356107430259413
2025-06-05,1,180,180,0.023226201692317965
2025-06-05,2,180,180,0.036210357890832406
2025-06-05,3,180,179,0.03817993666398938
2025-06-05,4,180,180,0.043444159764493326
2025-06-05,5,180,180,0.042779582986228144
2025-06-06,1,180,180,0.017038515518377092
2025-06-06,2,180,179,0.024180812224969254
2025-06-06,3,180,180,0.035793633464335964
2025-06-06,4,180,180,0.035481626067681266
2025-06-06,5,180,180,0.03825639631376167
2025-06-09,1,181,181,0.0107486997877881
2025-06-09,2,181,181,0.019743550697305108
2025-06-09,3,180,180,0.0241938801400416
2025-06-09,4,181,181,0.029147581028485765
2025-06-09,5,180,180,0.036930773701728155
2025-06-10,1,181,181,0.028908550823732334
2025-06-10,2,180,180,0.039774410301421204
2025-06-10,3,180,180,0.04931687901467808
2025-06-10,4,180,180,0.050494135548546676
2025-06-10,5,180,180,0.05535294174072018
2025-06-11,1,181,181,0.023237291543223484
2025-06-11,2,180,180,0.04126314729858043
2025-06-11,3,181,181,0.035917118796708725
2025-06-11,4,180,180,0.04129455747003967
2025-06-11,5,180,180,0.0485142073468603
2025-06-12,1,181,181,0.025540924489569024
2025-06-12,2,180,180,0.04908165371546067
2025-06-12,3,181,181,0.03824027406737431
2025-06-12,4,180,180,0.04341338913786914
2025-06-12,5,180,180,0.0638040701367493
2025-06-13,1,180,180,0.04140633736551037
2025-06-13,2,180,180,0.07020654234030455
2025-06-13,3,179,179,0.062493345396867704
2025-06-13,4,180,180,0.06656739800750648
2025-06-13,5,179,179,0.07782988967909406
2025-06-16,1,180,180,0.028152644076254216
2025-06-16,2,180,180,0.052886676758237924
2025-06-16,3,180,180,0.05025845962135992
2025-06-16,4,180,180,0.0591620037969799
2025-06-16,5,180,180,0.07105249904356692
2025-06-17,1,181,181,0.03156358754993907
2025-06-17,2,180,180,0.059063467134802504
2025-06-17,3,180,180,0.048549409237455994
2025-06-17,4,180,180,0.05505780828353735
2025-06-17,5,180,180,0.06073609058558219
2025-06-18,1,181,181,0.03988783567504214
2025-06-18,2,180,180,0.06442959850352348
2025-06-18,3,180,180,0.05846379792058924
2025-06-18,4,180,180,0.057385384660404035
2025-06-18,5,180,180,0.06753402072687877
2025-06-19,1,181,181,0.07131499663666764
2025-06-19,2,180,180,0.09588373274525062
2025-06-19,3,180,180,0.0795426415272328
2025-06-19,4,180,179,0.08287355104051972
2025-06-19,5,180,180,0.0882648212492987
2025-06-20,1,181,181,0.08420043089792494
2025-06-20,2,180,180,0.11047859079442514
2025-06-20,3,180,180,0.09516929291846914
2025-06-20,4,180,180,0.09706970783235103
2025-06-20,5,180,180,0.10778823032668355
2025-06-23,1,181,180,0.07571578097557294
2025-06-23,2,180,180,0.09975626346248682
2025-06-23,3,180,180,0.08492017588080587
2025-06-23,4,180,180,0.09292655585531832
2025-06-23,5,180,180,0.1099395451913609
2025-06-24,1,181,180,0.0647151987704814
2025-06-24,2,180,180,0.08025865241540527
2025-06-24,3,181,181,0.07021457790407352
2025-06-24,4,180,180,0.08881598921966044
2025-06-24,5,180,180,0.11085354031952256
2025-06-25,1,181,180,0.03898515521180206
2025-06-25,2,180,180,0.06808426770987859
2025-06-25,3,181,181,0.04969775328243163
2025-06-25,4,180,180,0.06989129711311176
2025-06-25,5,180,180,0.08802573923224778
2025-06-26,1,181,180,0.05979201642750673
2025-06-26,2,181,181,0.08318491073236978
2025-06-26,3,180,180,0.0688867484637621
2025-06-26,4,181,181,0.0897067408031009
2025-06-26,5,180,180,0.10717719828701847
2025-06-27,1,181,180,0.053394757716061156
2025-06-27,2,181,181,0.07882333628050409
2025-06-27,3,181,181,0.06867010956521674
2025-06-27,4,181,181,0.0792935469886876
2025-06-27,5,180,180,0.0927003709311945
2025-06-30,1,182,182,0.0471797415792803
2025-06-30,2,181,181,0.07266879847801577
2025-06-30,3,181,181,0.06135136151239977
2025-06-30,4,181,181,0.07210327393479324
2025-06-30,5,181,181,0.08940014415900792
2025-07-01,1,182,182,0.05318450196141685
2025-07-01,2,181,181,0.07783316321084562
2025-07-01,3,181,181,0.0637254873238628
2025-07-01,4,181,181,0.07023217805174098
2025-07-01,5,181,181,0.08742923075396555
2025-07-02,1,182,182,0.049984082371126
2025-07-02,2,182,182,0.07889420710311751
2025-07-02,3,181,181,0.06091938806025011
2025-07-02,4,182,182,0.06340927449004265
2025-07-02,5,181,181,0.07144283482603182
2025-07-03,1,182,182,0.034264836876195366
2025-07-03,2,181,181,0.05883690188361904
2025-07-03,3,182,182,0.04182580872813605
2025-07-03,4,181,181,0.04414295889721512
2025-07-03,5,181,181,0.04853685946715529
2025-07-04,1,182,180,0.0363289233344087
2025-07-04,2,181,181,0.061580177453018976
2025-07-04,3,182,182,0.046339790234577884
2025-07-04,4,181,180,0.046009171800061505
2025-07-04,5,181,181,0.04801049581313751
2025-07-07,1,181,180,0.045510409913820084
2025-07-07,2,181,181,0.07444314623527709
2025-07-07,3,181,181,0.05862495974288462
2025-07-07,4,181,180,0.051788125910301026
2025-07-07,5,181,181,0.05217163728109519
2025-07-08,1,182,181,0.037312096946928434
2025-07-08,2,182,182,0.06716005019972941
2025-07-08,3,182,182,0.04773951130903434
2025-07-08,4,182,181,0.043447212657350735
2025-07-08,5,182,181,0.045003798924953084
2025-07-09,1,183,182,0.04304748102672405
2025-07-09,2,182,182,0.08138973059117817
2025-07-09,3,182,182,0.0577583282522738
2025-07-09,4,182,181,0.053452766915694595
2025-07-09,5,182,181,0.05311369053550553
2025-07-10,1,183,182,0.04037247804233473
2025-07-10,2,183,183,0.06979433037064676
2025-07-10,3,183,183,0.050522257225048064
2025-07-10,4,183,182,0.04341112176699044
2025-07-10,5,182,181,0.0379293795457083
2025-07-11,1,184,183,0.041351562902187465
2025-07-11,2,183,183,0.059202625480638475
2025-07-11,3,184,184,0.046432594738151686
2025-07-11,4,183,183,0.04327534046935257
2025-07-11,5,183,182,0.048025135369423336
2025-07-14,1,183,182,0.05726867426085746
2025-07-14,2,183,183,0.071649593696354
2025-07-14,3,183,183,0.057039789429918136
2025-07-14,4,183,183,0.05189329630319073
2025-07-14,5,183,182,0.051822485194924
2025-07-15,1,184,183,0.0658695915662315
2025-07-15,2,183,183,0.07404061449194504
2025-07-15,3,183,182,0.06208602854400064
2025-07-15,4,183,183,0.06109729603985764
2025-07-15,5,183,182,0.06253293357697434
2025-07-16,1,183,182,0.06668402076789356
2025-07-16,2,183,183,0.08323992828543855
2025-07-16,3,183,182,0.06846186155692588
2025-07-16,4,183,183,0.06767263467443818
2025-07-16,5,183,182,0.06331924356519827
2025-07-17,1,184,183,0.03913297160057748
2025-07-17,2,183,183,0.05347591765640015
2025-07-17,3,183,182,0.04178405941200022
2025-07-17,4,183,182,0.04236445567148579
2025-07-17,5,183,182,0.03749078404020026
2025-07-18,1,184,184,0.05814047183828971
2025-07-18,2,183,183,0.07865884089297173
2025-07-18,3,183,182,0.0616431654720541
2025-07-18,4,183,183,0.06471566146468392
2025-07-18,5,183,182,0.04254789971647598
2025-07-21,1,184,183,0.05420367200465363
2025-07-21,2,183,183,0.07293668413845736
2025-07-21,3,183,183,0.06671650674644028
2025-07-21,4,183,183,0.054423572972330844
2025-07-21,5,183,182,0.02891339710356786
2025-07-22,1,184,184,0.05226236674299082
2025-07-22,2,183,183,0.06865607982828399
2025-07-22,3,183,183,0.06535679333042003
2025-07-22,4,183,183,0.04000168362639637
2025-07-22,5,183,182,0.01825864424087811
2025-07-23,1,183,183,0.08100002590059194
2025-07-23,2,183,183,0.08795987940777439
2025-07-23,3,183,183,0.08268250434603734
2025-07-23,4,183,183,0.06599614110023584
2025-07-23,5,183,182,0.043788725539200796
2025-07-24,1,184,184,0.0572908791147597
2025-07-24,2,183,183,0.06958963205611737
2025-07-24,3,184,184,0.05814784062567009
2025-07-24,4,183,183,0.04320890422607433
2025-07-24,5,183,182,0.024443589904851126
2025-07-25,1,184,183,0.07455538197653719
2025-07-25,2,183,183,0.09247954360019613
2025-07-25,3,184,184,0.07103445792070096
2025-07-25,4,183,183,0.06348943486489157
2025-07-25,5,183,182,0.043254619906672356
2025-07-28,1,184,184,0.08064014211546543
2025-07-28,2,183,183,0.09564389611798237
2025-07-28,3,183,183,0.07676565799082986
2025-07-28,4,183,183,0.07048405717311848
2025-07-28,5,183,182,0.04774412689420564
2025-07-29,1,184,184,0.08307131880818792
2025-07-29,2,183,183,0.09363607498561012
2025-07-29,3,184,184,0.07796478520124882
2025-07-29,4,183,182,0.07431351084260121
2025-07-29,5,183,182,0.05523741511827655
2025-07-30,1,184,184,0.06289818350518417
2025-07-30,2,183,183,0.08195858681119585
2025-07-30,3,183,183,0.06193059530389826
2025-07-30,4,183,183,0.05430518358308684
2025-07-30,5,183,182,0.03612458615161928
2025-07-31,1,183,183,0.08808591668241803
2025-07-31,2,183,183,0.10634818601923278
2025-07-31,3,182,182,0.08775733918954096
2025-07-31,4,183,183,0.07435254914379465
2025-07-31,5,182,181,0.06264055312945575
2025-08-01,1,183,182,0.09544773470054368
2025-08-01,2,183,183,0.12045134799366762
2025-08-01,3,183,183,0.09437681397819214
2025-08-01,4,183,182,0.07860930626127843
2025-08-01,5,182,181,0.06162351864635996
2025-08-04,1,182,182,0.08882492331537975
2025-08-04,2,182,182,0.11104033987112334
2025-08-04,3,182,182,0.08231544173714138
2025-08-04,4,182,182,0.07148030774631725
2025-08-04,5,182,181,0.052396454831823716
2025-08-05,1,183,183,0.07091403140499723
2025-08-05,2,183,183,0.07991914701226997
2025-08-05,3,182,182,0.0661761165491561
2025-08-05,4,183,183,0.05293953588085889
2025-08-05,5,182,181,0.03473532509441409
2025-08-06,1,183,183,0.0412489004118751
2025-08-06,2,182,182,0.05512539887902446
2025-08-06,3,183,183,0.03603394189115312
2025-08-06,4,182,182,0.02284266446336855
2025-08-06,5,182,181,0.018414184414862728
2025-08-07,1,183,183,0.02966997623820058
2025-08-07,2,182,182,0.03639473574512632
2025-08-07,3,182,182,0.03057000138832574
2025-08-07,4,182,182,0.01612740719303424
2025-08-07,5,182,181,0.014394378528726626
2025-08-08,1,183,183,0.047010596304527336
2025-08-08,2,182,182,0.06756327292361483
2025-08-08,3,182,182,0.05768378426288426
2025-08-08,4,182,182,0.02817841361321743
2025-08-08,5,182,181,0.025051134879039354
2025-08-11,1,183,183,0.042326406541833936
2025-08-11,2,182,182,0.06722735618115397
2025-08-11,3,182,182,0.05495782156569401
2025-08-11,4,182,182,0.03035884483198574
2025-08-11,5,182,181,0.02629017540981595
2025-08-12,1,183,183,0.03559005835455108
2025-08-12,2,182,182,0.05932753137252681
2025-08-12,3,182,181,0.04332497208300311
2025-08-12,4,182,182,0.02544045675282194
2025-08-12,5,182,181,0.019380179745476393
2025-08-13,1,182,182,0.030377040879068663
2025-08-13,2,182,182,0.04550631903444448
2025-08-13,3,182,182,0.037372701367916566
2025-08-13,4,182,182,0.021295872324242668
2025-08-13,5,182,182,0.012516885567846546
2025-08-14,1,182,182,0.06219449063017455
2025-08-14,2,181,181,0.08631093119053047
2025-08-14,3,182,182,0.07486549135469589
2025-08-14,4,181,181,0.05148562319795149
2025-08-14,5,181,181,0.04307221010123383
2025-08-15,1,182,181,0.037650294754382814
2025-08-15,2,182,182,0.05961266052817659
2025-08-15,3,181,181,0.050987946246438424
2025-08-15,4,182,182,0.030933790571803187
2025-08-15,5,181,181,0.021868261631532063
2025-08-18,1,183,182,0.029885003838983435
2025-08-18,2,183,183,0.0536139393491148
2025-08-18,3,182,182,0.039955266125977204
2025-08-18,4,183,183,0.02789928987871636
2025-08-18,5,182,182,0.017998232514712303
2025-08-19,1,183,182,0.037242378694396866
2025-08-19,2,183,183,0.05635761479988843
2025-08-19,3,182,182,0.04545209420816485
2025-08-19,4,183,183,0.02736081377123194
2025-08-19,5,182,182,0.01872323070497458
2025-08-20,1,183,182,0.030795375509064575
2025-08-20,2,183,183,0.04220233824447316
2025-08-20,3,182,182,0.030869776572721826
2025-08-20,4,183,183,0.014380576923929888
2025-08-20,5,182,182,0.008790063583398086
2025-08-21,1,183,182,0.02204598827454283
2025-08-21,2,183,183,0.0353000264393858
2025-08-21,3,182,182,0.02409078796616854
2025-08-21,4,183,183,0.0036852271191701565
2025-08-21,5,182,182,-0.0042030237335461094
2025-08-22,1,183,180,0.0063779442331507105
2025-08-22,2,183,183,0.011745010656522902
2025-08-22,3,182,182,0.012192129311621443
2025-08-22,4,183,183,-0.00910874908593545
2025-08-22,5,182,181,-0.01255488652291004
2025-08-25,1,183,182,-0.00321256640919579
2025-08-25,2,183,183,0.016658426616444243
2025-08-25,3,183,183,0.002626724756100016
2025-08-25,4,183,183,-0.01944245845922486
2025-08-25,5,182,182,-0.0238901836012453
2025-08-26,1,183,182,-0.021952508244522315
2025-08-26,2,183,183,-0.009342993979184753
2025-08-26,3,182,182,-0.02061777921512627
2025-08-26,4,183,183,-0.03684523185117931
2025-08-26,5,182,182,-0.041954786631529815
2025-08-27,1,183,182,0.021040357207788254
2025-08-27,2,183,183,0.027122262208413527
2025-08-27,3,182,182,0.018882662331770068
2025-08-27,4,183,182,0.005324702263131458
2025-08-27,5,182,182,-0.0018779531021126687
2025-08-28,1,183,182,0.003214239181821133
2025-08-28,2,182,182,0.011550769434105183
2025-08-28,3,183,183,0.0006241287860186076
2025-08-28,4,182,181,-0.010520443982611826
2025-08-28,5,182,182,-0.01603707445024358
2025-08-29,1,183,182,-0.00903556940388105
2025-08-29,2,182,182,-0.000893970899308748
2025-08-29,3,183,182,-0.004823407040914687
2025-08-29,4,182,181,-0.014935390637034899
2025-08-29,5,182,182,-0.0127683300442238
2025-09-01,1,183,182,-0.0011703258635725798
2025-09-01,2,182,182,0.012142923455150981
2025-09-01,3,183,182,0.0016832353051098718
2025-09-01,4,182,181,-0.007710165087046877
2025-09-01,5,182,182,-0.00302660961807415
2025-09-02,1,182,181,0.01966373284576807
2025-09-02,2,182,182,0.03736377091919652
2025-09-02,3,182,181,0.023803618152349593
2025-09-02,4,182,181,0.013767855610696149
2025-09-02,5,181,180,0.016059515733215707
2025-09-03,1,182,181,0.04262389803597338
2025-09-03,2,182,182,0.059864150344953376
2025-09-03,3,181,181,0.04409101993482728
2025-09-03,4,182,180,0.042895174331560045
2025-09-03,5,181,180,0.03693371095362422
2025-09-04,1,182,181,0.02174666610924171
2025-09-04,2,182,182,0.03313327287379303
2025-09-04,3,181,180,0.017599018612087753
2025-09-04,4,182,181,0.0249150852864695
2025-09-04,5,181,181,0.01674627292485539
2025-09-05,1,182,182,0.038618250743170685
2025-09-05,2,182,182,0.048243915802338964
2025-09-05,3,182,181,0.023920990129742126
2025-09-05,4,182,181,0.0405859920789473
2025-09-05,5,181,181,0.021725283521647994
2025-09-08,1,183,183,0.015562269265222032
2025-09-08,2,182,182,0.014180453104830586
2025-09-08,3,182,181,-0.0062032164796919295
2025-09-08,4,182,181,0.025417986785207083
2025-09-08,5,182,182,0.008399035022331566
2025-09-09,1,183,183,0.03327149519357331
2025-09-09,2,182,182,0.029411732262279083
2025-09-09,3,182,181,0.013387904970334603
2025-09-09,4,182,181,0.03428002622198003
2025-09-09,5,182,182,0.020071653824924235
2025-09-10,1,183,183,0.023819607157304298
2025-09-10,2,182,182,0.022597962991732622
2025-09-10,3,183,183,0.007579875464191234
2025-09-10,4,182,182,0.0347456145981464
2025-09-10,5,182,182,0.014340894292736502
2025-09-11,1,183,183,-0.005634088581897769
2025-09-11,2,183,183,-0.016604543752165454
2025-09-11,3,182,182,-0.029493129906406665
2025-09-11,4,183,183,0.004518879195339074
2025-09-11,5,182,182,-0.008691108721672598
2025-09-12,1,183,182,-0.004458178037081759
2025-09-12,2,183,183,-0.012594849598280404
2025-09-12,3,182,182,-0.026784972202103515
2025-09-12,4,183,183,0.0015995748608773717
2025-09-12,5,182,182,-0.00678140852953859
2025-09-15,1,183,183,0.005159495533285584
2025-09-15,2,183,183,-0.019155035912226944
2025-09-15,3,183,183,-0.01634486147156478
2025-09-15,4,183,183,0.008100429843279154
2025-09-15,5,182,182,0.003359870722455885
2025-09-16,1,184,184,-0.0037339168227408853
2025-09-16,2,184,184,-0.026111135345729286
2025-09-16,3,183,183,-0.018397324526744627
2025-09-16,4,184,184,0.0070325388777270495
2025-09-16,5,183,183,0.003502173746103449
2025-09-17,1,184,184,-0.008820141886822674
2025-09-17,2,184,184,-0.020626431431252538
2025-09-17,3,183,183,-0.014979002669561856
2025-09-17,4,184,184,0.01505525151236405
2025-09-17,5,183,183,0.0045970117419812636
2025-09-18,1,184,184,0.01605880308808483
2025-09-18,2,184,184,-0.0022153220350916063
2025-09-18,3,183,183,0.008983762718624826
2025-09-18,4,184,183,0.039506301735198285
2025-09-18,5,183,183,0.01856697507827594
2025-09-19,1,183,182,0.019273859057284848
2025-09-19,2,183,183,0.0009285799775294861
2025-09-19,3,183,183,0.011455686559044201
2025-09-19,4,183,182,0.02923733416907194
2025-09-19,5,183,182,0.019602486006827704
2025-09-22,1,183,183,0.024722388722014786
2025-09-22,2,182,182,0.0002698415353345486
2025-09-22,3,183,183,0.011232824661220575
2025-09-22,4,182,181,0.030813106795898576
2025-09-22,5,182,182,0.023384380512830472
2025-09-23,1,183,183,0.04713354854428285
2025-09-23,2,182,182,0.023767301414589565
2025-09-23,3,182,182,0.033563751915511725
2025-09-23,4,182,181,0.05990292164588534
2025-09-23,5,182,182,0.03938153714451664
2025-09-24,1,183,183,0.01685602350058284
2025-09-24,2,182,182,-0.0004455180389292512
2025-09-24,3,183,183,0.0034261118058051686
2025-09-24,4,182,180,0.037396148460720736
2025-09-24,5,182,182,0.018855285613559522
2025-09-25,1,182,182,0.0355264844186929
2025-09-25,2,182,182,0.005116040453027841
2025-09-25,3,182,181,0.013109862174301204
2025-09-25,4,182,182,0.04911588618924452
2025-09-25,5,181,181,0.026479402685272133
2025-09-26,1,182,181,0.04192234744301511
2025-09-26,2,182,182,0.015821684093868492
2025-09-26,3,182,180,0.020631786869424993
2025-09-26,4,182,182,0.05187496842854897
2025-09-26,5,181,181,0.028895583153566166
2025-09-29,1,182,182,0.011015151401515846
2025-09-29,2,181,181,-0.01936511682967109
2025-09-29,3,182,181,-0.01113030876984515
2025-09-29,4,181,181,0.02244676638246053
2025-09-29,5,181,181,0.008983212510114191
2025-09-30,1,182,182,0.021331878356446624
2025-09-30,2,181,181,-0.008267057697369492
2025-09-30,3,181,180,-0.008124119381066943
2025-09-30,4,181,181,0.023183406829818766
2025-09-30,5,181,180,0.017570792915509264
2025-10-09,1,182,182,0.0281121805236518
2025-10-09,2,181,181,-0.013676812380238854
2025-10-09,3,182,181,-0.008981881578058465
2025-10-09,4,181,181,0.0236333577937182
2025-10-09,5,181,181,0.014109885143243262
2025-10-10,1,182,182,0.06888274314028688
2025-10-10,2,182,182,0.030039407232647468
2025-10-10,3,182,182,0.031957395651513905
2025-10-10,4,182,182,0.05967658279154637
2025-10-10,5,181,181,0.044831201888170184
2025-10-13,1,182,182,0.03627377604440784
2025-10-13,2,182,182,-0.004044006321822192
2025-10-13,3,182,182,0.0067324926253615235
2025-10-13,4,182,182,0.03648487001321307
2025-10-13,5,181,181,0.030386148264521195
2025-10-14,1,182,182,0.046420921113316735
2025-10-14,2,182,182,0.012470518972538092
2025-10-14,3,182,182,0.01626677037434326
2025-10-14,4,182,182,0.042339074484109285
2025-10-14,5,181,181,0.03451340112648061
2025-10-15,1,182,182,0.029139759848590893
2025-10-15,2,182,182,-0.004034164447586269
2025-10-15,3,182,182,0.0031052818237918608
2025-10-15,4,182,182,0.031732861632183265
2025-10-15,5,181,181,0.02328822817236212
2025-10-16,1,182,182,0.045838937358902196
2025-10-16,2,182,182,0.0049233812852142855
2025-10-16,3,181,181,0.017282277241153755
2025-10-16,4,182,182,0.039959599971446984
2025-10-16,5,181,181,0.036783244273598394
2025-10-17,1,182,182,0.053490835631393
2025-10-17,2,182,182,0.015663059291215593
2025-10-17,3,181,181,0.03556047972845247
2025-10-17,4,182,182,0.05185030603227025
2025-10-17,5,181,181,0.04867721590915916
2025-10-20,1,182,182,0.054164557489098875
2025-10-20,2,182,182,0.008335655504484129
2025-10-20,3,181,181,0.035221015105297966
2025-10-20,4,182,182,0.04764435800291997
2025-10-20,5,181,181,0.0452522859321594
2025-10-21,1,182,182,0.03343542673607141
2025-10-21,2,182,182,-0.001484988515661593
2025-10-21,3,181,181,0.026931916120763535
2025-10-21,4,182,182,0.02968504826011353
2025-10-21,5,181,181,0.0252233425481888
2025-10-22,1,182,182,0.024582268443337156
2025-10-22,2,182,182,0.002596228995594627
2025-10-22,3,182,182,0.021324566568354717
2025-10-22,4,182,181,0.03459749757730451
2025-10-22,5,181,181,0.02056985803989107
2025-10-23,1,182,182,-0.0014983540073532336
2025-10-23,2,182,182,-0.02401584958982369
2025-10-23,3,182,182,-0.004158469108105186
2025-10-23,4,182,181,0.0027795794524232455
2025-10-23,5,181,181,-0.005901206817760758
2025-10-24,1,182,181,-0.024103892722608544
2025-10-24,2,182,182,-0.041752409596475325
2025-10-24,3,182,182,-0.03467715175930963
2025-10-24,4,182,181,-0.020689188145455388
2025-10-24,5,181,180,-0.03023213832866976
2025-10-27,1,182,181,-0.016907506865351574
2025-10-27,2,182,182,-0.03702095799672342
2025-10-27,3,181,180,-0.028239727566240734
2025-10-27,4,182,182,-0.014621502039180096
2025-10-27,5,181,181,-0.023864679207747583
2025-10-28,1,182,181,-0.013927713495235174
2025-10-28,2,182,182,-0.03064259797127052
2025-10-28,3,181,180,-0.016079163432118987
2025-10-28,4,182,182,-0.00242835217972424
2025-10-28,5,181,181,-0.015949877398808706
2025-10-29,1,182,181,-0.020523217020837196
2025-10-29,2,182,182,-0.038048093265385906
2025-10-29,3,182,181,-0.023711046986425517
2025-10-29,4,182,182,-0.014760598411248571
2025-10-29,5,181,181,-0.025926921366331387
2025-10-30,1,182,181,-0.010859674343139272
2025-10-30,2,182,182,-0.025607501443568822
2025-10-30,3,182,181,-0.01839902632874323
2025-10-30,4,182,182,-0.01320275431492543
2025-10-30,5,181,181,-0.021442353567168625
2025-10-31,1,182,181,-0.00903208305346094
2025-10-31,2,181,181,-0.020200661680008145
2025-10-31,3,182,180,-0.004069031454240089
2025-10-31,4,181,180,-0.010119915526945257
2025-10-31,5,181,181,-0.014112898077102093
2025-11-03,1,182,181,-0.008927548208935888
2025-11-03,2,181,181,-0.015628865488008487
2025-11-03,3,182,180,-0.00604795599400844
2025-11-03,4,181,180,-0.007849245201160416
2025-11-03,5,181,181,-0.015719793100088558
2025-11-04,1,182,181,0.004868602936546588
2025-11-04,2,181,181,0.00038300419285754807
2025-11-04,3,182,180,0.012323440764372423
2025-11-04,4,181,180,0.007294866562393362
2025-11-04,5,181,181,-0.004697966242475976
2025-11-05,1,182,181,-0.018472778472149055
2025-11-05,2,182,182,-0.023895314637016624
2025-11-05,3,182,180,-0.011690259883364898
2025-11-05,4,182,181,-0.009054732582693622
2025-11-05,5,181,181,-0.020784099881937725
2025-11-06,1,182,181,-0.027685607161105828
2025-11-06,2,182,182,-0.028151050513937053
2025-11-06,3,182,181,-0.01603800569215153
2025-11-06,4,182,180,-0.02070234035213007
2025-11-06,5,181,181,-0.029055359777583407
2025-11-07,1,182,182,-0.015259854842634046
2025-11-07,2,182,182,-0.021257572103136176
2025-11-07,3,181,179,-0.007241666884166589
2025-11-07,4,182,181,-0.01573994407904678
2025-11-07,5,181,181,-0.02270783034817479
2025-11-10,1,182,182,-0.014725425967247083
2025-11-10,2,182,182,-0.025117871210494507
2025-11-10,3,182,181,-0.012319819987764512
2025-11-10,4,182,181,-0.024476153655668496
2025-11-10,5,182,182,-0.03267438360707889
2025-11-11,1,183,183,-0.01570828496839751
2025-11-11,2,182,182,-0.021652805488245525
2025-11-11,3,183,181,-0.01783506545471873
2025-11-11,4,182,180,-0.028138527475464963
2025-11-11,5,182,182,-0.04002363378661152
2025-11-12,1,183,183,0.0028262837356810883
2025-11-12,2,182,182,-0.016230755847463307
2025-11-12,3,183,181,-0.0020271285388348114
2025-11-12,4,182,180,-0.02008758062318421
2025-11-12,5,182,182,-0.033519393357392714
2025-11-13,1,183,183,-0.022838615917387096
2025-11-13,2,183,183,-0.03242718046800741
2025-11-13,3,183,181,-0.024593581733655893
2025-11-13,4,183,181,-0.03782350106637436
2025-11-13,5,182,182,-0.04936188461010569
2025-11-14,1,184,184,-0.029890202247951927
2025-11-14,2,183,183,-0.02633884479020671
2025-11-14,3,183,181,-0.0248164325470873
2025-11-14,4,183,181,-0.042263515402611466
2025-11-14,5,183,183,-0.048482830062657814
2025-11-17,1,184,184,-0.031040846793459417
2025-11-17,2,183,183,-0.025728923517002823
2025-11-17,3,183,181,-0.02570144102725037
2025-11-17,4,183,182,-0.033265703249356904
2025-11-17,5,183,183,-0.03984464433217774
2025-11-18,1,183,183,-0.031760298433468434
2025-11-18,2,183,183,-0.03470461981570046
2025-11-18,3,183,181,-0.03419865193406
2025-11-18,4,183,183,-0.03171131277763035
2025-11-18,5,182,182,-0.03816155488925801
2025-11-19,1,183,182,-0.024914820553734885
2025-11-19,2,182,181,-0.02311186932778516
2025-11-19,3,183,181,-0.033116435363138276
2025-11-19,4,182,182,-0.026989965325778485
2025-11-19,5,182,182,-0.030587221852906653
2025-11-20,1,183,182,-0.0005382113522274538
2025-11-20,2,182,181,0.005665663758695312
2025-11-20,3,182,181,-0.005859974980448719
2025-11-20,4,182,181,-0.0002596694952127043
2025-11-20,5,182,182,-0.011009542276240986
2025-11-21,1,183,181,0.029670389249014634
2025-11-21,2,182,180,0.032881944152155354
2025-11-21,3,182,181,0.02288104904397487
2025-11-21,4,182,181,0.03492603432096803
2025-11-21,5,182,182,0.021641242069865275
2025-11-24,1,183,182,0.03214512421247804
2025-11-24,2,182,181,0.029874419723282992
2025-11-24,3,182,180,0.019280490640041306
2025-11-24,4,182,182,0.03192244389927918
2025-11-24,5,182,182,0.015941528455199916
2025-11-25,1,182,181,0.019779618896398055
2025-11-25,2,182,181,0.011786002274797872
2025-11-25,3,182,181,0.005568171293830073
2025-11-25,4,182,182,0.023697949420593972
2025-11-25,5,182,182,0.002050398638670564
2025-11-26,1,183,183,0.03171934881108351
2025-11-26,2,182,182,0.028838419080927106
2025-11-26,3,182,181,0.015541040205251764
2025-11-26,4,182,182,0.03453332515158
2025-11-26,5,182,182,0.01712254772892431
2025-11-27,1,183,183,0.037551345273159814
2025-11-27,2,182,181,0.037395993035952146
2025-11-27,3,183,183,0.02412112681342733
2025-11-27,4,182,182,0.04347108742201753
2025-11-27,5,182,182,0.021618690981147864
2025-11-28,1,183,182,0.022467026354912066
2025-11-28,2,183,183,0.027054810005321717
2025-11-28,3,183,182,0.021125963529333307
2025-11-28,4,183,182,0.03807551733482232
2025-11-28,5,182,182,0.01694030534471044
2025-12-01,1,183,183,0.012473514609056957
2025-12-01,2,182,180,0.013736525074617749
2025-12-01,3,183,183,0.006727034673400398
2025-12-01,4,182,181,0.024840350271396087
2025-12-01,5,182,182,0.00781474215254316
2025-12-02,1,183,183,0.024530391110399306
2025-12-02,2,182,181,0.024712499399939896
2025-12-02,3,182,182,0.02841259044457794
2025-12-02,4,182,181,0.018870322065102293
2025-12-02,5,182,182,0.010936998218027535
2025-12-03,1,183,183,0.028201653859094792
2025-12-03,2,182,181,0.04094493343245141
2025-12-03,3,183,183,0.04628156139215855
2025-12-03,4,182,181,0.024183425288018923
2025-12-03,5,182,182,0.020915061453520137
2025-12-04,1,182,182,0.039431737956216024
2025-12-04,2,182,181,0.06748062153302746
2025-12-04,3,182,181,0.05824744530076889
2025-12-04,4,182,182,0.04702737580823947
2025-12-04,5,182,182,0.024262943295003486
2025-12-05,1,183,183,0.040848524586603215
2025-12-05,2,182,181,0.06514640904608578
2025-12-05,3,182,181,0.051066806351723476
2025-12-05,4,182,182,0.04902769740081215
2025-12-05,5,182,182,0.02622933346387483
2025-12-08,1,183,183,0.042440485564484536
2025-12-08,2,182,181,0.058889528348063706
2025-12-08,3,182,181,0.04517636427056173
2025-12-08,4,182,182,0.045605985098501944
2025-12-08,5,182,182,0.024825426597983972
2025-12-09,1,182,182,0.05699712632663748
2025-12-09,2,182,180,0.07442571589907107
2025-12-09,3,182,181,0.061778851746632314
2025-12-09,4,182,182,0.06283121888179968
2025-12-09,5,181,181,0.047461823760297416
2025-12-10,1,183,183,0.060218278347405174
2025-12-10,2,182,180,0.09641698515494959
2025-12-10,3,182,182,0.08815383726079143
2025-12-10,4,182,182,0.07672090738989319
2025-12-10,5,182,182,0.051916373936637186
2025-12-11,1,182,182,0.0937421271821849
2025-12-11,2,182,180,0.13313210123134755
2025-12-11,3,182,181,0.12366717741441932
2025-12-11,4,182,182,0.10995516712218432
2025-12-11,5,181,180,0.07389531858788138
2025-12-12,1,182,181,0.06974598650880041
2025-12-12,2,182,180,0.11434366852752793
2025-12-12,3,182,181,0.10915035695678885
2025-12-12,4,182,181,0.09665464640560738
2025-12-12,5,181,180,0.0704967442327431
2025-12-15,1,182,181,0.06818819704391327
2025-12-15,2,182,181,0.11295185997183067
2025-12-15,3,181,180,0.11103131585877679
2025-12-15,4,182,182,0.08618634403668864
2025-12-15,5,181,180,0.06167659992086871
2025-12-16,1,182,181,0.08488767284779186
2025-12-16,2,182,180,0.13130244347812595
2025-12-16,3,181,181,0.12468929153271173
2025-12-16,4,182,182,0.10221071123814345
2025-12-16,5,181,180,0.07799318674218692
2025-12-17,1,182,181,0.06971722912634917
2025-12-17,2,182,180,0.12077278940855175
2025-12-17,3,181,180,0.10000087900647739
2025-12-17,4,182,182,0.08031997265945892
2025-12-17,5,181,180,0.0576502876933278
2025-12-18,1,182,182,0.08208254374967477
2025-12-18,2,181,180,0.12107249461094167
2025-12-18,3,181,180,0.10725363855500422
2025-12-18,4,181,181,0.08965038232598316
2025-12-18,5,181,180,0.061638472875111976
2025-12-19,1,181,181,0.05578076928042601
2025-12-19,2,181,179,0.09291433637055538
2025-12-19,3,181,181,0.08487805792255554
2025-12-19,4,181,181,0.06917352143257904
2025-12-19,5,181,180,0.05230216493156574
2025-12-22,1,181,181,0.05684085911729845
2025-12-22,2,181,180,0.10031065114987407
2025-12-22,3,181,181,0.09723238094709491
2025-12-22,4,181,181,0.07571394538415706
2025-12-22,5,180,179,0.057663203811983935
2025-12-23,1,181,181,0.07040114738825934
2025-12-23,2,181,180,0.11291651844514361
2025-12-23,3,181,181,0.11031707619443859
2025-12-23,4,181,181,0.09665458031518342
2025-12-23,5,180,180,0.07472565717509592
2025-12-24,1,181,180,0.06592766938519497
2025-12-24,2,181,181,0.1140632422441591
2025-12-24,3,181,181,0.11560242298609756
2025-12-24,4,181,181,0.0966246398029964
2025-12-24,5,180,180,0.07914678659590701
2025-12-25,1,181,181,0.04448626739907034
2025-12-25,2,181,181,0.09061205123752472
2025-12-25,3,180,180,0.08610285831828121
2025-12-25,4,181,181,0.08351341482586094
2025-12-25,5,180,180,0.06903688939679344
2025-12-26,1,181,181,0.0385644116431822
2025-12-26,2,181,181,0.09112732745674273
2025-12-26,3,180,180,0.08037531840069724
2025-12-26,4,181,180,0.07901222844421735
2025-12-26,5,180,180,0.06104240747145556
2025-12-29,1,181,181,0.04404772309230632
2025-12-29,2,181,180,0.09742800287505779
2025-12-29,3,180,180,0.10131185660446125
2025-12-29,4,181,181,0.08805552793140121
2025-12-29,5,180,180,0.07067197106233428
2025-12-30,1,181,181,0.029709818211654596
2025-12-30,2,180,180,0.07842961736420553
2025-12-30,3,181,181,0.07808051507361982
2025-12-30,4,180,180,0.08412833295732658
2025-12-30,5,180,180,0.07322153547515568
2025-12-31,1,181,181,0.02214210793028274
2025-12-31,2,180,180,0.06025385732636277
2025-12-31,3,181,181,0.05679521607470391
2025-12-31,4,180,180,0.04829307649703572
2025-12-31,5,180,179,0.05528346692754835
2026-01-05,1,181,181,0.0011997910562037881
2026-01-05,2,180,180,0.030331259860302984
2026-01-05,3,181,181,0.04058570101228246
2026-01-05,4,180,180,0.02148696491383103
2026-01-05,5,180,179,0.033073586207410806
2026-01-06,1,181,181,-0.003188018182859819
2026-01-06,2,181,181,0.032695030134289184
2026-01-06,3,180,180,0.03316311700142808
2026-01-06,4,181,181,0.015537825306286763
2026-01-06,5,180,179,0.024420041451999795
2026-01-07,1,181,181,-0.0001160058607931989
2026-01-07,2,181,181,0.03036816541968624
2026-01-07,3,181,181,0.03329662817079626
2026-01-07,4,181,181,0.02467667323612423
2026-01-07,5,180,179,0.041342766284527106
2026-01-08,1,182,181,-0.014562881724362028
2026-01-08,2,181,181,0.011479926455503667
2026-01-08,3,181,181,0.016776844037291013
2026-01-08,4,181,181,0.0032079629617268635
2026-01-08,5,181,180,0.022846835454650438
2026-01-09,1,182,180,-0.014482163049332164
2026-01-09,2,181,181,0.006007994452007198
2026-01-09,3,181,180,0.010218022262074498
2026-01-09,4,181,181,0.005143710612289538
2026-01-09,5,181,181,0.03011092176346517
2026-01-12,1,182,180,-0.008501953552887027
2026-01-12,2,181,180,-0.005062898899773027
2026-01-12,3,181,181,-0.0018023677930675624
2026-01-12,4,181,181,-0.003820445864313157
2026-01-12,5,181,180,0.028003977217255983
2026-01-13,1,181,179,6.417370532368005e-06
2026-01-13,2,181,181,0.01135350321167836
2026-01-13,3,181,181,0.014636377088851377
2026-01-13,4,181,181,0.0076708976854445885
2026-01-13,5,181,181,0.03308516193434215
2026-01-14,1,181,180,0.004420059367722239
2026-01-14,2,181,181,0.01563018885661662
2026-01-14,3,181,181,0.009416697148442277
2026-01-14,4,181,181,0.014988641423995096
2026-01-14,5,180,180,0.04179330094710513
2026-01-15,1,181,180,-0.0014258136278594883
2026-01-15,2,181,181,0.007488790957535408
2026-01-15,3,180,180,0.0010107279975815231
2026-01-15,4,181,181,0.005373039052201282
2026-01-15,5,180,180,0.0304227303606917
2026-01-16,1,181,180,0.01015827062875677
2026-01-16,2,180,180,0.019327281420142964
2026-01-16,3,180,180,0.023595042244652416
2026-01-16,4,180,180,0.018478558715963923
2026-01-16,5,180,180,0.039669465533244415
2026-01-19,1,181,180,-0.002298308320435478
2026-01-19,2,180,180,0.00904310926915853
2026-01-19,3,181,181,0.010208874256751979
2026-01-19,4,180,179,0.011380441607470917
2026-01-19,5,180,180,0.03449926724738907
2026-01-20,1,181,180,0.015270977226937226
2026-01-20,2,181,181,0.031586597158657935
2026-01-20,3,181,181,0.025969666863746216
2026-01-20,4,181,180,0.02520427931472382
2026-01-20,5,180,180,0.04455987622161745
2026-01-21,1,181,180,-0.00017527552182497463
2026-01-21,2,181,181,0.012640122855922743
2026-01-21,3,180,180,0.008128855677575157
2026-01-21,4,181,180,0.010663397040946114
2026-01-21,5,180,180,0.03403923239619095
2026-01-22,1,181,179,-0.00999440819677943
2026-01-22,2,181,181,0.007905594042545072
2026-01-22,3,181,181,0.007981257235252249
2026-01-22,4,181,179,0.009607976016933141
2026-01-22,5,180,180,0.02511991457257306
2026-01-23,1,182,180,-0.016336981102490686
2026-01-23,2,182,182,0.006707237082069595
2026-01-23,3,181,181,-0.001125092094469908
2026-01-23,4,182,180,-0.005802611720675895
2026-01-23,5,181,181,0.022046556978931778
2026-01-26,1,181,180,-0.04220506981732043
2026-01-26,2,181,181,-0.020924276904560217
2026-01-26,3,181,181,-0.041588120043602295
2026-01-26,4,181,179,-0.027348253756294218
2026-01-26,5,181,181,-0.009167024089041072
2026-01-27,1,181,180,-0.016882270414870497
2026-01-27,2,181,181,-0.0111743605081205
2026-01-27,3,181,181,-0.02472323661258078
2026-01-27,4,181,179,-0.014678779163722972
2026-01-27,5,181,181,-0.00031662450768230857
2026-01-28,1,182,181,-0.016443469969089342
2026-01-28,2,181,181,-0.028184081765507314
2026-01-28,3,181,181,-0.03026641637758593
2026-01-28,4,181,179,-0.022356811204892427
2026-01-28,5,181,181,-0.012949543652205193
2026-01-29,1,182,182,-0.004994427567396992
2026-01-29,2,181,181,-0.017953314547688923
2026-01-29,3,181,181,-0.02115611431526921
2026-01-29,4,181,179,-0.012880737568119378
2026-01-29,5,181,181,-0.006091146055629172
2026-01-30,1,182,182,0.009003794277506843
2026-01-30,2,181,181,0.00015360704059411435
2026-01-30,3,181,181,0.004383048617876284
2026-01-30,4,181,179,0.009282531678409443
2026-01-30,5,181,180,0.008188821011976998
2026-02-02,1,181,181,0.025411006330738516
2026-02-02,2,181,181,0.022688312993908263
2026-02-02,3,181,181,0.024607001352973966
2026-02-02,4,181,180,0.03094451654814087
2026-02-02,5,181,181,0.028065425121349474
2026-02-03,1,181,181,0.01630499662990256
2026-02-03,2,181,181,0.003710778156396186
2026-02-03,3,181,181,0.012031354983983002
2026-02-03,4,181,180,0.02580655597143844
2026-02-03,5,181,181,0.028049837782455712
2026-02-04,1,182,182,-0.0014251229033260021
2026-02-04,2,181,181,-0.003360209331748212
2026-02-04,3,182,182,0.008038840507086586
2026-02-04,4,181,180,0.018548923129274583
2026-02-04,5,181,181,0.01803972528449998
2026-02-05,1,182,181,-0.001552588193337029
2026-02-05,2,181,181,0.0011015302532352738
2026-02-05,3,182,182,0.0070636498614094784
2026-02-05,4,181,181,0.02262460063418175
2026-02-05,5,181,181,0.026437893122961912
2026-02-06,1,181,180,-0.015180831729107513
2026-02-06,2,181,181,-0.01801821053735648
2026-02-06,3,181,181,-0.007762345513828092
2026-02-06,4,181,181,9.14554615417391e-05
2026-02-06,5,181,181,0.002488636807710627
2026-02-09,1,181,181,-0.03799380704054841
2026-02-09,2,181,181,-0.040464465826040096
2026-02-09,3,181,181,-0.03141414306825807
2026-02-09,4,181,181,-0.02231384183320669
2026-02-09,5,181,181,-0.010387305401129955
2026-02-10,1,182,182,-0.042943111288734064
2026-02-10,2,181,180,-0.04648621054671245
2026-02-10,3,182,182,-0.034387134391783675
2026-02-10,4,181,181,-0.03553707058801247
2026-02-10,5,181,181,-0.01744627605449422
2026-02-11,1,182,182,-0.0573907247992246
2026-02-11,2,181,180,-0.0514603452833479
2026-02-11,3,182,182,-0.04675944539085879
2026-02-11,4,181,181,-0.046250861227317724
2026-02-11,5,181,181,-0.03183613040553962
2026-02-12,1,182,182,-0.0943596352298274
2026-02-12,2,181,181,-0.08218599773740141
2026-02-12,3,182,182,-0.07866714759726773
2026-02-12,4,181,181,-0.0728847206643757
2026-02-12,5,181,181,-0.055363816240711704
2026-02-13,1,182,181,-0.1037259659318652
2026-02-13,2,181,181,-0.09754374457553529
2026-02-13,3,181,181,-0.0993611770057717
2026-02-13,4,181,181,-0.09430476423151281
2026-02-13,5,181,181,-0.07466971230562512
2026-02-24,1,182,182,-0.09165198409384716
2026-02-24,2,181,181,-0.09167461315990114
2026-02-24,3,181,181,-0.0809717708506842
2026-02-24,4,181,180,-0.08931083963542578
2026-02-24,5,181,181,-0.0666197930628597
2026-02-25,1,182,182,-0.08572720831408179
2026-02-25,2,181,181,-0.09390249994860546
2026-02-25,3,182,182,-0.08378996024001835
2026-02-25,4,181,181,-0.08697748796723834
2026-02-25,5,181,181,-0.06445693699553139
2026-02-26,1,182,182,-0.1028868719800056
2026-02-26,2,181,181,-0.11025209330172046
2026-02-26,3,181,181,-0.1041521829842446
2026-02-26,4,181,181,-0.10229890119699504
2026-02-26,5,181,181,-0.07436135140270547
2026-02-27,1,182,181,-0.08493412696014806
2026-02-27,2,181,181,-0.09775913095082356
2026-02-27,3,181,181,-0.09406651651966191
2026-02-27,4,181,180,-0.09277366774118961
2026-02-27,5,181,181,-0.06942862237580262
2026-03-02,1,182,182,-0.07283847244723811
2026-03-02,2,181,181,-0.08907260517796171
2026-03-02,3,181,181,-0.08002046946265683
2026-03-02,4,181,181,-0.08005650397310177
2026-03-02,5,181,181,-0.058499177609601063
2026-03-03,1,182,182,-0.03639669549046509
2026-03-03,2,181,181,-0.037795373825286964
2026-03-03,3,181,181,-0.03046602872926273
2026-03-03,4,181,181,-0.04347898567537232
2026-03-03,5,181,181,-0.033660872918707105
2026-03-04,1,181,181,-0.048961949629673096
2026-03-04,2,181,181,-0.06544558317020545
2026-03-04,3,181,181,-0.04936832749884938
2026-03-04,4,181,181,-0.05540043498975028
2026-03-04,5,181,181,-0.03690560795611437
2026-03-05,1,182,182,-0.05271926664394436
2026-03-05,2,181,181,-0.05891031325585703
2026-03-05,3,181,181,-0.04848236122807011
2026-03-05,4,181,181,-0.053797377106373154
2026-03-05,5,181,181,-0.03613386752577496
2026-03-06,1,182,182,-0.07671529402807008
2026-03-06,2,181,181,-0.07231050279515483
2026-03-06,3,182,182,-0.06843109142728965
2026-03-06,4,181,181,-0.0771671856740656
2026-03-06,5,181,181,-0.06152172892902013
2026-03-09,1,182,182,-0.05471055536717249
2026-03-09,2,181,181,-0.06244114906067747
2026-03-09,3,182,182,-0.05785173616481246
2026-03-09,4,181,181,-0.060130942646753144
2026-03-09,5,181,181,-0.048144514741436994
2026-03-10,1,182,182,-0.054948402585942295
2026-03-10,2,182,182,-0.059499934862231416
2026-03-10,3,182,182,-0.05926267093019687
2026-03-10,4,182,182,-0.06139303505402268
2026-03-10,5,181,181,-0.04759510346772189
2026-03-11,1,182,182,-0.049633072053567644
2026-03-11,2,182,182,-0.05191105061424309
2026-03-11,3,182,182,-0.05325861352873126
2026-03-11,4,182,182,-0.06185875152068236
2026-03-11,5,182,182,-0.05467202262033262
2026-03-12,1,182,182,-0.042248876188575014
2026-03-12,2,182,182,-0.045214107859566775
2026-03-12,3,182,182,-0.051235168934912756
2026-03-12,4,182,182,-0.062444307367113795
2026-03-12,5,182,182,-0.05657320165784297
2026-03-13,1,182,182,-0.026737888609967706
2026-03-13,2,182,182,-0.02463812894812537
2026-03-13,3,182,182,-0.026430162192644036
2026-03-13,4,182,182,-0.05002294044710787
2026-03-13,5,182,182,-0.04801929901651944
2026-03-16,1,183,183,-0.02438215165827576
2026-03-16,2,182,182,-0.018267089214262327
2026-03-16,3,182,182,-0.018612971349216127
2026-03-16,4,182,182,-0.03920170269984772
2026-03-16,5,182,182,-0.038579245644517986
2026-03-17,1,183,183,-0.01866474385443876
2026-03-17,2,182,182,-0.007896825153719195
2026-03-17,3,183,183,-0.009489867371293464
2026-03-17,4,182,182,-0.027420521522357955
2026-03-17,5,182,182,-0.03300681964056236
2026-03-18,1,183,183,-0.008550332590657968
2026-03-18,2,182,181,0.009321162011928818
2026-03-18,3,183,183,0.006043533728245697
2026-03-18,4,182,182,-0.010171750932789153
2026-03-18,5,182,182,-0.02375681690573101
2026-03-19,1,182,182,0.009663565208118478
2026-03-19,2,182,182,0.023024609147225063
2026-03-19,3,182,182,0.02105991483603399
2026-03-19,4,182,181,0.003361675917837997
2026-03-19,5,182,182,-0.012643795986384224
2026-03-20,1,182,181,0.05767202494077006
2026-03-20,2,182,182,0.07057455469817386
2026-03-20,3,182,182,0.06508598164853739
2026-03-20,4,182,181,0.04802881791434131
2026-03-20,5,181,181,0.019188365162848057
2026-03-23,1,181,180,0.06408481728672856
2026-03-23,2,181,181,0.08977376923641443
2026-03-23,3,181,181,0.07017972951818006
2026-03-23,4,181,180,0.0572056238016064
2026-03-23,5,180,180,0.04371798369454782
2026-03-24,1,182,180,0.05442279631511388
2026-03-24,2,182,182,0.08846669664323621
2026-03-24,3,181,181,0.07047834811309536
2026-03-24,4,182,181,0.05071696762771974
2026-03-24,5,181,181,0.03596759755594789
2026-03-25,1,182,180,0.024563893628140612
2026-03-25,2,182,182,0.06217817219722544
2026-03-25,3,182,182,0.046364569257161876
2026-03-25,4,182,181,0.028879910515977738
2026-03-25,5,182,182,0.013926435914453526
2026-03-26,1,182,180,0.04844812677166704
2026-03-26,2,182,182,0.08930602737982668
2026-03-26,3,182,181,0.07392364895309267
2026-03-26,4,182,181,0.05002797005639894
2026-03-26,5,181,181,0.026831422531625005
2026-03-27,1,182,181,0.030001061175529455
2026-03-27,2,182,182,0.07200853311888435
2026-03-27,3,182,182,0.06126314735861164
2026-03-27,4,182,181,0.02618759559175256
2026-03-27,5,182,182,0.018425300345339242
2026-03-30,1,182,179,0.005440575612242518
2026-03-30,2,182,182,0.05185757701606908
2026-03-30,3,182,182,0.024489025848353
2026-03-30,4,182,182,0.008879215701591898
2026-03-30,5,182,181,0.0012760448219608872
2026-03-31,1,183,180,0.023772930901249115
2026-03-31,2,182,182,0.06678306325021947
2026-03-31,3,182,181,0.04865191020151872
2026-03-31,4,182,182,0.01997152549937025
2026-03-31,5,182,180,0.0097500396600798
2026-04-01,1,182,181,0.030406372610003975
2026-04-01,2,182,182,0.08026222875670935
2026-04-01,3,182,182,0.054436529288302726
2026-04-01,4,182,182,0.024248714448274783
2026-04-01,5,181,180,0.01200763097407469
2026-04-02,1,182,181,0.04948106019319811
2026-04-02,2,182,182,0.10514936453095428
2026-04-02,3,182,182,0.08041552348528942
2026-04-02,4,182,182,0.04200784723165575
2026-04-02,5,182,182,0.029624065507853767
2026-04-03,1,182,182,0.07408589150111959
2026-04-03,2,182,182,0.12189155012320878
2026-04-03,3,182,182,0.10712602542353915
2026-04-03,4,182,182,0.0569559716936423
2026-04-03,5,181,181,0.04292407116129954
2026-04-07,1,182,182,0.06804645000006249
2026-04-07,2,182,182,0.11101180150265855
2026-04-07,3,182,182,0.0983229235945472
2026-04-07,4,182,182,0.04044545928469242
2026-04-07,5,182,182,0.035965876922799435
2026-04-08,1,183,183,0.05673088275514662
2026-04-08,2,182,182,0.10580620729821366
2026-04-08,3,182,182,0.08890551823062001
2026-04-08,4,182,182,0.04616200154467669
2026-04-08,5,182,182,0.029468731654672824
2026-04-09,1,182,182,0.038904610319544314
2026-04-09,2,182,182,0.08281920057923178
2026-04-09,3,182,182,0.0640263879606913
2026-04-09,4,182,182,0.03154262932122443
2026-04-09,5,182,182,0.01764093233728681
2026-04-10,1,182,182,0.06101583740117723
2026-04-10,2,182,182,0.10150828179907115
2026-04-10,3,182,182,0.08039015865833815
2026-04-10,4,182,182,0.043434026376675094
2026-04-10,5,182,182,0.023977540759234587
2026-04-13,1,182,182,0.028106725612031754
2026-04-13,2,182,182,0.059452411150045945
2026-04-13,3,182,182,0.034212704729878085
2026-04-13,4,182,182,0.01339467276379219
2026-04-13,5,182,182,-0.0018242526208012907
2026-04-14,1,183,183,0.006419995139967163
2026-04-14,2,183,183,0.03651911593603775
2026-04-14,3,182,182,0.010114106055036046
2026-04-14,4,183,183,-0.01172203445059862
2026-04-14,5,182,182,-0.025763886447373728
2026-04-15,1,183,183,0.011207059701384043
2026-04-15,2,183,183,0.04930423951097293
2026-04-15,3,182,182,0.012275988643238357
2026-04-15,4,183,183,-0.00892857346749856
2026-04-15,5,182,182,-0.025835761301424797
2026-04-16,1,183,183,0.006219388749117111
2026-04-16,2,182,182,0.04835083244822391
2026-04-16,3,183,183,0.005697125621522299
2026-04-16,4,182,182,-0.009526244463006421
2026-04-16,5,182,182,-0.023011482502444884
2026-04-17,1,183,183,0.0018441630991354462
2026-04-17,2,183,183,0.04947540459147268
2026-04-17,3,182,182,0.0014822024140429277
2026-04-17,4,183,183,-0.00886279482527497
2026-04-17,5,182,181,-0.027360641636794667
2026-04-20,1,183,182,-0.01735110125740083
2026-04-20,2,182,182,0.016534879537076913
2026-04-20,3,183,183,-0.020744452243282543
2026-04-20,4,182,182,-0.02775666812591509
2026-04-20,5,182,182,-0.049666569780105446
2026-04-21,1,183,183,-0.004418985458827463
2026-04-21,2,182,182,0.029137899866560166
2026-04-21,3,182,182,-0.0004711349799796701
2026-04-21,4,182,182,-0.013196818460990125
2026-04-21,5,182,182,-0.04357682423679617
2026-04-22,1,183,182,-0.017480382538295397
2026-04-22,2,183,183,0.012353648031979868
2026-04-22,3,182,182,-0.01558877513290759
2026-04-22,4,183,183,-0.02455020987764182
2026-04-22,5,182,182,-0.05233630317342476
2026-04-23,1,182,182,-0.006921195002204809
2026-04-23,2,182,182,0.022374275233500815
2026-04-23,3,182,182,0.0012925740813770918
2026-04-23,4,182,182,-0.013511823354292391
2026-04-23,5,181,181,-0.04912455469821306
2026-04-24,1,182,181,-0.016269981509336468
2026-04-24,2,182,182,0.004983623429187167
2026-04-24,3,182,182,-0.01889234645553901
2026-04-24,4,182,182,-0.023882251475131223
2026-04-24,5,182,181,-0.05727651015101687
2026-04-27,1,182,182,-0.00914259927340632
2026-04-27,2,182,182,0.01778957443996354
2026-04-27,3,182,182,-0.011385001352400932
2026-04-27,4,182,182,-0.015648634509513995
2026-04-27,5,181,181,-0.05347022257073548
2026-04-28,1,182,179,-0.020853179726604328
2026-04-28,2,182,182,0.0031194036521675953
2026-04-28,3,182,182,-0.0214863098517356
2026-04-28,4,182,182,-0.021840614163071315
2026-04-28,5,181,181,-0.05320777720070533
2026-04-29,1,182,179,-0.031548124008142886
2026-04-29,2,182,182,-0.012534876768844586
2026-04-29,3,181,181,-0.029935086968457716
2026-04-29,4,182,181,-0.02324380799102935
2026-04-29,5,181,180,-0.04784280782419879
2026-04-30,1,181,180,-0.05213191887072958
2026-04-30,2,181,181,-0.027223275102589768
2026-04-30,3,181,181,-0.037744190825391606
2026-04-30,4,181,181,-0.029781548126259265
2026-04-30,5,181,181,-0.053917221417844746
2026-05-06,1,182,181,-0.07277761512724694
2026-05-06,2,181,181,-0.04961826792035611
2026-05-06,3,181,181,-0.059132947206497644
2026-05-06,4,181,181,-0.04541753642796701
2026-05-06,5,181,181,-0.07012103487019368
2026-05-07,1,182,182,-0.07823149879118223
2026-05-07,2,182,182,-0.053472645741530225
2026-05-07,3,182,182,-0.06437627328970875
2026-05-07,4,182,182,-0.05228293299555919
2026-05-07,5,181,181,-0.07338519446219527
2026-05-08,1,182,182,-0.10596285197092468
2026-05-08,2,182,182,-0.09394721721221698
2026-05-08,3,182,182,-0.09799995107003125
2026-05-08,4,182,182,-0.08286296889932919
2026-05-08,5,181,181,-0.0890670743759549
2026-05-11,1,182,182,-0.10430187332853416
2026-05-11,2,182,182,-0.08325782922359493
2026-05-11,3,182,182,-0.10429584526447017
2026-05-11,4,182,182,-0.0963463391070774
2026-05-11,5,182,182,-0.09726118703297203
2026-05-12,1,182,182,-0.09711886272392668
2026-05-12,2,182,182,-0.07092621397125921
2026-05-12,3,181,181,-0.08866766685688249
2026-05-12,4,182,182,-0.09305819861913507
2026-05-12,5,181,181,-0.09304762851671418
2026-05-13,1,182,182,-0.10907831752332904
2026-05-13,2,182,182,-0.09377831034509754
2026-05-13,3,182,182,-0.10458807914431155
2026-05-13,4,182,182,-0.10441333654796162
2026-05-13,5,181,181,-0.09939847050565417
2026-05-14,1,182,182,-0.08383445610314638
2026-05-14,2,181,181,-0.06636278819189319
2026-05-14,3,181,181,-0.07956737570453963
2026-05-14,4,181,181,-0.07760608692865827
2026-05-14,5,181,181,-0.08657582840801094
2026-05-15,1,181,181,-0.06519270929480497
2026-05-15,2,181,181,-0.04252424286515828
2026-05-15,3,181,181,-0.053185851173562164
2026-05-15,4,181,181,-0.050824680437834335
2026-05-15,5,180,180,-0.05653425410770371
2026-05-18,1,181,181,-0.04450020953528328
2026-05-18,2,181,181,-0.03577815780359576
2026-05-18,3,181,181,-0.03331929002023472
2026-05-18,4,181,181,-0.039176401316976035
2026-05-18,5,180,180,-0.048788553367444615
2026-05-19,1,181,181,-0.049533433895135016
2026-05-19,2,181,181,-0.03964071386235477
2026-05-19,3,181,181,-0.03816092087897314
2026-05-19,4,181,181,-0.043948089551967495
2026-05-19,5,180,180,-0.05648205418425315
2026-05-20,1,181,181,-0.05390378684621545
2026-05-20,2,180,180,-0.04617660545400572
2026-05-20,3,181,181,-0.043167601032190465
2026-05-20,4,180,180,-0.05242332741591017
2026-05-20,5,180,180,-0.055051696883510706
2026-05-21,1,180,180,-0.035914424455656256
2026-05-21,2,180,180,-0.013808404493253497
2026-05-21,3,180,180,-0.025124497388361356
2026-05-21,4,180,180,-0.03874746401390243
2026-05-21,5,180,180,-0.05461216865935767
2026-05-22,1,180,180,-0.03435429889445089
2026-05-22,2,180,180,-0.012725578687299567
2026-05-22,3,180,180,-0.020119404191317348
2026-05-22,4,180,180,-0.03989935285785684
2026-05-22,5,180,180,-0.04208811743190334
2026-05-25,1,180,180,-0.04487947386508832
2026-05-25,2,180,180,-0.021940556080461096
2026-05-25,3,180,180,-0.027488388970401328
2026-05-25,4,180,180,-0.04944050550941836
2026-05-25,5,180,180,-0.045961730507625156
2026-05-26,1,180,180,-0.04180481775194819
2026-05-26,2,180,180,-0.013423587045110747
2026-05-26,3,180,180,-0.03173702941486733
2026-05-26,4,180,180,-0.052561778435628884
2026-05-26,5,180,180,-0.06110308724767357
2026-05-27,1,180,180,-0.030346288255413814
2026-05-27,2,179,179,0.002323979523107089
2026-05-27,3,180,180,-0.011118906284927423
2026-05-27,4,179,179,-0.0461979592668788
2026-05-27,5,179,179,-0.04859617051892363
2026-05-28,1,180,179,-0.06054153748281587
2026-05-28,2,179,179,-0.02108604855385435
2026-05-28,3,179,179,-0.06063224172563183
2026-05-28,4,179,179,-0.06558466056057495
2026-05-28,5,179,179,-0.07668280102203036
2026-05-29,1,179,177,-0.045831093566088325
2026-05-29,2,179,179,-0.0038884323783384693
2026-05-29,3,179,179,-0.031697261092074075
2026-05-29,4,179,179,-0.057141995041800446
2026-05-29,5,179,179,-0.06010104068867895
2026-06-01,1,180,179,-0.03839962352631566
2026-06-01,2,180,180,0.004540268578039752
2026-06-01,3,179,179,-0.019131838409646017
2026-06-01,4,180,180,-0.06274196486036614
2026-06-01,5,179,179,-0.07586726809303922
2026-06-02,1,180,179,-0.017302593609160127
2026-06-02,2,179,179,0.015466391575172265
2026-06-02,3,179,179,-0.028882941556561906
2026-06-02,4,179,179,-0.037464107551731914
2026-06-02,5,179,179,-0.053703572154919575
2026-06-03,1,179,178,-0.004789787532231558
2026-06-03,2,179,179,0.01789173806748184
2026-06-03,3,179,179,-0.016937162252669394
2026-06-03,4,179,179,-0.03089725656481749
2026-06-03,5,179,179,-0.03891778521408864
2026-06-04,1,179,179,0.005331073811202127
2026-06-04,2,179,179,0.021653243192979385
2026-06-04,3,179,179,-0.00626343327339042
2026-06-04,4,179,179,-0.01845472361286472
2026-06-04,5,179,179,-0.0243956723646265
2026-06-05,1,179,179,0.011884004653001663
2026-06-05,2,179,179,0.026546321326960838
2026-06-05,3,179,179,-0.00019863823480993986
2026-06-05,4,179,179,-0.0026539309245407084
2026-06-05,5,179,179,-0.016195519005193882
2026-06-08,1,179,179,-0.02084529637724751
2026-06-08,2,178,178,0.010424278602477527
2026-06-08,3,179,179,-0.021266483620257192
2026-06-08,4,178,178,-0.016917207232998447
2026-06-08,5,178,178,-0.030749157920365894
2026-06-09,1,179,179,-0.03983579745182338
2026-06-09,2,179,179,-0.013272545815371446
2026-06-09,3,179,179,-0.029807074125950545
2026-06-09,4,179,179,-0.026653396347698713
2026-06-09,5,178,178,-0.029399723597803514
2026-06-10,1,179,179,-0.03234052202077329
2026-06-10,2,178,178,-0.003520518097065327
2026-06-10,3,178,178,-0.008282099032202419
2026-06-10,4,178,178,-0.021013326032969657
2026-06-10,5,178,178,-0.025763761301524364
2026-06-11,1,179,179,-0.03727269631591405
2026-06-11,2,178,178,-0.016827099898187738
2026-06-11,3,178,178,-0.022654266338210417
2026-06-11,4,178,178,-0.021312658106369703
2026-06-11,5,178,178,-0.017585903607747713
2026-06-12,1,179,179,-0.0738374757856042
2026-06-12,2,178,178,-0.053217960896187355
2026-06-12,3,179,179,-0.055004576621618374
2026-06-12,4,178,178,-0.049870998069242986
2026-06-12,5,178,178,-0.04824872025204757
2026-06-15,1,179,179,-0.06877419316382757
2026-06-15,2,178,178,-0.05707592206616207
2026-06-15,3,179,179,-0.05780618912311521
2026-06-15,4,178,178,-0.04840994504250775
2026-06-15,5,178,178,-0.04081822130829823
2026-06-16,1,179,179,-0.0681767503980513
2026-06-16,2,178,178,-0.07034621215513548
2026-06-16,3,179,179,-0.05917964177754737
2026-06-16,4,178,178,-0.044337447829640844
2026-06-16,5,178,178,-0.015550505485974243
2026-06-17,1,179,179,-0.06793828947777984
2026-06-17,2,178,178,-0.06525015780940026
2026-06-17,3,179,179,-0.05920433578880555
2026-06-17,4,178,178,-0.03239085573479316
2026-06-17,5,178,178,-0.0032837799850294154
2026-06-18,1,178,178,-0.08982915342602675
2026-06-18,2,178,178,-0.1091802161033106
2026-06-18,3,178,178,-0.08380054903106524
2026-06-18,4,178,178,-0.04282239836466844
2026-06-18,5,178,178,-0.0027188050699525875
2026-06-22,1,179,179,-0.11814788972831286
2026-06-22,2,178,178,-0.1322928160541544
2026-06-22,3,179,179,-0.10410410729977931
2026-06-22,4,178,178,-0.05779239593678177
2026-06-22,5,178,178,-0.003807288529854139
2026-06-23,1,179,179,-0.11535682171826196
2026-06-23,2,178,178,-0.09957111170247034
2026-06-23,3,179,179,-0.08627033102740674
2026-06-23,4,178,178,-0.04188361871993535
2026-06-23,5,178,178,-0.008670250154409372
2026-06-24,1,178,178,-0.11003092495424906
2026-06-24,2,178,177,-0.09938927566590622
2026-06-24,3,178,178,-0.07966226758316856
2026-06-24,4,178,178,-0.02567162199756188
2026-06-24,5,178,178,0.014587129934182956
2026-06-25,1,178,178,-0.09432219898242901
2026-06-25,2,178,177,-0.08950253145861946
2026-06-25,3,178,178,-0.0931056152874804
2026-06-25,4,178,178,-0.002170012922294589
2026-06-25,5,177,177,0.029580534146273634
2026-06-26,1,178,177,-0.09139570557894554
2026-06-26,2,177,176,-0.08058241915185066
2026-06-26,3,177,177,-0.07779541750773546
2026-06-26,4,177,177,-0.010128735732134173
2026-06-26,5,177,177,0.03644466550881908
2026-06-29,1,177,177,-0.07494098806199848
2026-06-29,2,177,176,-0.06911819881573394
2026-06-29,3,177,177,-0.06453300205402045
2026-06-29,4,177,177,0.0011438461977866213
2026-06-29,5,176,176,0.04017725036816678
2026-06-30,1,177,177,-0.0784529923539416
2026-06-30,2,176,175,-0.08286501422150244
2026-06-30,3,176,176,-0.07633331389758892
2026-06-30,4,176,176,0.0032004609711389605
2026-06-30,5,176,176,0.05740892955410555
2026-07-01,1,178,178,-0.08362077908048622
2026-07-01,2,178,178,-0.08064305732665088
2026-07-01,3,178,178,-0.0785435351071424
2026-07-01,4,178,178,0.0034725970368150627
2026-07-01,5,177,177,0.053293482088174575
2026-07-02,1,178,178,-0.08851280190274499
2026-07-02,2,177,177,-0.09494681363787384
2026-07-02,3,177,177,-0.06286732569232771
2026-07-02,4,177,177,-0.006229353476641684
2026-07-02,5,177,177,0.04992929234654031
2026-07-03,1,178,178,-0.07535769809050497
2026-07-03,2,177,177,-0.08796070192105447
2026-07-03,3,177,177,-0.06666480875183484
2026-07-03,4,177,177,-0.004252465145389166
2026-07-03,5,177,177,0.04557315816750829
2026-07-06,1,180,180,-0.05247783272179068
2026-07-06,2,180,180,-0.0679055690948405
2026-07-06,3,179,179,-0.039728593732607516
2026-07-06,4,180,180,0.007014664626834783
2026-07-06,5,179,179,0.055460684276225546
2026-07-07,1,179,179,-0.029500506915684416
2026-07-07,2,179,179,-0.044097730797416496
2026-07-07,3,179,179,-0.024816597929781546
2026-07-07,4,179,179,0.031168864979989032
2026-07-07,5,179,179,0.06984847728682744
2026-07-08,1,179,179,0.0005913217215067749
2026-07-08,2,179,179,-0.007412605230246681
2026-07-08,3,179,179,0.011526266915302532
2026-07-08,4,179,179,0.04377287535500765
2026-07-08,5,178,178,0.06994209480149668
2026-07-09,1,179,179,0.006986250248949918
2026-07-09,2,179,179,-0.010876068769992725
2026-07-09,3,179,179,0.0055530366152765935
2026-07-09,4,179,179,0.03970666739138765
2026-07-09,5,178,178,0.07047457759651317
2026-07-10,1,180,180,0.015959543417644124
2026-07-10,2,179,179,-0.002135545838869926
2026-07-10,3,179,179,0.016351756451166467
2026-07-10,4,179,179,0.04749815115212235
2026-07-10,5,179,179,0.05632079725268079
2026-07-13,1,179,179,0.045164384191191675
2026-07-13,2,179,178,0.03955094522505455
2026-07-13,3,179,179,0.052151924051568654
2026-07-13,4,179,179,0.0703279386770124
2026-07-13,5,179,179,0.0830249295301713
2026-07-14,1,179,179,0.0261413580805912
2026-07-14,2,179,178,0.031157314162088418
2026-07-14,3,179,179,0.030708754660718998
2026-07-14,4,179,179,0.051956039145388856
2026-07-14,5,179,179,0.057494232378270095
2026-07-15,1,180,180,0.04288821024523836
2026-07-15,2,180,179,0.05343970975755675
2026-07-15,3,180,180,0.0491629546775563
2026-07-15,4,180,180,0.05608599446940574
2026-07-15,5,179,179,0.04889748253348084
2026-07-16,1,181,181,0.03670945232811863
2026-07-16,2,180,179,0.04175507761155203
2026-07-16,3,180,180,0.03888904639417202
2026-07-16,4,180,180,0.037800467020408055
2026-07-16,5,180,180,0.0327464470337407
2026-07-17,1,180,180,0.074113855227721
2026-07-17,2,179,178,0.07866273518808096
2026-07-17,3,180,180,0.07169723236742905
2026-07-17,4,179,179,0.06547597315127776
2026-07-17,5,179,179,0.042760230674174206
2026-07-20,1,180,180,0.11564158843075813
2026-07-20,2,180,179,0.11167173595500407
2026-07-20,3,179,179,0.0981510619680369
2026-07-20,4,180,180,0.07751459154872786
2026-07-20,5,179,179,0.04766453530593467
2026-07-21,1,179,179,0.09476196942677763
2026-07-21,2,179,178,0.07206499452560765
2026-07-21,3,179,179,0.06392278254738129
2026-07-21,4,179,179,0.06868612975369812
2026-07-21,5,179,179,0.041963725400558094
2026-07-22,1,179,178,0.07620833640449233
2026-07-22,2,179,177,0.054572649360031276
2026-07-22,3,179,179,0.04877126248617734
2026-07-22,4,179,179,0.04666391353659415
2026-07-22,5,179,179,0.037617216833324925
2026-07-23,1,180,180,0.058842265011653114
2026-07-23,2,179,177,0.045977844320871805
2026-07-23,3,179,179,0.04658132149583854
2026-07-23,4,179,179,0.03847098633050262
2026-07-23,5,179,179,0.030641369304701984
2026-07-24,1,179,179,0.08381187279151853
2026-07-24,2,178,176,0.06855558251678849
2026-07-24,3,179,179,0.07042177502345934
2026-07-24,4,178,178,0.05857469913946788
2026-07-24,5,178,178,0.0535700190883036
2026-07-27,1,180,180,0.040462712293651545
2026-07-27,2,179,178,0.034864759682476876
2026-07-27,3,180,180,0.03296380871164236
2026-07-27,4,179,179,0.03383686149451788
2026-07-27,5,179,179,0.03079147530273361
2026-07-28,1,180,180,0.06014081304646783
2026-07-28,2,180,179,0.0523325615488626
2026-07-28,3,179,179,0.045673377251061166
2026-07-28,4,180,180,0.03535390981865781
2026-07-28,5,179,178,0.037804516425823574
2026-07-29,1,181,181,0.05941109217673202
2026-07-29,2,181,181,0.05282486619892553
2026-07-29,3,180,180,0.0382402471978848
2026-07-29,4,181,181,0.03383405329441986
2026-07-29,5,180,179,0.03013848359909116
2026-07-30,1,181,181,0.0821435963579562
2026-07-30,2,181,181,0.06728829522754917
2026-07-30,3,181,181,0.04947558612569092
2026-07-30,4,181,181,0.0445235350021289
2026-07-30,5,180,179,0.03145196958026153
2026-07-31,1,182,182,0.06515940701732786
2026-07-31,2,181,181,0.05584259683004991
2026-07-31,3,182,182,0.03748009048955021
2026-07-31,4,181,181,0.03783490889592261
2026-07-31,5,181,180,0.02385891465273213
2026-08-03,1,182,182,0.05879234069917951
2026-08-03,2,182,182,0.05781851707502739
2026-08-03,3,181,181,0.035331257961016785
2026-08-03,4,182,182,0.03395465844723824
2026-08-03,5,181,180,0.006407956871885088
2026-08-04,1,181,181,0.04506244227397851
2026-08-04,2,181,181,0.03683589996438847
2026-08-04,3,181,181,0.02902288139107069
2026-08-04,4,181,181,0.03460502111232529
2026-08-04,5,180,180,0.022235408816770726
2026-08-05,1,181,181,0.025643357290494523
2026-08-05,2,181,181,0.019002000539117752
2026-08-05,3,181,181,0.012738219945223736
2026-08-05,4,181,181,0.017559747359978284
2026-08-05,5,180,180,0.011415069169615445
2026-08-06,1,181,181,0.0138829406755109
2026-08-06,2,181,181,0.006581391094409341
2026-08-06,3,181,181,0.009812814593228967
2026-08-06,4,181,181,0.021427404937763957
2026-08-06,5,181,181,0.010689052984906175
2026-08-07,1,181,181,0.0037899241965254583
2026-08-07,2,181,181,-0.011573230891926566
2026-08-07,3,181,181,-0.008789310861374454
2026-08-07,4,181,181,0.013551987674146122
2026-08-07,5,181,181,0.011706108990071774
2026-08-10,1,182,182,0.008638484852284016
2026-08-10,2,181,180,-0.010689787241088709
2026-08-10,3,182,182,-0.01134707654652341
2026-08-10,4,181,181,0.013368733551149738
2026-08-10,5,181,181,-0.0007945889268043113
2026-08-11,1,181,181,0.011990693095413103
2026-08-11,2,181,181,-0.006856798223733627
2026-08-11,3,181,181,0.001573519025447277
2026-08-11,4,181,181,0.023373141403559183
2026-08-11,5,181,181,0.018073085747562265
2026-08-12,1,181,181,-0.005440986723952243
2026-08-12,2,181,181,-0.027782222044288193
2026-08-12,3,181,181,-0.018828616692583226
2026-08-12,4,181,181,0.015990515514204946
2026-08-12,5,181,181,0.002753741024182017
2026-08-13,1,182,182,-0.012420752177228104
2026-08-13,2,181,181,-0.02548018963387017
2026-08-13,3,182,182,-0.022184023549837995
2026-08-13,4,181,181,0.015149130441750038
2026-08-13,5,181,181,0.0011352367714331792
2026-08-14,1,180,180,-0.027542386432574104
2026-08-14,2,180,180,-0.04414191306823091
2026-08-14,3,180,180,-0.032387753879388574
2026-08-14,4,180,180,-0.002187804672626547
2026-08-14,5,179,178,-0.006518977386867367
2026-08-17,1,181,181,-0.03416251407384416
2026-08-17,2,180,179,-0.05284693880795311
2026-08-17,3,181,181,-0.03402694288660359
2026-08-17,4,180,180,-0.005194343051670138
2026-08-17,5,180,179,-0.006363274621189872
2026-08-18,1,181,181,-0.0389266790474008
2026-08-18,2,180,179,-0.03829948321651278
2026-08-18,3,180,180,-0.03543371712675166
2026-08-18,4,180,180,-0.012102442011798243
2026-08-18,5,180,179,-0.014237977433014899
